** Drc report for carrier_rev_a.kicad_pcb **
** Created on 2026-09-14T07:37:50 **
** Report includes: Errors, Warnings, Exclusions **

** Found 1320 DRC violations **
[solder_mask_bridge]: Front solder mask aperture bridges items with different nets
    Rule: board setup solder mask min width; error
    @(105.7150 mm, 92.1000 mm): Track [LCD_DE] on F.Cu, length 8.9650 mm
    @(104.4450 mm, 91.5000 mm): Pad 24 [LCD_PCLK] of U1 on F.Cu
[solder_mask_bridge]: Front solder mask aperture bridges items with different nets
    Rule: board setup solder mask min width; error
    @(105.7150 mm, 92.1000 mm): Track [LCD_DE] on F.Cu, length 8.9650 mm
    @(96.8250 mm, 91.5000 mm): Pad 18 [LCD_D10] of U1 on F.Cu
[solder_mask_bridge]: Front solder mask aperture bridges items with different nets
    Rule: board setup solder mask min width; error
    @(98.0500 mm, 108.0000 mm): Via [GND] on F.Cu - B.Cu
    @(97.7500 mm, 108.0000 mm): Pad 16 [LCD_D0] of J1 on F.Cu
[solder_mask_bridge]: Front solder mask aperture bridges items with different nets
    Rule: board setup solder mask min width; error
    @(98.0500 mm, 108.0000 mm): Via [GND] on F.Cu - B.Cu
    @(98.2500 mm, 108.0000 mm): Pad 17 [LCD_D1] of J1 on F.Cu
[solder_mask_bridge]: Front solder mask aperture bridges items with different nets
    Rule: board setup solder mask min width; error
    @(105.7150 mm, 92.1000 mm): Track [LCD_DE] on F.Cu, length 8.9650 mm
    @(98.0950 mm, 91.5000 mm): Pad 19 [LCD_D11] of U1 on F.Cu
[solder_mask_bridge]: Front solder mask aperture bridges items with different nets
    Rule: board setup solder mask min width; error
    @(105.7150 mm, 92.1000 mm): Track [LCD_DE] on F.Cu, length 8.9650 mm
    @(99.3650 mm, 91.5000 mm): Pad 20 [LCD_D12] of U1 on F.Cu
[solder_mask_bridge]: Front solder mask aperture bridges items with different nets
    Rule: board setup solder mask min width; error
    @(103.2500 mm, 108.0000 mm): Track [GND] on F.Cu, length 0.8000 mm
    @(103.7500 mm, 108.0000 mm): Pad 28 [LCD_D11] of J1 on F.Cu
[solder_mask_bridge]: Front solder mask aperture bridges items with different nets
    Rule: board setup solder mask min width; error
    @(105.7150 mm, 92.1000 mm): Track [LCD_DE] on F.Cu, length 8.9650 mm
    @(100.6350 mm, 91.5000 mm): Pad 21 [LCD_D13] of U1 on F.Cu
[solder_mask_bridge]: Front solder mask aperture bridges items with different nets
    Rule: board setup solder mask min width; error
    @(103.2500 mm, 108.0000 mm): Track [GND] on F.Cu, length 0.8000 mm
    @(104.2500 mm, 108.0000 mm): Pad 29 [LCD_D12] of J1 on F.Cu
[solder_mask_bridge]: Front solder mask aperture bridges items with different nets
    Rule: board setup solder mask min width; error
    @(105.7150 mm, 92.1000 mm): Track [LCD_DE] on F.Cu, length 8.9650 mm
    @(101.9050 mm, 91.5000 mm): Pad 22 [LCD_D14] of U1 on F.Cu
[solder_mask_bridge]: Front solder mask aperture bridges items with different nets
    Rule: board setup solder mask min width; error
    @(104.0500 mm, 108.0000 mm): Via [GND] on F.Cu - B.Cu
    @(103.7500 mm, 108.0000 mm): Pad 28 [LCD_D11] of J1 on F.Cu
[solder_mask_bridge]: Front solder mask aperture bridges items with different nets
    Rule: board setup solder mask min width; error
    @(105.7150 mm, 92.1000 mm): Track [LCD_DE] on F.Cu, length 8.9650 mm
    @(103.1750 mm, 91.5000 mm): Pad 23 [LCD_D15] of U1 on F.Cu
[solder_mask_bridge]: Front solder mask aperture bridges items with different nets
    Rule: board setup solder mask min width; error
    @(104.0500 mm, 108.0000 mm): Via [GND] on F.Cu - B.Cu
    @(104.2500 mm, 108.0000 mm): Pad 29 [LCD_D12] of J1 on F.Cu
[solder_mask_bridge]: Front solder mask aperture bridges items with different nets
    Rule: board setup solder mask min width; error
    @(96.7500 mm, 92.1000 mm): Via [LCD_DE] on F.Cu - B.Cu
    @(96.8250 mm, 91.5000 mm): Pad 18 [LCD_D10] of U1 on F.Cu
[solder_mask_bridge]: Front solder mask aperture bridges items with different nets
    Rule: board setup solder mask min width; error
    @(108.7500 mm, 108.0000 mm): Track [GND] on F.Cu, length 0.8000 mm
    @(109.2500 mm, 108.0000 mm): Pad 39 [+3V3] of J1 on F.Cu
[solder_mask_bridge]: Front solder mask aperture bridges items with different nets
    Rule: board setup solder mask min width; error
    @(109.5500 mm, 108.0000 mm): Via [GND] on F.Cu - B.Cu
    @(109.2500 mm, 108.0000 mm): Pad 39 [+3V3] of J1 on F.Cu
[solder_mask_bridge]: Front solder mask aperture bridges items with different nets
    Rule: board setup solder mask min width; error
    @(91.2500 mm, 82.6300 mm): Track [LCD_D4] on F.Cu, length 8.5000 mm
    @(100.0000 mm, 81.5000 mm): Pad 41 [GND] of U1 on F.Cu
[solder_mask_bridge]: Front solder mask aperture bridges items with different nets
    Rule: board setup solder mask min width; error
    @(99.7500 mm, 82.6300 mm): Via [LCD_D4] on F.Cu - B.Cu
    @(100.0000 mm, 81.5000 mm): Pad 41 [GND] of U1 on F.Cu
[solder_mask_bridge]: Front solder mask aperture bridges items with different nets
    Rule: board setup solder mask min width; error
    @(91.2500 mm, 81.3600 mm): Track [LCD_D5] on F.Cu, length 9.0000 mm
    @(100.0000 mm, 81.5000 mm): Pad 41 [GND] of U1 on F.Cu
[solder_mask_bridge]: Front solder mask aperture bridges items with different nets
    Rule: board setup solder mask min width; error
    @(100.2500 mm, 81.3600 mm): Via [LCD_D5] on F.Cu - B.Cu
    @(100.0000 mm, 81.5000 mm): Pad 41 [GND] of U1 on F.Cu
[solder_mask_bridge]: Front solder mask aperture bridges items with different nets
    Rule: board setup solder mask min width; error
    @(84.8000 mm, 126.0000 mm): Via [GND] on F.Cu - B.Cu
    @(85.5000 mm, 126.4000 mm): Pad 6 [REG_VOS] of U2 on F.Cu
[solder_mask_bridge]: Front solder mask aperture bridges items with different nets
    Rule: board setup solder mask min width; error
    @(91.2500 mm, 80.0900 mm): Track [LCD_D6] on F.Cu, length 9.5000 mm
    @(100.0000 mm, 81.5000 mm): Pad 41 [GND] of U1 on F.Cu
[solder_mask_bridge]: Front solder mask aperture bridges items with different nets
    Rule: board setup solder mask min width; error
    @(84.8000 mm, 126.0000 mm): Via [GND] on F.Cu - B.Cu
    @(85.5000 mm, 125.6000 mm): Pad 7 [REG_SW] of U2 on F.Cu
[solder_mask_bridge]: Front solder mask aperture bridges items with different nets
    Rule: board setup solder mask min width; error
    @(100.7500 mm, 80.0900 mm): Via [LCD_D6] on F.Cu - B.Cu
    @(100.0000 mm, 81.5000 mm): Pad 41 [GND] of U1 on F.Cu
[solder_mask_bridge]: Front solder mask aperture bridges items with different nets
    Rule: board setup solder mask min width; error
    @(93.6000 mm, 123.0000 mm): Track [GND] on F.Cu, length 0.8000 mm
    @(93.0000 mm, 123.0000 mm): Pad 1 [USB_CC1] of R1 on F.Cu
[solder_mask_bridge]: Front solder mask aperture bridges items with different nets
    Rule: board setup solder mask min width; error
    @(98.0950 mm, 92.1000 mm): Track [LCD_D11] on F.Cu, length 5.6550 mm
    @(99.3650 mm, 91.5000 mm): Pad 20 [LCD_D12] of U1 on F.Cu
[solder_mask_bridge]: Front solder mask aperture bridges items with different nets
    Rule: board setup solder mask min width; error
    @(114.7300 mm, 72.0000 mm): Track [GND] on F.Cu, length 0.8000 mm
    @(114.7300 mm, 72.0000 mm): PTH pad 1 [BOOT] of J6
[solder_mask_bridge]: Front solder mask aperture bridges items with different nets
    Rule: board setup solder mask min width; error
    @(98.0950 mm, 92.1000 mm): Track [LCD_D11] on F.Cu, length 5.6550 mm
    @(100.6350 mm, 91.5000 mm): Pad 21 [LCD_D13] of U1 on F.Cu
[solder_mask_bridge]: Front solder mask aperture bridges items with different nets
    Rule: board setup solder mask min width; error
    @(115.5300 mm, 72.0000 mm): Via [GND] on F.Cu - B.Cu
    @(114.7300 mm, 72.0000 mm): PTH pad 1 [BOOT] of J6
[solder_mask_bridge]: Front solder mask aperture bridges items with different nets
    Rule: board setup solder mask min width; error
    @(98.0950 mm, 92.1000 mm): Track [LCD_D11] on F.Cu, length 5.6550 mm
    @(101.9050 mm, 91.5000 mm): Pad 22 [LCD_D14] of U1 on F.Cu
[solder_mask_bridge]: Front solder mask aperture bridges items with different nets
    Rule: board setup solder mask min width; error
    @(98.0950 mm, 92.1000 mm): Track [LCD_D11] on F.Cu, length 5.6550 mm
    @(103.1750 mm, 91.5000 mm): Pad 23 [LCD_D15] of U1 on F.Cu
[solder_mask_bridge]: Rear solder mask aperture bridges items with different nets
    Rule: board setup solder mask min width; error
    @(115.5300 mm, 72.0000 mm): Via [GND] on F.Cu - B.Cu
    @(114.7300 mm, 72.0000 mm): PTH pad 1 [BOOT] of J6
[solder_mask_bridge]: Front solder mask aperture bridges items with different nets
    Rule: board setup solder mask min width; error
    @(103.7500 mm, 92.1000 mm): Via [LCD_D11] on F.Cu - B.Cu
    @(104.4450 mm, 91.5000 mm): Pad 24 [LCD_PCLK] of U1 on F.Cu
[solder_mask_bridge]: Front solder mask aperture bridges items with different nets
    Rule: board setup solder mask min width; error
    @(114.7300 mm, 77.0000 mm): Track [GND] on F.Cu, length 0.8000 mm
    @(114.7300 mm, 77.0000 mm): PTH pad 1 [EN] of J7
[solder_mask_bridge]: Front solder mask aperture bridges items with different nets
    Rule: board setup solder mask min width; error
    @(103.7500 mm, 92.1000 mm): Via [LCD_D11] on F.Cu - B.Cu
    @(103.1750 mm, 91.5000 mm): Pad 23 [LCD_D15] of U1 on F.Cu
[solder_mask_bridge]: Front solder mask aperture bridges items with different nets
    Rule: board setup solder mask min width; error
    @(115.5300 mm, 77.0000 mm): Via [GND] on F.Cu - B.Cu
    @(114.7300 mm, 77.0000 mm): PTH pad 1 [EN] of J7
[solder_mask_bridge]: Front solder mask aperture bridges items with different nets
    Rule: board setup solder mask min width; error
    @(104.2500 mm, 92.4500 mm): Via [LCD_D12] on F.Cu - B.Cu
    @(104.4450 mm, 91.5000 mm): Pad 24 [LCD_PCLK] of U1 on F.Cu
[solder_mask_bridge]: Rear solder mask aperture bridges items with different nets
    Rule: board setup solder mask min width; error
    @(115.5300 mm, 77.0000 mm): Via [GND] on F.Cu - B.Cu
    @(114.7300 mm, 77.0000 mm): PTH pad 1 [EN] of J7
[solder_mask_bridge]: Front solder mask aperture bridges items with different nets
    Rule: board setup solder mask min width; error
    @(96.7500 mm, 124.9550 mm): Track [GND] on F.Cu, length 0.8000 mm
    @(97.5500 mm, 124.9550 mm): Pad A4 [+5V] of J3 on F.Cu
[solder_mask_bridge]: Front solder mask aperture bridges items with different nets
    Rule: board setup solder mask min width; error
    @(96.7500 mm, 124.9550 mm): Track [GND] on F.Cu, length 0.8000 mm
    @(97.5500 mm, 124.9550 mm): Pad B9 [+5V] of J3 on F.Cu
[solder_mask_bridge]: Front solder mask aperture bridges items with different nets
    Rule: board setup solder mask min width; error
    @(108.7500 mm, 87.7100 mm): Track [SPI_SCLK] on F.Cu, length 0.7500 mm
    @(108.7500 mm, 88.9800 mm): Pad 28 [SPI_MOSI] of U1 on F.Cu
[solder_mask_bridge]: Front solder mask aperture bridges items with different nets
    Rule: board setup solder mask min width; error
    @(108.7500 mm, 88.4600 mm): Track [SPI_SCLK] on F.Cu, length 29.1000 mm
    @(108.7500 mm, 88.9800 mm): Pad 28 [SPI_MOSI] of U1 on F.Cu
[solder_mask_bridge]: Front solder mask aperture bridges items with different nets
    Rule: board setup solder mask min width; error
    @(108.7500 mm, 88.4600 mm): Track [SPI_SCLK] on F.Cu, length 29.1000 mm
    @(91.2500 mm, 88.9800 mm): Pad 13 [USB_D-_MCU] of U1 on F.Cu
[solder_mask_bridge]: Front solder mask aperture bridges items with different nets
    Rule: board setup solder mask min width; error
    @(97.5500 mm, 124.9550 mm): Via [GND] on F.Cu - B.Cu
    @(97.5500 mm, 124.9550 mm): Pad A4 [+5V] of J3 on F.Cu
[solder_mask_bridge]: Front solder mask aperture bridges items with different nets
    Rule: board setup solder mask min width; error
    @(108.7500 mm, 88.9800 mm): Track [SPI_MOSI] on F.Cu, length 1.0000 mm
    @(108.7500 mm, 90.2500 mm): Pad 27 [BOOT] of U1 on F.Cu
[solder_mask_bridge]: Front solder mask aperture bridges items with different nets
    Rule: board setup solder mask min width; error
    @(97.5500 mm, 124.9550 mm): Via [GND] on F.Cu - B.Cu
    @(97.5500 mm, 124.9550 mm): Pad B9 [+5V] of J3 on F.Cu
[solder_mask_bridge]: Front solder mask aperture bridges items with different nets
    Rule: board setup solder mask min width; error
    @(108.7500 mm, 89.9800 mm): Track [SPI_MOSI] on F.Cu, length 28.5500 mm
    @(108.7500 mm, 90.2500 mm): Pad 27 [BOOT] of U1 on F.Cu
[solder_mask_bridge]: Front solder mask aperture bridges items with different nets
    Rule: board setup solder mask min width; error
    @(108.7500 mm, 89.9800 mm): Track [SPI_MOSI] on F.Cu, length 28.5500 mm
    @(91.2500 mm, 90.2500 mm): Pad 14 [USB_D+_MCU] of U1 on F.Cu
[solder_mask_bridge]: Front solder mask aperture bridges items with different nets
    Rule: board setup solder mask min width; error
    @(108.7500 mm, 86.4400 mm): Track [SPI_MISO] on F.Cu, length 1.2500 mm
    @(108.7500 mm, 87.7100 mm): Pad 29 [SPI_SCLK] of U1 on F.Cu
[solder_mask_bridge]: Front solder mask aperture bridges items with different nets
    Rule: board setup solder mask min width; error
    @(108.7500 mm, 87.6900 mm): Track [SPI_MISO] on F.Cu, length 28.0000 mm
    @(108.7500 mm, 87.7100 mm): Pad 29 [SPI_SCLK] of U1 on F.Cu
[solder_mask_bridge]: Front solder mask aperture bridges items with different nets
    Rule: board setup solder mask min width; error
    @(114.6000 mm, 80.0000 mm): Track [EN] on F.Cu, length 23.6445 mm
    @(108.7500 mm, 78.8200 mm): Pad 36 [IOX_SCL] of U1 on F.Cu
[solder_mask_bridge]: Front solder mask aperture bridges items with different nets
    Rule: board setup solder mask min width; error
    @(108.7500 mm, 87.6900 mm): Track [SPI_MISO] on F.Cu, length 28.0000 mm
    @(91.2500 mm, 87.7100 mm): Pad 12 [LCD_D0] of U1 on F.Cu
[solder_mask_bridge]: Front solder mask aperture bridges items with different nets
    Rule: board setup solder mask min width; error
    @(114.6000 mm, 80.0000 mm): Track [EN] on F.Cu, length 23.6445 mm
    @(112.0000 mm, 80.0000 mm): Pad 1 [+3V3] of R5 on F.Cu
[solder_mask_bridge]: Front solder mask aperture bridges items with different nets
    Rule: board setup solder mask min width; error
    @(108.7500 mm, 82.6300 mm): Track [BMI_ACC_CS] on F.Cu, length 1.5000 mm
    @(108.7500 mm, 83.9000 mm): Pad 32 [BL_PWM] of U1 on F.Cu
[solder_mask_bridge]: Front solder mask aperture bridges items with different nets
    Rule: board setup solder mask min width; error
    @(114.7300 mm, 72.0000 mm): Track [BOOT] on F.Cu, length 19.2048 mm
    @(108.7500 mm, 88.9800 mm): Pad 28 [SPI_MOSI] of U1 on F.Cu
[solder_mask_bridge]: Front solder mask aperture bridges items with different nets
    Rule: board setup solder mask min width; error
    @(108.7500 mm, 84.1300 mm): Track [BMI_ACC_CS] on F.Cu, length 27.4500 mm
    @(91.2500 mm, 83.9000 mm): Pad 9 [LCD_D3] of U1 on F.Cu
[solder_mask_bridge]: Front solder mask aperture bridges items with different nets
    Rule: board setup solder mask min width; error
    @(114.7300 mm, 72.0000 mm): Track [BOOT] on F.Cu, length 19.2048 mm
    @(108.7500 mm, 87.7100 mm): Pad 29 [SPI_SCLK] of U1 on F.Cu
[solder_mask_bridge]: Front solder mask aperture bridges items with different nets
    Rule: board setup solder mask min width; error
    @(108.7500 mm, 84.1300 mm): Track [BMI_ACC_CS] on F.Cu, length 27.4500 mm
    @(108.7500 mm, 83.9000 mm): Pad 32 [BL_PWM] of U1 on F.Cu
[solder_mask_bridge]: Front solder mask aperture bridges items with different nets
    Rule: board setup solder mask min width; error
    @(114.7300 mm, 72.0000 mm): Track [BOOT] on F.Cu, length 19.2048 mm
    @(112.0000 mm, 80.0000 mm): Pad 1 [+3V3] of R5 on F.Cu
[solder_mask_bridge]: Front solder mask aperture bridges items with different nets
    Rule: board setup solder mask min width; error
    @(108.7500 mm, 81.3600 mm): Track [BMI_GYRO_CS] on F.Cu, length 1.7500 mm
    @(108.7500 mm, 82.6300 mm): Pad 33 [BMI_ACC_CS] of U1 on F.Cu
[solder_mask_bridge]: Front solder mask aperture bridges items with different nets
    Rule: board setup solder mask min width; error
    @(108.7500 mm, 83.1100 mm): Track [BMI_GYRO_CS] on F.Cu, length 26.9000 mm
    @(91.2500 mm, 82.6300 mm): Pad 8 [LCD_D4] of U1 on F.Cu
[solder_mask_bridge]: Front solder mask aperture bridges items with different nets
    Rule: board setup solder mask min width; error
    @(108.7500 mm, 83.1100 mm): Track [BMI_GYRO_CS] on F.Cu, length 26.9000 mm
    @(100.0000 mm, 81.5000 mm): Pad 41 [GND] of U1 on F.Cu
[solder_mask_bridge]: Front solder mask aperture bridges items with different nets
    Rule: board setup solder mask min width; error
    @(108.7500 mm, 83.1100 mm): Track [BMI_GYRO_CS] on F.Cu, length 26.9000 mm
    @(108.7500 mm, 82.6300 mm): Pad 33 [BMI_ACC_CS] of U1 on F.Cu
[solder_mask_bridge]: Front solder mask aperture bridges items with different nets
    Rule: board setup solder mask min width; error
    @(117.3000 mm, 78.8200 mm): Track [IOX_SCL] on F.Cu, length 8.1000 mm
    @(117.0000 mm, 83.0000 mm): Pad 2 [GND] of C5 on F.Cu
[solder_mask_bridge]: Front solder mask aperture bridges items with different nets
    Rule: board setup solder mask min width; error
    @(108.7500 mm, 77.5500 mm): Track [IOX_SDA] on F.Cu, length 8.5500 mm
    @(114.7300 mm, 77.0000 mm): PTH pad 1 [EN] of J7
[solder_mask_bridge]: Front solder mask aperture bridges items with different nets
    Rule: board setup solder mask min width; error
    @(108.7500 mm, 77.5500 mm): Track [IOX_SDA] on F.Cu, length 8.5500 mm
    @(117.2700 mm, 77.0000 mm): PTH pad 2 [GND] of J7
[solder_mask_bridge]: Front solder mask aperture bridges items with different nets
    Rule: board setup solder mask min width; error
    @(117.3000 mm, 77.5500 mm): Track [IOX_SDA] on F.Cu, length 10.6400 mm
    @(117.0000 mm, 83.0000 mm): Pad 2 [GND] of C5 on F.Cu
[solder_mask_bridge]: Front solder mask aperture bridges items with different nets
    Rule: board setup solder mask min width; error
    @(117.3000 mm, 77.5500 mm): Track [IOX_SDA] on F.Cu, length 10.6400 mm
    @(117.2700 mm, 77.0000 mm): PTH pad 2 [GND] of J7
[solder_mask_bridge]: Front solder mask aperture bridges items with different nets
    Rule: board setup solder mask min width; error
    @(117.3000 mm, 77.5500 mm): Track [IOX_SDA] on F.Cu, length 10.6400 mm
    @(117.3000 mm, 86.9200 mm): Pad 1 [IOX_SCL] of U3 on F.Cu
[solder_mask_bridge]: Front solder mask aperture bridges items with different nets
    Rule: board setup solder mask min width; error
    @(108.7500 mm, 80.0900 mm): Track [IOX_INT] on F.Cu, length 8.5500 mm
    @(112.0000 mm, 80.0000 mm): Pad 1 [+3V3] of R5 on F.Cu
[solder_mask_bridge]: Front solder mask aperture bridges items with different nets
    Rule: board setup solder mask min width; error
    @(108.7500 mm, 80.0900 mm): Track [IOX_INT] on F.Cu, length 8.5500 mm
    @(114.0000 mm, 80.0000 mm): Pad 2 [EN] of R5 on F.Cu
[solder_mask_bridge]: Front solder mask aperture bridges items with different nets
    Rule: board setup solder mask min width; error
    @(117.3000 mm, 80.0900 mm): Track [IOX_INT] on F.Cu, length 15.7200 mm
    @(117.0000 mm, 83.0000 mm): Pad 2 [GND] of C5 on F.Cu
[solder_mask_bridge]: Front solder mask aperture bridges items with different nets
    Rule: board setup solder mask min width; error
    @(117.3000 mm, 80.0900 mm): Track [IOX_INT] on F.Cu, length 15.7200 mm
    @(117.3000 mm, 86.9200 mm): Pad 1 [IOX_SCL] of U3 on F.Cu
[solder_mask_bridge]: Front solder mask aperture bridges items with different nets
    Rule: board setup solder mask min width; error
    @(117.3000 mm, 80.0900 mm): Track [IOX_INT] on F.Cu, length 15.7200 mm
    @(117.3000 mm, 88.1900 mm): Pad 2 [IOX_SDA] of U3 on F.Cu
[solder_mask_bridge]: Front solder mask aperture bridges items with different nets
    Rule: board setup solder mask min width; error
    @(117.3000 mm, 80.0900 mm): Track [IOX_INT] on F.Cu, length 15.7200 mm
    @(117.3000 mm, 89.4600 mm): Pad 3 [GND] of U3 on F.Cu
[solder_mask_bridge]: Front solder mask aperture bridges items with different nets
    Rule: board setup solder mask min width; error
    @(117.3000 mm, 80.0900 mm): Track [IOX_INT] on F.Cu, length 15.7200 mm
    @(117.3000 mm, 90.7300 mm): Pad 4 [GND] of U3 on F.Cu
[solder_mask_bridge]: Front solder mask aperture bridges items with different nets
    Rule: board setup solder mask min width; error
    @(117.3000 mm, 80.0900 mm): Track [IOX_INT] on F.Cu, length 15.7200 mm
    @(117.3000 mm, 92.0000 mm): Pad 5 [GND] of U3 on F.Cu
[solder_mask_bridge]: Front solder mask aperture bridges items with different nets
    Rule: board setup solder mask min width; error
    @(117.3000 mm, 80.0900 mm): Track [IOX_INT] on F.Cu, length 15.7200 mm
    @(117.3000 mm, 93.2700 mm): Pad 6 [+3V3] of U3 on F.Cu
[solder_mask_bridge]: Front solder mask aperture bridges items with different nets
    Rule: board setup solder mask min width; error
    @(117.3000 mm, 80.0900 mm): Track [IOX_INT] on F.Cu, length 15.7200 mm
    @(117.3000 mm, 94.5400 mm): Pad 7 [<no net>] of U3 on F.Cu
[solder_mask_bridge]: Front solder mask aperture bridges items with different nets
    Rule: board setup solder mask min width; error
    @(126.7000 mm, 97.0800 mm): Track [LCD_CS] on F.Cu, length 15.2000 mm
    @(117.3000 mm, 97.0800 mm): Pad 9 [GND] of U3 on F.Cu
[solder_mask_bridge]: Front solder mask aperture bridges items with different nets
    Rule: board setup solder mask min width; error
    @(126.7000 mm, 95.8100 mm): Track [LCD_RST] on F.Cu, length 14.7000 mm
    @(117.3000 mm, 95.8100 mm): Pad 8 [IOX_INT] of U3 on F.Cu
[solder_mask_bridge]: Front solder mask aperture bridges items with different nets
    Rule: board setup solder mask min width; error
    @(128.0000 mm, 93.2700 mm): Track [ENC_B] on F.Cu, length 11.7300 mm
    @(128.0000 mm, 101.0000 mm): PTH pad 1 [ENC_A] of J4
[solder_mask_bridge]: Front solder mask aperture bridges items with different nets
    Rule: board setup solder mask min width; error
    @(128.0000 mm, 93.2700 mm): Track [ENC_B] on F.Cu, length 11.7300 mm
    @(128.0000 mm, 103.0000 mm): PTH pad 2 [GND] of J4
[solder_mask_bridge]: Front solder mask aperture bridges items with different nets
    Rule: board setup solder mask min width; error
    @(128.0000 mm, 92.0000 mm): Track [ENC_SW] on F.Cu, length 15.0000 mm
    @(128.0000 mm, 101.0000 mm): PTH pad 1 [ENC_A] of J4
[solder_mask_bridge]: Front solder mask aperture bridges items with different nets
    Rule: board setup solder mask min width; error
    @(128.0000 mm, 92.0000 mm): Track [ENC_SW] on F.Cu, length 15.0000 mm
    @(128.0000 mm, 103.0000 mm): PTH pad 2 [GND] of J4
[solder_mask_bridge]: Front solder mask aperture bridges items with different nets
    Rule: board setup solder mask min width; error
    @(128.0000 mm, 92.0000 mm): Track [ENC_SW] on F.Cu, length 15.0000 mm
    @(128.0000 mm, 105.0000 mm): PTH pad 3 [ENC_B] of J4
[solder_mask_bridge]: Rear solder mask aperture bridges items with different nets
    Rule: board setup solder mask min width; error
    @(74.2700 mm, 112.0000 mm): Track [LED_A] on B.Cu, length 16.4800 mm
    @(76.8100 mm, 112.0000 mm): PTH pad 4 [LED_K] of J5
[solder_mask_bridge]: Front solder mask aperture bridges items with different nets
    Rule: board setup solder mask min width; error
    @(100.2500 mm, 124.9550 mm): Track [USB_D-] on F.Cu, length 1.0000 mm
    @(99.7500 mm, 124.9550 mm): Pad A6 [USB_D+] of J3 on F.Cu
[solder_mask_bridge]: Front solder mask aperture bridges items with different nets
    Rule: board setup solder mask min width; error
    @(99.7500 mm, 124.9550 mm): Track [USB_D-] on F.Cu, length 10.4314 mm
    @(99.7500 mm, 124.9550 mm): Pad A6 [USB_D+] of J3 on F.Cu
[solder_mask_bridge]: Front solder mask aperture bridges items with different nets
    Rule: board setup solder mask min width; error
    @(99.7500 mm, 124.9550 mm): Track [USB_D+] on F.Cu, length 1.0000 mm
    @(100.2500 mm, 124.9550 mm): Pad A7 [USB_D-] of J3 on F.Cu
[solder_mask_bridge]: Front solder mask aperture bridges items with different nets
    Rule: board setup solder mask min width; error
    @(100.2500 mm, 124.9550 mm): Track [USB_D+] on F.Cu, length 9.2095 mm
    @(100.2500 mm, 124.9550 mm): Pad A7 [USB_D-] of J3 on F.Cu
[solder_mask_bridge]: Front solder mask aperture bridges items with different nets
    Rule: board setup solder mask min width; error
    @(97.6000 mm, 116.0000 mm): Track [USB_D-_MCU] on F.Cu, length 27.7561 mm
    @(91.2500 mm, 90.2500 mm): Pad 14 [USB_D+_MCU] of U1 on F.Cu
[solder_mask_bridge]: Front solder mask aperture bridges items with different nets
    Rule: board setup solder mask min width; error
    @(97.6000 mm, 116.0000 mm): Track [USB_D-_MCU] on F.Cu, length 27.7561 mm
    @(93.0000 mm, 96.0000 mm): Pad 2 [GND] of C3 on F.Cu
[solder_mask_bridge]: Front solder mask aperture bridges items with different nets
    Rule: board setup solder mask min width; error
    @(97.6000 mm, 116.0000 mm): Track [USB_D-_MCU] on F.Cu, length 27.7561 mm
    @(95.7500 mm, 108.0000 mm): Pad 12 [LCD_HS] of J1 on F.Cu
[solder_mask_bridge]: Front solder mask aperture bridges items with different nets
    Rule: board setup solder mask min width; error
    @(105.6000 mm, 116.0000 mm): Track [USB_D+_MCU] on F.Cu, length 29.4786 mm
    @(100.7500 mm, 108.0000 mm): Pad 22 [LCD_D6] of J1 on F.Cu
[solder_mask_bridge]: Front solder mask aperture bridges items with different nets
    Rule: board setup solder mask min width; error
    @(105.6000 mm, 116.0000 mm): Track [USB_D+_MCU] on F.Cu, length 29.4786 mm
    @(101.2500 mm, 108.0000 mm): Pad 23 [LCD_D7] of J1 on F.Cu
[solder_mask_bridge]: Front solder mask aperture bridges items with different nets
    Rule: board setup solder mask min width; error
    @(105.6000 mm, 116.0000 mm): Track [USB_D+_MCU] on F.Cu, length 29.4786 mm
    @(101.7500 mm, 108.0000 mm): Pad 24 [LCD_D8] of J1 on F.Cu
[solder_mask_bridge]: Front solder mask aperture bridges items with different nets
    Rule: board setup solder mask min width; error
    @(98.7500 mm, 124.9550 mm): Track [USB_CC1] on F.Cu, length 6.6441 mm
    @(97.5500 mm, 124.9550 mm): Pad A4 [+5V] of J3 on F.Cu
[solder_mask_bridge]: Front solder mask aperture bridges items with different nets
    Rule: board setup solder mask min width; error
    @(98.7500 mm, 124.9550 mm): Track [USB_CC1] on F.Cu, length 6.6441 mm
    @(97.5500 mm, 124.9550 mm): Pad B9 [+5V] of J3 on F.Cu
[solder_mask_bridge]: Front solder mask aperture bridges items with different nets
    Rule: board setup solder mask min width; error
    @(98.7500 mm, 124.9550 mm): Track [USB_CC1] on F.Cu, length 6.6441 mm
    @(95.0000 mm, 123.0000 mm): Pad 2 [GND] of R1 on F.Cu
[solder_mask_bridge]: Front solder mask aperture bridges items with different nets
    Rule: board setup solder mask min width; error
    @(98.7500 mm, 124.9550 mm): Track [USB_CC1] on F.Cu, length 6.6441 mm
    @(96.7500 mm, 124.9550 mm): Pad A1 [GND] of J3 on F.Cu
[solder_mask_bridge]: Front solder mask aperture bridges items with different nets
    Rule: board setup solder mask min width; error
    @(98.7500 mm, 124.9550 mm): Track [USB_CC1] on F.Cu, length 6.6441 mm
    @(96.7500 mm, 124.9550 mm): Pad B12 [GND] of J3 on F.Cu
[solder_mask_bridge]: Front solder mask aperture bridges items with different nets
    Rule: board setup solder mask min width; error
    @(101.7500 mm, 124.9550 mm): Track [USB_CC2] on F.Cu, length 3.2931 mm
    @(102.4500 mm, 124.9550 mm): Pad A9 [+5V] of J3 on F.Cu
[solder_mask_bridge]: Front solder mask aperture bridges items with different nets
    Rule: board setup solder mask min width; error
    @(101.7500 mm, 124.9550 mm): Track [USB_CC2] on F.Cu, length 3.2931 mm
    @(102.4500 mm, 124.9550 mm): Pad B4 [+5V] of J3 on F.Cu
[solder_mask_bridge]: Front solder mask aperture bridges items with different nets
    Rule: board setup solder mask min width; error
    @(101.7500 mm, 124.9550 mm): Track [USB_CC2] on F.Cu, length 3.2931 mm
    @(103.2500 mm, 124.9550 mm): Pad A12 [GND] of J3 on F.Cu
[solder_mask_bridge]: Front solder mask aperture bridges items with different nets
    Rule: board setup solder mask min width; error
    @(101.7500 mm, 124.9550 mm): Track [USB_CC2] on F.Cu, length 3.2931 mm
    @(103.2500 mm, 124.9550 mm): Pad B1 [GND] of J3 on F.Cu
[solder_mask_bridge]: Front solder mask aperture bridges items with different nets
    Rule: board setup solder mask min width; error
    @(97.5500 mm, 124.9550 mm): Track [+5V] on F.Cu, length 16.5830 mm
    @(96.7500 mm, 124.9550 mm): Pad A1 [GND] of J3 on F.Cu
[solder_mask_bridge]: Front solder mask aperture bridges items with different nets
    Rule: board setup solder mask min width; error
    @(97.5500 mm, 124.9550 mm): Track [+5V] on F.Cu, length 16.5830 mm
    @(96.7500 mm, 124.9550 mm): Pad B12 [GND] of J3 on F.Cu
[solder_mask_bridge]: Front solder mask aperture bridges items with different nets
    Rule: board setup solder mask min width; error
    @(97.5500 mm, 124.9550 mm): Track [+5V] on F.Cu, length 16.5830 mm
    @(95.6800 mm, 125.8700 mm): PTH pad S1 [GND] of J3
[solder_mask_bridge]: Front solder mask aperture bridges items with different nets
    Rule: board setup solder mask min width; error
    @(97.5500 mm, 124.9550 mm): Track [+5V] on F.Cu, length 16.5830 mm
    @(90.4000 mm, 126.0000 mm): Pad 2 [+3V3] of L1 on F.Cu
[solder_mask_bridge]: Front solder mask aperture bridges items with different nets
    Rule: board setup solder mask min width; error
    @(97.5500 mm, 124.9550 mm): Track [+5V] on F.Cu, length 16.5830 mm
    @(84.0000 mm, 126.0000 mm): Pad 9 [GND] of U2 on F.Cu
[solder_mask_bridge]: Front solder mask aperture bridges items with different nets
    Rule: board setup solder mask min width; error
    @(97.5500 mm, 124.9550 mm): Track [+5V] on F.Cu, length 16.5830 mm
    @(85.5000 mm, 125.6000 mm): Pad 7 [REG_SW] of U2 on F.Cu
[solder_mask_bridge]: Front solder mask aperture bridges items with different nets
    Rule: board setup solder mask min width; error
    @(97.5500 mm, 124.9550 mm): Track [+5V] on F.Cu, length 16.5830 mm
    @(87.6000 mm, 126.0000 mm): Pad 1 [REG_SW] of L1 on F.Cu
[solder_mask_bridge]: Front solder mask aperture bridges items with different nets
    Rule: board setup solder mask min width; error
    @(97.5500 mm, 124.9550 mm): Track [+5V] on F.Cu, length 4.9000 mm
    @(99.7500 mm, 124.9550 mm): Pad A6 [USB_D+] of J3 on F.Cu
[solder_mask_bridge]: Front solder mask aperture bridges items with different nets
    Rule: board setup solder mask min width; error
    @(97.5500 mm, 124.9550 mm): Track [+5V] on F.Cu, length 4.9000 mm
    @(99.2500 mm, 124.9550 mm): Pad B7 [USB_D-] of J3 on F.Cu
[solder_mask_bridge]: Front solder mask aperture bridges items with different nets
    Rule: board setup solder mask min width; error
    @(97.5500 mm, 124.9550 mm): Track [+5V] on F.Cu, length 4.9000 mm
    @(98.7500 mm, 124.9550 mm): Pad A5 [USB_CC1] of J3 on F.Cu
[solder_mask_bridge]: Front solder mask aperture bridges items with different nets
    Rule: board setup solder mask min width; error
    @(97.5500 mm, 124.9550 mm): Track [+5V] on F.Cu, length 4.9000 mm
    @(100.7500 mm, 124.9550 mm): Pad B6 [USB_D+] of J3 on F.Cu
[solder_mask_bridge]: Front solder mask aperture bridges items with different nets
    Rule: board setup solder mask min width; error
    @(97.5500 mm, 124.9550 mm): Track [+5V] on F.Cu, length 4.9000 mm
    @(100.2500 mm, 124.9550 mm): Pad A7 [USB_D-] of J3 on F.Cu
[solder_mask_bridge]: Front solder mask aperture bridges items with different nets
    Rule: board setup solder mask min width; error
    @(97.5500 mm, 124.9550 mm): Track [+5V] on F.Cu, length 4.9000 mm
    @(101.7500 mm, 124.9550 mm): Pad B5 [USB_CC2] of J3 on F.Cu
[solder_mask_bridge]: Front solder mask aperture bridges items with different nets
    Rule: board setup solder mask min width; error
    @(85.5000 mm, 126.4000 mm): Track [REG_VOS] on F.Cu, length 5.1157 mm
    @(90.4000 mm, 126.0000 mm): Pad 2 [+3V3] of L1 on F.Cu
[solder_mask_bridge]: Front solder mask aperture bridges items with different nets
    Rule: board setup solder mask min width; error
    @(85.5000 mm, 126.4000 mm): Track [REG_VOS] on F.Cu, length 5.1157 mm
    @(87.6000 mm, 126.0000 mm): Pad 1 [REG_SW] of L1 on F.Cu
[solder_mask_bridge]: Front solder mask aperture bridges items with different nets
    Rule: board setup solder mask min width; error
    @(91.2500 mm, 75.0100 mm): Track [+3V3] on F.Cu, length 0.8000 mm
    @(91.2500 mm, 73.7400 mm): Pad 1 [GND] of U1 on F.Cu
[solder_mask_bridge]: Front solder mask aperture bridges items with different nets
    Rule: board setup solder mask min width; error
    @(91.2500 mm, 74.2100 mm): Via [+3V3] on F.Cu - B.Cu
    @(91.2500 mm, 73.7400 mm): Pad 1 [GND] of U1 on F.Cu
[solder_mask_bridge]: Front solder mask aperture bridges items with different nets
    Rule: board setup solder mask min width; error
    @(91.2500 mm, 107.2000 mm): Via [+3V3] on F.Cu - B.Cu
    @(90.7500 mm, 108.0000 mm): Pad 2 [LED_A] of J1 on F.Cu
[solder_mask_bridge]: Front solder mask aperture bridges items with different nets
    Rule: board setup solder mask min width; error
    @(91.2500 mm, 107.2000 mm): Via [+3V3] on F.Cu - B.Cu
    @(91.7500 mm, 108.0000 mm): Pad 4 [GND] of J1 on F.Cu
[solder_mask_bridge]: Front solder mask aperture bridges items with different nets
    Rule: board setup solder mask min width; error
    @(109.2500 mm, 107.2000 mm): Via [+3V3] on F.Cu - B.Cu
    @(108.7500 mm, 108.0000 mm): Pad 38 [GND] of J1 on F.Cu
[solder_mask_bridge]: Front solder mask aperture bridges items with different nets
    Rule: board setup solder mask min width; error
    @(109.2500 mm, 107.2000 mm): Via [+3V3] on F.Cu - B.Cu
    @(109.7500 mm, 108.0000 mm): Pad 40 [GND] of J1 on F.Cu
[solder_mask_bridge]: Front solder mask aperture bridges items with different nets
    Rule: board setup solder mask min width; error
    @(117.3000 mm, 93.2700 mm): Track [+3V3] on F.Cu, length 0.8000 mm
    @(117.3000 mm, 92.0000 mm): Pad 5 [GND] of U3 on F.Cu
[solder_mask_bridge]: Front solder mask aperture bridges items with different nets
    Rule: board setup solder mask min width; error
    @(117.3000 mm, 92.4700 mm): Via [+3V3] on F.Cu - B.Cu
    @(117.3000 mm, 92.0000 mm): Pad 5 [GND] of U3 on F.Cu
[solder_mask_bridge]: Front solder mask aperture bridges items with different nets
    Rule: board setup solder mask min width; error
    @(91.7500 mm, 108.0000 mm): Track [GND] on F.Cu, length 0.8000 mm
    @(92.2500 mm, 108.0000 mm): Pad 5 [<no net>] of J1 on F.Cu
[solder_mask_bridge]: Front solder mask aperture bridges items with different nets
    Rule: board setup solder mask min width; error
    @(91.7500 mm, 108.0000 mm): Track [GND] on F.Cu, length 0.8000 mm
    @(92.7500 mm, 108.0000 mm): Pad 6 [<no net>] of J1 on F.Cu
[solder_mask_bridge]: Front solder mask aperture bridges items with different nets
    Rule: board setup solder mask min width; error
    @(92.5500 mm, 108.0000 mm): Via [GND] on F.Cu - B.Cu
    @(92.2500 mm, 108.0000 mm): Pad 5 [<no net>] of J1 on F.Cu
[solder_mask_bridge]: Front solder mask aperture bridges items with different nets
    Rule: board setup solder mask min width; error
    @(92.5500 mm, 108.0000 mm): Via [GND] on F.Cu - B.Cu
    @(92.7500 mm, 108.0000 mm): Pad 6 [<no net>] of J1 on F.Cu
[solder_mask_bridge]: Front solder mask aperture bridges items with different nets
    Rule: board setup solder mask min width; error
    @(93.2500 mm, 108.0000 mm): Track [GND] on F.Cu, length 0.8000 mm
    @(93.7500 mm, 108.0000 mm): Pad 8 [<no net>] of J1 on F.Cu
[solder_mask_bridge]: Front solder mask aperture bridges items with different nets
    Rule: board setup solder mask min width; error
    @(93.2500 mm, 108.0000 mm): Track [GND] on F.Cu, length 0.8000 mm
    @(94.2500 mm, 108.0000 mm): Pad 9 [<no net>] of J1 on F.Cu
[solder_mask_bridge]: Front solder mask aperture bridges items with different nets
    Rule: board setup solder mask min width; error
    @(94.0500 mm, 108.0000 mm): Via [GND] on F.Cu - B.Cu
    @(93.7500 mm, 108.0000 mm): Pad 8 [<no net>] of J1 on F.Cu
[solder_mask_bridge]: Front solder mask aperture bridges items with different nets
    Rule: board setup solder mask min width; error
    @(94.0500 mm, 108.0000 mm): Via [GND] on F.Cu - B.Cu
    @(94.2500 mm, 108.0000 mm): Pad 9 [<no net>] of J1 on F.Cu
[solder_mask_bridge]: Front solder mask aperture bridges items with different nets
    Rule: board setup solder mask min width; error
    @(94.7500 mm, 108.0000 mm): Track [GND] on F.Cu, length 0.8000 mm
    @(95.2500 mm, 108.0000 mm): Pad 11 [LCD_VS] of J1 on F.Cu
[solder_mask_bridge]: Front solder mask aperture bridges items with different nets
    Rule: board setup solder mask min width; error
    @(94.7500 mm, 108.0000 mm): Track [GND] on F.Cu, length 0.8000 mm
    @(95.7500 mm, 108.0000 mm): Pad 12 [LCD_HS] of J1 on F.Cu
[solder_mask_bridge]: Front solder mask aperture bridges items with different nets
    Rule: board setup solder mask min width; error
    @(95.5500 mm, 108.0000 mm): Via [GND] on F.Cu - B.Cu
    @(95.2500 mm, 108.0000 mm): Pad 11 [LCD_VS] of J1 on F.Cu
[solder_mask_bridge]: Front solder mask aperture bridges items with different nets
    Rule: board setup solder mask min width; error
    @(95.5500 mm, 108.0000 mm): Via [GND] on F.Cu - B.Cu
    @(95.7500 mm, 108.0000 mm): Pad 12 [LCD_HS] of J1 on F.Cu
[solder_mask_bridge]: Front solder mask aperture bridges items with different nets
    Rule: board setup solder mask min width; error
    @(97.2500 mm, 108.0000 mm): Track [GND] on F.Cu, length 0.8000 mm
    @(97.7500 mm, 108.0000 mm): Pad 16 [LCD_D0] of J1 on F.Cu
[solder_mask_bridge]: Front solder mask aperture bridges items with different nets
    Rule: board setup solder mask min width; error
    @(97.2500 mm, 108.0000 mm): Track [GND] on F.Cu, length 0.8000 mm
    @(98.2500 mm, 108.0000 mm): Pad 17 [LCD_D1] of J1 on F.Cu
[copper_edge_clearance]: Board edge clearance violation (board setup constraints edge clearance 0.5000 mm; actual 0.0000 mm)
    Rule: board setup constraints edge; error
    @(100.0000 mm, 100.0000 mm): Circle on Edge.Cuts
    @(81.0000 mm, 126.0000 mm): Track [+5V] on F.Cu, length 4.7707 mm
[copper_edge_clearance]: Board edge clearance violation (board setup constraints edge clearance 0.5000 mm; actual 0.3816 mm)
    Rule: board setup constraints edge; error
    @(100.0000 mm, 100.0000 mm): Circle on Edge.Cuts
    @(82.4000 mm, 130.0000 mm): Via [GND] on F.Cu - B.Cu
[copper_edge_clearance]: Board edge clearance violation (board setup constraints edge clearance 0.5000 mm; actual 0.0000 mm)
    Rule: board setup constraints edge; error
    @(100.0000 mm, 100.0000 mm): Circle on Edge.Cuts
    @(82.4000 mm, 130.0000 mm): Track [GND] on In2.Cu, length 38.1072 mm
[copper_edge_clearance]: Board edge clearance violation (board setup constraints edge clearance 0.5000 mm; actual 0.0000 mm)
    Rule: board setup constraints edge; error
    @(100.0000 mm, 100.0000 mm): Circle on Edge.Cuts
    @(117.2700 mm, 72.0000 mm): Track [GND] on F.Cu, length 0.8000 mm
[copper_edge_clearance]: Board edge clearance violation (board setup constraints edge clearance 0.5000 mm; actual 0.2755 mm)
    Rule: board setup constraints edge; error
    @(100.0000 mm, 100.0000 mm): Circle on Edge.Cuts
    @(118.0700 mm, 72.0000 mm): Via [GND] on F.Cu - B.Cu
[copper_edge_clearance]: Board edge clearance violation (board setup constraints edge clearance 0.5000 mm; actual 0.0000 mm)
    Rule: board setup constraints edge; error
    @(100.0000 mm, 100.0000 mm): Circle on Edge.Cuts
    @(118.0700 mm, 72.0000 mm): Track [GND] on In2.Cu, length 34.5376 mm
[copper_edge_clearance]: Board edge clearance violation (board setup constraints edge clearance 0.5000 mm; actual 0.1356 mm)
    Rule: board setup constraints edge; error
    @(100.0000 mm, 100.0000 mm): Circle on Edge.Cuts
    @(69.1900 mm, 112.0000 mm): PTH pad 1 [+5V] of J5
[copper_edge_clearance]: Board edge clearance violation (board setup constraints edge clearance 0.5000 mm; actual 0.3524 mm)
    Rule: board setup constraints edge; error
    @(100.0000 mm, 100.0000 mm): Circle on Edge.Cuts
    @(117.2700 mm, 72.0000 mm): PTH pad 2 [GND] of J6
[clearance]: Clearance violation ( clearance 0.2000 mm; actual 0.0400 mm)
    Local override; error
    @(95.2500 mm, 76.2800 mm): Track [LCD_VS] on B.Cu, length 30.5200 mm
    @(95.7500 mm, 106.8000 mm): Via [LCD_HS] on F.Cu - B.Cu
[hole_clearance]: Hole clearance violation (board setup constraints hole clearance 0.2500 mm; actual 0.2400 mm)
    Rule: board setup constraints hole; error
    @(95.2500 mm, 76.2800 mm): Track [LCD_VS] on B.Cu, length 30.5200 mm
    @(95.7500 mm, 106.8000 mm): Via [LCD_HS] on F.Cu - B.Cu
[shorting_items]: Items shorting two nets (nets LCD_DE and LCD_PCLK)
    Local override; error
    @(96.7500 mm, 106.8000 mm): Via [LCD_DE] on F.Cu - B.Cu
    @(96.2500 mm, 106.8000 mm): Via [LCD_PCLK] on F.Cu - B.Cu
[hole_clearance]: Hole clearance violation (board setup constraints hole clearance 0.2500 mm; actual 0.0000 mm)
    Rule: board setup constraints hole; error
    @(96.7500 mm, 106.8000 mm): Via [LCD_DE] on F.Cu - B.Cu
    @(96.2500 mm, 106.8000 mm): Via [LCD_PCLK] on F.Cu - B.Cu
[clearance]: Clearance violation ( clearance 0.2000 mm; actual 0.0400 mm)
    Local override; error
    @(96.2500 mm, 106.8000 mm): Via [LCD_PCLK] on F.Cu - B.Cu
    @(96.7500 mm, 106.8000 mm): Track [LCD_DE] on F.Cu, length 1.2000 mm
[hole_clearance]: Hole clearance violation (board setup constraints hole clearance 0.2500 mm; actual 0.2400 mm)
    Rule: board setup constraints hole; error
    @(96.7500 mm, 106.8000 mm): Track [LCD_DE] on F.Cu, length 1.2000 mm
    @(96.2500 mm, 106.8000 mm): Via [LCD_PCLK] on F.Cu - B.Cu
[shorting_items]: Items shorting two nets (nets LCD_DE and LCD_PCLK)
    Local override; error
    @(96.7500 mm, 106.8000 mm): Via [LCD_DE] on F.Cu - B.Cu
    @(96.2500 mm, 106.8000 mm): Via [LCD_PCLK] on F.Cu - B.Cu
[hole_clearance]: Hole clearance violation (board setup constraints hole clearance 0.2500 mm; actual 0.0000 mm)
    Rule: board setup constraints hole; error
    @(96.7500 mm, 106.8000 mm): Via [LCD_DE] on F.Cu - B.Cu
    @(96.2500 mm, 106.8000 mm): Via [LCD_PCLK] on F.Cu - B.Cu
[clearance]: Clearance violation ( clearance 0.2000 mm; actual 0.0400 mm)
    Local override; error
    @(96.7500 mm, 92.1000 mm): Track [LCD_DE] on B.Cu, length 14.7000 mm
    @(96.2500 mm, 106.8000 mm): Via [LCD_PCLK] on F.Cu - B.Cu
[hole_clearance]: Hole clearance violation (board setup constraints hole clearance 0.2500 mm; actual 0.2400 mm)
    Rule: board setup constraints hole; error
    @(96.7500 mm, 92.1000 mm): Track [LCD_DE] on B.Cu, length 14.7000 mm
    @(96.2500 mm, 106.8000 mm): Via [LCD_PCLK] on F.Cu - B.Cu
[shorting_items]: Items shorting two nets (nets LCD_DE and LCD_PCLK)
    Local override; error
    @(96.7500 mm, 106.8000 mm): Via [LCD_DE] on F.Cu - B.Cu
    @(96.2500 mm, 106.8000 mm): Via [LCD_PCLK] on F.Cu - B.Cu
[hole_clearance]: Hole clearance violation (board setup constraints hole clearance 0.2500 mm; actual 0.0000 mm)
    Rule: board setup constraints hole; error
    @(96.7500 mm, 106.8000 mm): Via [LCD_DE] on F.Cu - B.Cu
    @(96.2500 mm, 106.8000 mm): Via [LCD_PCLK] on F.Cu - B.Cu
[clearance]: Clearance violation ( clearance 0.2000 mm; actual 0.1652 mm)
    Local override; error
    @(92.5500 mm, 108.0000 mm): Track [GND] on In2.Cu, length 19.5526 mm
    @(96.2500 mm, 106.8000 mm): Via [LCD_PCLK] on F.Cu - B.Cu
[shorting_items]: Items shorting two nets (nets LCD_DE and LCD_PCLK)
    Local override; error
    @(96.7500 mm, 106.8000 mm): Via [LCD_DE] on F.Cu - B.Cu
    @(96.2500 mm, 106.8000 mm): Via [LCD_PCLK] on F.Cu - B.Cu
[hole_clearance]: Hole clearance violation (board setup constraints hole clearance 0.2500 mm; actual 0.0000 mm)
    Rule: board setup constraints hole; error
    @(96.7500 mm, 106.8000 mm): Via [LCD_DE] on F.Cu - B.Cu
    @(96.2500 mm, 106.8000 mm): Via [LCD_PCLK] on F.Cu - B.Cu
[shorting_items]: Items shorting two nets (nets LCD_D2 and LCD_D1)
    Local override; error
    @(98.7500 mm, 106.8000 mm): Via [LCD_D2] on F.Cu - B.Cu
    @(98.2500 mm, 106.8000 mm): Via [LCD_D1] on F.Cu - B.Cu
[hole_clearance]: Hole clearance violation (board setup constraints hole clearance 0.2500 mm; actual 0.0000 mm)
    Rule: board setup constraints hole; error
    @(98.7500 mm, 106.8000 mm): Via [LCD_D2] on F.Cu - B.Cu
    @(98.2500 mm, 106.8000 mm): Via [LCD_D1] on F.Cu - B.Cu
[clearance]: Clearance violation ( clearance 0.2000 mm; actual 0.0400 mm)
    Local override; error
    @(98.7500 mm, 106.8000 mm): Track [LCD_D2] on F.Cu, length 1.2000 mm
    @(98.2500 mm, 106.8000 mm): Via [LCD_D1] on F.Cu - B.Cu
[hole_clearance]: Hole clearance violation (board setup constraints hole clearance 0.2500 mm; actual 0.2400 mm)
    Rule: board setup constraints hole; error
    @(98.7500 mm, 106.8000 mm): Track [LCD_D2] on F.Cu, length 1.2000 mm
    @(98.2500 mm, 106.8000 mm): Via [LCD_D1] on F.Cu - B.Cu
[clearance]: Clearance violation ( clearance 0.2000 mm; actual 0.0400 mm)
    Local override; error
    @(98.2500 mm, 106.8000 mm): Via [LCD_D1] on F.Cu - B.Cu
    @(98.7500 mm, 85.1700 mm): Track [LCD_D2] on B.Cu, length 21.6300 mm
[hole_clearance]: Hole clearance violation (board setup constraints hole clearance 0.2500 mm; actual 0.2400 mm)
    Rule: board setup constraints hole; error
    @(98.7500 mm, 85.1700 mm): Track [LCD_D2] on B.Cu, length 21.6300 mm
    @(98.2500 mm, 106.8000 mm): Via [LCD_D1] on F.Cu - B.Cu
[shorting_items]: Items shorting two nets (nets LCD_D2 and LCD_D1)
    Local override; error
    @(98.7500 mm, 106.8000 mm): Via [LCD_D2] on F.Cu - B.Cu
    @(98.2500 mm, 106.8000 mm): Via [LCD_D1] on F.Cu - B.Cu
[hole_clearance]: Hole clearance violation (board setup constraints hole clearance 0.2500 mm; actual 0.0000 mm)
    Rule: board setup constraints hole; error
    @(98.7500 mm, 106.8000 mm): Via [LCD_D2] on F.Cu - B.Cu
    @(98.2500 mm, 106.8000 mm): Via [LCD_D1] on F.Cu - B.Cu
[shorting_items]: Items shorting two nets (nets LCD_D2 and LCD_D1)
    Local override; error
    @(98.7500 mm, 106.8000 mm): Via [LCD_D2] on F.Cu - B.Cu
    @(98.2500 mm, 106.8000 mm): Via [LCD_D1] on F.Cu - B.Cu
[hole_clearance]: Hole clearance violation (board setup constraints hole clearance 0.2500 mm; actual 0.0000 mm)
    Rule: board setup constraints hole; error
    @(98.7500 mm, 106.8000 mm): Via [LCD_D2] on F.Cu - B.Cu
    @(98.2500 mm, 106.8000 mm): Via [LCD_D1] on F.Cu - B.Cu
[clearance]: Clearance violation ( clearance 0.2000 mm; actual 0.1099 mm)
    Local override; error
    @(109.2500 mm, 107.2000 mm): Track [+3V3] on In1.Cu, length 21.3636 mm
    @(98.2500 mm, 106.8000 mm): Via [LCD_D1] on F.Cu - B.Cu
[tracks_crossing]: Tracks crossing
    Local override; error
    @(114.6000 mm, 80.0000 mm): Track [EN] on F.Cu, length 23.6445 mm
    @(91.2500 mm, 77.5500 mm): Track [LCD_D8] on F.Cu, length 10.5000 mm
[shorting_items]: Items shorting two nets (nets GND and LCD_D1)
    Local override; error
    @(92.5500 mm, 108.0000 mm): Track [GND] on In2.Cu, length 19.5526 mm
    @(98.2500 mm, 106.8000 mm): Via [LCD_D1] on F.Cu - B.Cu
[shorting_items]: Items shorting two nets (nets GND and LCD_D12)
    Local override; error
    @(104.0500 mm, 108.0000 mm): Via [GND] on F.Cu - B.Cu
    @(104.2500 mm, 106.8000 mm): Track [LCD_D12] on F.Cu, length 1.2000 mm
[hole_clearance]: Hole clearance violation (board setup constraints hole clearance 0.2500 mm; actual 0.1607 mm)
    Rule: board setup constraints hole; error
    @(92.5500 mm, 108.0000 mm): Track [GND] on In2.Cu, length 19.5526 mm
    @(98.2500 mm, 106.8000 mm): Via [LCD_D1] on F.Cu - B.Cu
[hole_clearance]: Hole clearance violation (board setup constraints hole clearance 0.2500 mm; actual 0.0000 mm)
    Rule: board setup constraints hole; error
    @(104.2500 mm, 106.8000 mm): Track [LCD_D12] on F.Cu, length 1.2000 mm
    @(104.0500 mm, 108.0000 mm): Via [GND] on F.Cu - B.Cu
[clearance]: Clearance violation ( clearance 0.2000 mm; actual 0.0775 mm)
    Local override; error
    @(94.0500 mm, 108.0000 mm): Track [GND] on In2.Cu, length 18.0611 mm
    @(98.2500 mm, 106.8000 mm): Via [LCD_D1] on F.Cu - B.Cu
[clearance]: Clearance violation ( clearance 0.2000 mm; actual 0.0400 mm)
    Local override; error
    @(104.7500 mm, 106.8000 mm): Via [LCD_D13] on F.Cu - B.Cu
    @(104.2500 mm, 106.8000 mm): Track [LCD_D12] on F.Cu, length 1.2000 mm
[shorting_items]: Items shorting two nets (nets LCD_D2 and LCD_D1)
    Local override; error
    @(98.7500 mm, 106.8000 mm): Via [LCD_D2] on F.Cu - B.Cu
    @(98.2500 mm, 106.8000 mm): Via [LCD_D1] on F.Cu - B.Cu
[hole_clearance]: Hole clearance violation (board setup constraints hole clearance 0.2500 mm; actual 0.2400 mm)
    Rule: board setup constraints hole; error
    @(104.2500 mm, 106.8000 mm): Track [LCD_D12] on F.Cu, length 1.2000 mm
    @(104.7500 mm, 106.8000 mm): Via [LCD_D13] on F.Cu - B.Cu
[hole_clearance]: Hole clearance violation (board setup constraints hole clearance 0.2500 mm; actual 0.0000 mm)
    Rule: board setup constraints hole; error
    @(98.7500 mm, 106.8000 mm): Via [LCD_D2] on F.Cu - B.Cu
    @(98.2500 mm, 106.8000 mm): Via [LCD_D1] on F.Cu - B.Cu
[shorting_items]: Items shorting two nets (nets GND and LCD_D12)
    Local override; error
    @(103.2500 mm, 108.0000 mm): Track [GND] on F.Cu, length 0.8000 mm
    @(104.2500 mm, 106.8000 mm): Track [LCD_D12] on F.Cu, length 1.2000 mm
[clearance]: Clearance violation ( clearance 0.2000 mm; actual 0.0900 mm)
    Local override; error
    @(80.7500 mm, 87.6900 mm): Track [SPI_MISO] on B.Cu, length 4.9450 mm
    @(80.2000 mm, 89.9800 mm): Via [SPI_MOSI] on F.Cu - B.Cu
[tracks_crossing]: Tracks crossing
    Local override; error
    @(101.7500 mm, 124.9550 mm): Track [USB_CC2] on F.Cu, length 3.2931 mm
    @(97.5500 mm, 124.9550 mm): Track [+5V] on F.Cu, length 4.9000 mm
[shorting_items]: Items shorting two nets (nets USB_CC2 and GND)
    Local override; error
    @(101.7500 mm, 124.9550 mm): Track [USB_CC2] on F.Cu, length 3.2931 mm
    @(103.2500 mm, 124.9550 mm): Pad A12 [GND] of J3 on F.Cu
[shorting_items]: Items shorting two nets (nets USB_CC2 and GND)
    Local override; error
    @(101.7500 mm, 124.9550 mm): Track [USB_CC2] on F.Cu, length 3.2931 mm
    @(103.2500 mm, 124.9550 mm): Pad B1 [GND] of J3 on F.Cu
[shorting_items]: Items shorting two nets (nets USB_CC2 and +5V)
    Local override; error
    @(101.7500 mm, 124.9550 mm): Track [USB_CC2] on F.Cu, length 3.2931 mm
    @(102.4500 mm, 124.9550 mm): Pad A9 [+5V] of J3 on F.Cu
[shorting_items]: Items shorting two nets (nets SPI_MOSI and BOOT)
    Local override; error
    @(108.7500 mm, 88.9800 mm): Pad 28 [SPI_MOSI] of U1 on F.Cu
    @(114.7300 mm, 72.0000 mm): Track [BOOT] on F.Cu, length 19.2048 mm
[shorting_items]: Items shorting two nets (nets USB_CC2 and +5V)
    Local override; error
    @(101.7500 mm, 124.9550 mm): Track [USB_CC2] on F.Cu, length 3.2931 mm
    @(102.4500 mm, 124.9550 mm): Pad B4 [+5V] of J3 on F.Cu
[shorting_items]: Items shorting two nets (nets SPI_SCLK and BOOT)
    Local override; error
    @(108.7500 mm, 87.7100 mm): Pad 29 [SPI_SCLK] of U1 on F.Cu
    @(114.7300 mm, 72.0000 mm): Track [BOOT] on F.Cu, length 19.2048 mm
[shorting_items]: Items shorting two nets (nets +3V3 and BOOT)
    Local override; error
    @(112.0000 mm, 80.0000 mm): Pad 1 [+3V3] of R5 on F.Cu
    @(114.7300 mm, 72.0000 mm): Track [BOOT] on F.Cu, length 19.2048 mm
[shorting_items]: Items shorting two nets (nets EN and IOX_SCL)
    Local override; error
    @(114.6000 mm, 80.0000 mm): Track [EN] on F.Cu, length 23.6445 mm
    @(108.7500 mm, 78.8200 mm): Pad 36 [IOX_SCL] of U1 on F.Cu
[tracks_crossing]: Tracks crossing
    Local override; error
    @(114.6000 mm, 80.0000 mm): Track [EN] on F.Cu, length 23.6445 mm
    @(114.7300 mm, 72.0000 mm): Track [BOOT] on F.Cu, length 19.2048 mm
[shorting_items]: Items shorting two nets (nets +3V3 and EN)
    Local override; error
    @(112.0000 mm, 80.0000 mm): Pad 1 [+3V3] of R5 on F.Cu
    @(114.6000 mm, 80.0000 mm): Track [EN] on F.Cu, length 23.6445 mm
[shorting_items]: Items shorting two nets (nets +5V and GND)
    Local override; error
    @(97.5500 mm, 124.9550 mm): Pad A4 [+5V] of J3 on F.Cu
    @(97.5500 mm, 124.9550 mm): Via [GND] on F.Cu - B.Cu
[shorting_items]: Items shorting two nets (nets +5V and GND)
    Local override; error
    @(97.5500 mm, 124.9550 mm): Pad A4 [+5V] of J3 on F.Cu
    @(96.7500 mm, 124.9550 mm): Track [GND] on F.Cu, length 0.8000 mm
[hole_clearance]: Hole clearance violation (board setup constraints hole clearance 0.2500 mm; actual 0.0000 mm)
    Rule: board setup constraints hole; error
    @(97.5500 mm, 124.9550 mm): Pad A4 [+5V] of J3 on F.Cu
    @(97.5500 mm, 124.9550 mm): Via [GND] on F.Cu - B.Cu
[shorting_items]: Items shorting two nets (nets +5V and GND)
    Local override; error
    @(97.5500 mm, 124.9550 mm): Pad B9 [+5V] of J3 on F.Cu
    @(96.7500 mm, 124.9550 mm): Track [GND] on F.Cu, length 0.8000 mm
[shorting_items]: Items shorting two nets (nets +5V and GND)
    Local override; error
    @(97.5500 mm, 124.9550 mm): Pad B9 [+5V] of J3 on F.Cu
    @(97.5500 mm, 124.9550 mm): Via [GND] on F.Cu - B.Cu
[hole_clearance]: Hole clearance violation (board setup constraints hole clearance 0.2500 mm; actual 0.0000 mm)
    Rule: board setup constraints hole; error
    @(97.5500 mm, 124.9550 mm): Pad B9 [+5V] of J3 on F.Cu
    @(97.5500 mm, 124.9550 mm): Via [GND] on F.Cu - B.Cu
[shorting_items]: Items shorting two nets (nets EN and GND)
    Local override; error
    @(114.7300 mm, 77.0000 mm): PTH pad 1 [EN] of J7
    @(115.5300 mm, 77.0000 mm): Track [GND] on In2.Cu, length 29.2141 mm
[shorting_items]: Items shorting two nets (nets GND and EN)
    Local override; error
    @(115.5300 mm, 77.0000 mm): Via [GND] on F.Cu - B.Cu
    @(114.7300 mm, 77.0000 mm): PTH pad 1 [EN] of J7
[hole_clearance]: Hole clearance violation (board setup constraints hole clearance 0.2500 mm; actual 0.0000 mm)
    Rule: board setup constraints hole; error
    @(115.5300 mm, 77.0000 mm): Via [GND] on F.Cu - B.Cu
    @(114.7300 mm, 77.0000 mm): PTH pad 1 [EN] of J7
[hole_clearance]: Hole clearance violation (board setup constraints hole clearance 0.2500 mm; actual 0.0941 mm)
    Rule: board setup constraints hole; error
    @(115.5300 mm, 77.0000 mm): Track [GND] on In2.Cu, length 29.2141 mm
    @(114.7300 mm, 77.0000 mm): PTH pad 1 [EN] of J7
[shorting_items]: Items shorting two nets (nets GND and EN)
    Local override; error
    @(115.5300 mm, 77.0000 mm): Via [GND] on F.Cu - B.Cu
    @(114.7300 mm, 77.0000 mm): PTH pad 1 [EN] of J7
[tracks_crossing]: Tracks crossing
    Local override; error
    @(114.7300 mm, 77.0000 mm): Track [GND] on F.Cu, length 0.8000 mm
    @(114.6000 mm, 80.0000 mm): Track [EN] on F.Cu, length 3.0028 mm
[hole_clearance]: Hole clearance violation (board setup constraints hole clearance 0.2500 mm; actual 0.0000 mm)
    Rule: board setup constraints hole; error
    @(115.5300 mm, 77.0000 mm): Via [GND] on F.Cu - B.Cu
    @(114.7300 mm, 77.0000 mm): PTH pad 1 [EN] of J7
[shorting_items]: Items shorting two nets (nets GND and EN)
    Local override; error
    @(114.7300 mm, 77.0000 mm): Track [GND] on F.Cu, length 0.8000 mm
    @(114.7300 mm, 77.0000 mm): PTH pad 1 [EN] of J7
[shorting_items]: Items shorting two nets (nets GND and EN)
    Local override; error
    @(115.5300 mm, 77.0000 mm): Via [GND] on F.Cu - B.Cu
    @(114.7300 mm, 77.0000 mm): PTH pad 1 [EN] of J7
[hole_clearance]: Hole clearance violation (board setup constraints hole clearance 0.2500 mm; actual 0.0000 mm)
    Rule: board setup constraints hole; error
    @(114.7300 mm, 77.0000 mm): Track [GND] on F.Cu, length 0.8000 mm
    @(114.7300 mm, 77.0000 mm): PTH pad 1 [EN] of J7
[hole_clearance]: Hole clearance violation (board setup constraints hole clearance 0.2500 mm; actual 0.0000 mm)
    Rule: board setup constraints hole; error
    @(115.5300 mm, 77.0000 mm): Via [GND] on F.Cu - B.Cu
    @(114.7300 mm, 77.0000 mm): PTH pad 1 [EN] of J7
[shorting_items]: Items shorting two nets (nets GND and EN)
    Local override; error
    @(115.5300 mm, 77.0000 mm): Via [GND] on F.Cu - B.Cu
    @(114.7300 mm, 77.0000 mm): PTH pad 1 [EN] of J7
[hole_clearance]: Hole clearance violation (board setup constraints hole clearance 0.2500 mm; actual 0.0000 mm)
    Rule: board setup constraints hole; error
    @(115.5300 mm, 77.0000 mm): Via [GND] on F.Cu - B.Cu
    @(114.7300 mm, 77.0000 mm): PTH pad 1 [EN] of J7
[shorting_items]: Items shorting two nets (nets EN and GND)
    Local override; error
    @(114.7300 mm, 77.0000 mm): PTH pad 1 [EN] of J7
    @(115.5300 mm, 72.0000 mm): Track [GND] on In2.Cu, length 34.1828 mm
[shorting_items]: Items shorting two nets (nets GND and BOOT)
    Local override; error
    @(115.5300 mm, 72.0000 mm): Via [GND] on F.Cu - B.Cu
    @(114.7300 mm, 72.0000 mm): PTH pad 1 [BOOT] of J6
[hole_clearance]: Hole clearance violation (board setup constraints hole clearance 0.2500 mm; actual 0.0000 mm)
    Rule: board setup constraints hole; error
    @(115.5300 mm, 72.0000 mm): Track [GND] on In2.Cu, length 34.1828 mm
    @(114.7300 mm, 77.0000 mm): PTH pad 1 [EN] of J7
[hole_clearance]: Hole clearance violation (board setup constraints hole clearance 0.2500 mm; actual 0.0000 mm)
    Rule: board setup constraints hole; error
    @(115.5300 mm, 72.0000 mm): Via [GND] on F.Cu - B.Cu
    @(114.7300 mm, 72.0000 mm): PTH pad 1 [BOOT] of J6
[shorting_items]: Items shorting two nets (nets BOOT and GND)
    Local override; error
    @(114.7300 mm, 72.0000 mm): PTH pad 1 [BOOT] of J6
    @(115.5300 mm, 72.0000 mm): Track [GND] on In2.Cu, length 34.1828 mm
[shorting_items]: Items shorting two nets (nets GND and BOOT)
    Local override; error
    @(115.5300 mm, 72.0000 mm): Via [GND] on F.Cu - B.Cu
    @(114.7300 mm, 72.0000 mm): PTH pad 1 [BOOT] of J6
[hole_clearance]: Hole clearance violation (board setup constraints hole clearance 0.2500 mm; actual 0.0957 mm)
    Rule: board setup constraints hole; error
    @(115.5300 mm, 72.0000 mm): Track [GND] on In2.Cu, length 34.1828 mm
    @(114.7300 mm, 72.0000 mm): PTH pad 1 [BOOT] of J6
[hole_clearance]: Hole clearance violation (board setup constraints hole clearance 0.2500 mm; actual 0.0000 mm)
    Rule: board setup constraints hole; error
    @(115.5300 mm, 72.0000 mm): Via [GND] on F.Cu - B.Cu
    @(114.7300 mm, 72.0000 mm): PTH pad 1 [BOOT] of J6
[tracks_crossing]: Tracks crossing
    Local override; error
    @(114.7300 mm, 72.0000 mm): Track [GND] on F.Cu, length 0.8000 mm
    @(114.7300 mm, 72.0000 mm): Track [BOOT] on F.Cu, length 19.2048 mm
[shorting_items]: Items shorting two nets (nets GND and BOOT)
    Local override; error
    @(115.5300 mm, 72.0000 mm): Via [GND] on F.Cu - B.Cu
    @(114.7300 mm, 72.0000 mm): PTH pad 1 [BOOT] of J6
[shorting_items]: Items shorting two nets (nets GND and BOOT)
    Local override; error
    @(114.7300 mm, 72.0000 mm): Track [GND] on F.Cu, length 0.8000 mm
    @(114.7300 mm, 72.0000 mm): PTH pad 1 [BOOT] of J6
[hole_clearance]: Hole clearance violation (board setup constraints hole clearance 0.2500 mm; actual 0.0000 mm)
    Rule: board setup constraints hole; error
    @(115.5300 mm, 72.0000 mm): Via [GND] on F.Cu - B.Cu
    @(114.7300 mm, 72.0000 mm): PTH pad 1 [BOOT] of J6
[hole_clearance]: Hole clearance violation (board setup constraints hole clearance 0.2500 mm; actual 0.0000 mm)
    Rule: board setup constraints hole; error
    @(114.7300 mm, 72.0000 mm): Track [GND] on F.Cu, length 0.8000 mm
    @(114.7300 mm, 72.0000 mm): PTH pad 1 [BOOT] of J6
[shorting_items]: Items shorting two nets (nets GND and BOOT)
    Local override; error
    @(115.5300 mm, 72.0000 mm): Via [GND] on F.Cu - B.Cu
    @(114.7300 mm, 72.0000 mm): PTH pad 1 [BOOT] of J6
[hole_clearance]: Hole clearance violation (board setup constraints hole clearance 0.2500 mm; actual 0.0000 mm)
    Rule: board setup constraints hole; error
    @(115.5300 mm, 72.0000 mm): Via [GND] on F.Cu - B.Cu
    @(114.7300 mm, 72.0000 mm): PTH pad 1 [BOOT] of J6
[shorting_items]: Items shorting two nets (nets USB_CC1 and GND)
    Local override; error
    @(93.0000 mm, 123.0000 mm): Pad 1 [USB_CC1] of R1 on F.Cu
    @(93.6000 mm, 123.0000 mm): Track [GND] on F.Cu, length 0.8000 mm
[shorting_items]: Items shorting two nets (nets GND and REG_VOS)
    Local override; error
    @(84.8000 mm, 126.0000 mm): Via [GND] on F.Cu - B.Cu
    @(85.5000 mm, 126.4000 mm): Pad 6 [REG_VOS] of U2 on F.Cu
[clearance]: Clearance violation ( clearance 0.2000 mm; actual 0.1104 mm)
    Local override; error
    @(84.0000 mm, 126.0000 mm): Track [GND] on F.Cu, length 0.8000 mm
    @(85.5000 mm, 126.4000 mm): Pad 6 [REG_VOS] of U2 on F.Cu
[hole_clearance]: Hole clearance violation (board setup constraints hole clearance 0.2500 mm; actual 0.1604 mm)
    Rule: board setup constraints hole; error
    @(85.5000 mm, 126.4000 mm): Pad 6 [REG_VOS] of U2 on F.Cu
    @(84.8000 mm, 126.0000 mm): Via [GND] on F.Cu - B.Cu
[shorting_items]: Items shorting two nets (nets GND and REG_SW)
    Local override; error
    @(84.8000 mm, 126.0000 mm): Via [GND] on F.Cu - B.Cu
    @(85.5000 mm, 125.6000 mm): Pad 7 [REG_SW] of U2 on F.Cu
[clearance]: Clearance violation ( clearance 0.2000 mm; actual 0.1104 mm)
    Local override; error
    @(85.5000 mm, 125.6000 mm): Pad 7 [REG_SW] of U2 on F.Cu
    @(84.0000 mm, 126.0000 mm): Track [GND] on F.Cu, length 0.8000 mm
[hole_clearance]: Hole clearance violation (board setup constraints hole clearance 0.2500 mm; actual 0.1604 mm)
    Rule: board setup constraints hole; error
    @(85.5000 mm, 125.6000 mm): Pad 7 [REG_SW] of U2 on F.Cu
    @(84.8000 mm, 126.0000 mm): Via [GND] on F.Cu - B.Cu
[clearance]: Clearance violation ( clearance 0.2000 mm; actual 0.1500 mm)
    Local override; error
    @(82.5000 mm, 125.6000 mm): Pad 2 [+5V] of U2 on F.Cu
    @(82.3000 mm, 124.8000 mm): Via [GND] on F.Cu - B.Cu
[clearance]: Clearance violation ( clearance 0.2000 mm; actual 0.1250 mm)
    Local override; error
    @(109.7500 mm, 108.0000 mm): Track [GND] on F.Cu, length 0.8000 mm
    @(109.2500 mm, 108.0000 mm): Pad 39 [+3V3] of J1 on F.Cu
[shorting_items]: Items shorting two nets (nets +3V3 and GND)
    Local override; error
    @(109.2500 mm, 108.0000 mm): Pad 39 [+3V3] of J1 on F.Cu
    @(109.5500 mm, 108.0000 mm): Via [GND] on F.Cu - B.Cu
[clearance]: Clearance violation ( clearance 0.2000 mm; actual 0.1250 mm)
    Local override; error
    @(108.2500 mm, 108.0000 mm): Pad 37 [SPI_MOSI] of J1 on F.Cu
    @(108.7500 mm, 108.0000 mm): Track [GND] on F.Cu, length 0.8000 mm
[hole_clearance]: Hole clearance violation (board setup constraints hole clearance 0.2500 mm; actual 0.0000 mm)
    Rule: board setup constraints hole; error
    @(109.2500 mm, 108.0000 mm): Pad 39 [+3V3] of J1 on F.Cu
    @(109.5500 mm, 108.0000 mm): Via [GND] on F.Cu - B.Cu
[shorting_items]: Items shorting two nets (nets +3V3 and GND)
    Local override; error
    @(109.2500 mm, 108.0000 mm): Pad 39 [+3V3] of J1 on F.Cu
    @(108.7500 mm, 108.0000 mm): Track [GND] on F.Cu, length 0.8000 mm
[shorting_items]: Items shorting two nets (nets LCD_D11 and GND)
    Local override; error
    @(103.7500 mm, 108.0000 mm): Pad 28 [LCD_D11] of J1 on F.Cu
    @(104.0500 mm, 108.0000 mm): Via [GND] on F.Cu - B.Cu
[clearance]: Clearance violation ( clearance 0.2000 mm; actual 0.1250 mm)
    Local override; error
    @(102.7500 mm, 108.0000 mm): Pad 26 [LCD_D10] of J1 on F.Cu
    @(103.2500 mm, 108.0000 mm): Track [GND] on F.Cu, length 0.8000 mm
[hole_clearance]: Hole clearance violation (board setup constraints hole clearance 0.2500 mm; actual 0.0000 mm)
    Rule: board setup constraints hole; error
    @(103.7500 mm, 108.0000 mm): Pad 28 [LCD_D11] of J1 on F.Cu
    @(104.0500 mm, 108.0000 mm): Via [GND] on F.Cu - B.Cu
[shorting_items]: Items shorting two nets (nets LCD_D11 and GND)
    Local override; error
    @(103.7500 mm, 108.0000 mm): Pad 28 [LCD_D11] of J1 on F.Cu
    @(103.2500 mm, 108.0000 mm): Track [GND] on F.Cu, length 0.8000 mm
[shorting_items]: Items shorting two nets (nets GND and LCD_D12)
    Local override; error
    @(104.0500 mm, 108.0000 mm): Via [GND] on F.Cu - B.Cu
    @(104.2500 mm, 108.0000 mm): Pad 29 [LCD_D12] of J1 on F.Cu
[shorting_items]: Items shorting two nets (nets LCD_D12 and GND)
    Local override; error
    @(104.2500 mm, 108.0000 mm): Pad 29 [LCD_D12] of J1 on F.Cu
    @(103.2500 mm, 108.0000 mm): Track [GND] on F.Cu, length 0.8000 mm
[hole_clearance]: Hole clearance violation (board setup constraints hole clearance 0.2500 mm; actual 0.0000 mm)
    Rule: board setup constraints hole; error
    @(104.2500 mm, 108.0000 mm): Pad 29 [LCD_D12] of J1 on F.Cu
    @(104.0500 mm, 108.0000 mm): Via [GND] on F.Cu - B.Cu
[clearance]: Clearance violation ( clearance 0.2000 mm; actual 0.1500 mm)
    Local override; error
    @(104.0500 mm, 108.0000 mm): Via [GND] on F.Cu - B.Cu
    @(104.7500 mm, 108.0000 mm): Pad 30 [LCD_D13] of J1 on F.Cu
[shorting_items]: Items shorting two nets (nets LCD_D0 and GND)
    Local override; error
    @(97.7500 mm, 108.0000 mm): Pad 16 [LCD_D0] of J1 on F.Cu
    @(98.0500 mm, 108.0000 mm): Via [GND] on F.Cu - B.Cu
[hole_clearance]: Hole clearance violation (board setup constraints hole clearance 0.2500 mm; actual 0.0000 mm)
    Rule: board setup constraints hole; error
    @(97.7500 mm, 108.0000 mm): Pad 16 [LCD_D0] of J1 on F.Cu
    @(98.0500 mm, 108.0000 mm): Via [GND] on F.Cu - B.Cu
[shorting_items]: Items shorting two nets (nets GND and LCD_VS)
    Local override; error
    @(95.5500 mm, 108.0000 mm): Via [GND] on F.Cu - B.Cu
    @(95.2500 mm, 108.0000 mm): Pad 11 [LCD_VS] of J1 on F.Cu
[shorting_items]: Items shorting two nets (nets LCD_D1 and GND)
    Local override; error
    @(98.2500 mm, 108.0000 mm): Pad 17 [LCD_D1] of J1 on F.Cu
    @(98.0500 mm, 108.0000 mm): Via [GND] on F.Cu - B.Cu
[hole_clearance]: Hole clearance violation (board setup constraints hole clearance 0.2500 mm; actual 0.0000 mm)
    Rule: board setup constraints hole; error
    @(95.2500 mm, 108.0000 mm): Pad 11 [LCD_VS] of J1 on F.Cu
    @(95.5500 mm, 108.0000 mm): Via [GND] on F.Cu - B.Cu
[shorting_items]: Items shorting two nets (nets GND and LCD_HS)
    Local override; error
    @(95.5500 mm, 108.0000 mm): Via [GND] on F.Cu - B.Cu
    @(95.7500 mm, 108.0000 mm): Pad 12 [LCD_HS] of J1 on F.Cu
[hole_clearance]: Hole clearance violation (board setup constraints hole clearance 0.2500 mm; actual 0.0000 mm)
    Rule: board setup constraints hole; error
    @(98.2500 mm, 108.0000 mm): Pad 17 [LCD_D1] of J1 on F.Cu
    @(98.0500 mm, 108.0000 mm): Via [GND] on F.Cu - B.Cu
[hole_clearance]: Hole clearance violation (board setup constraints hole clearance 0.2500 mm; actual 0.0000 mm)
    Rule: board setup constraints hole; error
    @(95.7500 mm, 108.0000 mm): Pad 12 [LCD_HS] of J1 on F.Cu
    @(95.5500 mm, 108.0000 mm): Via [GND] on F.Cu - B.Cu
[clearance]: Clearance violation ( clearance 0.2000 mm; actual 0.1500 mm)
    Local override; error
    @(98.7500 mm, 108.0000 mm): Pad 18 [LCD_D2] of J1 on F.Cu
    @(98.0500 mm, 108.0000 mm): Via [GND] on F.Cu - B.Cu
[clearance]: Clearance violation ( clearance 0.2000 mm; actual 0.1500 mm)
    Local override; error
    @(96.2500 mm, 108.0000 mm): Pad 13 [LCD_PCLK] of J1 on F.Cu
    @(95.5500 mm, 108.0000 mm): Via [GND] on F.Cu - B.Cu
[clearance]: Clearance violation ( clearance 0.2000 mm; actual 0.1250 mm)
    Local override; error
    @(96.7500 mm, 108.0000 mm): Pad 14 [LCD_DE] of J1 on F.Cu
    @(97.2500 mm, 108.0000 mm): Track [GND] on F.Cu, length 0.8000 mm
[clearance]: Clearance violation ( clearance 0.2000 mm; actual 0.1250 mm)
    Local override; error
    @(94.2500 mm, 108.0000 mm): Pad 9 [<no net>] of J1 on F.Cu
    @(94.7500 mm, 108.0000 mm): Track [GND] on F.Cu, length 0.8000 mm
[shorting_items]: Items shorting two nets (nets LCD_D0 and GND)
    Local override; error
    @(97.7500 mm, 108.0000 mm): Pad 16 [LCD_D0] of J1 on F.Cu
    @(97.2500 mm, 108.0000 mm): Track [GND] on F.Cu, length 0.8000 mm
[shorting_items]: Items shorting two nets (nets GND and LCD_VS)
    Local override; error
    @(94.7500 mm, 108.0000 mm): Track [GND] on F.Cu, length 0.8000 mm
    @(95.2500 mm, 108.0000 mm): Pad 11 [LCD_VS] of J1 on F.Cu
[shorting_items]: Items shorting two nets (nets GND and LCD_D1)
    Local override; error
    @(97.2500 mm, 108.0000 mm): Track [GND] on F.Cu, length 0.8000 mm
    @(98.2500 mm, 108.0000 mm): Pad 17 [LCD_D1] of J1 on F.Cu
[shorting_items]: Items shorting two nets (nets GND and LCD_HS)
    Local override; error
    @(94.7500 mm, 108.0000 mm): Track [GND] on F.Cu, length 0.8000 mm
    @(95.7500 mm, 108.0000 mm): Pad 12 [LCD_HS] of J1 on F.Cu
[shorting_items]: Items shorting two nets (nets GND and )
    Local override; error
    @(94.0500 mm, 108.0000 mm): Via [GND] on F.Cu - B.Cu
    @(93.7500 mm, 108.0000 mm): Pad 8 [<no net>] of J1 on F.Cu
[hole_clearance]: Hole clearance violation (board setup constraints hole clearance 0.2500 mm; actual 0.0000 mm)
    Rule: board setup constraints hole; error
    @(93.7500 mm, 108.0000 mm): Pad 8 [<no net>] of J1 on F.Cu
    @(94.0500 mm, 108.0000 mm): Via [GND] on F.Cu - B.Cu
[clearance]: Clearance violation ( clearance 0.2000 mm; actual 0.1250 mm)
    Local override; error
    @(93.2500 mm, 108.0000 mm): Track [GND] on F.Cu, length 0.8000 mm
    @(92.7500 mm, 108.0000 mm): Pad 6 [<no net>] of J1 on F.Cu
[shorting_items]: Items shorting two nets (nets  and GND)
    Local override; error
    @(94.2500 mm, 108.0000 mm): Pad 9 [<no net>] of J1 on F.Cu
    @(94.0500 mm, 108.0000 mm): Via [GND] on F.Cu - B.Cu
[shorting_items]: Items shorting two nets (nets GND and )
    Local override; error
    @(93.2500 mm, 108.0000 mm): Track [GND] on F.Cu, length 0.8000 mm
    @(93.7500 mm, 108.0000 mm): Pad 8 [<no net>] of J1 on F.Cu
[shorting_items]: Items shorting two nets (nets GND and )
    Local override; error
    @(93.2500 mm, 108.0000 mm): Track [GND] on F.Cu, length 0.8000 mm
    @(94.2500 mm, 108.0000 mm): Pad 9 [<no net>] of J1 on F.Cu
[hole_clearance]: Hole clearance violation (board setup constraints hole clearance 0.2500 mm; actual 0.0000 mm)
    Rule: board setup constraints hole; error
    @(94.2500 mm, 108.0000 mm): Pad 9 [<no net>] of J1 on F.Cu
    @(94.0500 mm, 108.0000 mm): Via [GND] on F.Cu - B.Cu
[shorting_items]: Items shorting two nets (nets  and GND)
    Local override; error
    @(92.2500 mm, 108.0000 mm): Pad 5 [<no net>] of J1 on F.Cu
    @(92.5500 mm, 108.0000 mm): Via [GND] on F.Cu - B.Cu
[clearance]: Clearance violation ( clearance 0.2000 mm; actual 0.1250 mm)
    Local override; error
    @(91.2500 mm, 108.0000 mm): Pad 3 [+3V3] of J1 on F.Cu
    @(91.7500 mm, 108.0000 mm): Track [GND] on F.Cu, length 0.8000 mm
[hole_clearance]: Hole clearance violation (board setup constraints hole clearance 0.2500 mm; actual 0.0000 mm)
    Rule: board setup constraints hole; error
    @(92.2500 mm, 108.0000 mm): Pad 5 [<no net>] of J1 on F.Cu
    @(92.5500 mm, 108.0000 mm): Via [GND] on F.Cu - B.Cu
[shorting_items]: Items shorting two nets (nets  and GND)
    Local override; error
    @(92.2500 mm, 108.0000 mm): Pad 5 [<no net>] of J1 on F.Cu
    @(91.7500 mm, 108.0000 mm): Track [GND] on F.Cu, length 0.8000 mm
[shorting_items]: Items shorting two nets (nets  and GND)
    Local override; error
    @(92.7500 mm, 108.0000 mm): Pad 6 [<no net>] of J1 on F.Cu
    @(92.5500 mm, 108.0000 mm): Via [GND] on F.Cu - B.Cu
[shorting_items]: Items shorting two nets (nets  and GND)
    Local override; error
    @(92.7500 mm, 108.0000 mm): Pad 6 [<no net>] of J1 on F.Cu
    @(91.7500 mm, 108.0000 mm): Track [GND] on F.Cu, length 0.8000 mm
[hole_clearance]: Hole clearance violation (board setup constraints hole clearance 0.2500 mm; actual 0.0000 mm)
    Rule: board setup constraints hole; error
    @(92.7500 mm, 108.0000 mm): Pad 6 [<no net>] of J1 on F.Cu
    @(92.5500 mm, 108.0000 mm): Via [GND] on F.Cu - B.Cu
[tracks_crossing]: Tracks crossing
    Local override; error
    @(111.4000 mm, 80.0000 mm): Track [+3V3] on F.Cu, length 0.8000 mm
    @(114.6000 mm, 80.0000 mm): Track [EN] on F.Cu, length 23.6445 mm
[shorting_items]: Items shorting two nets (nets EN and +3V3)
    Local override; error
    @(114.6000 mm, 80.0000 mm): Track [EN] on F.Cu, length 23.6445 mm
    @(111.4000 mm, 79.2000 mm): Via [+3V3] on F.Cu - B.Cu
[hole_clearance]: Hole clearance violation (board setup constraints hole clearance 0.2500 mm; actual 0.0000 mm)
    Rule: board setup constraints hole; error
    @(114.6000 mm, 80.0000 mm): Track [EN] on F.Cu, length 23.6445 mm
    @(111.4000 mm, 79.2000 mm): Via [+3V3] on F.Cu - B.Cu
[clearance]: Clearance violation ( clearance 0.2000 mm; actual 0.0512 mm)
    Local override; error
    @(74.8000 mm, 88.8250 mm): Track [GND] on In2.Cu, length 40.9734 mm
    @(90.4000 mm, 95.2000 mm): Via [+3V3] on F.Cu - B.Cu
[shorting_items]: Items shorting two nets (nets +3V3 and GND)
    Local override; error
    @(74.0000 mm, 86.7550 mm): Track [+3V3] on In1.Cu, length 22.9974 mm
    @(74.8000 mm, 88.8250 mm): Via [GND] on F.Cu - B.Cu
[hole_clearance]: Hole clearance violation (board setup constraints hole clearance 0.2500 mm; actual 0.1755 mm)
    Rule: board setup constraints hole; error
    @(74.0000 mm, 86.7550 mm): Track [+3V3] on In1.Cu, length 22.9974 mm
    @(74.8000 mm, 88.8250 mm): Via [GND] on F.Cu - B.Cu
[clearance]: Clearance violation ( clearance 0.2000 mm; actual 0.0939 mm)
    Local override; error
    @(126.7000 mm, 86.1200 mm): Track [+3V3] on In1.Cu, length 43.0598 mm
    @(118.1000 mm, 89.4600 mm): Via [GND] on F.Cu - B.Cu
[shorting_items]: Items shorting two nets (nets +3V3 and GND)
    Local override; error
    @(126.7000 mm, 86.1200 mm): Track [+3V3] on In1.Cu, length 43.0598 mm
    @(118.1000 mm, 90.7300 mm): Via [GND] on F.Cu - B.Cu
[hole_clearance]: Hole clearance violation (board setup constraints hole clearance 0.2500 mm; actual 0.0000 mm)
    Rule: board setup constraints hole; error
    @(126.7000 mm, 86.1200 mm): Track [+3V3] on In1.Cu, length 43.0598 mm
    @(118.1000 mm, 90.7300 mm): Via [GND] on F.Cu - B.Cu
[shorting_items]: Items shorting two nets (nets +3V3 and GND)
    Local override; error
    @(117.3000 mm, 92.4700 mm): Via [+3V3] on F.Cu - B.Cu
    @(117.3000 mm, 92.0000 mm): Pad 5 [GND] of U3 on F.Cu
[hole_clearance]: Hole clearance violation (board setup constraints hole clearance 0.2500 mm; actual 0.0000 mm)
    Rule: board setup constraints hole; error
    @(117.3000 mm, 92.0000 mm): Pad 5 [GND] of U3 on F.Cu
    @(117.3000 mm, 92.4700 mm): Via [+3V3] on F.Cu - B.Cu
[shorting_items]: Items shorting two nets (nets +3V3 and GND)
    Local override; error
    @(117.3000 mm, 93.2700 mm): Track [+3V3] on F.Cu, length 0.8000 mm
    @(117.3000 mm, 92.0000 mm): Pad 5 [GND] of U3 on F.Cu
[clearance]: Clearance violation ( clearance 0.2000 mm; actual 0.1278 mm)
    Local override; error
    @(118.1000 mm, 92.0000 mm): Via [GND] on F.Cu - B.Cu
    @(117.3000 mm, 92.4700 mm): Via [+3V3] on F.Cu - B.Cu
[shorting_items]: Items shorting two nets (nets GND and +3V3)
    Local override; error
    @(117.3000 mm, 92.0000 mm): Track [GND] on F.Cu, length 0.8000 mm
    @(117.3000 mm, 92.4700 mm): Via [+3V3] on F.Cu - B.Cu
[clearance]: Clearance violation ( clearance 0.2000 mm; actual 0.0200 mm)
    Local override; error
    @(117.3000 mm, 92.0000 mm): Track [GND] on F.Cu, length 0.8000 mm
    @(117.3000 mm, 93.2700 mm): Track [+3V3] on F.Cu, length 0.8000 mm
[hole_clearance]: Hole clearance violation (board setup constraints hole clearance 0.2500 mm; actual 0.0700 mm)
    Rule: board setup constraints hole; error
    @(117.3000 mm, 92.0000 mm): Track [GND] on F.Cu, length 0.8000 mm
    @(117.3000 mm, 92.4700 mm): Via [+3V3] on F.Cu - B.Cu
[clearance]: Clearance violation ( clearance 0.2000 mm; actual 0.1278 mm)
    Local override; error
    @(118.1000 mm, 92.0000 mm): Via [GND] on F.Cu - B.Cu
    @(117.3000 mm, 92.4700 mm): Via [+3V3] on F.Cu - B.Cu
[clearance]: Clearance violation ( clearance 0.2000 mm; actual 0.1794 mm)
    Local override; error
    @(109.2500 mm, 107.2000 mm): Track [+3V3] on In1.Cu, length 21.3636 mm
    @(109.5500 mm, 108.0000 mm): Via [GND] on F.Cu - B.Cu
[clearance]: Clearance violation ( clearance 0.2000 mm; actual 0.1278 mm)
    Local override; error
    @(118.1000 mm, 92.0000 mm): Via [GND] on F.Cu - B.Cu
    @(117.3000 mm, 92.4700 mm): Via [+3V3] on F.Cu - B.Cu
[shorting_items]: Items shorting two nets (nets +3V3 and GND)
    Local override; error
    @(109.2500 mm, 107.2000 mm): Via [+3V3] on F.Cu - B.Cu
    @(108.7500 mm, 108.0000 mm): Pad 38 [GND] of J1 on F.Cu
[clearance]: Clearance violation ( clearance 0.2000 mm; actual 0.1278 mm)
    Local override; error
    @(118.1000 mm, 92.0000 mm): Via [GND] on F.Cu - B.Cu
    @(117.3000 mm, 92.4700 mm): Via [+3V3] on F.Cu - B.Cu
[shorting_items]: Items shorting two nets (nets GND and +3V3)
    Local override; error
    @(118.1000 mm, 90.7300 mm): Track [GND] on In2.Cu, length 16.4433 mm
    @(117.3000 mm, 92.4700 mm): Via [+3V3] on F.Cu - B.Cu
[hole_clearance]: Hole clearance violation (board setup constraints hole clearance 0.2500 mm; actual 0.1786 mm)
    Rule: board setup constraints hole; error
    @(108.7500 mm, 108.0000 mm): Pad 38 [GND] of J1 on F.Cu
    @(109.2500 mm, 107.2000 mm): Via [+3V3] on F.Cu - B.Cu
[shorting_items]: Items shorting two nets (nets GND and +3V3)
    Local override; error
    @(109.7500 mm, 108.0000 mm): Pad 40 [GND] of J1 on F.Cu
    @(109.2500 mm, 107.2000 mm): Via [+3V3] on F.Cu - B.Cu
[hole_clearance]: Hole clearance violation (board setup constraints hole clearance 0.2500 mm; actual 0.0000 mm)
    Rule: board setup constraints hole; error
    @(118.1000 mm, 90.7300 mm): Track [GND] on In2.Cu, length 16.4433 mm
    @(117.3000 mm, 92.4700 mm): Via [+3V3] on F.Cu - B.Cu
[shorting_items]: Items shorting two nets (nets +3V3 and GND)
    Local override; error
    @(117.3000 mm, 92.4700 mm): Via [+3V3] on F.Cu - B.Cu
    @(118.1000 mm, 92.0000 mm): Track [GND] on In2.Cu, length 15.2712 mm
[hole_clearance]: Hole clearance violation (board setup constraints hole clearance 0.2500 mm; actual 0.1786 mm)
    Rule: board setup constraints hole; error
    @(109.7500 mm, 108.0000 mm): Pad 40 [GND] of J1 on F.Cu
    @(109.2500 mm, 107.2000 mm): Via [+3V3] on F.Cu - B.Cu
[hole_clearance]: Hole clearance violation (board setup constraints hole clearance 0.2500 mm; actual 0.0707 mm)
    Rule: board setup constraints hole; error
    @(118.1000 mm, 92.0000 mm): Track [GND] on In2.Cu, length 15.2712 mm
    @(117.3000 mm, 92.4700 mm): Via [+3V3] on F.Cu - B.Cu
[shorting_items]: Items shorting two nets (nets GND and +3V3)
    Local override; error
    @(118.1000 mm, 89.4600 mm): Track [GND] on In2.Cu, length 17.6290 mm
    @(117.3000 mm, 92.4700 mm): Via [+3V3] on F.Cu - B.Cu
[clearance]: Clearance violation ( clearance 0.2000 mm; actual 0.1750 mm)
    Local override; error
    @(109.2500 mm, 107.2000 mm): Via [+3V3] on F.Cu - B.Cu
    @(108.7500 mm, 108.0000 mm): Track [GND] on F.Cu, length 0.8000 mm
[hole_clearance]: Hole clearance violation (board setup constraints hole clearance 0.2500 mm; actual 0.0000 mm)
    Rule: board setup constraints hole; error
    @(118.1000 mm, 89.4600 mm): Track [GND] on In2.Cu, length 17.6290 mm
    @(117.3000 mm, 92.4700 mm): Via [+3V3] on F.Cu - B.Cu
[clearance]: Clearance violation ( clearance 0.2000 mm; actual 0.0544 mm)
    Local override; error
    @(109.2500 mm, 107.2000 mm): Via [+3V3] on F.Cu - B.Cu
    @(109.5500 mm, 108.0000 mm): Via [GND] on F.Cu - B.Cu
[clearance]: Clearance violation ( clearance 0.2000 mm; actual 0.0544 mm)
    Local override; error
    @(109.2500 mm, 107.2000 mm): Via [+3V3] on F.Cu - B.Cu
    @(109.5500 mm, 108.0000 mm): Via [GND] on F.Cu - B.Cu
[clearance]: Clearance violation ( clearance 0.2000 mm; actual 0.1250 mm)
    Local override; error
    @(109.2500 mm, 108.0000 mm): Track [+3V3] on F.Cu, length 0.8000 mm
    @(108.7500 mm, 108.0000 mm): Pad 38 [GND] of J1 on F.Cu
[clearance]: Clearance violation ( clearance 0.2000 mm; actual 0.1250 mm)
    Local override; error
    @(109.2500 mm, 108.0000 mm): Track [+3V3] on F.Cu, length 0.8000 mm
    @(109.7500 mm, 108.0000 mm): Pad 40 [GND] of J1 on F.Cu
[clearance]: Clearance violation ( clearance 0.2000 mm; actual 0.0544 mm)
    Local override; error
    @(109.2500 mm, 107.2000 mm): Via [+3V3] on F.Cu - B.Cu
    @(109.5500 mm, 108.0000 mm): Via [GND] on F.Cu - B.Cu
[tracks_crossing]: Tracks crossing
    Local override; error
    @(109.2500 mm, 108.0000 mm): Track [+3V3] on F.Cu, length 0.8000 mm
    @(108.7500 mm, 108.0000 mm): Track [GND] on F.Cu, length 0.8000 mm
[shorting_items]: Items shorting two nets (nets +3V3 and GND)
    Local override; error
    @(109.2500 mm, 108.0000 mm): Track [+3V3] on F.Cu, length 0.8000 mm
    @(109.5500 mm, 108.0000 mm): Via [GND] on F.Cu - B.Cu
[shorting_items]: Items shorting two nets (nets GND and +3V3)
    Local override; error
    @(82.3000 mm, 124.8000 mm): Track [GND] on In2.Cu, length 35.1501 mm
    @(109.2500 mm, 107.2000 mm): Via [+3V3] on F.Cu - B.Cu
[hole_clearance]: Hole clearance violation (board setup constraints hole clearance 0.2500 mm; actual 0.0000 mm)
    Rule: board setup constraints hole; error
    @(109.2500 mm, 108.0000 mm): Track [+3V3] on F.Cu, length 0.8000 mm
    @(109.5500 mm, 108.0000 mm): Via [GND] on F.Cu - B.Cu
[hole_clearance]: Hole clearance violation (board setup constraints hole clearance 0.2500 mm; actual 0.0000 mm)
    Rule: board setup constraints hole; error
    @(82.3000 mm, 124.8000 mm): Track [GND] on In2.Cu, length 35.1501 mm
    @(109.2500 mm, 107.2000 mm): Via [+3V3] on F.Cu - B.Cu
[shorting_items]: Items shorting two nets (nets GND and +3V3)
    Local override; error
    @(83.3000 mm, 127.2000 mm): Track [GND] on In2.Cu, length 35.6809 mm
    @(109.2500 mm, 107.2000 mm): Via [+3V3] on F.Cu - B.Cu
[clearance]: Clearance violation ( clearance 0.2000 mm; actual 0.0500 mm)
    Local override; error
    @(109.2500 mm, 108.0000 mm): Track [+3V3] on F.Cu, length 0.8000 mm
    @(109.7500 mm, 108.0000 mm): Track [GND] on F.Cu, length 0.8000 mm
[hole_clearance]: Hole clearance violation (board setup constraints hole clearance 0.2500 mm; actual 0.1937 mm)
    Rule: board setup constraints hole; error
    @(83.3000 mm, 127.2000 mm): Track [GND] on In2.Cu, length 35.6809 mm
    @(109.2500 mm, 107.2000 mm): Via [+3V3] on F.Cu - B.Cu
[clearance]: Clearance violation ( clearance 0.2000 mm; actual 0.0998 mm)
    Local override; error
    @(82.4000 mm, 130.0000 mm): Track [GND] on In2.Cu, length 38.1072 mm
    @(109.2500 mm, 107.2000 mm): Via [+3V3] on F.Cu - B.Cu
[shorting_items]: Items shorting two nets (nets +3V3 and GND)
    Local override; error
    @(109.2500 mm, 107.2000 mm): Via [+3V3] on F.Cu - B.Cu
    @(84.8000 mm, 126.0000 mm): Track [GND] on In2.Cu, length 33.7615 mm
[shorting_items]: Items shorting two nets (nets LED_A and +3V3)
    Local override; error
    @(90.7500 mm, 108.0000 mm): Pad 2 [LED_A] of J1 on F.Cu
    @(91.2500 mm, 107.2000 mm): Via [+3V3] on F.Cu - B.Cu
[hole_clearance]: Hole clearance violation (board setup constraints hole clearance 0.2500 mm; actual 0.1873 mm)
    Rule: board setup constraints hole; error
    @(84.8000 mm, 126.0000 mm): Track [GND] on In2.Cu, length 33.7615 mm
    @(109.2500 mm, 107.2000 mm): Via [+3V3] on F.Cu - B.Cu
[hole_clearance]: Hole clearance violation (board setup constraints hole clearance 0.2500 mm; actual 0.1786 mm)
    Rule: board setup constraints hole; error
    @(90.7500 mm, 108.0000 mm): Pad 2 [LED_A] of J1 on F.Cu
    @(91.2500 mm, 107.2000 mm): Via [+3V3] on F.Cu - B.Cu
[shorting_items]: Items shorting two nets (nets GND and +3V3)
    Local override; error
    @(91.7500 mm, 108.0000 mm): Pad 4 [GND] of J1 on F.Cu
    @(91.2500 mm, 107.2000 mm): Via [+3V3] on F.Cu - B.Cu
[clearance]: Clearance violation ( clearance 0.2000 mm; actual 0.1593 mm)
    Local override; error
    @(109.2500 mm, 107.2000 mm): Via [+3V3] on F.Cu - B.Cu
    @(95.5500 mm, 108.0000 mm): Track [GND] on In2.Cu, length 16.5711 mm
[hole_clearance]: Hole clearance violation (board setup constraints hole clearance 0.2500 mm; actual 0.1786 mm)
    Rule: board setup constraints hole; error
    @(91.7500 mm, 108.0000 mm): Pad 4 [GND] of J1 on F.Cu
    @(91.2500 mm, 107.2000 mm): Via [+3V3] on F.Cu - B.Cu
[clearance]: Clearance violation ( clearance 0.2000 mm; actual 0.0976 mm)
    Local override; error
    @(98.0500 mm, 108.0000 mm): Track [GND] on In2.Cu, length 14.0926 mm
    @(109.2500 mm, 107.2000 mm): Via [+3V3] on F.Cu - B.Cu
[clearance]: Clearance violation ( clearance 0.2000 mm; actual 0.1881 mm)
    Local override; error
    @(109.2500 mm, 107.2000 mm): Via [+3V3] on F.Cu - B.Cu
    @(94.0500 mm, 108.0000 mm): Track [GND] on In2.Cu, length 18.0611 mm
[shorting_items]: Items shorting two nets (nets GND and +3V3)
    Local override; error
    @(104.0500 mm, 108.0000 mm): Track [GND] on In2.Cu, length 8.1977 mm
    @(109.2500 mm, 107.2000 mm): Via [+3V3] on F.Cu - B.Cu
[hole_clearance]: Hole clearance violation (board setup constraints hole clearance 0.2500 mm; actual 0.0178 mm)
    Rule: board setup constraints hole; error
    @(104.0500 mm, 108.0000 mm): Track [GND] on In2.Cu, length 8.1977 mm
    @(109.2500 mm, 107.2000 mm): Via [+3V3] on F.Cu - B.Cu
[clearance]: Clearance violation ( clearance 0.2000 mm; actual 0.0500 mm)
    Local override; error
    @(91.2500 mm, 108.0000 mm): Track [+3V3] on F.Cu, length 0.8000 mm
    @(91.7500 mm, 108.0000 mm): Track [GND] on F.Cu, length 0.8000 mm
[clearance]: Clearance violation ( clearance 0.2000 mm; actual 0.0544 mm)
    Local override; error
    @(109.2500 mm, 107.2000 mm): Via [+3V3] on F.Cu - B.Cu
    @(109.5500 mm, 108.0000 mm): Via [GND] on F.Cu - B.Cu
[clearance]: Clearance violation ( clearance 0.2000 mm; actual 0.1250 mm)
    Local override; error
    @(91.2500 mm, 108.0000 mm): Track [+3V3] on F.Cu, length 0.8000 mm
    @(90.7500 mm, 108.0000 mm): Pad 2 [LED_A] of J1 on F.Cu
[clearance]: Clearance violation ( clearance 0.2000 mm; actual 0.1094 mm)
    Local override; error
    @(109.2500 mm, 107.2000 mm): Via [+3V3] on F.Cu - B.Cu
    @(109.5500 mm, 108.0000 mm): Track [GND] on In2.Cu, length 3.1627 mm
[clearance]: Clearance violation ( clearance 0.2000 mm; actual 0.1250 mm)
    Local override; error
    @(91.2500 mm, 108.0000 mm): Track [+3V3] on F.Cu, length 0.8000 mm
    @(91.7500 mm, 108.0000 mm): Pad 4 [GND] of J1 on F.Cu
[shorting_items]: Items shorting two nets (nets GND and +3V3)
    Local override; error
    @(91.2500 mm, 73.7400 mm): Track [GND] on F.Cu, length 0.8000 mm
    @(91.2500 mm, 74.2100 mm): Via [+3V3] on F.Cu - B.Cu
[clearance]: Clearance violation ( clearance 0.2000 mm; actual 0.0200 mm)
    Local override; error
    @(91.2500 mm, 73.7400 mm): Track [GND] on F.Cu, length 0.8000 mm
    @(91.2500 mm, 75.0100 mm): Track [+3V3] on F.Cu, length 0.8000 mm
[hole_clearance]: Hole clearance violation (board setup constraints hole clearance 0.2500 mm; actual 0.0700 mm)
    Rule: board setup constraints hole; error
    @(91.2500 mm, 73.7400 mm): Track [GND] on F.Cu, length 0.8000 mm
    @(91.2500 mm, 74.2100 mm): Via [+3V3] on F.Cu - B.Cu
[shorting_items]: Items shorting two nets (nets +3V3 and GND)
    Local override; error
    @(91.2500 mm, 75.0100 mm): Track [+3V3] on F.Cu, length 0.8000 mm
    @(91.2500 mm, 73.7400 mm): Pad 1 [GND] of U1 on F.Cu
[clearance]: Clearance violation ( clearance 0.2000 mm; actual 0.1278 mm)
    Local override; error
    @(92.0500 mm, 73.7400 mm): Via [GND] on F.Cu - B.Cu
    @(91.2500 mm, 74.2100 mm): Via [+3V3] on F.Cu - B.Cu
[shorting_items]: Items shorting two nets (nets GND and +3V3)
    Local override; error
    @(91.2500 mm, 73.7400 mm): Pad 1 [GND] of U1 on F.Cu
    @(91.2500 mm, 74.2100 mm): Via [+3V3] on F.Cu - B.Cu
[hole_clearance]: Hole clearance violation (board setup constraints hole clearance 0.2500 mm; actual 0.0000 mm)
    Rule: board setup constraints hole; error
    @(91.2500 mm, 73.7400 mm): Pad 1 [GND] of U1 on F.Cu
    @(91.2500 mm, 74.2100 mm): Via [+3V3] on F.Cu - B.Cu
[tracks_crossing]: Tracks crossing
    Local override; error
    @(90.6000 mm, 126.0000 mm): Track [+3V3] on F.Cu, length 0.8000 mm
    @(85.5000 mm, 126.4000 mm): Track [REG_VOS] on F.Cu, length 5.1157 mm
[clearance]: Clearance violation ( clearance 0.2000 mm; actual 0.1278 mm)
    Local override; error
    @(92.0500 mm, 73.7400 mm): Via [GND] on F.Cu - B.Cu
    @(91.2500 mm, 74.2100 mm): Via [+3V3] on F.Cu - B.Cu
[shorting_items]: Items shorting two nets (nets REG_VOS and +3V3)
    Local override; error
    @(85.5000 mm, 126.4000 mm): Track [REG_VOS] on F.Cu, length 5.1157 mm
    @(90.4000 mm, 126.0000 mm): Pad 2 [+3V3] of L1 on F.Cu
[clearance]: Clearance violation ( clearance 0.2000 mm; actual 0.1278 mm)
    Local override; error
    @(92.0500 mm, 73.7400 mm): Via [GND] on F.Cu - B.Cu
    @(91.2500 mm, 74.2100 mm): Via [+3V3] on F.Cu - B.Cu
[shorting_items]: Items shorting two nets (nets REG_SW and REG_VOS)
    Local override; error
    @(87.6000 mm, 126.0000 mm): Pad 1 [REG_SW] of L1 on F.Cu
    @(85.5000 mm, 126.4000 mm): Track [REG_VOS] on F.Cu, length 5.1157 mm
[clearance]: Clearance violation ( clearance 0.2000 mm; actual 0.1278 mm)
    Local override; error
    @(92.0500 mm, 73.7400 mm): Via [GND] on F.Cu - B.Cu
    @(91.2500 mm, 74.2100 mm): Via [+3V3] on F.Cu - B.Cu
[shorting_items]: Items shorting two nets (nets REG_SW and REG_VOS)
    Local override; error
    @(85.5000 mm, 125.6000 mm): Track [REG_SW] on F.Cu, length 1.9416 mm
    @(85.5000 mm, 126.4000 mm): Track [REG_VOS] on F.Cu, length 5.1157 mm
[shorting_items]: Items shorting two nets (nets +5V and GND)
    Local override; error
    @(97.5500 mm, 124.9550 mm): Track [+5V] on F.Cu, length 4.9000 mm
    @(97.5500 mm, 124.9550 mm): Via [GND] on F.Cu - B.Cu
[clearance]: Clearance violation ( clearance 0.2000 mm; actual 0.1562 mm)
    Local override; error
    @(85.5000 mm, 125.6000 mm): Track [REG_SW] on F.Cu, length 1.9416 mm
    @(84.8000 mm, 126.0000 mm): Via [GND] on F.Cu - B.Cu
[hole_clearance]: Hole clearance violation (board setup constraints hole clearance 0.2500 mm; actual 0.0000 mm)
    Rule: board setup constraints hole; error
    @(97.5500 mm, 124.9550 mm): Track [+5V] on F.Cu, length 4.9000 mm
    @(97.5500 mm, 124.9550 mm): Via [GND] on F.Cu - B.Cu
[shorting_items]: Items shorting two nets (nets +5V and USB_D+)
    Local override; error
    @(97.5500 mm, 124.9550 mm): Track [+5V] on F.Cu, length 4.9000 mm
    @(99.7500 mm, 124.9550 mm): Pad A6 [USB_D+] of J3 on F.Cu
[shorting_items]: Items shorting two nets (nets USB_D- and +5V)
    Local override; error
    @(99.2500 mm, 124.9550 mm): Pad B7 [USB_D-] of J3 on F.Cu
    @(97.5500 mm, 124.9550 mm): Track [+5V] on F.Cu, length 4.9000 mm
[shorting_items]: Items shorting two nets (nets +5V and USB_CC1)
    Local override; error
    @(97.5500 mm, 124.9550 mm): Track [+5V] on F.Cu, length 4.9000 mm
    @(98.7500 mm, 124.9550 mm): Pad A5 [USB_CC1] of J3 on F.Cu
[hole_clearance]: Hole clearance violation (board setup constraints hole clearance 0.2500 mm; actual 0.0000 mm)
    Rule: board setup constraints hole; error
    @(81.0000 mm, 126.0000 mm): Track [+5V] on F.Cu, length 18.3160 mm
    @(78.7870 mm, 121.2130 mm): NPTH pad of H135
[clearance]: Clearance violation ( clearance 0.2000 mm; actual 0.1500 mm)
    Local override; error
    @(97.5500 mm, 124.9550 mm): Track [+5V] on F.Cu, length 4.9000 mm
    @(103.2500 mm, 124.9550 mm): Pad A12 [GND] of J3 on F.Cu
[clearance]: Clearance violation ( clearance 0.2000 mm; actual 0.1500 mm)
    Local override; error
    @(103.2500 mm, 124.9550 mm): Pad B1 [GND] of J3 on F.Cu
    @(97.5500 mm, 124.9550 mm): Track [+5V] on F.Cu, length 4.9000 mm
[tracks_crossing]: Tracks crossing
    Local override; error
    @(96.7500 mm, 124.9550 mm): Track [GND] on F.Cu, length 0.8000 mm
    @(97.5500 mm, 124.9550 mm): Track [+5V] on F.Cu, length 4.9000 mm
[tracks_crossing]: Tracks crossing
    Local override; error
    @(90.6000 mm, 126.0000 mm): Track [+3V3] on F.Cu, length 0.8000 mm
    @(97.5500 mm, 124.9550 mm): Track [+5V] on F.Cu, length 16.5830 mm
[shorting_items]: Items shorting two nets (nets +5V and +3V3)
    Local override; error
    @(97.5500 mm, 124.9550 mm): Track [+5V] on F.Cu, length 16.5830 mm
    @(90.6000 mm, 125.2000 mm): Via [+3V3] on F.Cu - B.Cu
[clearance]: Clearance violation ( clearance 0.2000 mm; actual 0.1500 mm)
    Local override; error
    @(96.7500 mm, 124.9550 mm): Pad A1 [GND] of J3 on F.Cu
    @(97.5500 mm, 124.9550 mm): Track [+5V] on F.Cu, length 4.9000 mm
[hole_clearance]: Hole clearance violation (board setup constraints hole clearance 0.2500 mm; actual 0.0000 mm)
    Rule: board setup constraints hole; error
    @(97.5500 mm, 124.9550 mm): Track [+5V] on F.Cu, length 16.5830 mm
    @(90.6000 mm, 125.2000 mm): Via [+3V3] on F.Cu - B.Cu
[clearance]: Clearance violation ( clearance 0.2000 mm; actual 0.1500 mm)
    Local override; error
    @(96.7500 mm, 124.9550 mm): Pad B12 [GND] of J3 on F.Cu
    @(97.5500 mm, 124.9550 mm): Track [+5V] on F.Cu, length 4.9000 mm
[clearance]: Clearance violation ( clearance 0.2000 mm; actual 0.1550 mm)
    Local override; error
    @(97.5500 mm, 124.9550 mm): Track [+5V] on F.Cu, length 16.5830 mm
    @(85.5000 mm, 126.4000 mm): Track [REG_VOS] on F.Cu, length 5.1157 mm
[shorting_items]: Items shorting two nets (nets USB_D+ and +5V)
    Local override; error
    @(100.7500 mm, 124.9550 mm): Pad B6 [USB_D+] of J3 on F.Cu
    @(97.5500 mm, 124.9550 mm): Track [+5V] on F.Cu, length 4.9000 mm
[shorting_items]: Items shorting two nets (nets +5V and GND)
    Local override; error
    @(97.5500 mm, 124.9550 mm): Track [+5V] on F.Cu, length 16.5830 mm
    @(84.0000 mm, 126.0000 mm): Track [GND] on F.Cu, length 0.8000 mm
[shorting_items]: Items shorting two nets (nets +5V and USB_D-)
    Local override; error
    @(97.5500 mm, 124.9550 mm): Track [+5V] on F.Cu, length 4.9000 mm
    @(100.2500 mm, 124.9550 mm): Pad A7 [USB_D-] of J3 on F.Cu
[shorting_items]: Items shorting two nets (nets +5V and GND)
    Local override; error
    @(97.5500 mm, 124.9550 mm): Track [+5V] on F.Cu, length 16.5830 mm
    @(84.8000 mm, 126.0000 mm): Via [GND] on F.Cu - B.Cu
[shorting_items]: Items shorting two nets (nets +5V and USB_CC2)
    Local override; error
    @(97.5500 mm, 124.9550 mm): Track [+5V] on F.Cu, length 4.9000 mm
    @(101.7500 mm, 124.9550 mm): Pad B5 [USB_CC2] of J3 on F.Cu
[hole_clearance]: Hole clearance violation (board setup constraints hole clearance 0.2500 mm; actual 0.0000 mm)
    Rule: board setup constraints hole; error
    @(97.5500 mm, 124.9550 mm): Track [+5V] on F.Cu, length 16.5830 mm
    @(84.8000 mm, 126.0000 mm): Via [GND] on F.Cu - B.Cu
[shorting_items]: Items shorting two nets (nets +5V and USB_CC1)
    Local override; error
    @(97.5500 mm, 124.9550 mm): Track [+5V] on F.Cu, length 16.5830 mm
    @(98.7500 mm, 124.9550 mm): Track [USB_CC1] on F.Cu, length 6.6441 mm
[shorting_items]: Items shorting two nets (nets +5V and GND)
    Local override; error
    @(97.5500 mm, 124.9550 mm): Track [+5V] on F.Cu, length 16.5830 mm
    @(84.0000 mm, 126.0000 mm): Pad 9 [GND] of U2 on F.Cu
[clearance]: Clearance violation ( clearance 0.2000 mm; actual 0.0181 mm)
    Local override; error
    @(93.6000 mm, 123.0000 mm): Track [GND] on F.Cu, length 0.8000 mm
    @(98.7500 mm, 124.9550 mm): Track [USB_CC1] on F.Cu, length 6.6441 mm
[shorting_items]: Items shorting two nets (nets +5V and GND)
    Local override; error
    @(97.5500 mm, 124.9550 mm): Track [+5V] on F.Cu, length 16.5830 mm
    @(97.5500 mm, 124.9550 mm): Via [GND] on F.Cu - B.Cu
[hole_clearance]: Hole clearance violation (board setup constraints hole clearance 0.2500 mm; actual 0.0000 mm)
    Rule: board setup constraints hole; error
    @(97.5500 mm, 124.9550 mm): Track [+5V] on F.Cu, length 16.5830 mm
    @(97.5500 mm, 124.9550 mm): Via [GND] on F.Cu - B.Cu
[clearance]: Clearance violation ( clearance 0.2000 mm; actual 0.0785 mm)
    Local override; error
    @(94.4000 mm, 123.0000 mm): Via [GND] on F.Cu - B.Cu
    @(98.7500 mm, 124.9550 mm): Track [USB_CC1] on F.Cu, length 6.6441 mm
[shorting_items]: Items shorting two nets (nets +5V and +3V3)
    Local override; error
    @(97.5500 mm, 124.9550 mm): Track [+5V] on F.Cu, length 16.5830 mm
    @(90.4000 mm, 126.0000 mm): Pad 2 [+3V3] of L1 on F.Cu
[tracks_crossing]: Tracks crossing
    Local override; error
    @(97.5500 mm, 124.9550 mm): Track [+5V] on F.Cu, length 16.5830 mm
    @(85.5000 mm, 125.6000 mm): Track [REG_SW] on F.Cu, length 1.9416 mm
[shorting_items]: Items shorting two nets (nets USB_CC1 and GND)
    Local override; error
    @(98.7500 mm, 124.9550 mm): Track [USB_CC1] on F.Cu, length 6.6441 mm
    @(97.5500 mm, 124.9550 mm): Via [GND] on F.Cu - B.Cu
[hole_clearance]: Hole clearance violation (board setup constraints hole clearance 0.2500 mm; actual 0.0681 mm)
    Rule: board setup constraints hole; error
    @(98.7500 mm, 124.9550 mm): Track [USB_CC1] on F.Cu, length 6.6441 mm
    @(97.5500 mm, 124.9550 mm): Via [GND] on F.Cu - B.Cu
[clearance]: Clearance violation ( clearance 0.2000 mm; actual 0.1081 mm)
    Local override; error
    @(97.5500 mm, 124.9550 mm): Track [+5V] on F.Cu, length 16.5830 mm
    @(85.5000 mm, 126.4000 mm): Pad 6 [REG_VOS] of U2 on F.Cu
[tracks_crossing]: Tracks crossing
    Local override; error
    @(97.5500 mm, 124.9550 mm): Track [+5V] on F.Cu, length 4.9000 mm
    @(98.7500 mm, 124.9550 mm): Track [USB_CC1] on F.Cu, length 6.6441 mm
[shorting_items]: Items shorting two nets (nets +5V and REG_SW)
    Local override; error
    @(97.5500 mm, 124.9550 mm): Track [+5V] on F.Cu, length 16.5830 mm
    @(85.5000 mm, 125.6000 mm): Pad 7 [REG_SW] of U2 on F.Cu
[shorting_items]: Items shorting two nets (nets +5V and REG_SW)
    Local override; error
    @(97.5500 mm, 124.9550 mm): Track [+5V] on F.Cu, length 16.5830 mm
    @(87.6000 mm, 126.0000 mm): Pad 1 [REG_SW] of L1 on F.Cu
[clearance]: Clearance violation ( clearance 0.2000 mm; actual 0.1650 mm)
    Local override; error
    @(99.2500 mm, 124.9550 mm): Pad B7 [USB_D-] of J3 on F.Cu
    @(98.7500 mm, 124.9550 mm): Track [USB_CC1] on F.Cu, length 6.6441 mm
[tracks_crossing]: Tracks crossing
    Local override; error
    @(97.5500 mm, 124.9550 mm): Track [+5V] on F.Cu, length 16.5830 mm
    @(96.7500 mm, 124.9550 mm): Track [GND] on F.Cu, length 0.8000 mm
[shorting_items]: Items shorting two nets (nets +5V and USB_CC1)
    Local override; error
    @(97.5500 mm, 124.9550 mm): Pad A4 [+5V] of J3 on F.Cu
    @(98.7500 mm, 124.9550 mm): Track [USB_CC1] on F.Cu, length 6.6441 mm
[shorting_items]: Items shorting two nets (nets +5V and USB_CC1)
    Local override; error
    @(97.5500 mm, 124.9550 mm): Pad B9 [+5V] of J3 on F.Cu
    @(98.7500 mm, 124.9550 mm): Track [USB_CC1] on F.Cu, length 6.6441 mm
[clearance]: Clearance violation ( clearance 0.2000 mm; actual 0.1458 mm)
    Local override; error
    @(97.5500 mm, 124.9550 mm): Track [+5V] on F.Cu, length 16.5830 mm
    @(96.4800 mm, 125.8700 mm): Via [GND] on F.Cu - B.Cu
[shorting_items]: Items shorting two nets (nets GND and USB_CC1)
    Local override; error
    @(95.0000 mm, 123.0000 mm): Pad 2 [GND] of R1 on F.Cu
    @(98.7500 mm, 124.9550 mm): Track [USB_CC1] on F.Cu, length 6.6441 mm
[shorting_items]: Items shorting two nets (nets +5V and GND)
    Local override; error
    @(97.5500 mm, 124.9550 mm): Track [+5V] on F.Cu, length 16.5830 mm
    @(96.7500 mm, 124.9550 mm): Pad A1 [GND] of J3 on F.Cu
[clearance]: Clearance violation ( clearance 0.2000 mm; actual 0.0181 mm)
    Local override; error
    @(96.7500 mm, 124.9550 mm): Track [GND] on F.Cu, length 0.8000 mm
    @(98.7500 mm, 124.9550 mm): Track [USB_CC1] on F.Cu, length 6.6441 mm
[shorting_items]: Items shorting two nets (nets GND and +5V)
    Local override; error
    @(96.7500 mm, 124.9550 mm): Pad B12 [GND] of J3 on F.Cu
    @(97.5500 mm, 124.9550 mm): Track [+5V] on F.Cu, length 16.5830 mm
[shorting_items]: Items shorting two nets (nets GND and USB_CC1)
    Local override; error
    @(96.7500 mm, 124.9550 mm): Pad A1 [GND] of J3 on F.Cu
    @(98.7500 mm, 124.9550 mm): Track [USB_CC1] on F.Cu, length 6.6441 mm
[shorting_items]: Items shorting two nets (nets +5V and GND)
    Local override; error
    @(97.5500 mm, 124.9550 mm): Track [+5V] on F.Cu, length 16.5830 mm
    @(95.6800 mm, 125.8700 mm): PTH pad S1 [GND] of J3
[shorting_items]: Items shorting two nets (nets GND and USB_CC1)
    Local override; error
    @(96.7500 mm, 124.9550 mm): Pad B12 [GND] of J3 on F.Cu
    @(98.7500 mm, 124.9550 mm): Track [USB_CC1] on F.Cu, length 6.6441 mm
[hole_clearance]: Hole clearance violation (board setup constraints hole clearance 0.2500 mm; actual 0.1453 mm)
    Rule: board setup constraints hole; error
    @(97.5500 mm, 124.9550 mm): Track [+5V] on F.Cu, length 16.5830 mm
    @(95.6800 mm, 125.8700 mm): PTH pad S1 [GND] of J3
[shorting_items]: Items shorting two nets (nets GND and USB_D+_MCU)
    Local override; error
    @(93.6000 mm, 96.0000 mm): Track [GND] on F.Cu, length 0.8000 mm
    @(105.6000 mm, 116.0000 mm): Track [USB_D+_MCU] on F.Cu, length 29.4786 mm
[shorting_items]: Items shorting two nets (nets GND and USB_D+_MCU)
    Local override; error
    @(94.4000 mm, 96.0000 mm): Via [GND] on F.Cu - B.Cu
    @(105.6000 mm, 116.0000 mm): Track [USB_D+_MCU] on F.Cu, length 29.4786 mm
[tracks_crossing]: Tracks crossing
    Local override; error
    @(105.6000 mm, 116.0000 mm): Track [USB_D+_MCU] on F.Cu, length 29.4786 mm
    @(97.6000 mm, 116.0000 mm): Track [USB_D-_MCU] on F.Cu, length 27.7561 mm
[hole_clearance]: Hole clearance violation (board setup constraints hole clearance 0.2500 mm; actual 0.0000 mm)
    Rule: board setup constraints hole; error
    @(105.6000 mm, 116.0000 mm): Track [USB_D+_MCU] on F.Cu, length 29.4786 mm
    @(94.4000 mm, 96.0000 mm): Via [GND] on F.Cu - B.Cu
[shorting_items]: Items shorting two nets (nets GND and USB_D-_MCU)
    Local override; error
    @(94.7500 mm, 108.0000 mm): Track [GND] on F.Cu, length 0.8000 mm
    @(97.6000 mm, 116.0000 mm): Track [USB_D-_MCU] on F.Cu, length 27.7561 mm
[shorting_items]: Items shorting two nets (nets GND and USB_D-_MCU)
    Local override; error
    @(95.5500 mm, 108.0000 mm): Via [GND] on F.Cu - B.Cu
    @(97.6000 mm, 116.0000 mm): Track [USB_D-_MCU] on F.Cu, length 27.7561 mm
[hole_clearance]: Hole clearance violation (board setup constraints hole clearance 0.2500 mm; actual 0.0000 mm)
    Rule: board setup constraints hole; error
    @(97.6000 mm, 116.0000 mm): Track [USB_D-_MCU] on F.Cu, length 27.7561 mm
    @(95.5500 mm, 108.0000 mm): Via [GND] on F.Cu - B.Cu
[shorting_items]: Items shorting two nets (nets USB_D-_MCU and GND)
    Local override; error
    @(97.6000 mm, 116.0000 mm): Track [USB_D-_MCU] on F.Cu, length 27.7561 mm
    @(93.0000 mm, 96.0000 mm): Pad 2 [GND] of C3 on F.Cu
[shorting_items]: Items shorting two nets (nets USB_D+_MCU and USB_D-_MCU)
    Local override; error
    @(91.2500 mm, 90.2500 mm): Pad 14 [USB_D+_MCU] of U1 on F.Cu
    @(97.6000 mm, 116.0000 mm): Track [USB_D-_MCU] on F.Cu, length 27.7561 mm
[clearance]: Clearance violation ( clearance 0.2000 mm; actual 0.0651 mm)
    Local override; error
    @(105.6000 mm, 116.0000 mm): Track [USB_D+_MCU] on F.Cu, length 29.4786 mm
    @(93.0150 mm, 91.5000 mm): Pad 15 [<no net>] of U1 on F.Cu
[shorting_items]: Items shorting two nets (nets USB_D+_MCU and LCD_D8)
    Local override; error
    @(105.6000 mm, 116.0000 mm): Track [USB_D+_MCU] on F.Cu, length 29.4786 mm
    @(101.7500 mm, 108.0000 mm): Pad 24 [LCD_D8] of J1 on F.Cu
[clearance]: Clearance violation ( clearance 0.2000 mm; actual 0.0298 mm)
    Local override; error
    @(97.6000 mm, 116.0000 mm): Track [USB_D-_MCU] on F.Cu, length 27.7561 mm
    @(95.2500 mm, 108.0000 mm): Pad 11 [LCD_VS] of J1 on F.Cu
[shorting_items]: Items shorting two nets (nets LCD_HS and USB_D-_MCU)
    Local override; error
    @(95.7500 mm, 108.0000 mm): Pad 12 [LCD_HS] of J1 on F.Cu
    @(97.6000 mm, 116.0000 mm): Track [USB_D-_MCU] on F.Cu, length 27.7561 mm
[clearance]: Clearance violation ( clearance 0.2000 mm; actual 0.0884 mm)
    Local override; error
    @(96.2500 mm, 108.0000 mm): Pad 13 [LCD_PCLK] of J1 on F.Cu
    @(97.6000 mm, 116.0000 mm): Track [USB_D-_MCU] on F.Cu, length 27.7561 mm
[clearance]: Clearance violation ( clearance 0.2000 mm; actual 0.1728 mm)
    Local override; error
    @(105.6000 mm, 116.0000 mm): Track [USB_D+_MCU] on F.Cu, length 29.4786 mm
    @(100.2500 mm, 108.0000 mm): Pad 21 [LCD_D5] of J1 on F.Cu
[tracks_crossing]: Tracks crossing
    Local override; error
    @(97.5500 mm, 124.9550 mm): Track [+5V] on F.Cu, length 4.9000 mm
    @(100.2500 mm, 124.9550 mm): Track [USB_D+] on F.Cu, length 9.2095 mm
[shorting_items]: Items shorting two nets (nets USB_D+_MCU and LCD_D6)
    Local override; error
    @(105.6000 mm, 116.0000 mm): Track [USB_D+_MCU] on F.Cu, length 29.4786 mm
    @(100.7500 mm, 108.0000 mm): Pad 22 [LCD_D6] of J1 on F.Cu
[shorting_items]: Items shorting two nets (nets USB_D+_MCU and LCD_D7)
    Local override; error
    @(105.6000 mm, 116.0000 mm): Track [USB_D+_MCU] on F.Cu, length 29.4786 mm
    @(101.2500 mm, 108.0000 mm): Pad 23 [LCD_D7] of J1 on F.Cu
[shorting_items]: Items shorting two nets (nets USB_D- and USB_D+)
    Local override; error
    @(100.2500 mm, 124.9550 mm): Pad A7 [USB_D-] of J3 on F.Cu
    @(100.2500 mm, 124.9550 mm): Track [USB_D+] on F.Cu, length 9.2095 mm
[tracks_crossing]: Tracks crossing
    Local override; error
    @(99.7500 mm, 124.9550 mm): Track [USB_D+] on F.Cu, length 1.0000 mm
    @(97.5500 mm, 124.9550 mm): Track [+5V] on F.Cu, length 4.9000 mm
[tracks_crossing]: Tracks crossing
    Local override; error
    @(99.7500 mm, 124.9550 mm): Track [USB_D-] on F.Cu, length 10.4314 mm
    @(97.5500 mm, 124.9550 mm): Track [+5V] on F.Cu, length 4.9000 mm
[clearance]: Clearance violation ( clearance 0.2000 mm; actual 0.1650 mm)
    Local override; error
    @(99.7500 mm, 124.9550 mm): Track [USB_D+] on F.Cu, length 1.0000 mm
    @(99.2500 mm, 124.9550 mm): Pad B7 [USB_D-] of J3 on F.Cu
[shorting_items]: Items shorting two nets (nets USB_D- and USB_D+)
    Local override; error
    @(99.7500 mm, 124.9550 mm): Track [USB_D-] on F.Cu, length 10.4314 mm
    @(99.7500 mm, 124.9550 mm): Pad A6 [USB_D+] of J3 on F.Cu
[shorting_items]: Items shorting two nets (nets USB_D+ and USB_D-)
    Local override; error
    @(99.7500 mm, 124.9550 mm): Track [USB_D+] on F.Cu, length 1.0000 mm
    @(100.2500 mm, 124.9550 mm): Pad A7 [USB_D-] of J3 on F.Cu
[clearance]: Clearance violation ( clearance 0.2000 mm; actual 0.1835 mm)
    Local override; error
    @(99.7500 mm, 124.9550 mm): Track [USB_D-] on F.Cu, length 10.4314 mm
    @(98.7500 mm, 124.9550 mm): Pad A5 [USB_CC1] of J3 on F.Cu
[tracks_crossing]: Tracks crossing
    Local override; error
    @(100.2500 mm, 124.9550 mm): Track [USB_D-] on F.Cu, length 1.0000 mm
    @(100.2500 mm, 124.9550 mm): Track [USB_D+] on F.Cu, length 9.2095 mm
[tracks_crossing]: Tracks crossing
    Local override; error
    @(100.2500 mm, 124.9550 mm): Track [USB_D-] on F.Cu, length 1.0000 mm
    @(97.5500 mm, 124.9550 mm): Track [+5V] on F.Cu, length 4.9000 mm
[tracks_crossing]: Tracks crossing
    Local override; error
    @(99.7500 mm, 124.9550 mm): Track [USB_D+] on F.Cu, length 1.0000 mm
    @(99.7500 mm, 124.9550 mm): Track [USB_D-] on F.Cu, length 10.4314 mm
[shorting_items]: Items shorting two nets (nets USB_D- and USB_D+)
    Local override; error
    @(100.2500 mm, 124.9550 mm): Track [USB_D-] on F.Cu, length 1.0000 mm
    @(99.7500 mm, 124.9550 mm): Pad A6 [USB_D+] of J3 on F.Cu
[clearance]: Clearance violation ( clearance 0.2000 mm; actual 0.1650 mm)
    Local override; error
    @(100.2500 mm, 124.9550 mm): Track [USB_D-] on F.Cu, length 1.0000 mm
    @(98.7500 mm, 124.9550 mm): Pad A5 [USB_CC1] of J3 on F.Cu
[tracks_crossing]: Tracks crossing
    Local override; error
    @(100.2500 mm, 124.9550 mm): Track [USB_D-] on F.Cu, length 1.0000 mm
    @(99.7500 mm, 124.9550 mm): Track [USB_D+] on F.Cu, length 1.0000 mm
[clearance]: Clearance violation ( clearance 0.2000 mm; actual 0.1750 mm)
    Local override; error
    @(90.7500 mm, 108.0000 mm): Pad 2 [LED_A] of J1 on F.Cu
    @(90.2500 mm, 106.5000 mm): Track [LED_K] on F.Cu, length 1.5000 mm
[clearance]: Clearance violation ( clearance 0.2000 mm; actual 0.1650 mm)
    Local override; error
    @(100.2500 mm, 124.9550 mm): Track [USB_D-] on F.Cu, length 1.0000 mm
    @(100.7500 mm, 124.9550 mm): Pad B6 [USB_D+] of J3 on F.Cu
[shorting_items]: Items shorting two nets (nets LED_K and +3V3)
    Local override; error
    @(90.2500 mm, 106.5000 mm): Via [LED_K] on F.Cu - B.Cu
    @(91.2500 mm, 107.2000 mm): Track [+3V3] on In1.Cu, length 3.9246 mm
[shorting_items]: Items shorting two nets (nets LED_K and LED_A)
    Local override; error
    @(90.2500 mm, 106.5000 mm): Via [LED_K] on F.Cu - B.Cu
    @(90.7500 mm, 106.5000 mm): Track [LED_A] on F.Cu, length 1.5000 mm
[hole_clearance]: Hole clearance violation (board setup constraints hole clearance 0.2500 mm; actual 0.0000 mm)
    Rule: board setup constraints hole; error
    @(91.2500 mm, 107.2000 mm): Track [+3V3] on In1.Cu, length 3.9246 mm
    @(90.2500 mm, 106.5000 mm): Via [LED_K] on F.Cu - B.Cu
[hole_clearance]: Hole clearance violation (board setup constraints hole clearance 0.2500 mm; actual 0.1750 mm)
    Rule: board setup constraints hole; error
    @(90.7500 mm, 106.5000 mm): Track [LED_A] on F.Cu, length 1.5000 mm
    @(90.2500 mm, 106.5000 mm): Via [LED_K] on F.Cu - B.Cu
[clearance]: Clearance violation ( clearance 0.2000 mm; actual 0.1500 mm)
    Local override; error
    @(90.2500 mm, 106.5000 mm): Track [LED_K] on F.Cu, length 1.5000 mm
    @(90.7500 mm, 106.5000 mm): Track [LED_A] on F.Cu, length 1.5000 mm
[shorting_items]: Items shorting two nets (nets LED_A and LED_K)
    Local override; error
    @(90.7500 mm, 106.5000 mm): Via [LED_A] on F.Cu - B.Cu
    @(90.2500 mm, 106.5000 mm): Via [LED_K] on F.Cu - B.Cu
[clearance]: Clearance violation ( clearance 0.2000 mm; actual 0.1750 mm)
    Local override; error
    @(90.2500 mm, 108.0000 mm): Pad 1 [LED_K] of J1 on F.Cu
    @(90.7500 mm, 106.5000 mm): Track [LED_A] on F.Cu, length 1.5000 mm
[hole_clearance]: Hole clearance violation (board setup constraints hole clearance 0.2500 mm; actual 0.0000 mm)
    Rule: board setup constraints hole; error
    @(90.7500 mm, 106.5000 mm): Via [LED_A] on F.Cu - B.Cu
    @(90.2500 mm, 106.5000 mm): Via [LED_K] on F.Cu - B.Cu
[shorting_items]: Items shorting two nets (nets LED_A and LED_K)
    Local override; error
    @(90.7500 mm, 106.5000 mm): Via [LED_A] on F.Cu - B.Cu
    @(90.2500 mm, 106.5000 mm): Track [LED_K] on F.Cu, length 1.5000 mm
[clearance]: Clearance violation ( clearance 0.2000 mm; actual 0.1000 mm)
    Local override; error
    @(91.2500 mm, 108.0000 mm): Track [+3V3] on F.Cu, length 0.8000 mm
    @(90.7500 mm, 106.5000 mm): Track [LED_A] on F.Cu, length 1.5000 mm
[hole_clearance]: Hole clearance violation (board setup constraints hole clearance 0.2500 mm; actual 0.1750 mm)
    Rule: board setup constraints hole; error
    @(90.2500 mm, 106.5000 mm): Track [LED_K] on F.Cu, length 1.5000 mm
    @(90.7500 mm, 106.5000 mm): Via [LED_A] on F.Cu - B.Cu
[shorting_items]: Items shorting two nets (nets LED_A and +3V3)
    Local override; error
    @(90.7500 mm, 106.5000 mm): Track [LED_A] on F.Cu, length 1.5000 mm
    @(91.2500 mm, 107.2000 mm): Via [+3V3] on F.Cu - B.Cu
[hole_clearance]: Hole clearance violation (board setup constraints hole clearance 0.2500 mm; actual 0.1500 mm)
    Rule: board setup constraints hole; error
    @(90.7500 mm, 106.5000 mm): Track [LED_A] on F.Cu, length 1.5000 mm
    @(91.2500 mm, 107.2000 mm): Via [+3V3] on F.Cu - B.Cu
[clearance]: Clearance violation ( clearance 0.2000 mm; actual 0.1102 mm)
    Local override; error
    @(90.7500 mm, 106.5000 mm): Via [LED_A] on F.Cu - B.Cu
    @(91.2500 mm, 107.2000 mm): Via [+3V3] on F.Cu - B.Cu
[clearance]: Clearance violation ( clearance 0.2000 mm; actual 0.1750 mm)
    Local override; error
    @(91.2500 mm, 108.0000 mm): Pad 3 [+3V3] of J1 on F.Cu
    @(90.7500 mm, 106.5000 mm): Track [LED_A] on F.Cu, length 1.5000 mm
[shorting_items]: Items shorting two nets (nets LED_A and LED_K)
    Local override; error
    @(90.7500 mm, 106.5000 mm): Via [LED_A] on F.Cu - B.Cu
    @(90.2500 mm, 106.5000 mm): Via [LED_K] on F.Cu - B.Cu
[hole_clearance]: Hole clearance violation (board setup constraints hole clearance 0.2500 mm; actual 0.0000 mm)
    Rule: board setup constraints hole; error
    @(90.7500 mm, 106.5000 mm): Via [LED_A] on F.Cu - B.Cu
    @(90.2500 mm, 106.5000 mm): Via [LED_K] on F.Cu - B.Cu
[shorting_items]: Items shorting two nets (nets LED_K and LED_A)
    Local override; error
    @(90.2500 mm, 106.5000 mm): Via [LED_K] on F.Cu - B.Cu
    @(90.7500 mm, 112.0000 mm): Track [LED_A] on B.Cu, length 5.5000 mm
[clearance]: Clearance violation ( clearance 0.2000 mm; actual 0.1102 mm)
    Local override; error
    @(90.7500 mm, 106.5000 mm): Via [LED_A] on F.Cu - B.Cu
    @(91.2500 mm, 107.2000 mm): Via [+3V3] on F.Cu - B.Cu
[hole_clearance]: Hole clearance violation (board setup constraints hole clearance 0.2500 mm; actual 0.1750 mm)
    Rule: board setup constraints hole; error
    @(90.7500 mm, 112.0000 mm): Track [LED_A] on B.Cu, length 5.5000 mm
    @(90.2500 mm, 106.5000 mm): Via [LED_K] on F.Cu - B.Cu
[shorting_items]: Items shorting two nets (nets LED_A and LED_K)
    Local override; error
    @(90.7500 mm, 106.5000 mm): Via [LED_A] on F.Cu - B.Cu
    @(90.2500 mm, 112.0000 mm): Track [LED_K] on B.Cu, length 5.5000 mm
[shorting_items]: Items shorting two nets (nets LED_A and +3V3)
    Local override; error
    @(90.7500 mm, 112.0000 mm): Track [LED_A] on B.Cu, length 5.5000 mm
    @(91.2500 mm, 107.2000 mm): Via [+3V3] on F.Cu - B.Cu
[hole_clearance]: Hole clearance violation (board setup constraints hole clearance 0.2500 mm; actual 0.1500 mm)
    Rule: board setup constraints hole; error
    @(90.7500 mm, 112.0000 mm): Track [LED_A] on B.Cu, length 5.5000 mm
    @(91.2500 mm, 107.2000 mm): Via [+3V3] on F.Cu - B.Cu
[hole_clearance]: Hole clearance violation (board setup constraints hole clearance 0.2500 mm; actual 0.1750 mm)
    Rule: board setup constraints hole; error
    @(90.2500 mm, 112.0000 mm): Track [LED_K] on B.Cu, length 5.5000 mm
    @(90.7500 mm, 106.5000 mm): Via [LED_A] on F.Cu - B.Cu
[clearance]: Clearance violation ( clearance 0.2000 mm; actual 0.1500 mm)
    Local override; error
    @(76.8100 mm, 112.0000 mm): Track [LED_K] on B.Cu, length 13.4400 mm
    @(90.7500 mm, 112.0000 mm): Track [LED_A] on B.Cu, length 5.5000 mm
[shorting_items]: Items shorting two nets (nets LED_A and LED_K)
    Local override; error
    @(90.7500 mm, 106.5000 mm): Via [LED_A] on F.Cu - B.Cu
    @(90.2500 mm, 106.5000 mm): Via [LED_K] on F.Cu - B.Cu
[clearance]: Clearance violation ( clearance 0.2000 mm; actual 0.1500 mm)
    Local override; error
    @(90.7500 mm, 112.0000 mm): Track [LED_A] on B.Cu, length 5.5000 mm
    @(90.2500 mm, 112.0000 mm): Track [LED_K] on B.Cu, length 5.5000 mm
[hole_clearance]: Hole clearance violation (board setup constraints hole clearance 0.2500 mm; actual 0.0000 mm)
    Rule: board setup constraints hole; error
    @(90.7500 mm, 106.5000 mm): Via [LED_A] on F.Cu - B.Cu
    @(90.2500 mm, 106.5000 mm): Via [LED_K] on F.Cu - B.Cu
[shorting_items]: Items shorting two nets (nets LED_A and +3V3)
    Local override; error
    @(90.7500 mm, 106.5000 mm): Via [LED_A] on F.Cu - B.Cu
    @(91.2500 mm, 107.2000 mm): Track [+3V3] on In1.Cu, length 3.9246 mm
[shorting_items]: Items shorting two nets (nets LED_A and LED_K)
    Local override; error
    @(74.2700 mm, 112.0000 mm): Track [LED_A] on B.Cu, length 16.4800 mm
    @(76.8100 mm, 112.0000 mm): Via [LED_K] on F.Cu - B.Cu
[hole_clearance]: Hole clearance violation (board setup constraints hole clearance 0.2500 mm; actual 0.0000 mm)
    Rule: board setup constraints hole; error
    @(91.2500 mm, 107.2000 mm): Track [+3V3] on In1.Cu, length 3.9246 mm
    @(90.7500 mm, 106.5000 mm): Via [LED_A] on F.Cu - B.Cu
[hole_clearance]: Hole clearance violation (board setup constraints hole clearance 0.2500 mm; actual 0.0000 mm)
    Rule: board setup constraints hole; error
    @(74.2700 mm, 112.0000 mm): Track [LED_A] on B.Cu, length 16.4800 mm
    @(76.8100 mm, 112.0000 mm): Via [LED_K] on F.Cu - B.Cu
[clearance]: Clearance violation ( clearance 0.2000 mm; actual 0.1102 mm)
    Local override; error
    @(90.7500 mm, 106.5000 mm): Via [LED_A] on F.Cu - B.Cu
    @(91.2500 mm, 107.2000 mm): Via [+3V3] on F.Cu - B.Cu
[shorting_items]: Items shorting two nets (nets LED_K and LED_A)
    Local override; error
    @(76.8100 mm, 112.0000 mm): PTH pad 4 [LED_K] of J5
    @(74.2700 mm, 112.0000 mm): Track [LED_A] on B.Cu, length 16.4800 mm
[hole_clearance]: Hole clearance violation (board setup constraints hole clearance 0.2500 mm; actual 0.0000 mm)
    Rule: board setup constraints hole; error
    @(74.2700 mm, 112.0000 mm): Track [LED_A] on B.Cu, length 16.4800 mm
    @(76.8100 mm, 112.0000 mm): PTH pad 4 [LED_K] of J5
[clearance]: Clearance violation ( clearance 0.2000 mm; actual 0.1102 mm)
    Local override; error
    @(90.7500 mm, 106.5000 mm): Via [LED_A] on F.Cu - B.Cu
    @(91.2500 mm, 107.2000 mm): Via [+3V3] on F.Cu - B.Cu
[tracks_crossing]: Tracks crossing
    Local override; error
    @(76.8100 mm, 112.0000 mm): Track [LED_K] on B.Cu, length 13.4400 mm
    @(74.2700 mm, 112.0000 mm): Track [LED_A] on B.Cu, length 16.4800 mm
[shorting_items]: Items shorting two nets (nets LED_A and LED_K)
    Local override; error
    @(90.7500 mm, 106.5000 mm): Via [LED_A] on F.Cu - B.Cu
    @(90.2500 mm, 106.5000 mm): Via [LED_K] on F.Cu - B.Cu
[tracks_crossing]: Tracks crossing
    Local override; error
    @(90.2500 mm, 112.0000 mm): Track [LED_K] on B.Cu, length 5.5000 mm
    @(74.2700 mm, 112.0000 mm): Track [LED_A] on B.Cu, length 16.4800 mm
[hole_clearance]: Hole clearance violation (board setup constraints hole clearance 0.2500 mm; actual 0.0000 mm)
    Rule: board setup constraints hole; error
    @(90.7500 mm, 106.5000 mm): Via [LED_A] on F.Cu - B.Cu
    @(90.2500 mm, 106.5000 mm): Via [LED_K] on F.Cu - B.Cu
[tracks_crossing]: Tracks crossing
    Local override; error
    @(114.0000 mm, 110.0000 mm): Track [BL_PWM] on B.Cu, length 42.2700 mm
    @(90.7500 mm, 112.0000 mm): Track [LED_A] on B.Cu, length 5.5000 mm
[tracks_crossing]: Tracks crossing
    Local override; error
    @(114.0000 mm, 110.0000 mm): Track [BL_PWM] on B.Cu, length 42.2700 mm
    @(90.2500 mm, 112.0000 mm): Track [LED_K] on B.Cu, length 5.5000 mm
[clearance]: Clearance violation ( clearance 0.2000 mm; actual 0.1500 mm)
    Local override; error
    @(115.0000 mm, 83.0000 mm): Pad 1 [EN] of C5 on F.Cu
    @(114.0000 mm, 83.9000 mm): Via [BL_PWM] on F.Cu - B.Cu
[clearance]: Clearance violation ( clearance 0.2000 mm; actual 0.0100 mm)
    Local override; error
    @(108.7500 mm, 84.1300 mm): Track [BMI_ACC_CS] on F.Cu, length 27.4500 mm
    @(108.7500 mm, 83.9000 mm): Track [BL_PWM] on F.Cu, length 5.2500 mm
[tracks_crossing]: Tracks crossing
    Local override; error
    @(108.7500 mm, 83.9000 mm): Track [BL_PWM] on F.Cu, length 5.2500 mm
    @(108.7500 mm, 82.6300 mm): Track [BMI_ACC_CS] on F.Cu, length 1.5000 mm
[shorting_items]: Items shorting two nets (nets BL_PWM and GND)
    Local override; error
    @(114.0000 mm, 83.9000 mm): Via [BL_PWM] on F.Cu - B.Cu
    @(115.5300 mm, 72.0000 mm): Track [GND] on In2.Cu, length 34.1828 mm
[tracks_crossing]: Tracks crossing
    Local override; error
    @(108.7500 mm, 83.9000 mm): Track [BL_PWM] on F.Cu, length 5.2500 mm
    @(114.7300 mm, 72.0000 mm): Track [BOOT] on F.Cu, length 19.2048 mm
[hole_clearance]: Hole clearance violation (board setup constraints hole clearance 0.2500 mm; actual 0.0000 mm)
    Rule: board setup constraints hole; error
    @(115.5300 mm, 72.0000 mm): Track [GND] on In2.Cu, length 34.1828 mm
    @(114.0000 mm, 83.9000 mm): Via [BL_PWM] on F.Cu - B.Cu
[clearance]: Clearance violation ( clearance 0.2000 mm; actual 0.0350 mm)
    Local override; error
    @(114.0000 mm, 83.9000 mm): Via [BL_PWM] on F.Cu - B.Cu
    @(115.5300 mm, 77.0000 mm): Track [GND] on In2.Cu, length 29.2141 mm
[clearance]: Clearance violation ( clearance 0.2000 mm; actual 0.1900 mm)
    Local override; error
    @(128.0000 mm, 92.0000 mm): Track [ENC_SW] on F.Cu, length 15.0000 mm
    @(126.7000 mm, 97.0800 mm): Pad 10 [LCD_CS] of U3 on F.Cu
[hole_clearance]: Hole clearance violation (board setup constraints hole clearance 0.2500 mm; actual 0.2350 mm)
    Rule: board setup constraints hole; error
    @(115.5300 mm, 77.0000 mm): Track [GND] on In2.Cu, length 29.2141 mm
    @(114.0000 mm, 83.9000 mm): Via [BL_PWM] on F.Cu - B.Cu
[clearance]: Clearance violation ( clearance 0.2000 mm; actual 0.1900 mm)
    Local override; error
    @(128.0000 mm, 92.0000 mm): Track [ENC_SW] on F.Cu, length 15.0000 mm
    @(126.7000 mm, 95.8100 mm): Pad 11 [LCD_RST] of U3 on F.Cu
[clearance]: Clearance violation ( clearance 0.2000 mm; actual 0.1900 mm)
    Local override; error
    @(128.0000 mm, 92.0000 mm): Track [ENC_SW] on F.Cu, length 15.0000 mm
    @(126.7000 mm, 94.5400 mm): Pad 12 [ENC_A] of U3 on F.Cu
[clearance]: Clearance violation ( clearance 0.2000 mm; actual 0.1900 mm)
    Local override; error
    @(128.0000 mm, 93.2700 mm): Track [ENC_B] on F.Cu, length 11.7300 mm
    @(126.7000 mm, 97.0800 mm): Pad 10 [LCD_CS] of U3 on F.Cu
[tracks_crossing]: Tracks crossing
    Local override; error
    @(128.0000 mm, 92.0000 mm): Track [ENC_SW] on F.Cu, length 15.0000 mm
    @(128.0000 mm, 103.0000 mm): Track [GND] on F.Cu, length 0.8000 mm
[clearance]: Clearance violation ( clearance 0.2000 mm; actual 0.1900 mm)
    Local override; error
    @(126.7000 mm, 95.8100 mm): Pad 11 [LCD_RST] of U3 on F.Cu
    @(128.0000 mm, 93.2700 mm): Track [ENC_B] on F.Cu, length 11.7300 mm
[clearance]: Clearance violation ( clearance 0.2000 mm; actual 0.1900 mm)
    Local override; error
    @(128.0000 mm, 92.0000 mm): Track [ENC_SW] on F.Cu, length 15.0000 mm
    @(126.7000 mm, 93.2700 mm): Pad 13 [ENC_B] of U3 on F.Cu
[clearance]: Clearance violation ( clearance 0.2000 mm; actual 0.1900 mm)
    Local override; error
    @(126.7000 mm, 94.5400 mm): Pad 12 [ENC_A] of U3 on F.Cu
    @(128.0000 mm, 93.2700 mm): Track [ENC_B] on F.Cu, length 11.7300 mm
[shorting_items]: Items shorting two nets (nets ENC_SW and ENC_A)
    Local override; error
    @(128.0000 mm, 92.0000 mm): Track [ENC_SW] on F.Cu, length 15.0000 mm
    @(128.0000 mm, 101.0000 mm): PTH pad 1 [ENC_A] of J4
[tracks_crossing]: Tracks crossing
    Local override; error
    @(128.0000 mm, 93.2700 mm): Track [ENC_B] on F.Cu, length 11.7300 mm
    @(128.0000 mm, 103.0000 mm): Track [GND] on F.Cu, length 0.8000 mm
[hole_clearance]: Hole clearance violation (board setup constraints hole clearance 0.2500 mm; actual 0.0000 mm)
    Rule: board setup constraints hole; error
    @(128.0000 mm, 92.0000 mm): Track [ENC_SW] on F.Cu, length 15.0000 mm
    @(128.0000 mm, 101.0000 mm): PTH pad 1 [ENC_A] of J4
[tracks_crossing]: Tracks crossing
    Local override; error
    @(128.0000 mm, 92.0000 mm): Track [ENC_SW] on F.Cu, length 15.0000 mm
    @(128.0000 mm, 93.2700 mm): Track [ENC_B] on F.Cu, length 11.7300 mm
[shorting_items]: Items shorting two nets (nets ENC_SW and GND)
    Local override; error
    @(128.0000 mm, 92.0000 mm): Track [ENC_SW] on F.Cu, length 15.0000 mm
    @(128.0000 mm, 103.0000 mm): PTH pad 2 [GND] of J4
[shorting_items]: Items shorting two nets (nets ENC_A and ENC_B)
    Local override; error
    @(128.0000 mm, 101.0000 mm): PTH pad 1 [ENC_A] of J4
    @(128.0000 mm, 93.2700 mm): Track [ENC_B] on F.Cu, length 11.7300 mm
[hole_clearance]: Hole clearance violation (board setup constraints hole clearance 0.2500 mm; actual 0.0000 mm)
    Rule: board setup constraints hole; error
    @(128.0000 mm, 93.2700 mm): Track [ENC_B] on F.Cu, length 11.7300 mm
    @(128.0000 mm, 101.0000 mm): PTH pad 1 [ENC_A] of J4
[hole_clearance]: Hole clearance violation (board setup constraints hole clearance 0.2500 mm; actual 0.0000 mm)
    Rule: board setup constraints hole; error
    @(128.0000 mm, 92.0000 mm): Track [ENC_SW] on F.Cu, length 15.0000 mm
    @(128.0000 mm, 103.0000 mm): PTH pad 2 [GND] of J4
[shorting_items]: Items shorting two nets (nets GND and ENC_B)
    Local override; error
    @(128.0000 mm, 103.0000 mm): PTH pad 2 [GND] of J4
    @(128.0000 mm, 93.2700 mm): Track [ENC_B] on F.Cu, length 11.7300 mm
[shorting_items]: Items shorting two nets (nets ENC_SW and ENC_B)
    Local override; error
    @(128.0000 mm, 92.0000 mm): Track [ENC_SW] on F.Cu, length 15.0000 mm
    @(128.0000 mm, 105.0000 mm): PTH pad 3 [ENC_B] of J4
[hole_clearance]: Hole clearance violation (board setup constraints hole clearance 0.2500 mm; actual 0.0000 mm)
    Rule: board setup constraints hole; error
    @(128.0000 mm, 93.2700 mm): Track [ENC_B] on F.Cu, length 11.7300 mm
    @(128.0000 mm, 103.0000 mm): PTH pad 2 [GND] of J4
[hole_clearance]: Hole clearance violation (board setup constraints hole clearance 0.2500 mm; actual 0.0000 mm)
    Rule: board setup constraints hole; error
    @(128.0000 mm, 92.0000 mm): Track [ENC_SW] on F.Cu, length 15.0000 mm
    @(128.0000 mm, 105.0000 mm): PTH pad 3 [ENC_B] of J4
[tracks_crossing]: Tracks crossing
    Local override; error
    @(128.0000 mm, 93.2700 mm): Track [ENC_B] on F.Cu, length 11.7300 mm
    @(128.0000 mm, 94.5400 mm): Track [ENC_A] on F.Cu, length 6.4600 mm
[tracks_crossing]: Tracks crossing
    Local override; error
    @(128.0000 mm, 92.0000 mm): Track [ENC_SW] on F.Cu, length 15.0000 mm
    @(126.7000 mm, 93.2700 mm): Track [ENC_B] on F.Cu, length 1.3000 mm
[tracks_crossing]: Tracks crossing
    Local override; error
    @(126.7000 mm, 94.5400 mm): Track [ENC_A] on F.Cu, length 1.3000 mm
    @(128.0000 mm, 93.2700 mm): Track [ENC_B] on F.Cu, length 11.7300 mm
[clearance]: Clearance violation ( clearance 0.2000 mm; actual 0.1900 mm)
    Local override; error
    @(128.0000 mm, 94.5400 mm): Track [ENC_A] on F.Cu, length 6.4600 mm
    @(126.7000 mm, 97.0800 mm): Pad 10 [LCD_CS] of U3 on F.Cu
[tracks_crossing]: Tracks crossing
    Local override; error
    @(128.0000 mm, 92.0000 mm): Track [ENC_SW] on F.Cu, length 15.0000 mm
    @(126.7000 mm, 94.5400 mm): Track [ENC_A] on F.Cu, length 1.3000 mm
[clearance]: Clearance violation ( clearance 0.2000 mm; actual 0.1900 mm)
    Local override; error
    @(126.7000 mm, 95.8100 mm): Pad 11 [LCD_RST] of U3 on F.Cu
    @(128.0000 mm, 94.5400 mm): Track [ENC_A] on F.Cu, length 6.4600 mm
[tracks_crossing]: Tracks crossing
    Local override; error
    @(128.0000 mm, 92.0000 mm): Track [ENC_SW] on F.Cu, length 15.0000 mm
    @(128.0000 mm, 94.5400 mm): Track [ENC_A] on F.Cu, length 6.4600 mm
[clearance]: Clearance violation ( clearance 0.2000 mm; actual 0.0400 mm)
    Local override; error
    @(105.7500 mm, 106.8000 mm): Via [LCD_D15] on F.Cu - B.Cu
    @(106.2500 mm, 106.0000 mm): Track [LCD_RST] on F.Cu, length 2.0000 mm
[hole_clearance]: Hole clearance violation (board setup constraints hole clearance 0.2500 mm; actual 0.2400 mm)
    Rule: board setup constraints hole; error
    @(106.2500 mm, 106.0000 mm): Track [LCD_RST] on F.Cu, length 2.0000 mm
    @(105.7500 mm, 106.8000 mm): Via [LCD_D15] on F.Cu - B.Cu
[clearance]: Clearance violation ( clearance 0.2000 mm; actual 0.0400 mm)
    Local override; error
    @(106.7500 mm, 106.0000 mm): Via [LCD_CS] on F.Cu - B.Cu
    @(106.2500 mm, 106.0000 mm): Track [LCD_RST] on F.Cu, length 2.0000 mm
[clearance]: Clearance violation ( clearance 0.2000 mm; actual 0.0440 mm)
    Local override; error
    @(106.2500 mm, 106.0000 mm): Via [LCD_RST] on F.Cu - B.Cu
    @(95.5500 mm, 108.0000 mm): Track [GND] on In2.Cu, length 16.5711 mm
[hole_clearance]: Hole clearance violation (board setup constraints hole clearance 0.2500 mm; actual 0.2400 mm)
    Rule: board setup constraints hole; error
    @(106.2500 mm, 106.0000 mm): Track [LCD_RST] on F.Cu, length 2.0000 mm
    @(106.7500 mm, 106.0000 mm): Via [LCD_CS] on F.Cu - B.Cu
[hole_clearance]: Hole clearance violation (board setup constraints hole clearance 0.2500 mm; actual 0.2440 mm)
    Rule: board setup constraints hole; error
    @(95.5500 mm, 108.0000 mm): Track [GND] on In2.Cu, length 16.5711 mm
    @(106.2500 mm, 106.0000 mm): Via [LCD_RST] on F.Cu - B.Cu
[clearance]: Clearance violation ( clearance 0.2000 mm; actual 0.1660 mm)
    Local override; error
    @(106.2500 mm, 106.0000 mm): Via [LCD_RST] on F.Cu - B.Cu
    @(98.0500 mm, 108.0000 mm): Track [GND] on In2.Cu, length 14.0926 mm
[shorting_items]: Items shorting two nets (nets GND and LCD_RST)
    Local override; error
    @(92.5500 mm, 108.0000 mm): Track [GND] on In2.Cu, length 19.5526 mm
    @(106.2500 mm, 106.0000 mm): Via [LCD_RST] on F.Cu - B.Cu
[shorting_items]: Items shorting two nets (nets GND and LCD_RST)
    Local override; error
    @(112.0000 mm, 106.0000 mm): Via [GND] on F.Cu - B.Cu
    @(112.0000 mm, 106.0000 mm): Track [LCD_RST] on B.Cu, length 5.7500 mm
[hole_clearance]: Hole clearance violation (board setup constraints hole clearance 0.2500 mm; actual 0.0000 mm)
    Rule: board setup constraints hole; error
    @(112.0000 mm, 106.0000 mm): Track [LCD_RST] on B.Cu, length 5.7500 mm
    @(112.0000 mm, 106.0000 mm): Via [GND] on F.Cu - B.Cu
[hole_clearance]: Hole clearance violation (board setup constraints hole clearance 0.2500 mm; actual 0.1382 mm)
    Rule: board setup constraints hole; error
    @(92.5500 mm, 108.0000 mm): Track [GND] on In2.Cu, length 19.5526 mm
    @(106.2500 mm, 106.0000 mm): Via [LCD_RST] on F.Cu - B.Cu
[shorting_items]: Items shorting two nets (nets LCD_RST and GND)
    Local override; error
    @(106.2500 mm, 106.0000 mm): Via [LCD_RST] on F.Cu - B.Cu
    @(94.0500 mm, 108.0000 mm): Track [GND] on In2.Cu, length 18.0611 mm
[shorting_items]: Items shorting two nets (nets GND and LCD_RST)
    Local override; error
    @(112.0000 mm, 106.0000 mm): Via [GND] on F.Cu - B.Cu
    @(112.0000 mm, 95.8100 mm): Track [LCD_RST] on B.Cu, length 10.1900 mm
[hole_clearance]: Hole clearance violation (board setup constraints hole clearance 0.2500 mm; actual 0.0000 mm)
    Rule: board setup constraints hole; error
    @(112.0000 mm, 95.8100 mm): Track [LCD_RST] on B.Cu, length 10.1900 mm
    @(112.0000 mm, 106.0000 mm): Via [GND] on F.Cu - B.Cu
[hole_clearance]: Hole clearance violation (board setup constraints hole clearance 0.2500 mm; actual 0.1867 mm)
    Rule: board setup constraints hole; error
    @(94.0500 mm, 108.0000 mm): Track [GND] on In2.Cu, length 18.0611 mm
    @(106.2500 mm, 106.0000 mm): Via [LCD_RST] on F.Cu - B.Cu
[clearance]: Clearance violation ( clearance 0.2000 mm; actual 0.1217 mm)
    Local override; error
    @(109.5500 mm, 73.7400 mm): Track [GND] on In2.Cu, length 32.3529 mm
    @(112.0000 mm, 95.8100 mm): Via [LCD_RST] on F.Cu - B.Cu
[shorting_items]: Items shorting two nets (nets LCD_RST and IOX_INT)
    Local override; error
    @(126.7000 mm, 95.8100 mm): Track [LCD_RST] on F.Cu, length 14.7000 mm
    @(117.3000 mm, 95.8100 mm): Pad 8 [IOX_INT] of U3 on F.Cu
[clearance]: Clearance violation ( clearance 0.2000 mm; actual 0.0400 mm)
    Local override; error
    @(106.2500 mm, 106.0000 mm): Via [LCD_RST] on F.Cu - B.Cu
    @(106.7500 mm, 106.0000 mm): Track [LCD_CS] on F.Cu, length 2.0000 mm
[shorting_items]: Items shorting two nets (nets LCD_CS and LCD_RST)
    Local override; error
    @(106.7500 mm, 106.0000 mm): Via [LCD_CS] on F.Cu - B.Cu
    @(106.2500 mm, 106.0000 mm): Via [LCD_RST] on F.Cu - B.Cu
[hole_clearance]: Hole clearance violation (board setup constraints hole clearance 0.2500 mm; actual 0.2400 mm)
    Rule: board setup constraints hole; error
    @(106.7500 mm, 106.0000 mm): Track [LCD_CS] on F.Cu, length 2.0000 mm
    @(106.2500 mm, 106.0000 mm): Via [LCD_RST] on F.Cu - B.Cu
[hole_clearance]: Hole clearance violation (board setup constraints hole clearance 0.2500 mm; actual 0.0000 mm)
    Rule: board setup constraints hole; error
    @(106.7500 mm, 106.0000 mm): Via [LCD_CS] on F.Cu - B.Cu
    @(106.2500 mm, 106.0000 mm): Via [LCD_RST] on F.Cu - B.Cu
[shorting_items]: Items shorting two nets (nets LCD_CS and LCD_RST)
    Local override; error
    @(106.7500 mm, 106.0000 mm): Via [LCD_CS] on F.Cu - B.Cu
    @(112.0000 mm, 106.0000 mm): Track [LCD_RST] on B.Cu, length 5.7500 mm
[shorting_items]: Items shorting two nets (nets GND and LCD_CS)
    Local override; error
    @(112.0000 mm, 106.0000 mm): Via [GND] on F.Cu - B.Cu
    @(111.5000 mm, 106.0000 mm): Track [LCD_CS] on B.Cu, length 4.7500 mm
[hole_clearance]: Hole clearance violation (board setup constraints hole clearance 0.2500 mm; actual 0.0000 mm)
    Rule: board setup constraints hole; error
    @(112.0000 mm, 106.0000 mm): Track [LCD_RST] on B.Cu, length 5.7500 mm
    @(106.7500 mm, 106.0000 mm): Via [LCD_CS] on F.Cu - B.Cu
[hole_clearance]: Hole clearance violation (board setup constraints hole clearance 0.2500 mm; actual 0.1900 mm)
    Rule: board setup constraints hole; error
    @(111.5000 mm, 106.0000 mm): Track [LCD_CS] on B.Cu, length 4.7500 mm
    @(112.0000 mm, 106.0000 mm): Via [GND] on F.Cu - B.Cu
[shorting_items]: Items shorting two nets (nets LCD_CS and LCD_RST)
    Local override; error
    @(106.7500 mm, 106.0000 mm): Via [LCD_CS] on F.Cu - B.Cu
    @(106.2500 mm, 106.0000 mm): Via [LCD_RST] on F.Cu - B.Cu
[tracks_crossing]: Tracks crossing
    Local override; error
    @(112.0000 mm, 106.0000 mm): Track [LCD_RST] on B.Cu, length 5.7500 mm
    @(111.5000 mm, 106.0000 mm): Track [LCD_CS] on B.Cu, length 4.7500 mm
[hole_clearance]: Hole clearance violation (board setup constraints hole clearance 0.2500 mm; actual 0.0000 mm)
    Rule: board setup constraints hole; error
    @(106.7500 mm, 106.0000 mm): Via [LCD_CS] on F.Cu - B.Cu
    @(106.2500 mm, 106.0000 mm): Via [LCD_RST] on F.Cu - B.Cu
[clearance]: Clearance violation ( clearance 0.2000 mm; actual 0.0400 mm)
    Local override; error
    @(106.2500 mm, 106.0000 mm): Via [LCD_RST] on F.Cu - B.Cu
    @(111.5000 mm, 106.0000 mm): Track [LCD_CS] on B.Cu, length 4.7500 mm
[shorting_items]: Items shorting two nets (nets LCD_CS and LCD_RST)
    Local override; error
    @(106.7500 mm, 106.0000 mm): Via [LCD_CS] on F.Cu - B.Cu
    @(106.2500 mm, 106.0000 mm): Via [LCD_RST] on F.Cu - B.Cu
[hole_clearance]: Hole clearance violation (board setup constraints hole clearance 0.2500 mm; actual 0.2400 mm)
    Rule: board setup constraints hole; error
    @(111.5000 mm, 106.0000 mm): Track [LCD_CS] on B.Cu, length 4.7500 mm
    @(106.2500 mm, 106.0000 mm): Via [LCD_RST] on F.Cu - B.Cu
[hole_clearance]: Hole clearance violation (board setup constraints hole clearance 0.2500 mm; actual 0.0000 mm)
    Rule: board setup constraints hole; error
    @(106.7500 mm, 106.0000 mm): Via [LCD_CS] on F.Cu - B.Cu
    @(106.2500 mm, 106.0000 mm): Via [LCD_RST] on F.Cu - B.Cu
[shorting_items]: Items shorting two nets (nets GND and LCD_CS)
    Local override; error
    @(112.0000 mm, 106.0000 mm): Via [GND] on F.Cu - B.Cu
    @(111.5000 mm, 97.0800 mm): Track [LCD_CS] on B.Cu, length 8.9200 mm
[shorting_items]: Items shorting two nets (nets LCD_CS and LCD_RST)
    Local override; error
    @(106.7500 mm, 106.0000 mm): Via [LCD_CS] on F.Cu - B.Cu
    @(106.2500 mm, 106.0000 mm): Via [LCD_RST] on F.Cu - B.Cu
[hole_clearance]: Hole clearance violation (board setup constraints hole clearance 0.2500 mm; actual 0.0000 mm)
    Rule: board setup constraints hole; error
    @(106.7500 mm, 106.0000 mm): Via [LCD_CS] on F.Cu - B.Cu
    @(106.2500 mm, 106.0000 mm): Via [LCD_RST] on F.Cu - B.Cu
[hole_clearance]: Hole clearance violation (board setup constraints hole clearance 0.2500 mm; actual 0.1900 mm)
    Rule: board setup constraints hole; error
    @(111.5000 mm, 97.0800 mm): Track [LCD_CS] on B.Cu, length 8.9200 mm
    @(112.0000 mm, 106.0000 mm): Via [GND] on F.Cu - B.Cu
[tracks_crossing]: Tracks crossing
    Local override; error
    @(112.0000 mm, 106.0000 mm): Track [LCD_RST] on B.Cu, length 5.7500 mm
    @(111.5000 mm, 97.0800 mm): Track [LCD_CS] on B.Cu, length 8.9200 mm
[shorting_items]: Items shorting two nets (nets LCD_CS and GND)
    Local override; error
    @(106.7500 mm, 106.0000 mm): Via [LCD_CS] on F.Cu - B.Cu
    @(95.5500 mm, 108.0000 mm): Track [GND] on In2.Cu, length 16.5711 mm
[hole_clearance]: Hole clearance violation (board setup constraints hole clearance 0.2500 mm; actual 0.1836 mm)
    Rule: board setup constraints hole; error
    @(95.5500 mm, 108.0000 mm): Track [GND] on In2.Cu, length 16.5711 mm
    @(106.7500 mm, 106.0000 mm): Via [LCD_CS] on F.Cu - B.Cu
[clearance]: Clearance violation ( clearance 0.2000 mm; actual 0.0400 mm)
    Local override; error
    @(112.0000 mm, 95.8100 mm): Track [LCD_RST] on B.Cu, length 10.1900 mm
    @(111.5000 mm, 97.0800 mm): Via [LCD_CS] on F.Cu - B.Cu
[clearance]: Clearance violation ( clearance 0.2000 mm; actual 0.0951 mm)
    Local override; error
    @(106.7500 mm, 106.0000 mm): Via [LCD_CS] on F.Cu - B.Cu
    @(98.0500 mm, 108.0000 mm): Track [GND] on In2.Cu, length 14.0926 mm
[hole_clearance]: Hole clearance violation (board setup constraints hole clearance 0.2500 mm; actual 0.2400 mm)
    Rule: board setup constraints hole; error
    @(112.0000 mm, 95.8100 mm): Track [LCD_RST] on B.Cu, length 10.1900 mm
    @(111.5000 mm, 97.0800 mm): Via [LCD_CS] on F.Cu - B.Cu
[shorting_items]: Items shorting two nets (nets GND and LCD_CS)
    Local override; error
    @(92.5500 mm, 108.0000 mm): Track [GND] on In2.Cu, length 19.5526 mm
    @(106.7500 mm, 106.0000 mm): Via [LCD_CS] on F.Cu - B.Cu
[shorting_items]: Items shorting two nets (nets GND and LCD_CS)
    Local override; error
    @(109.5500 mm, 73.7400 mm): Track [GND] on In2.Cu, length 32.3529 mm
    @(111.5000 mm, 97.0800 mm): Via [LCD_CS] on F.Cu - B.Cu
[hole_clearance]: Hole clearance violation (board setup constraints hole clearance 0.2500 mm; actual 0.0870 mm)
    Rule: board setup constraints hole; error
    @(92.5500 mm, 108.0000 mm): Track [GND] on In2.Cu, length 19.5526 mm
    @(106.7500 mm, 106.0000 mm): Via [LCD_CS] on F.Cu - B.Cu
[shorting_items]: Items shorting two nets (nets LCD_CS and GND)
    Local override; error
    @(106.7500 mm, 106.0000 mm): Via [LCD_CS] on F.Cu - B.Cu
    @(94.0500 mm, 108.0000 mm): Track [GND] on In2.Cu, length 18.0611 mm
[hole_clearance]: Hole clearance violation (board setup constraints hole clearance 0.2500 mm; actual 0.0000 mm)
    Rule: board setup constraints hole; error
    @(109.5500 mm, 73.7400 mm): Track [GND] on In2.Cu, length 32.3529 mm
    @(111.5000 mm, 97.0800 mm): Via [LCD_CS] on F.Cu - B.Cu
[hole_clearance]: Hole clearance violation (board setup constraints hole clearance 0.2500 mm; actual 0.1314 mm)
    Rule: board setup constraints hole; error
    @(94.0500 mm, 108.0000 mm): Track [GND] on In2.Cu, length 18.0611 mm
    @(106.7500 mm, 106.0000 mm): Via [LCD_CS] on F.Cu - B.Cu
[tracks_crossing]: Tracks crossing
    Local override; error
    @(126.7000 mm, 97.0800 mm): Track [LCD_CS] on F.Cu, length 15.2000 mm
    @(117.3000 mm, 97.0800 mm): Track [GND] on F.Cu, length 0.8000 mm
[tracks_crossing]: Tracks crossing
    Local override; error
    @(117.3000 mm, 80.0900 mm): Track [IOX_INT] on F.Cu, length 15.7200 mm
    @(117.3000 mm, 93.2700 mm): Track [+3V3] on F.Cu, length 0.8000 mm
[shorting_items]: Items shorting two nets (nets LCD_CS and GND)
    Local override; error
    @(126.7000 mm, 97.0800 mm): Track [LCD_CS] on F.Cu, length 15.2000 mm
    @(118.1000 mm, 97.0800 mm): Via [GND] on F.Cu - B.Cu
[shorting_items]: Items shorting two nets (nets IOX_INT and +3V3)
    Local override; error
    @(117.3000 mm, 80.0900 mm): Track [IOX_INT] on F.Cu, length 15.7200 mm
    @(117.3000 mm, 92.4700 mm): Via [+3V3] on F.Cu - B.Cu
[hole_clearance]: Hole clearance violation (board setup constraints hole clearance 0.2500 mm; actual 0.0000 mm)
    Rule: board setup constraints hole; error
    @(126.7000 mm, 97.0800 mm): Track [LCD_CS] on F.Cu, length 15.2000 mm
    @(118.1000 mm, 97.0800 mm): Via [GND] on F.Cu - B.Cu
[hole_clearance]: Hole clearance violation (board setup constraints hole clearance 0.2500 mm; actual 0.0000 mm)
    Rule: board setup constraints hole; error
    @(117.3000 mm, 80.0900 mm): Track [IOX_INT] on F.Cu, length 15.7200 mm
    @(117.3000 mm, 92.4700 mm): Via [+3V3] on F.Cu - B.Cu
[shorting_items]: Items shorting two nets (nets IOX_INT and IOX_SDA)
    Local override; error
    @(117.3000 mm, 80.0900 mm): Track [IOX_INT] on F.Cu, length 15.7200 mm
    @(117.3000 mm, 88.1900 mm): Pad 2 [IOX_SDA] of U3 on F.Cu
[shorting_items]: Items shorting two nets (nets LCD_CS and GND)
    Local override; error
    @(126.7000 mm, 97.0800 mm): Track [LCD_CS] on F.Cu, length 15.2000 mm
    @(117.3000 mm, 97.0800 mm): Pad 9 [GND] of U3 on F.Cu
[shorting_items]: Items shorting two nets (nets IOX_INT and GND)
    Local override; error
    @(117.3000 mm, 80.0900 mm): Track [IOX_INT] on F.Cu, length 15.7200 mm
    @(117.3000 mm, 89.4600 mm): Pad 3 [GND] of U3 on F.Cu
[shorting_items]: Items shorting two nets (nets IOX_INT and GND)
    Local override; error
    @(117.3000 mm, 80.0900 mm): Track [IOX_INT] on F.Cu, length 15.7200 mm
    @(117.3000 mm, 90.7300 mm): Pad 4 [GND] of U3 on F.Cu
[shorting_items]: Items shorting two nets (nets EN and IOX_INT)
    Local override; error
    @(114.6000 mm, 80.0000 mm): Track [EN] on F.Cu, length 23.6445 mm
    @(108.7500 mm, 80.0900 mm): Track [IOX_INT] on F.Cu, length 8.5500 mm
[shorting_items]: Items shorting two nets (nets IOX_INT and GND)
    Local override; error
    @(117.3000 mm, 80.0900 mm): Track [IOX_INT] on F.Cu, length 15.7200 mm
    @(117.3000 mm, 92.0000 mm): Pad 5 [GND] of U3 on F.Cu
[shorting_items]: Items shorting two nets (nets IOX_INT and GND)
    Local override; error
    @(117.3000 mm, 80.0900 mm): Track [IOX_INT] on F.Cu, length 15.7200 mm
    @(117.6000 mm, 83.0000 mm): Track [GND] on F.Cu, length 0.8000 mm
[shorting_items]: Items shorting two nets (nets +3V3 and IOX_INT)
    Local override; error
    @(111.4000 mm, 80.0000 mm): Track [+3V3] on F.Cu, length 0.8000 mm
    @(108.7500 mm, 80.0900 mm): Track [IOX_INT] on F.Cu, length 8.5500 mm
[shorting_items]: Items shorting two nets (nets IOX_INT and IOX_SCL)
    Local override; error
    @(117.3000 mm, 80.0900 mm): Track [IOX_INT] on F.Cu, length 15.7200 mm
    @(117.3000 mm, 86.9200 mm): Pad 1 [IOX_SCL] of U3 on F.Cu
[shorting_items]: Items shorting two nets (nets EN and IOX_INT)
    Local override; error
    @(114.6000 mm, 80.0000 mm): Track [EN] on F.Cu, length 3.0028 mm
    @(108.7500 mm, 80.0900 mm): Track [IOX_INT] on F.Cu, length 8.5500 mm
[tracks_crossing]: Tracks crossing
    Local override; error
    @(108.7500 mm, 80.0900 mm): Track [IOX_INT] on F.Cu, length 8.5500 mm
    @(114.7300 mm, 72.0000 mm): Track [BOOT] on F.Cu, length 19.2048 mm
[shorting_items]: Items shorting two nets (nets IOX_INT and +3V3)
    Local override; error
    @(117.3000 mm, 80.0900 mm): Track [IOX_INT] on F.Cu, length 15.7200 mm
    @(117.3000 mm, 93.2700 mm): Pad 6 [+3V3] of U3 on F.Cu
[tracks_crossing]: Tracks crossing
    Local override; error
    @(114.6000 mm, 80.0000 mm): Track [EN] on F.Cu, length 3.0067 mm
    @(108.7500 mm, 80.0900 mm): Track [IOX_INT] on F.Cu, length 8.5500 mm
[shorting_items]: Items shorting two nets (nets IOX_INT and )
    Local override; error
    @(117.3000 mm, 80.0900 mm): Track [IOX_INT] on F.Cu, length 15.7200 mm
    @(117.3000 mm, 94.5400 mm): Pad 7 [<no net>] of U3 on F.Cu
[shorting_items]: Items shorting two nets (nets IOX_INT and GND)
    Local override; error
    @(117.3000 mm, 80.0900 mm): Track [IOX_INT] on F.Cu, length 15.7200 mm
    @(117.0000 mm, 83.0000 mm): Pad 2 [GND] of C5 on F.Cu
[tracks_crossing]: Tracks crossing
    Local override; error
    @(117.3000 mm, 80.0900 mm): Track [IOX_INT] on F.Cu, length 15.7200 mm
    @(126.7000 mm, 95.8100 mm): Track [LCD_RST] on F.Cu, length 14.7000 mm
[shorting_items]: Items shorting two nets (nets +3V3 and IOX_INT)
    Local override; error
    @(112.0000 mm, 80.0000 mm): Pad 1 [+3V3] of R5 on F.Cu
    @(108.7500 mm, 80.0900 mm): Track [IOX_INT] on F.Cu, length 8.5500 mm
[tracks_crossing]: Tracks crossing
    Local override; error
    @(117.3000 mm, 80.0900 mm): Track [IOX_INT] on F.Cu, length 15.7200 mm
    @(117.3000 mm, 89.4600 mm): Track [GND] on F.Cu, length 0.8000 mm
[shorting_items]: Items shorting two nets (nets EN and IOX_INT)
    Local override; error
    @(114.0000 mm, 80.0000 mm): Pad 2 [EN] of R5 on F.Cu
    @(108.7500 mm, 80.0900 mm): Track [IOX_INT] on F.Cu, length 8.5500 mm
[tracks_crossing]: Tracks crossing
    Local override; error
    @(117.3000 mm, 80.0900 mm): Track [IOX_INT] on F.Cu, length 15.7200 mm
    @(117.3000 mm, 90.7300 mm): Track [GND] on F.Cu, length 0.8000 mm
[tracks_crossing]: Tracks crossing
    Local override; error
    @(117.3000 mm, 80.0900 mm): Track [IOX_INT] on F.Cu, length 15.7200 mm
    @(117.3000 mm, 92.0000 mm): Track [GND] on F.Cu, length 0.8000 mm
[tracks_crossing]: Tracks crossing
    Local override; error
    @(117.3000 mm, 80.0900 mm): Track [IOX_INT] on F.Cu, length 15.7200 mm
    @(117.3000 mm, 77.5500 mm): Track [IOX_SDA] on F.Cu, length 10.6400 mm
[shorting_items]: Items shorting two nets (nets GND and IOX_SDA)
    Local override; error
    @(117.6000 mm, 83.0000 mm): Track [GND] on F.Cu, length 0.8000 mm
    @(117.3000 mm, 77.5500 mm): Track [IOX_SDA] on F.Cu, length 10.6400 mm
[tracks_crossing]: Tracks crossing
    Local override; error
    @(114.6000 mm, 80.0000 mm): Track [EN] on F.Cu, length 3.0028 mm
    @(108.7500 mm, 77.5500 mm): Track [IOX_SDA] on F.Cu, length 8.5500 mm
[tracks_crossing]: Tracks crossing
    Local override; error
    @(114.7300 mm, 72.0000 mm): Track [BOOT] on F.Cu, length 19.2048 mm
    @(108.7500 mm, 77.5500 mm): Track [IOX_SDA] on F.Cu, length 8.5500 mm
[shorting_items]: Items shorting two nets (nets IOX_SCL and IOX_SDA)
    Local override; error
    @(117.3000 mm, 86.9200 mm): Pad 1 [IOX_SCL] of U3 on F.Cu
    @(117.3000 mm, 77.5500 mm): Track [IOX_SDA] on F.Cu, length 10.6400 mm
[shorting_items]: Items shorting two nets (nets GND and IOX_SDA)
    Local override; error
    @(117.0000 mm, 83.0000 mm): Pad 2 [GND] of C5 on F.Cu
    @(117.3000 mm, 77.5500 mm): Track [IOX_SDA] on F.Cu, length 10.6400 mm
[clearance]: Clearance violation ( clearance 0.2000 mm; actual 0.0400 mm)
    Local override; error
    @(115.5300 mm, 77.0000 mm): Via [GND] on F.Cu - B.Cu
    @(108.7500 mm, 77.5500 mm): Track [IOX_SDA] on F.Cu, length 8.5500 mm
[tracks_crossing]: Tracks crossing
    Local override; error
    @(108.7500 mm, 80.0900 mm): Track [IOX_INT] on F.Cu, length 8.5500 mm
    @(117.3000 mm, 77.5500 mm): Track [IOX_SDA] on F.Cu, length 10.6400 mm
[shorting_items]: Items shorting two nets (nets IOX_SDA and GND)
    Local override; error
    @(117.3000 mm, 77.5500 mm): Track [IOX_SDA] on F.Cu, length 10.6400 mm
    @(117.2700 mm, 77.0000 mm): PTH pad 2 [GND] of J7
[shorting_items]: Items shorting two nets (nets IOX_SDA and GND)
    Local override; error
    @(108.7500 mm, 77.5500 mm): Track [IOX_SDA] on F.Cu, length 8.5500 mm
    @(117.2700 mm, 77.0000 mm): PTH pad 2 [GND] of J7
[hole_clearance]: Hole clearance violation (board setup constraints hole clearance 0.2500 mm; actual 0.0408 mm)
    Rule: board setup constraints hole; error
    @(117.3000 mm, 77.5500 mm): Track [IOX_SDA] on F.Cu, length 10.6400 mm
    @(117.2700 mm, 77.0000 mm): PTH pad 2 [GND] of J7
[hole_clearance]: Hole clearance violation (board setup constraints hole clearance 0.2500 mm; actual 0.0400 mm)
    Rule: board setup constraints hole; error
    @(108.7500 mm, 77.5500 mm): Track [IOX_SDA] on F.Cu, length 8.5500 mm
    @(117.2700 mm, 77.0000 mm): PTH pad 2 [GND] of J7
[tracks_crossing]: Tracks crossing
    Local override; error
    @(117.3000 mm, 80.0900 mm): Track [IOX_INT] on F.Cu, length 15.7200 mm
    @(117.3000 mm, 78.8200 mm): Track [IOX_SCL] on F.Cu, length 8.1000 mm
[shorting_items]: Items shorting two nets (nets EN and IOX_SDA)
    Local override; error
    @(114.7300 mm, 77.0000 mm): PTH pad 1 [EN] of J7
    @(108.7500 mm, 77.5500 mm): Track [IOX_SDA] on F.Cu, length 8.5500 mm
[shorting_items]: Items shorting two nets (nets IOX_SCL and GND)
    Local override; error
    @(117.3000 mm, 78.8200 mm): Track [IOX_SCL] on F.Cu, length 8.1000 mm
    @(117.6000 mm, 83.0000 mm): Track [GND] on F.Cu, length 0.8000 mm
[hole_clearance]: Hole clearance violation (board setup constraints hole clearance 0.2500 mm; actual 0.0400 mm)
    Rule: board setup constraints hole; error
    @(108.7500 mm, 77.5500 mm): Track [IOX_SDA] on F.Cu, length 8.5500 mm
    @(114.7300 mm, 77.0000 mm): PTH pad 1 [EN] of J7
[shorting_items]: Items shorting two nets (nets IOX_SCL and GND)
    Local override; error
    @(117.3000 mm, 78.8200 mm): Track [IOX_SCL] on F.Cu, length 8.1000 mm
    @(117.0000 mm, 83.0000 mm): Pad 2 [GND] of C5 on F.Cu
[tracks_crossing]: Tracks crossing
    Local override; error
    @(117.3000 mm, 78.8200 mm): Track [IOX_SCL] on F.Cu, length 8.1000 mm
    @(108.7500 mm, 80.0900 mm): Track [IOX_INT] on F.Cu, length 8.5500 mm
[tracks_crossing]: Tracks crossing
    Local override; error
    @(117.3000 mm, 78.8200 mm): Track [IOX_SCL] on F.Cu, length 8.1000 mm
    @(117.3000 mm, 77.5500 mm): Track [IOX_SDA] on F.Cu, length 10.6400 mm
[clearance]: Clearance violation ( clearance 0.2000 mm; actual 0.0099 mm)
    Local override; error
    @(114.6000 mm, 80.0000 mm): Track [EN] on F.Cu, length 23.6445 mm
    @(108.7500 mm, 78.8200 mm): Track [IOX_SCL] on F.Cu, length 8.5500 mm
[clearance]: Clearance violation ( clearance 0.2000 mm; actual 0.0450 mm)
    Local override; error
    @(111.4000 mm, 80.0000 mm): Track [+3V3] on F.Cu, length 0.8000 mm
    @(108.7500 mm, 78.8200 mm): Track [IOX_SCL] on F.Cu, length 8.5500 mm
[shorting_items]: Items shorting two nets (nets IOX_SCL and +3V3)
    Local override; error
    @(108.7500 mm, 78.8200 mm): Track [IOX_SCL] on F.Cu, length 8.5500 mm
    @(111.4000 mm, 79.2000 mm): Via [+3V3] on F.Cu - B.Cu
[hole_clearance]: Hole clearance violation (board setup constraints hole clearance 0.2500 mm; actual 0.0950 mm)
    Rule: board setup constraints hole; error
    @(108.7500 mm, 78.8200 mm): Track [IOX_SCL] on F.Cu, length 8.5500 mm
    @(111.4000 mm, 79.2000 mm): Via [+3V3] on F.Cu - B.Cu
[tracks_crossing]: Tracks crossing
    Local override; error
    @(114.6000 mm, 80.0000 mm): Track [EN] on F.Cu, length 3.0028 mm
    @(108.7500 mm, 78.8200 mm): Track [IOX_SCL] on F.Cu, length 8.5500 mm
[tracks_crossing]: Tracks crossing
    Local override; error
    @(108.7500 mm, 78.8200 mm): Track [IOX_SCL] on F.Cu, length 8.5500 mm
    @(117.3000 mm, 77.5500 mm): Track [IOX_SDA] on F.Cu, length 10.6400 mm
[tracks_crossing]: Tracks crossing
    Local override; error
    @(108.7500 mm, 78.8200 mm): Track [IOX_SCL] on F.Cu, length 8.5500 mm
    @(114.7300 mm, 72.0000 mm): Track [BOOT] on F.Cu, length 19.2048 mm
[shorting_items]: Items shorting two nets (nets GND and BMI_GYRO_CS)
    Local override; error
    @(100.0000 mm, 81.5000 mm): Pad 41 [GND] of U1 on F.Cu
    @(108.7500 mm, 83.1100 mm): Track [BMI_GYRO_CS] on F.Cu, length 26.9000 mm
[shorting_items]: Items shorting two nets (nets BMI_ACC_CS and BMI_GYRO_CS)
    Local override; error
    @(108.7500 mm, 82.6300 mm): Pad 33 [BMI_ACC_CS] of U1 on F.Cu
    @(108.7500 mm, 83.1100 mm): Track [BMI_GYRO_CS] on F.Cu, length 26.9000 mm
[shorting_items]: Items shorting two nets (nets LCD_D4 and BMI_GYRO_CS)
    Local override; error
    @(91.2500 mm, 82.6300 mm): Pad 8 [LCD_D4] of U1 on F.Cu
    @(108.7500 mm, 83.1100 mm): Track [BMI_GYRO_CS] on F.Cu, length 26.9000 mm
[shorting_items]: Items shorting two nets (nets BMI_ACC_CS and BMI_GYRO_CS)
    Local override; error
    @(108.7500 mm, 82.6300 mm): Pad 33 [BMI_ACC_CS] of U1 on F.Cu
    @(108.7500 mm, 81.3600 mm): Track [BMI_GYRO_CS] on F.Cu, length 1.7500 mm
[clearance]: Clearance violation ( clearance 0.2000 mm; actual 0.0900 mm)
    Local override; error
    @(81.3000 mm, 93.9050 mm): Via [BMI_ACC_CS] on F.Cu - B.Cu
    @(81.8500 mm, 83.1100 mm): Track [BMI_GYRO_CS] on B.Cu, length 12.0650 mm
[clearance]: Clearance violation ( clearance 0.2000 mm; actual 0.0900 mm)
    Local override; error
    @(81.8500 mm, 83.1100 mm): Track [BMI_GYRO_CS] on B.Cu, length 12.0650 mm
    @(81.3000 mm, 84.1300 mm): Via [BMI_ACC_CS] on F.Cu - B.Cu
[shorting_items]: Items shorting two nets (nets BMI_ACC_CS and BL_PWM)
    Local override; error
    @(108.7500 mm, 84.1300 mm): Track [BMI_ACC_CS] on F.Cu, length 27.4500 mm
    @(108.7500 mm, 83.9000 mm): Pad 32 [BL_PWM] of U1 on F.Cu
[tracks_crossing]: Tracks crossing
    Local override; error
    @(108.7500 mm, 82.6300 mm): Track [BMI_ACC_CS] on F.Cu, length 1.5000 mm
    @(108.7500 mm, 83.1100 mm): Track [BMI_GYRO_CS] on F.Cu, length 26.9000 mm
[tracks_crossing]: Tracks crossing
    Local override; error
    @(108.7500 mm, 82.6300 mm): Track [BMI_ACC_CS] on F.Cu, length 1.5000 mm
    @(108.7500 mm, 81.3600 mm): Track [BMI_GYRO_CS] on F.Cu, length 1.7500 mm
[shorting_items]: Items shorting two nets (nets BL_PWM and BMI_ACC_CS)
    Local override; error
    @(108.7500 mm, 83.9000 mm): Pad 32 [BL_PWM] of U1 on F.Cu
    @(108.7500 mm, 82.6300 mm): Track [BMI_ACC_CS] on F.Cu, length 1.5000 mm
[shorting_items]: Items shorting two nets (nets LCD_D3 and BMI_ACC_CS)
    Local override; error
    @(91.2500 mm, 83.9000 mm): Pad 9 [LCD_D3] of U1 on F.Cu
    @(108.7500 mm, 84.1300 mm): Track [BMI_ACC_CS] on F.Cu, length 27.4500 mm
[clearance]: Clearance violation ( clearance 0.2000 mm; actual 0.0900 mm)
    Local override; error
    @(81.3000 mm, 84.1300 mm): Track [BMI_ACC_CS] on B.Cu, length 9.7750 mm
    @(80.7500 mm, 92.6350 mm): Via [SPI_MISO] on F.Cu - B.Cu
[clearance]: Clearance violation ( clearance 0.2000 mm; actual 0.0900 mm)
    Local override; error
    @(80.7500 mm, 87.6900 mm): Via [SPI_MISO] on F.Cu - B.Cu
    @(81.3000 mm, 84.1300 mm): Track [BMI_ACC_CS] on B.Cu, length 9.7750 mm
[shorting_items]: Items shorting two nets (nets SPI_MISO and SPI_SCLK)
    Local override; error
    @(108.7500 mm, 87.6900 mm): Track [SPI_MISO] on F.Cu, length 28.0000 mm
    @(108.7500 mm, 87.7100 mm): Pad 29 [SPI_SCLK] of U1 on F.Cu
[shorting_items]: Items shorting two nets (nets SPI_SCLK and SPI_MISO)
    Local override; error
    @(108.7500 mm, 87.7100 mm): Pad 29 [SPI_SCLK] of U1 on F.Cu
    @(108.7500 mm, 86.4400 mm): Track [SPI_MISO] on F.Cu, length 1.2500 mm
[shorting_items]: Items shorting two nets (nets SPI_MISO and LCD_D0)
    Local override; error
    @(108.7500 mm, 87.6900 mm): Track [SPI_MISO] on F.Cu, length 28.0000 mm
    @(91.2500 mm, 87.7100 mm): Pad 12 [LCD_D0] of U1 on F.Cu
[tracks_crossing]: Tracks crossing
    Local override; error
    @(108.7500 mm, 89.9800 mm): Track [SPI_MOSI] on F.Cu, length 28.5500 mm
    @(97.6000 mm, 116.0000 mm): Track [USB_D-_MCU] on F.Cu, length 27.7561 mm
[clearance]: Clearance violation ( clearance 0.2000 mm; actual 0.0900 mm)
    Local override; error
    @(80.2000 mm, 91.3650 mm): Via [SPI_MOSI] on F.Cu - B.Cu
    @(80.7500 mm, 87.6900 mm): Track [SPI_MISO] on B.Cu, length 4.9450 mm
[clearance]: Clearance violation ( clearance 0.2000 mm; actual 0.0500 mm)
    Local override; error
    @(108.7500 mm, 89.9800 mm): Track [SPI_MOSI] on F.Cu, length 28.5500 mm
    @(105.6000 mm, 116.0000 mm): Track [USB_D+_MCU] on F.Cu, length 29.4786 mm
[shorting_items]: Items shorting two nets (nets GND and SPI_MOSI)
    Local override; error
    @(74.8000 mm, 88.8250 mm): Track [GND] on In2.Cu, length 40.9734 mm
    @(80.2000 mm, 91.3650 mm): Via [SPI_MOSI] on F.Cu - B.Cu
[shorting_items]: Items shorting two nets (nets BOOT and SPI_MOSI)
    Local override; error
    @(108.7500 mm, 90.2500 mm): Pad 27 [BOOT] of U1 on F.Cu
    @(108.7500 mm, 89.9800 mm): Track [SPI_MOSI] on F.Cu, length 28.5500 mm
[hole_clearance]: Hole clearance violation (board setup constraints hole clearance 0.2500 mm; actual 0.0000 mm)
    Rule: board setup constraints hole; error
    @(74.8000 mm, 88.8250 mm): Track [GND] on In2.Cu, length 40.9734 mm
    @(80.2000 mm, 91.3650 mm): Via [SPI_MOSI] on F.Cu - B.Cu
[clearance]: Clearance violation ( clearance 0.2000 mm; actual 0.0000 mm)
    Local override; error
    @(108.7500 mm, 89.9800 mm): Track [SPI_MOSI] on F.Cu, length 28.5500 mm
    @(114.7300 mm, 72.0000 mm): Track [BOOT] on F.Cu, length 19.2048 mm
[clearance]: Clearance violation ( clearance 0.2000 mm; actual 0.0000 mm)
    Local override; error
    @(108.7500 mm, 90.2500 mm): Pad 27 [BOOT] of U1 on F.Cu
    @(108.7500 mm, 88.9800 mm): Track [SPI_MOSI] on F.Cu, length 1.0000 mm
[clearance]: Clearance violation ( clearance 0.2000 mm; actual 0.0000 mm)
    Local override; error
    @(108.7500 mm, 89.9800 mm): Track [SPI_MOSI] on F.Cu, length 28.5500 mm
    @(91.2500 mm, 90.2500 mm): Pad 14 [USB_D+_MCU] of U1 on F.Cu
[clearance]: Clearance violation ( clearance 0.2000 mm; actual 0.0000 mm)
    Local override; error
    @(108.7500 mm, 88.9800 mm): Track [SPI_MOSI] on F.Cu, length 1.0000 mm
    @(114.7300 mm, 72.0000 mm): Track [BOOT] on F.Cu, length 19.2048 mm
[clearance]: Clearance violation ( clearance 0.2000 mm; actual 0.1019 mm)
    Local override; error
    @(108.7500 mm, 89.9800 mm): Track [SPI_MOSI] on F.Cu, length 28.5500 mm
    @(79.6500 mm, 90.0950 mm): Via [SPI_SCLK] on F.Cu - B.Cu
[clearance]: Clearance violation ( clearance 0.2000 mm; actual 0.1019 mm)
    Local override; error
    @(79.6500 mm, 90.0950 mm): Track [SPI_SCLK] on F.Cu, length 5.6500 mm
    @(80.2000 mm, 89.9800 mm): Via [SPI_MOSI] on F.Cu - B.Cu
[clearance]: Clearance violation ( clearance 0.2000 mm; actual 0.0000 mm)
    Local override; error
    @(79.6500 mm, 90.0950 mm): Via [SPI_SCLK] on F.Cu - B.Cu
    @(80.2000 mm, 89.9800 mm): Via [SPI_MOSI] on F.Cu - B.Cu
[hole_clearance]: Hole clearance violation (board setup constraints hole clearance 0.2500 mm; actual 0.0619 mm)
    Rule: board setup constraints hole; error
    @(79.6500 mm, 90.0950 mm): Via [SPI_SCLK] on F.Cu - B.Cu
    @(80.2000 mm, 89.9800 mm): Via [SPI_MOSI] on F.Cu - B.Cu
[clearance]: Clearance violation ( clearance 0.2000 mm; actual 0.0900 mm)
    Local override; error
    @(79.6500 mm, 88.4600 mm): Track [SPI_SCLK] on B.Cu, length 1.6350 mm
    @(80.2000 mm, 89.9800 mm): Via [SPI_MOSI] on F.Cu - B.Cu
[clearance]: Clearance violation ( clearance 0.2000 mm; actual 0.0000 mm)
    Local override; error
    @(79.6500 mm, 90.0950 mm): Via [SPI_SCLK] on F.Cu - B.Cu
    @(80.2000 mm, 89.9800 mm): Via [SPI_MOSI] on F.Cu - B.Cu
[hole_clearance]: Hole clearance violation (board setup constraints hole clearance 0.2500 mm; actual 0.0619 mm)
    Rule: board setup constraints hole; error
    @(79.6500 mm, 90.0950 mm): Via [SPI_SCLK] on F.Cu - B.Cu
    @(80.2000 mm, 89.9800 mm): Via [SPI_MOSI] on F.Cu - B.Cu
[clearance]: Clearance violation ( clearance 0.2000 mm; actual 0.0900 mm)
    Local override; error
    @(79.6500 mm, 90.0950 mm): Via [SPI_SCLK] on F.Cu - B.Cu
    @(80.2000 mm, 89.9800 mm): Track [SPI_MOSI] on B.Cu, length 1.3850 mm
[clearance]: Clearance violation ( clearance 0.2000 mm; actual 0.0000 mm)
    Local override; error
    @(79.6500 mm, 90.0950 mm): Via [SPI_SCLK] on F.Cu - B.Cu
    @(80.2000 mm, 89.9800 mm): Via [SPI_MOSI] on F.Cu - B.Cu
[hole_clearance]: Hole clearance violation (board setup constraints hole clearance 0.2500 mm; actual 0.0619 mm)
    Rule: board setup constraints hole; error
    @(79.6500 mm, 90.0950 mm): Via [SPI_SCLK] on F.Cu - B.Cu
    @(80.2000 mm, 89.9800 mm): Via [SPI_MOSI] on F.Cu - B.Cu
[clearance]: Clearance violation ( clearance 0.2000 mm; actual 0.0000 mm)
    Local override; error
    @(108.7500 mm, 88.9800 mm): Pad 28 [SPI_MOSI] of U1 on F.Cu
    @(108.7500 mm, 88.4600 mm): Track [SPI_SCLK] on F.Cu, length 29.1000 mm
[clearance]: Clearance violation ( clearance 0.2000 mm; actual 0.0000 mm)
    Local override; error
    @(79.6500 mm, 90.0950 mm): Via [SPI_SCLK] on F.Cu - B.Cu
    @(80.2000 mm, 89.9800 mm): Via [SPI_MOSI] on F.Cu - B.Cu
[hole_clearance]: Hole clearance violation (board setup constraints hole clearance 0.2500 mm; actual 0.0619 mm)
    Rule: board setup constraints hole; error
    @(79.6500 mm, 90.0950 mm): Via [SPI_SCLK] on F.Cu - B.Cu
    @(80.2000 mm, 89.9800 mm): Via [SPI_MOSI] on F.Cu - B.Cu
[clearance]: Clearance violation ( clearance 0.2000 mm; actual 0.1900 mm)
    Local override; error
    @(91.2500 mm, 87.7100 mm): Pad 12 [LCD_D0] of U1 on F.Cu
    @(108.7500 mm, 88.4600 mm): Track [SPI_SCLK] on F.Cu, length 29.1000 mm
[clearance]: Clearance violation ( clearance 0.2000 mm; actual 0.0000 mm)
    Local override; error
    @(91.2500 mm, 88.9800 mm): Pad 13 [USB_D-_MCU] of U1 on F.Cu
    @(108.7500 mm, 88.4600 mm): Track [SPI_SCLK] on F.Cu, length 29.1000 mm
[clearance]: Clearance violation ( clearance 0.2000 mm; actual 0.0000 mm)
    Local override; error
    @(108.7500 mm, 87.6900 mm): Track [SPI_MISO] on F.Cu, length 28.0000 mm
    @(108.7500 mm, 87.7100 mm): Track [SPI_SCLK] on F.Cu, length 0.7500 mm
[clearance]: Clearance violation ( clearance 0.2000 mm; actual 0.0000 mm)
    Local override; error
    @(108.7500 mm, 86.4400 mm): Track [SPI_MISO] on F.Cu, length 1.2500 mm
    @(108.7500 mm, 87.7100 mm): Track [SPI_SCLK] on F.Cu, length 0.7500 mm
[clearance]: Clearance violation ( clearance 0.2000 mm; actual 0.0000 mm)
    Local override; error
    @(108.7500 mm, 88.9800 mm): Pad 28 [SPI_MOSI] of U1 on F.Cu
    @(108.7500 mm, 87.7100 mm): Track [SPI_SCLK] on F.Cu, length 0.7500 mm
[clearance]: Clearance violation ( clearance 0.2000 mm; actual 0.1650 mm)
    Local override; error
    @(108.2500 mm, 106.8000 mm): Track [SPI_MOSI] on F.Cu, length 1.2000 mm
    @(108.7500 mm, 108.0000 mm): Track [GND] on F.Cu, length 0.8000 mm
[tracks_crossing]: Tracks crossing
    Local override; error
    @(108.2500 mm, 88.9800 mm): Track [SPI_MOSI] on B.Cu, length 17.8200 mm
    @(111.5000 mm, 106.0000 mm): Track [LCD_CS] on B.Cu, length 4.7500 mm
[tracks_crossing]: Tracks crossing
    Local override; error
    @(108.2500 mm, 88.9800 mm): Track [SPI_MOSI] on B.Cu, length 17.8200 mm
    @(112.0000 mm, 106.0000 mm): Track [LCD_RST] on B.Cu, length 5.7500 mm
[clearance]: Clearance violation ( clearance 0.2000 mm; actual 0.0600 mm)
    Local override; error
    @(108.2500 mm, 88.9800 mm): Via [SPI_MOSI] on F.Cu - B.Cu
    @(108.7500 mm, 88.4600 mm): Track [SPI_SCLK] on F.Cu, length 29.1000 mm
[clearance]: Clearance violation ( clearance 0.2000 mm; actual 0.0000 mm)
    Local override; error
    @(108.2500 mm, 106.8000 mm): Via [SPI_MOSI] on F.Cu - B.Cu
    @(109.2500 mm, 107.2000 mm): Track [+3V3] on In1.Cu, length 21.3636 mm
[hole_clearance]: Hole clearance violation (board setup constraints hole clearance 0.2500 mm; actual 0.0000 mm)
    Rule: board setup constraints hole; error
    @(109.2500 mm, 107.2000 mm): Track [+3V3] on In1.Cu, length 21.3636 mm
    @(108.2500 mm, 106.8000 mm): Via [SPI_MOSI] on F.Cu - B.Cu
[clearance]: Clearance violation ( clearance 0.2000 mm; actual 0.1605 mm)
    Local override; error
    @(108.7500 mm, 88.9800 mm): Track [SPI_MOSI] on F.Cu, length 0.5000 mm
    @(114.7300 mm, 72.0000 mm): Track [BOOT] on F.Cu, length 19.2048 mm
[clearance]: Clearance violation ( clearance 0.2000 mm; actual 0.0000 mm)
    Local override; error
    @(108.2500 mm, 106.8000 mm): Via [SPI_MOSI] on F.Cu - B.Cu
    @(95.5500 mm, 108.0000 mm): Track [GND] on In2.Cu, length 16.5711 mm
[hole_clearance]: Hole clearance violation (board setup constraints hole clearance 0.2500 mm; actual 0.0000 mm)
    Rule: board setup constraints hole; error
    @(95.5500 mm, 108.0000 mm): Track [GND] on In2.Cu, length 16.5711 mm
    @(108.2500 mm, 106.8000 mm): Via [SPI_MOSI] on F.Cu - B.Cu
[clearance]: Clearance violation ( clearance 0.2000 mm; actual 0.0000 mm)
    Local override; error
    @(108.2500 mm, 106.8000 mm): Via [SPI_MOSI] on F.Cu - B.Cu
    @(98.0500 mm, 108.0000 mm): Track [GND] on In2.Cu, length 14.0926 mm
[hole_clearance]: Hole clearance violation (board setup constraints hole clearance 0.2500 mm; actual 0.0000 mm)
    Rule: board setup constraints hole; error
    @(98.0500 mm, 108.0000 mm): Track [GND] on In2.Cu, length 14.0926 mm
    @(108.2500 mm, 106.8000 mm): Via [SPI_MOSI] on F.Cu - B.Cu
[clearance]: Clearance violation ( clearance 0.2000 mm; actual 0.0400 mm)
    Local override; error
    @(106.7500 mm, 106.0000 mm): Track [LCD_CS] on F.Cu, length 2.0000 mm
    @(107.2500 mm, 106.8000 mm): Via [SPI_SCLK] on F.Cu - B.Cu
[clearance]: Clearance violation ( clearance 0.2000 mm; actual 0.0000 mm)
    Local override; error
    @(92.5500 mm, 108.0000 mm): Track [GND] on In2.Cu, length 19.5526 mm
    @(108.2500 mm, 106.8000 mm): Via [SPI_MOSI] on F.Cu - B.Cu
[hole_clearance]: Hole clearance violation (board setup constraints hole clearance 0.2500 mm; actual 0.2400 mm)
    Rule: board setup constraints hole; error
    @(106.7500 mm, 106.0000 mm): Track [LCD_CS] on F.Cu, length 2.0000 mm
    @(107.2500 mm, 106.8000 mm): Via [SPI_SCLK] on F.Cu - B.Cu
[hole_clearance]: Hole clearance violation (board setup constraints hole clearance 0.2500 mm; actual 0.0000 mm)
    Rule: board setup constraints hole; error
    @(92.5500 mm, 108.0000 mm): Track [GND] on In2.Cu, length 19.5526 mm
    @(108.2500 mm, 106.8000 mm): Via [SPI_MOSI] on F.Cu - B.Cu
[clearance]: Clearance violation ( clearance 0.2000 mm; actual 0.0000 mm)
    Local override; error
    @(108.2500 mm, 106.8000 mm): Via [SPI_MOSI] on F.Cu - B.Cu
    @(94.0500 mm, 108.0000 mm): Track [GND] on In2.Cu, length 18.0611 mm
[hole_clearance]: Hole clearance violation (board setup constraints hole clearance 0.2500 mm; actual 0.0000 mm)
    Rule: board setup constraints hole; error
    @(94.0500 mm, 108.0000 mm): Track [GND] on In2.Cu, length 18.0611 mm
    @(108.2500 mm, 106.8000 mm): Via [SPI_MOSI] on F.Cu - B.Cu
[clearance]: Clearance violation ( clearance 0.2000 mm; actual 0.0000 mm)
    Local override; error
    @(108.2500 mm, 106.8000 mm): Via [SPI_MOSI] on F.Cu - B.Cu
    @(104.0500 mm, 108.0000 mm): Track [GND] on In2.Cu, length 8.1977 mm
[hole_clearance]: Hole clearance violation (board setup constraints hole clearance 0.2500 mm; actual 0.0000 mm)
    Rule: board setup constraints hole; error
    @(104.0500 mm, 108.0000 mm): Track [GND] on In2.Cu, length 8.1977 mm
    @(108.2500 mm, 106.8000 mm): Via [SPI_MOSI] on F.Cu - B.Cu
[clearance]: Clearance violation ( clearance 0.2000 mm; actual 0.0000 mm)
    Local override; error
    @(107.2500 mm, 106.8000 mm): Via [SPI_SCLK] on F.Cu - B.Cu
    @(109.2500 mm, 107.2000 mm): Track [+3V3] on In1.Cu, length 21.3636 mm
[tracks_crossing]: Tracks crossing
    Local override; error
    @(107.2500 mm, 87.7100 mm): Track [SPI_SCLK] on B.Cu, length 19.0900 mm
    @(111.5000 mm, 106.0000 mm): Track [LCD_CS] on B.Cu, length 4.7500 mm
[hole_clearance]: Hole clearance violation (board setup constraints hole clearance 0.2500 mm; actual 0.0000 mm)
    Rule: board setup constraints hole; error
    @(109.2500 mm, 107.2000 mm): Track [+3V3] on In1.Cu, length 21.3636 mm
    @(107.2500 mm, 106.8000 mm): Via [SPI_SCLK] on F.Cu - B.Cu
[clearance]: Clearance violation ( clearance 0.2000 mm; actual 0.0400 mm)
    Local override; error
    @(106.7500 mm, 106.0000 mm): Via [LCD_CS] on F.Cu - B.Cu
    @(107.2500 mm, 87.7100 mm): Track [SPI_SCLK] on B.Cu, length 19.0900 mm
[hole_clearance]: Hole clearance violation (board setup constraints hole clearance 0.2500 mm; actual 0.2400 mm)
    Rule: board setup constraints hole; error
    @(107.2500 mm, 87.7100 mm): Track [SPI_SCLK] on B.Cu, length 19.0900 mm
    @(106.7500 mm, 106.0000 mm): Via [LCD_CS] on F.Cu - B.Cu
[tracks_crossing]: Tracks crossing
    Local override; error
    @(112.0000 mm, 106.0000 mm): Track [LCD_RST] on B.Cu, length 5.7500 mm
    @(107.2500 mm, 87.7100 mm): Track [SPI_SCLK] on B.Cu, length 19.0900 mm
[clearance]: Clearance violation ( clearance 0.2000 mm; actual 0.0000 mm)
    Local override; error
    @(107.2500 mm, 106.8000 mm): Via [SPI_SCLK] on F.Cu - B.Cu
    @(95.5500 mm, 108.0000 mm): Track [GND] on In2.Cu, length 16.5711 mm
[hole_clearance]: Hole clearance violation (board setup constraints hole clearance 0.2500 mm; actual 0.0000 mm)
    Rule: board setup constraints hole; error
    @(95.5500 mm, 108.0000 mm): Track [GND] on In2.Cu, length 16.5711 mm
    @(107.2500 mm, 106.8000 mm): Via [SPI_SCLK] on F.Cu - B.Cu
[clearance]: Clearance violation ( clearance 0.2000 mm; actual 0.0000 mm)
    Local override; error
    @(108.7500 mm, 87.6900 mm): Track [SPI_MISO] on F.Cu, length 28.0000 mm
    @(107.2500 mm, 87.7100 mm): Via [SPI_SCLK] on F.Cu - B.Cu
[clearance]: Clearance violation ( clearance 0.2000 mm; actual 0.0000 mm)
    Local override; error
    @(98.0500 mm, 108.0000 mm): Track [GND] on In2.Cu, length 14.0926 mm
    @(107.2500 mm, 106.8000 mm): Via [SPI_SCLK] on F.Cu - B.Cu
[hole_clearance]: Hole clearance violation (board setup constraints hole clearance 0.2500 mm; actual 0.0000 mm)
    Rule: board setup constraints hole; error
    @(108.7500 mm, 87.6900 mm): Track [SPI_MISO] on F.Cu, length 28.0000 mm
    @(107.2500 mm, 87.7100 mm): Via [SPI_SCLK] on F.Cu - B.Cu
[hole_clearance]: Hole clearance violation (board setup constraints hole clearance 0.2500 mm; actual 0.0000 mm)
    Rule: board setup constraints hole; error
    @(98.0500 mm, 108.0000 mm): Track [GND] on In2.Cu, length 14.0926 mm
    @(107.2500 mm, 106.8000 mm): Via [SPI_SCLK] on F.Cu - B.Cu
[clearance]: Clearance violation ( clearance 0.2000 mm; actual 0.0000 mm)
    Local override; error
    @(92.5500 mm, 108.0000 mm): Track [GND] on In2.Cu, length 19.5526 mm
    @(107.2500 mm, 106.8000 mm): Via [SPI_SCLK] on F.Cu - B.Cu
[hole_clearance]: Hole clearance violation (board setup constraints hole clearance 0.2500 mm; actual 0.0000 mm)
    Rule: board setup constraints hole; error
    @(92.5500 mm, 108.0000 mm): Track [GND] on In2.Cu, length 19.5526 mm
    @(107.2500 mm, 106.8000 mm): Via [SPI_SCLK] on F.Cu - B.Cu
[clearance]: Clearance violation ( clearance 0.2000 mm; actual 0.0000 mm)
    Local override; error
    @(108.7500 mm, 87.6900 mm): Track [SPI_MISO] on F.Cu, length 28.0000 mm
    @(108.7500 mm, 87.7100 mm): Track [SPI_SCLK] on F.Cu, length 1.5000 mm
[clearance]: Clearance violation ( clearance 0.2000 mm; actual 0.0000 mm)
    Local override; error
    @(107.2500 mm, 106.8000 mm): Via [SPI_SCLK] on F.Cu - B.Cu
    @(94.0500 mm, 108.0000 mm): Track [GND] on In2.Cu, length 18.0611 mm
[clearance]: Clearance violation ( clearance 0.2000 mm; actual 0.0000 mm)
    Local override; error
    @(108.7500 mm, 86.4400 mm): Track [SPI_MISO] on F.Cu, length 1.2500 mm
    @(108.7500 mm, 87.7100 mm): Track [SPI_SCLK] on F.Cu, length 1.5000 mm
[hole_clearance]: Hole clearance violation (board setup constraints hole clearance 0.2500 mm; actual 0.0000 mm)
    Rule: board setup constraints hole; error
    @(94.0500 mm, 108.0000 mm): Track [GND] on In2.Cu, length 18.0611 mm
    @(107.2500 mm, 106.8000 mm): Via [SPI_SCLK] on F.Cu - B.Cu
[clearance]: Clearance violation ( clearance 0.2000 mm; actual 0.0000 mm)
    Local override; error
    @(104.0500 mm, 108.0000 mm): Track [GND] on In2.Cu, length 8.1977 mm
    @(107.2500 mm, 106.8000 mm): Via [SPI_SCLK] on F.Cu - B.Cu
[hole_clearance]: Hole clearance violation (board setup constraints hole clearance 0.2500 mm; actual 0.0000 mm)
    Rule: board setup constraints hole; error
    @(104.0500 mm, 108.0000 mm): Track [GND] on In2.Cu, length 8.1977 mm
    @(107.2500 mm, 106.8000 mm): Via [SPI_SCLK] on F.Cu - B.Cu
[clearance]: Clearance violation ( clearance 0.2000 mm; actual 0.0400 mm)
    Local override; error
    @(106.2500 mm, 106.0000 mm): Via [LCD_RST] on F.Cu - B.Cu
    @(105.7500 mm, 93.5000 mm): Track [LCD_D15] on B.Cu, length 13.3000 mm
[hole_clearance]: Hole clearance violation (board setup constraints hole clearance 0.2500 mm; actual 0.2400 mm)
    Rule: board setup constraints hole; error
    @(105.7500 mm, 93.5000 mm): Track [LCD_D15] on B.Cu, length 13.3000 mm
    @(106.2500 mm, 106.0000 mm): Via [LCD_RST] on F.Cu - B.Cu
[clearance]: Clearance violation ( clearance 0.2000 mm; actual 0.0000 mm)
    Local override; error
    @(105.7500 mm, 106.8000 mm): Via [LCD_D15] on F.Cu - B.Cu
    @(109.2500 mm, 107.2000 mm): Track [+3V3] on In1.Cu, length 21.3636 mm
[clearance]: Clearance violation ( clearance 0.2000 mm; actual 0.0000 mm)
    Local override; error
    @(105.7500 mm, 93.5000 mm): Via [LCD_D15] on F.Cu - B.Cu
    @(100.8000 mm, 81.5000 mm): Track [GND] on In2.Cu, length 26.9386 mm
[hole_clearance]: Hole clearance violation (board setup constraints hole clearance 0.2500 mm; actual 0.0000 mm)
    Rule: board setup constraints hole; error
    @(109.2500 mm, 107.2000 mm): Track [+3V3] on In1.Cu, length 21.3636 mm
    @(105.7500 mm, 106.8000 mm): Via [LCD_D15] on F.Cu - B.Cu
[hole_clearance]: Hole clearance violation (board setup constraints hole clearance 0.2500 mm; actual 0.0372 mm)
    Rule: board setup constraints hole; error
    @(100.8000 mm, 81.5000 mm): Track [GND] on In2.Cu, length 26.9386 mm
    @(105.7500 mm, 93.5000 mm): Via [LCD_D15] on F.Cu - B.Cu
[clearance]: Clearance violation ( clearance 0.2000 mm; actual 0.0000 mm)
    Local override; error
    @(105.7500 mm, 106.8000 mm): Via [LCD_D15] on F.Cu - B.Cu
    @(95.5500 mm, 108.0000 mm): Track [GND] on In2.Cu, length 16.5711 mm
[hole_clearance]: Hole clearance violation (board setup constraints hole clearance 0.2500 mm; actual 0.0000 mm)
    Rule: board setup constraints hole; error
    @(95.5500 mm, 108.0000 mm): Track [GND] on In2.Cu, length 16.5711 mm
    @(105.7500 mm, 106.8000 mm): Via [LCD_D15] on F.Cu - B.Cu
[clearance]: Clearance violation ( clearance 0.2000 mm; actual 0.0400 mm)
    Local override; error
    @(105.2500 mm, 106.8000 mm): Track [LCD_D14] on F.Cu, length 1.2000 mm
    @(105.7500 mm, 106.8000 mm): Via [LCD_D15] on F.Cu - B.Cu
[clearance]: Clearance violation ( clearance 0.2000 mm; actual 0.0000 mm)
    Local override; error
    @(98.0500 mm, 108.0000 mm): Track [GND] on In2.Cu, length 14.0926 mm
    @(105.7500 mm, 106.8000 mm): Via [LCD_D15] on F.Cu - B.Cu
[hole_clearance]: Hole clearance violation (board setup constraints hole clearance 0.2500 mm; actual 0.2400 mm)
    Rule: board setup constraints hole; error
    @(105.2500 mm, 106.8000 mm): Track [LCD_D14] on F.Cu, length 1.2000 mm
    @(105.7500 mm, 106.8000 mm): Via [LCD_D15] on F.Cu - B.Cu
[hole_clearance]: Hole clearance violation (board setup constraints hole clearance 0.2500 mm; actual 0.0000 mm)
    Rule: board setup constraints hole; error
    @(98.0500 mm, 108.0000 mm): Track [GND] on In2.Cu, length 14.0926 mm
    @(105.7500 mm, 106.8000 mm): Via [LCD_D15] on F.Cu - B.Cu
[clearance]: Clearance violation ( clearance 0.2000 mm; actual 0.0000 mm)
    Local override; error
    @(92.5500 mm, 108.0000 mm): Track [GND] on In2.Cu, length 19.5526 mm
    @(105.7500 mm, 106.8000 mm): Via [LCD_D15] on F.Cu - B.Cu
[hole_clearance]: Hole clearance violation (board setup constraints hole clearance 0.2500 mm; actual 0.0000 mm)
    Rule: board setup constraints hole; error
    @(92.5500 mm, 108.0000 mm): Track [GND] on In2.Cu, length 19.5526 mm
    @(105.7500 mm, 106.8000 mm): Via [LCD_D15] on F.Cu - B.Cu
[clearance]: Clearance violation ( clearance 0.2000 mm; actual 0.0000 mm)
    Local override; error
    @(105.7500 mm, 106.8000 mm): Via [LCD_D15] on F.Cu - B.Cu
    @(94.0500 mm, 108.0000 mm): Track [GND] on In2.Cu, length 18.0611 mm
[clearance]: Clearance violation ( clearance 0.2000 mm; actual 0.0000 mm)
    Local override; error
    @(105.2500 mm, 106.8000 mm): Via [LCD_D14] on F.Cu - B.Cu
    @(105.7500 mm, 106.8000 mm): Via [LCD_D15] on F.Cu - B.Cu
[hole_clearance]: Hole clearance violation (board setup constraints hole clearance 0.2500 mm; actual 0.0000 mm)
    Rule: board setup constraints hole; error
    @(94.0500 mm, 108.0000 mm): Track [GND] on In2.Cu, length 18.0611 mm
    @(105.7500 mm, 106.8000 mm): Via [LCD_D15] on F.Cu - B.Cu
[hole_clearance]: Hole clearance violation (board setup constraints hole clearance 0.2500 mm; actual 0.0000 mm)
    Rule: board setup constraints hole; error
    @(105.2500 mm, 106.8000 mm): Via [LCD_D14] on F.Cu - B.Cu
    @(105.7500 mm, 106.8000 mm): Via [LCD_D15] on F.Cu - B.Cu
[clearance]: Clearance violation ( clearance 0.2000 mm; actual 0.0990 mm)
    Local override; error
    @(104.0500 mm, 108.0000 mm): Track [GND] on In2.Cu, length 8.1977 mm
    @(105.7500 mm, 106.8000 mm): Via [LCD_D15] on F.Cu - B.Cu
[clearance]: Clearance violation ( clearance 0.2000 mm; actual 0.0400 mm)
    Local override; error
    @(105.2500 mm, 106.8000 mm): Via [LCD_D14] on F.Cu - B.Cu
    @(105.7500 mm, 106.8000 mm): Track [LCD_D15] on F.Cu, length 1.2000 mm
[hole_clearance]: Hole clearance violation (board setup constraints hole clearance 0.2500 mm; actual 0.2400 mm)
    Rule: board setup constraints hole; error
    @(105.7500 mm, 106.8000 mm): Track [LCD_D15] on F.Cu, length 1.2000 mm
    @(105.2500 mm, 106.8000 mm): Via [LCD_D14] on F.Cu - B.Cu
[clearance]: Clearance violation ( clearance 0.2000 mm; actual 0.0400 mm)
    Local override; error
    @(105.2500 mm, 93.1500 mm): Track [LCD_D14] on B.Cu, length 13.6500 mm
    @(105.7500 mm, 106.8000 mm): Via [LCD_D15] on F.Cu - B.Cu
[hole_clearance]: Hole clearance violation (board setup constraints hole clearance 0.2500 mm; actual 0.2400 mm)
    Rule: board setup constraints hole; error
    @(105.2500 mm, 93.1500 mm): Track [LCD_D14] on B.Cu, length 13.6500 mm
    @(105.7500 mm, 106.8000 mm): Via [LCD_D15] on F.Cu - B.Cu
[clearance]: Clearance violation ( clearance 0.2000 mm; actual 0.0400 mm)
    Local override; error
    @(105.7500 mm, 93.5000 mm): Via [LCD_D15] on F.Cu - B.Cu
    @(105.2500 mm, 93.1500 mm): Track [LCD_D14] on B.Cu, length 13.6500 mm
[clearance]: Clearance violation ( clearance 0.2000 mm; actual 0.0000 mm)
    Local override; error
    @(105.2500 mm, 106.8000 mm): Via [LCD_D14] on F.Cu - B.Cu
    @(105.7500 mm, 106.8000 mm): Via [LCD_D15] on F.Cu - B.Cu
[hole_clearance]: Hole clearance violation (board setup constraints hole clearance 0.2500 mm; actual 0.2400 mm)
    Rule: board setup constraints hole; error
    @(105.2500 mm, 93.1500 mm): Track [LCD_D14] on B.Cu, length 13.6500 mm
    @(105.7500 mm, 93.5000 mm): Via [LCD_D15] on F.Cu - B.Cu
[hole_clearance]: Hole clearance violation (board setup constraints hole clearance 0.2500 mm; actual 0.0000 mm)
    Rule: board setup constraints hole; error
    @(105.2500 mm, 106.8000 mm): Via [LCD_D14] on F.Cu - B.Cu
    @(105.7500 mm, 106.8000 mm): Via [LCD_D15] on F.Cu - B.Cu
[clearance]: Clearance violation ( clearance 0.2000 mm; actual 0.0000 mm)
    Local override; error
    @(105.2500 mm, 93.1500 mm): Via [LCD_D14] on F.Cu - B.Cu
    @(105.7500 mm, 93.5000 mm): Via [LCD_D15] on F.Cu - B.Cu
[clearance]: Clearance violation ( clearance 0.2000 mm; actual 0.0400 mm)
    Local override; error
    @(105.2500 mm, 106.8000 mm): Via [LCD_D14] on F.Cu - B.Cu
    @(105.7500 mm, 93.5000 mm): Track [LCD_D15] on B.Cu, length 13.3000 mm
[hole_clearance]: Hole clearance violation (board setup constraints hole clearance 0.2500 mm; actual 0.1103 mm)
    Rule: board setup constraints hole; error
    @(105.2500 mm, 93.1500 mm): Via [LCD_D14] on F.Cu - B.Cu
    @(105.7500 mm, 93.5000 mm): Via [LCD_D15] on F.Cu - B.Cu
[hole_clearance]: Hole clearance violation (board setup constraints hole clearance 0.2500 mm; actual 0.2400 mm)
    Rule: board setup constraints hole; error
    @(105.7500 mm, 93.5000 mm): Track [LCD_D15] on B.Cu, length 13.3000 mm
    @(105.2500 mm, 106.8000 mm): Via [LCD_D14] on F.Cu - B.Cu
[clearance]: Clearance violation ( clearance 0.2000 mm; actual 0.0000 mm)
    Local override; error
    @(105.2500 mm, 93.1500 mm): Via [LCD_D14] on F.Cu - B.Cu
    @(103.1750 mm, 93.5000 mm): Track [LCD_D15] on F.Cu, length 2.5750 mm
[clearance]: Clearance violation ( clearance 0.2000 mm; actual 0.0000 mm)
    Local override; error
    @(105.2500 mm, 106.8000 mm): Via [LCD_D14] on F.Cu - B.Cu
    @(109.2500 mm, 107.2000 mm): Track [+3V3] on In1.Cu, length 21.3636 mm
[hole_clearance]: Hole clearance violation (board setup constraints hole clearance 0.2500 mm; actual 0.0000 mm)
    Rule: board setup constraints hole; error
    @(109.2500 mm, 107.2000 mm): Track [+3V3] on In1.Cu, length 21.3636 mm
    @(105.2500 mm, 106.8000 mm): Via [LCD_D14] on F.Cu - B.Cu
[hole_clearance]: Hole clearance violation (board setup constraints hole clearance 0.2500 mm; actual 0.0900 mm)
    Rule: board setup constraints hole; error
    @(103.1750 mm, 93.5000 mm): Track [LCD_D15] on F.Cu, length 2.5750 mm
    @(105.2500 mm, 93.1500 mm): Via [LCD_D14] on F.Cu - B.Cu
[clearance]: Clearance violation ( clearance 0.2000 mm; actual 0.0000 mm)
    Local override; error
    @(105.2500 mm, 93.1500 mm): Via [LCD_D14] on F.Cu - B.Cu
    @(105.7500 mm, 93.5000 mm): Via [LCD_D15] on F.Cu - B.Cu
[clearance]: Clearance violation ( clearance 0.2000 mm; actual 0.0000 mm)
    Local override; error
    @(105.2500 mm, 106.8000 mm): Via [LCD_D14] on F.Cu - B.Cu
    @(105.7500 mm, 106.8000 mm): Via [LCD_D15] on F.Cu - B.Cu
[hole_clearance]: Hole clearance violation (board setup constraints hole clearance 0.2500 mm; actual 0.1103 mm)
    Rule: board setup constraints hole; error
    @(105.2500 mm, 93.1500 mm): Via [LCD_D14] on F.Cu - B.Cu
    @(105.7500 mm, 93.5000 mm): Via [LCD_D15] on F.Cu - B.Cu
[hole_clearance]: Hole clearance violation (board setup constraints hole clearance 0.2500 mm; actual 0.0000 mm)
    Rule: board setup constraints hole; error
    @(105.2500 mm, 106.8000 mm): Via [LCD_D14] on F.Cu - B.Cu
    @(105.7500 mm, 106.8000 mm): Via [LCD_D15] on F.Cu - B.Cu
[clearance]: Clearance violation ( clearance 0.2000 mm; actual 0.1503 mm)
    Local override; error
    @(105.2500 mm, 93.1500 mm): Via [LCD_D14] on F.Cu - B.Cu
    @(105.7500 mm, 93.5000 mm): Track [LCD_D15] on B.Cu, length 13.3000 mm
[clearance]: Clearance violation ( clearance 0.2000 mm; actual 0.0000 mm)
    Local override; error
    @(105.2500 mm, 93.1500 mm): Via [LCD_D14] on F.Cu - B.Cu
    @(105.7500 mm, 93.5000 mm): Via [LCD_D15] on F.Cu - B.Cu
[clearance]: Clearance violation ( clearance 0.2000 mm; actual 0.0000 mm)
    Local override; error
    @(105.2500 mm, 106.8000 mm): Via [LCD_D14] on F.Cu - B.Cu
    @(105.7500 mm, 106.8000 mm): Via [LCD_D15] on F.Cu - B.Cu
[hole_clearance]: Hole clearance violation (board setup constraints hole clearance 0.2500 mm; actual 0.1103 mm)
    Rule: board setup constraints hole; error
    @(105.2500 mm, 93.1500 mm): Via [LCD_D14] on F.Cu - B.Cu
    @(105.7500 mm, 93.5000 mm): Via [LCD_D15] on F.Cu - B.Cu
[hole_clearance]: Hole clearance violation (board setup constraints hole clearance 0.2500 mm; actual 0.0000 mm)
    Rule: board setup constraints hole; error
    @(105.2500 mm, 106.8000 mm): Via [LCD_D14] on F.Cu - B.Cu
    @(105.7500 mm, 106.8000 mm): Via [LCD_D15] on F.Cu - B.Cu
[clearance]: Clearance violation ( clearance 0.2000 mm; actual 0.0000 mm)
    Local override; error
    @(105.2500 mm, 93.1500 mm): Via [LCD_D14] on F.Cu - B.Cu
    @(105.7500 mm, 93.5000 mm): Via [LCD_D15] on F.Cu - B.Cu
[clearance]: Clearance violation ( clearance 0.2000 mm; actual 0.0000 mm)
    Local override; error
    @(105.2500 mm, 106.8000 mm): Via [LCD_D14] on F.Cu - B.Cu
    @(95.5500 mm, 108.0000 mm): Track [GND] on In2.Cu, length 16.5711 mm
[hole_clearance]: Hole clearance violation (board setup constraints hole clearance 0.2500 mm; actual 0.1103 mm)
    Rule: board setup constraints hole; error
    @(105.2500 mm, 93.1500 mm): Via [LCD_D14] on F.Cu - B.Cu
    @(105.7500 mm, 93.5000 mm): Via [LCD_D15] on F.Cu - B.Cu
[hole_clearance]: Hole clearance violation (board setup constraints hole clearance 0.2500 mm; actual 0.0000 mm)
    Rule: board setup constraints hole; error
    @(95.5500 mm, 108.0000 mm): Track [GND] on In2.Cu, length 16.5711 mm
    @(105.2500 mm, 106.8000 mm): Via [LCD_D14] on F.Cu - B.Cu
[clearance]: Clearance violation ( clearance 0.2000 mm; actual 0.1464 mm)
    Local override; error
    @(105.2500 mm, 93.1500 mm): Via [LCD_D14] on F.Cu - B.Cu
    @(100.8000 mm, 81.5000 mm): Track [GND] on In2.Cu, length 26.9386 mm
[clearance]: Clearance violation ( clearance 0.2000 mm; actual 0.0000 mm)
    Local override; error
    @(105.2500 mm, 106.8000 mm): Via [LCD_D14] on F.Cu - B.Cu
    @(98.0500 mm, 108.0000 mm): Track [GND] on In2.Cu, length 14.0926 mm
[hole_clearance]: Hole clearance violation (board setup constraints hole clearance 0.2500 mm; actual 0.0000 mm)
    Rule: board setup constraints hole; error
    @(98.0500 mm, 108.0000 mm): Track [GND] on In2.Cu, length 14.0926 mm
    @(105.2500 mm, 106.8000 mm): Via [LCD_D14] on F.Cu - B.Cu
[clearance]: Clearance violation ( clearance 0.2000 mm; actual 0.1503 mm)
    Local override; error
    @(105.7500 mm, 93.5000 mm): Via [LCD_D15] on F.Cu - B.Cu
    @(101.9050 mm, 93.1500 mm): Track [LCD_D14] on F.Cu, length 3.3450 mm
[clearance]: Clearance violation ( clearance 0.2000 mm; actual 0.0000 mm)
    Local override; error
    @(92.5500 mm, 108.0000 mm): Track [GND] on In2.Cu, length 19.5526 mm
    @(105.2500 mm, 106.8000 mm): Via [LCD_D14] on F.Cu - B.Cu
[clearance]: Clearance violation ( clearance 0.2000 mm; actual 0.1300 mm)
    Local override; error
    @(103.1750 mm, 93.5000 mm): Track [LCD_D15] on F.Cu, length 2.5750 mm
    @(101.9050 mm, 93.1500 mm): Track [LCD_D14] on F.Cu, length 3.3450 mm
[hole_clearance]: Hole clearance violation (board setup constraints hole clearance 0.2500 mm; actual 0.0000 mm)
    Rule: board setup constraints hole; error
    @(92.5500 mm, 108.0000 mm): Track [GND] on In2.Cu, length 19.5526 mm
    @(105.2500 mm, 106.8000 mm): Via [LCD_D14] on F.Cu - B.Cu
[tracks_crossing]: Tracks crossing
    Local override; error
    @(103.1750 mm, 91.5000 mm): Track [LCD_D15] on F.Cu, length 2.0000 mm
    @(101.9050 mm, 93.1500 mm): Track [LCD_D14] on F.Cu, length 3.3450 mm
[clearance]: Clearance violation ( clearance 0.2000 mm; actual 0.0000 mm)
    Local override; error
    @(105.2500 mm, 106.8000 mm): Via [LCD_D14] on F.Cu - B.Cu
    @(94.0500 mm, 108.0000 mm): Track [GND] on In2.Cu, length 18.0611 mm
[hole_clearance]: Hole clearance violation (board setup constraints hole clearance 0.2500 mm; actual 0.0000 mm)
    Rule: board setup constraints hole; error
    @(94.0500 mm, 108.0000 mm): Track [GND] on In2.Cu, length 18.0611 mm
    @(105.2500 mm, 106.8000 mm): Via [LCD_D14] on F.Cu - B.Cu
[clearance]: Clearance violation ( clearance 0.2000 mm; actual 0.1900 mm)
    Local override; error
    @(104.0500 mm, 108.0000 mm): Via [GND] on F.Cu - B.Cu
    @(104.7500 mm, 106.8000 mm): Track [LCD_D13] on F.Cu, length 1.2000 mm
[clearance]: Clearance violation ( clearance 0.2000 mm; actual 0.0400 mm)
    Local override; error
    @(104.7500 mm, 106.8000 mm): Via [LCD_D13] on F.Cu - B.Cu
    @(105.2500 mm, 106.8000 mm): Track [LCD_D14] on F.Cu, length 1.2000 mm
[clearance]: Clearance violation ( clearance 0.2000 mm; actual 0.0400 mm)
    Local override; error
    @(105.2500 mm, 106.8000 mm): Via [LCD_D14] on F.Cu - B.Cu
    @(104.7500 mm, 106.8000 mm): Track [LCD_D13] on F.Cu, length 1.2000 mm
[hole_clearance]: Hole clearance violation (board setup constraints hole clearance 0.2500 mm; actual 0.2400 mm)
    Rule: board setup constraints hole; error
    @(105.2500 mm, 106.8000 mm): Track [LCD_D14] on F.Cu, length 1.2000 mm
    @(104.7500 mm, 106.8000 mm): Via [LCD_D13] on F.Cu - B.Cu
[hole_clearance]: Hole clearance violation (board setup constraints hole clearance 0.2500 mm; actual 0.2400 mm)
    Rule: board setup constraints hole; error
    @(104.7500 mm, 106.8000 mm): Track [LCD_D13] on F.Cu, length 1.2000 mm
    @(105.2500 mm, 106.8000 mm): Via [LCD_D14] on F.Cu - B.Cu
[clearance]: Clearance violation ( clearance 0.2000 mm; actual 0.0000 mm)
    Local override; error
    @(105.2500 mm, 106.8000 mm): Via [LCD_D14] on F.Cu - B.Cu
    @(104.7500 mm, 106.8000 mm): Via [LCD_D13] on F.Cu - B.Cu
[hole_clearance]: Hole clearance violation (board setup constraints hole clearance 0.2500 mm; actual 0.0000 mm)
    Rule: board setup constraints hole; error
    @(105.2500 mm, 106.8000 mm): Via [LCD_D14] on F.Cu - B.Cu
    @(104.7500 mm, 106.8000 mm): Via [LCD_D13] on F.Cu - B.Cu
[clearance]: Clearance violation ( clearance 0.2000 mm; actual 0.0400 mm)
    Local override; error
    @(104.7500 mm, 92.8000 mm): Track [LCD_D13] on B.Cu, length 14.0000 mm
    @(105.2500 mm, 106.8000 mm): Via [LCD_D14] on F.Cu - B.Cu
[hole_clearance]: Hole clearance violation (board setup constraints hole clearance 0.2500 mm; actual 0.2400 mm)
    Rule: board setup constraints hole; error
    @(104.7500 mm, 92.8000 mm): Track [LCD_D13] on B.Cu, length 14.0000 mm
    @(105.2500 mm, 106.8000 mm): Via [LCD_D14] on F.Cu - B.Cu
[clearance]: Clearance violation ( clearance 0.2000 mm; actual 0.0000 mm)
    Local override; error
    @(105.2500 mm, 106.8000 mm): Via [LCD_D14] on F.Cu - B.Cu
    @(104.7500 mm, 106.8000 mm): Via [LCD_D13] on F.Cu - B.Cu
[clearance]: Clearance violation ( clearance 0.2000 mm; actual 0.0400 mm)
    Local override; error
    @(105.2500 mm, 93.1500 mm): Via [LCD_D14] on F.Cu - B.Cu
    @(104.7500 mm, 92.8000 mm): Track [LCD_D13] on B.Cu, length 14.0000 mm
[hole_clearance]: Hole clearance violation (board setup constraints hole clearance 0.2500 mm; actual 0.0000 mm)
    Rule: board setup constraints hole; error
    @(105.2500 mm, 106.8000 mm): Via [LCD_D14] on F.Cu - B.Cu
    @(104.7500 mm, 106.8000 mm): Via [LCD_D13] on F.Cu - B.Cu
[hole_clearance]: Hole clearance violation (board setup constraints hole clearance 0.2500 mm; actual 0.2400 mm)
    Rule: board setup constraints hole; error
    @(104.7500 mm, 92.8000 mm): Track [LCD_D13] on B.Cu, length 14.0000 mm
    @(105.2500 mm, 93.1500 mm): Via [LCD_D14] on F.Cu - B.Cu
[clearance]: Clearance violation ( clearance 0.2000 mm; actual 0.0400 mm)
    Local override; error
    @(105.2500 mm, 93.1500 mm): Track [LCD_D14] on B.Cu, length 13.6500 mm
    @(104.7500 mm, 106.8000 mm): Via [LCD_D13] on F.Cu - B.Cu
[hole_clearance]: Hole clearance violation (board setup constraints hole clearance 0.2500 mm; actual 0.2400 mm)
    Rule: board setup constraints hole; error
    @(105.2500 mm, 93.1500 mm): Track [LCD_D14] on B.Cu, length 13.6500 mm
    @(104.7500 mm, 106.8000 mm): Via [LCD_D13] on F.Cu - B.Cu
[clearance]: Clearance violation ( clearance 0.2000 mm; actual 0.0000 mm)
    Local override; error
    @(105.2500 mm, 93.1500 mm): Via [LCD_D14] on F.Cu - B.Cu
    @(104.7500 mm, 92.8000 mm): Via [LCD_D13] on F.Cu - B.Cu
[hole_clearance]: Hole clearance violation (board setup constraints hole clearance 0.2500 mm; actual 0.1103 mm)
    Rule: board setup constraints hole; error
    @(105.2500 mm, 93.1500 mm): Via [LCD_D14] on F.Cu - B.Cu
    @(104.7500 mm, 92.8000 mm): Via [LCD_D13] on F.Cu - B.Cu
[clearance]: Clearance violation ( clearance 0.2000 mm; actual 0.0000 mm)
    Local override; error
    @(104.7500 mm, 106.8000 mm): Via [LCD_D13] on F.Cu - B.Cu
    @(109.2500 mm, 107.2000 mm): Track [+3V3] on In1.Cu, length 21.3636 mm
[hole_clearance]: Hole clearance violation (board setup constraints hole clearance 0.2500 mm; actual 0.0000 mm)
    Rule: board setup constraints hole; error
    @(109.2500 mm, 107.2000 mm): Track [+3V3] on In1.Cu, length 21.3636 mm
    @(104.7500 mm, 106.8000 mm): Via [LCD_D13] on F.Cu - B.Cu
[clearance]: Clearance violation ( clearance 0.2000 mm; actual 0.0000 mm)
    Local override; error
    @(104.7500 mm, 92.8000 mm): Via [LCD_D13] on F.Cu - B.Cu
    @(101.9050 mm, 93.1500 mm): Track [LCD_D14] on F.Cu, length 3.3450 mm
[clearance]: Clearance violation ( clearance 0.2000 mm; actual 0.0000 mm)
    Local override; error
    @(105.2500 mm, 106.8000 mm): Via [LCD_D14] on F.Cu - B.Cu
    @(104.7500 mm, 106.8000 mm): Via [LCD_D13] on F.Cu - B.Cu
[hole_clearance]: Hole clearance violation (board setup constraints hole clearance 0.2500 mm; actual 0.0900 mm)
    Rule: board setup constraints hole; error
    @(101.9050 mm, 93.1500 mm): Track [LCD_D14] on F.Cu, length 3.3450 mm
    @(104.7500 mm, 92.8000 mm): Via [LCD_D13] on F.Cu - B.Cu
[hole_clearance]: Hole clearance violation (board setup constraints hole clearance 0.2500 mm; actual 0.0000 mm)
    Rule: board setup constraints hole; error
    @(105.2500 mm, 106.8000 mm): Via [LCD_D14] on F.Cu - B.Cu
    @(104.7500 mm, 106.8000 mm): Via [LCD_D13] on F.Cu - B.Cu
[clearance]: Clearance violation ( clearance 0.2000 mm; actual 0.0000 mm)
    Local override; error
    @(105.2500 mm, 93.1500 mm): Via [LCD_D14] on F.Cu - B.Cu
    @(104.7500 mm, 92.8000 mm): Via [LCD_D13] on F.Cu - B.Cu
[clearance]: Clearance violation ( clearance 0.2000 mm; actual 0.0000 mm)
    Local override; error
    @(105.2500 mm, 106.8000 mm): Via [LCD_D14] on F.Cu - B.Cu
    @(104.7500 mm, 106.8000 mm): Via [LCD_D13] on F.Cu - B.Cu
[hole_clearance]: Hole clearance violation (board setup constraints hole clearance 0.2500 mm; actual 0.1103 mm)
    Rule: board setup constraints hole; error
    @(105.2500 mm, 93.1500 mm): Via [LCD_D14] on F.Cu - B.Cu
    @(104.7500 mm, 92.8000 mm): Via [LCD_D13] on F.Cu - B.Cu
[hole_clearance]: Hole clearance violation (board setup constraints hole clearance 0.2500 mm; actual 0.0000 mm)
    Rule: board setup constraints hole; error
    @(105.2500 mm, 106.8000 mm): Via [LCD_D14] on F.Cu - B.Cu
    @(104.7500 mm, 106.8000 mm): Via [LCD_D13] on F.Cu - B.Cu
[clearance]: Clearance violation ( clearance 0.2000 mm; actual 0.1503 mm)
    Local override; error
    @(104.7500 mm, 92.8000 mm): Via [LCD_D13] on F.Cu - B.Cu
    @(105.2500 mm, 93.1500 mm): Track [LCD_D14] on B.Cu, length 13.6500 mm
[clearance]: Clearance violation ( clearance 0.2000 mm; actual 0.0000 mm)
    Local override; error
    @(104.7500 mm, 106.8000 mm): Via [LCD_D13] on F.Cu - B.Cu
    @(95.5500 mm, 108.0000 mm): Track [GND] on In2.Cu, length 16.5711 mm
[hole_clearance]: Hole clearance violation (board setup constraints hole clearance 0.2500 mm; actual 0.0000 mm)
    Rule: board setup constraints hole; error
    @(95.5500 mm, 108.0000 mm): Track [GND] on In2.Cu, length 16.5711 mm
    @(104.7500 mm, 106.8000 mm): Via [LCD_D13] on F.Cu - B.Cu
[clearance]: Clearance violation ( clearance 0.2000 mm; actual 0.0000 mm)
    Local override; error
    @(105.2500 mm, 93.1500 mm): Via [LCD_D14] on F.Cu - B.Cu
    @(104.7500 mm, 92.8000 mm): Via [LCD_D13] on F.Cu - B.Cu
[clearance]: Clearance violation ( clearance 0.2000 mm; actual 0.0000 mm)
    Local override; error
    @(104.7500 mm, 106.8000 mm): Via [LCD_D13] on F.Cu - B.Cu
    @(98.0500 mm, 108.0000 mm): Track [GND] on In2.Cu, length 14.0926 mm
[hole_clearance]: Hole clearance violation (board setup constraints hole clearance 0.2500 mm; actual 0.1103 mm)
    Rule: board setup constraints hole; error
    @(105.2500 mm, 93.1500 mm): Via [LCD_D14] on F.Cu - B.Cu
    @(104.7500 mm, 92.8000 mm): Via [LCD_D13] on F.Cu - B.Cu
[hole_clearance]: Hole clearance violation (board setup constraints hole clearance 0.2500 mm; actual 0.0000 mm)
    Rule: board setup constraints hole; error
    @(98.0500 mm, 108.0000 mm): Track [GND] on In2.Cu, length 14.0926 mm
    @(104.7500 mm, 106.8000 mm): Via [LCD_D13] on F.Cu - B.Cu
[clearance]: Clearance violation ( clearance 0.2000 mm; actual 0.0000 mm)
    Local override; error
    @(105.2500 mm, 93.1500 mm): Via [LCD_D14] on F.Cu - B.Cu
    @(104.7500 mm, 92.8000 mm): Via [LCD_D13] on F.Cu - B.Cu
[clearance]: Clearance violation ( clearance 0.2000 mm; actual 0.0000 mm)
    Local override; error
    @(92.5500 mm, 108.0000 mm): Track [GND] on In2.Cu, length 19.5526 mm
    @(104.7500 mm, 106.8000 mm): Via [LCD_D13] on F.Cu - B.Cu
[hole_clearance]: Hole clearance violation (board setup constraints hole clearance 0.2500 mm; actual 0.1103 mm)
    Rule: board setup constraints hole; error
    @(105.2500 mm, 93.1500 mm): Via [LCD_D14] on F.Cu - B.Cu
    @(104.7500 mm, 92.8000 mm): Via [LCD_D13] on F.Cu - B.Cu
[hole_clearance]: Hole clearance violation (board setup constraints hole clearance 0.2500 mm; actual 0.0000 mm)
    Rule: board setup constraints hole; error
    @(92.5500 mm, 108.0000 mm): Track [GND] on In2.Cu, length 19.5526 mm
    @(104.7500 mm, 106.8000 mm): Via [LCD_D13] on F.Cu - B.Cu
[clearance]: Clearance violation ( clearance 0.2000 mm; actual 0.0000 mm)
    Local override; error
    @(104.7500 mm, 106.8000 mm): Via [LCD_D13] on F.Cu - B.Cu
    @(94.0500 mm, 108.0000 mm): Track [GND] on In2.Cu, length 18.0611 mm
[clearance]: Clearance violation ( clearance 0.2000 mm; actual 0.1266 mm)
    Local override; error
    @(104.7500 mm, 92.8000 mm): Via [LCD_D13] on F.Cu - B.Cu
    @(92.0500 mm, 73.7400 mm): Track [GND] on In2.Cu, length 37.9303 mm
[hole_clearance]: Hole clearance violation (board setup constraints hole clearance 0.2500 mm; actual 0.0000 mm)
    Rule: board setup constraints hole; error
    @(94.0500 mm, 108.0000 mm): Track [GND] on In2.Cu, length 18.0611 mm
    @(104.7500 mm, 106.8000 mm): Via [LCD_D13] on F.Cu - B.Cu
[clearance]: Clearance violation ( clearance 0.2000 mm; actual 0.1503 mm)
    Local override; error
    @(105.2500 mm, 93.1500 mm): Via [LCD_D14] on F.Cu - B.Cu
    @(100.6350 mm, 92.8000 mm): Track [LCD_D13] on F.Cu, length 4.1150 mm
[tracks_crossing]: Tracks crossing
    Local override; error
    @(100.6350 mm, 92.8000 mm): Track [LCD_D13] on F.Cu, length 4.1150 mm
    @(101.9050 mm, 91.5000 mm): Track [LCD_D14] on F.Cu, length 1.6500 mm
[clearance]: Clearance violation ( clearance 0.2000 mm; actual 0.0000 mm)
    Local override; error
    @(104.7500 mm, 106.8000 mm): Via [LCD_D13] on F.Cu - B.Cu
    @(104.2500 mm, 106.8000 mm): Via [LCD_D12] on F.Cu - B.Cu
[clearance]: Clearance violation ( clearance 0.2000 mm; actual 0.1300 mm)
    Local override; error
    @(100.6350 mm, 92.8000 mm): Track [LCD_D13] on F.Cu, length 4.1150 mm
    @(101.9050 mm, 93.1500 mm): Track [LCD_D14] on F.Cu, length 3.3450 mm
[hole_clearance]: Hole clearance violation (board setup constraints hole clearance 0.2500 mm; actual 0.0000 mm)
    Rule: board setup constraints hole; error
    @(104.7500 mm, 106.8000 mm): Via [LCD_D13] on F.Cu - B.Cu
    @(104.2500 mm, 106.8000 mm): Via [LCD_D12] on F.Cu - B.Cu
[tracks_crossing]: Tracks crossing
    Local override; error
    @(100.6350 mm, 92.8000 mm): Track [LCD_D13] on F.Cu, length 4.1150 mm
    @(103.1750 mm, 91.5000 mm): Track [LCD_D15] on F.Cu, length 2.0000 mm
[clearance]: Clearance violation ( clearance 0.2000 mm; actual 0.0400 mm)
    Local override; error
    @(104.2500 mm, 106.8000 mm): Via [LCD_D12] on F.Cu - B.Cu
    @(104.7500 mm, 106.8000 mm): Track [LCD_D13] on F.Cu, length 1.2000 mm
[hole_clearance]: Hole clearance violation (board setup constraints hole clearance 0.2500 mm; actual 0.2400 mm)
    Rule: board setup constraints hole; error
    @(104.7500 mm, 106.8000 mm): Track [LCD_D13] on F.Cu, length 1.2000 mm
    @(104.2500 mm, 106.8000 mm): Via [LCD_D12] on F.Cu - B.Cu
[clearance]: Clearance violation ( clearance 0.2000 mm; actual 0.0400 mm)
    Local override; error
    @(104.2500 mm, 92.4500 mm): Track [LCD_D12] on B.Cu, length 14.3500 mm
    @(104.7500 mm, 106.8000 mm): Via [LCD_D13] on F.Cu - B.Cu
[hole_clearance]: Hole clearance violation (board setup constraints hole clearance 0.2500 mm; actual 0.2400 mm)
    Rule: board setup constraints hole; error
    @(104.2500 mm, 92.4500 mm): Track [LCD_D12] on B.Cu, length 14.3500 mm
    @(104.7500 mm, 106.8000 mm): Via [LCD_D13] on F.Cu - B.Cu
[clearance]: Clearance violation ( clearance 0.2000 mm; actual 0.0400 mm)
    Local override; error
    @(104.2500 mm, 92.4500 mm): Track [LCD_D12] on B.Cu, length 14.3500 mm
    @(104.7500 mm, 92.8000 mm): Via [LCD_D13] on F.Cu - B.Cu
[hole_clearance]: Hole clearance violation (board setup constraints hole clearance 0.2500 mm; actual 0.2400 mm)
    Rule: board setup constraints hole; error
    @(104.2500 mm, 92.4500 mm): Track [LCD_D12] on B.Cu, length 14.3500 mm
    @(104.7500 mm, 92.8000 mm): Via [LCD_D13] on F.Cu - B.Cu
[clearance]: Clearance violation ( clearance 0.2000 mm; actual 0.0000 mm)
    Local override; error
    @(104.7500 mm, 106.8000 mm): Via [LCD_D13] on F.Cu - B.Cu
    @(104.2500 mm, 106.8000 mm): Via [LCD_D12] on F.Cu - B.Cu
[hole_clearance]: Hole clearance violation (board setup constraints hole clearance 0.2500 mm; actual 0.0000 mm)
    Rule: board setup constraints hole; error
    @(104.7500 mm, 106.8000 mm): Via [LCD_D13] on F.Cu - B.Cu
    @(104.2500 mm, 106.8000 mm): Via [LCD_D12] on F.Cu - B.Cu
[clearance]: Clearance violation ( clearance 0.2000 mm; actual 0.0000 mm)
    Local override; error
    @(104.2500 mm, 92.4500 mm): Via [LCD_D12] on F.Cu - B.Cu
    @(104.7500 mm, 92.8000 mm): Via [LCD_D13] on F.Cu - B.Cu
[clearance]: Clearance violation ( clearance 0.2000 mm; actual 0.0400 mm)
    Local override; error
    @(104.7500 mm, 92.8000 mm): Track [LCD_D13] on B.Cu, length 14.0000 mm
    @(104.2500 mm, 106.8000 mm): Via [LCD_D12] on F.Cu - B.Cu
[hole_clearance]: Hole clearance violation (board setup constraints hole clearance 0.2500 mm; actual 0.1103 mm)
    Rule: board setup constraints hole; error
    @(104.2500 mm, 92.4500 mm): Via [LCD_D12] on F.Cu - B.Cu
    @(104.7500 mm, 92.8000 mm): Via [LCD_D13] on F.Cu - B.Cu
[hole_clearance]: Hole clearance violation (board setup constraints hole clearance 0.2500 mm; actual 0.2400 mm)
    Rule: board setup constraints hole; error
    @(104.7500 mm, 92.8000 mm): Track [LCD_D13] on B.Cu, length 14.0000 mm
    @(104.2500 mm, 106.8000 mm): Via [LCD_D12] on F.Cu - B.Cu
[clearance]: Clearance violation ( clearance 0.2000 mm; actual 0.0000 mm)
    Local override; error
    @(104.2500 mm, 92.4500 mm): Via [LCD_D12] on F.Cu - B.Cu
    @(104.4450 mm, 91.5000 mm): Pad 24 [LCD_PCLK] of U1 on F.Cu
[clearance]: Clearance violation ( clearance 0.2000 mm; actual 0.0000 mm)
    Local override; error
    @(104.2500 mm, 106.8000 mm): Via [LCD_D12] on F.Cu - B.Cu
    @(109.2500 mm, 107.2000 mm): Track [+3V3] on In1.Cu, length 21.3636 mm
[hole_clearance]: Hole clearance violation (board setup constraints hole clearance 0.2500 mm; actual 0.0500 mm)
    Rule: board setup constraints hole; error
    @(104.4450 mm, 91.5000 mm): Pad 24 [LCD_PCLK] of U1 on F.Cu
    @(104.2500 mm, 92.4500 mm): Via [LCD_D12] on F.Cu - B.Cu
[hole_clearance]: Hole clearance violation (board setup constraints hole clearance 0.2500 mm; actual 0.0000 mm)
    Rule: board setup constraints hole; error
    @(109.2500 mm, 107.2000 mm): Track [+3V3] on In1.Cu, length 21.3636 mm
    @(104.2500 mm, 106.8000 mm): Via [LCD_D12] on F.Cu - B.Cu
[clearance]: Clearance violation ( clearance 0.2000 mm; actual 0.0000 mm)
    Local override; error
    @(104.2500 mm, 92.4500 mm): Via [LCD_D12] on F.Cu - B.Cu
    @(100.6350 mm, 92.8000 mm): Track [LCD_D13] on F.Cu, length 4.1150 mm
[clearance]: Clearance violation ( clearance 0.2000 mm; actual 0.0000 mm)
    Local override; error
    @(104.7500 mm, 106.8000 mm): Via [LCD_D13] on F.Cu - B.Cu
    @(104.2500 mm, 106.8000 mm): Via [LCD_D12] on F.Cu - B.Cu
[hole_clearance]: Hole clearance violation (board setup constraints hole clearance 0.2500 mm; actual 0.0900 mm)
    Rule: board setup constraints hole; error
    @(100.6350 mm, 92.8000 mm): Track [LCD_D13] on F.Cu, length 4.1150 mm
    @(104.2500 mm, 92.4500 mm): Via [LCD_D12] on F.Cu - B.Cu
[hole_clearance]: Hole clearance violation (board setup constraints hole clearance 0.2500 mm; actual 0.0000 mm)
    Rule: board setup constraints hole; error
    @(104.7500 mm, 106.8000 mm): Via [LCD_D13] on F.Cu - B.Cu
    @(104.2500 mm, 106.8000 mm): Via [LCD_D12] on F.Cu - B.Cu
[clearance]: Clearance violation ( clearance 0.2000 mm; actual 0.0000 mm)
    Local override; error
    @(104.2500 mm, 92.4500 mm): Via [LCD_D12] on F.Cu - B.Cu
    @(104.7500 mm, 92.8000 mm): Via [LCD_D13] on F.Cu - B.Cu
[clearance]: Clearance violation ( clearance 0.2000 mm; actual 0.0000 mm)
    Local override; error
    @(104.7500 mm, 106.8000 mm): Via [LCD_D13] on F.Cu - B.Cu
    @(104.2500 mm, 106.8000 mm): Via [LCD_D12] on F.Cu - B.Cu
[hole_clearance]: Hole clearance violation (board setup constraints hole clearance 0.2500 mm; actual 0.1103 mm)
    Rule: board setup constraints hole; error
    @(104.2500 mm, 92.4500 mm): Via [LCD_D12] on F.Cu - B.Cu
    @(104.7500 mm, 92.8000 mm): Via [LCD_D13] on F.Cu - B.Cu
[hole_clearance]: Hole clearance violation (board setup constraints hole clearance 0.2500 mm; actual 0.0000 mm)
    Rule: board setup constraints hole; error
    @(104.7500 mm, 106.8000 mm): Via [LCD_D13] on F.Cu - B.Cu
    @(104.2500 mm, 106.8000 mm): Via [LCD_D12] on F.Cu - B.Cu
[clearance]: Clearance violation ( clearance 0.2000 mm; actual 0.1503 mm)
    Local override; error
    @(104.2500 mm, 92.4500 mm): Via [LCD_D12] on F.Cu - B.Cu
    @(104.7500 mm, 92.8000 mm): Track [LCD_D13] on B.Cu, length 14.0000 mm
[clearance]: Clearance violation ( clearance 0.2000 mm; actual 0.0000 mm)
    Local override; error
    @(104.2500 mm, 106.8000 mm): Via [LCD_D12] on F.Cu - B.Cu
    @(95.5500 mm, 108.0000 mm): Track [GND] on In2.Cu, length 16.5711 mm
[clearance]: Clearance violation ( clearance 0.2000 mm; actual 0.0000 mm)
    Local override; error
    @(104.2500 mm, 92.4500 mm): Via [LCD_D12] on F.Cu - B.Cu
    @(104.7500 mm, 92.8000 mm): Via [LCD_D13] on F.Cu - B.Cu
[hole_clearance]: Hole clearance violation (board setup constraints hole clearance 0.2500 mm; actual 0.0000 mm)
    Rule: board setup constraints hole; error
    @(95.5500 mm, 108.0000 mm): Track [GND] on In2.Cu, length 16.5711 mm
    @(104.2500 mm, 106.8000 mm): Via [LCD_D12] on F.Cu - B.Cu
[clearance]: Clearance violation ( clearance 0.2000 mm; actual 0.0000 mm)
    Local override; error
    @(98.0500 mm, 108.0000 mm): Track [GND] on In2.Cu, length 14.0926 mm
    @(104.2500 mm, 106.8000 mm): Via [LCD_D12] on F.Cu - B.Cu
[clearance]: Clearance violation ( clearance 0.2000 mm; actual 0.0000 mm)
    Local override; error
    @(104.2500 mm, 92.4500 mm): Via [LCD_D12] on F.Cu - B.Cu
    @(104.7500 mm, 92.8000 mm): Via [LCD_D13] on F.Cu - B.Cu
[clearance]: Clearance violation ( clearance 0.2000 mm; actual 0.0000 mm)
    Local override; error
    @(92.5500 mm, 108.0000 mm): Track [GND] on In2.Cu, length 19.5526 mm
    @(104.2500 mm, 106.8000 mm): Via [LCD_D12] on F.Cu - B.Cu
[clearance]: Clearance violation ( clearance 0.2000 mm; actual 0.0000 mm)
    Local override; error
    @(104.2500 mm, 92.4500 mm): Via [LCD_D12] on F.Cu - B.Cu
    @(92.0500 mm, 73.7400 mm): Track [GND] on In2.Cu, length 37.9303 mm
[clearance]: Clearance violation ( clearance 0.2000 mm; actual 0.0900 mm)
    Local override; error
    @(99.3650 mm, 92.4500 mm): Track [LCD_D12] on F.Cu, length 4.8850 mm
    @(101.9050 mm, 91.5000 mm): Pad 22 [LCD_D14] of U1 on F.Cu
[clearance]: Clearance violation ( clearance 0.2000 mm; actual 0.0000 mm)
    Local override; error
    @(104.2500 mm, 106.8000 mm): Via [LCD_D12] on F.Cu - B.Cu
    @(94.0500 mm, 108.0000 mm): Track [GND] on In2.Cu, length 18.0611 mm
[clearance]: Clearance violation ( clearance 0.2000 mm; actual 0.0900 mm)
    Local override; error
    @(99.3650 mm, 92.4500 mm): Track [LCD_D12] on F.Cu, length 4.8850 mm
    @(103.1750 mm, 91.5000 mm): Pad 23 [LCD_D15] of U1 on F.Cu
[clearance]: Clearance violation ( clearance 0.2000 mm; actual 0.1503 mm)
    Local override; error
    @(104.7500 mm, 92.8000 mm): Via [LCD_D13] on F.Cu - B.Cu
    @(99.3650 mm, 92.4500 mm): Track [LCD_D12] on F.Cu, length 4.8850 mm
[clearance]: Clearance violation ( clearance 0.2000 mm; actual 0.0000 mm)
    Local override; error
    @(103.7500 mm, 106.8000 mm): Track [LCD_D11] on F.Cu, length 1.2000 mm
    @(104.0500 mm, 108.0000 mm): Via [GND] on F.Cu - B.Cu
[clearance]: Clearance violation ( clearance 0.2000 mm; actual 0.0900 mm)
    Local override; error
    @(99.3650 mm, 92.4500 mm): Track [LCD_D12] on F.Cu, length 4.8850 mm
    @(104.4450 mm, 91.5000 mm): Pad 24 [LCD_PCLK] of U1 on F.Cu
[clearance]: Clearance violation ( clearance 0.2000 mm; actual 0.0400 mm)
    Local override; error
    @(103.7500 mm, 106.8000 mm): Track [LCD_D11] on F.Cu, length 1.2000 mm
    @(104.2500 mm, 106.8000 mm): Via [LCD_D12] on F.Cu - B.Cu
[tracks_crossing]: Tracks crossing
    Local override; error
    @(100.6350 mm, 91.5000 mm): Track [LCD_D13] on F.Cu, length 1.3000 mm
    @(99.3650 mm, 92.4500 mm): Track [LCD_D12] on F.Cu, length 4.8850 mm
[tracks_crossing]: Tracks crossing
    Local override; error
    @(99.3650 mm, 92.4500 mm): Track [LCD_D12] on F.Cu, length 4.8850 mm
    @(101.9050 mm, 91.5000 mm): Track [LCD_D14] on F.Cu, length 1.6500 mm
[tracks_crossing]: Tracks crossing
    Local override; error
    @(103.7500 mm, 106.8000 mm): Track [LCD_D11] on F.Cu, length 1.2000 mm
    @(103.2500 mm, 108.0000 mm): Track [GND] on F.Cu, length 0.8000 mm
[clearance]: Clearance violation ( clearance 0.2000 mm; actual 0.1300 mm)
    Local override; error
    @(100.6350 mm, 92.8000 mm): Track [LCD_D13] on F.Cu, length 4.1150 mm
    @(99.3650 mm, 92.4500 mm): Track [LCD_D12] on F.Cu, length 4.8850 mm
[tracks_crossing]: Tracks crossing
    Local override; error
    @(99.3650 mm, 92.4500 mm): Track [LCD_D12] on F.Cu, length 4.8850 mm
    @(103.1750 mm, 91.5000 mm): Track [LCD_D15] on F.Cu, length 2.0000 mm
[clearance]: Clearance violation ( clearance 0.2000 mm; actual 0.0000 mm)
    Local override; error
    @(103.7500 mm, 106.8000 mm): Via [LCD_D11] on F.Cu - B.Cu
    @(104.2500 mm, 106.8000 mm): Via [LCD_D12] on F.Cu - B.Cu
[clearance]: Clearance violation ( clearance 0.2000 mm; actual 0.0900 mm)
    Local override; error
    @(100.6350 mm, 91.5000 mm): Pad 21 [LCD_D13] of U1 on F.Cu
    @(99.3650 mm, 92.4500 mm): Track [LCD_D12] on F.Cu, length 4.8850 mm
[clearance]: Clearance violation ( clearance 0.2000 mm; actual 0.0400 mm)
    Local override; error
    @(103.7500 mm, 106.8000 mm): Via [LCD_D11] on F.Cu - B.Cu
    @(104.2500 mm, 106.8000 mm): Track [LCD_D12] on F.Cu, length 1.2000 mm
[clearance]: Clearance violation ( clearance 0.2000 mm; actual 0.0400 mm)
    Local override; error
    @(104.2500 mm, 106.8000 mm): Via [LCD_D12] on F.Cu - B.Cu
    @(103.7500 mm, 92.1000 mm): Track [LCD_D11] on B.Cu, length 14.7000 mm
[clearance]: Clearance violation ( clearance 0.2000 mm; actual 0.0000 mm)
    Local override; error
    @(103.7500 mm, 106.8000 mm): Via [LCD_D11] on F.Cu - B.Cu
    @(104.2500 mm, 106.8000 mm): Via [LCD_D12] on F.Cu - B.Cu
[clearance]: Clearance violation ( clearance 0.2000 mm; actual 0.0400 mm)
    Local override; error
    @(104.2500 mm, 92.4500 mm): Track [LCD_D12] on B.Cu, length 14.3500 mm
    @(103.7500 mm, 106.8000 mm): Via [LCD_D11] on F.Cu - B.Cu
[clearance]: Clearance violation ( clearance 0.2000 mm; actual 0.0400 mm)
    Local override; error
    @(104.2500 mm, 92.4500 mm): Via [LCD_D12] on F.Cu - B.Cu
    @(103.7500 mm, 92.1000 mm): Track [LCD_D11] on B.Cu, length 14.7000 mm
[clearance]: Clearance violation ( clearance 0.2000 mm; actual 0.0000 mm)
    Local override; error
    @(103.7500 mm, 106.8000 mm): Via [LCD_D11] on F.Cu - B.Cu
    @(109.2500 mm, 107.2000 mm): Track [+3V3] on In1.Cu, length 21.3636 mm
[clearance]: Clearance violation ( clearance 0.2000 mm; actual 0.0000 mm)
    Local override; error
    @(103.1750 mm, 91.5000 mm): Pad 23 [LCD_D15] of U1 on F.Cu
    @(103.7500 mm, 92.1000 mm): Via [LCD_D11] on F.Cu - B.Cu
[clearance]: Clearance violation ( clearance 0.2000 mm; actual 0.0000 mm)
    Local override; error
    @(104.2500 mm, 92.4500 mm): Via [LCD_D12] on F.Cu - B.Cu
    @(103.7500 mm, 92.1000 mm): Via [LCD_D11] on F.Cu - B.Cu
[clearance]: Clearance violation ( clearance 0.2000 mm; actual 0.0000 mm)
    Local override; error
    @(103.7500 mm, 106.8000 mm): Via [LCD_D11] on F.Cu - B.Cu
    @(104.2500 mm, 106.8000 mm): Via [LCD_D12] on F.Cu - B.Cu
[clearance]: Clearance violation ( clearance 0.2000 mm; actual 0.0000 mm)
    Local override; error
    @(104.4450 mm, 91.5000 mm): Pad 24 [LCD_PCLK] of U1 on F.Cu
    @(103.7500 mm, 92.1000 mm): Via [LCD_D11] on F.Cu - B.Cu
[clearance]: Clearance violation ( clearance 0.2000 mm; actual 0.0000 mm)
    Local override; error
    @(99.3650 mm, 92.4500 mm): Track [LCD_D12] on F.Cu, length 4.8850 mm
    @(103.7500 mm, 92.1000 mm): Via [LCD_D11] on F.Cu - B.Cu
[clearance]: Clearance violation ( clearance 0.2000 mm; actual 0.0000 mm)
    Local override; error
    @(103.7500 mm, 106.8000 mm): Via [LCD_D11] on F.Cu - B.Cu
    @(104.2500 mm, 106.8000 mm): Via [LCD_D12] on F.Cu - B.Cu
[clearance]: Clearance violation ( clearance 0.2000 mm; actual 0.1150 mm)
    Local override; error
    @(103.1750 mm, 91.5000 mm): Track [LCD_D15] on F.Cu, length 2.0000 mm
    @(103.7500 mm, 92.1000 mm): Via [LCD_D11] on F.Cu - B.Cu
[clearance]: Clearance violation ( clearance 0.2000 mm; actual 0.0000 mm)
    Local override; error
    @(103.7500 mm, 106.8000 mm): Via [LCD_D11] on F.Cu - B.Cu
    @(95.5500 mm, 108.0000 mm): Track [GND] on In2.Cu, length 16.5711 mm
[clearance]: Clearance violation ( clearance 0.2000 mm; actual 0.0000 mm)
    Local override; error
    @(103.7500 mm, 106.8000 mm): Via [LCD_D11] on F.Cu - B.Cu
    @(98.0500 mm, 108.0000 mm): Track [GND] on In2.Cu, length 14.0926 mm
[clearance]: Clearance violation ( clearance 0.2000 mm; actual 0.0000 mm)
    Local override; error
    @(92.5500 mm, 108.0000 mm): Track [GND] on In2.Cu, length 19.5526 mm
    @(103.7500 mm, 106.8000 mm): Via [LCD_D11] on F.Cu - B.Cu
[clearance]: Clearance violation ( clearance 0.2000 mm; actual 0.1503 mm)
    Local override; error
    @(104.2500 mm, 92.4500 mm): Track [LCD_D12] on B.Cu, length 14.3500 mm
    @(103.7500 mm, 92.1000 mm): Via [LCD_D11] on F.Cu - B.Cu
[clearance]: Clearance violation ( clearance 0.2000 mm; actual 0.0000 mm)
    Local override; error
    @(103.7500 mm, 106.8000 mm): Via [LCD_D11] on F.Cu - B.Cu
    @(94.0500 mm, 108.0000 mm): Track [GND] on In2.Cu, length 18.0611 mm
[clearance]: Clearance violation ( clearance 0.2000 mm; actual 0.0000 mm)
    Local override; error
    @(104.2500 mm, 92.4500 mm): Via [LCD_D12] on F.Cu - B.Cu
    @(103.7500 mm, 92.1000 mm): Via [LCD_D11] on F.Cu - B.Cu
[clearance]: Clearance violation ( clearance 0.2000 mm; actual 0.0000 mm)
    Local override; error
    @(98.0950 mm, 92.1000 mm): Track [LCD_D11] on F.Cu, length 5.6550 mm
    @(101.9050 mm, 91.5000 mm): Pad 22 [LCD_D14] of U1 on F.Cu
[clearance]: Clearance violation ( clearance 0.2000 mm; actual 0.0000 mm)
    Local override; error
    @(104.2500 mm, 92.4500 mm): Via [LCD_D12] on F.Cu - B.Cu
    @(103.7500 mm, 92.1000 mm): Via [LCD_D11] on F.Cu - B.Cu
[clearance]: Clearance violation ( clearance 0.2000 mm; actual 0.0000 mm)
    Local override; error
    @(98.0950 mm, 92.1000 mm): Track [LCD_D11] on F.Cu, length 5.6550 mm
    @(103.1750 mm, 91.5000 mm): Pad 23 [LCD_D15] of U1 on F.Cu
[clearance]: Clearance violation ( clearance 0.2000 mm; actual 0.0000 mm)
    Local override; error
    @(104.2500 mm, 92.4500 mm): Via [LCD_D12] on F.Cu - B.Cu
    @(103.7500 mm, 92.1000 mm): Via [LCD_D11] on F.Cu - B.Cu
[clearance]: Clearance violation ( clearance 0.2000 mm; actual 0.1503 mm)
    Local override; error
    @(104.2500 mm, 92.4500 mm): Via [LCD_D12] on F.Cu - B.Cu
    @(98.0950 mm, 92.1000 mm): Track [LCD_D11] on F.Cu, length 5.6550 mm
[clearance]: Clearance violation ( clearance 0.2000 mm; actual 0.0000 mm)
    Local override; error
    @(92.0500 mm, 73.7400 mm): Track [GND] on In2.Cu, length 37.9303 mm
    @(103.7500 mm, 92.1000 mm): Via [LCD_D11] on F.Cu - B.Cu
[clearance]: Clearance violation ( clearance 0.2000 mm; actual 0.1350 mm)
    Local override; error
    @(98.0950 mm, 92.1000 mm): Track [LCD_D11] on F.Cu, length 5.6550 mm
    @(104.4450 mm, 91.5000 mm): Pad 24 [LCD_PCLK] of U1 on F.Cu
[tracks_crossing]: Tracks crossing
    Local override; error
    @(98.0950 mm, 92.1000 mm): Track [LCD_D11] on F.Cu, length 5.6550 mm
    @(99.3650 mm, 91.5000 mm): Track [LCD_D12] on F.Cu, length 0.9500 mm
[tracks_crossing]: Tracks crossing
    Local override; error
    @(100.6350 mm, 91.5000 mm): Track [LCD_D13] on F.Cu, length 1.3000 mm
    @(98.0950 mm, 92.1000 mm): Track [LCD_D11] on F.Cu, length 5.6550 mm
[tracks_crossing]: Tracks crossing
    Local override; error
    @(98.0950 mm, 92.1000 mm): Track [LCD_D11] on F.Cu, length 5.6550 mm
    @(101.9050 mm, 91.5000 mm): Track [LCD_D14] on F.Cu, length 1.6500 mm
[clearance]: Clearance violation ( clearance 0.2000 mm; actual 0.1650 mm)
    Local override; error
    @(102.7500 mm, 106.8000 mm): Track [LCD_D10] on F.Cu, length 1.2000 mm
    @(103.2500 mm, 108.0000 mm): Track [GND] on F.Cu, length 0.8000 mm
[clearance]: Clearance violation ( clearance 0.2000 mm; actual 0.1300 mm)
    Local override; error
    @(98.0950 mm, 92.1000 mm): Track [LCD_D11] on F.Cu, length 5.6550 mm
    @(99.3650 mm, 92.4500 mm): Track [LCD_D12] on F.Cu, length 4.8850 mm
[tracks_crossing]: Tracks crossing
    Local override; error
    @(98.0950 mm, 92.1000 mm): Track [LCD_D11] on F.Cu, length 5.6550 mm
    @(103.1750 mm, 91.5000 mm): Track [LCD_D15] on F.Cu, length 2.0000 mm
[clearance]: Clearance violation ( clearance 0.2000 mm; actual 0.0000 mm)
    Local override; error
    @(98.0950 mm, 92.1000 mm): Track [LCD_D11] on F.Cu, length 5.6550 mm
    @(99.3650 mm, 91.5000 mm): Pad 20 [LCD_D12] of U1 on F.Cu
[clearance]: Clearance violation ( clearance 0.2000 mm; actual 0.0000 mm)
    Local override; error
    @(100.6350 mm, 91.5000 mm): Pad 21 [LCD_D13] of U1 on F.Cu
    @(98.0950 mm, 92.1000 mm): Track [LCD_D11] on F.Cu, length 5.6550 mm
[clearance]: Clearance violation ( clearance 0.2000 mm; actual 0.0000 mm)
    Local override; error
    @(102.7500 mm, 106.8000 mm): Via [LCD_D10] on F.Cu - B.Cu
    @(109.2500 mm, 107.2000 mm): Track [+3V3] on In1.Cu, length 21.3636 mm
[clearance]: Clearance violation ( clearance 0.2000 mm; actual 0.0906 mm)
    Local override; error
    @(102.7500 mm, 93.8500 mm): Via [LCD_D10] on F.Cu - B.Cu
    @(103.1750 mm, 93.5000 mm): Track [LCD_D15] on F.Cu, length 2.5750 mm
[clearance]: Clearance violation ( clearance 0.2000 mm; actual 0.0000 mm)
    Local override; error
    @(95.5500 mm, 108.0000 mm): Track [GND] on In2.Cu, length 16.5711 mm
    @(102.7500 mm, 106.8000 mm): Via [LCD_D10] on F.Cu - B.Cu
[clearance]: Clearance violation ( clearance 0.2000 mm; actual 0.0906 mm)
    Local override; error
    @(102.7500 mm, 93.8500 mm): Via [LCD_D10] on F.Cu - B.Cu
    @(103.1750 mm, 91.5000 mm): Track [LCD_D15] on F.Cu, length 2.0000 mm
[clearance]: Clearance violation ( clearance 0.2000 mm; actual 0.0000 mm)
    Local override; error
    @(98.0500 mm, 108.0000 mm): Track [GND] on In2.Cu, length 14.0926 mm
    @(102.7500 mm, 106.8000 mm): Via [LCD_D10] on F.Cu - B.Cu
[clearance]: Clearance violation ( clearance 0.2000 mm; actual 0.0000 mm)
    Local override; error
    @(92.5500 mm, 108.0000 mm): Track [GND] on In2.Cu, length 19.5526 mm
    @(102.7500 mm, 106.8000 mm): Via [LCD_D10] on F.Cu - B.Cu
[clearance]: Clearance violation ( clearance 0.2000 mm; actual 0.0000 mm)
    Local override; error
    @(102.7500 mm, 106.8000 mm): Via [LCD_D10] on F.Cu - B.Cu
    @(94.0500 mm, 108.0000 mm): Track [GND] on In2.Cu, length 18.0611 mm
[clearance]: Clearance violation ( clearance 0.2000 mm; actual 0.0400 mm)
    Local override; error
    @(102.2500 mm, 106.8000 mm): Track [LCD_D9] on F.Cu, length 1.2000 mm
    @(102.7500 mm, 106.8000 mm): Via [LCD_D10] on F.Cu - B.Cu
[clearance]: Clearance violation ( clearance 0.2000 mm; actual 0.0000 mm)
    Local override; error
    @(102.7500 mm, 106.8000 mm): Via [LCD_D10] on F.Cu - B.Cu
    @(102.2500 mm, 106.8000 mm): Via [LCD_D9] on F.Cu - B.Cu
[clearance]: Clearance violation ( clearance 0.2000 mm; actual 0.0400 mm)
    Local override; error
    @(102.7500 mm, 106.8000 mm): Track [LCD_D10] on F.Cu, length 1.2000 mm
    @(102.2500 mm, 106.8000 mm): Via [LCD_D9] on F.Cu - B.Cu
[clearance]: Clearance violation ( clearance 0.2000 mm; actual 0.0400 mm)
    Local override; error
    @(102.7500 mm, 106.8000 mm): Via [LCD_D10] on F.Cu - B.Cu
    @(102.2500 mm, 93.5000 mm): Track [LCD_D9] on B.Cu, length 13.3000 mm
[clearance]: Clearance violation ( clearance 0.2000 mm; actual 0.0000 mm)
    Local override; error
    @(102.7500 mm, 106.8000 mm): Via [LCD_D10] on F.Cu - B.Cu
    @(102.2500 mm, 106.8000 mm): Via [LCD_D9] on F.Cu - B.Cu
[clearance]: Clearance violation ( clearance 0.2000 mm; actual 0.0400 mm)
    Local override; error
    @(102.7500 mm, 93.8500 mm): Via [LCD_D10] on F.Cu - B.Cu
    @(102.2500 mm, 93.5000 mm): Track [LCD_D9] on B.Cu, length 13.3000 mm
[clearance]: Clearance violation ( clearance 0.2000 mm; actual 0.0400 mm)
    Local override; error
    @(102.7500 mm, 93.8500 mm): Track [LCD_D10] on B.Cu, length 12.9500 mm
    @(102.2500 mm, 106.8000 mm): Via [LCD_D9] on F.Cu - B.Cu
[clearance]: Clearance violation ( clearance 0.2000 mm; actual 0.0315 mm)
    Local override; error
    @(101.9050 mm, 91.5000 mm): Track [LCD_D14] on F.Cu, length 1.6500 mm
    @(102.2500 mm, 93.5000 mm): Via [LCD_D9] on F.Cu - B.Cu
[clearance]: Clearance violation ( clearance 0.2000 mm; actual 0.0000 mm)
    Local override; error
    @(102.2500 mm, 106.8000 mm): Via [LCD_D9] on F.Cu - B.Cu
    @(109.2500 mm, 107.2000 mm): Track [+3V3] on In1.Cu, length 21.3636 mm
[clearance]: Clearance violation ( clearance 0.2000 mm; actual 0.0000 mm)
    Local override; error
    @(96.8250 mm, 93.8500 mm): Track [LCD_D10] on F.Cu, length 5.9250 mm
    @(102.2500 mm, 93.5000 mm): Via [LCD_D9] on F.Cu - B.Cu
[clearance]: Clearance violation ( clearance 0.2000 mm; actual 0.0000 mm)
    Local override; error
    @(102.7500 mm, 106.8000 mm): Via [LCD_D10] on F.Cu - B.Cu
    @(102.2500 mm, 106.8000 mm): Via [LCD_D9] on F.Cu - B.Cu
[clearance]: Clearance violation ( clearance 0.2000 mm; actual 0.0000 mm)
    Local override; error
    @(102.2500 mm, 93.5000 mm): Via [LCD_D9] on F.Cu - B.Cu
    @(101.9050 mm, 93.1500 mm): Track [LCD_D14] on F.Cu, length 3.3450 mm
[clearance]: Clearance violation ( clearance 0.2000 mm; actual 0.0000 mm)
    Local override; error
    @(102.7500 mm, 106.8000 mm): Via [LCD_D10] on F.Cu - B.Cu
    @(102.2500 mm, 106.8000 mm): Via [LCD_D9] on F.Cu - B.Cu
[clearance]: Clearance violation ( clearance 0.2000 mm; actual 0.0000 mm)
    Local override; error
    @(102.7500 mm, 93.8500 mm): Via [LCD_D10] on F.Cu - B.Cu
    @(102.2500 mm, 93.5000 mm): Via [LCD_D9] on F.Cu - B.Cu
[clearance]: Clearance violation ( clearance 0.2000 mm; actual 0.0000 mm)
    Local override; error
    @(95.5500 mm, 108.0000 mm): Track [GND] on In2.Cu, length 16.5711 mm
    @(102.2500 mm, 106.8000 mm): Via [LCD_D9] on F.Cu - B.Cu
[clearance]: Clearance violation ( clearance 0.2000 mm; actual 0.0000 mm)
    Local override; error
    @(98.0500 mm, 108.0000 mm): Track [GND] on In2.Cu, length 14.0926 mm
    @(102.2500 mm, 106.8000 mm): Via [LCD_D9] on F.Cu - B.Cu
[clearance]: Clearance violation ( clearance 0.2000 mm; actual 0.1503 mm)
    Local override; error
    @(102.7500 mm, 93.8500 mm): Track [LCD_D10] on B.Cu, length 12.9500 mm
    @(102.2500 mm, 93.5000 mm): Via [LCD_D9] on F.Cu - B.Cu
[clearance]: Clearance violation ( clearance 0.2000 mm; actual 0.0000 mm)
    Local override; error
    @(92.5500 mm, 108.0000 mm): Track [GND] on In2.Cu, length 19.5526 mm
    @(102.2500 mm, 106.8000 mm): Via [LCD_D9] on F.Cu - B.Cu
[clearance]: Clearance violation ( clearance 0.2000 mm; actual 0.0000 mm)
    Local override; error
    @(102.7500 mm, 93.8500 mm): Via [LCD_D10] on F.Cu - B.Cu
    @(102.2500 mm, 93.5000 mm): Via [LCD_D9] on F.Cu - B.Cu
[clearance]: Clearance violation ( clearance 0.2000 mm; actual 0.0000 mm)
    Local override; error
    @(102.2500 mm, 106.8000 mm): Via [LCD_D9] on F.Cu - B.Cu
    @(94.0500 mm, 108.0000 mm): Track [GND] on In2.Cu, length 18.0611 mm
[clearance]: Clearance violation ( clearance 0.2000 mm; actual 0.0000 mm)
    Local override; error
    @(102.7500 mm, 93.8500 mm): Via [LCD_D10] on F.Cu - B.Cu
    @(102.2500 mm, 93.5000 mm): Via [LCD_D9] on F.Cu - B.Cu
[tracks_crossing]: Tracks crossing
    Local override; error
    @(95.5550 mm, 93.5000 mm): Track [LCD_D9] on F.Cu, length 6.6950 mm
    @(96.8250 mm, 91.5000 mm): Track [LCD_D10] on F.Cu, length 2.3500 mm
[clearance]: Clearance violation ( clearance 0.2000 mm; actual 0.0000 mm)
    Local override; error
    @(102.7500 mm, 93.8500 mm): Via [LCD_D10] on F.Cu - B.Cu
    @(102.2500 mm, 93.5000 mm): Via [LCD_D9] on F.Cu - B.Cu
[clearance]: Clearance violation ( clearance 0.2000 mm; actual 0.0400 mm)
    Local override; error
    @(101.7500 mm, 106.8000 mm): Track [LCD_D8] on F.Cu, length 1.2000 mm
    @(102.2500 mm, 106.8000 mm): Via [LCD_D9] on F.Cu - B.Cu
[clearance]: Clearance violation ( clearance 0.2000 mm; actual 0.1300 mm)
    Local override; error
    @(95.5550 mm, 93.5000 mm): Track [LCD_D9] on F.Cu, length 6.6950 mm
    @(101.9050 mm, 91.5000 mm): Track [LCD_D14] on F.Cu, length 1.6500 mm
[clearance]: Clearance violation ( clearance 0.2000 mm; actual 0.1300 mm)
    Local override; error
    @(95.5550 mm, 93.5000 mm): Track [LCD_D9] on F.Cu, length 6.6950 mm
    @(96.8250 mm, 93.8500 mm): Track [LCD_D10] on F.Cu, length 5.9250 mm
[clearance]: Clearance violation ( clearance 0.2000 mm; actual 0.0000 mm)
    Local override; error
    @(101.7500 mm, 106.8000 mm): Via [LCD_D8] on F.Cu - B.Cu
    @(102.2500 mm, 106.8000 mm): Via [LCD_D9] on F.Cu - B.Cu
[clearance]: Clearance violation ( clearance 0.2000 mm; actual 0.0400 mm)
    Local override; error
    @(101.7500 mm, 106.8000 mm): Via [LCD_D8] on F.Cu - B.Cu
    @(102.2500 mm, 106.8000 mm): Track [LCD_D9] on F.Cu, length 1.2000 mm
[clearance]: Clearance violation ( clearance 0.2000 mm; actual 0.1300 mm)
    Local override; error
    @(95.5550 mm, 93.5000 mm): Track [LCD_D9] on F.Cu, length 6.6950 mm
    @(101.9050 mm, 93.1500 mm): Track [LCD_D14] on F.Cu, length 3.3450 mm
[clearance]: Clearance violation ( clearance 0.2000 mm; actual 0.1503 mm)
    Local override; error
    @(95.5550 mm, 93.5000 mm): Track [LCD_D9] on F.Cu, length 6.6950 mm
    @(102.7500 mm, 93.8500 mm): Via [LCD_D10] on F.Cu - B.Cu
[clearance]: Clearance violation ( clearance 0.2000 mm; actual 0.0000 mm)
    Local override; error
    @(101.7500 mm, 106.8000 mm): Via [LCD_D8] on F.Cu - B.Cu
    @(102.2500 mm, 106.8000 mm): Via [LCD_D9] on F.Cu - B.Cu
[clearance]: Clearance violation ( clearance 0.2000 mm; actual 0.0400 mm)
    Local override; error
    @(101.7500 mm, 106.8000 mm): Via [LCD_D8] on F.Cu - B.Cu
    @(102.2500 mm, 93.5000 mm): Track [LCD_D9] on B.Cu, length 13.3000 mm
[clearance]: Clearance violation ( clearance 0.2000 mm; actual 0.0400 mm)
    Local override; error
    @(101.7500 mm, 77.5500 mm): Track [LCD_D8] on B.Cu, length 29.2500 mm
    @(102.2500 mm, 106.8000 mm): Via [LCD_D9] on F.Cu - B.Cu
[clearance]: Clearance violation ( clearance 0.2000 mm; actual 0.0000 mm)
    Local override; error
    @(101.7500 mm, 106.8000 mm): Via [LCD_D8] on F.Cu - B.Cu
    @(109.2500 mm, 107.2000 mm): Track [+3V3] on In1.Cu, length 21.3636 mm
[clearance]: Clearance violation ( clearance 0.2000 mm; actual 0.0000 mm)
    Local override; error
    @(101.7500 mm, 106.8000 mm): Via [LCD_D8] on F.Cu - B.Cu
    @(102.2500 mm, 106.8000 mm): Via [LCD_D9] on F.Cu - B.Cu
[clearance]: Clearance violation ( clearance 0.2000 mm; actual 0.0400 mm)
    Local override; error
    @(101.7500 mm, 77.5500 mm): Track [LCD_D8] on B.Cu, length 29.2500 mm
    @(102.2500 mm, 93.5000 mm): Via [LCD_D9] on F.Cu - B.Cu
[clearance]: Clearance violation ( clearance 0.2000 mm; actual 0.0000 mm)
    Local override; error
    @(101.7500 mm, 106.8000 mm): Via [LCD_D8] on F.Cu - B.Cu
    @(102.2500 mm, 106.8000 mm): Via [LCD_D9] on F.Cu - B.Cu
[clearance]: Clearance violation ( clearance 0.2000 mm; actual 0.0000 mm)
    Local override; error
    @(105.6000 mm, 116.0000 mm): Track [USB_D+_MCU] on F.Cu, length 29.4786 mm
    @(101.2500 mm, 106.8000 mm): Track [LCD_D7] on F.Cu, length 1.2000 mm
[clearance]: Clearance violation ( clearance 0.2000 mm; actual 0.0000 mm)
    Local override; error
    @(101.7500 mm, 106.8000 mm): Via [LCD_D8] on F.Cu - B.Cu
    @(95.5500 mm, 108.0000 mm): Track [GND] on In2.Cu, length 16.5711 mm
[clearance]: Clearance violation ( clearance 0.2000 mm; actual 0.0400 mm)
    Local override; error
    @(101.7500 mm, 106.8000 mm): Via [LCD_D8] on F.Cu - B.Cu
    @(101.2500 mm, 106.8000 mm): Track [LCD_D7] on F.Cu, length 1.2000 mm
[clearance]: Clearance violation ( clearance 0.2000 mm; actual 0.0128 mm)
    Local override; error
    @(101.7500 mm, 106.8000 mm): Via [LCD_D8] on F.Cu - B.Cu
    @(98.0500 mm, 108.0000 mm): Track [GND] on In2.Cu, length 14.0926 mm
[clearance]: Clearance violation ( clearance 0.2000 mm; actual 0.0000 mm)
    Local override; error
    @(92.5500 mm, 108.0000 mm): Track [GND] on In2.Cu, length 19.5526 mm
    @(101.7500 mm, 106.8000 mm): Via [LCD_D8] on F.Cu - B.Cu
[clearance]: Clearance violation ( clearance 0.2000 mm; actual 0.0000 mm)
    Local override; error
    @(101.7500 mm, 106.8000 mm): Via [LCD_D8] on F.Cu - B.Cu
    @(94.0500 mm, 108.0000 mm): Track [GND] on In2.Cu, length 18.0611 mm
[clearance]: Clearance violation ( clearance 0.2000 mm; actual 0.0000 mm)
    Local override; error
    @(114.6000 mm, 80.0000 mm): Track [EN] on F.Cu, length 23.6445 mm
    @(101.7500 mm, 77.5500 mm): Via [LCD_D8] on F.Cu - B.Cu
[clearance]: Clearance violation ( clearance 0.2000 mm; actual 0.0000 mm)
    Local override; error
    @(101.7500 mm, 106.8000 mm): Via [LCD_D8] on F.Cu - B.Cu
    @(101.2500 mm, 106.8000 mm): Via [LCD_D7] on F.Cu - B.Cu
[clearance]: Clearance violation ( clearance 0.2000 mm; actual 0.0400 mm)
    Local override; error
    @(101.7500 mm, 106.8000 mm): Track [LCD_D8] on F.Cu, length 1.2000 mm
    @(101.2500 mm, 106.8000 mm): Via [LCD_D7] on F.Cu - B.Cu
[clearance]: Clearance violation ( clearance 0.2000 mm; actual 0.0000 mm)
    Local override; error
    @(100.8000 mm, 81.5000 mm): Via [GND] on F.Cu - B.Cu
    @(101.2500 mm, 78.8200 mm): Track [LCD_D7] on B.Cu, length 27.9800 mm
[clearance]: Clearance violation ( clearance 0.2000 mm; actual 0.0400 mm)
    Local override; error
    @(101.7500 mm, 77.5500 mm): Track [LCD_D8] on B.Cu, length 29.2500 mm
    @(101.2500 mm, 106.8000 mm): Via [LCD_D7] on F.Cu - B.Cu
[clearance]: Clearance violation ( clearance 0.2000 mm; actual 0.0000 mm)
    Local override; error
    @(101.7500 mm, 106.8000 mm): Via [LCD_D8] on F.Cu - B.Cu
    @(101.2500 mm, 106.8000 mm): Via [LCD_D7] on F.Cu - B.Cu
[clearance]: Clearance violation ( clearance 0.2000 mm; actual 0.0400 mm)
    Local override; error
    @(101.7500 mm, 106.8000 mm): Via [LCD_D8] on F.Cu - B.Cu
    @(101.2500 mm, 78.8200 mm): Track [LCD_D7] on B.Cu, length 27.9800 mm
[clearance]: Clearance violation ( clearance 0.2000 mm; actual 0.0000 mm)
    Local override; error
    @(101.2500 mm, 106.8000 mm): Via [LCD_D7] on F.Cu - B.Cu
    @(109.2500 mm, 107.2000 mm): Track [+3V3] on In1.Cu, length 21.3636 mm
[clearance]: Clearance violation ( clearance 0.2000 mm; actual 0.0000 mm)
    Local override; error
    @(101.7500 mm, 106.8000 mm): Via [LCD_D8] on F.Cu - B.Cu
    @(101.2500 mm, 106.8000 mm): Via [LCD_D7] on F.Cu - B.Cu
[clearance]: Clearance violation ( clearance 0.2000 mm; actual 0.0400 mm)
    Local override; error
    @(101.7500 mm, 77.5500 mm): Track [LCD_D8] on B.Cu, length 29.2500 mm
    @(101.2500 mm, 78.8200 mm): Via [LCD_D7] on F.Cu - B.Cu
[clearance]: Clearance violation ( clearance 0.2000 mm; actual 0.0000 mm)
    Local override; error
    @(101.7500 mm, 106.8000 mm): Via [LCD_D8] on F.Cu - B.Cu
    @(101.2500 mm, 106.8000 mm): Via [LCD_D7] on F.Cu - B.Cu
[clearance]: Clearance violation ( clearance 0.2000 mm; actual 0.0000 mm)
    Local override; error
    @(101.2500 mm, 106.8000 mm): Via [LCD_D7] on F.Cu - B.Cu
    @(95.5500 mm, 108.0000 mm): Track [GND] on In2.Cu, length 16.5711 mm
[clearance]: Clearance violation ( clearance 0.2000 mm; actual 0.0837 mm)
    Local override; error
    @(98.0500 mm, 108.0000 mm): Track [GND] on In2.Cu, length 14.0926 mm
    @(101.2500 mm, 106.8000 mm): Via [LCD_D7] on F.Cu - B.Cu
[clearance]: Clearance violation ( clearance 0.2000 mm; actual 0.0400 mm)
    Local override; error
    @(100.7500 mm, 106.8000 mm): Track [LCD_D6] on F.Cu, length 1.2000 mm
    @(101.2500 mm, 106.8000 mm): Via [LCD_D7] on F.Cu - B.Cu
[tracks_crossing]: Tracks crossing
    Local override; error
    @(105.6000 mm, 116.0000 mm): Track [USB_D+_MCU] on F.Cu, length 29.4786 mm
    @(100.7500 mm, 106.8000 mm): Track [LCD_D6] on F.Cu, length 1.2000 mm
[clearance]: Clearance violation ( clearance 0.2000 mm; actual 0.0000 mm)
    Local override; error
    @(92.5500 mm, 108.0000 mm): Track [GND] on In2.Cu, length 19.5526 mm
    @(101.2500 mm, 106.8000 mm): Via [LCD_D7] on F.Cu - B.Cu
[clearance]: Clearance violation ( clearance 0.2000 mm; actual 0.0000 mm)
    Local override; error
    @(101.2500 mm, 106.8000 mm): Via [LCD_D7] on F.Cu - B.Cu
    @(94.0500 mm, 108.0000 mm): Track [GND] on In2.Cu, length 18.0611 mm
[clearance]: Clearance violation ( clearance 0.2000 mm; actual 0.0000 mm)
    Local override; error
    @(100.7500 mm, 106.8000 mm): Via [LCD_D6] on F.Cu - B.Cu
    @(101.2500 mm, 106.8000 mm): Via [LCD_D7] on F.Cu - B.Cu
[clearance]: Clearance violation ( clearance 0.2000 mm; actual 0.0000 mm)
    Local override; error
    @(100.7500 mm, 106.8000 mm): Via [LCD_D6] on F.Cu - B.Cu
    @(105.6000 mm, 116.0000 mm): Track [USB_D+_MCU] on F.Cu, length 29.4786 mm
[clearance]: Clearance violation ( clearance 0.2000 mm; actual 0.0000 mm)
    Local override; error
    @(100.8000 mm, 81.5000 mm): Via [GND] on F.Cu - B.Cu
    @(100.7500 mm, 80.0900 mm): Track [LCD_D6] on B.Cu, length 26.7100 mm
[clearance]: Clearance violation ( clearance 0.2000 mm; actual 0.0400 mm)
    Local override; error
    @(100.7500 mm, 106.8000 mm): Via [LCD_D6] on F.Cu - B.Cu
    @(101.2500 mm, 106.8000 mm): Track [LCD_D7] on F.Cu, length 1.2000 mm
[clearance]: Clearance violation ( clearance 0.2000 mm; actual 0.0400 mm)
    Local override; error
    @(100.7500 mm, 80.0900 mm): Track [LCD_D6] on B.Cu, length 26.7100 mm
    @(101.2500 mm, 106.8000 mm): Via [LCD_D7] on F.Cu - B.Cu
[clearance]: Clearance violation ( clearance 0.2000 mm; actual 0.0400 mm)
    Local override; error
    @(100.7500 mm, 106.8000 mm): Via [LCD_D6] on F.Cu - B.Cu
    @(101.2500 mm, 78.8200 mm): Track [LCD_D7] on B.Cu, length 27.9800 mm
[clearance]: Clearance violation ( clearance 0.2000 mm; actual 0.0000 mm)
    Local override; error
    @(100.7500 mm, 106.8000 mm): Via [LCD_D6] on F.Cu - B.Cu
    @(101.2500 mm, 106.8000 mm): Via [LCD_D7] on F.Cu - B.Cu
[clearance]: Clearance violation ( clearance 0.2000 mm; actual 0.2400 mm)
    Local override; error
    @(100.7500 mm, 80.0900 mm): Via [LCD_D6] on F.Cu - B.Cu
    @(100.0000 mm, 81.5000 mm): Pad 41 [GND] of U1 on F.Cu
[clearance]: Clearance violation ( clearance 0.2000 mm; actual 0.0000 mm)
    Local override; error
    @(100.7500 mm, 106.8000 mm): Via [LCD_D6] on F.Cu - B.Cu
    @(109.2500 mm, 107.2000 mm): Track [+3V3] on In1.Cu, length 21.3636 mm
[clearance]: Clearance violation ( clearance 0.2000 mm; actual 0.0400 mm)
    Local override; error
    @(100.7500 mm, 80.0900 mm): Via [LCD_D6] on F.Cu - B.Cu
    @(101.2500 mm, 78.8200 mm): Track [LCD_D7] on B.Cu, length 27.9800 mm
[clearance]: Clearance violation ( clearance 0.2000 mm; actual 0.0000 mm)
    Local override; error
    @(100.7500 mm, 106.8000 mm): Via [LCD_D6] on F.Cu - B.Cu
    @(101.2500 mm, 106.8000 mm): Via [LCD_D7] on F.Cu - B.Cu
[clearance]: Clearance violation ( clearance 0.2000 mm; actual 0.0000 mm)
    Local override; error
    @(100.7500 mm, 106.8000 mm): Via [LCD_D6] on F.Cu - B.Cu
    @(101.2500 mm, 106.8000 mm): Via [LCD_D7] on F.Cu - B.Cu
[clearance]: Clearance violation ( clearance 0.2000 mm; actual 0.0000 mm)
    Local override; error
    @(91.2500 mm, 80.0900 mm): Track [LCD_D6] on F.Cu, length 9.5000 mm
    @(100.0000 mm, 81.5000 mm): Pad 41 [GND] of U1 on F.Cu
[clearance]: Clearance violation ( clearance 0.2000 mm; actual 0.0000 mm)
    Local override; error
    @(100.7500 mm, 106.8000 mm): Via [LCD_D6] on F.Cu - B.Cu
    @(95.5500 mm, 108.0000 mm): Track [GND] on In2.Cu, length 16.5711 mm
[clearance]: Clearance violation ( clearance 0.2000 mm; actual 0.1547 mm)
    Local override; error
    @(100.7500 mm, 106.8000 mm): Via [LCD_D6] on F.Cu - B.Cu
    @(98.0500 mm, 108.0000 mm): Track [GND] on In2.Cu, length 14.0926 mm
[clearance]: Clearance violation ( clearance 0.2000 mm; actual 0.0000 mm)
    Local override; error
    @(92.5500 mm, 108.0000 mm): Track [GND] on In2.Cu, length 19.5526 mm
    @(100.7500 mm, 106.8000 mm): Via [LCD_D6] on F.Cu - B.Cu
[clearance]: Clearance violation ( clearance 0.2000 mm; actual 0.0400 mm)
    Local override; error
    @(100.7500 mm, 106.8000 mm): Via [LCD_D6] on F.Cu - B.Cu
    @(100.2500 mm, 106.8000 mm): Track [LCD_D5] on F.Cu, length 1.2000 mm
[clearance]: Clearance violation ( clearance 0.2000 mm; actual 0.0000 mm)
    Local override; error
    @(100.7500 mm, 106.8000 mm): Via [LCD_D6] on F.Cu - B.Cu
    @(94.0500 mm, 108.0000 mm): Track [GND] on In2.Cu, length 18.0611 mm
[clearance]: Clearance violation ( clearance 0.2000 mm; actual 0.0000 mm)
    Local override; error
    @(105.6000 mm, 116.0000 mm): Track [USB_D+_MCU] on F.Cu, length 29.4786 mm
    @(100.2500 mm, 106.8000 mm): Track [LCD_D5] on F.Cu, length 1.2000 mm
[clearance]: Clearance violation ( clearance 0.2000 mm; actual 0.0000 mm)
    Local override; error
    @(100.7500 mm, 106.8000 mm): Via [LCD_D6] on F.Cu - B.Cu
    @(100.2500 mm, 106.8000 mm): Via [LCD_D5] on F.Cu - B.Cu
[clearance]: Clearance violation ( clearance 0.2000 mm; actual 0.0400 mm)
    Local override; error
    @(100.7500 mm, 106.8000 mm): Track [LCD_D6] on F.Cu, length 1.2000 mm
    @(100.2500 mm, 106.8000 mm): Via [LCD_D5] on F.Cu - B.Cu
[clearance]: Clearance violation ( clearance 0.2000 mm; actual 0.0000 mm)
    Local override; error
    @(105.6000 mm, 116.0000 mm): Track [USB_D+_MCU] on F.Cu, length 29.4786 mm
    @(100.2500 mm, 106.8000 mm): Via [LCD_D5] on F.Cu - B.Cu
[clearance]: Clearance violation ( clearance 0.2000 mm; actual 0.0400 mm)
    Local override; error
    @(100.8000 mm, 81.5000 mm): Via [GND] on F.Cu - B.Cu
    @(100.2500 mm, 81.3600 mm): Track [LCD_D5] on B.Cu, length 25.4400 mm
[clearance]: Clearance violation ( clearance 0.2000 mm; actual 0.0400 mm)
    Local override; error
    @(100.7500 mm, 80.0900 mm): Track [LCD_D6] on B.Cu, length 26.7100 mm
    @(100.2500 mm, 106.8000 mm): Via [LCD_D5] on F.Cu - B.Cu
[clearance]: Clearance violation ( clearance 0.2000 mm; actual 0.0400 mm)
    Local override; error
    @(100.7500 mm, 106.8000 mm): Via [LCD_D6] on F.Cu - B.Cu
    @(100.2500 mm, 81.3600 mm): Track [LCD_D5] on B.Cu, length 25.4400 mm
[clearance]: Clearance violation ( clearance 0.2000 mm; actual 0.0000 mm)
    Local override; error
    @(100.7500 mm, 106.8000 mm): Via [LCD_D6] on F.Cu - B.Cu
    @(100.2500 mm, 106.8000 mm): Via [LCD_D5] on F.Cu - B.Cu
[clearance]: Clearance violation ( clearance 0.2000 mm; actual 0.0000 mm)
    Local override; error
    @(100.2500 mm, 106.8000 mm): Via [LCD_D5] on F.Cu - B.Cu
    @(109.2500 mm, 107.2000 mm): Track [+3V3] on In1.Cu, length 21.3636 mm
[clearance]: Clearance violation ( clearance 0.2000 mm; actual 1.4000 mm)
    Local override; error
    @(100.0000 mm, 81.5000 mm): Pad 41 [GND] of U1 on F.Cu
    @(100.2500 mm, 81.3600 mm): Via [LCD_D5] on F.Cu - B.Cu
[clearance]: Clearance violation ( clearance 0.2000 mm; actual 0.0000 mm)
    Local override; error
    @(100.7500 mm, 106.8000 mm): Via [LCD_D6] on F.Cu - B.Cu
    @(100.2500 mm, 106.8000 mm): Via [LCD_D5] on F.Cu - B.Cu
[clearance]: Clearance violation ( clearance 0.2000 mm; actual 0.0000 mm)
    Local override; error
    @(100.0000 mm, 81.5000 mm): Track [GND] on F.Cu, length 0.8000 mm
    @(100.2500 mm, 81.3600 mm): Via [LCD_D5] on F.Cu - B.Cu
[clearance]: Clearance violation ( clearance 0.2000 mm; actual 0.0000 mm)
    Local override; error
    @(100.7500 mm, 106.8000 mm): Via [LCD_D6] on F.Cu - B.Cu
    @(100.2500 mm, 106.8000 mm): Via [LCD_D5] on F.Cu - B.Cu
[clearance]: Clearance violation ( clearance 0.2000 mm; actual 0.0000 mm)
    Local override; error
    @(100.8000 mm, 81.5000 mm): Via [GND] on F.Cu - B.Cu
    @(100.2500 mm, 81.3600 mm): Via [LCD_D5] on F.Cu - B.Cu
[clearance]: Clearance violation ( clearance 0.2000 mm; actual 0.0000 mm)
    Local override; error
    @(100.2500 mm, 106.8000 mm): Via [LCD_D5] on F.Cu - B.Cu
    @(95.5500 mm, 108.0000 mm): Track [GND] on In2.Cu, length 16.5711 mm
[clearance]: Clearance violation ( clearance 0.2000 mm; actual 0.0000 mm)
    Local override; error
    @(92.5500 mm, 108.0000 mm): Track [GND] on In2.Cu, length 19.5526 mm
    @(100.2500 mm, 106.8000 mm): Via [LCD_D5] on F.Cu - B.Cu
[clearance]: Clearance violation ( clearance 0.2000 mm; actual 0.0400 mm)
    Local override; error
    @(100.7500 mm, 80.0900 mm): Track [LCD_D6] on B.Cu, length 26.7100 mm
    @(100.2500 mm, 81.3600 mm): Via [LCD_D5] on F.Cu - B.Cu
[clearance]: Clearance violation ( clearance 0.2000 mm; actual 0.0000 mm)
    Local override; error
    @(100.2500 mm, 106.8000 mm): Via [LCD_D5] on F.Cu - B.Cu
    @(94.0500 mm, 108.0000 mm): Track [GND] on In2.Cu, length 18.0611 mm
[clearance]: Clearance violation ( clearance 0.2000 mm; actual 0.0000 mm)
    Local override; error
    @(100.8000 mm, 81.5000 mm): Via [GND] on F.Cu - B.Cu
    @(100.2500 mm, 81.3600 mm): Via [LCD_D5] on F.Cu - B.Cu
[clearance]: Clearance violation ( clearance 0.2000 mm; actual 0.0000 mm)
    Local override; error
    @(91.2500 mm, 81.3600 mm): Track [LCD_D5] on F.Cu, length 9.0000 mm
    @(100.0000 mm, 81.5000 mm): Pad 41 [GND] of U1 on F.Cu
[clearance]: Clearance violation ( clearance 0.2000 mm; actual 0.0000 mm)
    Local override; error
    @(100.8000 mm, 81.5000 mm): Via [GND] on F.Cu - B.Cu
    @(100.2500 mm, 81.3600 mm): Via [LCD_D5] on F.Cu - B.Cu
[clearance]: Clearance violation ( clearance 0.2000 mm; actual 0.0000 mm)
    Local override; error
    @(100.0000 mm, 81.5000 mm): Track [GND] on F.Cu, length 0.8000 mm
    @(91.2500 mm, 81.3600 mm): Track [LCD_D5] on F.Cu, length 9.0000 mm
[clearance]: Clearance violation ( clearance 0.2000 mm; actual 0.0575 mm)
    Local override; error
    @(100.8000 mm, 81.5000 mm): Via [GND] on F.Cu - B.Cu
    @(91.2500 mm, 81.3600 mm): Track [LCD_D5] on F.Cu, length 9.0000 mm
[clearance]: Clearance violation ( clearance 0.2000 mm; actual 0.0000 mm)
    Local override; error
    @(100.8000 mm, 81.5000 mm): Via [GND] on F.Cu - B.Cu
    @(100.2500 mm, 81.3600 mm): Via [LCD_D5] on F.Cu - B.Cu
[clearance]: Clearance violation ( clearance 0.2000 mm; actual 0.0400 mm)
    Local override; error
    @(99.7500 mm, 106.8000 mm): Track [LCD_D4] on F.Cu, length 1.2000 mm
    @(100.2500 mm, 106.8000 mm): Via [LCD_D5] on F.Cu - B.Cu
[clearance]: Clearance violation ( clearance 0.2000 mm; actual 0.0000 mm)
    Local override; error
    @(100.2500 mm, 81.3600 mm): Via [LCD_D5] on F.Cu - B.Cu
    @(100.8000 mm, 81.5000 mm): Track [GND] on In2.Cu, length 26.9386 mm
[clearance]: Clearance violation ( clearance 0.2000 mm; actual 0.0400 mm)
    Local override; error
    @(100.2500 mm, 106.8000 mm): Track [LCD_D5] on F.Cu, length 1.2000 mm
    @(99.7500 mm, 106.8000 mm): Via [LCD_D4] on F.Cu - B.Cu
[clearance]: Clearance violation ( clearance 0.2000 mm; actual 0.0000 mm)
    Local override; error
    @(100.2500 mm, 106.8000 mm): Via [LCD_D5] on F.Cu - B.Cu
    @(99.7500 mm, 106.8000 mm): Via [LCD_D4] on F.Cu - B.Cu
[clearance]: Clearance violation ( clearance 0.2000 mm; actual 0.0400 mm)
    Local override; error
    @(99.7500 mm, 82.6300 mm): Track [LCD_D4] on B.Cu, length 24.1700 mm
    @(100.2500 mm, 106.8000 mm): Via [LCD_D5] on F.Cu - B.Cu
[clearance]: Clearance violation ( clearance 0.2000 mm; actual 0.0200 mm)
    Local override; error
    @(99.7500 mm, 82.6300 mm): Via [LCD_D4] on F.Cu - B.Cu
    @(108.7500 mm, 83.1100 mm): Track [BMI_GYRO_CS] on F.Cu, length 26.9000 mm
[clearance]: Clearance violation ( clearance 0.2000 mm; actual 0.1716 mm)
    Local override; error
    @(105.6000 mm, 116.0000 mm): Track [USB_D+_MCU] on F.Cu, length 29.4786 mm
    @(99.7500 mm, 106.8000 mm): Via [LCD_D4] on F.Cu - B.Cu
[clearance]: Clearance violation ( clearance 0.2000 mm; actual 0.5200 mm)
    Local override; error
    @(99.7500 mm, 82.6300 mm): Via [LCD_D4] on F.Cu - B.Cu
    @(100.0000 mm, 81.5000 mm): Pad 41 [GND] of U1 on F.Cu
[clearance]: Clearance violation ( clearance 0.2000 mm; actual 0.0400 mm)
    Local override; error
    @(100.2500 mm, 81.3600 mm): Track [LCD_D5] on B.Cu, length 25.4400 mm
    @(99.7500 mm, 106.8000 mm): Via [LCD_D4] on F.Cu - B.Cu
[clearance]: Clearance violation ( clearance 0.2000 mm; actual 0.0400 mm)
    Local override; error
    @(99.7500 mm, 82.6300 mm): Via [LCD_D4] on F.Cu - B.Cu
    @(100.2500 mm, 81.3600 mm): Track [LCD_D5] on B.Cu, length 25.4400 mm
[clearance]: Clearance violation ( clearance 0.2000 mm; actual 0.0000 mm)
    Local override; error
    @(100.2500 mm, 106.8000 mm): Via [LCD_D5] on F.Cu - B.Cu
    @(99.7500 mm, 106.8000 mm): Via [LCD_D4] on F.Cu - B.Cu
[clearance]: Clearance violation ( clearance 0.2000 mm; actual 0.0000 mm)
    Local override; error
    @(100.0000 mm, 81.5000 mm): Pad 41 [GND] of U1 on F.Cu
    @(91.2500 mm, 82.6300 mm): Track [LCD_D4] on F.Cu, length 8.5000 mm
[clearance]: Clearance violation ( clearance 0.2000 mm; actual 0.0000 mm)
    Local override; error
    @(99.7500 mm, 106.8000 mm): Via [LCD_D4] on F.Cu - B.Cu
    @(109.2500 mm, 107.2000 mm): Track [+3V3] on In1.Cu, length 21.3636 mm
[clearance]: Clearance violation ( clearance 0.2000 mm; actual 0.0000 mm)
    Local override; error
    @(100.2500 mm, 106.8000 mm): Via [LCD_D5] on F.Cu - B.Cu
    @(99.7500 mm, 106.8000 mm): Via [LCD_D4] on F.Cu - B.Cu
[clearance]: Clearance violation ( clearance 0.2000 mm; actual 0.0400 mm)
    Local override; error
    @(99.2500 mm, 106.8000 mm): Track [LCD_D3] on F.Cu, length 1.2000 mm
    @(99.7500 mm, 106.8000 mm): Via [LCD_D4] on F.Cu - B.Cu
[clearance]: Clearance violation ( clearance 0.2000 mm; actual 0.0000 mm)
    Local override; error
    @(100.2500 mm, 106.8000 mm): Via [LCD_D5] on F.Cu - B.Cu
    @(99.7500 mm, 106.8000 mm): Via [LCD_D4] on F.Cu - B.Cu
[clearance]: Clearance violation ( clearance 0.2000 mm; actual 0.0000 mm)
    Local override; error
    @(99.2500 mm, 106.8000 mm): Via [LCD_D3] on F.Cu - B.Cu
    @(99.7500 mm, 106.8000 mm): Via [LCD_D4] on F.Cu - B.Cu
[clearance]: Clearance violation ( clearance 0.2000 mm; actual 0.0343 mm)
    Local override; error
    @(95.5500 mm, 108.0000 mm): Track [GND] on In2.Cu, length 16.5711 mm
    @(99.7500 mm, 106.8000 mm): Via [LCD_D4] on F.Cu - B.Cu
[clearance]: Clearance violation ( clearance 0.2000 mm; actual 0.0400 mm)
    Local override; error
    @(99.2500 mm, 106.8000 mm): Via [LCD_D3] on F.Cu - B.Cu
    @(99.7500 mm, 106.8000 mm): Track [LCD_D4] on F.Cu, length 1.2000 mm
[clearance]: Clearance violation ( clearance 0.2000 mm; actual 0.0000 mm)
    Local override; error
    @(92.5500 mm, 108.0000 mm): Track [GND] on In2.Cu, length 19.5526 mm
    @(99.7500 mm, 106.8000 mm): Via [LCD_D4] on F.Cu - B.Cu
[clearance]: Clearance violation ( clearance 0.2000 mm; actual 0.0000 mm)
    Local override; error
    @(99.7500 mm, 106.8000 mm): Via [LCD_D4] on F.Cu - B.Cu
    @(94.0500 mm, 108.0000 mm): Track [GND] on In2.Cu, length 18.0611 mm
[clearance]: Clearance violation ( clearance 0.2000 mm; actual 0.0400 mm)
    Local override; error
    @(99.2500 mm, 106.8000 mm): Via [LCD_D3] on F.Cu - B.Cu
    @(99.7500 mm, 82.6300 mm): Track [LCD_D4] on B.Cu, length 24.1700 mm
[clearance]: Clearance violation ( clearance 0.2000 mm; actual 0.0000 mm)
    Local override; error
    @(99.2500 mm, 106.8000 mm): Via [LCD_D3] on F.Cu - B.Cu
    @(99.7500 mm, 106.8000 mm): Via [LCD_D4] on F.Cu - B.Cu
[clearance]: Clearance violation ( clearance 0.2000 mm; actual 0.0400 mm)
    Local override; error
    @(99.2500 mm, 83.9000 mm): Track [LCD_D3] on B.Cu, length 22.9000 mm
    @(99.7500 mm, 106.8000 mm): Via [LCD_D4] on F.Cu - B.Cu
[clearance]: Clearance violation ( clearance 0.2000 mm; actual 0.0069 mm)
    Local override; error
    @(99.2500 mm, 106.8000 mm): Via [LCD_D3] on F.Cu - B.Cu
    @(109.2500 mm, 107.2000 mm): Track [+3V3] on In1.Cu, length 21.3636 mm
[clearance]: Clearance violation ( clearance 0.2000 mm; actual 0.0000 mm)
    Local override; error
    @(108.7500 mm, 84.1300 mm): Track [BMI_ACC_CS] on F.Cu, length 27.4500 mm
    @(99.2500 mm, 83.9000 mm): Via [LCD_D3] on F.Cu - B.Cu
[clearance]: Clearance violation ( clearance 0.2000 mm; actual 0.0000 mm)
    Local override; error
    @(99.2500 mm, 106.8000 mm): Via [LCD_D3] on F.Cu - B.Cu
    @(99.7500 mm, 106.8000 mm): Via [LCD_D4] on F.Cu - B.Cu
[clearance]: Clearance violation ( clearance 0.2000 mm; actual 0.0500 mm)
    Local override; error
    @(100.0000 mm, 81.5000 mm): Pad 41 [GND] of U1 on F.Cu
    @(99.2500 mm, 83.9000 mm): Via [LCD_D3] on F.Cu - B.Cu
[clearance]: Clearance violation ( clearance 0.2000 mm; actual 0.0000 mm)
    Local override; error
    @(99.2500 mm, 106.8000 mm): Via [LCD_D3] on F.Cu - B.Cu
    @(99.7500 mm, 106.8000 mm): Via [LCD_D4] on F.Cu - B.Cu
[clearance]: Clearance violation ( clearance 0.2000 mm; actual 0.0947 mm)
    Local override; error
    @(99.2500 mm, 106.8000 mm): Via [LCD_D3] on F.Cu - B.Cu
    @(95.5500 mm, 108.0000 mm): Track [GND] on In2.Cu, length 16.5711 mm
[clearance]: Clearance violation ( clearance 0.2000 mm; actual 0.0400 mm)
    Local override; error
    @(99.7500 mm, 82.6300 mm): Track [LCD_D4] on B.Cu, length 24.1700 mm
    @(99.2500 mm, 83.9000 mm): Via [LCD_D3] on F.Cu - B.Cu
[clearance]: Clearance violation ( clearance 0.2000 mm; actual 0.0000 mm)
    Local override; error
    @(92.5500 mm, 108.0000 mm): Track [GND] on In2.Cu, length 19.5526 mm
    @(99.2500 mm, 106.8000 mm): Via [LCD_D3] on F.Cu - B.Cu
[clearance]: Clearance violation ( clearance 0.2000 mm; actual 0.1298 mm)
    Local override; error
    @(99.2500 mm, 83.9000 mm): Via [LCD_D3] on F.Cu - B.Cu
    @(92.0500 mm, 73.7400 mm): Track [GND] on In2.Cu, length 37.9303 mm
[clearance]: Clearance violation ( clearance 0.2000 mm; actual 0.0000 mm)
    Local override; error
    @(99.2500 mm, 106.8000 mm): Via [LCD_D3] on F.Cu - B.Cu
    @(94.0500 mm, 108.0000 mm): Track [GND] on In2.Cu, length 18.0611 mm
[clearance]: Clearance violation ( clearance 0.2000 mm; actual 0.0400 mm)
    Local override; error
    @(99.2500 mm, 106.8000 mm): Via [LCD_D3] on F.Cu - B.Cu
    @(98.7500 mm, 106.8000 mm): Track [LCD_D2] on F.Cu, length 1.2000 mm
[clearance]: Clearance violation ( clearance 0.2000 mm; actual 0.0100 mm)
    Local override; error
    @(108.7500 mm, 84.1300 mm): Track [BMI_ACC_CS] on F.Cu, length 27.4500 mm
    @(91.2500 mm, 83.9000 mm): Track [LCD_D3] on F.Cu, length 8.0000 mm
[clearance]: Clearance violation ( clearance 0.2000 mm; actual 0.1900 mm)
    Local override; error
    @(98.7500 mm, 106.8000 mm): Track [LCD_D2] on F.Cu, length 1.2000 mm
    @(98.0500 mm, 108.0000 mm): Via [GND] on F.Cu - B.Cu
[clearance]: Clearance violation ( clearance 0.2000 mm; actual 0.0000 mm)
    Local override; error
    @(99.2500 mm, 106.8000 mm): Via [LCD_D3] on F.Cu - B.Cu
    @(98.7500 mm, 106.8000 mm): Via [LCD_D2] on F.Cu - B.Cu
[clearance]: Clearance violation ( clearance 0.2000 mm; actual 0.0400 mm)
    Local override; error
    @(99.2500 mm, 106.8000 mm): Via [LCD_D3] on F.Cu - B.Cu
    @(98.7500 mm, 85.1700 mm): Track [LCD_D2] on B.Cu, length 21.6300 mm
[clearance]: Clearance violation ( clearance 0.2000 mm; actual 0.0400 mm)
    Local override; error
    @(99.2500 mm, 106.8000 mm): Track [LCD_D3] on F.Cu, length 1.2000 mm
    @(98.7500 mm, 106.8000 mm): Via [LCD_D2] on F.Cu - B.Cu
[clearance]: Clearance violation ( clearance 0.2000 mm; actual 0.0400 mm)
    Local override; error
    @(99.2500 mm, 83.9000 mm): Track [LCD_D3] on B.Cu, length 22.9000 mm
    @(98.7500 mm, 85.1700 mm): Via [LCD_D2] on F.Cu - B.Cu
[clearance]: Clearance violation ( clearance 0.2000 mm; actual 0.0400 mm)
    Local override; error
    @(98.7500 mm, 106.8000 mm): Via [LCD_D2] on F.Cu - B.Cu
    @(99.2500 mm, 83.9000 mm): Track [LCD_D3] on B.Cu, length 22.9000 mm
[clearance]: Clearance violation ( clearance 0.2000 mm; actual 0.0000 mm)
    Local override; error
    @(98.7500 mm, 85.1700 mm): Via [LCD_D2] on F.Cu - B.Cu
    @(92.0500 mm, 73.7400 mm): Track [GND] on In2.Cu, length 37.9303 mm
[clearance]: Clearance violation ( clearance 0.2000 mm; actual 0.0000 mm)
    Local override; error
    @(99.2500 mm, 106.8000 mm): Via [LCD_D3] on F.Cu - B.Cu
    @(98.7500 mm, 106.8000 mm): Via [LCD_D2] on F.Cu - B.Cu
[clearance]: Clearance violation ( clearance 0.2000 mm; actual 0.0400 mm)
    Local override; error
    @(98.7500 mm, 106.8000 mm): Via [LCD_D2] on F.Cu - B.Cu
    @(98.2500 mm, 86.4400 mm): Track [LCD_D1] on B.Cu, length 20.3600 mm
[clearance]: Clearance violation ( clearance 0.2000 mm; actual 0.0584 mm)
    Local override; error
    @(98.7500 mm, 106.8000 mm): Via [LCD_D2] on F.Cu - B.Cu
    @(109.2500 mm, 107.2000 mm): Track [+3V3] on In1.Cu, length 21.3636 mm
[clearance]: Clearance violation ( clearance 0.2000 mm; actual 0.0000 mm)
    Local override; error
    @(99.2500 mm, 106.8000 mm): Via [LCD_D3] on F.Cu - B.Cu
    @(98.7500 mm, 106.8000 mm): Via [LCD_D2] on F.Cu - B.Cu
[clearance]: Clearance violation ( clearance 0.2000 mm; actual 0.0400 mm)
    Local override; error
    @(98.7500 mm, 106.8000 mm): Via [LCD_D2] on F.Cu - B.Cu
    @(98.2500 mm, 106.8000 mm): Track [LCD_D1] on F.Cu, length 1.2000 mm
[clearance]: Clearance violation ( clearance 0.2000 mm; actual 0.0000 mm)
    Local override; error
    @(99.2500 mm, 106.8000 mm): Via [LCD_D3] on F.Cu - B.Cu
    @(98.7500 mm, 106.8000 mm): Via [LCD_D2] on F.Cu - B.Cu
[clearance]: Clearance violation ( clearance 0.2000 mm; actual 0.0000 mm)
    Local override; error
    @(97.2500 mm, 108.0000 mm): Track [GND] on F.Cu, length 0.8000 mm
    @(98.2500 mm, 106.8000 mm): Track [LCD_D1] on F.Cu, length 1.2000 mm
[clearance]: Clearance violation ( clearance 0.2000 mm; actual 0.0000 mm)
    Local override; error
    @(98.2500 mm, 106.8000 mm): Track [LCD_D1] on F.Cu, length 1.2000 mm
    @(98.0500 mm, 108.0000 mm): Via [GND] on F.Cu - B.Cu
[clearance]: Clearance violation ( clearance 0.2000 mm; actual 0.1550 mm)
    Local override; error
    @(98.7500 mm, 106.8000 mm): Via [LCD_D2] on F.Cu - B.Cu
    @(95.5500 mm, 108.0000 mm): Track [GND] on In2.Cu, length 16.5711 mm
[clearance]: Clearance violation ( clearance 0.2000 mm; actual 0.0000 mm)
    Local override; error
    @(92.5500 mm, 108.0000 mm): Track [GND] on In2.Cu, length 19.5526 mm
    @(98.7500 mm, 106.8000 mm): Via [LCD_D2] on F.Cu - B.Cu
[clearance]: Clearance violation ( clearance 0.2000 mm; actual 0.0400 mm)
    Local override; error
    @(98.2500 mm, 86.4400 mm): Via [LCD_D1] on F.Cu - B.Cu
    @(98.7500 mm, 85.1700 mm): Track [LCD_D2] on B.Cu, length 21.6300 mm
[clearance]: Clearance violation ( clearance 0.2000 mm; actual 0.0222 mm)
    Local override; error
    @(98.7500 mm, 106.8000 mm): Via [LCD_D2] on F.Cu - B.Cu
    @(94.0500 mm, 108.0000 mm): Track [GND] on In2.Cu, length 18.0611 mm
[clearance]: Clearance violation ( clearance 0.2000 mm; actual 0.0400 mm)
    Local override; error
    @(97.7500 mm, 106.8000 mm): Track [LCD_D0] on F.Cu, length 1.2000 mm
    @(98.2500 mm, 106.8000 mm): Via [LCD_D1] on F.Cu - B.Cu
[tracks_crossing]: Tracks crossing
    Local override; error
    @(97.7500 mm, 106.8000 mm): Track [LCD_D0] on F.Cu, length 1.2000 mm
    @(97.2500 mm, 108.0000 mm): Track [GND] on F.Cu, length 0.8000 mm
[clearance]: Clearance violation ( clearance 0.2000 mm; actual 0.0000 mm)
    Local override; error
    @(97.7500 mm, 106.8000 mm): Via [LCD_D0] on F.Cu - B.Cu
    @(98.2500 mm, 106.8000 mm): Via [LCD_D1] on F.Cu - B.Cu
[clearance]: Clearance violation ( clearance 0.2000 mm; actual 0.0000 mm)
    Local override; error
    @(97.7500 mm, 106.8000 mm): Track [LCD_D0] on F.Cu, length 1.2000 mm
    @(98.0500 mm, 108.0000 mm): Via [GND] on F.Cu - B.Cu
[clearance]: Clearance violation ( clearance 0.2000 mm; actual 0.0400 mm)
    Local override; error
    @(97.7500 mm, 106.8000 mm): Via [LCD_D0] on F.Cu - B.Cu
    @(98.2500 mm, 106.8000 mm): Track [LCD_D1] on F.Cu, length 1.2000 mm
[clearance]: Clearance violation ( clearance 0.2000 mm; actual 0.0400 mm)
    Local override; error
    @(97.7500 mm, 87.7100 mm): Track [LCD_D0] on B.Cu, length 19.0900 mm
    @(98.2500 mm, 106.8000 mm): Via [LCD_D1] on F.Cu - B.Cu
[clearance]: Clearance violation ( clearance 0.2000 mm; actual 0.0000 mm)
    Local override; error
    @(97.7500 mm, 106.8000 mm): Via [LCD_D0] on F.Cu - B.Cu
    @(98.2500 mm, 106.8000 mm): Via [LCD_D1] on F.Cu - B.Cu
[clearance]: Clearance violation ( clearance 0.2000 mm; actual 0.0000 mm)
    Local override; error
    @(108.7500 mm, 87.6900 mm): Track [SPI_MISO] on F.Cu, length 28.0000 mm
    @(97.7500 mm, 87.7100 mm): Via [LCD_D0] on F.Cu - B.Cu
[clearance]: Clearance violation ( clearance 0.2000 mm; actual 0.0400 mm)
    Local override; error
    @(97.7500 mm, 106.8000 mm): Via [LCD_D0] on F.Cu - B.Cu
    @(98.2500 mm, 86.4400 mm): Track [LCD_D1] on B.Cu, length 20.3600 mm
[clearance]: Clearance violation ( clearance 0.2000 mm; actual 0.0000 mm)
    Local override; error
    @(97.7500 mm, 106.8000 mm): Via [LCD_D0] on F.Cu - B.Cu
    @(98.2500 mm, 106.8000 mm): Via [LCD_D1] on F.Cu - B.Cu
[clearance]: Clearance violation ( clearance 0.2000 mm; actual 0.0400 mm)
    Local override; error
    @(97.7500 mm, 87.7100 mm): Via [LCD_D0] on F.Cu - B.Cu
    @(98.2500 mm, 86.4400 mm): Track [LCD_D1] on B.Cu, length 20.3600 mm
[clearance]: Clearance violation ( clearance 0.2000 mm; actual 0.0000 mm)
    Local override; error
    @(108.7500 mm, 87.6900 mm): Track [SPI_MISO] on F.Cu, length 28.0000 mm
    @(91.2500 mm, 87.7100 mm): Track [LCD_D0] on F.Cu, length 6.5000 mm
[clearance]: Clearance violation ( clearance 0.2000 mm; actual 0.1614 mm)
    Local override; error
    @(97.7500 mm, 106.8000 mm): Via [LCD_D0] on F.Cu - B.Cu
    @(109.2500 mm, 107.2000 mm): Track [+3V3] on In1.Cu, length 21.3636 mm
[clearance]: Clearance violation ( clearance 0.2000 mm; actual 0.0118 mm)
    Local override; error
    @(92.5500 mm, 108.0000 mm): Track [GND] on In2.Cu, length 19.5526 mm
    @(97.7500 mm, 106.8000 mm): Via [LCD_D0] on F.Cu - B.Cu
[clearance]: Clearance violation ( clearance 0.2000 mm; actual 0.1329 mm)
    Local override; error
    @(97.7500 mm, 106.8000 mm): Via [LCD_D0] on F.Cu - B.Cu
    @(94.0500 mm, 108.0000 mm): Track [GND] on In2.Cu, length 18.0611 mm
[clearance]: Clearance violation ( clearance 0.2000 mm; actual 0.1650 mm)
    Local override; error
    @(97.2500 mm, 108.0000 mm): Track [GND] on F.Cu, length 0.8000 mm
    @(96.7500 mm, 106.8000 mm): Track [LCD_DE] on F.Cu, length 1.2000 mm
[clearance]: Clearance violation ( clearance 0.2000 mm; actual 0.0000 mm)
    Local override; error
    @(97.7500 mm, 106.8000 mm): Via [LCD_D0] on F.Cu - B.Cu
    @(98.2500 mm, 106.8000 mm): Via [LCD_D1] on F.Cu - B.Cu
[clearance]: Clearance violation ( clearance 0.2000 mm; actual 0.0000 mm)
    Local override; error
    @(96.7500 mm, 92.1000 mm): Via [LCD_DE] on F.Cu - B.Cu
    @(96.8250 mm, 91.5000 mm): Track [LCD_D10] on F.Cu, length 2.3500 mm
[clearance]: Clearance violation ( clearance 0.2000 mm; actual 0.0000 mm)
    Local override; error
    @(96.8250 mm, 91.5000 mm): Pad 18 [LCD_D10] of U1 on F.Cu
    @(96.7500 mm, 92.1000 mm): Via [LCD_DE] on F.Cu - B.Cu
[clearance]: Clearance violation ( clearance 0.2000 mm; actual 0.1141 mm)
    Local override; error
    @(92.5500 mm, 108.0000 mm): Track [GND] on In2.Cu, length 19.5526 mm
    @(96.7500 mm, 106.8000 mm): Via [LCD_DE] on F.Cu - B.Cu
[tracks_crossing]: Tracks crossing
    Local override; error
    @(105.7150 mm, 92.1000 mm): Track [LCD_DE] on F.Cu, length 8.9650 mm
    @(96.8250 mm, 91.5000 mm): Track [LCD_D10] on F.Cu, length 2.3500 mm
[clearance]: Clearance violation ( clearance 0.2000 mm; actual 0.0000 mm)
    Local override; error
    @(101.9050 mm, 91.5000 mm): Pad 22 [LCD_D14] of U1 on F.Cu
    @(105.7150 mm, 92.1000 mm): Track [LCD_DE] on F.Cu, length 8.9650 mm
[clearance]: Clearance violation ( clearance 0.2000 mm; actual 0.0000 mm)
    Local override; error
    @(103.1750 mm, 91.5000 mm): Pad 23 [LCD_D15] of U1 on F.Cu
    @(105.7150 mm, 92.1000 mm): Track [LCD_DE] on F.Cu, length 8.9650 mm
[clearance]: Clearance violation ( clearance 0.2000 mm; actual 0.0400 mm)
    Local override; error
    @(96.7500 mm, 106.8000 mm): Via [LCD_DE] on F.Cu - B.Cu
    @(96.2500 mm, 94.2000 mm): Track [LCD_PCLK] on B.Cu, length 12.6000 mm
[clearance]: Clearance violation ( clearance 0.2000 mm; actual 0.0000 mm)
    Local override; error
    @(104.2500 mm, 92.4500 mm): Via [LCD_D12] on F.Cu - B.Cu
    @(105.7150 mm, 92.1000 mm): Track [LCD_DE] on F.Cu, length 8.9650 mm
[clearance]: Clearance violation ( clearance 0.2000 mm; actual 0.0000 mm)
    Local override; error
    @(104.4450 mm, 91.5000 mm): Pad 24 [LCD_PCLK] of U1 on F.Cu
    @(105.7150 mm, 92.1000 mm): Track [LCD_DE] on F.Cu, length 8.9650 mm
[tracks_crossing]: Tracks crossing
    Local override; error
    @(98.0950 mm, 91.5000 mm): Track [LCD_D11] on F.Cu, length 0.6000 mm
    @(105.7150 mm, 92.1000 mm): Track [LCD_DE] on F.Cu, length 8.9650 mm
[tracks_crossing]: Tracks crossing
    Local override; error
    @(99.3650 mm, 91.5000 mm): Track [LCD_D12] on F.Cu, length 0.9500 mm
    @(105.7150 mm, 92.1000 mm): Track [LCD_DE] on F.Cu, length 8.9650 mm
[tracks_crossing]: Tracks crossing
    Local override; error
    @(100.6350 mm, 91.5000 mm): Track [LCD_D13] on F.Cu, length 1.3000 mm
    @(105.7150 mm, 92.1000 mm): Track [LCD_DE] on F.Cu, length 8.9650 mm
[clearance]: Clearance violation ( clearance 0.2000 mm; actual 0.0400 mm)
    Local override; error
    @(96.7500 mm, 106.8000 mm): Via [LCD_DE] on F.Cu - B.Cu
    @(96.2500 mm, 106.8000 mm): Track [LCD_PCLK] on F.Cu, length 1.2000 mm
[tracks_crossing]: Tracks crossing
    Local override; error
    @(101.9050 mm, 91.5000 mm): Track [LCD_D14] on F.Cu, length 1.6500 mm
    @(105.7150 mm, 92.1000 mm): Track [LCD_DE] on F.Cu, length 8.9650 mm
[tracks_crossing]: Tracks crossing
    Local override; error
    @(98.0950 mm, 92.1000 mm): Track [LCD_D11] on F.Cu, length 5.6550 mm
    @(105.7150 mm, 92.1000 mm): Track [LCD_DE] on F.Cu, length 8.9650 mm
[clearance]: Clearance violation ( clearance 0.2000 mm; actual 0.1900 mm)
    Local override; error
    @(95.5500 mm, 108.0000 mm): Via [GND] on F.Cu - B.Cu
    @(96.2500 mm, 106.8000 mm): Track [LCD_PCLK] on F.Cu, length 1.2000 mm
[clearance]: Clearance violation ( clearance 0.2000 mm; actual 0.1300 mm)
    Local override; error
    @(99.3650 mm, 92.4500 mm): Track [LCD_D12] on F.Cu, length 4.8850 mm
    @(105.7150 mm, 92.1000 mm): Track [LCD_DE] on F.Cu, length 8.9650 mm
[clearance]: Clearance violation ( clearance 0.2000 mm; actual 0.0000 mm)
    Local override; error
    @(105.7150 mm, 92.1000 mm): Track [LCD_DE] on F.Cu, length 8.9650 mm
    @(103.7500 mm, 92.1000 mm): Via [LCD_D11] on F.Cu - B.Cu
[tracks_crossing]: Tracks crossing
    Local override; error
    @(103.1750 mm, 91.5000 mm): Track [LCD_D15] on F.Cu, length 2.0000 mm
    @(105.7150 mm, 92.1000 mm): Track [LCD_DE] on F.Cu, length 8.9650 mm
[clearance]: Clearance violation ( clearance 0.2000 mm; actual 0.0000 mm)
    Local override; error
    @(96.8250 mm, 91.5000 mm): Pad 18 [LCD_D10] of U1 on F.Cu
    @(105.7150 mm, 92.1000 mm): Track [LCD_DE] on F.Cu, length 8.9650 mm
[clearance]: Clearance violation ( clearance 0.2000 mm; actual 0.0400 mm)
    Local override; error
    @(96.7500 mm, 92.1000 mm): Track [LCD_DE] on B.Cu, length 14.7000 mm
    @(96.2500 mm, 94.2000 mm): Via [LCD_PCLK] on F.Cu - B.Cu
[clearance]: Clearance violation ( clearance 0.2000 mm; actual 0.0000 mm)
    Local override; error
    @(98.0950 mm, 91.5000 mm): Pad 19 [LCD_D11] of U1 on F.Cu
    @(105.7150 mm, 92.1000 mm): Track [LCD_DE] on F.Cu, length 8.9650 mm
[clearance]: Clearance violation ( clearance 0.2000 mm; actual 0.0000 mm)
    Local override; error
    @(99.3650 mm, 91.5000 mm): Pad 20 [LCD_D12] of U1 on F.Cu
    @(105.7150 mm, 92.1000 mm): Track [LCD_DE] on F.Cu, length 8.9650 mm
[clearance]: Clearance violation ( clearance 0.2000 mm; actual 0.1300 mm)
    Local override; error
    @(104.4450 mm, 94.2000 mm): Track [LCD_PCLK] on F.Cu, length 8.1950 mm
    @(96.8250 mm, 91.5000 mm): Track [LCD_D10] on F.Cu, length 2.3500 mm
[clearance]: Clearance violation ( clearance 0.2000 mm; actual 0.0000 mm)
    Local override; error
    @(100.6350 mm, 91.5000 mm): Pad 21 [LCD_D13] of U1 on F.Cu
    @(105.7150 mm, 92.1000 mm): Track [LCD_DE] on F.Cu, length 8.9650 mm
[clearance]: Clearance violation ( clearance 0.2000 mm; actual 0.1300 mm)
    Local override; error
    @(96.8250 mm, 93.8500 mm): Track [LCD_D10] on F.Cu, length 5.9250 mm
    @(104.4450 mm, 94.2000 mm): Track [LCD_PCLK] on F.Cu, length 8.1950 mm
[clearance]: Clearance violation ( clearance 0.2000 mm; actual 0.0000 mm)
    Local override; error
    @(104.2500 mm, 92.4500 mm): Via [LCD_D12] on F.Cu - B.Cu
    @(104.4450 mm, 91.5000 mm): Track [LCD_PCLK] on F.Cu, length 2.7000 mm
[clearance]: Clearance violation ( clearance 0.2000 mm; actual 0.0000 mm)
    Local override; error
    @(104.7500 mm, 92.8000 mm): Via [LCD_D13] on F.Cu - B.Cu
    @(104.4450 mm, 91.5000 mm): Track [LCD_PCLK] on F.Cu, length 2.7000 mm
[tracks_crossing]: Tracks crossing
    Local override; error
    @(104.4450 mm, 91.5000 mm): Track [LCD_PCLK] on F.Cu, length 2.7000 mm
    @(105.7150 mm, 92.1000 mm): Track [LCD_DE] on F.Cu, length 8.9650 mm
[clearance]: Clearance violation ( clearance 0.2000 mm; actual 0.0000 mm)
    Local override; error
    @(102.7500 mm, 93.8500 mm): Via [LCD_D10] on F.Cu - B.Cu
    @(104.4450 mm, 94.2000 mm): Track [LCD_PCLK] on F.Cu, length 8.1950 mm
[clearance]: Clearance violation ( clearance 0.2000 mm; actual 0.0000 mm)
    Local override; error
    @(104.4450 mm, 91.5000 mm): Track [LCD_PCLK] on F.Cu, length 2.7000 mm
    @(99.3650 mm, 92.4500 mm): Track [LCD_D12] on F.Cu, length 4.8850 mm
[tracks_crossing]: Tracks crossing
    Local override; error
    @(100.6350 mm, 92.8000 mm): Track [LCD_D13] on F.Cu, length 4.1150 mm
    @(104.4450 mm, 91.5000 mm): Track [LCD_PCLK] on F.Cu, length 2.7000 mm
[tracks_crossing]: Tracks crossing
    Local override; error
    @(104.4450 mm, 91.5000 mm): Track [LCD_PCLK] on F.Cu, length 2.7000 mm
    @(101.9050 mm, 93.1500 mm): Track [LCD_D14] on F.Cu, length 3.3450 mm
[tracks_crossing]: Tracks crossing
    Local override; error
    @(104.4450 mm, 91.5000 mm): Track [LCD_PCLK] on F.Cu, length 2.7000 mm
    @(103.1750 mm, 93.5000 mm): Track [LCD_D15] on F.Cu, length 2.5750 mm
[clearance]: Clearance violation ( clearance 0.2000 mm; actual 0.0400 mm)
    Local override; error
    @(95.7500 mm, 106.8000 mm): Track [LCD_HS] on F.Cu, length 1.2000 mm
    @(96.2500 mm, 106.8000 mm): Via [LCD_PCLK] on F.Cu - B.Cu
[clearance]: Clearance violation ( clearance 0.2000 mm; actual 0.0400 mm)
    Local override; error
    @(96.2500 mm, 106.8000 mm): Track [LCD_PCLK] on F.Cu, length 1.2000 mm
    @(95.7500 mm, 106.8000 mm): Via [LCD_HS] on F.Cu - B.Cu
[clearance]: Clearance violation ( clearance 0.2000 mm; actual 0.0000 mm)
    Local override; error
    @(95.7500 mm, 106.8000 mm): Track [LCD_HS] on F.Cu, length 1.2000 mm
    @(97.6000 mm, 116.0000 mm): Track [USB_D-_MCU] on F.Cu, length 27.7561 mm
[clearance]: Clearance violation ( clearance 0.2000 mm; actual 0.0000 mm)
    Local override; error
    @(96.2500 mm, 106.8000 mm): Via [LCD_PCLK] on F.Cu - B.Cu
    @(95.7500 mm, 106.8000 mm): Via [LCD_HS] on F.Cu - B.Cu
[clearance]: Clearance violation ( clearance 0.2000 mm; actual 0.0000 mm)
    Local override; error
    @(94.7500 mm, 108.0000 mm): Track [GND] on F.Cu, length 0.8000 mm
    @(95.7500 mm, 106.8000 mm): Track [LCD_HS] on F.Cu, length 1.2000 mm
[clearance]: Clearance violation ( clearance 0.2000 mm; actual 0.0000 mm)
    Local override; error
    @(97.6000 mm, 116.0000 mm): Track [USB_D-_MCU] on F.Cu, length 27.7561 mm
    @(95.7500 mm, 106.8000 mm): Via [LCD_HS] on F.Cu - B.Cu
[clearance]: Clearance violation ( clearance 0.2000 mm; actual 0.0000 mm)
    Local override; error
    @(95.5500 mm, 108.0000 mm): Via [GND] on F.Cu - B.Cu
    @(95.7500 mm, 106.8000 mm): Track [LCD_HS] on F.Cu, length 1.2000 mm
[clearance]: Clearance violation ( clearance 0.2000 mm; actual 0.0400 mm)
    Local override; error
    @(96.2500 mm, 94.2000 mm): Track [LCD_PCLK] on B.Cu, length 12.6000 mm
    @(95.7500 mm, 106.8000 mm): Via [LCD_HS] on F.Cu - B.Cu
[clearance]: Clearance violation ( clearance 0.2000 mm; actual 0.0000 mm)
    Local override; error
    @(96.2500 mm, 106.8000 mm): Via [LCD_PCLK] on F.Cu - B.Cu
    @(95.7500 mm, 106.8000 mm): Via [LCD_HS] on F.Cu - B.Cu
[clearance]: Clearance violation ( clearance 0.2000 mm; actual 0.0000 mm)
    Local override; error
    @(96.2500 mm, 106.8000 mm): Via [LCD_PCLK] on F.Cu - B.Cu
    @(95.7500 mm, 106.8000 mm): Via [LCD_HS] on F.Cu - B.Cu
[clearance]: Clearance violation ( clearance 0.2000 mm; actual 0.0400 mm)
    Local override; error
    @(95.7500 mm, 75.0100 mm): Track [LCD_HS] on B.Cu, length 31.7900 mm
    @(96.2500 mm, 94.2000 mm): Via [LCD_PCLK] on F.Cu - B.Cu
[clearance]: Clearance violation ( clearance 0.2000 mm; actual 0.0000 mm)
    Local override; error
    @(96.2500 mm, 106.8000 mm): Via [LCD_PCLK] on F.Cu - B.Cu
    @(95.7500 mm, 106.8000 mm): Via [LCD_HS] on F.Cu - B.Cu
[clearance]: Clearance violation ( clearance 0.2000 mm; actual 0.0400 mm)
    Local override; error
    @(95.7500 mm, 75.0100 mm): Track [LCD_HS] on B.Cu, length 31.7900 mm
    @(96.2500 mm, 106.8000 mm): Via [LCD_PCLK] on F.Cu - B.Cu
[clearance]: Clearance violation ( clearance 0.2000 mm; actual 0.0400 mm)
    Local override; error
    @(95.2500 mm, 106.8000 mm): Track [LCD_VS] on F.Cu, length 1.2000 mm
    @(95.7500 mm, 106.8000 mm): Via [LCD_HS] on F.Cu - B.Cu
[clearance]: Clearance violation ( clearance 0.2000 mm; actual 0.1543 mm)
    Local override; error
    @(95.2500 mm, 76.2800 mm): Via [LCD_VS] on F.Cu - B.Cu
    @(114.6000 mm, 80.0000 mm): Track [EN] on F.Cu, length 23.6445 mm
[clearance]: Clearance violation ( clearance 0.2000 mm; actual 0.0000 mm)
    Local override; error
    @(95.2500 mm, 106.8000 mm): Track [LCD_VS] on F.Cu, length 1.2000 mm
    @(97.6000 mm, 116.0000 mm): Track [USB_D-_MCU] on F.Cu, length 27.7561 mm
[clearance]: Clearance violation ( clearance 0.2000 mm; actual 0.0400 mm)
    Local override; error
    @(95.2500 mm, 76.2800 mm): Via [LCD_VS] on F.Cu - B.Cu
    @(95.7500 mm, 75.0100 mm): Track [LCD_HS] on B.Cu, length 31.7900 mm
[tracks_crossing]: Tracks crossing
    Local override; error
    @(94.7500 mm, 108.0000 mm): Track [GND] on F.Cu, length 0.8000 mm
    @(95.2500 mm, 106.8000 mm): Track [LCD_VS] on F.Cu, length 1.2000 mm
[clearance]: Clearance violation ( clearance 0.2000 mm; actual 0.0000 mm)
    Local override; error
    @(95.5500 mm, 108.0000 mm): Via [GND] on F.Cu - B.Cu
    @(95.2500 mm, 106.8000 mm): Track [LCD_VS] on F.Cu, length 1.2000 mm
[clearance]: Clearance violation ( clearance 0.2000 mm; actual 0.0000 mm)
    Local override; error
    @(95.2500 mm, 106.8000 mm): Via [LCD_VS] on F.Cu - B.Cu
    @(95.7500 mm, 106.8000 mm): Via [LCD_HS] on F.Cu - B.Cu
[clearance]: Clearance violation ( clearance 0.2000 mm; actual 0.0400 mm)
    Local override; error
    @(95.2500 mm, 106.8000 mm): Via [LCD_VS] on F.Cu - B.Cu
    @(95.7500 mm, 106.8000 mm): Track [LCD_HS] on F.Cu, length 1.2000 mm
[clearance]: Clearance violation ( clearance 0.2000 mm; actual 0.0000 mm)
    Local override; error
    @(95.2500 mm, 106.8000 mm): Via [LCD_VS] on F.Cu - B.Cu
    @(97.6000 mm, 116.0000 mm): Track [USB_D-_MCU] on F.Cu, length 27.7561 mm
[clearance]: Clearance violation ( clearance 0.2000 mm; actual 0.0400 mm)
    Local override; error
    @(95.2500 mm, 106.8000 mm): Via [LCD_VS] on F.Cu - B.Cu
    @(95.7500 mm, 75.0100 mm): Track [LCD_HS] on B.Cu, length 31.7900 mm
[clearance]: Clearance violation ( clearance 0.2000 mm; actual 0.0000 mm)
    Local override; error
    @(95.2500 mm, 106.8000 mm): Via [LCD_VS] on F.Cu - B.Cu
    @(95.7500 mm, 106.8000 mm): Via [LCD_HS] on F.Cu - B.Cu
[clearance]: Clearance violation ( clearance 0.2000 mm; actual 0.0000 mm)
    Local override; error
    @(95.2500 mm, 106.8000 mm): Via [LCD_VS] on F.Cu - B.Cu
    @(95.7500 mm, 106.8000 mm): Via [LCD_HS] on F.Cu - B.Cu
[clearance]: Clearance violation ( clearance 0.2000 mm; actual 0.0000 mm)
    Local override; error
    @(95.2500 mm, 106.8000 mm): Via [LCD_VS] on F.Cu - B.Cu
    @(95.7500 mm, 106.8000 mm): Via [LCD_HS] on F.Cu - B.Cu
[clearance]: Clearance violation ( clearance 0.2000 mm; actual 0.0500 mm)
    Local override; error
    @(99.7500 mm, 124.9550 mm): Pad A6 [USB_D+] of J3 on F.Cu
    @(99.2500 mm, 124.9550 mm): Pad B7 [USB_D-] of J3 on F.Cu
[clearance]: Clearance violation ( clearance 0.2000 mm; actual 0.0500 mm)
    Local override; error
    @(99.7500 mm, 124.9550 mm): Pad A6 [USB_D+] of J3 on F.Cu
    @(100.2500 mm, 124.9550 mm): Pad A7 [USB_D-] of J3 on F.Cu
[clearance]: Clearance violation ( clearance 0.2000 mm; actual 0.0500 mm)
    Local override; error
    @(100.7500 mm, 124.9550 mm): Pad B6 [USB_D+] of J3 on F.Cu
    @(100.2500 mm, 124.9550 mm): Pad A7 [USB_D-] of J3 on F.Cu
[clearance]: Clearance violation ( clearance 0.2000 mm; actual 0.0500 mm)
    Local override; error
    @(99.2500 mm, 124.9550 mm): Pad B7 [USB_D-] of J3 on F.Cu
    @(98.7500 mm, 124.9550 mm): Pad A5 [USB_CC1] of J3 on F.Cu
[clearance]: Clearance violation ( clearance 0.2000 mm; actual 0.1250 mm)
    Local override; error
    @(101.7500 mm, 124.9550 mm): Pad B5 [USB_CC2] of J3 on F.Cu
    @(102.4500 mm, 124.9550 mm): Pad A9 [+5V] of J3 on F.Cu
[clearance]: Clearance violation ( clearance 0.2000 mm; actual 0.1250 mm)
    Local override; error
    @(101.7500 mm, 124.9550 mm): Pad B5 [USB_CC2] of J3 on F.Cu
    @(102.4500 mm, 124.9550 mm): Pad B4 [+5V] of J3 on F.Cu
[clearance]: Clearance violation ( clearance 0.2000 mm; actual 0.1000 mm)
    Local override; error
    @(97.5500 mm, 124.9550 mm): Pad A4 [+5V] of J3 on F.Cu
    @(96.7500 mm, 124.9550 mm): Pad A1 [GND] of J3 on F.Cu
[copper_sliver]: Copper sliver (In1.Cu)
    Local override; warning
[copper_sliver]: Copper sliver (In2.Cu)
    Local override; warning
[copper_sliver]: Copper sliver (In2.Cu)
    Local override; warning
[copper_sliver]: Copper sliver (In2.Cu)
    Local override; warning
[copper_sliver]: Copper sliver (In2.Cu)
    Local override; warning
[copper_sliver]: Copper sliver (In2.Cu)
    Local override; warning
[copper_sliver]: Copper sliver (In2.Cu)
    Local override; warning
[silk_overlap]: Silkscreen clearance
    Rule: board setup constraints silk; warning
    @(100.0000 mm, 107.0000 mm): PCB text 'AH CARRIER REV A  •  N16R2  •  5V IN' on F.Silkscreen
    @(89.0000 mm, 105.5000 mm): Rectangle of J1 on F.Silkscreen
[silk_overlap]: Silkscreen clearance
    Rule: board setup constraints silk; warning
    @(118.7130 mm, 76.2870 mm): Rectangle of H315 on F.Silkscreen
    @(113.0000 mm, 75.0000 mm): Rectangle of J7 on F.Silkscreen
[silk_overlap]: Silkscreen clearance
    Rule: board setup constraints silk; warning
    @(113.0000 mm, 70.0000 mm): Rectangle of J6 on F.Silkscreen
    @(116.0000 mm, 73.5000 mm): Reference field of J7
[silk_overlap]: Silkscreen clearance
    Rule: board setup constraints silk; warning
    @(119.0000 mm, 98.7000 mm): Reference field of C4
    @(118.2500 mm, 86.0000 mm): Rectangle of U3 on F.Silkscreen
[silk_over_copper]: Silkscreen clipped by solder mask
    Local override; warning
    @(100.0000 mm, 107.0000 mm): PCB text 'AH CARRIER REV A  •  N16R2  •  5V IN' on F.Silkscreen
    @(95.2500 mm, 108.0000 mm): Pad 11 [LCD_VS] of J1 on F.Cu
[silk_over_copper]: Silkscreen clipped by solder mask
    Local override; warning
    @(100.0000 mm, 107.0000 mm): PCB text 'AH CARRIER REV A  •  N16R2  •  5V IN' on F.Silkscreen
    @(95.7500 mm, 108.0000 mm): Pad 12 [LCD_HS] of J1 on F.Cu
[silk_over_copper]: Silkscreen clipped by solder mask
    Local override; warning
    @(100.0000 mm, 107.0000 mm): PCB text 'AH CARRIER REV A  •  N16R2  •  5V IN' on F.Silkscreen
    @(96.2500 mm, 108.0000 mm): Pad 13 [LCD_PCLK] of J1 on F.Cu
[silk_over_copper]: Silkscreen clipped by solder mask
    Local override; warning
    @(100.0000 mm, 107.0000 mm): PCB text 'AH CARRIER REV A  •  N16R2  •  5V IN' on F.Silkscreen
    @(97.7500 mm, 108.0000 mm): Pad 16 [LCD_D0] of J1 on F.Cu
[silk_over_copper]: Silkscreen clipped by solder mask
    Local override; warning
    @(100.0000 mm, 107.0000 mm): PCB text 'AH CARRIER REV A  •  N16R2  •  5V IN' on F.Silkscreen
    @(98.2500 mm, 108.0000 mm): Pad 17 [LCD_D1] of J1 on F.Cu
[silk_over_copper]: Silkscreen clipped by solder mask
    Local override; warning
    @(100.0000 mm, 107.0000 mm): PCB text 'AH CARRIER REV A  •  N16R2  •  5V IN' on F.Silkscreen
    @(100.2500 mm, 108.0000 mm): Pad 21 [LCD_D5] of J1 on F.Cu
[silk_over_copper]: Silkscreen clipped by solder mask
    Local override; warning
    @(100.0000 mm, 107.0000 mm): PCB text 'AH CARRIER REV A  •  N16R2  •  5V IN' on F.Silkscreen
    @(102.7500 mm, 108.0000 mm): Pad 26 [LCD_D10] of J1 on F.Cu
[silk_over_copper]: Silkscreen clipped by solder mask
    Local override; warning
    @(100.0000 mm, 107.0000 mm): PCB text 'AH CARRIER REV A  •  N16R2  •  5V IN' on F.Silkscreen
    @(103.2500 mm, 108.0000 mm): Pad 27 [GND] of J1 on F.Cu
[silk_over_copper]: Silkscreen clipped by solder mask
    Local override; warning
    @(100.0000 mm, 107.0000 mm): PCB text 'AH CARRIER REV A  •  N16R2  •  5V IN' on F.Silkscreen
    @(103.7500 mm, 108.0000 mm): Pad 28 [LCD_D11] of J1 on F.Cu
[silk_over_copper]: Silkscreen clipped by solder mask
    Local override; warning
    @(100.0000 mm, 107.0000 mm): PCB text 'AH CARRIER REV A  •  N16R2  •  5V IN' on F.Silkscreen
    @(104.2500 mm, 108.0000 mm): Pad 29 [LCD_D12] of J1 on F.Cu
[silk_over_copper]: Silkscreen clipped by solder mask
    Local override; warning
    @(100.0000 mm, 107.0000 mm): PCB text 'AH CARRIER REV A  •  N16R2  •  5V IN' on F.Silkscreen
    @(104.7500 mm, 108.0000 mm): Pad 30 [LCD_D13] of J1 on F.Cu
[silk_over_copper]: Silkscreen clipped by solder mask
    Local override; warning
    @(102.4000 mm, 115.2000 mm): Rectangle of R4 on F.Silkscreen
    @(105.0000 mm, 116.0000 mm): Pad 2 [USB_D+_MCU] of R4 on F.Cu
[silk_over_copper]: Silkscreen clipped by solder mask
    Local override; warning
    @(102.4000 mm, 115.2000 mm): Rectangle of R4 on F.Silkscreen
    @(103.0000 mm, 116.0000 mm): Pad 1 [USB_D+] of R4 on F.Cu
[silk_over_copper]: Silkscreen clipped by solder mask
    Local override; warning
    @(100.0000 mm, 107.0000 mm): PCB text 'AH CARRIER REV A  •  N16R2  •  5V IN' on F.Silkscreen
    @(105.2500 mm, 108.0000 mm): Pad 31 [LCD_D14] of J1 on F.Cu
[silk_over_copper]: Silkscreen clipped by solder mask
    Local override; warning
    @(100.0000 mm, 107.0000 mm): PCB text 'AH CARRIER REV A  •  N16R2  •  5V IN' on F.Silkscreen
    @(106.2500 mm, 108.0000 mm): Pad 33 [LCD_RST] of J1 on F.Cu
[silk_over_copper]: Silkscreen clipped by solder mask
    Local override; warning
    @(100.0000 mm, 107.0000 mm): PCB text 'AH CARRIER REV A  •  N16R2  •  5V IN' on F.Silkscreen
    @(105.7500 mm, 108.0000 mm): Pad 32 [LCD_D15] of J1 on F.Cu
[silk_over_copper]: Silkscreen clipped by solder mask
    Local override; warning
    @(100.0000 mm, 107.0000 mm): PCB text 'AH CARRIER REV A  •  N16R2  •  5V IN' on F.Silkscreen
    @(106.7500 mm, 108.0000 mm): Pad 34 [LCD_CS] of J1 on F.Cu
[silk_over_copper]: Silkscreen clipped by solder mask
    Local override; warning
    @(100.0000 mm, 107.0000 mm): PCB text 'AH CARRIER REV A  •  N16R2  •  5V IN' on F.Silkscreen
    @(107.2500 mm, 108.0000 mm): Pad 35 [SPI_SCLK] of J1 on F.Cu
[silk_over_copper]: Silkscreen clipped by solder mask
    Local override; warning
    @(100.0000 mm, 107.0000 mm): PCB text 'AH CARRIER REV A  •  N16R2  •  5V IN' on F.Silkscreen
    @(109.7500 mm, 108.0000 mm): Pad 40 [GND] of J1 on F.Cu
[silk_over_copper]: Silkscreen clipped by solder mask
    Local override; warning
    @(104.4000 mm, 122.2000 mm): Rectangle of R2 on F.Silkscreen
    @(107.0000 mm, 123.0000 mm): Pad 2 [GND] of R2 on F.Cu
[silk_over_copper]: Silkscreen clipped by solder mask
    Local override; warning
    @(104.4000 mm, 122.2000 mm): Rectangle of R2 on F.Silkscreen
    @(105.0000 mm, 123.0000 mm): Pad 1 [USB_CC2] of R2 on F.Cu
[silk_over_copper]: Silkscreen clipped by solder mask
    Local override; warning
    @(94.4000 mm, 115.2000 mm): Rectangle of R3 on F.Silkscreen
    @(97.0000 mm, 116.0000 mm): Pad 2 [USB_D-_MCU] of R3 on F.Cu
[silk_over_copper]: Silkscreen clipped by solder mask
    Local override; warning
    @(94.4000 mm, 115.2000 mm): Rectangle of R3 on F.Silkscreen
    @(95.0000 mm, 116.0000 mm): Pad 1 [USB_D-] of R3 on F.Cu
[silk_over_copper]: Silkscreen clipped by solder mask
    Local override; warning
    @(100.0000 mm, 107.0000 mm): PCB text 'AH CARRIER REV A  •  N16R2  •  5V IN' on F.Silkscreen
    @(90.2500 mm, 108.0000 mm): Pad 1 [LED_K] of J1 on F.Cu
[silk_over_copper]: Silkscreen clipped by solder mask
    Local override; warning
    @(90.4000 mm, 95.2000 mm): Rectangle of C3 on F.Silkscreen
    @(91.0000 mm, 96.0000 mm): Pad 1 [+3V3] of C3 on F.Cu
[silk_over_copper]: Silkscreen clipped by solder mask
    Local override; warning
    @(87.0000 mm, 125.0000 mm): Rectangle of L1 on F.Silkscreen
    @(90.4000 mm, 126.0000 mm): Pad 2 [+3V3] of L1 on F.Cu
[silk_over_copper]: Silkscreen clipped by solder mask
    Local override; warning
    @(92.4000 mm, 122.2000 mm): Rectangle of R1 on F.Silkscreen
    @(95.0000 mm, 123.0000 mm): Pad 2 [GND] of R1 on F.Cu
[silk_over_copper]: Silkscreen clipped by solder mask
    Local override; warning
    @(92.4000 mm, 122.2000 mm): Rectangle of R1 on F.Silkscreen
    @(93.0000 mm, 123.0000 mm): Pad 1 [USB_CC1] of R1 on F.Cu
[silk_over_copper]: Silkscreen clipped by solder mask
    Local override; warning
    @(87.0000 mm, 125.0000 mm): Rectangle of L1 on F.Silkscreen
    @(87.6000 mm, 126.0000 mm): Pad 1 [REG_SW] of L1 on F.Cu
[silk_over_copper]: Silkscreen clipped by solder mask
    Local override; warning
    @(88.4000 mm, 129.2000 mm): Rectangle of C2 on F.Silkscreen
    @(91.0000 mm, 130.0000 mm): Pad 2 [GND] of C2 on F.Cu
[silk_over_copper]: Silkscreen clipped by solder mask
    Local override; warning
    @(88.4000 mm, 129.2000 mm): Rectangle of C2 on F.Silkscreen
    @(89.0000 mm, 130.0000 mm): Pad 1 [+3V3] of C2 on F.Cu
[silk_over_copper]: Silkscreen clipped by solder mask
    Local override; warning
    @(91.0000 mm, 66.2500 mm): Rectangle of U1 on F.Silkscreen
    @(108.7500 mm, 90.2500 mm): Pad 27 [BOOT] of U1 on F.Cu
[silk_over_copper]: Silkscreen clipped by solder mask
    Local override; warning
    @(91.0000 mm, 66.2500 mm): Rectangle of U1 on F.Silkscreen
    @(108.7500 mm, 88.9800 mm): Pad 28 [SPI_MOSI] of U1 on F.Cu
[silk_over_copper]: Silkscreen clipped by solder mask
    Local override; warning
    @(91.0000 mm, 66.2500 mm): Rectangle of U1 on F.Silkscreen
    @(108.7500 mm, 87.7100 mm): Pad 29 [SPI_SCLK] of U1 on F.Cu
[silk_over_copper]: Silkscreen clipped by solder mask
    Local override; warning
    @(91.0000 mm, 66.2500 mm): Rectangle of U1 on F.Silkscreen
    @(108.7500 mm, 86.4400 mm): Pad 30 [SPI_MISO] of U1 on F.Cu
[silk_over_copper]: Silkscreen clipped by solder mask
    Local override; warning
    @(91.0000 mm, 66.2500 mm): Rectangle of U1 on F.Silkscreen
    @(108.7500 mm, 85.1700 mm): Pad 31 [<no net>] of U1 on F.Cu
[silk_over_copper]: Silkscreen clipped by solder mask
    Local override; warning
    @(91.0000 mm, 66.2500 mm): Rectangle of U1 on F.Silkscreen
    @(108.7500 mm, 83.9000 mm): Pad 32 [BL_PWM] of U1 on F.Cu
[silk_over_copper]: Silkscreen clipped by solder mask
    Local override; warning
    @(91.0000 mm, 66.2500 mm): Rectangle of U1 on F.Silkscreen
    @(108.7500 mm, 82.6300 mm): Pad 33 [BMI_ACC_CS] of U1 on F.Cu
[silk_over_copper]: Silkscreen clipped by solder mask
    Local override; warning
    @(91.0000 mm, 66.2500 mm): Rectangle of U1 on F.Silkscreen
    @(108.7500 mm, 81.3600 mm): Pad 34 [BMI_GYRO_CS] of U1 on F.Cu
[silk_over_copper]: Silkscreen clipped by solder mask
    Local override; warning
    @(91.0000 mm, 66.2500 mm): Rectangle of U1 on F.Silkscreen
    @(108.7500 mm, 80.0900 mm): Pad 35 [IOX_INT] of U1 on F.Cu
[silk_over_copper]: Silkscreen clipped by solder mask
    Local override; warning
    @(91.0000 mm, 66.2500 mm): Rectangle of U1 on F.Silkscreen
    @(108.7500 mm, 78.8200 mm): Pad 36 [IOX_SCL] of U1 on F.Cu
[silk_over_copper]: Silkscreen clipped by solder mask
    Local override; warning
    @(91.0000 mm, 66.2500 mm): Rectangle of U1 on F.Silkscreen
    @(108.7500 mm, 77.5500 mm): Pad 37 [IOX_SDA] of U1 on F.Cu
[silk_over_copper]: Silkscreen clipped by solder mask
    Local override; warning
    @(91.0000 mm, 66.2500 mm): Rectangle of U1 on F.Silkscreen
    @(108.7500 mm, 76.2800 mm): Pad 38 [LCD_VS] of U1 on F.Cu
[silk_over_copper]: Silkscreen clipped by solder mask
    Local override; warning
    @(91.0000 mm, 66.2500 mm): Rectangle of U1 on F.Silkscreen
    @(108.7500 mm, 75.0100 mm): Pad 39 [LCD_HS] of U1 on F.Cu
[silk_over_copper]: Silkscreen clipped by solder mask
    Local override; warning
    @(91.0000 mm, 66.2500 mm): Rectangle of U1 on F.Silkscreen
    @(108.7500 mm, 73.7400 mm): Pad 40 [GND] of U1 on F.Cu
[silk_over_copper]: Silkscreen clipped by solder mask
    Local override; warning
    @(91.0000 mm, 66.2500 mm): Rectangle of U1 on F.Silkscreen
    @(104.4450 mm, 91.5000 mm): Pad 24 [LCD_PCLK] of U1 on F.Cu
[silk_over_copper]: Silkscreen clipped by solder mask
    Local override; warning
    @(91.0000 mm, 66.2500 mm): Rectangle of U1 on F.Silkscreen
    @(105.7150 mm, 91.5000 mm): Pad 25 [LCD_DE] of U1 on F.Cu
[silk_over_copper]: Silkscreen clipped by solder mask
    Local override; warning
    @(91.0000 mm, 66.2500 mm): Rectangle of U1 on F.Silkscreen
    @(106.9850 mm, 91.5000 mm): Pad 26 [<no net>] of U1 on F.Cu
[silk_over_copper]: Silkscreen clipped by solder mask
    Local override; warning
    @(91.0000 mm, 66.2500 mm): Rectangle of U1 on F.Silkscreen
    @(93.0150 mm, 91.5000 mm): Pad 15 [<no net>] of U1 on F.Cu
[silk_over_copper]: Silkscreen clipped by solder mask
    Local override; warning
    @(91.0000 mm, 66.2500 mm): Rectangle of U1 on F.Silkscreen
    @(94.2850 mm, 91.5000 mm): Pad 16 [<no net>] of U1 on F.Cu
[silk_over_copper]: Silkscreen clipped by solder mask
    Local override; warning
    @(91.0000 mm, 66.2500 mm): Rectangle of U1 on F.Silkscreen
    @(95.5550 mm, 91.5000 mm): Pad 17 [LCD_D9] of U1 on F.Cu
[silk_over_copper]: Silkscreen clipped by solder mask
    Local override; warning
    @(91.0000 mm, 66.2500 mm): Rectangle of U1 on F.Silkscreen
    @(96.8250 mm, 91.5000 mm): Pad 18 [LCD_D10] of U1 on F.Cu
[silk_over_copper]: Silkscreen clipped by solder mask
    Local override; warning
    @(91.0000 mm, 66.2500 mm): Rectangle of U1 on F.Silkscreen
    @(98.0950 mm, 91.5000 mm): Pad 19 [LCD_D11] of U1 on F.Cu
[silk_over_copper]: Silkscreen clipped by solder mask
    Local override; warning
    @(91.0000 mm, 66.2500 mm): Rectangle of U1 on F.Silkscreen
    @(99.3650 mm, 91.5000 mm): Pad 20 [LCD_D12] of U1 on F.Cu
[silk_over_copper]: Silkscreen clipped by solder mask
    Local override; warning
    @(91.0000 mm, 66.2500 mm): Rectangle of U1 on F.Silkscreen
    @(100.6350 mm, 91.5000 mm): Pad 21 [LCD_D13] of U1 on F.Cu
[silk_over_copper]: Silkscreen clipped by solder mask
    Local override; warning
    @(91.0000 mm, 66.2500 mm): Rectangle of U1 on F.Silkscreen
    @(101.9050 mm, 91.5000 mm): Pad 22 [LCD_D14] of U1 on F.Cu
[silk_over_copper]: Silkscreen clipped by solder mask
    Local override; warning
    @(91.0000 mm, 66.2500 mm): Rectangle of U1 on F.Silkscreen
    @(103.1750 mm, 91.5000 mm): Pad 23 [LCD_D15] of U1 on F.Cu
[silk_over_copper]: Silkscreen clipped by solder mask
    Local override; warning
    @(91.0000 mm, 66.2500 mm): Rectangle of U1 on F.Silkscreen
    @(91.2500 mm, 73.7400 mm): Pad 1 [GND] of U1 on F.Cu
[silk_over_copper]: Silkscreen clipped by solder mask
    Local override; warning
    @(91.0000 mm, 66.2500 mm): Rectangle of U1 on F.Silkscreen
    @(91.2500 mm, 75.0100 mm): Pad 2 [+3V3] of U1 on F.Cu
[silk_over_copper]: Silkscreen clipped by solder mask
    Local override; warning
    @(91.0000 mm, 66.2500 mm): Rectangle of U1 on F.Silkscreen
    @(91.2500 mm, 76.2800 mm): Pad 3 [EN] of U1 on F.Cu
[silk_over_copper]: Silkscreen clipped by solder mask
    Local override; warning
    @(91.0000 mm, 66.2500 mm): Rectangle of U1 on F.Silkscreen
    @(91.2500 mm, 77.5500 mm): Pad 4 [LCD_D8] of U1 on F.Cu
[silk_over_copper]: Silkscreen clipped by solder mask
    Local override; warning
    @(91.0000 mm, 66.2500 mm): Rectangle of U1 on F.Silkscreen
    @(91.2500 mm, 78.8200 mm): Pad 5 [LCD_D7] of U1 on F.Cu
[silk_over_copper]: Silkscreen clipped by solder mask
    Local override; warning
    @(91.0000 mm, 66.2500 mm): Rectangle of U1 on F.Silkscreen
    @(91.2500 mm, 80.0900 mm): Pad 6 [LCD_D6] of U1 on F.Cu
[silk_over_copper]: Silkscreen clipped by solder mask
    Local override; warning
    @(91.0000 mm, 66.2500 mm): Rectangle of U1 on F.Silkscreen
    @(91.2500 mm, 81.3600 mm): Pad 7 [LCD_D5] of U1 on F.Cu
[silk_over_copper]: Silkscreen clipped by solder mask
    Local override; warning
    @(91.0000 mm, 66.2500 mm): Rectangle of U1 on F.Silkscreen
    @(91.2500 mm, 82.6300 mm): Pad 8 [LCD_D4] of U1 on F.Cu
[silk_over_copper]: Silkscreen clipped by solder mask
    Local override; warning
    @(91.0000 mm, 66.2500 mm): Rectangle of U1 on F.Silkscreen
    @(91.2500 mm, 83.9000 mm): Pad 9 [LCD_D3] of U1 on F.Cu
[silk_over_copper]: Silkscreen clipped by solder mask
    Local override; warning
    @(91.0000 mm, 66.2500 mm): Rectangle of U1 on F.Silkscreen
    @(91.2500 mm, 85.1700 mm): Pad 10 [LCD_D2] of U1 on F.Cu
[silk_over_copper]: Silkscreen clipped by solder mask
    Local override; warning
    @(91.0000 mm, 66.2500 mm): Rectangle of U1 on F.Silkscreen
    @(91.2500 mm, 86.4400 mm): Pad 11 [LCD_D1] of U1 on F.Cu
[silk_over_copper]: Silkscreen clipped by solder mask
    Local override; warning
    @(91.0000 mm, 66.2500 mm): Rectangle of U1 on F.Silkscreen
    @(91.2500 mm, 87.7100 mm): Pad 12 [LCD_D0] of U1 on F.Cu
[silk_over_copper]: Silkscreen clipped by solder mask
    Local override; warning
    @(91.0000 mm, 66.2500 mm): Rectangle of U1 on F.Silkscreen
    @(91.2500 mm, 88.9800 mm): Pad 13 [USB_D-_MCU] of U1 on F.Cu
[silk_over_copper]: Silkscreen clipped by solder mask
    Local override; warning
    @(91.0000 mm, 66.2500 mm): Rectangle of U1 on F.Silkscreen
    @(91.2500 mm, 90.2500 mm): Pad 14 [USB_D+_MCU] of U1 on F.Cu
[silk_over_copper]: Silkscreen clipped by solder mask
    Local override; warning
    @(111.4000 mm, 79.2000 mm): Rectangle of R5 on F.Silkscreen
    @(114.0000 mm, 80.0000 mm): Pad 2 [EN] of R5 on F.Cu
[silk_over_copper]: Silkscreen clipped by solder mask
    Local override; warning
    @(111.4000 mm, 79.2000 mm): Rectangle of R5 on F.Silkscreen
    @(112.0000 mm, 80.0000 mm): Pad 1 [+3V3] of R5 on F.Cu
[silk_over_copper]: Silkscreen clipped by solder mask
    Local override; warning
    @(100.0000 mm, 107.0000 mm): PCB text 'AH CARRIER REV A  •  N16R2  •  5V IN' on F.Silkscreen
    @(90.7500 mm, 108.0000 mm): Pad 2 [LED_A] of J1 on F.Cu
[silk_over_copper]: Silkscreen clipped by solder mask
    Local override; warning
    @(100.0000 mm, 107.0000 mm): PCB text 'AH CARRIER REV A  •  N16R2  •  5V IN' on F.Silkscreen
    @(91.2500 mm, 108.0000 mm): Pad 3 [+3V3] of J1 on F.Cu
[silk_over_copper]: Silkscreen clipped by solder mask
    Local override; warning
    @(100.0000 mm, 107.0000 mm): PCB text 'AH CARRIER REV A  •  N16R2  •  5V IN' on F.Silkscreen
    @(91.7500 mm, 108.0000 mm): Pad 4 [GND] of J1 on F.Cu
[silk_over_copper]: Silkscreen clipped by solder mask
    Local override; warning
    @(100.0000 mm, 107.0000 mm): PCB text 'AH CARRIER REV A  •  N16R2  •  5V IN' on F.Silkscreen
    @(92.2500 mm, 108.0000 mm): Pad 5 [<no net>] of J1 on F.Cu
[silk_over_copper]: Silkscreen clipped by solder mask
    Local override; warning
    @(90.4000 mm, 95.2000 mm): Rectangle of C3 on F.Silkscreen
    @(93.0000 mm, 96.0000 mm): Pad 2 [GND] of C3 on F.Cu
[silk_over_copper]: Silkscreen clipped by solder mask
    Local override; warning
    @(100.0000 mm, 107.0000 mm): PCB text 'AH CARRIER REV A  •  N16R2  •  5V IN' on F.Silkscreen
    @(92.7500 mm, 108.0000 mm): Pad 6 [<no net>] of J1 on F.Cu
[silk_over_copper]: Silkscreen clipped by solder mask
    Local override; warning
    @(100.0000 mm, 107.0000 mm): PCB text 'AH CARRIER REV A  •  N16R2  •  5V IN' on F.Silkscreen
    @(94.2500 mm, 108.0000 mm): Pad 9 [<no net>] of J1 on F.Cu
[silk_over_copper]: Silkscreen clipped by solder mask
    Local override; warning
    @(100.0000 mm, 107.0000 mm): PCB text 'AH CARRIER REV A  •  N16R2  •  5V IN' on F.Silkscreen
    @(94.7500 mm, 108.0000 mm): Pad 10 [GND] of J1 on F.Cu
[silk_over_copper]: Silkscreen clipped by solder mask
    Local override; warning
    @(118.2500 mm, 86.0000 mm): Rectangle of U3 on F.Silkscreen
    @(126.7000 mm, 97.0800 mm): Pad 10 [LCD_CS] of U3 on F.Cu
[silk_over_copper]: Silkscreen clipped by solder mask
    Local override; warning
    @(118.2500 mm, 86.0000 mm): Rectangle of U3 on F.Silkscreen
    @(126.7000 mm, 95.8100 mm): Pad 11 [LCD_RST] of U3 on F.Cu
[silk_over_copper]: Silkscreen clipped by solder mask
    Local override; warning
    @(118.2500 mm, 86.0000 mm): Rectangle of U3 on F.Silkscreen
    @(126.7000 mm, 94.5400 mm): Pad 12 [ENC_A] of U3 on F.Cu
[silk_over_copper]: Silkscreen clipped by solder mask
    Local override; warning
    @(118.2500 mm, 86.0000 mm): Rectangle of U3 on F.Silkscreen
    @(126.7000 mm, 93.2700 mm): Pad 13 [ENC_B] of U3 on F.Cu
[silk_over_copper]: Silkscreen clipped by solder mask
    Local override; warning
    @(118.2500 mm, 86.0000 mm): Rectangle of U3 on F.Silkscreen
    @(126.7000 mm, 92.0000 mm): Pad 14 [ENC_SW] of U3 on F.Cu
[silk_over_copper]: Silkscreen clipped by solder mask
    Local override; warning
    @(118.2500 mm, 86.0000 mm): Rectangle of U3 on F.Silkscreen
    @(126.7000 mm, 90.7300 mm): Pad 15 [<no net>] of U3 on F.Cu
[silk_over_copper]: Silkscreen clipped by solder mask
    Local override; warning
    @(118.2500 mm, 86.0000 mm): Rectangle of U3 on F.Silkscreen
    @(126.7000 mm, 89.4600 mm): Pad 16 [<no net>] of U3 on F.Cu
[silk_over_copper]: Silkscreen clipped by solder mask
    Local override; warning
    @(118.2500 mm, 86.0000 mm): Rectangle of U3 on F.Silkscreen
    @(126.7000 mm, 88.1900 mm): Pad 17 [<no net>] of U3 on F.Cu
[silk_over_copper]: Silkscreen clipped by solder mask
    Local override; warning
    @(118.2500 mm, 86.0000 mm): Rectangle of U3 on F.Silkscreen
    @(126.7000 mm, 86.9200 mm): Pad 18 [+3V3] of U3 on F.Cu
[silk_over_copper]: Silkscreen clipped by solder mask
    Local override; warning
    @(118.2500 mm, 86.0000 mm): Rectangle of U3 on F.Silkscreen
    @(117.3000 mm, 86.9200 mm): Pad 1 [IOX_SCL] of U3 on F.Cu
[silk_over_copper]: Silkscreen clipped by solder mask
    Local override; warning
    @(118.2500 mm, 86.0000 mm): Rectangle of U3 on F.Silkscreen
    @(117.3000 mm, 88.1900 mm): Pad 2 [IOX_SDA] of U3 on F.Cu
[silk_over_copper]: Silkscreen clipped by solder mask
    Local override; warning
    @(118.2500 mm, 86.0000 mm): Rectangle of U3 on F.Silkscreen
    @(117.3000 mm, 89.4600 mm): Pad 3 [GND] of U3 on F.Cu
[silk_over_copper]: Silkscreen clipped by solder mask
    Local override; warning
    @(118.2500 mm, 86.0000 mm): Rectangle of U3 on F.Silkscreen
    @(117.3000 mm, 90.7300 mm): Pad 4 [GND] of U3 on F.Cu
[silk_over_copper]: Silkscreen clipped by solder mask
    Local override; warning
    @(118.2500 mm, 86.0000 mm): Rectangle of U3 on F.Silkscreen
    @(117.3000 mm, 92.0000 mm): Pad 5 [GND] of U3 on F.Cu
[silk_over_copper]: Silkscreen clipped by solder mask
    Local override; warning
    @(118.2500 mm, 86.0000 mm): Rectangle of U3 on F.Silkscreen
    @(117.3000 mm, 93.2700 mm): Pad 6 [+3V3] of U3 on F.Cu
[silk_over_copper]: Silkscreen clipped by solder mask
    Local override; warning
    @(118.2500 mm, 86.0000 mm): Rectangle of U3 on F.Silkscreen
    @(117.3000 mm, 94.5400 mm): Pad 7 [<no net>] of U3 on F.Cu
[silk_over_copper]: Silkscreen clipped by solder mask
    Local override; warning
    @(118.2500 mm, 86.0000 mm): Rectangle of U3 on F.Silkscreen
    @(117.3000 mm, 95.8100 mm): Pad 8 [IOX_INT] of U3 on F.Cu
[silk_over_copper]: Silkscreen clipped by solder mask
    Local override; warning
    @(118.2500 mm, 86.0000 mm): Rectangle of U3 on F.Silkscreen
    @(117.3000 mm, 97.0800 mm): Pad 9 [GND] of U3 on F.Cu
[silk_over_copper]: Silkscreen clipped by solder mask
    Local override; warning
    @(128.0000 mm, 97.5000 mm): Reference field of J4
    @(126.7000 mm, 97.0800 mm): Pad 10 [LCD_CS] of U3 on F.Cu
[silk_over_copper]: Silkscreen clipped by solder mask
    Local override; warning
    @(117.4000 mm, 100.2000 mm): Rectangle of C4 on F.Silkscreen
    @(120.0000 mm, 101.0000 mm): Pad 2 [GND] of C4 on F.Cu
[silk_over_copper]: Silkscreen clipped by solder mask
    Local override; warning
    @(117.4000 mm, 100.2000 mm): Rectangle of C4 on F.Silkscreen
    @(118.0000 mm, 101.0000 mm): Pad 1 [+3V3] of C4 on F.Cu
[silk_over_copper]: Silkscreen clipped by solder mask
    Local override; warning
    @(114.4000 mm, 82.2000 mm): Rectangle of C5 on F.Silkscreen
    @(117.0000 mm, 83.0000 mm): Pad 2 [GND] of C5 on F.Cu
[silk_over_copper]: Silkscreen clipped by solder mask
    Local override; warning
    @(114.4000 mm, 82.2000 mm): Rectangle of C5 on F.Silkscreen
    @(115.0000 mm, 83.0000 mm): Pad 1 [EN] of C5 on F.Cu
[lib_footprint_issues]: The current configuration does not include the footprint library 'Espressif'
    Local override; warning
    @(0.0000 mm, 0.0000 mm): Footprint U1
[lib_footprint_issues]: The current configuration does not include the footprint library 'AH'
    Local override; warning
    @(0.0000 mm, 0.0000 mm): Footprint J1
[lib_footprint_issues]: The current configuration does not include the footprint library 'AH'
    Local override; warning
    @(0.0000 mm, 0.0000 mm): Footprint J2
[lib_footprint_issues]: The current configuration does not include the footprint library 'AH'
    Local override; warning
    @(0.0000 mm, 0.0000 mm): Footprint U3
[lib_footprint_issues]: The current configuration does not include the footprint library 'AH'
    Local override; warning
    @(0.0000 mm, 0.0000 mm): Footprint J4
[lib_footprint_issues]: The current configuration does not include the footprint library 'AH'
    Local override; warning
    @(0.0000 mm, 0.0000 mm): Footprint J5
[lib_footprint_issues]: The current configuration does not include the footprint library 'Connector_USB'
    Local override; warning
    @(0.0000 mm, 0.0000 mm): Footprint J3
[lib_footprint_issues]: The current configuration does not include the footprint library 'AH'
    Local override; warning
    @(0.0000 mm, 0.0000 mm): Footprint U2
[lib_footprint_issues]: The current configuration does not include the footprint library 'AH'
    Local override; warning
    @(0.0000 mm, 0.0000 mm): Footprint L1
[lib_footprint_issues]: The current configuration does not include the footprint library 'AH'
    Local override; warning
    @(0.0000 mm, 0.0000 mm): Footprint C1
[lib_footprint_issues]: The current configuration does not include the footprint library 'AH'
    Local override; warning
    @(0.0000 mm, 0.0000 mm): Footprint C2
[lib_footprint_issues]: The current configuration does not include the footprint library 'AH'
    Local override; warning
    @(0.0000 mm, 0.0000 mm): Footprint C3
[lib_footprint_issues]: The current configuration does not include the footprint library 'AH'
    Local override; warning
    @(0.0000 mm, 0.0000 mm): Footprint C4
[lib_footprint_issues]: The current configuration does not include the footprint library 'AH'
    Local override; warning
    @(0.0000 mm, 0.0000 mm): Footprint R1
[lib_footprint_issues]: The current configuration does not include the footprint library 'AH'
    Local override; warning
    @(0.0000 mm, 0.0000 mm): Footprint R2
[lib_footprint_issues]: The current configuration does not include the footprint library 'AH'
    Local override; warning
    @(0.0000 mm, 0.0000 mm): Footprint R3
[lib_footprint_issues]: The current configuration does not include the footprint library 'AH'
    Local override; warning
    @(0.0000 mm, 0.0000 mm): Footprint R4
[lib_footprint_issues]: The current configuration does not include the footprint library 'AH'
    Local override; warning
    @(0.0000 mm, 0.0000 mm): Footprint R5
[lib_footprint_issues]: The current configuration does not include the footprint library 'AH'
    Local override; warning
    @(0.0000 mm, 0.0000 mm): Footprint C5
[lib_footprint_issues]: The current configuration does not include the footprint library 'AH'
    Local override; warning
    @(0.0000 mm, 0.0000 mm): Footprint J6
[lib_footprint_issues]: The current configuration does not include the footprint library 'AH'
    Local override; warning
    @(0.0000 mm, 0.0000 mm): Footprint J7
[lib_footprint_issues]: The current configuration does not include the footprint library 'AH'
    Local override; warning
    @(0.0000 mm, 0.0000 mm): Footprint H45
[lib_footprint_issues]: The current configuration does not include the footprint library 'AH'
    Local override; warning
    @(0.0000 mm, 0.0000 mm): Footprint H135
[lib_footprint_issues]: The current configuration does not include the footprint library 'AH'
    Local override; warning
    @(0.0000 mm, 0.0000 mm): Footprint H225
[lib_footprint_issues]: The current configuration does not include the footprint library 'AH'
    Local override; warning
    @(0.0000 mm, 0.0000 mm): Footprint H315
[hole_to_hole]: Drilled hole too close to other hole (board setup constraints min 0.2500 mm; actual 0.2000 mm)
    Rule: board setup constraints; warning
    @(95.2500 mm, 106.8000 mm): Via [LCD_VS] on F.Cu - B.Cu
    @(95.7500 mm, 106.8000 mm): Via [LCD_HS] on F.Cu - B.Cu
[hole_to_hole]: Drilled hole too close to other hole (board setup constraints min 0.2500 mm; actual 0.2000 mm)
    Rule: board setup constraints; warning
    @(96.2500 mm, 106.8000 mm): Via [LCD_PCLK] on F.Cu - B.Cu
    @(95.7500 mm, 106.8000 mm): Via [LCD_HS] on F.Cu - B.Cu
[hole_to_hole]: Drilled hole too close to other hole (board setup constraints min 0.2500 mm; actual 0.2000 mm)
    Rule: board setup constraints; warning
    @(96.7500 mm, 106.8000 mm): Via [LCD_DE] on F.Cu - B.Cu
    @(96.2500 mm, 106.8000 mm): Via [LCD_PCLK] on F.Cu - B.Cu
[hole_to_hole]: Drilled hole too close to other hole (board setup constraints min 0.2500 mm; actual 0.2000 mm)
    Rule: board setup constraints; warning
    @(97.7500 mm, 106.8000 mm): Via [LCD_D0] on F.Cu - B.Cu
    @(98.2500 mm, 106.8000 mm): Via [LCD_D1] on F.Cu - B.Cu
[hole_to_hole]: Drilled hole too close to other hole (board setup constraints min 0.2500 mm; actual 0.2000 mm)
    Rule: board setup constraints; warning
    @(98.7500 mm, 106.8000 mm): Via [LCD_D2] on F.Cu - B.Cu
    @(98.2500 mm, 106.8000 mm): Via [LCD_D1] on F.Cu - B.Cu
[hole_to_hole]: Drilled hole too close to other hole (board setup constraints min 0.2500 mm; actual 0.2000 mm)
    Rule: board setup constraints; warning
    @(99.2500 mm, 106.8000 mm): Via [LCD_D3] on F.Cu - B.Cu
    @(98.7500 mm, 106.8000 mm): Via [LCD_D2] on F.Cu - B.Cu
[hole_to_hole]: Drilled hole too close to other hole (board setup constraints min 0.2500 mm; actual 0.2000 mm)
    Rule: board setup constraints; warning
    @(99.2500 mm, 106.8000 mm): Via [LCD_D3] on F.Cu - B.Cu
    @(99.7500 mm, 106.8000 mm): Via [LCD_D4] on F.Cu - B.Cu
[hole_to_hole]: Drilled hole too close to other hole (board setup constraints min 0.2500 mm; actual 0.2000 mm)
    Rule: board setup constraints; warning
    @(100.2500 mm, 106.8000 mm): Via [LCD_D5] on F.Cu - B.Cu
    @(99.7500 mm, 106.8000 mm): Via [LCD_D4] on F.Cu - B.Cu
[hole_to_hole]: Drilled hole too close to other hole (board setup constraints min 0.2500 mm; actual 0.2425 mm)
    Rule: board setup constraints; warning
    @(100.8000 mm, 81.5000 mm): Via [GND] on F.Cu - B.Cu
    @(100.2500 mm, 81.3600 mm): Via [LCD_D5] on F.Cu - B.Cu
[hole_to_hole]: Drilled hole too close to other hole (board setup constraints min 0.2500 mm; actual 0.2000 mm)
    Rule: board setup constraints; warning
    @(100.7500 mm, 106.8000 mm): Via [LCD_D6] on F.Cu - B.Cu
    @(100.2500 mm, 106.8000 mm): Via [LCD_D5] on F.Cu - B.Cu
[hole_to_hole]: Drilled hole too close to other hole (board setup constraints min 0.2500 mm; actual 0.2000 mm)
    Rule: board setup constraints; warning
    @(100.7500 mm, 106.8000 mm): Via [LCD_D6] on F.Cu - B.Cu
    @(101.2500 mm, 106.8000 mm): Via [LCD_D7] on F.Cu - B.Cu
[hole_to_hole]: Drilled hole too close to other hole (board setup constraints min 0.2500 mm; actual 0.2000 mm)
    Rule: board setup constraints; warning
    @(101.7500 mm, 106.8000 mm): Via [LCD_D8] on F.Cu - B.Cu
    @(101.2500 mm, 106.8000 mm): Via [LCD_D7] on F.Cu - B.Cu
[hole_to_hole]: Drilled hole too close to other hole (board setup constraints min 0.2500 mm; actual 0.2000 mm)
    Rule: board setup constraints; warning
    @(101.7500 mm, 106.8000 mm): Via [LCD_D8] on F.Cu - B.Cu
    @(102.2500 mm, 106.8000 mm): Via [LCD_D9] on F.Cu - B.Cu
[hole_to_hole]: Drilled hole too close to other hole (board setup constraints min 0.2500 mm; actual 0.2000 mm)
    Rule: board setup constraints; warning
    @(102.7500 mm, 106.8000 mm): Via [LCD_D10] on F.Cu - B.Cu
    @(102.2500 mm, 106.8000 mm): Via [LCD_D9] on F.Cu - B.Cu
[hole_to_hole]: Drilled hole too close to other hole (board setup constraints min 0.2500 mm; actual 0.2000 mm)
    Rule: board setup constraints; warning
    @(103.7500 mm, 106.8000 mm): Via [LCD_D11] on F.Cu - B.Cu
    @(104.2500 mm, 106.8000 mm): Via [LCD_D12] on F.Cu - B.Cu
[hole_to_hole]: Drilled hole too close to other hole (board setup constraints min 0.2500 mm; actual 0.2000 mm)
    Rule: board setup constraints; warning
    @(104.7500 mm, 106.8000 mm): Via [LCD_D13] on F.Cu - B.Cu
    @(104.2500 mm, 106.8000 mm): Via [LCD_D12] on F.Cu - B.Cu
[hole_to_hole]: Drilled hole too close to other hole (board setup constraints min 0.2500 mm; actual 0.2000 mm)
    Rule: board setup constraints; warning
    @(105.2500 mm, 106.8000 mm): Via [LCD_D14] on F.Cu - B.Cu
    @(104.7500 mm, 106.8000 mm): Via [LCD_D13] on F.Cu - B.Cu
[hole_to_hole]: Drilled hole too close to other hole (board setup constraints min 0.2500 mm; actual 0.2000 mm)
    Rule: board setup constraints; warning
    @(105.2500 mm, 106.8000 mm): Via [LCD_D14] on F.Cu - B.Cu
    @(105.7500 mm, 106.8000 mm): Via [LCD_D15] on F.Cu - B.Cu
[hole_to_hole]: Drilled hole too close to other hole (board setup constraints min 0.2500 mm; actual 0.2000 mm)
    Rule: board setup constraints; warning
    @(106.7500 mm, 106.0000 mm): Via [LCD_CS] on F.Cu - B.Cu
    @(106.2500 mm, 106.0000 mm): Via [LCD_RST] on F.Cu - B.Cu
[holes_co_located]: Drilled holes co-located
    Local override; warning
    @(74.2700 mm, 112.0000 mm): Via [LED_A] on F.Cu - B.Cu
    @(74.2700 mm, 112.0000 mm): PTH pad 3 [LED_A] of J5
[hole_to_hole]: Drilled hole too close to other hole (board setup constraints min 0.2500 mm; actual 0.2000 mm)
    Rule: board setup constraints; warning
    @(90.7500 mm, 106.5000 mm): Via [LED_A] on F.Cu - B.Cu
    @(90.2500 mm, 106.5000 mm): Via [LED_K] on F.Cu - B.Cu
[holes_co_located]: Drilled holes co-located
    Local override; warning
    @(76.8100 mm, 112.0000 mm): PTH pad 4 [LED_K] of J5
    @(76.8100 mm, 112.0000 mm): Via [LED_K] on F.Cu - B.Cu
[hole_to_hole]: Drilled hole too close to other hole (board setup constraints min 0.2500 mm; actual 0.2250 mm)
    Rule: board setup constraints; warning
    @(128.0000 mm, 103.0000 mm): PTH pad 2 [GND] of J4
    @(128.8000 mm, 103.0000 mm): Via [GND] on F.Cu - B.Cu
[hole_to_hole]: Drilled hole too close to other hole (board setup constraints min 0.2500 mm; actual 0.2250 mm)
    Rule: board setup constraints; warning
    @(128.8000 mm, 109.0000 mm): Via [GND] on F.Cu - B.Cu
    @(128.0000 mm, 109.0000 mm): PTH pad 5 [GND] of J4
[hole_to_hole]: Drilled hole too close to other hole (board setup constraints min 0.2500 mm; actual 0.2250 mm)
    Rule: board setup constraints; warning
    @(115.5300 mm, 72.0000 mm): Via [GND] on F.Cu - B.Cu
    @(114.7300 mm, 72.0000 mm): PTH pad 1 [BOOT] of J6
[hole_to_hole]: Drilled hole too close to other hole (board setup constraints min 0.2500 mm; actual 0.2250 mm)
    Rule: board setup constraints; warning
    @(118.0700 mm, 72.0000 mm): Via [GND] on F.Cu - B.Cu
    @(117.2700 mm, 72.0000 mm): PTH pad 2 [GND] of J6
[hole_to_hole]: Drilled hole too close to other hole (board setup constraints min 0.2500 mm; actual 0.2250 mm)
    Rule: board setup constraints; warning
    @(115.5300 mm, 77.0000 mm): Via [GND] on F.Cu - B.Cu
    @(114.7300 mm, 77.0000 mm): PTH pad 1 [EN] of J7
[hole_to_hole]: Drilled hole too close to other hole (board setup constraints min 0.2500 mm; actual 0.2250 mm)
    Rule: board setup constraints; warning
    @(118.0700 mm, 77.0000 mm): Via [GND] on F.Cu - B.Cu
    @(117.2700 mm, 77.0000 mm): PTH pad 2 [GND] of J7
[hole_to_hole]: Drilled hole too close to other hole (board setup constraints min 0.2500 mm; actual 0.2250 mm)
    Rule: board setup constraints; warning
    @(128.0000 mm, 103.0000 mm): PTH pad 2 [GND] of J4
    @(128.8000 mm, 103.0000 mm): Via [GND] on F.Cu - B.Cu
[hole_to_hole]: Drilled hole too close to other hole (board setup constraints min 0.2500 mm; actual 0.2250 mm)
    Rule: board setup constraints; warning
    @(128.8000 mm, 109.0000 mm): Via [GND] on F.Cu - B.Cu
    @(128.0000 mm, 109.0000 mm): PTH pad 5 [GND] of J4
[holes_co_located]: Drilled holes co-located
    Local override; warning
    @(74.2700 mm, 112.0000 mm): Via [LED_A] on F.Cu - B.Cu
    @(74.2700 mm, 112.0000 mm): PTH pad 3 [LED_A] of J5
[holes_co_located]: Drilled holes co-located
    Local override; warning
    @(76.8100 mm, 112.0000 mm): PTH pad 4 [LED_K] of J5
    @(76.8100 mm, 112.0000 mm): Via [LED_K] on F.Cu - B.Cu
[hole_to_hole]: Drilled hole too close to other hole (board setup constraints min 0.2500 mm; actual 0.2250 mm)
    Rule: board setup constraints; warning
    @(115.5300 mm, 72.0000 mm): Via [GND] on F.Cu - B.Cu
    @(114.7300 mm, 72.0000 mm): PTH pad 1 [BOOT] of J6
[hole_to_hole]: Drilled hole too close to other hole (board setup constraints min 0.2500 mm; actual 0.2250 mm)
    Rule: board setup constraints; warning
    @(118.0700 mm, 72.0000 mm): Via [GND] on F.Cu - B.Cu
    @(117.2700 mm, 72.0000 mm): PTH pad 2 [GND] of J6
[hole_to_hole]: Drilled hole too close to other hole (board setup constraints min 0.2500 mm; actual 0.2250 mm)
    Rule: board setup constraints; warning
    @(115.5300 mm, 77.0000 mm): Via [GND] on F.Cu - B.Cu
    @(114.7300 mm, 77.0000 mm): PTH pad 1 [EN] of J7
[hole_to_hole]: Drilled hole too close to other hole (board setup constraints min 0.2500 mm; actual 0.2250 mm)
    Rule: board setup constraints; warning
    @(118.0700 mm, 77.0000 mm): Via [GND] on F.Cu - B.Cu
    @(117.2700 mm, 77.0000 mm): PTH pad 2 [GND] of J7
[silk_edge_clearance]: Silkscreen clipped by board edge
    Rule: board setup constraints silk; warning
    @(100.0000 mm, 100.0000 mm): Circle on Edge.Cuts
    @(91.0000 mm, 66.2500 mm): Rectangle of U1 on F.Silkscreen
[silk_edge_clearance]: Silkscreen clipped by board edge
    Rule: board setup constraints silk; warning
    @(100.0000 mm, 100.0000 mm): Circle on Edge.Cuts
    @(67.0000 mm, 109.5000 mm): Rectangle of J5 on F.Silkscreen
[silk_edge_clearance]: Silkscreen clipped by board edge
    Rule: board setup constraints silk; warning
    @(100.0000 mm, 100.0000 mm): Circle on Edge.Cuts
    @(80.0000 mm, 127.7000 mm): Reference field of C1
[silk_edge_clearance]: Silkscreen clipped by board edge
    Rule: board setup constraints silk; warning
    @(100.0000 mm, 100.0000 mm): Circle on Edge.Cuts
    @(113.0000 mm, 70.0000 mm): Rectangle of J6 on F.Silkscreen
[silk_edge_clearance]: Silkscreen clipped by board edge
    Rule: board setup constraints silk; warning
    @(100.0000 mm, 100.0000 mm): Circle on Edge.Cuts
    @(78.7870 mm, 74.7870 mm): Reference field of H225
[silk_edge_clearance]: Silkscreen clipped by board edge
    Rule: board setup constraints silk; warning
    @(100.0000 mm, 100.0000 mm): Circle on Edge.Cuts
    @(121.2130 mm, 74.7870 mm): Reference field of H315
[via_dangling]: Via is not connected or connected on only one layer
    Local override; warning
    @(88.0000 mm, 105.0000 mm): Via [+3V3] on F.Cu - B.Cu
[track_dangling]: Track has unconnected end
    Local override; warning
    @(81.5000 mm, 124.8000 mm): Track [GND] on F.Cu, length 0.8000 mm

** Found 1 unconnected pads **
[unconnected_items]: Missing connection between items
    Local override; error
    @(84.8000 mm, 126.0000 mm): Track [GND] on In2.Cu, length 33.7615 mm
    @(85.5000 mm, 127.2000 mm): Pad 5 [GND] of U2 on F.Cu

** Found 0 Footprint errors **

** Ignored checks **
    - Footprint has no courtyard defined
    - Track endpoint not centered on via
    - Tuning profile track geometries
    - Footprint doesn't match symbol's footprint filters
    - Footprint component type doesn't match footprint pads

** End of Report **
