solid OpenSCAD_Model
  facet normal 0.999465 -0.0327073 0
    outer loop
      vertex 33.4283 -2.191 2.5
      vertex 33.5 0 0
      vertex 33.5 0 2.5
    endloop
  endfacet
  facet normal 0.999465 -0.0327073 0
    outer loop
      vertex 33.5 0 0
      vertex 33.4283 -2.191 2.5
      vertex 33.4283 -2.191 0
    endloop
  endfacet
  facet normal 0.995183 0.0980299 0
    outer loop
      vertex 33.4283 2.191 2.5
      vertex 33.2134 4.37263 0
      vertex 33.2134 4.37263 2.5
    endloop
  endfacet
  facet normal 0.995183 0.0980299 0
    outer loop
      vertex 33.2134 4.37263 0
      vertex 33.4283 2.191 2.5
      vertex 33.4283 2.191 0
    endloop
  endfacet
  facet normal 0.999465 0.0327073 0
    outer loop
      vertex 33.5 0 2.5
      vertex 33.4283 2.191 0
      vertex 33.4283 2.191 2.5
    endloop
  endfacet
  facet normal 0.999465 0.0327073 0
    outer loop
      vertex 33.4283 2.191 0
      vertex 33.5 0 2.5
      vertex 33.5 0 0
    endloop
  endfacet
  facet normal -0.973876 0.22708 0
    outer loop
      vertex -32.8563 6.53553 0
      vertex -32.3585 8.67044 2.5
      vertex -32.3585 8.67044 0
    endloop
  endfacet
  facet normal -0.973876 0.22708 0
    outer loop
      vertex -32.3585 8.67044 2.5
      vertex -32.8563 6.53553 0
      vertex -32.8563 6.53553 2.5
    endloop
  endfacet
  facet normal -0.881935 0.471372 0
    outer loop
      vertex -30.0452 14.8167 0
      vertex -29.0119 16.75 2.5
      vertex -29.0119 16.75 0
    endloop
  endfacet
  facet normal -0.881935 0.471372 0
    outer loop
      vertex -29.0119 16.75 2.5
      vertex -30.0452 14.8167 0
      vertex -30.0452 14.8167 2.5
    endloop
  endfacet
  facet normal -0.973876 -0.22708 0
    outer loop
      vertex -32.3585 -8.67044 0
      vertex -32.8563 -6.53553 2.5
      vertex -32.8563 -6.53553 0
    endloop
  endfacet
  facet normal -0.973876 -0.22708 0
    outer loop
      vertex -32.8563 -6.53553 2.5
      vertex -32.3585 -8.67044 0
      vertex -32.3585 -8.67044 2.5
    endloop
  endfacet
  facet normal 0.0980299 0.995183 -0
    outer loop
      vertex 4.37263 33.2134 0
      vertex 2.191 33.4283 2.5
      vertex 4.37263 33.2134 2.5
    endloop
  endfacet
  facet normal 0.0980299 0.995183 0
    outer loop
      vertex 2.191 33.4283 2.5
      vertex 4.37263 33.2134 0
      vertex 2.191 33.4283 0
    endloop
  endfacet
  facet normal -0.729879 -0.683577 0
    outer loop
      vertex -23.6881 -23.6881 0
      vertex -25.1866 -22.0881 2.5
      vertex -25.1866 -22.0881 0
    endloop
  endfacet
  facet normal -0.729879 -0.683577 0
    outer loop
      vertex -25.1866 -22.0881 2.5
      vertex -23.6881 -23.6881 0
      vertex -23.6881 -23.6881 2.5
    endloop
  endfacet
  facet normal 0.58248 0.812845 -0
    outer loop
      vertex 20.3935 26.5773 0
      vertex 18.6116 27.8542 2.5
      vertex 20.3935 26.5773 2.5
    endloop
  endfacet
  facet normal 0.58248 0.812845 0
    outer loop
      vertex 18.6116 27.8542 2.5
      vertex 20.3935 26.5773 0
      vertex 18.6116 27.8542 0
    endloop
  endfacet
  facet normal -0.812845 0.58248 0
    outer loop
      vertex -27.8542 18.6116 0
      vertex -26.5773 20.3935 2.5
      vertex -26.5773 20.3935 0
    endloop
  endfacet
  facet normal -0.812845 0.58248 0
    outer loop
      vertex -26.5773 20.3935 2.5
      vertex -27.8542 18.6116 0
      vertex -27.8542 18.6116 2.5
    endloop
  endfacet
  facet normal -0.683577 0.729879 0
    outer loop
      vertex -22.0881 25.1866 0
      vertex -23.6881 23.6881 2.5
      vertex -22.0881 25.1866 2.5
    endloop
  endfacet
  facet normal -0.683577 0.729879 0
    outer loop
      vertex -23.6881 23.6881 2.5
      vertex -22.0881 25.1866 0
      vertex -23.6881 23.6881 0
    endloop
  endfacet
  facet normal -0.986643 -0.162897 0
    outer loop
      vertex -32.8563 -6.53553 0
      vertex -33.2134 -4.37263 2.5
      vertex -33.2134 -4.37263 0
    endloop
  endfacet
  facet normal -0.986643 -0.162897 0
    outer loop
      vertex -33.2134 -4.37263 2.5
      vertex -32.8563 -6.53553 0
      vertex -32.8563 -6.53553 2.5
    endloop
  endfacet
  facet normal 0.471372 0.881935 -0
    outer loop
      vertex 16.75 29.0119 0
      vertex 14.8167 30.0452 2.5
      vertex 16.75 29.0119 2.5
    endloop
  endfacet
  facet normal 0.471372 0.881935 0
    outer loop
      vertex 14.8167 30.0452 2.5
      vertex 16.75 29.0119 0
      vertex 14.8167 30.0452 0
    endloop
  endfacet
  facet normal 0.162897 0.986643 -0
    outer loop
      vertex 6.53553 32.8563 0
      vertex 4.37263 33.2134 2.5
      vertex 6.53553 32.8563 2.5
    endloop
  endfacet
  facet normal 0.162897 0.986643 0
    outer loop
      vertex 4.37263 33.2134 2.5
      vertex 6.53553 32.8563 0
      vertex 4.37263 33.2134 0
    endloop
  endfacet
  facet normal -0.729879 0.683577 0
    outer loop
      vertex -25.1866 22.0881 0
      vertex -23.6881 23.6881 2.5
      vertex -23.6881 23.6881 0
    endloop
  endfacet
  facet normal -0.729879 0.683577 0
    outer loop
      vertex -23.6881 23.6881 2.5
      vertex -25.1866 22.0881 0
      vertex -25.1866 22.0881 2.5
    endloop
  endfacet
  facet normal 0.729879 -0.683577 0
    outer loop
      vertex 23.6881 -23.6881 2.5
      vertex 25.1866 -22.0881 0
      vertex 25.1866 -22.0881 2.5
    endloop
  endfacet
  facet normal 0.729879 -0.683577 0
    outer loop
      vertex 25.1866 -22.0881 0
      vertex 23.6881 -23.6881 2.5
      vertex 23.6881 -23.6881 0
    endloop
  endfacet
  facet normal -0.352248 0.935907 0
    outer loop
      vertex -10.7682 31.7222 0
      vertex -12.8199 30.95 2.5
      vertex -10.7682 31.7222 2.5
    endloop
  endfacet
  facet normal -0.352248 0.935907 0
    outer loop
      vertex -12.8199 30.95 2.5
      vertex -10.7682 31.7222 0
      vertex -12.8199 30.95 0
    endloop
  endfacet
  facet normal 0.973876 -0.22708 0
    outer loop
      vertex 32.3585 -8.67044 2.5
      vertex 32.8563 -6.53553 0
      vertex 32.8563 -6.53553 2.5
    endloop
  endfacet
  facet normal 0.973876 -0.22708 0
    outer loop
      vertex 32.8563 -6.53553 0
      vertex 32.3585 -8.67044 2.5
      vertex 32.3585 -8.67044 0
    endloop
  endfacet
  facet normal -0.849185 -0.528095 0
    outer loop
      vertex -27.8542 -18.6116 0
      vertex -29.0119 -16.75 2.5
      vertex -29.0119 -16.75 0
    endloop
  endfacet
  facet normal -0.849185 -0.528095 0
    outer loop
      vertex -29.0119 -16.75 2.5
      vertex -27.8542 -18.6116 0
      vertex -27.8542 -18.6116 2.5
    endloop
  endfacet
  facet normal 0.0327073 0.999465 -0
    outer loop
      vertex 2.191 33.4283 0
      vertex 0 33.5 2.5
      vertex 2.191 33.4283 2.5
    endloop
  endfacet
  facet normal 0.0327073 0.999465 0
    outer loop
      vertex 0 33.5 2.5
      vertex 2.191 33.4283 0
      vertex 0 33.5 0
    endloop
  endfacet
  facet normal -0.0980299 0.995183 0
    outer loop
      vertex -2.191 33.4283 0
      vertex -4.37263 33.2134 2.5
      vertex -2.191 33.4283 2.5
    endloop
  endfacet
  facet normal -0.0980299 0.995183 0
    outer loop
      vertex -4.37263 33.2134 2.5
      vertex -2.191 33.4283 0
      vertex -4.37263 33.2134 0
    endloop
  endfacet
  facet normal 0.773015 -0.634387 0
    outer loop
      vertex 25.1866 -22.0881 2.5
      vertex 26.5773 -20.3935 0
      vertex 26.5773 -20.3935 2.5
    endloop
  endfacet
  facet normal 0.773015 -0.634387 0
    outer loop
      vertex 26.5773 -20.3935 0
      vertex 25.1866 -22.0881 2.5
      vertex 25.1866 -22.0881 0
    endloop
  endfacet
  facet normal -0.41273 0.910853 0
    outer loop
      vertex -12.8199 30.95 0
      vertex -14.8167 30.0452 2.5
      vertex -12.8199 30.95 2.5
    endloop
  endfacet
  facet normal -0.41273 0.910853 0
    outer loop
      vertex -14.8167 30.0452 2.5
      vertex -12.8199 30.95 0
      vertex -14.8167 30.0452 0
    endloop
  endfacet
  facet normal 0.58248 -0.812845 0
    outer loop
      vertex 18.6116 -27.8542 0
      vertex 20.3935 -26.5773 2.5
      vertex 18.6116 -27.8542 2.5
    endloop
  endfacet
  facet normal 0.58248 -0.812845 0
    outer loop
      vertex 20.3935 -26.5773 2.5
      vertex 18.6116 -27.8542 0
      vertex 20.3935 -26.5773 0
    endloop
  endfacet
  facet normal 0.683577 0.729879 -0
    outer loop
      vertex 23.6881 23.6881 0
      vertex 22.0881 25.1866 2.5
      vertex 23.6881 23.6881 2.5
    endloop
  endfacet
  facet normal 0.683577 0.729879 0
    outer loop
      vertex 22.0881 25.1866 2.5
      vertex 23.6881 23.6881 0
      vertex 22.0881 25.1866 0
    endloop
  endfacet
  facet normal 0.528095 -0.849185 0
    outer loop
      vertex 16.75 -29.0119 0
      vertex 18.6116 -27.8542 2.5
      vertex 16.75 -29.0119 2.5
    endloop
  endfacet
  facet normal 0.528095 -0.849185 0
    outer loop
      vertex 18.6116 -27.8542 2.5
      vertex 16.75 -29.0119 0
      vertex 18.6116 -27.8542 0
    endloop
  endfacet
  facet normal -0.812845 -0.58248 0
    outer loop
      vertex -26.5773 -20.3935 0
      vertex -27.8542 -18.6116 2.5
      vertex -27.8542 -18.6116 0
    endloop
  endfacet
  facet normal -0.812845 -0.58248 0
    outer loop
      vertex -27.8542 -18.6116 2.5
      vertex -26.5773 -20.3935 0
      vertex -26.5773 -20.3935 2.5
    endloop
  endfacet
  facet normal -0.22708 0.973876 0
    outer loop
      vertex -6.53553 32.8563 0
      vertex -8.67044 32.3585 2.5
      vertex -6.53553 32.8563 2.5
    endloop
  endfacet
  facet normal -0.22708 0.973876 0
    outer loop
      vertex -8.67044 32.3585 2.5
      vertex -6.53553 32.8563 0
      vertex -8.67044 32.3585 0
    endloop
  endfacet
  facet normal 0.290264 -0.956946 0
    outer loop
      vertex 8.67044 -32.3585 0
      vertex 10.7682 -31.7222 2.5
      vertex 8.67044 -32.3585 2.5
    endloop
  endfacet
  facet normal 0.290264 -0.956946 0
    outer loop
      vertex 10.7682 -31.7222 2.5
      vertex 8.67044 -32.3585 0
      vertex 10.7682 -31.7222 0
    endloop
  endfacet
  facet normal -0.910853 -0.41273 0
    outer loop
      vertex -30.0452 -14.8167 0
      vertex -30.95 -12.8199 2.5
      vertex -30.95 -12.8199 0
    endloop
  endfacet
  facet normal -0.910853 -0.41273 0
    outer loop
      vertex -30.95 -12.8199 2.5
      vertex -30.0452 -14.8167 0
      vertex -30.0452 -14.8167 2.5
    endloop
  endfacet
  facet normal 0.995183 -0.0980299 0
    outer loop
      vertex 33.2134 -4.37263 2.5
      vertex 33.4283 -2.191 0
      vertex 33.4283 -2.191 2.5
    endloop
  endfacet
  facet normal 0.995183 -0.0980299 0
    outer loop
      vertex 33.4283 -2.191 0
      vertex 33.2134 -4.37263 2.5
      vertex 33.2134 -4.37263 0
    endloop
  endfacet
  facet normal 0.956951 0.290249 0
    outer loop
      vertex 31.7222 10.7682 2.5
      vertex 31.9552 10 1.25
      vertex 31.7222 10.7682 0
    endloop
  endfacet
  facet normal 0.956946 0.290264 -1.00651e-05
    outer loop
      vertex 32.3585 8.67044 2.5
      vertex 31.9552 10 1.25
      vertex 31.7222 10.7682 2.5
    endloop
  endfacet
  facet normal 0.956941 0.290283 1.16585e-05
    outer loop
      vertex 31.9552 10 1.25
      vertex 32.3585 8.67044 2.5
      vertex 32.3 8.86334 1.25
    endloop
  endfacet
  facet normal 0.956962 0.290214 -0
    outer loop
      vertex 32.3585 8.67044 0
      vertex 32.3 8.86334 1.25
      vertex 32.3585 8.67044 2.5
    endloop
  endfacet
  facet normal 0.956962 0.290214 0
    outer loop
      vertex 32.3 8.86334 1.25
      vertex 32.3585 8.67044 0
      vertex 32.3 8.86334 0
    endloop
  endfacet
  facet normal 0.956951 0.290249 0
    outer loop
      vertex 31.7222 10.7682 0
      vertex 31.9552 10 1.25
      vertex 31.9552 10 0
    endloop
  endfacet
  facet normal 0.634387 -0.773015 0
    outer loop
      vertex 20.3935 -26.5773 0
      vertex 22.0881 -25.1866 2.5
      vertex 20.3935 -26.5773 2.5
    endloop
  endfacet
  facet normal 0.634387 -0.773015 0
    outer loop
      vertex 22.0881 -25.1866 2.5
      vertex 20.3935 -26.5773 0
      vertex 22.0881 -25.1866 0
    endloop
  endfacet
  facet normal -0.773015 0.634387 0
    outer loop
      vertex -26.5773 20.3935 0
      vertex -25.1866 22.0881 2.5
      vertex -25.1866 22.0881 0
    endloop
  endfacet
  facet normal -0.773015 0.634387 0
    outer loop
      vertex -25.1866 22.0881 2.5
      vertex -26.5773 20.3935 0
      vertex -26.5773 20.3935 2.5
    endloop
  endfacet
  facet normal 0.41273 -0.910853 0
    outer loop
      vertex 12.8199 -30.95 0
      vertex 14.8167 -30.0452 2.5
      vertex 12.8199 -30.95 2.5
    endloop
  endfacet
  facet normal 0.41273 -0.910853 0
    outer loop
      vertex 14.8167 -30.0452 2.5
      vertex 12.8199 -30.95 0
      vertex 14.8167 -30.0452 0
    endloop
  endfacet
  facet normal -0.471372 0.881935 0
    outer loop
      vertex -14.8167 30.0452 0
      vertex -16.75 29.0119 2.5
      vertex -14.8167 30.0452 2.5
    endloop
  endfacet
  facet normal -0.471372 0.881935 0
    outer loop
      vertex -16.75 29.0119 2.5
      vertex -14.8167 30.0452 0
      vertex -16.75 29.0119 0
    endloop
  endfacet
  facet normal -0.849185 0.528095 0
    outer loop
      vertex -29.0119 16.75 0
      vertex -27.8542 18.6116 2.5
      vertex -27.8542 18.6116 0
    endloop
  endfacet
  facet normal -0.849185 0.528095 0
    outer loop
      vertex -27.8542 18.6116 2.5
      vertex -29.0119 16.75 0
      vertex -29.0119 16.75 2.5
    endloop
  endfacet
  facet normal -0.227042 -0.973885 0
    outer loop
      vertex -8.67044 -32.3585 0
      vertex -8 -32.5148 2.5
      vertex -8.67044 -32.3585 2.5
    endloop
  endfacet
  facet normal -0.227042 -0.973885 -0
    outer loop
      vertex -8 -32.5148 2.5
      vertex -8.67044 -32.3585 0
      vertex -8 -32.5148 0
    endloop
  endfacet
  facet normal -0.290264 -0.956946 0
    outer loop
      vertex -10.7682 -31.7222 0
      vertex -8.67044 -32.3585 2.5
      vertex -10.7682 -31.7222 2.5
    endloop
  endfacet
  facet normal -0.290264 -0.956946 -0
    outer loop
      vertex -8.67044 -32.3585 2.5
      vertex -10.7682 -31.7222 0
      vertex -8.67044 -32.3585 0
    endloop
  endfacet
  facet normal -0.352248 -0.935907 0
    outer loop
      vertex -12.8199 -30.95 0
      vertex -10.7682 -31.7222 2.5
      vertex -12.8199 -30.95 2.5
    endloop
  endfacet
  facet normal -0.352248 -0.935907 -0
    outer loop
      vertex -10.7682 -31.7222 2.5
      vertex -12.8199 -30.95 0
      vertex -10.7682 -31.7222 0
    endloop
  endfacet
  facet normal 0.729879 0.683577 0
    outer loop
      vertex 25.1866 22.0881 2.5
      vertex 23.6881 23.6881 0
      vertex 23.6881 23.6881 2.5
    endloop
  endfacet
  facet normal 0.729879 0.683577 0
    outer loop
      vertex 23.6881 23.6881 0
      vertex 25.1866 22.0881 2.5
      vertex 25.1866 22.0881 0
    endloop
  endfacet
  facet normal 0.812845 -0.58248 0
    outer loop
      vertex 26.5773 -20.3935 2.5
      vertex 27.8542 -18.6116 0
      vertex 27.8542 -18.6116 2.5
    endloop
  endfacet
  facet normal 0.812845 -0.58248 0
    outer loop
      vertex 27.8542 -18.6116 0
      vertex 26.5773 -20.3935 2.5
      vertex 26.5773 -20.3935 0
    endloop
  endfacet
  facet normal 0.41273 0.910853 -0
    outer loop
      vertex 14.8167 30.0452 0
      vertex 12.8199 30.95 2.5
      vertex 14.8167 30.0452 2.5
    endloop
  endfacet
  facet normal 0.41273 0.910853 0
    outer loop
      vertex 12.8199 30.95 2.5
      vertex 14.8167 30.0452 0
      vertex 12.8199 30.95 0
    endloop
  endfacet
  facet normal 0.849185 0.528095 0
    outer loop
      vertex 29.0119 16.75 2.5
      vertex 27.8542 18.6116 0
      vertex 27.8542 18.6116 2.5
    endloop
  endfacet
  facet normal 0.849185 0.528095 0
    outer loop
      vertex 27.8542 18.6116 0
      vertex 29.0119 16.75 2.5
      vertex 29.0119 16.75 0
    endloop
  endfacet
  facet normal 0.881935 0.471372 0
    outer loop
      vertex 30.0452 14.8167 2.5
      vertex 29.0119 16.75 0
      vertex 29.0119 16.75 2.5
    endloop
  endfacet
  facet normal 0.881935 0.471372 0
    outer loop
      vertex 29.0119 16.75 0
      vertex 30.0452 14.8167 2.5
      vertex 30.0452 14.8167 0
    endloop
  endfacet
  facet normal 0.22708 0.973876 -0
    outer loop
      vertex 8.67044 32.3585 0
      vertex 6.53553 32.8563 2.5
      vertex 8.67044 32.3585 2.5
    endloop
  endfacet
  facet normal 0.22708 0.973876 0
    outer loop
      vertex 6.53553 32.8563 2.5
      vertex 8.67044 32.3585 0
      vertex 6.53553 32.8563 0
    endloop
  endfacet
  facet normal -0.999465 0.0327073 0
    outer loop
      vertex -33.5 0 0
      vertex -33.4283 2.191 2.5
      vertex -33.4283 2.191 0
    endloop
  endfacet
  facet normal -0.999465 0.0327073 0
    outer loop
      vertex -33.4283 2.191 2.5
      vertex -33.5 0 0
      vertex -33.5 0 2.5
    endloop
  endfacet
  facet normal 0.910853 0.41273 0
    outer loop
      vertex 30.95 12.8199 2.5
      vertex 30.0452 14.8167 0
      vertex 30.0452 14.8167 2.5
    endloop
  endfacet
  facet normal 0.910853 0.41273 0
    outer loop
      vertex 30.0452 14.8167 0
      vertex 30.95 12.8199 2.5
      vertex 30.95 12.8199 0
    endloop
  endfacet
  facet normal 0.528095 0.849185 -0
    outer loop
      vertex 18.6116 27.8542 0
      vertex 16.75 29.0119 2.5
      vertex 18.6116 27.8542 2.5
    endloop
  endfacet
  facet normal 0.528095 0.849185 0
    outer loop
      vertex 16.75 29.0119 2.5
      vertex 18.6116 27.8542 0
      vertex 16.75 29.0119 0
    endloop
  endfacet
  facet normal 0.352248 -0.935907 0
    outer loop
      vertex 10.7682 -31.7222 0
      vertex 12.8199 -30.95 2.5
      vertex 10.7682 -31.7222 2.5
    endloop
  endfacet
  facet normal 0.352248 -0.935907 0
    outer loop
      vertex 12.8199 -30.95 2.5
      vertex 10.7682 -31.7222 0
      vertex 12.8199 -30.95 0
    endloop
  endfacet
  facet normal 0.773015 0.634387 0
    outer loop
      vertex 26.5773 20.3935 2.5
      vertex 25.1866 22.0881 0
      vertex 25.1866 22.0881 2.5
    endloop
  endfacet
  facet normal 0.773015 0.634387 0
    outer loop
      vertex 25.1866 22.0881 0
      vertex 26.5773 20.3935 2.5
      vertex 26.5773 20.3935 0
    endloop
  endfacet
  facet normal 0.227042 -0.973885 0
    outer loop
      vertex 8 -32.5148 0
      vertex 8.67044 -32.3585 2.5
      vertex 8 -32.5148 2.5
    endloop
  endfacet
  facet normal 0.227042 -0.973885 0
    outer loop
      vertex 8.67044 -32.3585 2.5
      vertex 8 -32.5148 0
      vertex 8.67044 -32.3585 0
    endloop
  endfacet
  facet normal 0.956962 -0.290214 0
    outer loop
      vertex 32.3585 -8.67044 2.5
      vertex 32.3 -8.86334 1.25
      vertex 32.3585 -8.67044 0
    endloop
  endfacet
  facet normal 0.956941 -0.290283 1.16585e-05
    outer loop
      vertex 32.3585 -8.67044 2.5
      vertex 31.9552 -10 1.25
      vertex 32.3 -8.86334 1.25
    endloop
  endfacet
  facet normal 0.956946 -0.290264 -1.00651e-05
    outer loop
      vertex 31.7222 -10.7682 2.5
      vertex 31.9552 -10 1.25
      vertex 32.3585 -8.67044 2.5
    endloop
  endfacet
  facet normal 0.956951 -0.290249 0
    outer loop
      vertex 31.7222 -10.7682 0
      vertex 31.9552 -10 1.25
      vertex 31.7222 -10.7682 2.5
    endloop
  endfacet
  facet normal 0.956951 -0.290249 0
    outer loop
      vertex 31.9552 -10 1.25
      vertex 31.7222 -10.7682 0
      vertex 31.9552 -10 0
    endloop
  endfacet
  facet normal 0.956962 -0.290214 0
    outer loop
      vertex 32.3585 -8.67044 0
      vertex 32.3 -8.86334 1.25
      vertex 32.3 -8.86334 0
    endloop
  endfacet
  facet normal -0.162897 0.986643 0
    outer loop
      vertex -4.37263 33.2134 0
      vertex -6.53553 32.8563 2.5
      vertex -4.37263 33.2134 2.5
    endloop
  endfacet
  facet normal -0.162897 0.986643 0
    outer loop
      vertex -6.53553 32.8563 2.5
      vertex -4.37263 33.2134 0
      vertex -6.53553 32.8563 0
    endloop
  endfacet
  facet normal 0.935907 -0.352248 0
    outer loop
      vertex 30.95 -12.8199 2.5
      vertex 31.7222 -10.7682 0
      vertex 31.7222 -10.7682 2.5
    endloop
  endfacet
  facet normal 0.935907 -0.352248 0
    outer loop
      vertex 31.7222 -10.7682 0
      vertex 30.95 -12.8199 2.5
      vertex 30.95 -12.8199 0
    endloop
  endfacet
  facet normal -0.528095 0.849185 0
    outer loop
      vertex -16.75 29.0119 0
      vertex -18.6116 27.8542 2.5
      vertex -16.75 29.0119 2.5
    endloop
  endfacet
  facet normal -0.528095 0.849185 0
    outer loop
      vertex -18.6116 27.8542 2.5
      vertex -16.75 29.0119 0
      vertex -18.6116 27.8542 0
    endloop
  endfacet
  facet normal -0.290264 0.956946 0
    outer loop
      vertex -8.67044 32.3585 0
      vertex -10.7682 31.7222 2.5
      vertex -8.67044 32.3585 2.5
    endloop
  endfacet
  facet normal -0.290264 0.956946 0
    outer loop
      vertex -10.7682 31.7222 2.5
      vertex -8.67044 32.3585 0
      vertex -10.7682 31.7222 0
    endloop
  endfacet
  facet normal -0.58248 0.812845 0
    outer loop
      vertex -18.6116 27.8542 0
      vertex -20.3935 26.5773 2.5
      vertex -18.6116 27.8542 2.5
    endloop
  endfacet
  facet normal -0.58248 0.812845 0
    outer loop
      vertex -20.3935 26.5773 2.5
      vertex -18.6116 27.8542 0
      vertex -20.3935 26.5773 0
    endloop
  endfacet
  facet normal -0.986643 0.162897 0
    outer loop
      vertex -33.2134 4.37263 0
      vertex -32.8563 6.53553 2.5
      vertex -32.8563 6.53553 0
    endloop
  endfacet
  facet normal -0.986643 0.162897 0
    outer loop
      vertex -32.8563 6.53553 2.5
      vertex -33.2134 4.37263 0
      vertex -33.2134 4.37263 2.5
    endloop
  endfacet
  facet normal 0.471372 -0.881935 0
    outer loop
      vertex 14.8167 -30.0452 0
      vertex 16.75 -29.0119 2.5
      vertex 14.8167 -30.0452 2.5
    endloop
  endfacet
  facet normal 0.471372 -0.881935 0
    outer loop
      vertex 16.75 -29.0119 2.5
      vertex 14.8167 -30.0452 0
      vertex 16.75 -29.0119 0
    endloop
  endfacet
  facet normal -0.999465 -0.0327073 0
    outer loop
      vertex -33.4283 -2.191 0
      vertex -33.5 0 2.5
      vertex -33.5 0 0
    endloop
  endfacet
  facet normal -0.999465 -0.0327073 0
    outer loop
      vertex -33.5 0 2.5
      vertex -33.4283 -2.191 0
      vertex -33.4283 -2.191 2.5
    endloop
  endfacet
  facet normal -0.634387 0.773015 0
    outer loop
      vertex -20.3935 26.5773 0
      vertex -22.0881 25.1866 2.5
      vertex -20.3935 26.5773 2.5
    endloop
  endfacet
  facet normal -0.634387 0.773015 0
    outer loop
      vertex -22.0881 25.1866 2.5
      vertex -20.3935 26.5773 0
      vertex -22.0881 25.1866 0
    endloop
  endfacet
  facet normal 0.881935 -0.471372 0
    outer loop
      vertex 29.0119 -16.75 2.5
      vertex 30.0452 -14.8167 0
      vertex 30.0452 -14.8167 2.5
    endloop
  endfacet
  facet normal 0.881935 -0.471372 0
    outer loop
      vertex 30.0452 -14.8167 0
      vertex 29.0119 -16.75 2.5
      vertex 29.0119 -16.75 0
    endloop
  endfacet
  facet normal 0.849185 -0.528095 0
    outer loop
      vertex 27.8542 -18.6116 2.5
      vertex 29.0119 -16.75 0
      vertex 29.0119 -16.75 2.5
    endloop
  endfacet
  facet normal 0.849185 -0.528095 0
    outer loop
      vertex 29.0119 -16.75 0
      vertex 27.8542 -18.6116 2.5
      vertex 27.8542 -18.6116 0
    endloop
  endfacet
  facet normal 0.910853 -0.41273 0
    outer loop
      vertex 30.0452 -14.8167 2.5
      vertex 30.95 -12.8199 0
      vertex 30.95 -12.8199 2.5
    endloop
  endfacet
  facet normal 0.910853 -0.41273 0
    outer loop
      vertex 30.95 -12.8199 0
      vertex 30.0452 -14.8167 2.5
      vertex 30.0452 -14.8167 0
    endloop
  endfacet
  facet normal -0.471372 -0.881935 0
    outer loop
      vertex -16.75 -29.0119 0
      vertex -14.8167 -30.0452 2.5
      vertex -16.75 -29.0119 2.5
    endloop
  endfacet
  facet normal -0.471372 -0.881935 -0
    outer loop
      vertex -14.8167 -30.0452 2.5
      vertex -16.75 -29.0119 0
      vertex -14.8167 -30.0452 0
    endloop
  endfacet
  facet normal -0.956951 -0.290249 0
    outer loop
      vertex -31.9552 -10 0
      vertex -31.7222 -10.7682 0
      vertex -31.9552 -10 1.25
    endloop
  endfacet
  facet normal -0.956962 -0.290214 -0
    outer loop
      vertex -32.3 -8.86334 1.25
      vertex -32.3585 -8.67044 0
      vertex -32.3 -8.86334 0
    endloop
  endfacet
  facet normal -0.956962 -0.290214 0
    outer loop
      vertex -32.3585 -8.67044 0
      vertex -32.3 -8.86334 1.25
      vertex -32.3585 -8.67044 2.5
    endloop
  endfacet
  facet normal -0.956941 -0.290283 1.16585e-05
    outer loop
      vertex -31.9552 -10 1.25
      vertex -32.3585 -8.67044 2.5
      vertex -32.3 -8.86334 1.25
    endloop
  endfacet
  facet normal -0.956946 -0.290264 -1.00651e-05
    outer loop
      vertex -31.9552 -10 1.25
      vertex -31.7222 -10.7682 2.5
      vertex -32.3585 -8.67044 2.5
    endloop
  endfacet
  facet normal -0.956951 -0.290249 -0
    outer loop
      vertex -31.7222 -10.7682 2.5
      vertex -31.9552 -10 1.25
      vertex -31.7222 -10.7682 0
    endloop
  endfacet
  facet normal -0.881935 -0.471372 0
    outer loop
      vertex -29.0119 -16.75 0
      vertex -30.0452 -14.8167 2.5
      vertex -30.0452 -14.8167 0
    endloop
  endfacet
  facet normal -0.881935 -0.471372 0
    outer loop
      vertex -30.0452 -14.8167 2.5
      vertex -29.0119 -16.75 0
      vertex -29.0119 -16.75 2.5
    endloop
  endfacet
  facet normal -0.935907 -0.352248 0
    outer loop
      vertex -30.95 -12.8199 0
      vertex -31.7222 -10.7682 2.5
      vertex -31.7222 -10.7682 0
    endloop
  endfacet
  facet normal -0.935907 -0.352248 0
    outer loop
      vertex -31.7222 -10.7682 2.5
      vertex -30.95 -12.8199 0
      vertex -30.95 -12.8199 2.5
    endloop
  endfacet
  facet normal 0.973876 0.22708 0
    outer loop
      vertex 32.8563 6.53553 2.5
      vertex 32.3585 8.67044 0
      vertex 32.3585 8.67044 2.5
    endloop
  endfacet
  facet normal 0.973876 0.22708 0
    outer loop
      vertex 32.3585 8.67044 0
      vertex 32.8563 6.53553 2.5
      vertex 32.8563 6.53553 0
    endloop
  endfacet
  facet normal -0.528095 -0.849185 0
    outer loop
      vertex -18.6116 -27.8542 0
      vertex -16.75 -29.0119 2.5
      vertex -18.6116 -27.8542 2.5
    endloop
  endfacet
  facet normal -0.528095 -0.849185 -0
    outer loop
      vertex -16.75 -29.0119 2.5
      vertex -18.6116 -27.8542 0
      vertex -16.75 -29.0119 0
    endloop
  endfacet
  facet normal 0.935907 0.352248 0
    outer loop
      vertex 31.7222 10.7682 2.5
      vertex 30.95 12.8199 0
      vertex 30.95 12.8199 2.5
    endloop
  endfacet
  facet normal 0.935907 0.352248 0
    outer loop
      vertex 30.95 12.8199 0
      vertex 31.7222 10.7682 2.5
      vertex 31.7222 10.7682 0
    endloop
  endfacet
  facet normal 0.634387 0.773015 -0
    outer loop
      vertex 22.0881 25.1866 0
      vertex 20.3935 26.5773 2.5
      vertex 22.0881 25.1866 2.5
    endloop
  endfacet
  facet normal 0.634387 0.773015 0
    outer loop
      vertex 20.3935 26.5773 2.5
      vertex 22.0881 25.1866 0
      vertex 20.3935 26.5773 0
    endloop
  endfacet
  facet normal 0.986643 0.162897 0
    outer loop
      vertex 33.2134 4.37263 2.5
      vertex 32.8563 6.53553 0
      vertex 32.8563 6.53553 2.5
    endloop
  endfacet
  facet normal 0.986643 0.162897 0
    outer loop
      vertex 32.8563 6.53553 0
      vertex 33.2134 4.37263 2.5
      vertex 33.2134 4.37263 0
    endloop
  endfacet
  facet normal -0.995183 -0.0980299 0
    outer loop
      vertex -33.2134 -4.37263 0
      vertex -33.4283 -2.191 2.5
      vertex -33.4283 -2.191 0
    endloop
  endfacet
  facet normal -0.995183 -0.0980299 0
    outer loop
      vertex -33.4283 -2.191 2.5
      vertex -33.2134 -4.37263 0
      vertex -33.2134 -4.37263 2.5
    endloop
  endfacet
  facet normal 0 0 1
    outer loop
      vertex 8.67044 -32.3585 2.5
      vertex 8 -23.6 2.5
      vertex 8 -32.5148 2.5
    endloop
  endfacet
  facet normal -0 0 1
    outer loop
      vertex -21.3802 22.1108 2.5
      vertex -16.154 18.4201 2.5
      vertex -21.3491 22.1935 2.5
    endloop
  endfacet
  facet normal -0 0 1
    outer loop
      vertex -21.4166 22.0303 2.5
      vertex -16.154 18.4201 2.5
      vertex -21.3802 22.1108 2.5
    endloop
  endfacet
  facet normal -0 0 1
    outer loop
      vertex -21.4583 21.9524 2.5
      vertex -16.154 18.4201 2.5
      vertex -21.4166 22.0303 2.5
    endloop
  endfacet
  facet normal -0 0 1
    outer loop
      vertex -21.5049 21.8774 2.5
      vertex -16.154 18.4201 2.5
      vertex -21.4583 21.9524 2.5
    endloop
  endfacet
  facet normal 0 0 1
    outer loop
      vertex -16.154 18.4201 2.5
      vertex -21.5049 21.8774 2.5
      vertex -17.3241 17.3241 2.5
    endloop
  endfacet
  facet normal -0 0 1
    outer loop
      vertex -21.5564 21.8056 2.5
      vertex -17.3241 17.3241 2.5
      vertex -21.5049 21.8774 2.5
    endloop
  endfacet
  facet normal -0 0 1
    outer loop
      vertex -21.6124 21.7373 2.5
      vertex -17.3241 17.3241 2.5
      vertex -21.5564 21.8056 2.5
    endloop
  endfacet
  facet normal -0 0 1
    outer loop
      vertex -21.6728 21.6728 2.5
      vertex -17.3241 17.3241 2.5
      vertex -21.6124 21.7373 2.5
    endloop
  endfacet
  facet normal -0 0 1
    outer loop
      vertex -21.7373 21.6124 2.5
      vertex -17.3241 17.3241 2.5
      vertex -21.6728 21.6728 2.5
    endloop
  endfacet
  facet normal -0 0 1
    outer loop
      vertex -21.8056 21.5564 2.5
      vertex -17.3241 17.3241 2.5
      vertex -21.7373 21.6124 2.5
    endloop
  endfacet
  facet normal -0 0 1
    outer loop
      vertex -21.8774 21.5049 2.5
      vertex -17.3241 17.3241 2.5
      vertex -21.8056 21.5564 2.5
    endloop
  endfacet
  facet normal 0 0 1
    outer loop
      vertex -17.3241 17.3241 2.5
      vertex -21.8774 21.5049 2.5
      vertex -18.4201 16.154 2.5
    endloop
  endfacet
  facet normal -0 0 1
    outer loop
      vertex -21.9524 21.4583 2.5
      vertex -18.4201 16.154 2.5
      vertex -21.8774 21.5049 2.5
    endloop
  endfacet
  facet normal -0 0 1
    outer loop
      vertex -22.0303 21.4166 2.5
      vertex -18.4201 16.154 2.5
      vertex -21.9524 21.4583 2.5
    endloop
  endfacet
  facet normal -0 0 1
    outer loop
      vertex -22.1108 21.3802 2.5
      vertex -18.4201 16.154 2.5
      vertex -22.0303 21.4166 2.5
    endloop
  endfacet
  facet normal -0 0 1
    outer loop
      vertex -22.1935 21.3491 2.5
      vertex -18.4201 16.154 2.5
      vertex -22.1108 21.3802 2.5
    endloop
  endfacet
  facet normal -0 0 1
    outer loop
      vertex -22.278 21.3234 2.5
      vertex -18.4201 16.154 2.5
      vertex -22.1935 21.3491 2.5
    endloop
  endfacet
  facet normal -0 0 1
    outer loop
      vertex -22.364 21.3034 2.5
      vertex -18.4201 16.154 2.5
      vertex -22.278 21.3234 2.5
    endloop
  endfacet
  facet normal 0 0 1
    outer loop
      vertex -18.4201 16.154 2.5
      vertex -22.364 21.3034 2.5
      vertex -19.4372 14.9147 2.5
    endloop
  endfacet
  facet normal -0 0 1
    outer loop
      vertex -22.4512 21.289 2.5
      vertex -19.4372 14.9147 2.5
      vertex -22.364 21.3034 2.5
    endloop
  endfacet
  facet normal -0 0 1
    outer loop
      vertex -22.5391 21.2803 2.5
      vertex -19.4372 14.9147 2.5
      vertex -22.4512 21.289 2.5
    endloop
  endfacet
  facet normal -0 0 1
    outer loop
      vertex -22.6274 21.2774 2.5
      vertex -19.4372 14.9147 2.5
      vertex -22.5391 21.2803 2.5
    endloop
  endfacet
  facet normal 0 0 1
    outer loop
      vertex -22.7157 21.2803 2.5
      vertex -19.4372 14.9147 2.5
      vertex -22.6274 21.2774 2.5
    endloop
  endfacet
  facet normal 0 0 1
    outer loop
      vertex -22.8036 21.289 2.5
      vertex -19.4372 14.9147 2.5
      vertex -22.7157 21.2803 2.5
    endloop
  endfacet
  facet normal 0 0 1
    outer loop
      vertex -19.4372 14.9147 2.5
      vertex -22.8036 21.289 2.5
      vertex -20.371 13.6115 2.5
    endloop
  endfacet
  facet normal 0 0 1
    outer loop
      vertex -22.8908 21.3034 2.5
      vertex -20.371 13.6115 2.5
      vertex -22.8036 21.289 2.5
    endloop
  endfacet
  facet normal -0 0 1
    outer loop
      vertex -29.0119 16.75 2.5
      vertex -21.2176 12.25 2.5
      vertex -27.8542 18.6116 2.5
    endloop
  endfacet
  facet normal 0 0 1
    outer loop
      vertex -20.371 13.6115 2.5
      vertex -27.8542 18.6116 2.5
      vertex -21.2176 12.25 2.5
    endloop
  endfacet
  facet normal 0 0 1
    outer loop
      vertex -20.371 13.6115 2.5
      vertex -22.8908 21.3034 2.5
      vertex -27.8542 18.6116 2.5
    endloop
  endfacet
  facet normal 0 0 1
    outer loop
      vertex -26.5773 20.3935 2.5
      vertex -22.8908 21.3034 2.5
      vertex -22.9768 21.3234 2.5
    endloop
  endfacet
  facet normal 0 0 1
    outer loop
      vertex -26.5773 20.3935 2.5
      vertex -22.9768 21.3234 2.5
      vertex -23.0614 21.3491 2.5
    endloop
  endfacet
  facet normal 0 0 1
    outer loop
      vertex -26.5773 20.3935 2.5
      vertex -23.0614 21.3491 2.5
      vertex -23.144 21.3802 2.5
    endloop
  endfacet
  facet normal 0 0 1
    outer loop
      vertex -21.2176 12.25 2.5
      vertex -29.0119 16.75 2.5
      vertex -21.9734 10.8361 2.5
    endloop
  endfacet
  facet normal 0 0 1
    outer loop
      vertex -26.5773 20.3935 2.5
      vertex -23.144 21.3802 2.5
      vertex -23.2245 21.4166 2.5
    endloop
  endfacet
  facet normal 0 0 1
    outer loop
      vertex -26.5773 20.3935 2.5
      vertex -23.2245 21.4166 2.5
      vertex -23.3024 21.4583 2.5
    endloop
  endfacet
  facet normal 0 0 1
    outer loop
      vertex -26.5773 20.3935 2.5
      vertex -23.3024 21.4583 2.5
      vertex -23.3774 21.5049 2.5
    endloop
  endfacet
  facet normal 0 0 1
    outer loop
      vertex -26.5773 20.3935 2.5
      vertex -23.3774 21.5049 2.5
      vertex -23.4492 21.5564 2.5
    endloop
  endfacet
  facet normal 0 0 1
    outer loop
      vertex -26.5773 20.3935 2.5
      vertex -23.4492 21.5564 2.5
      vertex -23.5175 21.6124 2.5
    endloop
  endfacet
  facet normal 0 0 1
    outer loop
      vertex -26.5773 20.3935 2.5
      vertex -23.5175 21.6124 2.5
      vertex -23.582 21.6728 2.5
    endloop
  endfacet
  facet normal 0 0 1
    outer loop
      vertex -25.1866 22.0881 2.5
      vertex -23.582 21.6728 2.5
      vertex -23.6424 21.7373 2.5
    endloop
  endfacet
  facet normal -0 0 1
    outer loop
      vertex -30.0452 14.8167 2.5
      vertex -21.9734 10.8361 2.5
      vertex -29.0119 16.75 2.5
    endloop
  endfacet
  facet normal 0 0 1
    outer loop
      vertex -25.1866 22.0881 2.5
      vertex -23.6424 21.7373 2.5
      vertex -23.6984 21.8056 2.5
    endloop
  endfacet
  facet normal 0 0 1
    outer loop
      vertex -25.1866 22.0881 2.5
      vertex -23.6984 21.8056 2.5
      vertex -23.7499 21.8774 2.5
    endloop
  endfacet
  facet normal 0 0 1
    outer loop
      vertex -25.1866 22.0881 2.5
      vertex -23.7499 21.8774 2.5
      vertex -23.7966 21.9524 2.5
    endloop
  endfacet
  facet normal 0 0 1
    outer loop
      vertex -25.1866 22.0881 2.5
      vertex -23.7966 21.9524 2.5
      vertex -23.8382 22.0303 2.5
    endloop
  endfacet
  facet normal -0 0 1
    outer loop
      vertex -25.1866 22.0881 2.5
      vertex -23.8382 22.0303 2.5
      vertex -23.8747 22.1108 2.5
    endloop
  endfacet
  facet normal 0 0 1
    outer loop
      vertex -25.1866 22.0881 2.5
      vertex -23.8747 22.1108 2.5
      vertex -23.9058 22.1935 2.5
    endloop
  endfacet
  facet normal 0 0 1
    outer loop
      vertex -25.1866 22.0881 2.5
      vertex -23.9058 22.1935 2.5
      vertex -23.9314 22.278 2.5
    endloop
  endfacet
  facet normal 0 0 1
    outer loop
      vertex -25.1866 22.0881 2.5
      vertex -23.9314 22.278 2.5
      vertex -23.9515 22.364 2.5
    endloop
  endfacet
  facet normal 0 0 1
    outer loop
      vertex -25.1866 22.0881 2.5
      vertex -23.9515 22.364 2.5
      vertex -23.9659 22.4512 2.5
    endloop
  endfacet
  facet normal 0 0 1
    outer loop
      vertex -25.1866 22.0881 2.5
      vertex -23.9659 22.4512 2.5
      vertex -23.9745 22.5391 2.5
    endloop
  endfacet
  facet normal 0 0 1
    outer loop
      vertex -25.1866 22.0881 2.5
      vertex -23.9745 22.5391 2.5
      vertex -23.9774 22.6274 2.5
    endloop
  endfacet
  facet normal 0 0 1
    outer loop
      vertex -22.8908 21.3034 2.5
      vertex -26.5773 20.3935 2.5
      vertex -27.8542 18.6116 2.5
    endloop
  endfacet
  facet normal 0 0 1
    outer loop
      vertex -14.9147 -19.4372 2.5
      vertex -21.2803 -22.5391 2.5
      vertex -21.2774 -22.6274 2.5
    endloop
  endfacet
  facet normal 0 0 1
    outer loop
      vertex -20.371 -13.6115 2.5
      vertex -21.289 -22.4512 2.5
      vertex -21.2803 -22.5391 2.5
    endloop
  endfacet
  facet normal 0 0 1
    outer loop
      vertex -20.371 -13.6115 2.5
      vertex -21.3034 -22.364 2.5
      vertex -21.289 -22.4512 2.5
    endloop
  endfacet
  facet normal 0 0 1
    outer loop
      vertex -20.371 -13.6115 2.5
      vertex -21.3234 -22.278 2.5
      vertex -21.3034 -22.364 2.5
    endloop
  endfacet
  facet normal 0 0 1
    outer loop
      vertex -20.371 -13.6115 2.5
      vertex -21.3491 -22.1935 2.5
      vertex -21.3234 -22.278 2.5
    endloop
  endfacet
  facet normal 0 0 1
    outer loop
      vertex -20.371 -13.6115 2.5
      vertex -21.3802 -22.1108 2.5
      vertex -21.3491 -22.1935 2.5
    endloop
  endfacet
  facet normal 0 0 1
    outer loop
      vertex -20.371 -13.6115 2.5
      vertex -21.4166 -22.0303 2.5
      vertex -21.3802 -22.1108 2.5
    endloop
  endfacet
  facet normal 0 0 1
    outer loop
      vertex -20.371 -13.6115 2.5
      vertex -21.4583 -21.9524 2.5
      vertex -21.4166 -22.0303 2.5
    endloop
  endfacet
  facet normal 0 0 1
    outer loop
      vertex -20.371 -13.6115 2.5
      vertex -21.5049 -21.8774 2.5
      vertex -21.4583 -21.9524 2.5
    endloop
  endfacet
  facet normal 0 0 1
    outer loop
      vertex -20.371 -13.6115 2.5
      vertex -21.5564 -21.8056 2.5
      vertex -21.5049 -21.8774 2.5
    endloop
  endfacet
  facet normal 0 0 1
    outer loop
      vertex -20.371 -13.6115 2.5
      vertex -21.6124 -21.7373 2.5
      vertex -21.5564 -21.8056 2.5
    endloop
  endfacet
  facet normal 0 0 1
    outer loop
      vertex -20.371 -13.6115 2.5
      vertex -21.6728 -21.6728 2.5
      vertex -21.6124 -21.7373 2.5
    endloop
  endfacet
  facet normal 0 0 1
    outer loop
      vertex -20.371 -13.6115 2.5
      vertex -21.7373 -21.6124 2.5
      vertex -21.6728 -21.6728 2.5
    endloop
  endfacet
  facet normal 0 0 1
    outer loop
      vertex -20.371 -13.6115 2.5
      vertex -21.8056 -21.5564 2.5
      vertex -21.7373 -21.6124 2.5
    endloop
  endfacet
  facet normal 0 0 1
    outer loop
      vertex -20.371 -13.6115 2.5
      vertex -21.8774 -21.5049 2.5
      vertex -21.8056 -21.5564 2.5
    endloop
  endfacet
  facet normal 0 0 1
    outer loop
      vertex -20.371 -13.6115 2.5
      vertex -21.9524 -21.4583 2.5
      vertex -21.8774 -21.5049 2.5
    endloop
  endfacet
  facet normal 0 0 1
    outer loop
      vertex -29.0119 -16.75 2.5
      vertex -21.2176 -12.25 2.5
      vertex -21.9734 -10.8361 2.5
    endloop
  endfacet
  facet normal 0 0 1
    outer loop
      vertex -20.371 -13.6115 2.5
      vertex -22.0303 -21.4166 2.5
      vertex -21.9524 -21.4583 2.5
    endloop
  endfacet
  facet normal 0 0 1
    outer loop
      vertex -20.371 -13.6115 2.5
      vertex -22.1108 -21.3802 2.5
      vertex -22.0303 -21.4166 2.5
    endloop
  endfacet
  facet normal 0 0 1
    outer loop
      vertex -20.371 -13.6115 2.5
      vertex -22.1935 -21.3491 2.5
      vertex -22.1108 -21.3802 2.5
    endloop
  endfacet
  facet normal 0 0 1
    outer loop
      vertex -20.371 -13.6115 2.5
      vertex -22.278 -21.3234 2.5
      vertex -22.1935 -21.3491 2.5
    endloop
  endfacet
  facet normal 0 0 1
    outer loop
      vertex -20.371 -13.6115 2.5
      vertex -22.364 -21.3034 2.5
      vertex -22.278 -21.3234 2.5
    endloop
  endfacet
  facet normal 0 0 1
    outer loop
      vertex -20.371 -13.6115 2.5
      vertex -22.4512 -21.289 2.5
      vertex -22.364 -21.3034 2.5
    endloop
  endfacet
  facet normal 0 0 1
    outer loop
      vertex -20.371 -13.6115 2.5
      vertex -22.5391 -21.2803 2.5
      vertex -22.4512 -21.289 2.5
    endloop
  endfacet
  facet normal 0 0 1
    outer loop
      vertex -20.371 -13.6115 2.5
      vertex -22.6274 -21.2774 2.5
      vertex -22.5391 -21.2803 2.5
    endloop
  endfacet
  facet normal 0 0 1
    outer loop
      vertex -30.0452 -14.8167 2.5
      vertex -21.9734 -10.8361 2.5
      vertex -22.635 -9.37574 2.5
    endloop
  endfacet
  facet normal 0 0 1
    outer loop
      vertex -20.371 -13.6115 2.5
      vertex -22.7157 -21.2803 2.5
      vertex -22.6274 -21.2774 2.5
    endloop
  endfacet
  facet normal 0 -0 1
    outer loop
      vertex -22.8908 -21.3034 2.5
      vertex -20.371 -13.6115 2.5
      vertex -27.8542 -18.6116 2.5
    endloop
  endfacet
  facet normal 0 0 1
    outer loop
      vertex -20.371 -13.6115 2.5
      vertex -22.8036 -21.289 2.5
      vertex -22.7157 -21.2803 2.5
    endloop
  endfacet
  facet normal 0 0 1
    outer loop
      vertex -20.371 -13.6115 2.5
      vertex -22.8908 -21.3034 2.5
      vertex -22.8036 -21.289 2.5
    endloop
  endfacet
  facet normal -0 -0 1
    outer loop
      vertex -26.5773 -20.3935 2.5
      vertex -22.8908 -21.3034 2.5
      vertex -27.8542 -18.6116 2.5
    endloop
  endfacet
  facet normal 0 0 1
    outer loop
      vertex -22.8908 -21.3034 2.5
      vertex -26.5773 -20.3935 2.5
      vertex -22.9768 -21.3234 2.5
    endloop
  endfacet
  facet normal 0 0 1
    outer loop
      vertex -30.95 -12.8199 2.5
      vertex -22.635 -9.37574 2.5
      vertex -23.1998 -7.87527 2.5
    endloop
  endfacet
  facet normal 0 0 1
    outer loop
      vertex -22.9768 -21.3234 2.5
      vertex -26.5773 -20.3935 2.5
      vertex -23.0614 -21.3491 2.5
    endloop
  endfacet
  facet normal 0 0 1
    outer loop
      vertex -23.0614 -21.3491 2.5
      vertex -26.5773 -20.3935 2.5
      vertex -23.144 -21.3802 2.5
    endloop
  endfacet
  facet normal 0 0 1
    outer loop
      vertex -23.144 -21.3802 2.5
      vertex -26.5773 -20.3935 2.5
      vertex -23.2245 -21.4166 2.5
    endloop
  endfacet
  facet normal 0 0 1
    outer loop
      vertex -23.2245 -21.4166 2.5
      vertex -26.5773 -20.3935 2.5
      vertex -23.3024 -21.4583 2.5
    endloop
  endfacet
  facet normal 0 0 1
    outer loop
      vertex -23.3024 -21.4583 2.5
      vertex -26.5773 -20.3935 2.5
      vertex -23.3774 -21.5049 2.5
    endloop
  endfacet
  facet normal 0 0 1
    outer loop
      vertex -23.3774 -21.5049 2.5
      vertex -26.5773 -20.3935 2.5
      vertex -23.4492 -21.5564 2.5
    endloop
  endfacet
  facet normal 0 0 1
    outer loop
      vertex -23.4492 -21.5564 2.5
      vertex -26.5773 -20.3935 2.5
      vertex -23.5175 -21.6124 2.5
    endloop
  endfacet
  facet normal 0 0 1
    outer loop
      vertex -31.7222 -10.7682 2.5
      vertex -23.1998 -7.87527 2.5
      vertex -23.6652 -6.34107 2.5
    endloop
  endfacet
  facet normal 0 0 1
    outer loop
      vertex -23.5175 -21.6124 2.5
      vertex -26.5773 -20.3935 2.5
      vertex -23.582 -21.6728 2.5
    endloop
  endfacet
  facet normal 0 -0 1
    outer loop
      vertex -25.1866 -22.0881 2.5
      vertex -23.582 -21.6728 2.5
      vertex -26.5773 -20.3935 2.5
    endloop
  endfacet
  facet normal 0 0 1
    outer loop
      vertex -23.582 -21.6728 2.5
      vertex -25.1866 -22.0881 2.5
      vertex -23.6424 -21.7373 2.5
    endloop
  endfacet
  facet normal 0 0 1
    outer loop
      vertex -23.6424 -21.7373 2.5
      vertex -25.1866 -22.0881 2.5
      vertex -23.6984 -21.8056 2.5
    endloop
  endfacet
  facet normal 0 0 1
    outer loop
      vertex -23.6984 -21.8056 2.5
      vertex -25.1866 -22.0881 2.5
      vertex -23.7499 -21.8774 2.5
    endloop
  endfacet
  facet normal 0 0 1
    outer loop
      vertex -23.7499 -21.8774 2.5
      vertex -25.1866 -22.0881 2.5
      vertex -23.7966 -21.9524 2.5
    endloop
  endfacet
  facet normal 0 0 1
    outer loop
      vertex -23.7966 -21.9524 2.5
      vertex -25.1866 -22.0881 2.5
      vertex -23.8382 -22.0303 2.5
    endloop
  endfacet
  facet normal 0 0 1
    outer loop
      vertex -23.8382 -22.0303 2.5
      vertex -25.1866 -22.0881 2.5
      vertex -23.8747 -22.1108 2.5
    endloop
  endfacet
  facet normal 0 0 1
    outer loop
      vertex -23.9058 -22.1935 2.5
      vertex -25.1866 -22.0881 2.5
      vertex -23.9314 -22.278 2.5
    endloop
  endfacet
  facet normal 0 0 1
    outer loop
      vertex -23.9314 -22.278 2.5
      vertex -25.1866 -22.0881 2.5
      vertex -23.9515 -22.364 2.5
    endloop
  endfacet
  facet normal 0 0 1
    outer loop
      vertex -23.9515 -22.364 2.5
      vertex -25.1866 -22.0881 2.5
      vertex -23.9659 -22.4512 2.5
    endloop
  endfacet
  facet normal 0 0 1
    outer loop
      vertex -32.3585 -8.67044 2.5
      vertex -23.6652 -6.34107 2.5
      vertex -24.0292 -4.77971 2.5
    endloop
  endfacet
  facet normal 0 0 1
    outer loop
      vertex -7.87527 -23.1998 2.5
      vertex -8 -23.6 2.5
      vertex -6.55594 -23.6 2.5
    endloop
  endfacet
  facet normal 0 0 1
    outer loop
      vertex -8 -23.6 2.5
      vertex -8.67044 -32.3585 2.5
      vertex -8 -32.5148 2.5
    endloop
  endfacet
  facet normal 0 0 1
    outer loop
      vertex -9.37574 -22.635 2.5
      vertex -8 -23.6 2.5
      vertex -7.87527 -23.1998 2.5
    endloop
  endfacet
  facet normal 0 0 1
    outer loop
      vertex -12.8199 -30.95 2.5
      vertex -8 -23.6 2.5
      vertex -9.37574 -22.635 2.5
    endloop
  endfacet
  facet normal 0 0 1
    outer loop
      vertex -8 -23.6 2.5
      vertex -10.7682 -31.7222 2.5
      vertex -8.67044 -32.3585 2.5
    endloop
  endfacet
  facet normal 0 0 1
    outer loop
      vertex -12.8199 -30.95 2.5
      vertex -9.37574 -22.635 2.5
      vertex -10.8361 -21.9734 2.5
    endloop
  endfacet
  facet normal 0 0 1
    outer loop
      vertex -14.8167 -30.0452 2.5
      vertex -10.8361 -21.9734 2.5
      vertex -12.25 -21.2176 2.5
    endloop
  endfacet
  facet normal 0 0 1
    outer loop
      vertex -8 -23.6 2.5
      vertex -12.8199 -30.95 2.5
      vertex -10.7682 -31.7222 2.5
    endloop
  endfacet
  facet normal 0 0 1
    outer loop
      vertex -16.75 -29.0119 2.5
      vertex -12.25 -21.2176 2.5
      vertex -13.6115 -20.371 2.5
    endloop
  endfacet
  facet normal 0 0 1
    outer loop
      vertex -10.8361 -21.9734 2.5
      vertex -14.8167 -30.0452 2.5
      vertex -12.8199 -30.95 2.5
    endloop
  endfacet
  facet normal 0 0 1
    outer loop
      vertex -21.289 -22.8036 2.5
      vertex -13.6115 -20.371 2.5
      vertex -14.9147 -19.4372 2.5
    endloop
  endfacet
  facet normal 0 0 1
    outer loop
      vertex -21.2803 -22.5391 2.5
      vertex -14.9147 -19.4372 2.5
      vertex -16.154 -18.4201 2.5
    endloop
  endfacet
  facet normal 0 0 1
    outer loop
      vertex -12.25 -21.2176 2.5
      vertex -16.75 -29.0119 2.5
      vertex -14.8167 -30.0452 2.5
    endloop
  endfacet
  facet normal 0 0 1
    outer loop
      vertex -21.2803 -22.5391 2.5
      vertex -16.154 -18.4201 2.5
      vertex -17.3241 -17.3241 2.5
    endloop
  endfacet
  facet normal 0 0 1
    outer loop
      vertex -21.2803 -22.5391 2.5
      vertex -17.3241 -17.3241 2.5
      vertex -18.4201 -16.154 2.5
    endloop
  endfacet
  facet normal 0 0 1
    outer loop
      vertex -13.6115 -20.371 2.5
      vertex -18.6116 -27.8542 2.5
      vertex -16.75 -29.0119 2.5
    endloop
  endfacet
  facet normal 0 0 1
    outer loop
      vertex -21.2803 -22.5391 2.5
      vertex -18.4201 -16.154 2.5
      vertex -19.4372 -14.9147 2.5
    endloop
  endfacet
  facet normal 0 0 1
    outer loop
      vertex -21.2803 -22.5391 2.5
      vertex -19.4372 -14.9147 2.5
      vertex -20.371 -13.6115 2.5
    endloop
  endfacet
  facet normal 0 0 1
    outer loop
      vertex -14.9147 -19.4372 2.5
      vertex -21.2774 -22.6274 2.5
      vertex -21.2803 -22.7157 2.5
    endloop
  endfacet
  facet normal 0 0 1
    outer loop
      vertex -27.8542 -18.6116 2.5
      vertex -20.371 -13.6115 2.5
      vertex -21.2176 -12.25 2.5
    endloop
  endfacet
  facet normal 0 0 1
    outer loop
      vertex -14.9147 -19.4372 2.5
      vertex -21.2803 -22.7157 2.5
      vertex -21.289 -22.8036 2.5
    endloop
  endfacet
  facet normal 0 0 1
    outer loop
      vertex -13.6115 -20.371 2.5
      vertex -21.289 -22.8036 2.5
      vertex -21.3034 -22.8908 2.5
    endloop
  endfacet
  facet normal 0 0 1
    outer loop
      vertex -13.6115 -20.371 2.5
      vertex -21.3034 -22.8908 2.5
      vertex -18.6116 -27.8542 2.5
    endloop
  endfacet
  facet normal 0 0 1
    outer loop
      vertex -18.6116 -27.8542 2.5
      vertex -21.3034 -22.8908 2.5
      vertex -20.3935 -26.5773 2.5
    endloop
  endfacet
  facet normal -0 0 1
    outer loop
      vertex -21.3234 -22.9768 2.5
      vertex -20.3935 -26.5773 2.5
      vertex -21.3034 -22.8908 2.5
    endloop
  endfacet
  facet normal -0 0 1
    outer loop
      vertex -21.3491 -23.0614 2.5
      vertex -20.3935 -26.5773 2.5
      vertex -21.3234 -22.9768 2.5
    endloop
  endfacet
  facet normal -0 0 1
    outer loop
      vertex -21.3802 -23.144 2.5
      vertex -20.3935 -26.5773 2.5
      vertex -21.3491 -23.0614 2.5
    endloop
  endfacet
  facet normal -0 0 1
    outer loop
      vertex -21.4166 -23.2245 2.5
      vertex -20.3935 -26.5773 2.5
      vertex -21.3802 -23.144 2.5
    endloop
  endfacet
  facet normal -0 0 1
    outer loop
      vertex -21.4583 -23.3024 2.5
      vertex -20.3935 -26.5773 2.5
      vertex -21.4166 -23.2245 2.5
    endloop
  endfacet
  facet normal -0 0 1
    outer loop
      vertex -21.5049 -23.3774 2.5
      vertex -20.3935 -26.5773 2.5
      vertex -21.4583 -23.3024 2.5
    endloop
  endfacet
  facet normal -0 0 1
    outer loop
      vertex -21.5564 -23.4492 2.5
      vertex -20.3935 -26.5773 2.5
      vertex -21.5049 -23.3774 2.5
    endloop
  endfacet
  facet normal -0 0 1
    outer loop
      vertex -21.6124 -23.5175 2.5
      vertex -20.3935 -26.5773 2.5
      vertex -21.5564 -23.4492 2.5
    endloop
  endfacet
  facet normal -0 0 1
    outer loop
      vertex -21.6728 -23.582 2.5
      vertex -20.3935 -26.5773 2.5
      vertex -21.6124 -23.5175 2.5
    endloop
  endfacet
  facet normal 0 0 1
    outer loop
      vertex -22.0881 -25.1866 2.5
      vertex -21.6728 -23.582 2.5
      vertex -21.7373 -23.6424 2.5
    endloop
  endfacet
  facet normal 0 0 1
    outer loop
      vertex -22.0881 -25.1866 2.5
      vertex -21.7373 -23.6424 2.5
      vertex -21.8056 -23.6984 2.5
    endloop
  endfacet
  facet normal 0 0 1
    outer loop
      vertex -22.0881 -25.1866 2.5
      vertex -21.8056 -23.6984 2.5
      vertex -21.8774 -23.7499 2.5
    endloop
  endfacet
  facet normal 0 0 1
    outer loop
      vertex -22.0881 -25.1866 2.5
      vertex -21.8774 -23.7499 2.5
      vertex -21.9524 -23.7966 2.5
    endloop
  endfacet
  facet normal 0 0 1
    outer loop
      vertex -22.0881 -25.1866 2.5
      vertex -21.9524 -23.7966 2.5
      vertex -22.0303 -23.8382 2.5
    endloop
  endfacet
  facet normal 0 0 1
    outer loop
      vertex -21.6728 -23.582 2.5
      vertex -22.0881 -25.1866 2.5
      vertex -20.3935 -26.5773 2.5
    endloop
  endfacet
  facet normal -0 0 1
    outer loop
      vertex -22.1108 -23.8747 2.5
      vertex -22.0881 -25.1866 2.5
      vertex -22.0303 -23.8382 2.5
    endloop
  endfacet
  facet normal -0 0 1
    outer loop
      vertex -22.1935 -23.9058 2.5
      vertex -22.0881 -25.1866 2.5
      vertex -22.1108 -23.8747 2.5
    endloop
  endfacet
  facet normal -0 0 1
    outer loop
      vertex -22.278 -23.9314 2.5
      vertex -22.0881 -25.1866 2.5
      vertex -22.1935 -23.9058 2.5
    endloop
  endfacet
  facet normal -0 0 1
    outer loop
      vertex -22.364 -23.9515 2.5
      vertex -22.0881 -25.1866 2.5
      vertex -22.278 -23.9314 2.5
    endloop
  endfacet
  facet normal -0 0 1
    outer loop
      vertex -22.4512 -23.9659 2.5
      vertex -22.0881 -25.1866 2.5
      vertex -22.364 -23.9515 2.5
    endloop
  endfacet
  facet normal -0 0 1
    outer loop
      vertex -22.5391 -23.9745 2.5
      vertex -22.0881 -25.1866 2.5
      vertex -22.4512 -23.9659 2.5
    endloop
  endfacet
  facet normal -0 0 1
    outer loop
      vertex -22.6274 -23.9774 2.5
      vertex -22.0881 -25.1866 2.5
      vertex -22.5391 -23.9745 2.5
    endloop
  endfacet
  facet normal 0 0 1
    outer loop
      vertex -22.7157 -23.9745 2.5
      vertex -22.0881 -25.1866 2.5
      vertex -22.6274 -23.9774 2.5
    endloop
  endfacet
  facet normal 0 0 1
    outer loop
      vertex -22.8036 -23.9659 2.5
      vertex -22.0881 -25.1866 2.5
      vertex -22.7157 -23.9745 2.5
    endloop
  endfacet
  facet normal 0 0 1
    outer loop
      vertex -22.8908 -23.9515 2.5
      vertex -22.0881 -25.1866 2.5
      vertex -22.8036 -23.9659 2.5
    endloop
  endfacet
  facet normal 0 0 1
    outer loop
      vertex -22.9768 -23.9314 2.5
      vertex -22.0881 -25.1866 2.5
      vertex -22.8908 -23.9515 2.5
    endloop
  endfacet
  facet normal 0 0 1
    outer loop
      vertex -23.0614 -23.9058 2.5
      vertex -22.0881 -25.1866 2.5
      vertex -22.9768 -23.9314 2.5
    endloop
  endfacet
  facet normal 0 0 1
    outer loop
      vertex -23.144 -23.8747 2.5
      vertex -22.0881 -25.1866 2.5
      vertex -23.0614 -23.9058 2.5
    endloop
  endfacet
  facet normal 0 0 1
    outer loop
      vertex -23.2245 -23.8382 2.5
      vertex -22.0881 -25.1866 2.5
      vertex -23.144 -23.8747 2.5
    endloop
  endfacet
  facet normal 0 0 1
    outer loop
      vertex -23.6881 -23.6881 2.5
      vertex -23.2245 -23.8382 2.5
      vertex -23.3024 -23.7966 2.5
    endloop
  endfacet
  facet normal 0 0 1
    outer loop
      vertex -23.6881 -23.6881 2.5
      vertex -23.3024 -23.7966 2.5
      vertex -23.3774 -23.7499 2.5
    endloop
  endfacet
  facet normal 0 0 1
    outer loop
      vertex -23.6881 -23.6881 2.5
      vertex -23.3774 -23.7499 2.5
      vertex -23.4492 -23.6984 2.5
    endloop
  endfacet
  facet normal -0 0 1
    outer loop
      vertex -23.6881 -23.6881 2.5
      vertex -23.4492 -23.6984 2.5
      vertex -23.5175 -23.6424 2.5
    endloop
  endfacet
  facet normal 0 0 1
    outer loop
      vertex -23.6881 -23.6881 2.5
      vertex -23.5175 -23.6424 2.5
      vertex -23.582 -23.582 2.5
    endloop
  endfacet
  facet normal 0 0 1
    outer loop
      vertex -23.6881 -23.6881 2.5
      vertex -23.582 -23.582 2.5
      vertex -23.6424 -23.5175 2.5
    endloop
  endfacet
  facet normal 0 0 1
    outer loop
      vertex -23.2245 -23.8382 2.5
      vertex -23.6881 -23.6881 2.5
      vertex -22.0881 -25.1866 2.5
    endloop
  endfacet
  facet normal 0 0 1
    outer loop
      vertex -23.6984 -23.4492 2.5
      vertex -23.6881 -23.6881 2.5
      vertex -23.6424 -23.5175 2.5
    endloop
  endfacet
  facet normal 0 0 1
    outer loop
      vertex -23.7499 -23.3774 2.5
      vertex -23.6881 -23.6881 2.5
      vertex -23.6984 -23.4492 2.5
    endloop
  endfacet
  facet normal 0 0 1
    outer loop
      vertex -23.7966 -23.3024 2.5
      vertex -23.6881 -23.6881 2.5
      vertex -23.7499 -23.3774 2.5
    endloop
  endfacet
  facet normal 0 0 1
    outer loop
      vertex -23.8382 -23.2245 2.5
      vertex -23.6881 -23.6881 2.5
      vertex -23.7966 -23.3024 2.5
    endloop
  endfacet
  facet normal 0 0 1
    outer loop
      vertex -25.1866 -22.0881 2.5
      vertex -23.8382 -23.2245 2.5
      vertex -23.8747 -23.144 2.5
    endloop
  endfacet
  facet normal 0 0 1
    outer loop
      vertex -25.1866 -22.0881 2.5
      vertex -23.8747 -23.144 2.5
      vertex -23.9058 -23.0614 2.5
    endloop
  endfacet
  facet normal 0 0 1
    outer loop
      vertex -32.8563 -6.53553 2.5
      vertex -24.0292 -4.77971 2.5
      vertex -24.2904 -3.19789 2.5
    endloop
  endfacet
  facet normal 0 0 1
    outer loop
      vertex -33.2134 -4.37263 2.5
      vertex -24.2904 -3.19789 2.5
      vertex -24.4475 -1.60238 2.5
    endloop
  endfacet
  facet normal 0 0 1
    outer loop
      vertex -33.4283 -2.191 2.5
      vertex -24.4475 -1.60238 2.5
      vertex -24.5 0 2.5
    endloop
  endfacet
  facet normal -0 0 1
    outer loop
      vertex -31.7222 10.7682 2.5
      vertex -23.1998 7.87527 2.5
      vertex -30.95 12.8199 2.5
    endloop
  endfacet
  facet normal 0 0 1
    outer loop
      vertex -23.8382 -23.2245 2.5
      vertex -25.1866 -22.0881 2.5
      vertex -23.6881 -23.6881 2.5
    endloop
  endfacet
  facet normal 0 0 1
    outer loop
      vertex -23.9314 -22.9768 2.5
      vertex -25.1866 -22.0881 2.5
      vertex -23.9058 -23.0614 2.5
    endloop
  endfacet
  facet normal 0 0 1
    outer loop
      vertex -23.9515 -22.8908 2.5
      vertex -25.1866 -22.0881 2.5
      vertex -23.9314 -22.9768 2.5
    endloop
  endfacet
  facet normal 0 0 1
    outer loop
      vertex -23.9659 -22.8036 2.5
      vertex -25.1866 -22.0881 2.5
      vertex -23.9515 -22.8908 2.5
    endloop
  endfacet
  facet normal 0 0 1
    outer loop
      vertex -23.9745 -22.7157 2.5
      vertex -25.1866 -22.0881 2.5
      vertex -23.9659 -22.8036 2.5
    endloop
  endfacet
  facet normal 0 0 1
    outer loop
      vertex -23.9774 -22.6274 2.5
      vertex -25.1866 -22.0881 2.5
      vertex -23.9745 -22.7157 2.5
    endloop
  endfacet
  facet normal 0 0 1
    outer loop
      vertex -23.1998 7.87527 2.5
      vertex -31.7222 10.7682 2.5
      vertex -23.6652 6.34107 2.5
    endloop
  endfacet
  facet normal -0 0 1
    outer loop
      vertex -32.3585 8.67044 2.5
      vertex -23.6652 6.34107 2.5
      vertex -31.7222 10.7682 2.5
    endloop
  endfacet
  facet normal 0 0 1
    outer loop
      vertex -23.9745 -22.5391 2.5
      vertex -25.1866 -22.0881 2.5
      vertex -23.9774 -22.6274 2.5
    endloop
  endfacet
  facet normal 0 0 1
    outer loop
      vertex -23.6652 6.34107 2.5
      vertex -32.3585 8.67044 2.5
      vertex -24.0292 4.77971 2.5
    endloop
  endfacet
  facet normal 0 0 1
    outer loop
      vertex -23.9659 -22.4512 2.5
      vertex -25.1866 -22.0881 2.5
      vertex -23.9745 -22.5391 2.5
    endloop
  endfacet
  facet normal -0 0 1
    outer loop
      vertex -32.8563 6.53553 2.5
      vertex -24.0292 4.77971 2.5
      vertex -32.3585 8.67044 2.5
    endloop
  endfacet
  facet normal 0 0 1
    outer loop
      vertex -23.8747 -22.1108 2.5
      vertex -25.1866 -22.0881 2.5
      vertex -23.9058 -22.1935 2.5
    endloop
  endfacet
  facet normal 0 0 1
    outer loop
      vertex -24.0292 4.77971 2.5
      vertex -32.8563 6.53553 2.5
      vertex -24.2904 3.19789 2.5
    endloop
  endfacet
  facet normal 0 0 1
    outer loop
      vertex -21.2176 -12.25 2.5
      vertex -29.0119 -16.75 2.5
      vertex -27.8542 -18.6116 2.5
    endloop
  endfacet
  facet normal -0 0 1
    outer loop
      vertex -33.2134 4.37263 2.5
      vertex -24.2904 3.19789 2.5
      vertex -32.8563 6.53553 2.5
    endloop
  endfacet
  facet normal 0 0 1
    outer loop
      vertex -21.9734 -10.8361 2.5
      vertex -30.0452 -14.8167 2.5
      vertex -29.0119 -16.75 2.5
    endloop
  endfacet
  facet normal 0 0 1
    outer loop
      vertex -24.2904 3.19789 2.5
      vertex -33.2134 4.37263 2.5
      vertex -24.4475 1.60238 2.5
    endloop
  endfacet
  facet normal 0 0 1
    outer loop
      vertex -22.635 -9.37574 2.5
      vertex -30.95 -12.8199 2.5
      vertex -30.0452 -14.8167 2.5
    endloop
  endfacet
  facet normal -0 0 1
    outer loop
      vertex -33.4283 2.191 2.5
      vertex -24.4475 1.60238 2.5
      vertex -33.2134 4.37263 2.5
    endloop
  endfacet
  facet normal 0 0 1
    outer loop
      vertex -23.1998 -7.87527 2.5
      vertex -31.7222 -10.7682 2.5
      vertex -30.95 -12.8199 2.5
    endloop
  endfacet
  facet normal 0 0 1
    outer loop
      vertex -24.4475 1.60238 2.5
      vertex -33.4283 2.191 2.5
      vertex -24.5 0 2.5
    endloop
  endfacet
  facet normal 0 0 1
    outer loop
      vertex -23.6652 -6.34107 2.5
      vertex -32.3585 -8.67044 2.5
      vertex -31.7222 -10.7682 2.5
    endloop
  endfacet
  facet normal 0 0 1
    outer loop
      vertex -24.2904 -3.19789 2.5
      vertex -33.2134 -4.37263 2.5
      vertex -32.8563 -6.53553 2.5
    endloop
  endfacet
  facet normal 0 0 1
    outer loop
      vertex -24.0292 -4.77971 2.5
      vertex -32.8563 -6.53553 2.5
      vertex -32.3585 -8.67044 2.5
    endloop
  endfacet
  facet normal 0 0 1
    outer loop
      vertex -33.5 0 2.5
      vertex -24.5 0 2.5
      vertex -33.4283 2.191 2.5
    endloop
  endfacet
  facet normal 0 0 1
    outer loop
      vertex -24.4475 -1.60238 2.5
      vertex -33.4283 -2.191 2.5
      vertex -33.2134 -4.37263 2.5
    endloop
  endfacet
  facet normal 0 0 1
    outer loop
      vertex -24.5 0 2.5
      vertex -33.5 0 2.5
      vertex -33.4283 -2.191 2.5
    endloop
  endfacet
  facet normal 0 0 1
    outer loop
      vertex 25.1866 -22.0881 2.5
      vertex 23.9745 -22.5391 2.5
      vertex 23.9774 -22.6274 2.5
    endloop
  endfacet
  facet normal 0 0 1
    outer loop
      vertex 26.5773 -20.3935 2.5
      vertex 23.9659 -22.4512 2.5
      vertex 23.9745 -22.5391 2.5
    endloop
  endfacet
  facet normal 0 0 1
    outer loop
      vertex 26.5773 -20.3935 2.5
      vertex 23.9515 -22.364 2.5
      vertex 23.9659 -22.4512 2.5
    endloop
  endfacet
  facet normal 0 0 1
    outer loop
      vertex 26.5773 -20.3935 2.5
      vertex 23.9314 -22.278 2.5
      vertex 23.9515 -22.364 2.5
    endloop
  endfacet
  facet normal 0 0 1
    outer loop
      vertex 30.0452 -14.8167 2.5
      vertex 21.9734 -10.8361 2.5
      vertex 29.0119 -16.75 2.5
    endloop
  endfacet
  facet normal 0 0 1
    outer loop
      vertex 26.5773 -20.3935 2.5
      vertex 23.9058 -22.1935 2.5
      vertex 23.9314 -22.278 2.5
    endloop
  endfacet
  facet normal 0 0 1
    outer loop
      vertex 26.5773 -20.3935 2.5
      vertex 23.8747 -22.1108 2.5
      vertex 23.9058 -22.1935 2.5
    endloop
  endfacet
  facet normal -0 0 1
    outer loop
      vertex 21.2176 -12.25 2.5
      vertex 29.0119 -16.75 2.5
      vertex 21.9734 -10.8361 2.5
    endloop
  endfacet
  facet normal 0 0 1
    outer loop
      vertex 26.5773 -20.3935 2.5
      vertex 23.8382 -22.0303 2.5
      vertex 23.8747 -22.1108 2.5
    endloop
  endfacet
  facet normal 0 0 1
    outer loop
      vertex 26.5773 -20.3935 2.5
      vertex 23.7966 -21.9524 2.5
      vertex 23.8382 -22.0303 2.5
    endloop
  endfacet
  facet normal 0 0 1
    outer loop
      vertex 29.0119 -16.75 2.5
      vertex 21.2176 -12.25 2.5
      vertex 27.8542 -18.6116 2.5
    endloop
  endfacet
  facet normal 0 0 1
    outer loop
      vertex 26.5773 -20.3935 2.5
      vertex 23.7499 -21.8774 2.5
      vertex 23.7966 -21.9524 2.5
    endloop
  endfacet
  facet normal 0 0 1
    outer loop
      vertex 26.5773 -20.3935 2.5
      vertex 23.6984 -21.8056 2.5
      vertex 23.7499 -21.8774 2.5
    endloop
  endfacet
  facet normal -0 0 1
    outer loop
      vertex 20.371 -13.6115 2.5
      vertex 27.8542 -18.6116 2.5
      vertex 21.2176 -12.25 2.5
    endloop
  endfacet
  facet normal 0 0 1
    outer loop
      vertex 26.5773 -20.3935 2.5
      vertex 23.6424 -21.7373 2.5
      vertex 23.6984 -21.8056 2.5
    endloop
  endfacet
  facet normal 0 0 1
    outer loop
      vertex 26.5773 -20.3935 2.5
      vertex 23.582 -21.6728 2.5
      vertex 23.6424 -21.7373 2.5
    endloop
  endfacet
  facet normal 0 0 1
    outer loop
      vertex 26.5773 -20.3935 2.5
      vertex 23.5175 -21.6124 2.5
      vertex 23.582 -21.6728 2.5
    endloop
  endfacet
  facet normal 0 -0 1
    outer loop
      vertex 22.8908 -21.3034 2.5
      vertex 27.8542 -18.6116 2.5
      vertex 20.371 -13.6115 2.5
    endloop
  endfacet
  facet normal 0 0 1
    outer loop
      vertex 26.5773 -20.3935 2.5
      vertex 23.4492 -21.5564 2.5
      vertex 23.5175 -21.6124 2.5
    endloop
  endfacet
  facet normal 0 0 1
    outer loop
      vertex 26.5773 -20.3935 2.5
      vertex 23.3774 -21.5049 2.5
      vertex 23.4492 -21.5564 2.5
    endloop
  endfacet
  facet normal 0 0 1
    outer loop
      vertex 26.5773 -20.3935 2.5
      vertex 23.3024 -21.4583 2.5
      vertex 23.3774 -21.5049 2.5
    endloop
  endfacet
  facet normal 0 0 1
    outer loop
      vertex 26.5773 -20.3935 2.5
      vertex 23.2245 -21.4166 2.5
      vertex 23.3024 -21.4583 2.5
    endloop
  endfacet
  facet normal 0 0 1
    outer loop
      vertex 27.8542 -18.6116 2.5
      vertex 22.8908 -21.3034 2.5
      vertex 26.5773 -20.3935 2.5
    endloop
  endfacet
  facet normal 0 0 1
    outer loop
      vertex 26.5773 -20.3935 2.5
      vertex 23.144 -21.3802 2.5
      vertex 23.2245 -21.4166 2.5
    endloop
  endfacet
  facet normal 0 0 1
    outer loop
      vertex 26.5773 -20.3935 2.5
      vertex 23.0614 -21.3491 2.5
      vertex 23.144 -21.3802 2.5
    endloop
  endfacet
  facet normal 0 0 1
    outer loop
      vertex 26.5773 -20.3935 2.5
      vertex 22.9768 -21.3234 2.5
      vertex 23.0614 -21.3491 2.5
    endloop
  endfacet
  facet normal 0 0 1
    outer loop
      vertex 26.5773 -20.3935 2.5
      vertex 22.8908 -21.3034 2.5
      vertex 22.9768 -21.3234 2.5
    endloop
  endfacet
  facet normal 0 0 1
    outer loop
      vertex 22.8908 -21.3034 2.5
      vertex 20.371 -13.6115 2.5
      vertex 22.8036 -21.289 2.5
    endloop
  endfacet
  facet normal -0 0 1
    outer loop
      vertex 19.4372 -14.9147 2.5
      vertex 22.8036 -21.289 2.5
      vertex 20.371 -13.6115 2.5
    endloop
  endfacet
  facet normal 0 0 1
    outer loop
      vertex 22.8036 -21.289 2.5
      vertex 19.4372 -14.9147 2.5
      vertex 22.7157 -21.2803 2.5
    endloop
  endfacet
  facet normal 0 0 1
    outer loop
      vertex 22.7157 -21.2803 2.5
      vertex 19.4372 -14.9147 2.5
      vertex 22.6274 -21.2774 2.5
    endloop
  endfacet
  facet normal 0 0 1
    outer loop
      vertex 22.6274 -21.2774 2.5
      vertex 19.4372 -14.9147 2.5
      vertex 22.5391 -21.2803 2.5
    endloop
  endfacet
  facet normal 0 0 1
    outer loop
      vertex 22.5391 -21.2803 2.5
      vertex 19.4372 -14.9147 2.5
      vertex 22.4512 -21.289 2.5
    endloop
  endfacet
  facet normal 0 0 1
    outer loop
      vertex 22.4512 -21.289 2.5
      vertex 19.4372 -14.9147 2.5
      vertex 22.364 -21.3034 2.5
    endloop
  endfacet
  facet normal -0 0 1
    outer loop
      vertex 18.4201 -16.154 2.5
      vertex 22.364 -21.3034 2.5
      vertex 19.4372 -14.9147 2.5
    endloop
  endfacet
  facet normal 0 0 1
    outer loop
      vertex 22.364 -21.3034 2.5
      vertex 18.4201 -16.154 2.5
      vertex 22.278 -21.3234 2.5
    endloop
  endfacet
  facet normal 0 0 1
    outer loop
      vertex 22.278 -21.3234 2.5
      vertex 18.4201 -16.154 2.5
      vertex 22.1935 -21.3491 2.5
    endloop
  endfacet
  facet normal 0 0 1
    outer loop
      vertex 22.1935 -21.3491 2.5
      vertex 18.4201 -16.154 2.5
      vertex 22.1108 -21.3802 2.5
    endloop
  endfacet
  facet normal 0 0 1
    outer loop
      vertex 22.1108 -21.3802 2.5
      vertex 18.4201 -16.154 2.5
      vertex 22.0303 -21.4166 2.5
    endloop
  endfacet
  facet normal 0 0 1
    outer loop
      vertex 22.0303 -21.4166 2.5
      vertex 18.4201 -16.154 2.5
      vertex 21.9524 -21.4583 2.5
    endloop
  endfacet
  facet normal 0 0 1
    outer loop
      vertex 21.9524 -21.4583 2.5
      vertex 18.4201 -16.154 2.5
      vertex 21.8774 -21.5049 2.5
    endloop
  endfacet
  facet normal -0 0 1
    outer loop
      vertex 17.3241 -17.3241 2.5
      vertex 21.8774 -21.5049 2.5
      vertex 18.4201 -16.154 2.5
    endloop
  endfacet
  facet normal 0 0 1
    outer loop
      vertex 21.8774 -21.5049 2.5
      vertex 17.3241 -17.3241 2.5
      vertex 21.8056 -21.5564 2.5
    endloop
  endfacet
  facet normal 0 0 1
    outer loop
      vertex 21.8056 -21.5564 2.5
      vertex 17.3241 -17.3241 2.5
      vertex 21.7373 -21.6124 2.5
    endloop
  endfacet
  facet normal 0 0 1
    outer loop
      vertex 21.7373 -21.6124 2.5
      vertex 17.3241 -17.3241 2.5
      vertex 21.6728 -21.6728 2.5
    endloop
  endfacet
  facet normal 0 0 1
    outer loop
      vertex 21.6728 -21.6728 2.5
      vertex 17.3241 -17.3241 2.5
      vertex 21.6124 -21.7373 2.5
    endloop
  endfacet
  facet normal 0 0 1
    outer loop
      vertex 21.6124 -21.7373 2.5
      vertex 17.3241 -17.3241 2.5
      vertex 21.5564 -21.8056 2.5
    endloop
  endfacet
  facet normal 0 0 1
    outer loop
      vertex 21.5564 -21.8056 2.5
      vertex 17.3241 -17.3241 2.5
      vertex 21.5049 -21.8774 2.5
    endloop
  endfacet
  facet normal -0 0 1
    outer loop
      vertex 16.154 -18.4201 2.5
      vertex 21.5049 -21.8774 2.5
      vertex 17.3241 -17.3241 2.5
    endloop
  endfacet
  facet normal 0 0 1
    outer loop
      vertex 21.5049 -21.8774 2.5
      vertex 16.154 -18.4201 2.5
      vertex 21.4583 -21.9524 2.5
    endloop
  endfacet
  facet normal 0 0 1
    outer loop
      vertex 21.4583 -21.9524 2.5
      vertex 16.154 -18.4201 2.5
      vertex 21.4166 -22.0303 2.5
    endloop
  endfacet
  facet normal 0 0 1
    outer loop
      vertex 21.3802 -22.1108 2.5
      vertex 16.154 -18.4201 2.5
      vertex 21.3491 -22.1935 2.5
    endloop
  endfacet
  facet normal 0 0 1
    outer loop
      vertex 21.4166 -22.0303 2.5
      vertex 16.154 -18.4201 2.5
      vertex 21.3802 -22.1108 2.5
    endloop
  endfacet
  facet normal 0 0 1
    outer loop
      vertex 24.5 0 2.5
      vertex 33.5 0 2.5
      vertex 33.4283 2.191 2.5
    endloop
  endfacet
  facet normal 0 0 1
    outer loop
      vertex 24.4475 1.60238 2.5
      vertex 33.4283 2.191 2.5
      vertex 33.2134 4.37263 2.5
    endloop
  endfacet
  facet normal 0 0 1
    outer loop
      vertex 33.5 0 2.5
      vertex 24.5 0 2.5
      vertex 33.4283 -2.191 2.5
    endloop
  endfacet
  facet normal 0 0 1
    outer loop
      vertex 24.2904 3.19789 2.5
      vertex 33.2134 4.37263 2.5
      vertex 32.8563 6.53553 2.5
    endloop
  endfacet
  facet normal -0 0 1
    outer loop
      vertex 24.4475 -1.60238 2.5
      vertex 33.4283 -2.191 2.5
      vertex 24.5 0 2.5
    endloop
  endfacet
  facet normal 0 0 1
    outer loop
      vertex 24.0292 4.77971 2.5
      vertex 32.8563 6.53553 2.5
      vertex 32.3585 8.67044 2.5
    endloop
  endfacet
  facet normal 0 0 1
    outer loop
      vertex 33.4283 -2.191 2.5
      vertex 24.4475 -1.60238 2.5
      vertex 33.2134 -4.37263 2.5
    endloop
  endfacet
  facet normal 0 0 1
    outer loop
      vertex 23.6652 6.34107 2.5
      vertex 32.3585 8.67044 2.5
      vertex 31.7222 10.7682 2.5
    endloop
  endfacet
  facet normal -0 0 1
    outer loop
      vertex 24.2904 -3.19789 2.5
      vertex 33.2134 -4.37263 2.5
      vertex 24.4475 -1.60238 2.5
    endloop
  endfacet
  facet normal 0 0 1
    outer loop
      vertex 23.1998 7.87527 2.5
      vertex 31.7222 10.7682 2.5
      vertex 30.95 12.8199 2.5
    endloop
  endfacet
  facet normal 0 0 1
    outer loop
      vertex 33.2134 -4.37263 2.5
      vertex 24.2904 -3.19789 2.5
      vertex 32.8563 -6.53553 2.5
    endloop
  endfacet
  facet normal 0 0 1
    outer loop
      vertex 22.635 9.37574 2.5
      vertex 30.95 12.8199 2.5
      vertex 30.0452 14.8167 2.5
    endloop
  endfacet
  facet normal -0 0 1
    outer loop
      vertex 24.0292 -4.77971 2.5
      vertex 32.8563 -6.53553 2.5
      vertex 24.2904 -3.19789 2.5
    endloop
  endfacet
  facet normal 0 0 1
    outer loop
      vertex 21.9734 10.8361 2.5
      vertex 30.0452 14.8167 2.5
      vertex 29.0119 16.75 2.5
    endloop
  endfacet
  facet normal 0 0 1
    outer loop
      vertex 32.8563 -6.53553 2.5
      vertex 24.0292 -4.77971 2.5
      vertex 32.3585 -8.67044 2.5
    endloop
  endfacet
  facet normal 0 0 1
    outer loop
      vertex 21.2176 12.25 2.5
      vertex 29.0119 16.75 2.5
      vertex 27.8542 18.6116 2.5
    endloop
  endfacet
  facet normal -0 0 1
    outer loop
      vertex 23.6652 -6.34107 2.5
      vertex 32.3585 -8.67044 2.5
      vertex 24.0292 -4.77971 2.5
    endloop
  endfacet
  facet normal 0 0 1
    outer loop
      vertex 22.8908 21.3034 2.5
      vertex 27.8542 18.6116 2.5
      vertex 26.5773 20.3935 2.5
    endloop
  endfacet
  facet normal 0 0 1
    outer loop
      vertex 32.3585 -8.67044 2.5
      vertex 23.6652 -6.34107 2.5
      vertex 31.7222 -10.7682 2.5
    endloop
  endfacet
  facet normal -0 0 1
    outer loop
      vertex 23.5175 21.6124 2.5
      vertex 26.5773 20.3935 2.5
      vertex 25.1866 22.0881 2.5
    endloop
  endfacet
  facet normal -0 0 1
    outer loop
      vertex 23.1998 -7.87527 2.5
      vertex 31.7222 -10.7682 2.5
      vertex 23.6652 -6.34107 2.5
    endloop
  endfacet
  facet normal 0 0 1
    outer loop
      vertex 31.7222 -10.7682 2.5
      vertex 23.1998 -7.87527 2.5
      vertex 30.95 -12.8199 2.5
    endloop
  endfacet
  facet normal 0 0 1
    outer loop
      vertex 33.4283 2.191 2.5
      vertex 24.4475 1.60238 2.5
      vertex 24.5 0 2.5
    endloop
  endfacet
  facet normal 0 0 1
    outer loop
      vertex 33.2134 4.37263 2.5
      vertex 24.2904 3.19789 2.5
      vertex 24.4475 1.60238 2.5
    endloop
  endfacet
  facet normal 0 0 1
    outer loop
      vertex 32.8563 6.53553 2.5
      vertex 24.0292 4.77971 2.5
      vertex 24.2904 3.19789 2.5
    endloop
  endfacet
  facet normal -0 0 1
    outer loop
      vertex 23.9745 22.5391 2.5
      vertex 25.1866 22.0881 2.5
      vertex 23.9774 22.6274 2.5
    endloop
  endfacet
  facet normal 0 0 1
    outer loop
      vertex 25.1866 22.0881 2.5
      vertex 23.9745 22.7157 2.5
      vertex 23.9774 22.6274 2.5
    endloop
  endfacet
  facet normal 0 0 1
    outer loop
      vertex 25.1866 22.0881 2.5
      vertex 23.9659 22.8036 2.5
      vertex 23.9745 22.7157 2.5
    endloop
  endfacet
  facet normal 0 0 1
    outer loop
      vertex 25.1866 22.0881 2.5
      vertex 23.9515 22.8908 2.5
      vertex 23.9659 22.8036 2.5
    endloop
  endfacet
  facet normal 0 0 1
    outer loop
      vertex 25.1866 22.0881 2.5
      vertex 23.9314 22.9768 2.5
      vertex 23.9515 22.8908 2.5
    endloop
  endfacet
  facet normal 0 0 1
    outer loop
      vertex 25.1866 22.0881 2.5
      vertex 23.9058 23.0614 2.5
      vertex 23.9314 22.9768 2.5
    endloop
  endfacet
  facet normal 0 0 1
    outer loop
      vertex 25.1866 22.0881 2.5
      vertex 23.8747 23.144 2.5
      vertex 23.9058 23.0614 2.5
    endloop
  endfacet
  facet normal 0 0 1
    outer loop
      vertex 25.1866 22.0881 2.5
      vertex 23.8382 23.2245 2.5
      vertex 23.8747 23.144 2.5
    endloop
  endfacet
  facet normal 0 0 1
    outer loop
      vertex 23.6881 23.6881 2.5
      vertex 23.8382 23.2245 2.5
      vertex 25.1866 22.0881 2.5
    endloop
  endfacet
  facet normal 0 0 1
    outer loop
      vertex 23.8382 23.2245 2.5
      vertex 23.6881 23.6881 2.5
      vertex 23.7966 23.3024 2.5
    endloop
  endfacet
  facet normal 0 0 1
    outer loop
      vertex 23.7966 23.3024 2.5
      vertex 23.6881 23.6881 2.5
      vertex 23.7499 23.3774 2.5
    endloop
  endfacet
  facet normal 0 0 1
    outer loop
      vertex 23.7499 23.3774 2.5
      vertex 23.6881 23.6881 2.5
      vertex 23.6984 23.4492 2.5
    endloop
  endfacet
  facet normal 0 0 1
    outer loop
      vertex 23.6881 23.6881 2.5
      vertex 23.6424 23.5175 2.5
      vertex 23.6984 23.4492 2.5
    endloop
  endfacet
  facet normal 0 0 1
    outer loop
      vertex 23.6881 23.6881 2.5
      vertex 23.582 23.582 2.5
      vertex 23.6424 23.5175 2.5
    endloop
  endfacet
  facet normal 0 0 1
    outer loop
      vertex 23.6881 23.6881 2.5
      vertex 23.5175 23.6424 2.5
      vertex 23.582 23.582 2.5
    endloop
  endfacet
  facet normal 0 0 1
    outer loop
      vertex 23.6881 23.6881 2.5
      vertex 23.4492 23.6984 2.5
      vertex 23.5175 23.6424 2.5
    endloop
  endfacet
  facet normal 0 0 1
    outer loop
      vertex 23.6881 23.6881 2.5
      vertex 23.3774 23.7499 2.5
      vertex 23.4492 23.6984 2.5
    endloop
  endfacet
  facet normal 0 0 1
    outer loop
      vertex 23.6881 23.6881 2.5
      vertex 23.3024 23.7966 2.5
      vertex 23.3774 23.7499 2.5
    endloop
  endfacet
  facet normal 0 0 1
    outer loop
      vertex 23.6881 23.6881 2.5
      vertex 23.2245 23.8382 2.5
      vertex 23.3024 23.7966 2.5
    endloop
  endfacet
  facet normal 0 0 1
    outer loop
      vertex 22.0881 25.1866 2.5
      vertex 23.2245 23.8382 2.5
      vertex 23.6881 23.6881 2.5
    endloop
  endfacet
  facet normal 0 0 1
    outer loop
      vertex 23.2245 23.8382 2.5
      vertex 22.0881 25.1866 2.5
      vertex 23.144 23.8747 2.5
    endloop
  endfacet
  facet normal 0 0 1
    outer loop
      vertex 23.144 23.8747 2.5
      vertex 22.0881 25.1866 2.5
      vertex 23.0614 23.9058 2.5
    endloop
  endfacet
  facet normal 0 0 1
    outer loop
      vertex 22.0881 25.1866 2.5
      vertex 22.9768 23.9314 2.5
      vertex 23.0614 23.9058 2.5
    endloop
  endfacet
  facet normal 0 0 1
    outer loop
      vertex 22.0881 25.1866 2.5
      vertex 22.8908 23.9515 2.5
      vertex 22.9768 23.9314 2.5
    endloop
  endfacet
  facet normal 0 0 1
    outer loop
      vertex 22.0881 25.1866 2.5
      vertex 22.8036 23.9659 2.5
      vertex 22.8908 23.9515 2.5
    endloop
  endfacet
  facet normal 0 0 1
    outer loop
      vertex 22.0881 25.1866 2.5
      vertex 22.7157 23.9745 2.5
      vertex 22.8036 23.9659 2.5
    endloop
  endfacet
  facet normal 0 0 1
    outer loop
      vertex 22.0881 25.1866 2.5
      vertex 22.6274 23.9774 2.5
      vertex 22.7157 23.9745 2.5
    endloop
  endfacet
  facet normal 0 0 1
    outer loop
      vertex 22.0881 25.1866 2.5
      vertex 22.5391 23.9745 2.5
      vertex 22.6274 23.9774 2.5
    endloop
  endfacet
  facet normal 0 0 1
    outer loop
      vertex 22.0881 25.1866 2.5
      vertex 22.4512 23.9659 2.5
      vertex 22.5391 23.9745 2.5
    endloop
  endfacet
  facet normal 0 0 1
    outer loop
      vertex 22.0881 25.1866 2.5
      vertex 22.364 23.9515 2.5
      vertex 22.4512 23.9659 2.5
    endloop
  endfacet
  facet normal 0 0 1
    outer loop
      vertex 22.0881 25.1866 2.5
      vertex 22.278 23.9314 2.5
      vertex 22.364 23.9515 2.5
    endloop
  endfacet
  facet normal 0 0 1
    outer loop
      vertex 22.0881 25.1866 2.5
      vertex 22.1935 23.9058 2.5
      vertex 22.278 23.9314 2.5
    endloop
  endfacet
  facet normal 0 0 1
    outer loop
      vertex 22.0881 25.1866 2.5
      vertex 22.1108 23.8747 2.5
      vertex 22.1935 23.9058 2.5
    endloop
  endfacet
  facet normal 0 0 1
    outer loop
      vertex 22.0881 25.1866 2.5
      vertex 22.0303 23.8382 2.5
      vertex 22.1108 23.8747 2.5
    endloop
  endfacet
  facet normal 0 0 1
    outer loop
      vertex 22.0881 25.1866 2.5
      vertex 21.9524 23.7966 2.5
      vertex 22.0303 23.8382 2.5
    endloop
  endfacet
  facet normal 0 0 1
    outer loop
      vertex 22.0881 25.1866 2.5
      vertex 21.8774 23.7499 2.5
      vertex 21.9524 23.7966 2.5
    endloop
  endfacet
  facet normal 0 0 1
    outer loop
      vertex 22.0881 25.1866 2.5
      vertex 21.8056 23.6984 2.5
      vertex 21.8774 23.7499 2.5
    endloop
  endfacet
  facet normal 0 0 1
    outer loop
      vertex 22.0881 25.1866 2.5
      vertex 21.7373 23.6424 2.5
      vertex 21.8056 23.6984 2.5
    endloop
  endfacet
  facet normal 0 0 1
    outer loop
      vertex 22.0881 25.1866 2.5
      vertex 21.6728 23.582 2.5
      vertex 21.7373 23.6424 2.5
    endloop
  endfacet
  facet normal 0 0 1
    outer loop
      vertex 22.0881 25.1866 2.5
      vertex 21.6124 23.5175 2.5
      vertex 21.6728 23.582 2.5
    endloop
  endfacet
  facet normal 0 0 1
    outer loop
      vertex 20.3935 26.5773 2.5
      vertex 21.6124 23.5175 2.5
      vertex 22.0881 25.1866 2.5
    endloop
  endfacet
  facet normal 0 0 1
    outer loop
      vertex 21.6124 23.5175 2.5
      vertex 20.3935 26.5773 2.5
      vertex 21.5564 23.4492 2.5
    endloop
  endfacet
  facet normal 0 0 1
    outer loop
      vertex 21.5564 23.4492 2.5
      vertex 20.3935 26.5773 2.5
      vertex 21.5049 23.3774 2.5
    endloop
  endfacet
  facet normal 0 0 1
    outer loop
      vertex 21.5049 23.3774 2.5
      vertex 20.3935 26.5773 2.5
      vertex 21.4583 23.3024 2.5
    endloop
  endfacet
  facet normal 0 0 1
    outer loop
      vertex 21.4583 23.3024 2.5
      vertex 20.3935 26.5773 2.5
      vertex 21.4166 23.2245 2.5
    endloop
  endfacet
  facet normal 0 0 1
    outer loop
      vertex 21.4166 23.2245 2.5
      vertex 20.3935 26.5773 2.5
      vertex 21.3802 23.144 2.5
    endloop
  endfacet
  facet normal 0 0 1
    outer loop
      vertex 21.3802 23.144 2.5
      vertex 20.3935 26.5773 2.5
      vertex 21.3491 23.0614 2.5
    endloop
  endfacet
  facet normal 0 0 1
    outer loop
      vertex 20.3935 26.5773 2.5
      vertex 21.3234 22.9768 2.5
      vertex 21.3491 23.0614 2.5
    endloop
  endfacet
  facet normal 0 0 1
    outer loop
      vertex 20.3935 26.5773 2.5
      vertex 21.3034 22.8908 2.5
      vertex 21.3234 22.9768 2.5
    endloop
  endfacet
  facet normal 0 0 1
    outer loop
      vertex 18.6116 27.8542 2.5
      vertex 21.3034 22.8908 2.5
      vertex 20.3935 26.5773 2.5
    endloop
  endfacet
  facet normal 0 0 1
    outer loop
      vertex 13.6115 20.371 2.5
      vertex 21.3034 22.8908 2.5
      vertex 18.6116 27.8542 2.5
    endloop
  endfacet
  facet normal 0 0 1
    outer loop
      vertex 21.3034 22.8908 2.5
      vertex 13.6115 20.371 2.5
      vertex 21.289 22.8036 2.5
    endloop
  endfacet
  facet normal 0 0 1
    outer loop
      vertex 21.2803 22.7157 2.5
      vertex 14.9147 19.4372 2.5
      vertex 21.2774 22.6274 2.5
    endloop
  endfacet
  facet normal 0 0 1
    outer loop
      vertex 21.289 22.4512 2.5
      vertex 20.371 13.6115 2.5
      vertex 21.2176 12.25 2.5
    endloop
  endfacet
  facet normal 0 0 1
    outer loop
      vertex 21.289 22.4512 2.5
      vertex 19.4372 14.9147 2.5
      vertex 20.371 13.6115 2.5
    endloop
  endfacet
  facet normal 0 0 1
    outer loop
      vertex 21.2774 22.6274 2.5
      vertex 14.9147 19.4372 2.5
      vertex 21.2803 22.5391 2.5
    endloop
  endfacet
  facet normal 0 0 1
    outer loop
      vertex 21.289 22.4512 2.5
      vertex 18.4201 16.154 2.5
      vertex 19.4372 14.9147 2.5
    endloop
  endfacet
  facet normal 0 0 1
    outer loop
      vertex 21.289 22.4512 2.5
      vertex 17.3241 17.3241 2.5
      vertex 18.4201 16.154 2.5
    endloop
  endfacet
  facet normal 0 0 1
    outer loop
      vertex 13.6115 20.371 2.5
      vertex 18.6116 27.8542 2.5
      vertex 16.75 29.0119 2.5
    endloop
  endfacet
  facet normal 0 0 1
    outer loop
      vertex 21.289 22.4512 2.5
      vertex 16.154 18.4201 2.5
      vertex 17.3241 17.3241 2.5
    endloop
  endfacet
  facet normal 0 0 1
    outer loop
      vertex 21.289 22.4512 2.5
      vertex 14.9147 19.4372 2.5
      vertex 16.154 18.4201 2.5
    endloop
  endfacet
  facet normal 0 0 1
    outer loop
      vertex 12.25 21.2176 2.5
      vertex 16.75 29.0119 2.5
      vertex 14.8167 30.0452 2.5
    endloop
  endfacet
  facet normal 0 0 1
    outer loop
      vertex 21.2803 22.5391 2.5
      vertex 14.9147 19.4372 2.5
      vertex 21.289 22.4512 2.5
    endloop
  endfacet
  facet normal 0 0 1
    outer loop
      vertex 10.8361 21.9734 2.5
      vertex 14.8167 30.0452 2.5
      vertex 12.8199 30.95 2.5
    endloop
  endfacet
  facet normal 0 0 1
    outer loop
      vertex 16.75 29.0119 2.5
      vertex 12.25 21.2176 2.5
      vertex 13.6115 20.371 2.5
    endloop
  endfacet
  facet normal 0 0 1
    outer loop
      vertex 14.8167 30.0452 2.5
      vertex 10.8361 21.9734 2.5
      vertex 12.25 21.2176 2.5
    endloop
  endfacet
  facet normal 0 0 1
    outer loop
      vertex 9.37574 22.635 2.5
      vertex 12.8199 30.95 2.5
      vertex 10.7682 31.7222 2.5
    endloop
  endfacet
  facet normal 0 0 1
    outer loop
      vertex 12.8199 30.95 2.5
      vertex 9.37574 22.635 2.5
      vertex 10.8361 21.9734 2.5
    endloop
  endfacet
  facet normal 0 0 1
    outer loop
      vertex 7.87527 23.1998 2.5
      vertex 10.7682 31.7222 2.5
      vertex 8.67044 32.3585 2.5
    endloop
  endfacet
  facet normal 0 0 1
    outer loop
      vertex 10.7682 31.7222 2.5
      vertex 7.87527 23.1998 2.5
      vertex 9.37574 22.635 2.5
    endloop
  endfacet
  facet normal 0 0 1
    outer loop
      vertex 6.34107 23.6652 2.5
      vertex 8.67044 32.3585 2.5
      vertex 6.53553 32.8563 2.5
    endloop
  endfacet
  facet normal 0 0 1
    outer loop
      vertex 8.67044 32.3585 2.5
      vertex 6.34107 23.6652 2.5
      vertex 7.87527 23.1998 2.5
    endloop
  endfacet
  facet normal 0 0 1
    outer loop
      vertex 6.53553 32.8563 2.5
      vertex 4.77971 24.0292 2.5
      vertex 6.34107 23.6652 2.5
    endloop
  endfacet
  facet normal 0 0 1
    outer loop
      vertex 4.37263 33.2134 2.5
      vertex 4.77971 24.0292 2.5
      vertex 6.53553 32.8563 2.5
    endloop
  endfacet
  facet normal 0 0 1
    outer loop
      vertex 4.37263 33.2134 2.5
      vertex 3.19789 24.2904 2.5
      vertex 4.77971 24.0292 2.5
    endloop
  endfacet
  facet normal 0 0 1
    outer loop
      vertex 2.191 33.4283 2.5
      vertex 3.19789 24.2904 2.5
      vertex 4.37263 33.2134 2.5
    endloop
  endfacet
  facet normal 0 0 1
    outer loop
      vertex 2.191 33.4283 2.5
      vertex 1.60238 24.4475 2.5
      vertex 3.19789 24.2904 2.5
    endloop
  endfacet
  facet normal 0 0 1
    outer loop
      vertex 0 33.5 2.5
      vertex 1.60238 24.4475 2.5
      vertex 2.191 33.4283 2.5
    endloop
  endfacet
  facet normal 0 0 1
    outer loop
      vertex 0 33.5 2.5
      vertex 0 24.5 2.5
      vertex 1.60238 24.4475 2.5
    endloop
  endfacet
  facet normal 0 0 1
    outer loop
      vertex 0 33.5 2.5
      vertex -1.60238 24.4475 2.5
      vertex 0 24.5 2.5
    endloop
  endfacet
  facet normal -0 0 1
    outer loop
      vertex -2.191 33.4283 2.5
      vertex -1.60238 24.4475 2.5
      vertex 0 33.5 2.5
    endloop
  endfacet
  facet normal 0 0 1
    outer loop
      vertex -2.191 33.4283 2.5
      vertex -3.19789 24.2904 2.5
      vertex -1.60238 24.4475 2.5
    endloop
  endfacet
  facet normal -0 0 1
    outer loop
      vertex -4.37263 33.2134 2.5
      vertex -3.19789 24.2904 2.5
      vertex -2.191 33.4283 2.5
    endloop
  endfacet
  facet normal 0 0 1
    outer loop
      vertex -4.37263 33.2134 2.5
      vertex -4.77971 24.0292 2.5
      vertex -3.19789 24.2904 2.5
    endloop
  endfacet
  facet normal -0 0 1
    outer loop
      vertex -6.53553 32.8563 2.5
      vertex -4.77971 24.0292 2.5
      vertex -4.37263 33.2134 2.5
    endloop
  endfacet
  facet normal 0 0 1
    outer loop
      vertex -4.77971 24.0292 2.5
      vertex -6.53553 32.8563 2.5
      vertex -6.34107 23.6652 2.5
    endloop
  endfacet
  facet normal -0 0 1
    outer loop
      vertex -8.67044 32.3585 2.5
      vertex -6.34107 23.6652 2.5
      vertex -6.53553 32.8563 2.5
    endloop
  endfacet
  facet normal 0 0 1
    outer loop
      vertex -6.34107 23.6652 2.5
      vertex -8.67044 32.3585 2.5
      vertex -7.87527 23.1998 2.5
    endloop
  endfacet
  facet normal -0 0 1
    outer loop
      vertex -10.7682 31.7222 2.5
      vertex -7.87527 23.1998 2.5
      vertex -8.67044 32.3585 2.5
    endloop
  endfacet
  facet normal 0 0 1
    outer loop
      vertex -7.87527 23.1998 2.5
      vertex -10.7682 31.7222 2.5
      vertex -9.37574 22.635 2.5
    endloop
  endfacet
  facet normal -0 0 1
    outer loop
      vertex -12.8199 30.95 2.5
      vertex -9.37574 22.635 2.5
      vertex -10.7682 31.7222 2.5
    endloop
  endfacet
  facet normal 0 0 1
    outer loop
      vertex -9.37574 22.635 2.5
      vertex -12.8199 30.95 2.5
      vertex -10.8361 21.9734 2.5
    endloop
  endfacet
  facet normal -0 0 1
    outer loop
      vertex -14.8167 30.0452 2.5
      vertex -10.8361 21.9734 2.5
      vertex -12.8199 30.95 2.5
    endloop
  endfacet
  facet normal 0 0 1
    outer loop
      vertex -10.8361 21.9734 2.5
      vertex -14.8167 30.0452 2.5
      vertex -12.25 21.2176 2.5
    endloop
  endfacet
  facet normal -0 0 1
    outer loop
      vertex -16.75 29.0119 2.5
      vertex -12.25 21.2176 2.5
      vertex -14.8167 30.0452 2.5
    endloop
  endfacet
  facet normal 0 0 1
    outer loop
      vertex -12.25 21.2176 2.5
      vertex -16.75 29.0119 2.5
      vertex -13.6115 20.371 2.5
    endloop
  endfacet
  facet normal -0 0 1
    outer loop
      vertex -18.6116 27.8542 2.5
      vertex -13.6115 20.371 2.5
      vertex -16.75 29.0119 2.5
    endloop
  endfacet
  facet normal -0 0 1
    outer loop
      vertex -21.3034 22.8908 2.5
      vertex -13.6115 20.371 2.5
      vertex -18.6116 27.8542 2.5
    endloop
  endfacet
  facet normal -0 -0 1
    outer loop
      vertex -21.289 22.8036 2.5
      vertex -13.6115 20.371 2.5
      vertex -21.3034 22.8908 2.5
    endloop
  endfacet
  facet normal -0 -0 1
    outer loop
      vertex -21.2803 22.7157 2.5
      vertex -14.9147 19.4372 2.5
      vertex -21.289 22.8036 2.5
    endloop
  endfacet
  facet normal -0 0 1
    outer loop
      vertex -21.289 22.4512 2.5
      vertex -14.9147 19.4372 2.5
      vertex -21.2803 22.5391 2.5
    endloop
  endfacet
  facet normal -0 0 1
    outer loop
      vertex -21.3034 22.364 2.5
      vertex -14.9147 19.4372 2.5
      vertex -21.289 22.4512 2.5
    endloop
  endfacet
  facet normal 0 0 1
    outer loop
      vertex -14.9147 19.4372 2.5
      vertex -21.3034 22.364 2.5
      vertex -16.154 18.4201 2.5
    endloop
  endfacet
  facet normal 0 0 1
    outer loop
      vertex -21.3034 22.8908 2.5
      vertex -18.6116 27.8542 2.5
      vertex -20.3935 26.5773 2.5
    endloop
  endfacet
  facet normal -0 0 1
    outer loop
      vertex -21.3234 22.278 2.5
      vertex -16.154 18.4201 2.5
      vertex -21.3034 22.364 2.5
    endloop
  endfacet
  facet normal -0 0 1
    outer loop
      vertex -21.3491 22.1935 2.5
      vertex -16.154 18.4201 2.5
      vertex -21.3234 22.278 2.5
    endloop
  endfacet
  facet normal -0 0 1
    outer loop
      vertex -21.2803 22.5391 2.5
      vertex -14.9147 19.4372 2.5
      vertex -21.2774 22.6274 2.5
    endloop
  endfacet
  facet normal -0 -0 1
    outer loop
      vertex -21.2774 22.6274 2.5
      vertex -14.9147 19.4372 2.5
      vertex -21.2803 22.7157 2.5
    endloop
  endfacet
  facet normal 0 0 1
    outer loop
      vertex -13.6115 20.371 2.5
      vertex -21.289 22.8036 2.5
      vertex -14.9147 19.4372 2.5
    endloop
  endfacet
  facet normal 0 0 1
    outer loop
      vertex -20.3935 26.5773 2.5
      vertex -21.3234 22.9768 2.5
      vertex -21.3034 22.8908 2.5
    endloop
  endfacet
  facet normal 0 0 1
    outer loop
      vertex -20.3935 26.5773 2.5
      vertex -21.3491 23.0614 2.5
      vertex -21.3234 22.9768 2.5
    endloop
  endfacet
  facet normal 0 0 1
    outer loop
      vertex -20.3935 26.5773 2.5
      vertex -21.3802 23.144 2.5
      vertex -21.3491 23.0614 2.5
    endloop
  endfacet
  facet normal 0 0 1
    outer loop
      vertex -20.3935 26.5773 2.5
      vertex -21.4166 23.2245 2.5
      vertex -21.3802 23.144 2.5
    endloop
  endfacet
  facet normal 0 0 1
    outer loop
      vertex -20.3935 26.5773 2.5
      vertex -21.4583 23.3024 2.5
      vertex -21.4166 23.2245 2.5
    endloop
  endfacet
  facet normal 0 0 1
    outer loop
      vertex -20.3935 26.5773 2.5
      vertex -21.5049 23.3774 2.5
      vertex -21.4583 23.3024 2.5
    endloop
  endfacet
  facet normal 0 0 1
    outer loop
      vertex -20.3935 26.5773 2.5
      vertex -21.5564 23.4492 2.5
      vertex -21.5049 23.3774 2.5
    endloop
  endfacet
  facet normal 0 0 1
    outer loop
      vertex -20.3935 26.5773 2.5
      vertex -21.6124 23.5175 2.5
      vertex -21.5564 23.4492 2.5
    endloop
  endfacet
  facet normal 0 0 1
    outer loop
      vertex -20.3935 26.5773 2.5
      vertex -21.6728 23.582 2.5
      vertex -21.6124 23.5175 2.5
    endloop
  endfacet
  facet normal -0 0 1
    outer loop
      vertex -22.0881 25.1866 2.5
      vertex -21.6728 23.582 2.5
      vertex -20.3935 26.5773 2.5
    endloop
  endfacet
  facet normal 0 0 1
    outer loop
      vertex -21.6728 23.582 2.5
      vertex -22.0881 25.1866 2.5
      vertex -21.7373 23.6424 2.5
    endloop
  endfacet
  facet normal 0 0 1
    outer loop
      vertex -21.7373 23.6424 2.5
      vertex -22.0881 25.1866 2.5
      vertex -21.8056 23.6984 2.5
    endloop
  endfacet
  facet normal 0 0 1
    outer loop
      vertex -21.8056 23.6984 2.5
      vertex -22.0881 25.1866 2.5
      vertex -21.8774 23.7499 2.5
    endloop
  endfacet
  facet normal 0 0 1
    outer loop
      vertex -21.8774 23.7499 2.5
      vertex -22.0881 25.1866 2.5
      vertex -21.9524 23.7966 2.5
    endloop
  endfacet
  facet normal 0 0 1
    outer loop
      vertex -21.9524 23.7966 2.5
      vertex -22.0881 25.1866 2.5
      vertex -22.0303 23.8382 2.5
    endloop
  endfacet
  facet normal 0 0 1
    outer loop
      vertex -22.0881 25.1866 2.5
      vertex -22.1108 23.8747 2.5
      vertex -22.0303 23.8382 2.5
    endloop
  endfacet
  facet normal 0 0 1
    outer loop
      vertex -22.0881 25.1866 2.5
      vertex -22.1935 23.9058 2.5
      vertex -22.1108 23.8747 2.5
    endloop
  endfacet
  facet normal 0 0 1
    outer loop
      vertex -22.0881 25.1866 2.5
      vertex -22.278 23.9314 2.5
      vertex -22.1935 23.9058 2.5
    endloop
  endfacet
  facet normal 0 0 1
    outer loop
      vertex -22.0881 25.1866 2.5
      vertex -22.364 23.9515 2.5
      vertex -22.278 23.9314 2.5
    endloop
  endfacet
  facet normal 0 0 1
    outer loop
      vertex -22.0881 25.1866 2.5
      vertex -22.4512 23.9659 2.5
      vertex -22.364 23.9515 2.5
    endloop
  endfacet
  facet normal 0 0 1
    outer loop
      vertex -22.0881 25.1866 2.5
      vertex -22.5391 23.9745 2.5
      vertex -22.4512 23.9659 2.5
    endloop
  endfacet
  facet normal 0 0 1
    outer loop
      vertex -22.0881 25.1866 2.5
      vertex -22.6274 23.9774 2.5
      vertex -22.5391 23.9745 2.5
    endloop
  endfacet
  facet normal 0 0 1
    outer loop
      vertex -22.0881 25.1866 2.5
      vertex -22.7157 23.9745 2.5
      vertex -22.6274 23.9774 2.5
    endloop
  endfacet
  facet normal 0 0 1
    outer loop
      vertex -22.0881 25.1866 2.5
      vertex -22.8036 23.9659 2.5
      vertex -22.7157 23.9745 2.5
    endloop
  endfacet
  facet normal 0 0 1
    outer loop
      vertex -22.0881 25.1866 2.5
      vertex -22.8908 23.9515 2.5
      vertex -22.8036 23.9659 2.5
    endloop
  endfacet
  facet normal 0 0 1
    outer loop
      vertex -22.0881 25.1866 2.5
      vertex -22.9768 23.9314 2.5
      vertex -22.8908 23.9515 2.5
    endloop
  endfacet
  facet normal 0 0 1
    outer loop
      vertex -22.0881 25.1866 2.5
      vertex -23.0614 23.9058 2.5
      vertex -22.9768 23.9314 2.5
    endloop
  endfacet
  facet normal 0 0 1
    outer loop
      vertex -22.0881 25.1866 2.5
      vertex -23.144 23.8747 2.5
      vertex -23.0614 23.9058 2.5
    endloop
  endfacet
  facet normal 0 0 1
    outer loop
      vertex -22.0881 25.1866 2.5
      vertex -23.2245 23.8382 2.5
      vertex -23.144 23.8747 2.5
    endloop
  endfacet
  facet normal 0 0 1
    outer loop
      vertex -23.6881 23.6881 2.5
      vertex -23.2245 23.8382 2.5
      vertex -22.0881 25.1866 2.5
    endloop
  endfacet
  facet normal 0 0 1
    outer loop
      vertex -23.2245 23.8382 2.5
      vertex -23.6881 23.6881 2.5
      vertex -23.3024 23.7966 2.5
    endloop
  endfacet
  facet normal 0 0 1
    outer loop
      vertex -23.3024 23.7966 2.5
      vertex -23.6881 23.6881 2.5
      vertex -23.3774 23.7499 2.5
    endloop
  endfacet
  facet normal 0 0 1
    outer loop
      vertex -23.3774 23.7499 2.5
      vertex -23.6881 23.6881 2.5
      vertex -23.4492 23.6984 2.5
    endloop
  endfacet
  facet normal 0 0 1
    outer loop
      vertex -23.4492 23.6984 2.5
      vertex -23.6881 23.6881 2.5
      vertex -23.5175 23.6424 2.5
    endloop
  endfacet
  facet normal 0 0 1
    outer loop
      vertex -23.5175 23.6424 2.5
      vertex -23.6881 23.6881 2.5
      vertex -23.582 23.582 2.5
    endloop
  endfacet
  facet normal 0 0 1
    outer loop
      vertex -23.582 23.582 2.5
      vertex -23.6881 23.6881 2.5
      vertex -23.6424 23.5175 2.5
    endloop
  endfacet
  facet normal 0 0 1
    outer loop
      vertex -23.6881 23.6881 2.5
      vertex -23.6984 23.4492 2.5
      vertex -23.6424 23.5175 2.5
    endloop
  endfacet
  facet normal 0 0 1
    outer loop
      vertex -23.6881 23.6881 2.5
      vertex -23.7499 23.3774 2.5
      vertex -23.6984 23.4492 2.5
    endloop
  endfacet
  facet normal 0 0 1
    outer loop
      vertex -23.6881 23.6881 2.5
      vertex -23.7966 23.3024 2.5
      vertex -23.7499 23.3774 2.5
    endloop
  endfacet
  facet normal 0 0 1
    outer loop
      vertex -23.6881 23.6881 2.5
      vertex -23.8382 23.2245 2.5
      vertex -23.7966 23.3024 2.5
    endloop
  endfacet
  facet normal 0 0 1
    outer loop
      vertex -25.1866 22.0881 2.5
      vertex -23.8382 23.2245 2.5
      vertex -23.6881 23.6881 2.5
    endloop
  endfacet
  facet normal 0 0 1
    outer loop
      vertex -23.8382 23.2245 2.5
      vertex -25.1866 22.0881 2.5
      vertex -23.8747 23.144 2.5
    endloop
  endfacet
  facet normal 0 0 1
    outer loop
      vertex -23.582 21.6728 2.5
      vertex -25.1866 22.0881 2.5
      vertex -26.5773 20.3935 2.5
    endloop
  endfacet
  facet normal 0 0 1
    outer loop
      vertex -21.9734 10.8361 2.5
      vertex -30.0452 14.8167 2.5
      vertex -22.635 9.37574 2.5
    endloop
  endfacet
  facet normal -0 0 1
    outer loop
      vertex -30.95 12.8199 2.5
      vertex -22.635 9.37574 2.5
      vertex -30.0452 14.8167 2.5
    endloop
  endfacet
  facet normal 0 0 1
    outer loop
      vertex -22.635 9.37574 2.5
      vertex -30.95 12.8199 2.5
      vertex -23.1998 7.87527 2.5
    endloop
  endfacet
  facet normal 0 0 1
    outer loop
      vertex -23.9745 22.7157 2.5
      vertex -25.1866 22.0881 2.5
      vertex -23.9774 22.6274 2.5
    endloop
  endfacet
  facet normal 0 0 1
    outer loop
      vertex -23.9659 22.8036 2.5
      vertex -25.1866 22.0881 2.5
      vertex -23.9745 22.7157 2.5
    endloop
  endfacet
  facet normal 0 0 1
    outer loop
      vertex -23.9515 22.8908 2.5
      vertex -25.1866 22.0881 2.5
      vertex -23.9659 22.8036 2.5
    endloop
  endfacet
  facet normal 0 0 1
    outer loop
      vertex -23.9314 22.9768 2.5
      vertex -25.1866 22.0881 2.5
      vertex -23.9515 22.8908 2.5
    endloop
  endfacet
  facet normal 0 0 1
    outer loop
      vertex -23.9058 23.0614 2.5
      vertex -25.1866 22.0881 2.5
      vertex -23.9314 22.9768 2.5
    endloop
  endfacet
  facet normal 0 0 1
    outer loop
      vertex -23.8747 23.144 2.5
      vertex -25.1866 22.0881 2.5
      vertex -23.9058 23.0614 2.5
    endloop
  endfacet
  facet normal -0 0 1
    outer loop
      vertex 22.635 -9.37574 2.5
      vertex 30.95 -12.8199 2.5
      vertex 23.1998 -7.87527 2.5
    endloop
  endfacet
  facet normal 0 0 1
    outer loop
      vertex 30.95 -12.8199 2.5
      vertex 22.635 -9.37574 2.5
      vertex 30.0452 -14.8167 2.5
    endloop
  endfacet
  facet normal -0 0 1
    outer loop
      vertex 21.9734 -10.8361 2.5
      vertex 30.0452 -14.8167 2.5
      vertex 22.635 -9.37574 2.5
    endloop
  endfacet
  facet normal 0 0 1
    outer loop
      vertex 23.9745 -22.5391 2.5
      vertex 25.1866 -22.0881 2.5
      vertex 26.5773 -20.3935 2.5
    endloop
  endfacet
  facet normal 0 0 1
    outer loop
      vertex 23.9745 -22.7157 2.5
      vertex 25.1866 -22.0881 2.5
      vertex 23.9774 -22.6274 2.5
    endloop
  endfacet
  facet normal 0 0 1
    outer loop
      vertex 23.9659 -22.8036 2.5
      vertex 25.1866 -22.0881 2.5
      vertex 23.9745 -22.7157 2.5
    endloop
  endfacet
  facet normal 0 0 1
    outer loop
      vertex 23.9515 -22.8908 2.5
      vertex 25.1866 -22.0881 2.5
      vertex 23.9659 -22.8036 2.5
    endloop
  endfacet
  facet normal 0 0 1
    outer loop
      vertex 23.9314 -22.9768 2.5
      vertex 25.1866 -22.0881 2.5
      vertex 23.9515 -22.8908 2.5
    endloop
  endfacet
  facet normal 0 0 1
    outer loop
      vertex 23.9058 -23.0614 2.5
      vertex 25.1866 -22.0881 2.5
      vertex 23.9314 -22.9768 2.5
    endloop
  endfacet
  facet normal 0 0 1
    outer loop
      vertex 23.8747 -23.144 2.5
      vertex 25.1866 -22.0881 2.5
      vertex 23.9058 -23.0614 2.5
    endloop
  endfacet
  facet normal 0 0 1
    outer loop
      vertex 23.8382 -23.2245 2.5
      vertex 25.1866 -22.0881 2.5
      vertex 23.8747 -23.144 2.5
    endloop
  endfacet
  facet normal 0 0 1
    outer loop
      vertex 23.6881 -23.6881 2.5
      vertex 23.8382 -23.2245 2.5
      vertex 23.7966 -23.3024 2.5
    endloop
  endfacet
  facet normal 0 0 1
    outer loop
      vertex 23.6881 -23.6881 2.5
      vertex 23.7966 -23.3024 2.5
      vertex 23.7499 -23.3774 2.5
    endloop
  endfacet
  facet normal 0 0 1
    outer loop
      vertex 23.6881 -23.6881 2.5
      vertex 23.7499 -23.3774 2.5
      vertex 23.6984 -23.4492 2.5
    endloop
  endfacet
  facet normal -0 0 1
    outer loop
      vertex 23.8382 -23.2245 2.5
      vertex 23.6881 -23.6881 2.5
      vertex 25.1866 -22.0881 2.5
    endloop
  endfacet
  facet normal -0 0 1
    outer loop
      vertex 23.6424 -23.5175 2.5
      vertex 23.6881 -23.6881 2.5
      vertex 23.6984 -23.4492 2.5
    endloop
  endfacet
  facet normal -0 0 1
    outer loop
      vertex 23.582 -23.582 2.5
      vertex 23.6881 -23.6881 2.5
      vertex 23.6424 -23.5175 2.5
    endloop
  endfacet
  facet normal -0 0 1
    outer loop
      vertex 23.5175 -23.6424 2.5
      vertex 23.6881 -23.6881 2.5
      vertex 23.582 -23.582 2.5
    endloop
  endfacet
  facet normal 0 0 1
    outer loop
      vertex 23.4492 -23.6984 2.5
      vertex 23.6881 -23.6881 2.5
      vertex 23.5175 -23.6424 2.5
    endloop
  endfacet
  facet normal 0 0 1
    outer loop
      vertex 23.3774 -23.7499 2.5
      vertex 23.6881 -23.6881 2.5
      vertex 23.4492 -23.6984 2.5
    endloop
  endfacet
  facet normal 0 0 1
    outer loop
      vertex 23.3024 -23.7966 2.5
      vertex 23.6881 -23.6881 2.5
      vertex 23.3774 -23.7499 2.5
    endloop
  endfacet
  facet normal 0 0 1
    outer loop
      vertex 23.2245 -23.8382 2.5
      vertex 23.6881 -23.6881 2.5
      vertex 23.3024 -23.7966 2.5
    endloop
  endfacet
  facet normal 0 0 1
    outer loop
      vertex 22.0881 -25.1866 2.5
      vertex 23.2245 -23.8382 2.5
      vertex 23.144 -23.8747 2.5
    endloop
  endfacet
  facet normal 0 0 1
    outer loop
      vertex 22.0881 -25.1866 2.5
      vertex 23.144 -23.8747 2.5
      vertex 23.0614 -23.9058 2.5
    endloop
  endfacet
  facet normal -0 0 1
    outer loop
      vertex 23.2245 -23.8382 2.5
      vertex 22.0881 -25.1866 2.5
      vertex 23.6881 -23.6881 2.5
    endloop
  endfacet
  facet normal -0 0 1
    outer loop
      vertex 22.9768 -23.9314 2.5
      vertex 22.0881 -25.1866 2.5
      vertex 23.0614 -23.9058 2.5
    endloop
  endfacet
  facet normal -0 0 1
    outer loop
      vertex 22.8908 -23.9515 2.5
      vertex 22.0881 -25.1866 2.5
      vertex 22.9768 -23.9314 2.5
    endloop
  endfacet
  facet normal -0 0 1
    outer loop
      vertex 22.8036 -23.9659 2.5
      vertex 22.0881 -25.1866 2.5
      vertex 22.8908 -23.9515 2.5
    endloop
  endfacet
  facet normal -0 0 1
    outer loop
      vertex 22.7157 -23.9745 2.5
      vertex 22.0881 -25.1866 2.5
      vertex 22.8036 -23.9659 2.5
    endloop
  endfacet
  facet normal -0 0 1
    outer loop
      vertex 22.6274 -23.9774 2.5
      vertex 22.0881 -25.1866 2.5
      vertex 22.7157 -23.9745 2.5
    endloop
  endfacet
  facet normal 0 0 1
    outer loop
      vertex 22.5391 -23.9745 2.5
      vertex 22.0881 -25.1866 2.5
      vertex 22.6274 -23.9774 2.5
    endloop
  endfacet
  facet normal 0 0 1
    outer loop
      vertex 22.4512 -23.9659 2.5
      vertex 22.0881 -25.1866 2.5
      vertex 22.5391 -23.9745 2.5
    endloop
  endfacet
  facet normal 0 0 1
    outer loop
      vertex 22.364 -23.9515 2.5
      vertex 22.0881 -25.1866 2.5
      vertex 22.4512 -23.9659 2.5
    endloop
  endfacet
  facet normal 0 0 1
    outer loop
      vertex 22.278 -23.9314 2.5
      vertex 22.0881 -25.1866 2.5
      vertex 22.364 -23.9515 2.5
    endloop
  endfacet
  facet normal 0 0 1
    outer loop
      vertex 22.1935 -23.9058 2.5
      vertex 22.0881 -25.1866 2.5
      vertex 22.278 -23.9314 2.5
    endloop
  endfacet
  facet normal 0 0 1
    outer loop
      vertex 22.1108 -23.8747 2.5
      vertex 22.0881 -25.1866 2.5
      vertex 22.1935 -23.9058 2.5
    endloop
  endfacet
  facet normal 0 0 1
    outer loop
      vertex 22.0303 -23.8382 2.5
      vertex 22.0881 -25.1866 2.5
      vertex 22.1108 -23.8747 2.5
    endloop
  endfacet
  facet normal 0 0 1
    outer loop
      vertex 21.9524 -23.7966 2.5
      vertex 22.0881 -25.1866 2.5
      vertex 22.0303 -23.8382 2.5
    endloop
  endfacet
  facet normal 0 0 1
    outer loop
      vertex 21.8774 -23.7499 2.5
      vertex 22.0881 -25.1866 2.5
      vertex 21.9524 -23.7966 2.5
    endloop
  endfacet
  facet normal 0 0 1
    outer loop
      vertex 21.8056 -23.6984 2.5
      vertex 22.0881 -25.1866 2.5
      vertex 21.8774 -23.7499 2.5
    endloop
  endfacet
  facet normal 0 0 1
    outer loop
      vertex 21.7373 -23.6424 2.5
      vertex 22.0881 -25.1866 2.5
      vertex 21.8056 -23.6984 2.5
    endloop
  endfacet
  facet normal 0 0 1
    outer loop
      vertex 21.6728 -23.582 2.5
      vertex 22.0881 -25.1866 2.5
      vertex 21.7373 -23.6424 2.5
    endloop
  endfacet
  facet normal 0 0 1
    outer loop
      vertex 21.6124 -23.5175 2.5
      vertex 22.0881 -25.1866 2.5
      vertex 21.6728 -23.582 2.5
    endloop
  endfacet
  facet normal 0 0 1
    outer loop
      vertex 20.3935 -26.5773 2.5
      vertex 21.6124 -23.5175 2.5
      vertex 21.5564 -23.4492 2.5
    endloop
  endfacet
  facet normal 0 0 1
    outer loop
      vertex 20.3935 -26.5773 2.5
      vertex 21.5564 -23.4492 2.5
      vertex 21.5049 -23.3774 2.5
    endloop
  endfacet
  facet normal 0 0 1
    outer loop
      vertex 20.3935 -26.5773 2.5
      vertex 21.5049 -23.3774 2.5
      vertex 21.4583 -23.3024 2.5
    endloop
  endfacet
  facet normal 0 0 1
    outer loop
      vertex 20.3935 -26.5773 2.5
      vertex 21.4583 -23.3024 2.5
      vertex 21.4166 -23.2245 2.5
    endloop
  endfacet
  facet normal 0 0 1
    outer loop
      vertex 20.3935 -26.5773 2.5
      vertex 21.4166 -23.2245 2.5
      vertex 21.3802 -23.144 2.5
    endloop
  endfacet
  facet normal 0 0 1
    outer loop
      vertex 20.3935 -26.5773 2.5
      vertex 21.3802 -23.144 2.5
      vertex 21.3491 -23.0614 2.5
    endloop
  endfacet
  facet normal 0 0 1
    outer loop
      vertex 21.6124 -23.5175 2.5
      vertex 20.3935 -26.5773 2.5
      vertex 22.0881 -25.1866 2.5
    endloop
  endfacet
  facet normal 0 0 1
    outer loop
      vertex 21.3234 -22.9768 2.5
      vertex 20.3935 -26.5773 2.5
      vertex 21.3491 -23.0614 2.5
    endloop
  endfacet
  facet normal 0 0 1
    outer loop
      vertex 21.3034 -22.8908 2.5
      vertex 20.3935 -26.5773 2.5
      vertex 21.3234 -22.9768 2.5
    endloop
  endfacet
  facet normal 0 0 1
    outer loop
      vertex 13.6115 -20.371 2.5
      vertex 21.3034 -22.8908 2.5
      vertex 21.289 -22.8036 2.5
    endloop
  endfacet
  facet normal 0 0 1
    outer loop
      vertex 14.9147 -19.4372 2.5
      vertex 21.289 -22.8036 2.5
      vertex 21.2803 -22.7157 2.5
    endloop
  endfacet
  facet normal 0 0 1
    outer loop
      vertex 14.9147 -19.4372 2.5
      vertex 21.2803 -22.7157 2.5
      vertex 21.2774 -22.6274 2.5
    endloop
  endfacet
  facet normal 0 0 1
    outer loop
      vertex 21.3491 -22.1935 2.5
      vertex 16.154 -18.4201 2.5
      vertex 21.3234 -22.278 2.5
    endloop
  endfacet
  facet normal 0 0 1
    outer loop
      vertex 21.3234 -22.278 2.5
      vertex 16.154 -18.4201 2.5
      vertex 21.3034 -22.364 2.5
    endloop
  endfacet
  facet normal -0 0 1
    outer loop
      vertex 14.9147 -19.4372 2.5
      vertex 21.3034 -22.364 2.5
      vertex 16.154 -18.4201 2.5
    endloop
  endfacet
  facet normal 0 0 1
    outer loop
      vertex 21.3034 -22.364 2.5
      vertex 14.9147 -19.4372 2.5
      vertex 21.289 -22.4512 2.5
    endloop
  endfacet
  facet normal 0 0 1
    outer loop
      vertex 21.289 -22.4512 2.5
      vertex 14.9147 -19.4372 2.5
      vertex 21.2803 -22.5391 2.5
    endloop
  endfacet
  facet normal 0 0 1
    outer loop
      vertex 21.2803 -22.5391 2.5
      vertex 14.9147 -19.4372 2.5
      vertex 21.2774 -22.6274 2.5
    endloop
  endfacet
  facet normal 0 0 1
    outer loop
      vertex 21.289 -22.8036 2.5
      vertex 14.9147 -19.4372 2.5
      vertex 13.6115 -20.371 2.5
    endloop
  endfacet
  facet normal 0 0 1
    outer loop
      vertex 21.3034 -22.8908 2.5
      vertex 18.6116 -27.8542 2.5
      vertex 20.3935 -26.5773 2.5
    endloop
  endfacet
  facet normal 0 0 1
    outer loop
      vertex 21.3034 -22.8908 2.5
      vertex 13.6115 -20.371 2.5
      vertex 18.6116 -27.8542 2.5
    endloop
  endfacet
  facet normal 0 0 1
    outer loop
      vertex 18.6116 -27.8542 2.5
      vertex 13.6115 -20.371 2.5
      vertex 16.75 -29.0119 2.5
    endloop
  endfacet
  facet normal -0 0 1
    outer loop
      vertex 12.25 -21.2176 2.5
      vertex 16.75 -29.0119 2.5
      vertex 13.6115 -20.371 2.5
    endloop
  endfacet
  facet normal 0 0 1
    outer loop
      vertex 16.75 -29.0119 2.5
      vertex 12.25 -21.2176 2.5
      vertex 14.8167 -30.0452 2.5
    endloop
  endfacet
  facet normal -0 0 1
    outer loop
      vertex 10.8361 -21.9734 2.5
      vertex 14.8167 -30.0452 2.5
      vertex 12.25 -21.2176 2.5
    endloop
  endfacet
  facet normal 0 0 1
    outer loop
      vertex 14.8167 -30.0452 2.5
      vertex 10.8361 -21.9734 2.5
      vertex 12.8199 -30.95 2.5
    endloop
  endfacet
  facet normal -0 0 1
    outer loop
      vertex 9.37574 -22.635 2.5
      vertex 12.8199 -30.95 2.5
      vertex 10.8361 -21.9734 2.5
    endloop
  endfacet
  facet normal -0 0 1
    outer loop
      vertex 8 -23.6 2.5
      vertex 12.8199 -30.95 2.5
      vertex 9.37574 -22.635 2.5
    endloop
  endfacet
  facet normal 0 0 1
    outer loop
      vertex 12.8199 -30.95 2.5
      vertex 8 -23.6 2.5
      vertex 10.7682 -31.7222 2.5
    endloop
  endfacet
  facet normal 0 0 1
    outer loop
      vertex 10.7682 -31.7222 2.5
      vertex 8 -23.6 2.5
      vertex 8.67044 -32.3585 2.5
    endloop
  endfacet
  facet normal -0 0 1
    outer loop
      vertex 7.87527 -23.1998 2.5
      vertex 8 -23.6 2.5
      vertex 9.37574 -22.635 2.5
    endloop
  endfacet
  facet normal 0 0 1
    outer loop
      vertex 8 -23.6 2.5
      vertex 7.87527 -23.1998 2.5
      vertex 6.55594 -23.6 2.5
    endloop
  endfacet
  facet normal -0 0 1
    outer loop
      vertex 23.9659 22.4512 2.5
      vertex 25.1866 22.0881 2.5
      vertex 23.9745 22.5391 2.5
    endloop
  endfacet
  facet normal -0 0 1
    outer loop
      vertex 23.9515 22.364 2.5
      vertex 25.1866 22.0881 2.5
      vertex 23.9659 22.4512 2.5
    endloop
  endfacet
  facet normal -0 0 1
    outer loop
      vertex 23.9314 22.278 2.5
      vertex 25.1866 22.0881 2.5
      vertex 23.9515 22.364 2.5
    endloop
  endfacet
  facet normal -0 0 1
    outer loop
      vertex 23.9058 22.1935 2.5
      vertex 25.1866 22.0881 2.5
      vertex 23.9314 22.278 2.5
    endloop
  endfacet
  facet normal -0 0 1
    outer loop
      vertex 23.8747 22.1108 2.5
      vertex 25.1866 22.0881 2.5
      vertex 23.9058 22.1935 2.5
    endloop
  endfacet
  facet normal 0 0 1
    outer loop
      vertex 23.8382 22.0303 2.5
      vertex 25.1866 22.0881 2.5
      vertex 23.8747 22.1108 2.5
    endloop
  endfacet
  facet normal 0 0 1
    outer loop
      vertex 23.7966 21.9524 2.5
      vertex 25.1866 22.0881 2.5
      vertex 23.8382 22.0303 2.5
    endloop
  endfacet
  facet normal 0 0 1
    outer loop
      vertex 23.7499 21.8774 2.5
      vertex 25.1866 22.0881 2.5
      vertex 23.7966 21.9524 2.5
    endloop
  endfacet
  facet normal 0 0 1
    outer loop
      vertex 23.6984 21.8056 2.5
      vertex 25.1866 22.0881 2.5
      vertex 23.7499 21.8774 2.5
    endloop
  endfacet
  facet normal 0 0 1
    outer loop
      vertex 23.6424 21.7373 2.5
      vertex 25.1866 22.0881 2.5
      vertex 23.6984 21.8056 2.5
    endloop
  endfacet
  facet normal 0 0 1
    outer loop
      vertex 32.3585 8.67044 2.5
      vertex 23.6652 6.34107 2.5
      vertex 24.0292 4.77971 2.5
    endloop
  endfacet
  facet normal 0 0 1
    outer loop
      vertex 23.582 21.6728 2.5
      vertex 25.1866 22.0881 2.5
      vertex 23.6424 21.7373 2.5
    endloop
  endfacet
  facet normal 0 0 1
    outer loop
      vertex 23.5175 21.6124 2.5
      vertex 25.1866 22.0881 2.5
      vertex 23.582 21.6728 2.5
    endloop
  endfacet
  facet normal 0 0 1
    outer loop
      vertex 26.5773 20.3935 2.5
      vertex 23.5175 21.6124 2.5
      vertex 23.4492 21.5564 2.5
    endloop
  endfacet
  facet normal 0 0 1
    outer loop
      vertex 26.5773 20.3935 2.5
      vertex 23.4492 21.5564 2.5
      vertex 23.3774 21.5049 2.5
    endloop
  endfacet
  facet normal 0 0 1
    outer loop
      vertex 26.5773 20.3935 2.5
      vertex 23.3774 21.5049 2.5
      vertex 23.3024 21.4583 2.5
    endloop
  endfacet
  facet normal -0 0 1
    outer loop
      vertex 23.2245 21.4166 2.5
      vertex 26.5773 20.3935 2.5
      vertex 23.3024 21.4583 2.5
    endloop
  endfacet
  facet normal -0 0 1
    outer loop
      vertex 23.144 21.3802 2.5
      vertex 26.5773 20.3935 2.5
      vertex 23.2245 21.4166 2.5
    endloop
  endfacet
  facet normal 0 0 1
    outer loop
      vertex 31.7222 10.7682 2.5
      vertex 23.1998 7.87527 2.5
      vertex 23.6652 6.34107 2.5
    endloop
  endfacet
  facet normal -0 0 1
    outer loop
      vertex 23.0614 21.3491 2.5
      vertex 26.5773 20.3935 2.5
      vertex 23.144 21.3802 2.5
    endloop
  endfacet
  facet normal -0 0 1
    outer loop
      vertex 22.9768 21.3234 2.5
      vertex 26.5773 20.3935 2.5
      vertex 23.0614 21.3491 2.5
    endloop
  endfacet
  facet normal -0 0 1
    outer loop
      vertex 22.8908 21.3034 2.5
      vertex 26.5773 20.3935 2.5
      vertex 22.9768 21.3234 2.5
    endloop
  endfacet
  facet normal -0 0 1
    outer loop
      vertex 22.8036 21.289 2.5
      vertex 27.8542 18.6116 2.5
      vertex 22.8908 21.3034 2.5
    endloop
  endfacet
  facet normal 0 0 1
    outer loop
      vertex 27.8542 18.6116 2.5
      vertex 22.8036 21.289 2.5
      vertex 21.2176 12.25 2.5
    endloop
  endfacet
  facet normal 0 0 1
    outer loop
      vertex 21.2176 12.25 2.5
      vertex 22.8036 21.289 2.5
      vertex 22.7157 21.2803 2.5
    endloop
  endfacet
  facet normal 0 0 1
    outer loop
      vertex 30.95 12.8199 2.5
      vertex 22.635 9.37574 2.5
      vertex 23.1998 7.87527 2.5
    endloop
  endfacet
  facet normal 0 0 1
    outer loop
      vertex 21.2176 12.25 2.5
      vertex 22.7157 21.2803 2.5
      vertex 22.6274 21.2774 2.5
    endloop
  endfacet
  facet normal 0 0 1
    outer loop
      vertex 21.2176 12.25 2.5
      vertex 22.6274 21.2774 2.5
      vertex 22.5391 21.2803 2.5
    endloop
  endfacet
  facet normal 0 0 1
    outer loop
      vertex 21.2176 12.25 2.5
      vertex 22.5391 21.2803 2.5
      vertex 22.4512 21.289 2.5
    endloop
  endfacet
  facet normal 0 0 1
    outer loop
      vertex 21.2176 12.25 2.5
      vertex 22.4512 21.289 2.5
      vertex 22.364 21.3034 2.5
    endloop
  endfacet
  facet normal 0 0 1
    outer loop
      vertex 21.2176 12.25 2.5
      vertex 22.364 21.3034 2.5
      vertex 22.278 21.3234 2.5
    endloop
  endfacet
  facet normal 0 0 1
    outer loop
      vertex 21.2176 12.25 2.5
      vertex 22.278 21.3234 2.5
      vertex 22.1935 21.3491 2.5
    endloop
  endfacet
  facet normal 0 0 1
    outer loop
      vertex 21.2176 12.25 2.5
      vertex 22.1935 21.3491 2.5
      vertex 22.1108 21.3802 2.5
    endloop
  endfacet
  facet normal 0 0 1
    outer loop
      vertex 21.2176 12.25 2.5
      vertex 22.1108 21.3802 2.5
      vertex 22.0303 21.4166 2.5
    endloop
  endfacet
  facet normal 0 0 1
    outer loop
      vertex 30.0452 14.8167 2.5
      vertex 21.9734 10.8361 2.5
      vertex 22.635 9.37574 2.5
    endloop
  endfacet
  facet normal 0 0 1
    outer loop
      vertex 21.2176 12.25 2.5
      vertex 22.0303 21.4166 2.5
      vertex 21.9524 21.4583 2.5
    endloop
  endfacet
  facet normal 0 0 1
    outer loop
      vertex 21.2176 12.25 2.5
      vertex 21.9524 21.4583 2.5
      vertex 21.8774 21.5049 2.5
    endloop
  endfacet
  facet normal 0 0 1
    outer loop
      vertex 21.2176 12.25 2.5
      vertex 21.8774 21.5049 2.5
      vertex 21.8056 21.5564 2.5
    endloop
  endfacet
  facet normal 0 0 1
    outer loop
      vertex 21.2176 12.25 2.5
      vertex 21.8056 21.5564 2.5
      vertex 21.7373 21.6124 2.5
    endloop
  endfacet
  facet normal 0 0 1
    outer loop
      vertex 21.2176 12.25 2.5
      vertex 21.7373 21.6124 2.5
      vertex 21.6728 21.6728 2.5
    endloop
  endfacet
  facet normal 0 0 1
    outer loop
      vertex 21.2176 12.25 2.5
      vertex 21.6728 21.6728 2.5
      vertex 21.6124 21.7373 2.5
    endloop
  endfacet
  facet normal 0 0 1
    outer loop
      vertex 21.2176 12.25 2.5
      vertex 21.6124 21.7373 2.5
      vertex 21.5564 21.8056 2.5
    endloop
  endfacet
  facet normal 0 0 1
    outer loop
      vertex 21.2176 12.25 2.5
      vertex 21.5564 21.8056 2.5
      vertex 21.5049 21.8774 2.5
    endloop
  endfacet
  facet normal 0 0 1
    outer loop
      vertex 21.2176 12.25 2.5
      vertex 21.5049 21.8774 2.5
      vertex 21.4583 21.9524 2.5
    endloop
  endfacet
  facet normal 0 0 1
    outer loop
      vertex 21.2176 12.25 2.5
      vertex 21.4583 21.9524 2.5
      vertex 21.4166 22.0303 2.5
    endloop
  endfacet
  facet normal 0 0 1
    outer loop
      vertex 21.2176 12.25 2.5
      vertex 21.4166 22.0303 2.5
      vertex 21.3802 22.1108 2.5
    endloop
  endfacet
  facet normal 0 0 1
    outer loop
      vertex 21.2176 12.25 2.5
      vertex 21.3802 22.1108 2.5
      vertex 21.3491 22.1935 2.5
    endloop
  endfacet
  facet normal 0 0 1
    outer loop
      vertex 21.2176 12.25 2.5
      vertex 21.3491 22.1935 2.5
      vertex 21.3234 22.278 2.5
    endloop
  endfacet
  facet normal 0 0 1
    outer loop
      vertex 21.2176 12.25 2.5
      vertex 21.3234 22.278 2.5
      vertex 21.3034 22.364 2.5
    endloop
  endfacet
  facet normal 0 0 1
    outer loop
      vertex 21.2176 12.25 2.5
      vertex 21.3034 22.364 2.5
      vertex 21.289 22.4512 2.5
    endloop
  endfacet
  facet normal 0 0 1
    outer loop
      vertex 21.289 22.8036 2.5
      vertex 14.9147 19.4372 2.5
      vertex 21.2803 22.7157 2.5
    endloop
  endfacet
  facet normal 0 0 1
    outer loop
      vertex 29.0119 16.75 2.5
      vertex 21.2176 12.25 2.5
      vertex 21.9734 10.8361 2.5
    endloop
  endfacet
  facet normal 0 -0 1
    outer loop
      vertex 14.9147 19.4372 2.5
      vertex 21.289 22.8036 2.5
      vertex 13.6115 20.371 2.5
    endloop
  endfacet
  facet normal -0.58248 -0.812845 0
    outer loop
      vertex -20.3935 -26.5773 0
      vertex -18.6116 -27.8542 2.5
      vertex -20.3935 -26.5773 2.5
    endloop
  endfacet
  facet normal -0.58248 -0.812845 -0
    outer loop
      vertex -18.6116 -27.8542 2.5
      vertex -20.3935 -26.5773 0
      vertex -18.6116 -27.8542 0
    endloop
  endfacet
  facet normal -0.0327073 0.999465 0
    outer loop
      vertex 0 33.5 0
      vertex -2.191 33.4283 2.5
      vertex 0 33.5 2.5
    endloop
  endfacet
  facet normal -0.0327073 0.999465 0
    outer loop
      vertex -2.191 33.4283 2.5
      vertex 0 33.5 0
      vertex -2.191 33.4283 0
    endloop
  endfacet
  facet normal 0.683577 -0.729879 0
    outer loop
      vertex 22.0881 -25.1866 0
      vertex 23.6881 -23.6881 2.5
      vertex 22.0881 -25.1866 2.5
    endloop
  endfacet
  facet normal 0.683577 -0.729879 0
    outer loop
      vertex 23.6881 -23.6881 2.5
      vertex 22.0881 -25.1866 0
      vertex 23.6881 -23.6881 0
    endloop
  endfacet
  facet normal 0.352248 0.935907 -0
    outer loop
      vertex 12.8199 30.95 0
      vertex 10.7682 31.7222 2.5
      vertex 12.8199 30.95 2.5
    endloop
  endfacet
  facet normal 0.352248 0.935907 0
    outer loop
      vertex 10.7682 31.7222 2.5
      vertex 12.8199 30.95 0
      vertex 10.7682 31.7222 0
    endloop
  endfacet
  facet normal 0.290264 0.956946 -0
    outer loop
      vertex 10.7682 31.7222 0
      vertex 8.67044 32.3585 2.5
      vertex 10.7682 31.7222 2.5
    endloop
  endfacet
  facet normal 0.290264 0.956946 0
    outer loop
      vertex 8.67044 32.3585 2.5
      vertex 10.7682 31.7222 0
      vertex 8.67044 32.3585 0
    endloop
  endfacet
  facet normal -0.773015 -0.634387 0
    outer loop
      vertex -25.1866 -22.0881 0
      vertex -26.5773 -20.3935 2.5
      vertex -26.5773 -20.3935 0
    endloop
  endfacet
  facet normal -0.773015 -0.634387 0
    outer loop
      vertex -26.5773 -20.3935 2.5
      vertex -25.1866 -22.0881 0
      vertex -25.1866 -22.0881 2.5
    endloop
  endfacet
  facet normal 0.986643 -0.162897 0
    outer loop
      vertex 32.8563 -6.53553 2.5
      vertex 33.2134 -4.37263 0
      vertex 33.2134 -4.37263 2.5
    endloop
  endfacet
  facet normal 0.986643 -0.162897 0
    outer loop
      vertex 33.2134 -4.37263 0
      vertex 32.8563 -6.53553 2.5
      vertex 32.8563 -6.53553 0
    endloop
  endfacet
  facet normal -0.956962 0.290214 0
    outer loop
      vertex -32.3 8.86334 0
      vertex -32.3585 8.67044 0
      vertex -32.3 8.86334 1.25
    endloop
  endfacet
  facet normal -0.956951 0.290249 0
    outer loop
      vertex -31.9552 10 1.25
      vertex -31.7222 10.7682 0
      vertex -31.9552 10 0
    endloop
  endfacet
  facet normal -0.956951 0.290249 0
    outer loop
      vertex -31.7222 10.7682 0
      vertex -31.9552 10 1.25
      vertex -31.7222 10.7682 2.5
    endloop
  endfacet
  facet normal -0.956941 0.290283 1.16585e-05
    outer loop
      vertex -32.3585 8.67044 2.5
      vertex -31.9552 10 1.25
      vertex -32.3 8.86334 1.25
    endloop
  endfacet
  facet normal -0.956946 0.290264 -1.00651e-05
    outer loop
      vertex -31.9552 10 1.25
      vertex -32.3585 8.67044 2.5
      vertex -31.7222 10.7682 2.5
    endloop
  endfacet
  facet normal -0.956962 0.290214 0
    outer loop
      vertex -32.3585 8.67044 2.5
      vertex -32.3 8.86334 1.25
      vertex -32.3585 8.67044 0
    endloop
  endfacet
  facet normal -0.935907 0.352248 0
    outer loop
      vertex -31.7222 10.7682 0
      vertex -30.95 12.8199 2.5
      vertex -30.95 12.8199 0
    endloop
  endfacet
  facet normal -0.935907 0.352248 0
    outer loop
      vertex -30.95 12.8199 2.5
      vertex -31.7222 10.7682 0
      vertex -31.7222 10.7682 2.5
    endloop
  endfacet
  facet normal 0.812845 0.58248 0
    outer loop
      vertex 27.8542 18.6116 2.5
      vertex 26.5773 20.3935 0
      vertex 26.5773 20.3935 2.5
    endloop
  endfacet
  facet normal 0.812845 0.58248 0
    outer loop
      vertex 26.5773 20.3935 0
      vertex 27.8542 18.6116 2.5
      vertex 27.8542 18.6116 0
    endloop
  endfacet
  facet normal -0.683577 -0.729879 0
    outer loop
      vertex -23.6881 -23.6881 0
      vertex -22.0881 -25.1866 2.5
      vertex -23.6881 -23.6881 2.5
    endloop
  endfacet
  facet normal -0.683577 -0.729879 -0
    outer loop
      vertex -22.0881 -25.1866 2.5
      vertex -23.6881 -23.6881 0
      vertex -22.0881 -25.1866 0
    endloop
  endfacet
  facet normal -0.634387 -0.773015 0
    outer loop
      vertex -22.0881 -25.1866 0
      vertex -20.3935 -26.5773 2.5
      vertex -22.0881 -25.1866 2.5
    endloop
  endfacet
  facet normal -0.634387 -0.773015 -0
    outer loop
      vertex -20.3935 -26.5773 2.5
      vertex -22.0881 -25.1866 0
      vertex -20.3935 -26.5773 0
    endloop
  endfacet
  facet normal -0.995183 0.0980299 0
    outer loop
      vertex -33.4283 2.191 0
      vertex -33.2134 4.37263 2.5
      vertex -33.2134 4.37263 0
    endloop
  endfacet
  facet normal -0.995183 0.0980299 0
    outer loop
      vertex -33.2134 4.37263 2.5
      vertex -33.4283 2.191 0
      vertex -33.4283 2.191 2.5
    endloop
  endfacet
  facet normal -0.41273 -0.910853 0
    outer loop
      vertex -14.8167 -30.0452 0
      vertex -12.8199 -30.95 2.5
      vertex -14.8167 -30.0452 2.5
    endloop
  endfacet
  facet normal -0.41273 -0.910853 -0
    outer loop
      vertex -12.8199 -30.95 2.5
      vertex -14.8167 -30.0452 0
      vertex -12.8199 -30.95 0
    endloop
  endfacet
  facet normal -0.910853 0.41273 0
    outer loop
      vertex -30.95 12.8199 0
      vertex -30.0452 14.8167 2.5
      vertex -30.0452 14.8167 0
    endloop
  endfacet
  facet normal -0.910853 0.41273 0
    outer loop
      vertex -30.0452 14.8167 2.5
      vertex -30.95 12.8199 0
      vertex -30.95 12.8199 2.5
    endloop
  endfacet
  facet normal 0 0 -1
    outer loop
      vertex -21.3802 -22.1108 0
      vertex -16.154 -18.4201 0
      vertex -21.3491 -22.1935 0
    endloop
  endfacet
  facet normal 0 0 -1
    outer loop
      vertex -21.4166 -22.0303 0
      vertex -16.154 -18.4201 0
      vertex -21.3802 -22.1108 0
    endloop
  endfacet
  facet normal 0 0 -1
    outer loop
      vertex -21.4583 -21.9524 0
      vertex -16.154 -18.4201 0
      vertex -21.4166 -22.0303 0
    endloop
  endfacet
  facet normal 0 0 -1
    outer loop
      vertex -21.5049 -21.8774 0
      vertex -16.154 -18.4201 0
      vertex -21.4583 -21.9524 0
    endloop
  endfacet
  facet normal -0 0 -1
    outer loop
      vertex -16.154 -18.4201 0
      vertex -21.5049 -21.8774 0
      vertex -17.3241 -17.3241 0
    endloop
  endfacet
  facet normal 0 0 -1
    outer loop
      vertex -21.5564 -21.8056 0
      vertex -17.3241 -17.3241 0
      vertex -21.5049 -21.8774 0
    endloop
  endfacet
  facet normal 0 0 -1
    outer loop
      vertex -21.6124 -21.7373 0
      vertex -17.3241 -17.3241 0
      vertex -21.5564 -21.8056 0
    endloop
  endfacet
  facet normal 0 0 -1
    outer loop
      vertex -21.6728 -21.6728 0
      vertex -17.3241 -17.3241 0
      vertex -21.6124 -21.7373 0
    endloop
  endfacet
  facet normal 0 0 -1
    outer loop
      vertex -21.7373 -21.6124 0
      vertex -17.3241 -17.3241 0
      vertex -21.6728 -21.6728 0
    endloop
  endfacet
  facet normal 0 0 -1
    outer loop
      vertex -21.8056 -21.5564 0
      vertex -17.3241 -17.3241 0
      vertex -21.7373 -21.6124 0
    endloop
  endfacet
  facet normal 0 0 -1
    outer loop
      vertex -21.8774 -21.5049 0
      vertex -17.3241 -17.3241 0
      vertex -21.8056 -21.5564 0
    endloop
  endfacet
  facet normal -0 0 -1
    outer loop
      vertex -17.3241 -17.3241 0
      vertex -21.8774 -21.5049 0
      vertex -18.4201 -16.154 0
    endloop
  endfacet
  facet normal 0 0 -1
    outer loop
      vertex -21.9524 -21.4583 0
      vertex -18.4201 -16.154 0
      vertex -21.8774 -21.5049 0
    endloop
  endfacet
  facet normal 0 0 -1
    outer loop
      vertex -22.0303 -21.4166 0
      vertex -18.4201 -16.154 0
      vertex -21.9524 -21.4583 0
    endloop
  endfacet
  facet normal 0 0 -1
    outer loop
      vertex -22.1108 -21.3802 0
      vertex -18.4201 -16.154 0
      vertex -22.0303 -21.4166 0
    endloop
  endfacet
  facet normal 0 0 -1
    outer loop
      vertex -22.1935 -21.3491 0
      vertex -18.4201 -16.154 0
      vertex -22.1108 -21.3802 0
    endloop
  endfacet
  facet normal 0 0 -1
    outer loop
      vertex -22.278 -21.3234 0
      vertex -18.4201 -16.154 0
      vertex -22.1935 -21.3491 0
    endloop
  endfacet
  facet normal 0 0 -1
    outer loop
      vertex -22.364 -21.3034 0
      vertex -18.4201 -16.154 0
      vertex -22.278 -21.3234 0
    endloop
  endfacet
  facet normal -0 0 -1
    outer loop
      vertex -18.4201 -16.154 0
      vertex -22.364 -21.3034 0
      vertex -19.4372 -14.9147 0
    endloop
  endfacet
  facet normal 0 0 -1
    outer loop
      vertex -22.4512 -21.289 0
      vertex -19.4372 -14.9147 0
      vertex -22.364 -21.3034 0
    endloop
  endfacet
  facet normal 0 0 -1
    outer loop
      vertex -22.5391 -21.2803 0
      vertex -19.4372 -14.9147 0
      vertex -22.4512 -21.289 0
    endloop
  endfacet
  facet normal 0 0 -1
    outer loop
      vertex -22.6274 -21.2774 0
      vertex -19.4372 -14.9147 0
      vertex -22.5391 -21.2803 0
    endloop
  endfacet
  facet normal 0 0 -1
    outer loop
      vertex -22.7157 -21.2803 0
      vertex -19.4372 -14.9147 0
      vertex -22.6274 -21.2774 0
    endloop
  endfacet
  facet normal 0 0 -1
    outer loop
      vertex -22.8036 -21.289 0
      vertex -19.4372 -14.9147 0
      vertex -22.7157 -21.2803 0
    endloop
  endfacet
  facet normal -0 0 -1
    outer loop
      vertex -19.4372 -14.9147 0
      vertex -22.8036 -21.289 0
      vertex -20.371 -13.6115 0
    endloop
  endfacet
  facet normal 0 0 -1
    outer loop
      vertex -22.8908 -21.3034 0
      vertex -20.371 -13.6115 0
      vertex -22.8036 -21.289 0
    endloop
  endfacet
  facet normal 0 0 -1
    outer loop
      vertex -29.0119 -16.75 0
      vertex -21.2176 -12.25 0
      vertex -27.8542 -18.6116 0
    endloop
  endfacet
  facet normal -0 0 -1
    outer loop
      vertex -20.371 -13.6115 0
      vertex -27.8542 -18.6116 0
      vertex -21.2176 -12.25 0
    endloop
  endfacet
  facet normal 0 0 -1
    outer loop
      vertex -20.371 -13.6115 0
      vertex -22.8908 -21.3034 0
      vertex -27.8542 -18.6116 0
    endloop
  endfacet
  facet normal 0 0 -1
    outer loop
      vertex -26.5773 -20.3935 0
      vertex -22.8908 -21.3034 0
      vertex -22.9768 -21.3234 0
    endloop
  endfacet
  facet normal 0 0 -1
    outer loop
      vertex -26.5773 -20.3935 0
      vertex -22.9768 -21.3234 0
      vertex -23.0614 -21.3491 0
    endloop
  endfacet
  facet normal 0 0 -1
    outer loop
      vertex -26.5773 -20.3935 0
      vertex -23.0614 -21.3491 0
      vertex -23.144 -21.3802 0
    endloop
  endfacet
  facet normal -0 0 -1
    outer loop
      vertex -21.2176 -12.25 0
      vertex -29.0119 -16.75 0
      vertex -21.9734 -10.8361 0
    endloop
  endfacet
  facet normal 0 0 -1
    outer loop
      vertex -26.5773 -20.3935 0
      vertex -23.144 -21.3802 0
      vertex -23.2245 -21.4166 0
    endloop
  endfacet
  facet normal 0 0 -1
    outer loop
      vertex -26.5773 -20.3935 0
      vertex -23.2245 -21.4166 0
      vertex -23.3024 -21.4583 0
    endloop
  endfacet
  facet normal 0 0 -1
    outer loop
      vertex -26.5773 -20.3935 0
      vertex -23.3024 -21.4583 0
      vertex -23.3774 -21.5049 0
    endloop
  endfacet
  facet normal 0 0 -1
    outer loop
      vertex -26.5773 -20.3935 0
      vertex -23.3774 -21.5049 0
      vertex -23.4492 -21.5564 0
    endloop
  endfacet
  facet normal 0 0 -1
    outer loop
      vertex -26.5773 -20.3935 0
      vertex -23.4492 -21.5564 0
      vertex -23.5175 -21.6124 0
    endloop
  endfacet
  facet normal 0 0 -1
    outer loop
      vertex -26.5773 -20.3935 0
      vertex -23.5175 -21.6124 0
      vertex -23.582 -21.6728 0
    endloop
  endfacet
  facet normal 0 0 -1
    outer loop
      vertex -25.1866 -22.0881 0
      vertex -23.582 -21.6728 0
      vertex -23.6424 -21.7373 0
    endloop
  endfacet
  facet normal 0 0 -1
    outer loop
      vertex -30.0452 -14.8167 0
      vertex -21.9734 -10.8361 0
      vertex -29.0119 -16.75 0
    endloop
  endfacet
  facet normal 0 0 -1
    outer loop
      vertex -25.1866 -22.0881 0
      vertex -23.6424 -21.7373 0
      vertex -23.6984 -21.8056 0
    endloop
  endfacet
  facet normal 0 0 -1
    outer loop
      vertex -25.1866 -22.0881 0
      vertex -23.6984 -21.8056 0
      vertex -23.7499 -21.8774 0
    endloop
  endfacet
  facet normal 0 0 -1
    outer loop
      vertex -25.1866 -22.0881 0
      vertex -23.7499 -21.8774 0
      vertex -23.7966 -21.9524 0
    endloop
  endfacet
  facet normal 0 0 -1
    outer loop
      vertex -25.1866 -22.0881 0
      vertex -23.7966 -21.9524 0
      vertex -23.8382 -22.0303 0
    endloop
  endfacet
  facet normal 0 0 -1
    outer loop
      vertex -25.1866 -22.0881 0
      vertex -23.8382 -22.0303 0
      vertex -23.8747 -22.1108 0
    endloop
  endfacet
  facet normal 0 0 -1
    outer loop
      vertex -25.1866 -22.0881 0
      vertex -23.8747 -22.1108 0
      vertex -23.9058 -22.1935 0
    endloop
  endfacet
  facet normal 0 0 -1
    outer loop
      vertex -25.1866 -22.0881 0
      vertex -23.9058 -22.1935 0
      vertex -23.9314 -22.278 0
    endloop
  endfacet
  facet normal 0 0 -1
    outer loop
      vertex -25.1866 -22.0881 0
      vertex -23.9314 -22.278 0
      vertex -23.9515 -22.364 0
    endloop
  endfacet
  facet normal 0 0 -1
    outer loop
      vertex -25.1866 -22.0881 0
      vertex -23.9515 -22.364 0
      vertex -23.9659 -22.4512 0
    endloop
  endfacet
  facet normal 0 0 -1
    outer loop
      vertex -25.1866 -22.0881 0
      vertex -23.9659 -22.4512 0
      vertex -23.9745 -22.5391 0
    endloop
  endfacet
  facet normal 0 0 -1
    outer loop
      vertex -25.1866 -22.0881 0
      vertex -23.9745 -22.5391 0
      vertex -23.9774 -22.6274 0
    endloop
  endfacet
  facet normal 0 0 -1
    outer loop
      vertex -22.8908 -21.3034 0
      vertex -26.5773 -20.3935 0
      vertex -27.8542 -18.6116 0
    endloop
  endfacet
  facet normal 0 0 -1
    outer loop
      vertex -8 -32.5148 0
      vertex -8.67044 -32.3585 0
      vertex -8 -23.6 0
    endloop
  endfacet
  facet normal 0 0 -1
    outer loop
      vertex 29.3 -10 0
      vertex 31.7222 -10.7682 0
      vertex 30.95 -12.8199 0
    endloop
  endfacet
  facet normal 0 0 -1
    outer loop
      vertex 29.3 -10 0
      vertex 30.95 -12.8199 0
      vertex 30.0452 -14.8167 0
    endloop
  endfacet
  facet normal 0 0 -1
    outer loop
      vertex 31.7222 -10.7682 0
      vertex 29.3 -10 0
      vertex 31.9552 -10 0
    endloop
  endfacet
  facet normal 0 0 -1
    outer loop
      vertex 30.0452 -14.8167 0
      vertex 21.9734 -10.8361 0
      vertex 29.3 -10 0
    endloop
  endfacet
  facet normal 0 0 -1
    outer loop
      vertex 21.9734 -10.8361 0
      vertex 30.0452 -14.8167 0
      vertex 29.0119 -16.75 0
    endloop
  endfacet
  facet normal 0 0 -1
    outer loop
      vertex 29.3 10 0
      vertex 31.7222 10.7682 0
      vertex 31.9552 10 0
    endloop
  endfacet
  facet normal -0 0 -1
    outer loop
      vertex 31.7222 10.7682 0
      vertex 29.3 10 0
      vertex 30.95 12.8199 0
    endloop
  endfacet
  facet normal -0 0 -1
    outer loop
      vertex 30.95 12.8199 0
      vertex 29.3 10 0
      vertex 30.0452 14.8167 0
    endloop
  endfacet
  facet normal 0 0 -1
    outer loop
      vertex 21.9734 10.8361 0
      vertex 30.0452 14.8167 0
      vertex 29.3 10 0
    endloop
  endfacet
  facet normal 0 -0 -1
    outer loop
      vertex 24.5 0 0
      vertex 29.3 -10 0
      vertex 24.4475 -1.60238 0
    endloop
  endfacet
  facet normal 0 0 -1
    outer loop
      vertex 21.2176 -12.25 0
      vertex 29.0119 -16.75 0
      vertex 27.8542 -18.6116 0
    endloop
  endfacet
  facet normal 0 0 -1
    outer loop
      vertex 24.4475 1.60238 0
      vertex 29.3 10 0
      vertex 24.5 0 0
    endloop
  endfacet
  facet normal 0 0 -1
    outer loop
      vertex 22.8908 -21.3034 0
      vertex 27.8542 -18.6116 0
      vertex 26.5773 -20.3935 0
    endloop
  endfacet
  facet normal 0 0 -1
    outer loop
      vertex 24.2904 3.19789 0
      vertex 29.3 10 0
      vertex 24.4475 1.60238 0
    endloop
  endfacet
  facet normal 0 0 -1
    outer loop
      vertex 23.5175 -21.6124 0
      vertex 26.5773 -20.3935 0
      vertex 25.1866 -22.0881 0
    endloop
  endfacet
  facet normal 0 0 -1
    outer loop
      vertex 24.0292 4.77971 0
      vertex 29.3 10 0
      vertex 24.2904 3.19789 0
    endloop
  endfacet
  facet normal 0 0 -1
    outer loop
      vertex 23.6652 6.34107 0
      vertex 29.3 10 0
      vertex 24.0292 4.77971 0
    endloop
  endfacet
  facet normal 0 0 -1
    outer loop
      vertex 29.3 -10 0
      vertex 24.5 0 0
      vertex 29.3 10 0
    endloop
  endfacet
  facet normal 0 0 -1
    outer loop
      vertex 29.3 -10 0
      vertex 24.2904 -3.19789 0
      vertex 24.4475 -1.60238 0
    endloop
  endfacet
  facet normal 0 0 -1
    outer loop
      vertex 29.3 -10 0
      vertex 24.0292 -4.77971 0
      vertex 24.2904 -3.19789 0
    endloop
  endfacet
  facet normal 0 0 -1
    outer loop
      vertex 23.9745 -22.5391 0
      vertex 25.1866 -22.0881 0
      vertex 23.9774 -22.6274 0
    endloop
  endfacet
  facet normal 0 0 -1
    outer loop
      vertex 25.1866 -22.0881 0
      vertex 23.9745 -22.7157 0
      vertex 23.9774 -22.6274 0
    endloop
  endfacet
  facet normal 0 0 -1
    outer loop
      vertex 25.1866 -22.0881 0
      vertex 23.9659 -22.8036 0
      vertex 23.9745 -22.7157 0
    endloop
  endfacet
  facet normal 0 0 -1
    outer loop
      vertex 25.1866 -22.0881 0
      vertex 23.9515 -22.8908 0
      vertex 23.9659 -22.8036 0
    endloop
  endfacet
  facet normal 0 0 -1
    outer loop
      vertex 25.1866 -22.0881 0
      vertex 23.9314 -22.9768 0
      vertex 23.9515 -22.8908 0
    endloop
  endfacet
  facet normal 0 0 -1
    outer loop
      vertex 25.1866 -22.0881 0
      vertex 23.9058 -23.0614 0
      vertex 23.9314 -22.9768 0
    endloop
  endfacet
  facet normal 0 0 -1
    outer loop
      vertex 25.1866 -22.0881 0
      vertex 23.8747 -23.144 0
      vertex 23.9058 -23.0614 0
    endloop
  endfacet
  facet normal 0 0 -1
    outer loop
      vertex 25.1866 -22.0881 0
      vertex 23.8382 -23.2245 0
      vertex 23.8747 -23.144 0
    endloop
  endfacet
  facet normal 0 0 -1
    outer loop
      vertex 23.6881 -23.6881 0
      vertex 23.8382 -23.2245 0
      vertex 25.1866 -22.0881 0
    endloop
  endfacet
  facet normal 0 0 -1
    outer loop
      vertex 23.8382 -23.2245 0
      vertex 23.6881 -23.6881 0
      vertex 23.7966 -23.3024 0
    endloop
  endfacet
  facet normal 0 0 -1
    outer loop
      vertex 23.7966 -23.3024 0
      vertex 23.6881 -23.6881 0
      vertex 23.7499 -23.3774 0
    endloop
  endfacet
  facet normal 0 0 -1
    outer loop
      vertex 23.7499 -23.3774 0
      vertex 23.6881 -23.6881 0
      vertex 23.6984 -23.4492 0
    endloop
  endfacet
  facet normal 0 0 -1
    outer loop
      vertex 23.6881 -23.6881 0
      vertex 23.6424 -23.5175 0
      vertex 23.6984 -23.4492 0
    endloop
  endfacet
  facet normal 0 0 -1
    outer loop
      vertex 23.6881 -23.6881 0
      vertex 23.582 -23.582 0
      vertex 23.6424 -23.5175 0
    endloop
  endfacet
  facet normal 0 0 -1
    outer loop
      vertex 23.6881 -23.6881 0
      vertex 23.5175 -23.6424 0
      vertex 23.582 -23.582 0
    endloop
  endfacet
  facet normal -0 0 -1
    outer loop
      vertex 23.6881 -23.6881 0
      vertex 23.4492 -23.6984 0
      vertex 23.5175 -23.6424 0
    endloop
  endfacet
  facet normal 0 0 -1
    outer loop
      vertex 23.6881 -23.6881 0
      vertex 23.3774 -23.7499 0
      vertex 23.4492 -23.6984 0
    endloop
  endfacet
  facet normal 0 0 -1
    outer loop
      vertex 23.6881 -23.6881 0
      vertex 23.3024 -23.7966 0
      vertex 23.3774 -23.7499 0
    endloop
  endfacet
  facet normal 0 0 -1
    outer loop
      vertex 23.6881 -23.6881 0
      vertex 23.2245 -23.8382 0
      vertex 23.3024 -23.7966 0
    endloop
  endfacet
  facet normal 0 0 -1
    outer loop
      vertex 22.0881 -25.1866 0
      vertex 23.2245 -23.8382 0
      vertex 23.6881 -23.6881 0
    endloop
  endfacet
  facet normal 0 0 -1
    outer loop
      vertex 23.2245 -23.8382 0
      vertex 22.0881 -25.1866 0
      vertex 23.144 -23.8747 0
    endloop
  endfacet
  facet normal 0 0 -1
    outer loop
      vertex 23.144 -23.8747 0
      vertex 22.0881 -25.1866 0
      vertex 23.0614 -23.9058 0
    endloop
  endfacet
  facet normal 0 0 -1
    outer loop
      vertex 22.0881 -25.1866 0
      vertex 22.9768 -23.9314 0
      vertex 23.0614 -23.9058 0
    endloop
  endfacet
  facet normal 0 0 -1
    outer loop
      vertex 22.0881 -25.1866 0
      vertex 22.8908 -23.9515 0
      vertex 22.9768 -23.9314 0
    endloop
  endfacet
  facet normal 0 0 -1
    outer loop
      vertex 22.0881 -25.1866 0
      vertex 22.8036 -23.9659 0
      vertex 22.8908 -23.9515 0
    endloop
  endfacet
  facet normal 0 0 -1
    outer loop
      vertex 22.0881 -25.1866 0
      vertex 22.7157 -23.9745 0
      vertex 22.8036 -23.9659 0
    endloop
  endfacet
  facet normal 0 0 -1
    outer loop
      vertex 22.0881 -25.1866 0
      vertex 22.6274 -23.9774 0
      vertex 22.7157 -23.9745 0
    endloop
  endfacet
  facet normal 0 0 -1
    outer loop
      vertex 22.0881 -25.1866 0
      vertex 22.5391 -23.9745 0
      vertex 22.6274 -23.9774 0
    endloop
  endfacet
  facet normal 0 0 -1
    outer loop
      vertex 22.0881 -25.1866 0
      vertex 22.4512 -23.9659 0
      vertex 22.5391 -23.9745 0
    endloop
  endfacet
  facet normal 0 0 -1
    outer loop
      vertex 22.0881 -25.1866 0
      vertex 22.364 -23.9515 0
      vertex 22.4512 -23.9659 0
    endloop
  endfacet
  facet normal 0 0 -1
    outer loop
      vertex 22.0881 -25.1866 0
      vertex 22.278 -23.9314 0
      vertex 22.364 -23.9515 0
    endloop
  endfacet
  facet normal 0 0 -1
    outer loop
      vertex 22.0881 -25.1866 0
      vertex 22.1935 -23.9058 0
      vertex 22.278 -23.9314 0
    endloop
  endfacet
  facet normal 0 0 -1
    outer loop
      vertex 22.0881 -25.1866 0
      vertex 22.1108 -23.8747 0
      vertex 22.1935 -23.9058 0
    endloop
  endfacet
  facet normal 0 0 -1
    outer loop
      vertex 22.0881 -25.1866 0
      vertex 22.0303 -23.8382 0
      vertex 22.1108 -23.8747 0
    endloop
  endfacet
  facet normal 0 0 -1
    outer loop
      vertex 22.0881 -25.1866 0
      vertex 21.9524 -23.7966 0
      vertex 22.0303 -23.8382 0
    endloop
  endfacet
  facet normal 0 0 -1
    outer loop
      vertex 22.0881 -25.1866 0
      vertex 21.8774 -23.7499 0
      vertex 21.9524 -23.7966 0
    endloop
  endfacet
  facet normal 0 0 -1
    outer loop
      vertex 22.0881 -25.1866 0
      vertex 21.8056 -23.6984 0
      vertex 21.8774 -23.7499 0
    endloop
  endfacet
  facet normal 0 0 -1
    outer loop
      vertex 22.0881 -25.1866 0
      vertex 21.7373 -23.6424 0
      vertex 21.8056 -23.6984 0
    endloop
  endfacet
  facet normal 0 0 -1
    outer loop
      vertex 22.0881 -25.1866 0
      vertex 21.6728 -23.582 0
      vertex 21.7373 -23.6424 0
    endloop
  endfacet
  facet normal 0 0 -1
    outer loop
      vertex 22.0881 -25.1866 0
      vertex 21.6124 -23.5175 0
      vertex 21.6728 -23.582 0
    endloop
  endfacet
  facet normal 0 0 -1
    outer loop
      vertex 20.3935 -26.5773 0
      vertex 21.6124 -23.5175 0
      vertex 22.0881 -25.1866 0
    endloop
  endfacet
  facet normal -0 0 -1
    outer loop
      vertex 21.6124 -23.5175 0
      vertex 20.3935 -26.5773 0
      vertex 21.5564 -23.4492 0
    endloop
  endfacet
  facet normal -0 0 -1
    outer loop
      vertex 21.5564 -23.4492 0
      vertex 20.3935 -26.5773 0
      vertex 21.5049 -23.3774 0
    endloop
  endfacet
  facet normal -0 0 -1
    outer loop
      vertex 21.5049 -23.3774 0
      vertex 20.3935 -26.5773 0
      vertex 21.4583 -23.3024 0
    endloop
  endfacet
  facet normal -0 0 -1
    outer loop
      vertex 21.4583 -23.3024 0
      vertex 20.3935 -26.5773 0
      vertex 21.4166 -23.2245 0
    endloop
  endfacet
  facet normal -0 0 -1
    outer loop
      vertex 21.4166 -23.2245 0
      vertex 20.3935 -26.5773 0
      vertex 21.3802 -23.144 0
    endloop
  endfacet
  facet normal -0 0 -1
    outer loop
      vertex 21.3802 -23.144 0
      vertex 20.3935 -26.5773 0
      vertex 21.3491 -23.0614 0
    endloop
  endfacet
  facet normal 0 0 -1
    outer loop
      vertex 20.3935 -26.5773 0
      vertex 21.3234 -22.9768 0
      vertex 21.3491 -23.0614 0
    endloop
  endfacet
  facet normal 0 0 -1
    outer loop
      vertex 20.3935 -26.5773 0
      vertex 21.3034 -22.8908 0
      vertex 21.3234 -22.9768 0
    endloop
  endfacet
  facet normal 0 0 -1
    outer loop
      vertex 18.6116 -27.8542 0
      vertex 21.3034 -22.8908 0
      vertex 20.3935 -26.5773 0
    endloop
  endfacet
  facet normal 0 0 -1
    outer loop
      vertex 13.6115 -20.371 0
      vertex 21.3034 -22.8908 0
      vertex 18.6116 -27.8542 0
    endloop
  endfacet
  facet normal 0 0 -1
    outer loop
      vertex 21.3034 -22.8908 0
      vertex 13.6115 -20.371 0
      vertex 21.289 -22.8036 0
    endloop
  endfacet
  facet normal 0 0 -1
    outer loop
      vertex 21.2803 -22.7157 0
      vertex 14.9147 -19.4372 0
      vertex 21.2774 -22.6274 0
    endloop
  endfacet
  facet normal 0 0 -1
    outer loop
      vertex 21.289 -22.4512 0
      vertex 20.371 -13.6115 0
      vertex 21.2176 -12.25 0
    endloop
  endfacet
  facet normal 0 0 -1
    outer loop
      vertex 21.289 -22.4512 0
      vertex 19.4372 -14.9147 0
      vertex 20.371 -13.6115 0
    endloop
  endfacet
  facet normal 0 0 -1
    outer loop
      vertex 21.2774 -22.6274 0
      vertex 14.9147 -19.4372 0
      vertex 21.2803 -22.5391 0
    endloop
  endfacet
  facet normal 0 0 -1
    outer loop
      vertex 21.289 -22.4512 0
      vertex 18.4201 -16.154 0
      vertex 19.4372 -14.9147 0
    endloop
  endfacet
  facet normal 0 0 -1
    outer loop
      vertex 21.289 -22.4512 0
      vertex 17.3241 -17.3241 0
      vertex 18.4201 -16.154 0
    endloop
  endfacet
  facet normal 0 0 -1
    outer loop
      vertex 13.6115 -20.371 0
      vertex 18.6116 -27.8542 0
      vertex 16.75 -29.0119 0
    endloop
  endfacet
  facet normal 0 0 -1
    outer loop
      vertex 21.289 -22.4512 0
      vertex 16.154 -18.4201 0
      vertex 17.3241 -17.3241 0
    endloop
  endfacet
  facet normal 0 0 -1
    outer loop
      vertex 21.289 -22.4512 0
      vertex 14.9147 -19.4372 0
      vertex 16.154 -18.4201 0
    endloop
  endfacet
  facet normal 0 0 -1
    outer loop
      vertex 12.25 -21.2176 0
      vertex 16.75 -29.0119 0
      vertex 14.8167 -30.0452 0
    endloop
  endfacet
  facet normal 0 0 -1
    outer loop
      vertex 21.2803 -22.5391 0
      vertex 14.9147 -19.4372 0
      vertex 21.289 -22.4512 0
    endloop
  endfacet
  facet normal 0 0 -1
    outer loop
      vertex 10.8361 -21.9734 0
      vertex 14.8167 -30.0452 0
      vertex 12.8199 -30.95 0
    endloop
  endfacet
  facet normal 0 0 -1
    outer loop
      vertex 16.75 -29.0119 0
      vertex 12.25 -21.2176 0
      vertex 13.6115 -20.371 0
    endloop
  endfacet
  facet normal 0 0 -1
    outer loop
      vertex 14.8167 -30.0452 0
      vertex 10.8361 -21.9734 0
      vertex 12.25 -21.2176 0
    endloop
  endfacet
  facet normal 0 0 -1
    outer loop
      vertex 8 -23.6 0
      vertex 12.8199 -30.95 0
      vertex 10.7682 -31.7222 0
    endloop
  endfacet
  facet normal 0 0 -1
    outer loop
      vertex 12.8199 -30.95 0
      vertex 9.37574 -22.635 0
      vertex 10.8361 -21.9734 0
    endloop
  endfacet
  facet normal 0 0 -1
    outer loop
      vertex 8 -23.6 0
      vertex 10.7682 -31.7222 0
      vertex 8.67044 -32.3585 0
    endloop
  endfacet
  facet normal 0 0 -1
    outer loop
      vertex 8 -23.6 0
      vertex 8.67044 -32.3585 0
      vertex 8 -32.5148 0
    endloop
  endfacet
  facet normal 0 0 -1
    outer loop
      vertex 12.8199 -30.95 0
      vertex 8 -23.6 0
      vertex 9.37574 -22.635 0
    endloop
  endfacet
  facet normal 0 0 -1
    outer loop
      vertex 8 -23.6 0
      vertex 7.87527 -23.1998 0
      vertex 9.37574 -22.635 0
    endloop
  endfacet
  facet normal 0 -0 -1
    outer loop
      vertex 7.87527 -23.1998 0
      vertex 8 -23.6 0
      vertex 6.55594 -23.6 0
    endloop
  endfacet
  facet normal 0 0 -1
    outer loop
      vertex -8 -23.6 0
      vertex -7.87527 -23.1998 0
      vertex -6.55594 -23.6 0
    endloop
  endfacet
  facet normal 0 0 -1
    outer loop
      vertex -8 -23.6 0
      vertex -9.37574 -22.635 0
      vertex -7.87527 -23.1998 0
    endloop
  endfacet
  facet normal 0 0 -1
    outer loop
      vertex -10.7682 -31.7222 0
      vertex -8 -23.6 0
      vertex -8.67044 -32.3585 0
    endloop
  endfacet
  facet normal 0 0 -1
    outer loop
      vertex -12.8199 -30.95 0
      vertex -8 -23.6 0
      vertex -10.7682 -31.7222 0
    endloop
  endfacet
  facet normal -0 0 -1
    outer loop
      vertex -8 -23.6 0
      vertex -12.8199 -30.95 0
      vertex -9.37574 -22.635 0
    endloop
  endfacet
  facet normal -0 0 -1
    outer loop
      vertex -9.37574 -22.635 0
      vertex -12.8199 -30.95 0
      vertex -10.8361 -21.9734 0
    endloop
  endfacet
  facet normal 0 0 -1
    outer loop
      vertex -14.8167 -30.0452 0
      vertex -10.8361 -21.9734 0
      vertex -12.8199 -30.95 0
    endloop
  endfacet
  facet normal -0 0 -1
    outer loop
      vertex -10.8361 -21.9734 0
      vertex -14.8167 -30.0452 0
      vertex -12.25 -21.2176 0
    endloop
  endfacet
  facet normal 0 0 -1
    outer loop
      vertex -16.75 -29.0119 0
      vertex -12.25 -21.2176 0
      vertex -14.8167 -30.0452 0
    endloop
  endfacet
  facet normal -0 0 -1
    outer loop
      vertex -12.25 -21.2176 0
      vertex -16.75 -29.0119 0
      vertex -13.6115 -20.371 0
    endloop
  endfacet
  facet normal 0 0 -1
    outer loop
      vertex -18.6116 -27.8542 0
      vertex -13.6115 -20.371 0
      vertex -16.75 -29.0119 0
    endloop
  endfacet
  facet normal 0 0 -1
    outer loop
      vertex -21.3034 -22.8908 0
      vertex -13.6115 -20.371 0
      vertex -18.6116 -27.8542 0
    endloop
  endfacet
  facet normal 0 -0 -1
    outer loop
      vertex -21.289 -22.8036 0
      vertex -13.6115 -20.371 0
      vertex -21.3034 -22.8908 0
    endloop
  endfacet
  facet normal 0 -0 -1
    outer loop
      vertex -21.2803 -22.7157 0
      vertex -14.9147 -19.4372 0
      vertex -21.289 -22.8036 0
    endloop
  endfacet
  facet normal 0 0 -1
    outer loop
      vertex -21.289 -22.4512 0
      vertex -14.9147 -19.4372 0
      vertex -21.2803 -22.5391 0
    endloop
  endfacet
  facet normal 0 0 -1
    outer loop
      vertex -21.3034 -22.364 0
      vertex -14.9147 -19.4372 0
      vertex -21.289 -22.4512 0
    endloop
  endfacet
  facet normal -0 0 -1
    outer loop
      vertex -14.9147 -19.4372 0
      vertex -21.3034 -22.364 0
      vertex -16.154 -18.4201 0
    endloop
  endfacet
  facet normal 0 0 -1
    outer loop
      vertex -21.3034 -22.8908 0
      vertex -18.6116 -27.8542 0
      vertex -20.3935 -26.5773 0
    endloop
  endfacet
  facet normal 0 0 -1
    outer loop
      vertex -21.3234 -22.278 0
      vertex -16.154 -18.4201 0
      vertex -21.3034 -22.364 0
    endloop
  endfacet
  facet normal 0 0 -1
    outer loop
      vertex -21.3491 -22.1935 0
      vertex -16.154 -18.4201 0
      vertex -21.3234 -22.278 0
    endloop
  endfacet
  facet normal 0 0 -1
    outer loop
      vertex -21.2803 -22.5391 0
      vertex -14.9147 -19.4372 0
      vertex -21.2774 -22.6274 0
    endloop
  endfacet
  facet normal 0 -0 -1
    outer loop
      vertex -21.2774 -22.6274 0
      vertex -14.9147 -19.4372 0
      vertex -21.2803 -22.7157 0
    endloop
  endfacet
  facet normal -0 0 -1
    outer loop
      vertex -13.6115 -20.371 0
      vertex -21.289 -22.8036 0
      vertex -14.9147 -19.4372 0
    endloop
  endfacet
  facet normal 0 0 -1
    outer loop
      vertex -20.3935 -26.5773 0
      vertex -21.3234 -22.9768 0
      vertex -21.3034 -22.8908 0
    endloop
  endfacet
  facet normal 0 0 -1
    outer loop
      vertex -20.3935 -26.5773 0
      vertex -21.3491 -23.0614 0
      vertex -21.3234 -22.9768 0
    endloop
  endfacet
  facet normal 0 0 -1
    outer loop
      vertex -20.3935 -26.5773 0
      vertex -21.3802 -23.144 0
      vertex -21.3491 -23.0614 0
    endloop
  endfacet
  facet normal 0 0 -1
    outer loop
      vertex -20.3935 -26.5773 0
      vertex -21.4166 -23.2245 0
      vertex -21.3802 -23.144 0
    endloop
  endfacet
  facet normal 0 0 -1
    outer loop
      vertex -20.3935 -26.5773 0
      vertex -21.4583 -23.3024 0
      vertex -21.4166 -23.2245 0
    endloop
  endfacet
  facet normal 0 0 -1
    outer loop
      vertex -20.3935 -26.5773 0
      vertex -21.5049 -23.3774 0
      vertex -21.4583 -23.3024 0
    endloop
  endfacet
  facet normal 0 0 -1
    outer loop
      vertex -20.3935 -26.5773 0
      vertex -21.5564 -23.4492 0
      vertex -21.5049 -23.3774 0
    endloop
  endfacet
  facet normal 0 0 -1
    outer loop
      vertex -20.3935 -26.5773 0
      vertex -21.6124 -23.5175 0
      vertex -21.5564 -23.4492 0
    endloop
  endfacet
  facet normal 0 0 -1
    outer loop
      vertex -20.3935 -26.5773 0
      vertex -21.6728 -23.582 0
      vertex -21.6124 -23.5175 0
    endloop
  endfacet
  facet normal 0 0 -1
    outer loop
      vertex -22.0881 -25.1866 0
      vertex -21.6728 -23.582 0
      vertex -20.3935 -26.5773 0
    endloop
  endfacet
  facet normal 0 0 -1
    outer loop
      vertex -21.6728 -23.582 0
      vertex -22.0881 -25.1866 0
      vertex -21.7373 -23.6424 0
    endloop
  endfacet
  facet normal 0 0 -1
    outer loop
      vertex -21.7373 -23.6424 0
      vertex -22.0881 -25.1866 0
      vertex -21.8056 -23.6984 0
    endloop
  endfacet
  facet normal 0 0 -1
    outer loop
      vertex -21.8056 -23.6984 0
      vertex -22.0881 -25.1866 0
      vertex -21.8774 -23.7499 0
    endloop
  endfacet
  facet normal 0 0 -1
    outer loop
      vertex -21.8774 -23.7499 0
      vertex -22.0881 -25.1866 0
      vertex -21.9524 -23.7966 0
    endloop
  endfacet
  facet normal 0 0 -1
    outer loop
      vertex -21.9524 -23.7966 0
      vertex -22.0881 -25.1866 0
      vertex -22.0303 -23.8382 0
    endloop
  endfacet
  facet normal 0 0 -1
    outer loop
      vertex -22.0881 -25.1866 0
      vertex -22.1108 -23.8747 0
      vertex -22.0303 -23.8382 0
    endloop
  endfacet
  facet normal 0 0 -1
    outer loop
      vertex -22.0881 -25.1866 0
      vertex -22.1935 -23.9058 0
      vertex -22.1108 -23.8747 0
    endloop
  endfacet
  facet normal 0 0 -1
    outer loop
      vertex -22.0881 -25.1866 0
      vertex -22.278 -23.9314 0
      vertex -22.1935 -23.9058 0
    endloop
  endfacet
  facet normal 0 0 -1
    outer loop
      vertex -22.0881 -25.1866 0
      vertex -22.364 -23.9515 0
      vertex -22.278 -23.9314 0
    endloop
  endfacet
  facet normal 0 0 -1
    outer loop
      vertex -22.0881 -25.1866 0
      vertex -22.4512 -23.9659 0
      vertex -22.364 -23.9515 0
    endloop
  endfacet
  facet normal 0 0 -1
    outer loop
      vertex -22.0881 -25.1866 0
      vertex -22.5391 -23.9745 0
      vertex -22.4512 -23.9659 0
    endloop
  endfacet
  facet normal 0 0 -1
    outer loop
      vertex -22.0881 -25.1866 0
      vertex -22.6274 -23.9774 0
      vertex -22.5391 -23.9745 0
    endloop
  endfacet
  facet normal 0 0 -1
    outer loop
      vertex -22.0881 -25.1866 0
      vertex -22.7157 -23.9745 0
      vertex -22.6274 -23.9774 0
    endloop
  endfacet
  facet normal 0 0 -1
    outer loop
      vertex -22.0881 -25.1866 0
      vertex -22.8036 -23.9659 0
      vertex -22.7157 -23.9745 0
    endloop
  endfacet
  facet normal 0 0 -1
    outer loop
      vertex -22.0881 -25.1866 0
      vertex -22.8908 -23.9515 0
      vertex -22.8036 -23.9659 0
    endloop
  endfacet
  facet normal 0 0 -1
    outer loop
      vertex -22.0881 -25.1866 0
      vertex -22.9768 -23.9314 0
      vertex -22.8908 -23.9515 0
    endloop
  endfacet
  facet normal 0 0 -1
    outer loop
      vertex -22.0881 -25.1866 0
      vertex -23.0614 -23.9058 0
      vertex -22.9768 -23.9314 0
    endloop
  endfacet
  facet normal 0 0 -1
    outer loop
      vertex -22.0881 -25.1866 0
      vertex -23.144 -23.8747 0
      vertex -23.0614 -23.9058 0
    endloop
  endfacet
  facet normal 0 0 -1
    outer loop
      vertex -22.0881 -25.1866 0
      vertex -23.2245 -23.8382 0
      vertex -23.144 -23.8747 0
    endloop
  endfacet
  facet normal 0 0 -1
    outer loop
      vertex -23.6881 -23.6881 0
      vertex -23.2245 -23.8382 0
      vertex -22.0881 -25.1866 0
    endloop
  endfacet
  facet normal 0 0 -1
    outer loop
      vertex -23.2245 -23.8382 0
      vertex -23.6881 -23.6881 0
      vertex -23.3024 -23.7966 0
    endloop
  endfacet
  facet normal 0 0 -1
    outer loop
      vertex -23.3024 -23.7966 0
      vertex -23.6881 -23.6881 0
      vertex -23.3774 -23.7499 0
    endloop
  endfacet
  facet normal 0 0 -1
    outer loop
      vertex -23.3774 -23.7499 0
      vertex -23.6881 -23.6881 0
      vertex -23.4492 -23.6984 0
    endloop
  endfacet
  facet normal 0 0 -1
    outer loop
      vertex -23.4492 -23.6984 0
      vertex -23.6881 -23.6881 0
      vertex -23.5175 -23.6424 0
    endloop
  endfacet
  facet normal -0 0 -1
    outer loop
      vertex -23.5175 -23.6424 0
      vertex -23.6881 -23.6881 0
      vertex -23.582 -23.582 0
    endloop
  endfacet
  facet normal -0 0 -1
    outer loop
      vertex -23.582 -23.582 0
      vertex -23.6881 -23.6881 0
      vertex -23.6424 -23.5175 0
    endloop
  endfacet
  facet normal 0 0 -1
    outer loop
      vertex -23.6881 -23.6881 0
      vertex -23.6984 -23.4492 0
      vertex -23.6424 -23.5175 0
    endloop
  endfacet
  facet normal 0 0 -1
    outer loop
      vertex -23.6881 -23.6881 0
      vertex -23.7499 -23.3774 0
      vertex -23.6984 -23.4492 0
    endloop
  endfacet
  facet normal 0 0 -1
    outer loop
      vertex -23.6881 -23.6881 0
      vertex -23.7966 -23.3024 0
      vertex -23.7499 -23.3774 0
    endloop
  endfacet
  facet normal 0 0 -1
    outer loop
      vertex -23.6881 -23.6881 0
      vertex -23.8382 -23.2245 0
      vertex -23.7966 -23.3024 0
    endloop
  endfacet
  facet normal 0 0 -1
    outer loop
      vertex -25.1866 -22.0881 0
      vertex -23.8382 -23.2245 0
      vertex -23.6881 -23.6881 0
    endloop
  endfacet
  facet normal 0 0 -1
    outer loop
      vertex -23.8382 -23.2245 0
      vertex -25.1866 -22.0881 0
      vertex -23.8747 -23.144 0
    endloop
  endfacet
  facet normal 0 -0 -1
    outer loop
      vertex -29.3 -10 0
      vertex -21.9734 -10.8361 0
      vertex -30.0452 -14.8167 0
    endloop
  endfacet
  facet normal 0 0 -1
    outer loop
      vertex -21.9734 -10.8361 0
      vertex -29.3 -10 0
      vertex -22.635 -9.37574 0
    endloop
  endfacet
  facet normal -0 0 -1
    outer loop
      vertex -24.2904 -3.19789 0
      vertex -29.3 -10 0
      vertex -24.4475 -1.60238 0
    endloop
  endfacet
  facet normal -0 0 -1
    outer loop
      vertex -23.582 -21.6728 0
      vertex -25.1866 -22.0881 0
      vertex -26.5773 -20.3935 0
    endloop
  endfacet
  facet normal 0 0 -1
    outer loop
      vertex -23.9745 -22.7157 0
      vertex -25.1866 -22.0881 0
      vertex -23.9774 -22.6274 0
    endloop
  endfacet
  facet normal 0 0 -1
    outer loop
      vertex -23.9659 -22.8036 0
      vertex -25.1866 -22.0881 0
      vertex -23.9745 -22.7157 0
    endloop
  endfacet
  facet normal 0 0 -1
    outer loop
      vertex -23.9515 -22.8908 0
      vertex -25.1866 -22.0881 0
      vertex -23.9659 -22.8036 0
    endloop
  endfacet
  facet normal 0 0 -1
    outer loop
      vertex -23.9314 -22.9768 0
      vertex -25.1866 -22.0881 0
      vertex -23.9515 -22.8908 0
    endloop
  endfacet
  facet normal 0 0 -1
    outer loop
      vertex -23.9058 -23.0614 0
      vertex -25.1866 -22.0881 0
      vertex -23.9314 -22.9768 0
    endloop
  endfacet
  facet normal 0 0 -1
    outer loop
      vertex -23.8747 -23.144 0
      vertex -25.1866 -22.0881 0
      vertex -23.9058 -23.0614 0
    endloop
  endfacet
  facet normal 0 0 -1
    outer loop
      vertex -30.0452 14.8167 0
      vertex -21.9734 10.8361 0
      vertex -29.3 10 0
    endloop
  endfacet
  facet normal 0 0 -1
    outer loop
      vertex -21.9734 10.8361 0
      vertex -30.0452 14.8167 0
      vertex -29.0119 16.75 0
    endloop
  endfacet
  facet normal 0 0 -1
    outer loop
      vertex -29.3 10 0
      vertex -30.95 12.8199 0
      vertex -30.0452 14.8167 0
    endloop
  endfacet
  facet normal 0 0 -1
    outer loop
      vertex -29.3 10 0
      vertex -31.7222 10.7682 0
      vertex -30.95 12.8199 0
    endloop
  endfacet
  facet normal 0 -0 -1
    outer loop
      vertex -31.7222 10.7682 0
      vertex -29.3 10 0
      vertex -31.9552 10 0
    endloop
  endfacet
  facet normal 0 0 -1
    outer loop
      vertex -14.9147 19.4372 0
      vertex -21.2803 22.5391 0
      vertex -21.2774 22.6274 0
    endloop
  endfacet
  facet normal 0 0 -1
    outer loop
      vertex -20.371 13.6115 0
      vertex -21.289 22.4512 0
      vertex -21.2803 22.5391 0
    endloop
  endfacet
  facet normal 0 0 -1
    outer loop
      vertex -20.371 13.6115 0
      vertex -21.3034 22.364 0
      vertex -21.289 22.4512 0
    endloop
  endfacet
  facet normal 0 0 -1
    outer loop
      vertex -20.371 13.6115 0
      vertex -21.3234 22.278 0
      vertex -21.3034 22.364 0
    endloop
  endfacet
  facet normal 0 0 -1
    outer loop
      vertex -20.371 13.6115 0
      vertex -21.3491 22.1935 0
      vertex -21.3234 22.278 0
    endloop
  endfacet
  facet normal 0 0 -1
    outer loop
      vertex -20.371 13.6115 0
      vertex -21.3802 22.1108 0
      vertex -21.3491 22.1935 0
    endloop
  endfacet
  facet normal 0 0 -1
    outer loop
      vertex -20.371 13.6115 0
      vertex -21.4166 22.0303 0
      vertex -21.3802 22.1108 0
    endloop
  endfacet
  facet normal 0 0 -1
    outer loop
      vertex -20.371 13.6115 0
      vertex -21.4583 21.9524 0
      vertex -21.4166 22.0303 0
    endloop
  endfacet
  facet normal 0 0 -1
    outer loop
      vertex -20.371 13.6115 0
      vertex -21.5049 21.8774 0
      vertex -21.4583 21.9524 0
    endloop
  endfacet
  facet normal 0 0 -1
    outer loop
      vertex -20.371 13.6115 0
      vertex -21.5564 21.8056 0
      vertex -21.5049 21.8774 0
    endloop
  endfacet
  facet normal 0 0 -1
    outer loop
      vertex -20.371 13.6115 0
      vertex -21.6124 21.7373 0
      vertex -21.5564 21.8056 0
    endloop
  endfacet
  facet normal 0 0 -1
    outer loop
      vertex -20.371 13.6115 0
      vertex -21.6728 21.6728 0
      vertex -21.6124 21.7373 0
    endloop
  endfacet
  facet normal 0 0 -1
    outer loop
      vertex -20.371 13.6115 0
      vertex -21.7373 21.6124 0
      vertex -21.6728 21.6728 0
    endloop
  endfacet
  facet normal 0 0 -1
    outer loop
      vertex -20.371 13.6115 0
      vertex -21.8056 21.5564 0
      vertex -21.7373 21.6124 0
    endloop
  endfacet
  facet normal 0 0 -1
    outer loop
      vertex -20.371 13.6115 0
      vertex -21.8774 21.5049 0
      vertex -21.8056 21.5564 0
    endloop
  endfacet
  facet normal 0 0 -1
    outer loop
      vertex -20.371 13.6115 0
      vertex -21.9524 21.4583 0
      vertex -21.8774 21.5049 0
    endloop
  endfacet
  facet normal 0 0 -1
    outer loop
      vertex -29.0119 16.75 0
      vertex -21.2176 12.25 0
      vertex -21.9734 10.8361 0
    endloop
  endfacet
  facet normal 0 0 -1
    outer loop
      vertex -20.371 13.6115 0
      vertex -22.0303 21.4166 0
      vertex -21.9524 21.4583 0
    endloop
  endfacet
  facet normal 0 0 -1
    outer loop
      vertex -20.371 13.6115 0
      vertex -22.1108 21.3802 0
      vertex -22.0303 21.4166 0
    endloop
  endfacet
  facet normal 0 0 -1
    outer loop
      vertex -20.371 13.6115 0
      vertex -22.1935 21.3491 0
      vertex -22.1108 21.3802 0
    endloop
  endfacet
  facet normal 0 0 -1
    outer loop
      vertex -20.371 13.6115 0
      vertex -22.278 21.3234 0
      vertex -22.1935 21.3491 0
    endloop
  endfacet
  facet normal 0 0 -1
    outer loop
      vertex -20.371 13.6115 0
      vertex -22.364 21.3034 0
      vertex -22.278 21.3234 0
    endloop
  endfacet
  facet normal 0 0 -1
    outer loop
      vertex -20.371 13.6115 0
      vertex -22.4512 21.289 0
      vertex -22.364 21.3034 0
    endloop
  endfacet
  facet normal 0 0 -1
    outer loop
      vertex -20.371 13.6115 0
      vertex -22.5391 21.2803 0
      vertex -22.4512 21.289 0
    endloop
  endfacet
  facet normal 0 0 -1
    outer loop
      vertex -20.371 13.6115 0
      vertex -22.6274 21.2774 0
      vertex -22.5391 21.2803 0
    endloop
  endfacet
  facet normal 0 0 -1
    outer loop
      vertex -29.3 10 0
      vertex -21.9734 10.8361 0
      vertex -22.635 9.37574 0
    endloop
  endfacet
  facet normal 0 0 -1
    outer loop
      vertex -20.371 13.6115 0
      vertex -22.7157 21.2803 0
      vertex -22.6274 21.2774 0
    endloop
  endfacet
  facet normal 0 -0 -1
    outer loop
      vertex -22.8908 21.3034 0
      vertex -20.371 13.6115 0
      vertex -27.8542 18.6116 0
    endloop
  endfacet
  facet normal 0 0 -1
    outer loop
      vertex -20.371 13.6115 0
      vertex -22.8036 21.289 0
      vertex -22.7157 21.2803 0
    endloop
  endfacet
  facet normal 0 0 -1
    outer loop
      vertex -20.371 13.6115 0
      vertex -22.8908 21.3034 0
      vertex -22.8036 21.289 0
    endloop
  endfacet
  facet normal 0 -0 -1
    outer loop
      vertex -26.5773 20.3935 0
      vertex -22.8908 21.3034 0
      vertex -27.8542 18.6116 0
    endloop
  endfacet
  facet normal -0 0 -1
    outer loop
      vertex -22.8908 21.3034 0
      vertex -26.5773 20.3935 0
      vertex -22.9768 21.3234 0
    endloop
  endfacet
  facet normal 0 0 -1
    outer loop
      vertex -29.3 10 0
      vertex -22.635 9.37574 0
      vertex -23.1998 7.87527 0
    endloop
  endfacet
  facet normal -0 0 -1
    outer loop
      vertex -22.9768 21.3234 0
      vertex -26.5773 20.3935 0
      vertex -23.0614 21.3491 0
    endloop
  endfacet
  facet normal -0 0 -1
    outer loop
      vertex -23.0614 21.3491 0
      vertex -26.5773 20.3935 0
      vertex -23.144 21.3802 0
    endloop
  endfacet
  facet normal -0 0 -1
    outer loop
      vertex -23.144 21.3802 0
      vertex -26.5773 20.3935 0
      vertex -23.2245 21.4166 0
    endloop
  endfacet
  facet normal -0 0 -1
    outer loop
      vertex -23.2245 21.4166 0
      vertex -26.5773 20.3935 0
      vertex -23.3024 21.4583 0
    endloop
  endfacet
  facet normal -0 0 -1
    outer loop
      vertex -23.3024 21.4583 0
      vertex -26.5773 20.3935 0
      vertex -23.3774 21.5049 0
    endloop
  endfacet
  facet normal -0 0 -1
    outer loop
      vertex -23.3774 21.5049 0
      vertex -26.5773 20.3935 0
      vertex -23.4492 21.5564 0
    endloop
  endfacet
  facet normal -0 0 -1
    outer loop
      vertex -23.4492 21.5564 0
      vertex -26.5773 20.3935 0
      vertex -23.5175 21.6124 0
    endloop
  endfacet
  facet normal 0 0 -1
    outer loop
      vertex -29.3 10 0
      vertex -23.1998 7.87527 0
      vertex -23.6652 6.34107 0
    endloop
  endfacet
  facet normal -0 0 -1
    outer loop
      vertex -23.5175 21.6124 0
      vertex -26.5773 20.3935 0
      vertex -23.582 21.6728 0
    endloop
  endfacet
  facet normal 0 -0 -1
    outer loop
      vertex -25.1866 22.0881 0
      vertex -23.582 21.6728 0
      vertex -26.5773 20.3935 0
    endloop
  endfacet
  facet normal 0 0 -1
    outer loop
      vertex -23.582 21.6728 0
      vertex -25.1866 22.0881 0
      vertex -23.6424 21.7373 0
    endloop
  endfacet
  facet normal 0 0 -1
    outer loop
      vertex -23.6424 21.7373 0
      vertex -25.1866 22.0881 0
      vertex -23.6984 21.8056 0
    endloop
  endfacet
  facet normal 0 0 -1
    outer loop
      vertex -23.6984 21.8056 0
      vertex -25.1866 22.0881 0
      vertex -23.7499 21.8774 0
    endloop
  endfacet
  facet normal 0 0 -1
    outer loop
      vertex -23.7499 21.8774 0
      vertex -25.1866 22.0881 0
      vertex -23.7966 21.9524 0
    endloop
  endfacet
  facet normal 0 0 -1
    outer loop
      vertex -23.7966 21.9524 0
      vertex -25.1866 22.0881 0
      vertex -23.8382 22.0303 0
    endloop
  endfacet
  facet normal 0 0 -1
    outer loop
      vertex -23.8382 22.0303 0
      vertex -25.1866 22.0881 0
      vertex -23.8747 22.1108 0
    endloop
  endfacet
  facet normal -0 0 -1
    outer loop
      vertex -23.9058 22.1935 0
      vertex -25.1866 22.0881 0
      vertex -23.9314 22.278 0
    endloop
  endfacet
  facet normal -0 0 -1
    outer loop
      vertex -23.9314 22.278 0
      vertex -25.1866 22.0881 0
      vertex -23.9515 22.364 0
    endloop
  endfacet
  facet normal -0 0 -1
    outer loop
      vertex -23.9515 22.364 0
      vertex -25.1866 22.0881 0
      vertex -23.9659 22.4512 0
    endloop
  endfacet
  facet normal 0 0 -1
    outer loop
      vertex -29.3 10 0
      vertex -23.6652 6.34107 0
      vertex -24.0292 4.77971 0
    endloop
  endfacet
  facet normal 0 0 -1
    outer loop
      vertex 25.1866 22.0881 0
      vertex 23.9745 22.5391 0
      vertex 23.9774 22.6274 0
    endloop
  endfacet
  facet normal 0 0 -1
    outer loop
      vertex 25.1866 22.0881 0
      vertex 23.9659 22.4512 0
      vertex 23.9745 22.5391 0
    endloop
  endfacet
  facet normal 0 0 -1
    outer loop
      vertex 25.1866 22.0881 0
      vertex 23.9515 22.364 0
      vertex 23.9659 22.4512 0
    endloop
  endfacet
  facet normal 0 0 -1
    outer loop
      vertex 25.1866 22.0881 0
      vertex 23.9314 22.278 0
      vertex 23.9515 22.364 0
    endloop
  endfacet
  facet normal 0 0 -1
    outer loop
      vertex 21.2176 12.25 0
      vertex 29.0119 16.75 0
      vertex 21.9734 10.8361 0
    endloop
  endfacet
  facet normal 0 0 -1
    outer loop
      vertex 25.1866 22.0881 0
      vertex 23.9058 22.1935 0
      vertex 23.9314 22.278 0
    endloop
  endfacet
  facet normal 0 0 -1
    outer loop
      vertex 25.1866 22.0881 0
      vertex 23.8747 22.1108 0
      vertex 23.9058 22.1935 0
    endloop
  endfacet
  facet normal -0 0 -1
    outer loop
      vertex 29.0119 16.75 0
      vertex 21.2176 12.25 0
      vertex 27.8542 18.6116 0
    endloop
  endfacet
  facet normal -0 0 -1
    outer loop
      vertex 25.1866 22.0881 0
      vertex 23.8382 22.0303 0
      vertex 23.8747 22.1108 0
    endloop
  endfacet
  facet normal 0 0 -1
    outer loop
      vertex 25.1866 22.0881 0
      vertex 23.7966 21.9524 0
      vertex 23.8382 22.0303 0
    endloop
  endfacet
  facet normal 0 0 -1
    outer loop
      vertex 20.371 13.6115 0
      vertex 27.8542 18.6116 0
      vertex 21.2176 12.25 0
    endloop
  endfacet
  facet normal 0 0 -1
    outer loop
      vertex 25.1866 22.0881 0
      vertex 23.7499 21.8774 0
      vertex 23.7966 21.9524 0
    endloop
  endfacet
  facet normal 0 0 -1
    outer loop
      vertex 25.1866 22.0881 0
      vertex 23.6984 21.8056 0
      vertex 23.7499 21.8774 0
    endloop
  endfacet
  facet normal 0 -0 -1
    outer loop
      vertex 22.8908 21.3034 0
      vertex 27.8542 18.6116 0
      vertex 20.371 13.6115 0
    endloop
  endfacet
  facet normal 0 0 -1
    outer loop
      vertex 25.1866 22.0881 0
      vertex 23.6424 21.7373 0
      vertex 23.6984 21.8056 0
    endloop
  endfacet
  facet normal 0 0 -1
    outer loop
      vertex 25.1866 22.0881 0
      vertex 23.582 21.6728 0
      vertex 23.6424 21.7373 0
    endloop
  endfacet
  facet normal 0 0 -1
    outer loop
      vertex 25.1866 22.0881 0
      vertex 23.5175 21.6124 0
      vertex 23.582 21.6728 0
    endloop
  endfacet
  facet normal 0 -0 -1
    outer loop
      vertex 23.3774 21.5049 0
      vertex 26.5773 20.3935 0
      vertex 23.3024 21.4583 0
    endloop
  endfacet
  facet normal 0 0 -1
    outer loop
      vertex 26.5773 20.3935 0
      vertex 23.5175 21.6124 0
      vertex 25.1866 22.0881 0
    endloop
  endfacet
  facet normal 0 -0 -1
    outer loop
      vertex 23.5175 21.6124 0
      vertex 26.5773 20.3935 0
      vertex 23.4492 21.5564 0
    endloop
  endfacet
  facet normal 0 -0 -1
    outer loop
      vertex 23.4492 21.5564 0
      vertex 26.5773 20.3935 0
      vertex 23.3774 21.5049 0
    endloop
  endfacet
  facet normal 0 0 -1
    outer loop
      vertex 26.5773 20.3935 0
      vertex 23.2245 21.4166 0
      vertex 23.3024 21.4583 0
    endloop
  endfacet
  facet normal 0 0 -1
    outer loop
      vertex 27.8542 18.6116 0
      vertex 22.8908 21.3034 0
      vertex 26.5773 20.3935 0
    endloop
  endfacet
  facet normal 0 0 -1
    outer loop
      vertex 26.5773 20.3935 0
      vertex 23.144 21.3802 0
      vertex 23.2245 21.4166 0
    endloop
  endfacet
  facet normal 0 0 -1
    outer loop
      vertex 26.5773 20.3935 0
      vertex 23.0614 21.3491 0
      vertex 23.144 21.3802 0
    endloop
  endfacet
  facet normal 0 0 -1
    outer loop
      vertex 26.5773 20.3935 0
      vertex 22.9768 21.3234 0
      vertex 23.0614 21.3491 0
    endloop
  endfacet
  facet normal 0 0 -1
    outer loop
      vertex 26.5773 20.3935 0
      vertex 22.8908 21.3034 0
      vertex 22.9768 21.3234 0
    endloop
  endfacet
  facet normal 0 0 -1
    outer loop
      vertex 22.8908 21.3034 0
      vertex 20.371 13.6115 0
      vertex 22.8036 21.289 0
    endloop
  endfacet
  facet normal 0 0 -1
    outer loop
      vertex 19.4372 14.9147 0
      vertex 22.8036 21.289 0
      vertex 20.371 13.6115 0
    endloop
  endfacet
  facet normal 0 0 -1
    outer loop
      vertex 22.8036 21.289 0
      vertex 19.4372 14.9147 0
      vertex 22.7157 21.2803 0
    endloop
  endfacet
  facet normal 0 0 -1
    outer loop
      vertex 22.7157 21.2803 0
      vertex 19.4372 14.9147 0
      vertex 22.6274 21.2774 0
    endloop
  endfacet
  facet normal -0 0 -1
    outer loop
      vertex 22.6274 21.2774 0
      vertex 19.4372 14.9147 0
      vertex 22.5391 21.2803 0
    endloop
  endfacet
  facet normal -0 0 -1
    outer loop
      vertex 22.5391 21.2803 0
      vertex 19.4372 14.9147 0
      vertex 22.4512 21.289 0
    endloop
  endfacet
  facet normal -0 0 -1
    outer loop
      vertex 22.4512 21.289 0
      vertex 19.4372 14.9147 0
      vertex 22.364 21.3034 0
    endloop
  endfacet
  facet normal 0 0 -1
    outer loop
      vertex 18.4201 16.154 0
      vertex 22.364 21.3034 0
      vertex 19.4372 14.9147 0
    endloop
  endfacet
  facet normal -0 0 -1
    outer loop
      vertex 22.364 21.3034 0
      vertex 18.4201 16.154 0
      vertex 22.278 21.3234 0
    endloop
  endfacet
  facet normal -0 0 -1
    outer loop
      vertex 22.278 21.3234 0
      vertex 18.4201 16.154 0
      vertex 22.1935 21.3491 0
    endloop
  endfacet
  facet normal -0 0 -1
    outer loop
      vertex 22.1935 21.3491 0
      vertex 18.4201 16.154 0
      vertex 22.1108 21.3802 0
    endloop
  endfacet
  facet normal -0 0 -1
    outer loop
      vertex 22.1108 21.3802 0
      vertex 18.4201 16.154 0
      vertex 22.0303 21.4166 0
    endloop
  endfacet
  facet normal -0 0 -1
    outer loop
      vertex 22.0303 21.4166 0
      vertex 18.4201 16.154 0
      vertex 21.9524 21.4583 0
    endloop
  endfacet
  facet normal -0 0 -1
    outer loop
      vertex 21.9524 21.4583 0
      vertex 18.4201 16.154 0
      vertex 21.8774 21.5049 0
    endloop
  endfacet
  facet normal 0 0 -1
    outer loop
      vertex 17.3241 17.3241 0
      vertex 21.8774 21.5049 0
      vertex 18.4201 16.154 0
    endloop
  endfacet
  facet normal -0 0 -1
    outer loop
      vertex 21.8774 21.5049 0
      vertex 17.3241 17.3241 0
      vertex 21.8056 21.5564 0
    endloop
  endfacet
  facet normal -0 0 -1
    outer loop
      vertex 21.8056 21.5564 0
      vertex 17.3241 17.3241 0
      vertex 21.7373 21.6124 0
    endloop
  endfacet
  facet normal -0 0 -1
    outer loop
      vertex 21.7373 21.6124 0
      vertex 17.3241 17.3241 0
      vertex 21.6728 21.6728 0
    endloop
  endfacet
  facet normal -0 0 -1
    outer loop
      vertex 21.6728 21.6728 0
      vertex 17.3241 17.3241 0
      vertex 21.6124 21.7373 0
    endloop
  endfacet
  facet normal -0 0 -1
    outer loop
      vertex 21.6124 21.7373 0
      vertex 17.3241 17.3241 0
      vertex 21.5564 21.8056 0
    endloop
  endfacet
  facet normal -0 0 -1
    outer loop
      vertex 21.5564 21.8056 0
      vertex 17.3241 17.3241 0
      vertex 21.5049 21.8774 0
    endloop
  endfacet
  facet normal 0 0 -1
    outer loop
      vertex 16.154 18.4201 0
      vertex 21.5049 21.8774 0
      vertex 17.3241 17.3241 0
    endloop
  endfacet
  facet normal -0 0 -1
    outer loop
      vertex 21.5049 21.8774 0
      vertex 16.154 18.4201 0
      vertex 21.4583 21.9524 0
    endloop
  endfacet
  facet normal -0 0 -1
    outer loop
      vertex 21.4583 21.9524 0
      vertex 16.154 18.4201 0
      vertex 21.4166 22.0303 0
    endloop
  endfacet
  facet normal -0 0 -1
    outer loop
      vertex 21.3802 22.1108 0
      vertex 16.154 18.4201 0
      vertex 21.3491 22.1935 0
    endloop
  endfacet
  facet normal -0 0 -1
    outer loop
      vertex 21.4166 22.0303 0
      vertex 16.154 18.4201 0
      vertex 21.3802 22.1108 0
    endloop
  endfacet
  facet normal 0 0 -1
    outer loop
      vertex 23.1998 7.87527 0
      vertex 29.3 10 0
      vertex 23.6652 6.34107 0
    endloop
  endfacet
  facet normal 0 0 -1
    outer loop
      vertex 22.635 9.37574 0
      vertex 29.3 10 0
      vertex 23.1998 7.87527 0
    endloop
  endfacet
  facet normal 0 0 -1
    outer loop
      vertex 21.9734 10.8361 0
      vertex 29.3 10 0
      vertex 22.635 9.37574 0
    endloop
  endfacet
  facet normal -0 0 -1
    outer loop
      vertex 30.0452 14.8167 0
      vertex 21.9734 10.8361 0
      vertex 29.0119 16.75 0
    endloop
  endfacet
  facet normal 0 0 -1
    outer loop
      vertex 23.9745 22.7157 0
      vertex 25.1866 22.0881 0
      vertex 23.9774 22.6274 0
    endloop
  endfacet
  facet normal 0 0 -1
    outer loop
      vertex 23.9659 22.8036 0
      vertex 25.1866 22.0881 0
      vertex 23.9745 22.7157 0
    endloop
  endfacet
  facet normal 0 0 -1
    outer loop
      vertex 23.9515 22.8908 0
      vertex 25.1866 22.0881 0
      vertex 23.9659 22.8036 0
    endloop
  endfacet
  facet normal 0 0 -1
    outer loop
      vertex 23.9314 22.9768 0
      vertex 25.1866 22.0881 0
      vertex 23.9515 22.8908 0
    endloop
  endfacet
  facet normal 0 0 -1
    outer loop
      vertex 23.9058 23.0614 0
      vertex 25.1866 22.0881 0
      vertex 23.9314 22.9768 0
    endloop
  endfacet
  facet normal 0 0 -1
    outer loop
      vertex 23.8747 23.144 0
      vertex 25.1866 22.0881 0
      vertex 23.9058 23.0614 0
    endloop
  endfacet
  facet normal 0 0 -1
    outer loop
      vertex 23.8382 23.2245 0
      vertex 25.1866 22.0881 0
      vertex 23.8747 23.144 0
    endloop
  endfacet
  facet normal 0 0 -1
    outer loop
      vertex 23.6881 23.6881 0
      vertex 23.8382 23.2245 0
      vertex 23.7966 23.3024 0
    endloop
  endfacet
  facet normal 0 0 -1
    outer loop
      vertex 23.6881 23.6881 0
      vertex 23.7966 23.3024 0
      vertex 23.7499 23.3774 0
    endloop
  endfacet
  facet normal 0 0 -1
    outer loop
      vertex 23.6881 23.6881 0
      vertex 23.7499 23.3774 0
      vertex 23.6984 23.4492 0
    endloop
  endfacet
  facet normal 0 0 -1
    outer loop
      vertex 23.8382 23.2245 0
      vertex 23.6881 23.6881 0
      vertex 25.1866 22.0881 0
    endloop
  endfacet
  facet normal 0 0 -1
    outer loop
      vertex 23.6424 23.5175 0
      vertex 23.6881 23.6881 0
      vertex 23.6984 23.4492 0
    endloop
  endfacet
  facet normal 0 0 -1
    outer loop
      vertex 23.582 23.582 0
      vertex 23.6881 23.6881 0
      vertex 23.6424 23.5175 0
    endloop
  endfacet
  facet normal 0 0 -1
    outer loop
      vertex 23.5175 23.6424 0
      vertex 23.6881 23.6881 0
      vertex 23.582 23.582 0
    endloop
  endfacet
  facet normal 0 0 -1
    outer loop
      vertex 23.4492 23.6984 0
      vertex 23.6881 23.6881 0
      vertex 23.5175 23.6424 0
    endloop
  endfacet
  facet normal 0 0 -1
    outer loop
      vertex 23.3774 23.7499 0
      vertex 23.6881 23.6881 0
      vertex 23.4492 23.6984 0
    endloop
  endfacet
  facet normal 0 0 -1
    outer loop
      vertex 23.3024 23.7966 0
      vertex 23.6881 23.6881 0
      vertex 23.3774 23.7499 0
    endloop
  endfacet
  facet normal 0 0 -1
    outer loop
      vertex 23.2245 23.8382 0
      vertex 23.6881 23.6881 0
      vertex 23.3024 23.7966 0
    endloop
  endfacet
  facet normal 0 0 -1
    outer loop
      vertex 22.0881 25.1866 0
      vertex 23.2245 23.8382 0
      vertex 23.144 23.8747 0
    endloop
  endfacet
  facet normal 0 0 -1
    outer loop
      vertex 22.0881 25.1866 0
      vertex 23.144 23.8747 0
      vertex 23.0614 23.9058 0
    endloop
  endfacet
  facet normal 0 0 -1
    outer loop
      vertex 23.2245 23.8382 0
      vertex 22.0881 25.1866 0
      vertex 23.6881 23.6881 0
    endloop
  endfacet
  facet normal 0 0 -1
    outer loop
      vertex 22.9768 23.9314 0
      vertex 22.0881 25.1866 0
      vertex 23.0614 23.9058 0
    endloop
  endfacet
  facet normal 0 0 -1
    outer loop
      vertex 22.8908 23.9515 0
      vertex 22.0881 25.1866 0
      vertex 22.9768 23.9314 0
    endloop
  endfacet
  facet normal 0 0 -1
    outer loop
      vertex 22.8036 23.9659 0
      vertex 22.0881 25.1866 0
      vertex 22.8908 23.9515 0
    endloop
  endfacet
  facet normal 0 0 -1
    outer loop
      vertex 22.7157 23.9745 0
      vertex 22.0881 25.1866 0
      vertex 22.8036 23.9659 0
    endloop
  endfacet
  facet normal 0 0 -1
    outer loop
      vertex 22.6274 23.9774 0
      vertex 22.0881 25.1866 0
      vertex 22.7157 23.9745 0
    endloop
  endfacet
  facet normal 0 0 -1
    outer loop
      vertex 22.5391 23.9745 0
      vertex 22.0881 25.1866 0
      vertex 22.6274 23.9774 0
    endloop
  endfacet
  facet normal 0 0 -1
    outer loop
      vertex 22.4512 23.9659 0
      vertex 22.0881 25.1866 0
      vertex 22.5391 23.9745 0
    endloop
  endfacet
  facet normal 0 0 -1
    outer loop
      vertex 22.364 23.9515 0
      vertex 22.0881 25.1866 0
      vertex 22.4512 23.9659 0
    endloop
  endfacet
  facet normal 0 0 -1
    outer loop
      vertex 22.278 23.9314 0
      vertex 22.0881 25.1866 0
      vertex 22.364 23.9515 0
    endloop
  endfacet
  facet normal 0 0 -1
    outer loop
      vertex 22.1935 23.9058 0
      vertex 22.0881 25.1866 0
      vertex 22.278 23.9314 0
    endloop
  endfacet
  facet normal 0 0 -1
    outer loop
      vertex 22.1108 23.8747 0
      vertex 22.0881 25.1866 0
      vertex 22.1935 23.9058 0
    endloop
  endfacet
  facet normal 0 0 -1
    outer loop
      vertex 22.0303 23.8382 0
      vertex 22.0881 25.1866 0
      vertex 22.1108 23.8747 0
    endloop
  endfacet
  facet normal 0 0 -1
    outer loop
      vertex 21.9524 23.7966 0
      vertex 22.0881 25.1866 0
      vertex 22.0303 23.8382 0
    endloop
  endfacet
  facet normal 0 0 -1
    outer loop
      vertex 21.8774 23.7499 0
      vertex 22.0881 25.1866 0
      vertex 21.9524 23.7966 0
    endloop
  endfacet
  facet normal 0 0 -1
    outer loop
      vertex 21.8056 23.6984 0
      vertex 22.0881 25.1866 0
      vertex 21.8774 23.7499 0
    endloop
  endfacet
  facet normal 0 0 -1
    outer loop
      vertex 21.7373 23.6424 0
      vertex 22.0881 25.1866 0
      vertex 21.8056 23.6984 0
    endloop
  endfacet
  facet normal 0 0 -1
    outer loop
      vertex 21.6728 23.582 0
      vertex 22.0881 25.1866 0
      vertex 21.7373 23.6424 0
    endloop
  endfacet
  facet normal 0 0 -1
    outer loop
      vertex 21.6124 23.5175 0
      vertex 22.0881 25.1866 0
      vertex 21.6728 23.582 0
    endloop
  endfacet
  facet normal 0 0 -1
    outer loop
      vertex 20.3935 26.5773 0
      vertex 21.6124 23.5175 0
      vertex 21.5564 23.4492 0
    endloop
  endfacet
  facet normal 0 0 -1
    outer loop
      vertex 20.3935 26.5773 0
      vertex 21.5564 23.4492 0
      vertex 21.5049 23.3774 0
    endloop
  endfacet
  facet normal 0 0 -1
    outer loop
      vertex 20.3935 26.5773 0
      vertex 21.5049 23.3774 0
      vertex 21.4583 23.3024 0
    endloop
  endfacet
  facet normal 0 0 -1
    outer loop
      vertex 20.3935 26.5773 0
      vertex 21.4583 23.3024 0
      vertex 21.4166 23.2245 0
    endloop
  endfacet
  facet normal 0 0 -1
    outer loop
      vertex 20.3935 26.5773 0
      vertex 21.4166 23.2245 0
      vertex 21.3802 23.144 0
    endloop
  endfacet
  facet normal 0 0 -1
    outer loop
      vertex 20.3935 26.5773 0
      vertex 21.3802 23.144 0
      vertex 21.3491 23.0614 0
    endloop
  endfacet
  facet normal 0 0 -1
    outer loop
      vertex 21.6124 23.5175 0
      vertex 20.3935 26.5773 0
      vertex 22.0881 25.1866 0
    endloop
  endfacet
  facet normal 0 0 -1
    outer loop
      vertex 21.3234 22.9768 0
      vertex 20.3935 26.5773 0
      vertex 21.3491 23.0614 0
    endloop
  endfacet
  facet normal 0 0 -1
    outer loop
      vertex 21.3034 22.8908 0
      vertex 20.3935 26.5773 0
      vertex 21.3234 22.9768 0
    endloop
  endfacet
  facet normal 0 0 -1
    outer loop
      vertex 13.6115 20.371 0
      vertex 21.3034 22.8908 0
      vertex 21.289 22.8036 0
    endloop
  endfacet
  facet normal 0 0 -1
    outer loop
      vertex 14.9147 19.4372 0
      vertex 21.289 22.8036 0
      vertex 21.2803 22.7157 0
    endloop
  endfacet
  facet normal 0 0 -1
    outer loop
      vertex 14.9147 19.4372 0
      vertex 21.2803 22.7157 0
      vertex 21.2774 22.6274 0
    endloop
  endfacet
  facet normal -0 0 -1
    outer loop
      vertex 21.3491 22.1935 0
      vertex 16.154 18.4201 0
      vertex 21.3234 22.278 0
    endloop
  endfacet
  facet normal -0 0 -1
    outer loop
      vertex 21.3234 22.278 0
      vertex 16.154 18.4201 0
      vertex 21.3034 22.364 0
    endloop
  endfacet
  facet normal 0 0 -1
    outer loop
      vertex 14.9147 19.4372 0
      vertex 21.3034 22.364 0
      vertex 16.154 18.4201 0
    endloop
  endfacet
  facet normal -0 0 -1
    outer loop
      vertex 21.3034 22.364 0
      vertex 14.9147 19.4372 0
      vertex 21.289 22.4512 0
    endloop
  endfacet
  facet normal -0 0 -1
    outer loop
      vertex 21.289 22.4512 0
      vertex 14.9147 19.4372 0
      vertex 21.2803 22.5391 0
    endloop
  endfacet
  facet normal -0 0 -1
    outer loop
      vertex 21.2803 22.5391 0
      vertex 14.9147 19.4372 0
      vertex 21.2774 22.6274 0
    endloop
  endfacet
  facet normal 0 0 -1
    outer loop
      vertex 21.289 22.8036 0
      vertex 14.9147 19.4372 0
      vertex 13.6115 20.371 0
    endloop
  endfacet
  facet normal 0 0 -1
    outer loop
      vertex 21.3034 22.8908 0
      vertex 18.6116 27.8542 0
      vertex 20.3935 26.5773 0
    endloop
  endfacet
  facet normal -0 0 -1
    outer loop
      vertex 21.3034 22.8908 0
      vertex 13.6115 20.371 0
      vertex 18.6116 27.8542 0
    endloop
  endfacet
  facet normal -0 0 -1
    outer loop
      vertex 18.6116 27.8542 0
      vertex 13.6115 20.371 0
      vertex 16.75 29.0119 0
    endloop
  endfacet
  facet normal 0 0 -1
    outer loop
      vertex 12.25 21.2176 0
      vertex 16.75 29.0119 0
      vertex 13.6115 20.371 0
    endloop
  endfacet
  facet normal -0 0 -1
    outer loop
      vertex 16.75 29.0119 0
      vertex 12.25 21.2176 0
      vertex 14.8167 30.0452 0
    endloop
  endfacet
  facet normal 0 0 -1
    outer loop
      vertex 10.8361 21.9734 0
      vertex 14.8167 30.0452 0
      vertex 12.25 21.2176 0
    endloop
  endfacet
  facet normal -0 0 -1
    outer loop
      vertex 14.8167 30.0452 0
      vertex 10.8361 21.9734 0
      vertex 12.8199 30.95 0
    endloop
  endfacet
  facet normal 0 0 -1
    outer loop
      vertex 9.37574 22.635 0
      vertex 12.8199 30.95 0
      vertex 10.8361 21.9734 0
    endloop
  endfacet
  facet normal -0 0 -1
    outer loop
      vertex 12.8199 30.95 0
      vertex 9.37574 22.635 0
      vertex 10.7682 31.7222 0
    endloop
  endfacet
  facet normal 0 0 -1
    outer loop
      vertex 7.87527 23.1998 0
      vertex 10.7682 31.7222 0
      vertex 9.37574 22.635 0
    endloop
  endfacet
  facet normal -0 0 -1
    outer loop
      vertex 10.7682 31.7222 0
      vertex 7.87527 23.1998 0
      vertex 8.67044 32.3585 0
    endloop
  endfacet
  facet normal 0 0 -1
    outer loop
      vertex 6.34107 23.6652 0
      vertex 8.67044 32.3585 0
      vertex 7.87527 23.1998 0
    endloop
  endfacet
  facet normal -0 0 -1
    outer loop
      vertex 8.67044 32.3585 0
      vertex 6.34107 23.6652 0
      vertex 6.53553 32.8563 0
    endloop
  endfacet
  facet normal 0 0 -1
    outer loop
      vertex 4.77971 24.0292 0
      vertex 6.53553 32.8563 0
      vertex 6.34107 23.6652 0
    endloop
  endfacet
  facet normal 0 0 -1
    outer loop
      vertex 4.77971 24.0292 0
      vertex 4.37263 33.2134 0
      vertex 6.53553 32.8563 0
    endloop
  endfacet
  facet normal 0 0 -1
    outer loop
      vertex 3.19789 24.2904 0
      vertex 4.37263 33.2134 0
      vertex 4.77971 24.0292 0
    endloop
  endfacet
  facet normal 0 0 -1
    outer loop
      vertex 3.19789 24.2904 0
      vertex 2.191 33.4283 0
      vertex 4.37263 33.2134 0
    endloop
  endfacet
  facet normal 0 0 -1
    outer loop
      vertex 1.60238 24.4475 0
      vertex 2.191 33.4283 0
      vertex 3.19789 24.2904 0
    endloop
  endfacet
  facet normal 0 0 -1
    outer loop
      vertex 0 24.5 0
      vertex 2.191 33.4283 0
      vertex 1.60238 24.4475 0
    endloop
  endfacet
  facet normal 0 0 -1
    outer loop
      vertex 0 24.5 0
      vertex 0 33.5 0
      vertex 2.191 33.4283 0
    endloop
  endfacet
  facet normal 0 0 -1
    outer loop
      vertex -1.60238 24.4475 0
      vertex 0 33.5 0
      vertex 0 24.5 0
    endloop
  endfacet
  facet normal 0 0 -1
    outer loop
      vertex -1.60238 24.4475 0
      vertex -2.191 33.4283 0
      vertex 0 33.5 0
    endloop
  endfacet
  facet normal 0 0 -1
    outer loop
      vertex -3.19789 24.2904 0
      vertex -2.191 33.4283 0
      vertex -1.60238 24.4475 0
    endloop
  endfacet
  facet normal 0 0 -1
    outer loop
      vertex -3.19789 24.2904 0
      vertex -4.37263 33.2134 0
      vertex -2.191 33.4283 0
    endloop
  endfacet
  facet normal 0 0 -1
    outer loop
      vertex -4.77971 24.0292 0
      vertex -4.37263 33.2134 0
      vertex -3.19789 24.2904 0
    endloop
  endfacet
  facet normal 0 0 -1
    outer loop
      vertex -6.53553 32.8563 0
      vertex -4.77971 24.0292 0
      vertex -6.34107 23.6652 0
    endloop
  endfacet
  facet normal 0 0 -1
    outer loop
      vertex -4.77971 24.0292 0
      vertex -6.53553 32.8563 0
      vertex -4.37263 33.2134 0
    endloop
  endfacet
  facet normal 0 0 -1
    outer loop
      vertex -8.67044 32.3585 0
      vertex -6.34107 23.6652 0
      vertex -7.87527 23.1998 0
    endloop
  endfacet
  facet normal 0 0 -1
    outer loop
      vertex -6.34107 23.6652 0
      vertex -8.67044 32.3585 0
      vertex -6.53553 32.8563 0
    endloop
  endfacet
  facet normal 0 0 -1
    outer loop
      vertex -10.7682 31.7222 0
      vertex -7.87527 23.1998 0
      vertex -9.37574 22.635 0
    endloop
  endfacet
  facet normal 0 0 -1
    outer loop
      vertex -7.87527 23.1998 0
      vertex -10.7682 31.7222 0
      vertex -8.67044 32.3585 0
    endloop
  endfacet
  facet normal 0 0 -1
    outer loop
      vertex -12.8199 30.95 0
      vertex -9.37574 22.635 0
      vertex -10.8361 21.9734 0
    endloop
  endfacet
  facet normal 0 0 -1
    outer loop
      vertex -14.8167 30.0452 0
      vertex -10.8361 21.9734 0
      vertex -12.25 21.2176 0
    endloop
  endfacet
  facet normal 0 0 -1
    outer loop
      vertex -9.37574 22.635 0
      vertex -12.8199 30.95 0
      vertex -10.7682 31.7222 0
    endloop
  endfacet
  facet normal 0 0 -1
    outer loop
      vertex -16.75 29.0119 0
      vertex -12.25 21.2176 0
      vertex -13.6115 20.371 0
    endloop
  endfacet
  facet normal 0 0 -1
    outer loop
      vertex -10.8361 21.9734 0
      vertex -14.8167 30.0452 0
      vertex -12.8199 30.95 0
    endloop
  endfacet
  facet normal 0 0 -1
    outer loop
      vertex -21.289 22.8036 0
      vertex -13.6115 20.371 0
      vertex -14.9147 19.4372 0
    endloop
  endfacet
  facet normal 0 0 -1
    outer loop
      vertex -21.2803 22.5391 0
      vertex -14.9147 19.4372 0
      vertex -16.154 18.4201 0
    endloop
  endfacet
  facet normal 0 0 -1
    outer loop
      vertex -12.25 21.2176 0
      vertex -16.75 29.0119 0
      vertex -14.8167 30.0452 0
    endloop
  endfacet
  facet normal 0 0 -1
    outer loop
      vertex -21.2803 22.5391 0
      vertex -16.154 18.4201 0
      vertex -17.3241 17.3241 0
    endloop
  endfacet
  facet normal 0 0 -1
    outer loop
      vertex -21.2803 22.5391 0
      vertex -17.3241 17.3241 0
      vertex -18.4201 16.154 0
    endloop
  endfacet
  facet normal 0 0 -1
    outer loop
      vertex -13.6115 20.371 0
      vertex -18.6116 27.8542 0
      vertex -16.75 29.0119 0
    endloop
  endfacet
  facet normal 0 0 -1
    outer loop
      vertex -21.2803 22.5391 0
      vertex -18.4201 16.154 0
      vertex -19.4372 14.9147 0
    endloop
  endfacet
  facet normal 0 0 -1
    outer loop
      vertex -21.2803 22.5391 0
      vertex -19.4372 14.9147 0
      vertex -20.371 13.6115 0
    endloop
  endfacet
  facet normal 0 0 -1
    outer loop
      vertex -14.9147 19.4372 0
      vertex -21.2774 22.6274 0
      vertex -21.2803 22.7157 0
    endloop
  endfacet
  facet normal 0 0 -1
    outer loop
      vertex -27.8542 18.6116 0
      vertex -20.371 13.6115 0
      vertex -21.2176 12.25 0
    endloop
  endfacet
  facet normal 0 0 -1
    outer loop
      vertex -14.9147 19.4372 0
      vertex -21.2803 22.7157 0
      vertex -21.289 22.8036 0
    endloop
  endfacet
  facet normal 0 0 -1
    outer loop
      vertex -13.6115 20.371 0
      vertex -21.289 22.8036 0
      vertex -21.3034 22.8908 0
    endloop
  endfacet
  facet normal 0 0 -1
    outer loop
      vertex -13.6115 20.371 0
      vertex -21.3034 22.8908 0
      vertex -18.6116 27.8542 0
    endloop
  endfacet
  facet normal 0 0 -1
    outer loop
      vertex -18.6116 27.8542 0
      vertex -21.3034 22.8908 0
      vertex -20.3935 26.5773 0
    endloop
  endfacet
  facet normal 0 0 -1
    outer loop
      vertex -21.3234 22.9768 0
      vertex -20.3935 26.5773 0
      vertex -21.3034 22.8908 0
    endloop
  endfacet
  facet normal 0 0 -1
    outer loop
      vertex -21.3491 23.0614 0
      vertex -20.3935 26.5773 0
      vertex -21.3234 22.9768 0
    endloop
  endfacet
  facet normal 0 0 -1
    outer loop
      vertex -21.3802 23.144 0
      vertex -20.3935 26.5773 0
      vertex -21.3491 23.0614 0
    endloop
  endfacet
  facet normal 0 0 -1
    outer loop
      vertex -21.4166 23.2245 0
      vertex -20.3935 26.5773 0
      vertex -21.3802 23.144 0
    endloop
  endfacet
  facet normal 0 0 -1
    outer loop
      vertex -21.4583 23.3024 0
      vertex -20.3935 26.5773 0
      vertex -21.4166 23.2245 0
    endloop
  endfacet
  facet normal 0 0 -1
    outer loop
      vertex -21.5049 23.3774 0
      vertex -20.3935 26.5773 0
      vertex -21.4583 23.3024 0
    endloop
  endfacet
  facet normal 0 0 -1
    outer loop
      vertex -21.5564 23.4492 0
      vertex -20.3935 26.5773 0
      vertex -21.5049 23.3774 0
    endloop
  endfacet
  facet normal 0 0 -1
    outer loop
      vertex -21.6124 23.5175 0
      vertex -20.3935 26.5773 0
      vertex -21.5564 23.4492 0
    endloop
  endfacet
  facet normal 0 0 -1
    outer loop
      vertex -21.6728 23.582 0
      vertex -20.3935 26.5773 0
      vertex -21.6124 23.5175 0
    endloop
  endfacet
  facet normal 0 0 -1
    outer loop
      vertex -22.0881 25.1866 0
      vertex -21.6728 23.582 0
      vertex -21.7373 23.6424 0
    endloop
  endfacet
  facet normal 0 0 -1
    outer loop
      vertex -22.0881 25.1866 0
      vertex -21.7373 23.6424 0
      vertex -21.8056 23.6984 0
    endloop
  endfacet
  facet normal 0 0 -1
    outer loop
      vertex -22.0881 25.1866 0
      vertex -21.8056 23.6984 0
      vertex -21.8774 23.7499 0
    endloop
  endfacet
  facet normal 0 0 -1
    outer loop
      vertex -22.0881 25.1866 0
      vertex -21.8774 23.7499 0
      vertex -21.9524 23.7966 0
    endloop
  endfacet
  facet normal 0 0 -1
    outer loop
      vertex -22.0881 25.1866 0
      vertex -21.9524 23.7966 0
      vertex -22.0303 23.8382 0
    endloop
  endfacet
  facet normal 0 0 -1
    outer loop
      vertex -21.6728 23.582 0
      vertex -22.0881 25.1866 0
      vertex -20.3935 26.5773 0
    endloop
  endfacet
  facet normal 0 0 -1
    outer loop
      vertex -22.1108 23.8747 0
      vertex -22.0881 25.1866 0
      vertex -22.0303 23.8382 0
    endloop
  endfacet
  facet normal 0 0 -1
    outer loop
      vertex -22.1935 23.9058 0
      vertex -22.0881 25.1866 0
      vertex -22.1108 23.8747 0
    endloop
  endfacet
  facet normal 0 0 -1
    outer loop
      vertex -22.278 23.9314 0
      vertex -22.0881 25.1866 0
      vertex -22.1935 23.9058 0
    endloop
  endfacet
  facet normal 0 0 -1
    outer loop
      vertex -22.364 23.9515 0
      vertex -22.0881 25.1866 0
      vertex -22.278 23.9314 0
    endloop
  endfacet
  facet normal 0 0 -1
    outer loop
      vertex -22.4512 23.9659 0
      vertex -22.0881 25.1866 0
      vertex -22.364 23.9515 0
    endloop
  endfacet
  facet normal 0 0 -1
    outer loop
      vertex -22.5391 23.9745 0
      vertex -22.0881 25.1866 0
      vertex -22.4512 23.9659 0
    endloop
  endfacet
  facet normal 0 0 -1
    outer loop
      vertex -22.6274 23.9774 0
      vertex -22.0881 25.1866 0
      vertex -22.5391 23.9745 0
    endloop
  endfacet
  facet normal 0 0 -1
    outer loop
      vertex -22.7157 23.9745 0
      vertex -22.0881 25.1866 0
      vertex -22.6274 23.9774 0
    endloop
  endfacet
  facet normal 0 0 -1
    outer loop
      vertex -22.8036 23.9659 0
      vertex -22.0881 25.1866 0
      vertex -22.7157 23.9745 0
    endloop
  endfacet
  facet normal 0 0 -1
    outer loop
      vertex -22.8908 23.9515 0
      vertex -22.0881 25.1866 0
      vertex -22.8036 23.9659 0
    endloop
  endfacet
  facet normal 0 0 -1
    outer loop
      vertex -22.9768 23.9314 0
      vertex -22.0881 25.1866 0
      vertex -22.8908 23.9515 0
    endloop
  endfacet
  facet normal 0 0 -1
    outer loop
      vertex -23.0614 23.9058 0
      vertex -22.0881 25.1866 0
      vertex -22.9768 23.9314 0
    endloop
  endfacet
  facet normal 0 0 -1
    outer loop
      vertex -23.144 23.8747 0
      vertex -22.0881 25.1866 0
      vertex -23.0614 23.9058 0
    endloop
  endfacet
  facet normal 0 0 -1
    outer loop
      vertex -23.2245 23.8382 0
      vertex -22.0881 25.1866 0
      vertex -23.144 23.8747 0
    endloop
  endfacet
  facet normal 0 0 -1
    outer loop
      vertex -23.6881 23.6881 0
      vertex -23.2245 23.8382 0
      vertex -23.3024 23.7966 0
    endloop
  endfacet
  facet normal 0 0 -1
    outer loop
      vertex -23.6881 23.6881 0
      vertex -23.3024 23.7966 0
      vertex -23.3774 23.7499 0
    endloop
  endfacet
  facet normal 0 0 -1
    outer loop
      vertex -23.6881 23.6881 0
      vertex -23.3774 23.7499 0
      vertex -23.4492 23.6984 0
    endloop
  endfacet
  facet normal 0 0 -1
    outer loop
      vertex -23.6881 23.6881 0
      vertex -23.4492 23.6984 0
      vertex -23.5175 23.6424 0
    endloop
  endfacet
  facet normal 0 0 -1
    outer loop
      vertex -23.6881 23.6881 0
      vertex -23.5175 23.6424 0
      vertex -23.582 23.582 0
    endloop
  endfacet
  facet normal 0 0 -1
    outer loop
      vertex -23.6881 23.6881 0
      vertex -23.582 23.582 0
      vertex -23.6424 23.5175 0
    endloop
  endfacet
  facet normal -0 0 -1
    outer loop
      vertex -23.2245 23.8382 0
      vertex -23.6881 23.6881 0
      vertex -22.0881 25.1866 0
    endloop
  endfacet
  facet normal 0 0 -1
    outer loop
      vertex -23.6984 23.4492 0
      vertex -23.6881 23.6881 0
      vertex -23.6424 23.5175 0
    endloop
  endfacet
  facet normal 0 0 -1
    outer loop
      vertex -23.7499 23.3774 0
      vertex -23.6881 23.6881 0
      vertex -23.6984 23.4492 0
    endloop
  endfacet
  facet normal 0 0 -1
    outer loop
      vertex -23.7966 23.3024 0
      vertex -23.6881 23.6881 0
      vertex -23.7499 23.3774 0
    endloop
  endfacet
  facet normal 0 0 -1
    outer loop
      vertex -23.8382 23.2245 0
      vertex -23.6881 23.6881 0
      vertex -23.7966 23.3024 0
    endloop
  endfacet
  facet normal 0 0 -1
    outer loop
      vertex -25.1866 22.0881 0
      vertex -23.8382 23.2245 0
      vertex -23.8747 23.144 0
    endloop
  endfacet
  facet normal 0 0 -1
    outer loop
      vertex -25.1866 22.0881 0
      vertex -23.8747 23.144 0
      vertex -23.9058 23.0614 0
    endloop
  endfacet
  facet normal 0 0 -1
    outer loop
      vertex -29.3 10 0
      vertex -24.0292 4.77971 0
      vertex -24.2904 3.19789 0
    endloop
  endfacet
  facet normal 0 0 -1
    outer loop
      vertex -29.3 10 0
      vertex -24.2904 3.19789 0
      vertex -24.4475 1.60238 0
    endloop
  endfacet
  facet normal 0 0 -1
    outer loop
      vertex -29.3 10 0
      vertex -24.5 0 0
      vertex -29.3 -10 0
    endloop
  endfacet
  facet normal -0 0 -1
    outer loop
      vertex -24.4475 -1.60238 0
      vertex -29.3 -10 0
      vertex -24.5 0 0
    endloop
  endfacet
  facet normal -0 0 -1
    outer loop
      vertex -23.8382 23.2245 0
      vertex -25.1866 22.0881 0
      vertex -23.6881 23.6881 0
    endloop
  endfacet
  facet normal -0 0 -1
    outer loop
      vertex -23.9314 22.9768 0
      vertex -25.1866 22.0881 0
      vertex -23.9058 23.0614 0
    endloop
  endfacet
  facet normal -0 0 -1
    outer loop
      vertex -23.9515 22.8908 0
      vertex -25.1866 22.0881 0
      vertex -23.9314 22.9768 0
    endloop
  endfacet
  facet normal -0 0 -1
    outer loop
      vertex -23.9659 22.8036 0
      vertex -25.1866 22.0881 0
      vertex -23.9515 22.8908 0
    endloop
  endfacet
  facet normal -0 0 -1
    outer loop
      vertex -23.9745 22.7157 0
      vertex -25.1866 22.0881 0
      vertex -23.9659 22.8036 0
    endloop
  endfacet
  facet normal -0 0 -1
    outer loop
      vertex -23.9774 22.6274 0
      vertex -25.1866 22.0881 0
      vertex -23.9745 22.7157 0
    endloop
  endfacet
  facet normal 0 0 -1
    outer loop
      vertex -24.5 0 0
      vertex -29.3 10 0
      vertex -24.4475 1.60238 0
    endloop
  endfacet
  facet normal -0 0 -1
    outer loop
      vertex -23.6652 -6.34107 0
      vertex -29.3 -10 0
      vertex -24.0292 -4.77971 0
    endloop
  endfacet
  facet normal 0 0 -1
    outer loop
      vertex -21.2176 12.25 0
      vertex -29.0119 16.75 0
      vertex -27.8542 18.6116 0
    endloop
  endfacet
  facet normal -0 0 -1
    outer loop
      vertex -24.0292 -4.77971 0
      vertex -29.3 -10 0
      vertex -24.2904 -3.19789 0
    endloop
  endfacet
  facet normal -0 0 -1
    outer loop
      vertex -23.9745 22.5391 0
      vertex -25.1866 22.0881 0
      vertex -23.9774 22.6274 0
    endloop
  endfacet
  facet normal -0 0 -1
    outer loop
      vertex -23.1998 -7.87527 0
      vertex -29.3 -10 0
      vertex -23.6652 -6.34107 0
    endloop
  endfacet
  facet normal -0 0 -1
    outer loop
      vertex -23.9659 22.4512 0
      vertex -25.1866 22.0881 0
      vertex -23.9745 22.5391 0
    endloop
  endfacet
  facet normal -0 0 -1
    outer loop
      vertex -23.8747 22.1108 0
      vertex -25.1866 22.0881 0
      vertex -23.9058 22.1935 0
    endloop
  endfacet
  facet normal -0 0 -1
    outer loop
      vertex -22.635 -9.37574 0
      vertex -29.3 -10 0
      vertex -23.1998 -7.87527 0
    endloop
  endfacet
  facet normal 0 0 -1
    outer loop
      vertex -30.95 -12.8199 0
      vertex -29.3 -10 0
      vertex -30.0452 -14.8167 0
    endloop
  endfacet
  facet normal 0 0 -1
    outer loop
      vertex -31.7222 -10.7682 0
      vertex -29.3 -10 0
      vertex -30.95 -12.8199 0
    endloop
  endfacet
  facet normal -0 0 -1
    outer loop
      vertex -29.3 -10 0
      vertex -31.7222 -10.7682 0
      vertex -31.9552 -10 0
    endloop
  endfacet
  facet normal 0 0 -1
    outer loop
      vertex 23.9659 -22.4512 0
      vertex 25.1866 -22.0881 0
      vertex 23.9745 -22.5391 0
    endloop
  endfacet
  facet normal 0 0 -1
    outer loop
      vertex 23.9515 -22.364 0
      vertex 25.1866 -22.0881 0
      vertex 23.9659 -22.4512 0
    endloop
  endfacet
  facet normal 0 0 -1
    outer loop
      vertex 23.9314 -22.278 0
      vertex 25.1866 -22.0881 0
      vertex 23.9515 -22.364 0
    endloop
  endfacet
  facet normal 0 0 -1
    outer loop
      vertex 23.9058 -22.1935 0
      vertex 25.1866 -22.0881 0
      vertex 23.9314 -22.278 0
    endloop
  endfacet
  facet normal 0 0 -1
    outer loop
      vertex 23.8747 -22.1108 0
      vertex 25.1866 -22.0881 0
      vertex 23.9058 -22.1935 0
    endloop
  endfacet
  facet normal 0 0 -1
    outer loop
      vertex 23.8382 -22.0303 0
      vertex 25.1866 -22.0881 0
      vertex 23.8747 -22.1108 0
    endloop
  endfacet
  facet normal 0 0 -1
    outer loop
      vertex 23.7966 -21.9524 0
      vertex 25.1866 -22.0881 0
      vertex 23.8382 -22.0303 0
    endloop
  endfacet
  facet normal 0 0 -1
    outer loop
      vertex 23.7499 -21.8774 0
      vertex 25.1866 -22.0881 0
      vertex 23.7966 -21.9524 0
    endloop
  endfacet
  facet normal 0 0 -1
    outer loop
      vertex 23.6984 -21.8056 0
      vertex 25.1866 -22.0881 0
      vertex 23.7499 -21.8774 0
    endloop
  endfacet
  facet normal 0 0 -1
    outer loop
      vertex 23.6424 -21.7373 0
      vertex 25.1866 -22.0881 0
      vertex 23.6984 -21.8056 0
    endloop
  endfacet
  facet normal 0 0 -1
    outer loop
      vertex 29.3 -10 0
      vertex 23.6652 -6.34107 0
      vertex 24.0292 -4.77971 0
    endloop
  endfacet
  facet normal 0 0 -1
    outer loop
      vertex 23.582 -21.6728 0
      vertex 25.1866 -22.0881 0
      vertex 23.6424 -21.7373 0
    endloop
  endfacet
  facet normal 0 0 -1
    outer loop
      vertex 23.5175 -21.6124 0
      vertex 25.1866 -22.0881 0
      vertex 23.582 -21.6728 0
    endloop
  endfacet
  facet normal 0 0 -1
    outer loop
      vertex 26.5773 -20.3935 0
      vertex 23.5175 -21.6124 0
      vertex 23.4492 -21.5564 0
    endloop
  endfacet
  facet normal 0 0 -1
    outer loop
      vertex 26.5773 -20.3935 0
      vertex 23.4492 -21.5564 0
      vertex 23.3774 -21.5049 0
    endloop
  endfacet
  facet normal 0 0 -1
    outer loop
      vertex 26.5773 -20.3935 0
      vertex 23.3774 -21.5049 0
      vertex 23.3024 -21.4583 0
    endloop
  endfacet
  facet normal 0 0 -1
    outer loop
      vertex 23.2245 -21.4166 0
      vertex 26.5773 -20.3935 0
      vertex 23.3024 -21.4583 0
    endloop
  endfacet
  facet normal 0 0 -1
    outer loop
      vertex 23.144 -21.3802 0
      vertex 26.5773 -20.3935 0
      vertex 23.2245 -21.4166 0
    endloop
  endfacet
  facet normal 0 0 -1
    outer loop
      vertex 29.3 -10 0
      vertex 23.1998 -7.87527 0
      vertex 23.6652 -6.34107 0
    endloop
  endfacet
  facet normal 0 0 -1
    outer loop
      vertex 23.0614 -21.3491 0
      vertex 26.5773 -20.3935 0
      vertex 23.144 -21.3802 0
    endloop
  endfacet
  facet normal 0 0 -1
    outer loop
      vertex 22.9768 -21.3234 0
      vertex 26.5773 -20.3935 0
      vertex 23.0614 -21.3491 0
    endloop
  endfacet
  facet normal 0 0 -1
    outer loop
      vertex 22.8908 -21.3034 0
      vertex 26.5773 -20.3935 0
      vertex 22.9768 -21.3234 0
    endloop
  endfacet
  facet normal 0 0 -1
    outer loop
      vertex 22.8036 -21.289 0
      vertex 27.8542 -18.6116 0
      vertex 22.8908 -21.3034 0
    endloop
  endfacet
  facet normal -0 0 -1
    outer loop
      vertex 27.8542 -18.6116 0
      vertex 22.8036 -21.289 0
      vertex 21.2176 -12.25 0
    endloop
  endfacet
  facet normal 0 0 -1
    outer loop
      vertex 21.2176 -12.25 0
      vertex 22.8036 -21.289 0
      vertex 22.7157 -21.2803 0
    endloop
  endfacet
  facet normal 0 0 -1
    outer loop
      vertex 29.3 -10 0
      vertex 22.635 -9.37574 0
      vertex 23.1998 -7.87527 0
    endloop
  endfacet
  facet normal 0 0 -1
    outer loop
      vertex 21.2176 -12.25 0
      vertex 22.7157 -21.2803 0
      vertex 22.6274 -21.2774 0
    endloop
  endfacet
  facet normal 0 0 -1
    outer loop
      vertex 21.2176 -12.25 0
      vertex 22.6274 -21.2774 0
      vertex 22.5391 -21.2803 0
    endloop
  endfacet
  facet normal 0 0 -1
    outer loop
      vertex 21.2176 -12.25 0
      vertex 22.5391 -21.2803 0
      vertex 22.4512 -21.289 0
    endloop
  endfacet
  facet normal 0 0 -1
    outer loop
      vertex 21.2176 -12.25 0
      vertex 22.4512 -21.289 0
      vertex 22.364 -21.3034 0
    endloop
  endfacet
  facet normal 0 0 -1
    outer loop
      vertex 21.2176 -12.25 0
      vertex 22.364 -21.3034 0
      vertex 22.278 -21.3234 0
    endloop
  endfacet
  facet normal 0 0 -1
    outer loop
      vertex 21.2176 -12.25 0
      vertex 22.278 -21.3234 0
      vertex 22.1935 -21.3491 0
    endloop
  endfacet
  facet normal 0 0 -1
    outer loop
      vertex 21.2176 -12.25 0
      vertex 22.1935 -21.3491 0
      vertex 22.1108 -21.3802 0
    endloop
  endfacet
  facet normal 0 0 -1
    outer loop
      vertex 21.2176 -12.25 0
      vertex 22.1108 -21.3802 0
      vertex 22.0303 -21.4166 0
    endloop
  endfacet
  facet normal -0 0 -1
    outer loop
      vertex 29.3 -10 0
      vertex 21.9734 -10.8361 0
      vertex 22.635 -9.37574 0
    endloop
  endfacet
  facet normal 0 0 -1
    outer loop
      vertex 21.2176 -12.25 0
      vertex 22.0303 -21.4166 0
      vertex 21.9524 -21.4583 0
    endloop
  endfacet
  facet normal 0 0 -1
    outer loop
      vertex 21.2176 -12.25 0
      vertex 21.9524 -21.4583 0
      vertex 21.8774 -21.5049 0
    endloop
  endfacet
  facet normal 0 0 -1
    outer loop
      vertex 21.2176 -12.25 0
      vertex 21.8774 -21.5049 0
      vertex 21.8056 -21.5564 0
    endloop
  endfacet
  facet normal 0 0 -1
    outer loop
      vertex 21.2176 -12.25 0
      vertex 21.8056 -21.5564 0
      vertex 21.7373 -21.6124 0
    endloop
  endfacet
  facet normal 0 0 -1
    outer loop
      vertex 21.2176 -12.25 0
      vertex 21.7373 -21.6124 0
      vertex 21.6728 -21.6728 0
    endloop
  endfacet
  facet normal 0 0 -1
    outer loop
      vertex 21.2176 -12.25 0
      vertex 21.6728 -21.6728 0
      vertex 21.6124 -21.7373 0
    endloop
  endfacet
  facet normal 0 0 -1
    outer loop
      vertex 21.2176 -12.25 0
      vertex 21.6124 -21.7373 0
      vertex 21.5564 -21.8056 0
    endloop
  endfacet
  facet normal 0 0 -1
    outer loop
      vertex 21.2176 -12.25 0
      vertex 21.5564 -21.8056 0
      vertex 21.5049 -21.8774 0
    endloop
  endfacet
  facet normal 0 0 -1
    outer loop
      vertex 21.2176 -12.25 0
      vertex 21.5049 -21.8774 0
      vertex 21.4583 -21.9524 0
    endloop
  endfacet
  facet normal 0 0 -1
    outer loop
      vertex 21.2176 -12.25 0
      vertex 21.4583 -21.9524 0
      vertex 21.4166 -22.0303 0
    endloop
  endfacet
  facet normal 0 0 -1
    outer loop
      vertex 21.2176 -12.25 0
      vertex 21.4166 -22.0303 0
      vertex 21.3802 -22.1108 0
    endloop
  endfacet
  facet normal 0 0 -1
    outer loop
      vertex 21.2176 -12.25 0
      vertex 21.3802 -22.1108 0
      vertex 21.3491 -22.1935 0
    endloop
  endfacet
  facet normal 0 0 -1
    outer loop
      vertex 21.2176 -12.25 0
      vertex 21.3491 -22.1935 0
      vertex 21.3234 -22.278 0
    endloop
  endfacet
  facet normal 0 0 -1
    outer loop
      vertex 21.2176 -12.25 0
      vertex 21.3234 -22.278 0
      vertex 21.3034 -22.364 0
    endloop
  endfacet
  facet normal 0 0 -1
    outer loop
      vertex 21.2176 -12.25 0
      vertex 21.3034 -22.364 0
      vertex 21.289 -22.4512 0
    endloop
  endfacet
  facet normal 0 0 -1
    outer loop
      vertex 21.289 -22.8036 0
      vertex 14.9147 -19.4372 0
      vertex 21.2803 -22.7157 0
    endloop
  endfacet
  facet normal 0 0 -1
    outer loop
      vertex 29.0119 -16.75 0
      vertex 21.2176 -12.25 0
      vertex 21.9734 -10.8361 0
    endloop
  endfacet
  facet normal 0 -0 -1
    outer loop
      vertex 14.9147 -19.4372 0
      vertex 21.289 -22.8036 0
      vertex 13.6115 -20.371 0
    endloop
  endfacet
  facet normal 0 0 -1
    outer loop
      vertex 33.4283 -2.191 0
      vertex 33.4283 2.191 0
      vertex 33.5 0 0
    endloop
  endfacet
  facet normal 0 0 -1
    outer loop
      vertex 33.2134 -4.37263 0
      vertex 33.4283 2.191 0
      vertex 33.4283 -2.191 0
    endloop
  endfacet
  facet normal 0 0 -1
    outer loop
      vertex 33.2134 -4.37263 0
      vertex 33.2134 4.37263 0
      vertex 33.4283 2.191 0
    endloop
  endfacet
  facet normal 0 0 -1
    outer loop
      vertex 32.8563 -6.53553 0
      vertex 33.2134 4.37263 0
      vertex 33.2134 -4.37263 0
    endloop
  endfacet
  facet normal 0 0 -1
    outer loop
      vertex 32.8563 -6.53553 0
      vertex 32.8563 6.53553 0
      vertex 33.2134 4.37263 0
    endloop
  endfacet
  facet normal 0 0 -1
    outer loop
      vertex 32.3 -8.86334 0
      vertex 32.8563 -6.53553 0
      vertex 32.3585 -8.67044 0
    endloop
  endfacet
  facet normal -0 0 -1
    outer loop
      vertex 32.8563 -6.53553 0
      vertex 32.3 -8.86334 0
      vertex 32.8563 6.53553 0
    endloop
  endfacet
  facet normal 0 0 -1
    outer loop
      vertex 32.3 8.86334 0
      vertex 32.8563 6.53553 0
      vertex 32.3 -8.86334 0
    endloop
  endfacet
  facet normal 0 0 -1
    outer loop
      vertex 32.8563 6.53553 0
      vertex 32.3 8.86334 0
      vertex 32.3585 8.67044 0
    endloop
  endfacet
  facet normal 0 0 -1
    outer loop
      vertex -32.8563 -6.53553 0
      vertex -32.3 -8.86334 0
      vertex -32.3585 -8.67044 0
    endloop
  endfacet
  facet normal 0 0 -1
    outer loop
      vertex -32.3 -8.86334 0
      vertex -32.8563 -6.53553 0
      vertex -32.3 8.86334 0
    endloop
  endfacet
  facet normal 0 0 -1
    outer loop
      vertex -32.8563 6.53553 0
      vertex -32.3 8.86334 0
      vertex -32.8563 -6.53553 0
    endloop
  endfacet
  facet normal 0 0 -1
    outer loop
      vertex -32.3 8.86334 0
      vertex -32.8563 6.53553 0
      vertex -32.3585 8.67044 0
    endloop
  endfacet
  facet normal 0 0 -1
    outer loop
      vertex -33.2134 -4.37263 0
      vertex -32.8563 6.53553 0
      vertex -32.8563 -6.53553 0
    endloop
  endfacet
  facet normal 0 0 -1
    outer loop
      vertex -33.2134 -4.37263 0
      vertex -33.2134 4.37263 0
      vertex -32.8563 6.53553 0
    endloop
  endfacet
  facet normal 0 0 -1
    outer loop
      vertex -33.4283 -2.191 0
      vertex -33.2134 4.37263 0
      vertex -33.2134 -4.37263 0
    endloop
  endfacet
  facet normal 0 0 -1
    outer loop
      vertex -33.4283 -2.191 0
      vertex -33.4283 2.191 0
      vertex -33.2134 4.37263 0
    endloop
  endfacet
  facet normal 0 -0 -1
    outer loop
      vertex -33.4283 2.191 0
      vertex -33.4283 -2.191 0
      vertex -33.5 0 0
    endloop
  endfacet
  facet normal -0.999464 0.0327462 0
    outer loop
      vertex 24.4475 -1.60238 0
      vertex 24.5 0 2.5
      vertex 24.5 0 0
    endloop
  endfacet
  facet normal -0.999464 0.0327462 0
    outer loop
      vertex 24.5 0 2.5
      vertex 24.4475 -1.60238 0
      vertex 24.4475 -1.60238 2.5
    endloop
  endfacet
  facet normal -0.995187 -0.0979899 0
    outer loop
      vertex 24.4475 1.60238 0
      vertex 24.2904 3.19789 2.5
      vertex 24.2904 3.19789 0
    endloop
  endfacet
  facet normal -0.995187 -0.0979899 0
    outer loop
      vertex 24.2904 3.19789 2.5
      vertex 24.4475 1.60238 0
      vertex 24.4475 1.60238 2.5
    endloop
  endfacet
  facet normal -0.999464 -0.0327462 0
    outer loop
      vertex 24.5 0 0
      vertex 24.4475 1.60238 2.5
      vertex 24.4475 1.60238 0
    endloop
  endfacet
  facet normal -0.999464 -0.0327462 0
    outer loop
      vertex 24.4475 1.60238 2.5
      vertex 24.5 0 0
      vertex 24.5 0 2.5
    endloop
  endfacet
  facet normal 0.935893 0.352285 0
    outer loop
      vertex -22.635 -9.37574 2.5
      vertex -23.1998 -7.87527 0
      vertex -23.1998 -7.87527 2.5
    endloop
  endfacet
  facet normal 0.935893 0.352285 0
    outer loop
      vertex -23.1998 -7.87527 0
      vertex -22.635 -9.37574 2.5
      vertex -22.635 -9.37574 0
    endloop
  endfacet
  facet normal -0.683619 -0.729839 0
    outer loop
      vertex 16.154 18.4201 0
      vertex 17.3241 17.3241 2.5
      vertex 16.154 18.4201 2.5
    endloop
  endfacet
  facet normal -0.683619 -0.729839 -0
    outer loop
      vertex 17.3241 17.3241 2.5
      vertex 16.154 18.4201 0
      vertex 17.3241 17.3241 0
    endloop
  endfacet
  facet normal -0.910883 -0.412665 0
    outer loop
      vertex 22.635 9.37574 0
      vertex 21.9734 10.8361 2.5
      vertex 21.9734 10.8361 0
    endloop
  endfacet
  facet normal -0.910883 -0.412665 0
    outer loop
      vertex 21.9734 10.8361 2.5
      vertex 22.635 9.37574 0
      vertex 22.635 9.37574 2.5
    endloop
  endfacet
  facet normal 0.881907 0.471423 0
    outer loop
      vertex -21.2176 -12.25 2.5
      vertex -21.9734 -10.8361 0
      vertex -21.9734 -10.8361 2.5
    endloop
  endfacet
  facet normal 0.881907 0.471423 0
    outer loop
      vertex -21.9734 -10.8361 0
      vertex -21.2176 -12.25 2.5
      vertex -21.2176 -12.25 0
    endloop
  endfacet
  facet normal 0.995187 0.0979899 0
    outer loop
      vertex -24.2904 -3.19789 2.5
      vertex -24.4475 -1.60238 0
      vertex -24.4475 -1.60238 2.5
    endloop
  endfacet
  facet normal 0.995187 0.0979899 0
    outer loop
      vertex -24.4475 -1.60238 0
      vertex -24.2904 -3.19789 2.5
      vertex -24.2904 -3.19789 0
    endloop
  endfacet
  facet normal -0.973885 0.227042 0
    outer loop
      vertex 23.6652 -6.34107 0
      vertex 24.0292 -4.77971 2.5
      vertex 24.0292 -4.77971 0
    endloop
  endfacet
  facet normal -0.973885 0.227042 0
    outer loop
      vertex 24.0292 -4.77971 2.5
      vertex 23.6652 -6.34107 0
      vertex 23.6652 -6.34107 2.5
    endloop
  endfacet
  facet normal 0.881907 -0.471423 0
    outer loop
      vertex -21.9734 10.8361 2.5
      vertex -21.2176 12.25 0
      vertex -21.2176 12.25 2.5
    endloop
  endfacet
  facet normal 0.881907 -0.471423 0
    outer loop
      vertex -21.2176 12.25 0
      vertex -21.9734 10.8361 2.5
      vertex -21.9734 10.8361 0
    endloop
  endfacet
  facet normal 0.973885 0.227042 0
    outer loop
      vertex -23.6652 -6.34107 2.5
      vertex -24.0292 -4.77971 0
      vertex -24.0292 -4.77971 2.5
    endloop
  endfacet
  facet normal 0.973885 0.227042 0
    outer loop
      vertex -24.0292 -4.77971 0
      vertex -23.6652 -6.34107 2.5
      vertex -23.6652 -6.34107 0
    endloop
  endfacet
  facet normal -0.881907 0.471423 0
    outer loop
      vertex 21.2176 -12.25 0
      vertex 21.9734 -10.8361 2.5
      vertex 21.9734 -10.8361 0
    endloop
  endfacet
  facet normal -0.881907 0.471423 0
    outer loop
      vertex 21.9734 -10.8361 2.5
      vertex 21.2176 -12.25 0
      vertex 21.2176 -12.25 2.5
    endloop
  endfacet
  facet normal -0.812864 0.582453 0
    outer loop
      vertex 19.4372 -14.9147 0
      vertex 20.371 -13.6115 2.5
      vertex 20.371 -13.6115 0
    endloop
  endfacet
  facet normal -0.812864 0.582453 0
    outer loop
      vertex 20.371 -13.6115 2.5
      vertex 19.4372 -14.9147 0
      vertex 19.4372 -14.9147 2.5
    endloop
  endfacet
  facet normal 0.290288 -0.956939 0
    outer loop
      vertex -7.87527 23.1998 0
      vertex -6.34107 23.6652 2.5
      vertex -7.87527 23.1998 2.5
    endloop
  endfacet
  facet normal 0.290288 -0.956939 0
    outer loop
      vertex -6.34107 23.6652 2.5
      vertex -7.87527 23.1998 0
      vertex -6.34107 23.6652 0
    endloop
  endfacet
  facet normal -0.582453 -0.812864 0
    outer loop
      vertex 13.6115 20.371 0
      vertex 14.9147 19.4372 2.5
      vertex 13.6115 20.371 2.5
    endloop
  endfacet
  facet normal -0.582453 -0.812864 -0
    outer loop
      vertex 14.9147 19.4372 2.5
      vertex 13.6115 20.371 0
      vertex 14.9147 19.4372 0
    endloop
  endfacet
  facet normal 0.956939 0.290288 0
    outer loop
      vertex -23.1998 -7.87527 2.5
      vertex -23.6652 -6.34107 0
      vertex -23.6652 -6.34107 2.5
    endloop
  endfacet
  facet normal 0.956939 0.290288 0
    outer loop
      vertex -23.6652 -6.34107 0
      vertex -23.1998 -7.87527 2.5
      vertex -23.1998 -7.87527 0
    endloop
  endfacet
  facet normal -0.812864 -0.582453 0
    outer loop
      vertex 20.371 13.6115 0
      vertex 19.4372 14.9147 2.5
      vertex 19.4372 14.9147 0
    endloop
  endfacet
  facet normal -0.812864 -0.582453 0
    outer loop
      vertex 19.4372 14.9147 2.5
      vertex 20.371 13.6115 0
      vertex 20.371 13.6115 2.5
    endloop
  endfacet
  facet normal -0.528052 0.849212 0
    outer loop
      vertex 13.6115 -20.371 0
      vertex 12.25 -21.2176 2.5
      vertex 13.6115 -20.371 2.5
    endloop
  endfacet
  facet normal -0.528052 0.849212 0
    outer loop
      vertex 12.25 -21.2176 2.5
      vertex 13.6115 -20.371 0
      vertex 12.25 -21.2176 0
    endloop
  endfacet
  facet normal 0.352285 -0.935893 0
    outer loop
      vertex -9.37574 22.635 0
      vertex -7.87527 23.1998 2.5
      vertex -9.37574 22.635 2.5
    endloop
  endfacet
  facet normal 0.352285 -0.935893 0
    outer loop
      vertex -7.87527 23.1998 2.5
      vertex -9.37574 22.635 0
      vertex -7.87527 23.1998 0
    endloop
  endfacet
  facet normal -0.528052 -0.849212 0
    outer loop
      vertex 12.25 21.2176 0
      vertex 13.6115 20.371 2.5
      vertex 12.25 21.2176 2.5
    endloop
  endfacet
  facet normal -0.528052 -0.849212 -0
    outer loop
      vertex 13.6115 20.371 2.5
      vertex 12.25 21.2176 0
      vertex 13.6115 20.371 0
    endloop
  endfacet
  facet normal 0.582453 0.812864 -0
    outer loop
      vertex -13.6115 -20.371 0
      vertex -14.9147 -19.4372 2.5
      vertex -13.6115 -20.371 2.5
    endloop
  endfacet
  facet normal 0.582453 0.812864 0
    outer loop
      vertex -14.9147 -19.4372 2.5
      vertex -13.6115 -20.371 0
      vertex -14.9147 -19.4372 0
    endloop
  endfacet
  facet normal 0.729839 -0.683619 0
    outer loop
      vertex -18.4201 16.154 2.5
      vertex -17.3241 17.3241 0
      vertex -17.3241 17.3241 2.5
    endloop
  endfacet
  facet normal 0.729839 -0.683619 0
    outer loop
      vertex -17.3241 17.3241 0
      vertex -18.4201 16.154 2.5
      vertex -18.4201 16.154 0
    endloop
  endfacet
  facet normal -0.773 0.634405 0
    outer loop
      vertex 18.4201 -16.154 0
      vertex 19.4372 -14.9147 2.5
      vertex 19.4372 -14.9147 0
    endloop
  endfacet
  facet normal -0.773 0.634405 0
    outer loop
      vertex 19.4372 -14.9147 2.5
      vertex 18.4201 -16.154 0
      vertex 18.4201 -16.154 2.5
    endloop
  endfacet
  facet normal -0.729839 0.683619 0
    outer loop
      vertex 17.3241 -17.3241 0
      vertex 18.4201 -16.154 2.5
      vertex 18.4201 -16.154 0
    endloop
  endfacet
  facet normal -0.729839 0.683619 0
    outer loop
      vertex 18.4201 -16.154 2.5
      vertex 17.3241 -17.3241 0
      vertex 17.3241 -17.3241 2.5
    endloop
  endfacet
  facet normal 0.849212 0.528052 0
    outer loop
      vertex -20.371 -13.6115 2.5
      vertex -21.2176 -12.25 0
      vertex -21.2176 -12.25 2.5
    endloop
  endfacet
  facet normal 0.849212 0.528052 0
    outer loop
      vertex -21.2176 -12.25 0
      vertex -20.371 -13.6115 2.5
      vertex -20.371 -13.6115 0
    endloop
  endfacet
  facet normal 0.999464 -0.0327462 0
    outer loop
      vertex -24.5 0 2.5
      vertex -24.4475 1.60238 0
      vertex -24.4475 1.60238 2.5
    endloop
  endfacet
  facet normal 0.999464 -0.0327462 0
    outer loop
      vertex -24.4475 1.60238 0
      vertex -24.5 0 2.5
      vertex -24.5 0 0
    endloop
  endfacet
  facet normal -0.956939 0.290288 0
    outer loop
      vertex 23.1998 -7.87527 0
      vertex 23.6652 -6.34107 2.5
      vertex 23.6652 -6.34107 0
    endloop
  endfacet
  facet normal -0.956939 0.290288 0
    outer loop
      vertex 23.6652 -6.34107 2.5
      vertex 23.1998 -7.87527 0
      vertex 23.1998 -7.87527 2.5
    endloop
  endfacet
  facet normal -0.935893 0.352285 0
    outer loop
      vertex 22.635 -9.37574 0
      vertex 23.1998 -7.87527 2.5
      vertex 23.1998 -7.87527 0
    endloop
  endfacet
  facet normal -0.935893 0.352285 0
    outer loop
      vertex 23.1998 -7.87527 2.5
      vertex 22.635 -9.37574 0
      vertex 22.635 -9.37574 2.5
    endloop
  endfacet
  facet normal -0.986639 -0.16292 0
    outer loop
      vertex 24.2904 3.19789 0
      vertex 24.0292 4.77971 2.5
      vertex 24.0292 4.77971 0
    endloop
  endfacet
  facet normal -0.986639 -0.16292 0
    outer loop
      vertex 24.0292 4.77971 2.5
      vertex 24.2904 3.19789 0
      vertex 24.2904 3.19789 2.5
    endloop
  endfacet
  facet normal 0.16292 -0.986639 0
    outer loop
      vertex -4.77971 24.0292 0
      vertex -3.19789 24.2904 2.5
      vertex -4.77971 24.0292 2.5
    endloop
  endfacet
  facet normal 0.16292 -0.986639 0
    outer loop
      vertex -3.19789 24.2904 2.5
      vertex -4.77971 24.0292 0
      vertex -3.19789 24.2904 0
    endloop
  endfacet
  facet normal -0.986639 0.16292 0
    outer loop
      vertex 24.0292 -4.77971 0
      vertex 24.2904 -3.19789 2.5
      vertex 24.2904 -3.19789 0
    endloop
  endfacet
  facet normal -0.986639 0.16292 0
    outer loop
      vertex 24.2904 -3.19789 2.5
      vertex 24.0292 -4.77971 0
      vertex 24.0292 -4.77971 2.5
    endloop
  endfacet
  facet normal -0.995187 0.0979899 0
    outer loop
      vertex 24.2904 -3.19789 0
      vertex 24.4475 -1.60238 2.5
      vertex 24.4475 -1.60238 0
    endloop
  endfacet
  facet normal -0.995187 0.0979899 0
    outer loop
      vertex 24.4475 -1.60238 2.5
      vertex 24.2904 -3.19789 0
      vertex 24.2904 -3.19789 2.5
    endloop
  endfacet
  facet normal 0.0327462 -0.999464 0
    outer loop
      vertex -1.60238 24.4475 0
      vertex 0 24.5 2.5
      vertex -1.60238 24.4475 2.5
    endloop
  endfacet
  facet normal 0.0327462 -0.999464 0
    outer loop
      vertex 0 24.5 2.5
      vertex -1.60238 24.4475 0
      vertex 0 24.5 0
    endloop
  endfacet
  facet normal 0.910883 -0.412665 0
    outer loop
      vertex -22.635 9.37574 2.5
      vertex -21.9734 10.8361 0
      vertex -21.9734 10.8361 2.5
    endloop
  endfacet
  facet normal 0.910883 -0.412665 0
    outer loop
      vertex -21.9734 10.8361 0
      vertex -22.635 9.37574 2.5
      vertex -22.635 9.37574 0
    endloop
  endfacet
  facet normal -0.956939 -0.290288 0
    outer loop
      vertex 23.6652 6.34107 0
      vertex 23.1998 7.87527 2.5
      vertex 23.1998 7.87527 0
    endloop
  endfacet
  facet normal -0.956939 -0.290288 0
    outer loop
      vertex 23.1998 7.87527 2.5
      vertex 23.6652 6.34107 0
      vertex 23.6652 6.34107 2.5
    endloop
  endfacet
  facet normal 0.986639 -0.16292 0
    outer loop
      vertex -24.2904 3.19789 2.5
      vertex -24.0292 4.77971 0
      vertex -24.0292 4.77971 2.5
    endloop
  endfacet
  facet normal 0.986639 -0.16292 0
    outer loop
      vertex -24.0292 4.77971 0
      vertex -24.2904 3.19789 2.5
      vertex -24.2904 3.19789 0
    endloop
  endfacet
  facet normal 0.935893 -0.352285 0
    outer loop
      vertex -23.1998 7.87527 2.5
      vertex -22.635 9.37574 0
      vertex -22.635 9.37574 2.5
    endloop
  endfacet
  facet normal 0.935893 -0.352285 0
    outer loop
      vertex -22.635 9.37574 0
      vertex -23.1998 7.87527 2.5
      vertex -23.1998 7.87527 0
    endloop
  endfacet
  facet normal -0.352285 -0.935893 0
    outer loop
      vertex 7.87527 23.1998 0
      vertex 9.37574 22.635 2.5
      vertex 7.87527 23.1998 2.5
    endloop
  endfacet
  facet normal -0.352285 -0.935893 -0
    outer loop
      vertex 9.37574 22.635 2.5
      vertex 7.87527 23.1998 0
      vertex 9.37574 22.635 0
    endloop
  endfacet
  facet normal 0.582453 -0.812864 0
    outer loop
      vertex -14.9147 19.4372 0
      vertex -13.6115 20.371 2.5
      vertex -14.9147 19.4372 2.5
    endloop
  endfacet
  facet normal 0.582453 -0.812864 0
    outer loop
      vertex -13.6115 20.371 2.5
      vertex -14.9147 19.4372 0
      vertex -13.6115 20.371 0
    endloop
  endfacet
  facet normal 0.528052 -0.849212 0
    outer loop
      vertex -13.6115 20.371 0
      vertex -12.25 21.2176 2.5
      vertex -13.6115 20.371 2.5
    endloop
  endfacet
  facet normal 0.528052 -0.849212 0
    outer loop
      vertex -12.25 21.2176 2.5
      vertex -13.6115 20.371 0
      vertex -12.25 21.2176 0
    endloop
  endfacet
  facet normal 0.849212 -0.528052 0
    outer loop
      vertex -21.2176 12.25 2.5
      vertex -20.371 13.6115 0
      vertex -20.371 13.6115 2.5
    endloop
  endfacet
  facet normal 0.849212 -0.528052 0
    outer loop
      vertex -20.371 13.6115 0
      vertex -21.2176 12.25 2.5
      vertex -21.2176 12.25 0
    endloop
  endfacet
  facet normal 0.227042 -0.973885 0
    outer loop
      vertex -6.34107 23.6652 0
      vertex -4.77971 24.0292 2.5
      vertex -6.34107 23.6652 2.5
    endloop
  endfacet
  facet normal 0.227042 -0.973885 0
    outer loop
      vertex -4.77971 24.0292 2.5
      vertex -6.34107 23.6652 0
      vertex -4.77971 24.0292 0
    endloop
  endfacet
  facet normal 0.352285 0.935893 -0
    outer loop
      vertex -7.87527 -23.1998 0
      vertex -9.37574 -22.635 2.5
      vertex -7.87527 -23.1998 2.5
    endloop
  endfacet
  facet normal 0.352285 0.935893 0
    outer loop
      vertex -9.37574 -22.635 2.5
      vertex -7.87527 -23.1998 0
      vertex -9.37574 -22.635 0
    endloop
  endfacet
  facet normal -0.412665 0.910883 0
    outer loop
      vertex 10.8361 -21.9734 0
      vertex 9.37574 -22.635 2.5
      vertex 10.8361 -21.9734 2.5
    endloop
  endfacet
  facet normal -0.412665 0.910883 0
    outer loop
      vertex 9.37574 -22.635 2.5
      vertex 10.8361 -21.9734 0
      vertex 9.37574 -22.635 0
    endloop
  endfacet
  facet normal -0.683619 0.729839 0
    outer loop
      vertex 17.3241 -17.3241 0
      vertex 16.154 -18.4201 2.5
      vertex 17.3241 -17.3241 2.5
    endloop
  endfacet
  facet normal -0.683619 0.729839 0
    outer loop
      vertex 16.154 -18.4201 2.5
      vertex 17.3241 -17.3241 0
      vertex 16.154 -18.4201 0
    endloop
  endfacet
  facet normal -0.849212 -0.528052 0
    outer loop
      vertex 21.2176 12.25 0
      vertex 20.371 13.6115 2.5
      vertex 20.371 13.6115 0
    endloop
  endfacet
  facet normal -0.849212 -0.528052 0
    outer loop
      vertex 20.371 13.6115 2.5
      vertex 21.2176 12.25 0
      vertex 21.2176 12.25 2.5
    endloop
  endfacet
  facet normal 0.986639 0.16292 0
    outer loop
      vertex -24.0292 -4.77971 2.5
      vertex -24.2904 -3.19789 0
      vertex -24.2904 -3.19789 2.5
    endloop
  endfacet
  facet normal 0.986639 0.16292 0
    outer loop
      vertex -24.2904 -3.19789 0
      vertex -24.0292 -4.77971 2.5
      vertex -24.0292 -4.77971 0
    endloop
  endfacet
  facet normal -0.881907 -0.471423 0
    outer loop
      vertex 21.9734 10.8361 0
      vertex 21.2176 12.25 2.5
      vertex 21.2176 12.25 0
    endloop
  endfacet
  facet normal -0.881907 -0.471423 0
    outer loop
      vertex 21.2176 12.25 2.5
      vertex 21.9734 10.8361 0
      vertex 21.9734 10.8361 2.5
    endloop
  endfacet
  facet normal 0.773 -0.634405 0
    outer loop
      vertex -19.4372 14.9147 2.5
      vertex -18.4201 16.154 0
      vertex -18.4201 16.154 2.5
    endloop
  endfacet
  facet normal 0.773 -0.634405 0
    outer loop
      vertex -18.4201 16.154 0
      vertex -19.4372 14.9147 2.5
      vertex -19.4372 14.9147 0
    endloop
  endfacet
  facet normal -0.352285 0.935893 0
    outer loop
      vertex 9.37574 -22.635 0
      vertex 7.87527 -23.1998 2.5
      vertex 9.37574 -22.635 2.5
    endloop
  endfacet
  facet normal -0.352285 0.935893 0
    outer loop
      vertex 7.87527 -23.1998 2.5
      vertex 9.37574 -22.635 0
      vertex 7.87527 -23.1998 0
    endloop
  endfacet
  facet normal -0.16292 -0.986639 0
    outer loop
      vertex 3.19789 24.2904 0
      vertex 4.77971 24.0292 2.5
      vertex 3.19789 24.2904 2.5
    endloop
  endfacet
  facet normal -0.16292 -0.986639 -0
    outer loop
      vertex 4.77971 24.0292 2.5
      vertex 3.19789 24.2904 0
      vertex 4.77971 24.0292 0
    endloop
  endfacet
  facet normal 0.634405 -0.773 0
    outer loop
      vertex -16.154 18.4201 0
      vertex -14.9147 19.4372 2.5
      vertex -16.154 18.4201 2.5
    endloop
  endfacet
  facet normal 0.634405 -0.773 0
    outer loop
      vertex -14.9147 19.4372 2.5
      vertex -16.154 18.4201 0
      vertex -14.9147 19.4372 0
    endloop
  endfacet
  facet normal 0.290275 0.956943 -0
    outer loop
      vertex -6.55594 -23.6 0
      vertex -7.87527 -23.1998 2.5
      vertex -6.55594 -23.6 2.5
    endloop
  endfacet
  facet normal 0.290275 0.956943 0
    outer loop
      vertex -7.87527 -23.1998 2.5
      vertex -6.55594 -23.6 0
      vertex -7.87527 -23.1998 0
    endloop
  endfacet
  facet normal -0.0327462 -0.999464 0
    outer loop
      vertex 0 24.5 0
      vertex 1.60238 24.4475 2.5
      vertex 0 24.5 2.5
    endloop
  endfacet
  facet normal -0.0327462 -0.999464 -0
    outer loop
      vertex 1.60238 24.4475 2.5
      vertex 0 24.5 0
      vertex 1.60238 24.4475 0
    endloop
  endfacet
  facet normal -0.634405 0.773 0
    outer loop
      vertex 16.154 -18.4201 0
      vertex 14.9147 -19.4372 2.5
      vertex 16.154 -18.4201 2.5
    endloop
  endfacet
  facet normal -0.634405 0.773 0
    outer loop
      vertex 14.9147 -19.4372 2.5
      vertex 16.154 -18.4201 0
      vertex 14.9147 -19.4372 0
    endloop
  endfacet
  facet normal -0.729839 -0.683619 0
    outer loop
      vertex 18.4201 16.154 0
      vertex 17.3241 17.3241 2.5
      vertex 17.3241 17.3241 0
    endloop
  endfacet
  facet normal -0.729839 -0.683619 0
    outer loop
      vertex 17.3241 17.3241 2.5
      vertex 18.4201 16.154 0
      vertex 18.4201 16.154 2.5
    endloop
  endfacet
  facet normal -0.634405 -0.773 0
    outer loop
      vertex 14.9147 19.4372 0
      vertex 16.154 18.4201 2.5
      vertex 14.9147 19.4372 2.5
    endloop
  endfacet
  facet normal -0.634405 -0.773 -0
    outer loop
      vertex 16.154 18.4201 2.5
      vertex 14.9147 19.4372 0
      vertex 16.154 18.4201 0
    endloop
  endfacet
  facet normal 0.0979899 -0.995187 0
    outer loop
      vertex -3.19789 24.2904 0
      vertex -1.60238 24.4475 2.5
      vertex -3.19789 24.2904 2.5
    endloop
  endfacet
  facet normal 0.0979899 -0.995187 0
    outer loop
      vertex -1.60238 24.4475 2.5
      vertex -3.19789 24.2904 0
      vertex -1.60238 24.4475 0
    endloop
  endfacet
  facet normal 0.812864 0.582453 0
    outer loop
      vertex -19.4372 -14.9147 2.5
      vertex -20.371 -13.6115 0
      vertex -20.371 -13.6115 2.5
    endloop
  endfacet
  facet normal 0.812864 0.582453 0
    outer loop
      vertex -20.371 -13.6115 0
      vertex -19.4372 -14.9147 2.5
      vertex -19.4372 -14.9147 0
    endloop
  endfacet
  facet normal -0.412665 -0.910883 0
    outer loop
      vertex 9.37574 22.635 0
      vertex 10.8361 21.9734 2.5
      vertex 9.37574 22.635 2.5
    endloop
  endfacet
  facet normal -0.412665 -0.910883 -0
    outer loop
      vertex 10.8361 21.9734 2.5
      vertex 9.37574 22.635 0
      vertex 10.8361 21.9734 0
    endloop
  endfacet
  facet normal -0.773 -0.634405 0
    outer loop
      vertex 19.4372 14.9147 0
      vertex 18.4201 16.154 2.5
      vertex 18.4201 16.154 0
    endloop
  endfacet
  facet normal -0.773 -0.634405 0
    outer loop
      vertex 18.4201 16.154 2.5
      vertex 19.4372 14.9147 0
      vertex 19.4372 14.9147 2.5
    endloop
  endfacet
  facet normal -0.935893 -0.352285 0
    outer loop
      vertex 23.1998 7.87527 0
      vertex 22.635 9.37574 2.5
      vertex 22.635 9.37574 0
    endloop
  endfacet
  facet normal -0.935893 -0.352285 0
    outer loop
      vertex 22.635 9.37574 2.5
      vertex 23.1998 7.87527 0
      vertex 23.1998 7.87527 2.5
    endloop
  endfacet
  facet normal -0.849212 0.528052 0
    outer loop
      vertex 20.371 -13.6115 0
      vertex 21.2176 -12.25 2.5
      vertex 21.2176 -12.25 0
    endloop
  endfacet
  facet normal -0.849212 0.528052 0
    outer loop
      vertex 21.2176 -12.25 2.5
      vertex 20.371 -13.6115 0
      vertex 20.371 -13.6115 2.5
    endloop
  endfacet
  facet normal -0.471423 -0.881907 0
    outer loop
      vertex 10.8361 21.9734 0
      vertex 12.25 21.2176 2.5
      vertex 10.8361 21.9734 2.5
    endloop
  endfacet
  facet normal -0.471423 -0.881907 -0
    outer loop
      vertex 12.25 21.2176 2.5
      vertex 10.8361 21.9734 0
      vertex 12.25 21.2176 0
    endloop
  endfacet
  facet normal 0.683619 -0.729839 0
    outer loop
      vertex -17.3241 17.3241 0
      vertex -16.154 18.4201 2.5
      vertex -17.3241 17.3241 2.5
    endloop
  endfacet
  facet normal 0.683619 -0.729839 0
    outer loop
      vertex -16.154 18.4201 2.5
      vertex -17.3241 17.3241 0
      vertex -16.154 18.4201 0
    endloop
  endfacet
  facet normal 0.995187 -0.0979899 0
    outer loop
      vertex -24.4475 1.60238 2.5
      vertex -24.2904 3.19789 0
      vertex -24.2904 3.19789 2.5
    endloop
  endfacet
  facet normal 0.995187 -0.0979899 0
    outer loop
      vertex -24.2904 3.19789 0
      vertex -24.4475 1.60238 2.5
      vertex -24.4475 1.60238 0
    endloop
  endfacet
  facet normal -0.973885 -0.227042 0
    outer loop
      vertex 24.0292 4.77971 0
      vertex 23.6652 6.34107 2.5
      vertex 23.6652 6.34107 0
    endloop
  endfacet
  facet normal -0.973885 -0.227042 0
    outer loop
      vertex 23.6652 6.34107 2.5
      vertex 24.0292 4.77971 0
      vertex 24.0292 4.77971 2.5
    endloop
  endfacet
  facet normal 0.812864 -0.582453 0
    outer loop
      vertex -20.371 13.6115 2.5
      vertex -19.4372 14.9147 0
      vertex -19.4372 14.9147 2.5
    endloop
  endfacet
  facet normal 0.812864 -0.582453 0
    outer loop
      vertex -19.4372 14.9147 0
      vertex -20.371 13.6115 2.5
      vertex -20.371 13.6115 0
    endloop
  endfacet
  facet normal 0.528052 0.849212 -0
    outer loop
      vertex -12.25 -21.2176 0
      vertex -13.6115 -20.371 2.5
      vertex -12.25 -21.2176 2.5
    endloop
  endfacet
  facet normal 0.528052 0.849212 0
    outer loop
      vertex -13.6115 -20.371 2.5
      vertex -12.25 -21.2176 0
      vertex -13.6115 -20.371 0
    endloop
  endfacet
  facet normal 0.773 0.634405 0
    outer loop
      vertex -18.4201 -16.154 2.5
      vertex -19.4372 -14.9147 0
      vertex -19.4372 -14.9147 2.5
    endloop
  endfacet
  facet normal 0.773 0.634405 0
    outer loop
      vertex -19.4372 -14.9147 0
      vertex -18.4201 -16.154 2.5
      vertex -18.4201 -16.154 0
    endloop
  endfacet
  facet normal -0.290275 0.956943 0
    outer loop
      vertex 7.87527 -23.1998 0
      vertex 6.55594 -23.6 2.5
      vertex 7.87527 -23.1998 2.5
    endloop
  endfacet
  facet normal -0.290275 0.956943 0
    outer loop
      vertex 6.55594 -23.6 2.5
      vertex 7.87527 -23.1998 0
      vertex 6.55594 -23.6 0
    endloop
  endfacet
  facet normal 0.683619 0.729839 -0
    outer loop
      vertex -16.154 -18.4201 0
      vertex -17.3241 -17.3241 2.5
      vertex -16.154 -18.4201 2.5
    endloop
  endfacet
  facet normal 0.683619 0.729839 0
    outer loop
      vertex -17.3241 -17.3241 2.5
      vertex -16.154 -18.4201 0
      vertex -17.3241 -17.3241 0
    endloop
  endfacet
  facet normal 0.999464 0.0327462 0
    outer loop
      vertex -24.4475 -1.60238 2.5
      vertex -24.5 0 0
      vertex -24.5 0 2.5
    endloop
  endfacet
  facet normal 0.999464 0.0327462 0
    outer loop
      vertex -24.5 0 0
      vertex -24.4475 -1.60238 2.5
      vertex -24.4475 -1.60238 0
    endloop
  endfacet
  facet normal -0.471423 0.881907 0
    outer loop
      vertex 12.25 -21.2176 0
      vertex 10.8361 -21.9734 2.5
      vertex 12.25 -21.2176 2.5
    endloop
  endfacet
  facet normal -0.471423 0.881907 0
    outer loop
      vertex 10.8361 -21.9734 2.5
      vertex 12.25 -21.2176 0
      vertex 10.8361 -21.9734 0
    endloop
  endfacet
  facet normal 0.729839 0.683619 0
    outer loop
      vertex -17.3241 -17.3241 2.5
      vertex -18.4201 -16.154 0
      vertex -18.4201 -16.154 2.5
    endloop
  endfacet
  facet normal 0.729839 0.683619 0
    outer loop
      vertex -18.4201 -16.154 0
      vertex -17.3241 -17.3241 2.5
      vertex -17.3241 -17.3241 0
    endloop
  endfacet
  facet normal -0.582453 0.812864 0
    outer loop
      vertex 14.9147 -19.4372 0
      vertex 13.6115 -20.371 2.5
      vertex 14.9147 -19.4372 2.5
    endloop
  endfacet
  facet normal -0.582453 0.812864 0
    outer loop
      vertex 13.6115 -20.371 2.5
      vertex 14.9147 -19.4372 0
      vertex 13.6115 -20.371 0
    endloop
  endfacet
  facet normal 0.910883 0.412665 0
    outer loop
      vertex -21.9734 -10.8361 2.5
      vertex -22.635 -9.37574 0
      vertex -22.635 -9.37574 2.5
    endloop
  endfacet
  facet normal 0.910883 0.412665 0
    outer loop
      vertex -22.635 -9.37574 0
      vertex -21.9734 -10.8361 2.5
      vertex -21.9734 -10.8361 0
    endloop
  endfacet
  facet normal 0.412665 -0.910883 0
    outer loop
      vertex -10.8361 21.9734 0
      vertex -9.37574 22.635 2.5
      vertex -10.8361 21.9734 2.5
    endloop
  endfacet
  facet normal 0.412665 -0.910883 0
    outer loop
      vertex -9.37574 22.635 2.5
      vertex -10.8361 21.9734 0
      vertex -9.37574 22.635 0
    endloop
  endfacet
  facet normal -0.0979899 -0.995187 0
    outer loop
      vertex 1.60238 24.4475 0
      vertex 3.19789 24.2904 2.5
      vertex 1.60238 24.4475 2.5
    endloop
  endfacet
  facet normal -0.0979899 -0.995187 -0
    outer loop
      vertex 3.19789 24.2904 2.5
      vertex 1.60238 24.4475 0
      vertex 3.19789 24.2904 0
    endloop
  endfacet
  facet normal 0.973885 -0.227042 0
    outer loop
      vertex -24.0292 4.77971 2.5
      vertex -23.6652 6.34107 0
      vertex -23.6652 6.34107 2.5
    endloop
  endfacet
  facet normal 0.973885 -0.227042 0
    outer loop
      vertex -23.6652 6.34107 0
      vertex -24.0292 4.77971 2.5
      vertex -24.0292 4.77971 0
    endloop
  endfacet
  facet normal 0.956939 -0.290288 0
    outer loop
      vertex -23.6652 6.34107 2.5
      vertex -23.1998 7.87527 0
      vertex -23.1998 7.87527 2.5
    endloop
  endfacet
  facet normal 0.956939 -0.290288 0
    outer loop
      vertex -23.1998 7.87527 0
      vertex -23.6652 6.34107 2.5
      vertex -23.6652 6.34107 0
    endloop
  endfacet
  facet normal 0.412665 0.910883 -0
    outer loop
      vertex -9.37574 -22.635 0
      vertex -10.8361 -21.9734 2.5
      vertex -9.37574 -22.635 2.5
    endloop
  endfacet
  facet normal 0.412665 0.910883 0
    outer loop
      vertex -10.8361 -21.9734 2.5
      vertex -9.37574 -22.635 0
      vertex -10.8361 -21.9734 0
    endloop
  endfacet
  facet normal -0.910883 0.412665 0
    outer loop
      vertex 21.9734 -10.8361 0
      vertex 22.635 -9.37574 2.5
      vertex 22.635 -9.37574 0
    endloop
  endfacet
  facet normal -0.910883 0.412665 0
    outer loop
      vertex 22.635 -9.37574 2.5
      vertex 21.9734 -10.8361 0
      vertex 21.9734 -10.8361 2.5
    endloop
  endfacet
  facet normal -0.227042 -0.973885 0
    outer loop
      vertex 4.77971 24.0292 0
      vertex 6.34107 23.6652 2.5
      vertex 4.77971 24.0292 2.5
    endloop
  endfacet
  facet normal -0.227042 -0.973885 -0
    outer loop
      vertex 6.34107 23.6652 2.5
      vertex 4.77971 24.0292 0
      vertex 6.34107 23.6652 0
    endloop
  endfacet
  facet normal -0.290288 -0.956939 0
    outer loop
      vertex 6.34107 23.6652 0
      vertex 7.87527 23.1998 2.5
      vertex 6.34107 23.6652 2.5
    endloop
  endfacet
  facet normal -0.290288 -0.956939 -0
    outer loop
      vertex 7.87527 23.1998 2.5
      vertex 6.34107 23.6652 0
      vertex 7.87527 23.1998 0
    endloop
  endfacet
  facet normal 0.471423 -0.881907 0
    outer loop
      vertex -12.25 21.2176 0
      vertex -10.8361 21.9734 2.5
      vertex -12.25 21.2176 2.5
    endloop
  endfacet
  facet normal 0.471423 -0.881907 0
    outer loop
      vertex -10.8361 21.9734 2.5
      vertex -12.25 21.2176 0
      vertex -10.8361 21.9734 0
    endloop
  endfacet
  facet normal 0.634405 0.773 -0
    outer loop
      vertex -14.9147 -19.4372 0
      vertex -16.154 -18.4201 2.5
      vertex -14.9147 -19.4372 2.5
    endloop
  endfacet
  facet normal 0.634405 0.773 0
    outer loop
      vertex -16.154 -18.4201 2.5
      vertex -14.9147 -19.4372 0
      vertex -16.154 -18.4201 0
    endloop
  endfacet
  facet normal 0.471423 0.881907 -0
    outer loop
      vertex -10.8361 -21.9734 0
      vertex -12.25 -21.2176 2.5
      vertex -10.8361 -21.9734 2.5
    endloop
  endfacet
  facet normal 0.471423 0.881907 0
    outer loop
      vertex -12.25 -21.2176 2.5
      vertex -10.8361 -21.9734 0
      vertex -12.25 -21.2176 0
    endloop
  endfacet
  facet normal 1 -0 0
    outer loop
      vertex -29.3 -10 0
      vertex -29.3 10 -1.25
      vertex -29.3 10 0
    endloop
  endfacet
  facet normal 1 0 0
    outer loop
      vertex -29.3 10 -1.25
      vertex -29.3 -10 0
      vertex -29.3 -10 -1.25
    endloop
  endfacet
  facet normal -0 0 1
    outer loop
      vertex -32.3 10 1.25
      vertex -32.3 8.86334 1.25
      vertex -31.9552 10 1.25
    endloop
  endfacet
  facet normal 0 0 1
    outer loop
      vertex -32.3 -8.86334 1.25
      vertex -32.3 -10 1.25
      vertex -31.9552 -10 1.25
    endloop
  endfacet
  facet normal 0 0 -1
    outer loop
      vertex -32.3 -10 -1.25
      vertex -29.3 10 -1.25
      vertex -29.3 -10 -1.25
    endloop
  endfacet
  facet normal -0 0 -1
    outer loop
      vertex -29.3 10 -1.25
      vertex -32.3 -10 -1.25
      vertex -32.3 10 -1.25
    endloop
  endfacet
  facet normal -1 0 0
    outer loop
      vertex -32.3 10 -1.25
      vertex -32.3 8.86334 0
      vertex -32.3 10 1.25
    endloop
  endfacet
  facet normal -1 0 0
    outer loop
      vertex -32.3 10 -1.25
      vertex -32.3 -8.86334 0
      vertex -32.3 8.86334 0
    endloop
  endfacet
  facet normal -1 0 0
    outer loop
      vertex -32.3 -10 -1.25
      vertex -32.3 -8.86334 0
      vertex -32.3 10 -1.25
    endloop
  endfacet
  facet normal -1 0 0
    outer loop
      vertex -32.3 -10 1.25
      vertex -32.3 -8.86334 0
      vertex -32.3 -10 -1.25
    endloop
  endfacet
  facet normal -1 0 0
    outer loop
      vertex -32.3 -8.86334 0
      vertex -32.3 -10 1.25
      vertex -32.3 -8.86334 1.25
    endloop
  endfacet
  facet normal -1 -0 0
    outer loop
      vertex -32.3 10 1.25
      vertex -32.3 8.86334 0
      vertex -32.3 8.86334 1.25
    endloop
  endfacet
  facet normal 0 1 0
    outer loop
      vertex -29.3 10 0
      vertex -29.3 10 -1.25
      vertex -31.9552 10 0
    endloop
  endfacet
  facet normal 0 1 -0
    outer loop
      vertex -31.9552 10 0
      vertex -32.3 10 1.25
      vertex -31.9552 10 1.25
    endloop
  endfacet
  facet normal 0 1 0
    outer loop
      vertex -31.9552 10 0
      vertex -32.3 10 -1.25
      vertex -32.3 10 1.25
    endloop
  endfacet
  facet normal 0 1 0
    outer loop
      vertex -32.3 10 -1.25
      vertex -31.9552 10 0
      vertex -29.3 10 -1.25
    endloop
  endfacet
  facet normal 0 -1 0
    outer loop
      vertex -32.3 -10 1.25
      vertex -31.9552 -10 0
      vertex -31.9552 -10 1.25
    endloop
  endfacet
  facet normal 0 -1 0
    outer loop
      vertex -32.3 -10 -1.25
      vertex -31.9552 -10 0
      vertex -32.3 -10 1.25
    endloop
  endfacet
  facet normal 0 -1 0
    outer loop
      vertex -29.3 -10 -1.25
      vertex -31.9552 -10 0
      vertex -32.3 -10 -1.25
    endloop
  endfacet
  facet normal 0 -1 0
    outer loop
      vertex -31.9552 -10 0
      vertex -29.3 -10 -1.25
      vertex -29.3 -10 0
    endloop
  endfacet
  facet normal 1 0 0
    outer loop
      vertex 32.3 -8.86334 1.25
      vertex 32.3 -10 1.25
      vertex 32.3 -8.86334 0
    endloop
  endfacet
  facet normal 1 0 0
    outer loop
      vertex 32.3 8.86334 0
      vertex 32.3 10 1.25
      vertex 32.3 8.86334 1.25
    endloop
  endfacet
  facet normal 1 0 0
    outer loop
      vertex 32.3 10 1.25
      vertex 32.3 8.86334 0
      vertex 32.3 10 -1.25
    endloop
  endfacet
  facet normal 1 -0 0
    outer loop
      vertex 32.3 -8.86334 0
      vertex 32.3 10 -1.25
      vertex 32.3 8.86334 0
    endloop
  endfacet
  facet normal 1 0 0
    outer loop
      vertex 32.3 -8.86334 0
      vertex 32.3 -10 -1.25
      vertex 32.3 10 -1.25
    endloop
  endfacet
  facet normal 1 0 0
    outer loop
      vertex 32.3 -10 -1.25
      vertex 32.3 -8.86334 0
      vertex 32.3 -10 1.25
    endloop
  endfacet
  facet normal 0 0 1
    outer loop
      vertex 32.3 10 1.25
      vertex 31.9552 10 1.25
      vertex 32.3 8.86334 1.25
    endloop
  endfacet
  facet normal 0 0 1
    outer loop
      vertex 32.3 -8.86334 1.25
      vertex 31.9552 -10 1.25
      vertex 32.3 -10 1.25
    endloop
  endfacet
  facet normal 0 0 -1
    outer loop
      vertex 29.3 -10 -1.25
      vertex 32.3 10 -1.25
      vertex 32.3 -10 -1.25
    endloop
  endfacet
  facet normal -0 0 -1
    outer loop
      vertex 32.3 10 -1.25
      vertex 29.3 -10 -1.25
      vertex 29.3 10 -1.25
    endloop
  endfacet
  facet normal -1 0 0
    outer loop
      vertex 29.3 -10 -1.25
      vertex 29.3 10 0
      vertex 29.3 10 -1.25
    endloop
  endfacet
  facet normal -1 -0 0
    outer loop
      vertex 29.3 10 0
      vertex 29.3 -10 -1.25
      vertex 29.3 -10 0
    endloop
  endfacet
  facet normal 0 1 0
    outer loop
      vertex 32.3 10 1.25
      vertex 31.9552 10 0
      vertex 31.9552 10 1.25
    endloop
  endfacet
  facet normal 0 1 -0
    outer loop
      vertex 32.3 10 -1.25
      vertex 31.9552 10 0
      vertex 32.3 10 1.25
    endloop
  endfacet
  facet normal 0 1 0
    outer loop
      vertex 29.3 10 -1.25
      vertex 31.9552 10 0
      vertex 32.3 10 -1.25
    endloop
  endfacet
  facet normal 0 1 0
    outer loop
      vertex 31.9552 10 0
      vertex 29.3 10 -1.25
      vertex 29.3 10 0
    endloop
  endfacet
  facet normal 0 -1 0
    outer loop
      vertex 29.3 -10 0
      vertex 29.3 -10 -1.25
      vertex 31.9552 -10 0
    endloop
  endfacet
  facet normal 0 -1 0
    outer loop
      vertex 31.9552 -10 0
      vertex 32.3 -10 1.25
      vertex 31.9552 -10 1.25
    endloop
  endfacet
  facet normal 0 -1 0
    outer loop
      vertex 31.9552 -10 0
      vertex 32.3 -10 -1.25
      vertex 32.3 -10 1.25
    endloop
  endfacet
  facet normal 0 -1 0
    outer loop
      vertex 32.3 -10 -1.25
      vertex 31.9552 -10 0
      vertex 29.3 -10 -1.25
    endloop
  endfacet
  facet normal -0.582843 -0.812585 0
    outer loop
      vertex 23.3774 23.7499 0
      vertex 23.4492 23.6984 2.5
      vertex 23.3774 23.7499 2.5
    endloop
  endfacet
  facet normal -0.582843 -0.812585 -0
    outer loop
      vertex 23.4492 23.6984 2.5
      vertex 23.3774 23.7499 0
      vertex 23.4492 23.6984 0
    endloop
  endfacet
  facet normal -0.0328249 0.999461 0
    outer loop
      vertex 22.7157 21.2803 0
      vertex 22.6274 21.2774 2.5
      vertex 22.7157 21.2803 2.5
    endloop
  endfacet
  facet normal -0.0328249 0.999461 0
    outer loop
      vertex 22.6274 21.2774 2.5
      vertex 22.7157 21.2803 0
      vertex 22.6274 21.2774 0
    endloop
  endfacet
  facet normal 0.986637 -0.162931 0
    outer loop
      vertex 21.289 22.8036 2.5
      vertex 21.3034 22.8908 0
      vertex 21.3034 22.8908 2.5
    endloop
  endfacet
  facet normal 0.986637 -0.162931 0
    outer loop
      vertex 21.3034 22.8908 0
      vertex 21.289 22.8036 2.5
      vertex 21.289 22.8036 0
    endloop
  endfacet
  facet normal 0.634039 0.773301 -0
    outer loop
      vertex 21.8056 21.5564 0
      vertex 21.7373 21.6124 2.5
      vertex 21.8056 21.5564 2.5
    endloop
  endfacet
  facet normal 0.634039 0.773301 0
    outer loop
      vertex 21.7373 21.6124 2.5
      vertex 21.8056 21.5564 0
      vertex 21.7373 21.6124 0
    endloop
  endfacet
  facet normal 0.683527 -0.729925 0
    outer loop
      vertex 21.6728 23.582 0
      vertex 21.7373 23.6424 2.5
      vertex 21.6728 23.582 2.5
    endloop
  endfacet
  facet normal 0.683527 -0.729925 0
    outer loop
      vertex 21.7373 23.6424 2.5
      vertex 21.6728 23.582 0
      vertex 21.7373 23.6424 0
    endloop
  endfacet
  facet normal 0.911179 -0.412011 0
    outer loop
      vertex 21.3802 23.144 2.5
      vertex 21.4166 23.2245 0
      vertex 21.4166 23.2245 2.5
    endloop
  endfacet
  facet normal 0.911179 -0.412011 0
    outer loop
      vertex 21.4166 23.2245 0
      vertex 21.3802 23.144 2.5
      vertex 21.3802 23.144 0
    endloop
  endfacet
  facet normal -0.352365 0.935863 0
    outer loop
      vertex 23.144 21.3802 0
      vertex 23.0614 21.3491 2.5
      vertex 23.144 21.3802 2.5
    endloop
  endfacet
  facet normal -0.352365 0.935863 0
    outer loop
      vertex 23.0614 21.3491 2.5
      vertex 23.144 21.3802 0
      vertex 23.0614 21.3491 0
    endloop
  endfacet
  facet normal 0.995138 0.0984948 0
    outer loop
      vertex 21.289 22.4512 2.5
      vertex 21.2803 22.5391 0
      vertex 21.2803 22.5391 2.5
    endloop
  endfacet
  facet normal 0.995138 0.0984948 0
    outer loop
      vertex 21.2803 22.5391 0
      vertex 21.289 22.4512 2.5
      vertex 21.289 22.4512 0
    endloop
  endfacet
  facet normal -0.289631 -0.957139 0
    outer loop
      vertex 22.9768 23.9314 0
      vertex 23.0614 23.9058 2.5
      vertex 22.9768 23.9314 2.5
    endloop
  endfacet
  facet normal -0.289631 -0.957139 -0
    outer loop
      vertex 23.0614 23.9058 2.5
      vertex 22.9768 23.9314 0
      vertex 23.0614 23.9058 0
    endloop
  endfacet
  facet normal -0.848887 0.528574 0
    outer loop
      vertex 23.7499 21.8774 0
      vertex 23.7966 21.9524 2.5
      vertex 23.7966 21.9524 0
    endloop
  endfacet
  facet normal -0.848887 0.528574 0
    outer loop
      vertex 23.7966 21.9524 2.5
      vertex 23.7499 21.8774 0
      vertex 23.7499 21.8774 2.5
    endloop
  endfacet
  facet normal -0.995248 -0.0973735 0
    outer loop
      vertex 23.9745 22.7157 0
      vertex 23.9659 22.8036 2.5
      vertex 23.9659 22.8036 0
    endloop
  endfacet
  facet normal -0.995248 -0.0973735 0
    outer loop
      vertex 23.9659 22.8036 2.5
      vertex 23.9745 22.7157 0
      vertex 23.9745 22.7157 2.5
    endloop
  endfacet
  facet normal -0.683527 0.729925 0
    outer loop
      vertex 23.582 21.6728 0
      vertex 23.5175 21.6124 2.5
      vertex 23.582 21.6728 2.5
    endloop
  endfacet
  facet normal -0.683527 0.729925 0
    outer loop
      vertex 23.5175 21.6124 2.5
      vertex 23.582 21.6728 0
      vertex 23.5175 21.6124 0
    endloop
  endfacet
  facet normal -0.773301 -0.634039 0
    outer loop
      vertex 23.6984 23.4492 0
      vertex 23.6424 23.5175 2.5
      vertex 23.6424 23.5175 0
    endloop
  endfacet
  facet normal -0.773301 -0.634039 0
    outer loop
      vertex 23.6424 23.5175 2.5
      vertex 23.6984 23.4492 0
      vertex 23.6984 23.4492 2.5
    endloop
  endfacet
  facet normal -0.41295 -0.910754 0
    outer loop
      vertex 23.144 23.8747 0
      vertex 23.2245 23.8382 2.5
      vertex 23.144 23.8747 2.5
    endloop
  endfacet
  facet normal -0.41295 -0.910754 -0
    outer loop
      vertex 23.2245 23.8382 2.5
      vertex 23.144 23.8747 0
      vertex 23.2245 23.8382 0
    endloop
  endfacet
  facet normal 0.351992 0.936003 -0
    outer loop
      vertex 22.1935 21.3491 0
      vertex 22.1108 21.3802 2.5
      vertex 22.1935 21.3491 2.5
    endloop
  endfacet
  facet normal 0.351992 0.936003 0
    outer loop
      vertex 22.1108 21.3802 2.5
      vertex 22.1935 21.3491 0
      vertex 22.1108 21.3802 0
    endloop
  endfacet
  facet normal 0.41295 -0.910754 0
    outer loop
      vertex 22.0303 23.8382 0
      vertex 22.1108 23.8747 2.5
      vertex 22.0303 23.8382 2.5
    endloop
  endfacet
  facet normal 0.41295 -0.910754 0
    outer loop
      vertex 22.1108 23.8747 2.5
      vertex 22.0303 23.8382 0
      vertex 22.1108 23.8747 0
    endloop
  endfacet
  facet normal 0.936003 0.351992 0
    outer loop
      vertex 21.3802 22.1108 2.5
      vertex 21.3491 22.1935 0
      vertex 21.3491 22.1935 2.5
    endloop
  endfacet
  facet normal 0.936003 0.351992 0
    outer loop
      vertex 21.3491 22.1935 0
      vertex 21.3802 22.1108 2.5
      vertex 21.3802 22.1108 0
    endloop
  endfacet
  facet normal -0.999461 -0.0328249 0
    outer loop
      vertex 23.9774 22.6274 0
      vertex 23.9745 22.7157 2.5
      vertex 23.9745 22.7157 0
    endloop
  endfacet
  facet normal -0.999461 -0.0328249 0
    outer loop
      vertex 23.9745 22.7157 2.5
      vertex 23.9774 22.6274 0
      vertex 23.9774 22.6274 2.5
    endloop
  endfacet
  facet normal 0.0328249 0.999461 -0
    outer loop
      vertex 22.6274 21.2774 0
      vertex 22.5391 21.2803 2.5
      vertex 22.6274 21.2774 2.5
    endloop
  endfacet
  facet normal 0.0328249 0.999461 0
    outer loop
      vertex 22.5391 21.2803 2.5
      vertex 22.6274 21.2774 0
      vertex 22.5391 21.2803 0
    endloop
  endfacet
  facet normal -0.935863 -0.352365 0
    outer loop
      vertex 23.9058 23.0614 0
      vertex 23.8747 23.144 2.5
      vertex 23.8747 23.144 0
    endloop
  endfacet
  facet normal -0.935863 -0.352365 0
    outer loop
      vertex 23.8747 23.144 2.5
      vertex 23.9058 23.0614 0
      vertex 23.9058 23.0614 2.5
    endloop
  endfacet
  facet normal 0.849395 -0.527757 0
    outer loop
      vertex 21.4583 23.3024 2.5
      vertex 21.5049 23.3774 0
      vertex 21.5049 23.3774 2.5
    endloop
  endfacet
  facet normal 0.849395 -0.527757 0
    outer loop
      vertex 21.5049 23.3774 0
      vertex 21.4583 23.3024 2.5
      vertex 21.4583 23.3024 0
    endloop
  endfacet
  facet normal 0.729925 0.683527 0
    outer loop
      vertex 21.6728 21.6728 2.5
      vertex 21.6124 21.7373 0
      vertex 21.6124 21.7373 2.5
    endloop
  endfacet
  facet normal 0.729925 0.683527 0
    outer loop
      vertex 21.6124 21.7373 0
      vertex 21.6728 21.6728 2.5
      vertex 21.6728 21.6728 0
    endloop
  endfacet
  facet normal -0.634039 -0.773301 0
    outer loop
      vertex 23.4492 23.6984 0
      vertex 23.5175 23.6424 2.5
      vertex 23.4492 23.6984 2.5
    endloop
  endfacet
  facet normal -0.634039 -0.773301 -0
    outer loop
      vertex 23.5175 23.6424 2.5
      vertex 23.4492 23.6984 0
      vertex 23.5175 23.6424 0
    endloop
  endfacet
  facet normal -0.986637 0.162931 0
    outer loop
      vertex 23.9515 22.364 0
      vertex 23.9659 22.4512 2.5
      vertex 23.9659 22.4512 0
    endloop
  endfacet
  facet normal -0.986637 0.162931 0
    outer loop
      vertex 23.9659 22.4512 2.5
      vertex 23.9515 22.364 0
      vertex 23.9515 22.364 2.5
    endloop
  endfacet
  facet normal 0.0984948 0.995138 -0
    outer loop
      vertex 22.5391 21.2803 0
      vertex 22.4512 21.289 2.5
      vertex 22.5391 21.2803 2.5
    endloop
  endfacet
  facet normal 0.0984948 0.995138 0
    outer loop
      vertex 22.4512 21.289 2.5
      vertex 22.5391 21.2803 0
      vertex 22.4512 21.289 0
    endloop
  endfacet
  facet normal 0.226513 0.974008 -0
    outer loop
      vertex 22.364 21.3034 0
      vertex 22.278 21.3234 2.5
      vertex 22.364 21.3034 2.5
    endloop
  endfacet
  facet normal 0.226513 0.974008 0
    outer loop
      vertex 22.278 21.3234 2.5
      vertex 22.364 21.3034 0
      vertex 22.278 21.3234 0
    endloop
  endfacet
  facet normal -0.412011 0.911179 0
    outer loop
      vertex 23.2245 21.4166 0
      vertex 23.144 21.3802 2.5
      vertex 23.2245 21.4166 2.5
    endloop
  endfacet
  facet normal -0.412011 0.911179 0
    outer loop
      vertex 23.144 21.3802 2.5
      vertex 23.2245 21.4166 0
      vertex 23.144 21.3802 0
    endloop
  endfacet
  facet normal 0.881631 0.471939 0
    outer loop
      vertex 21.4583 21.9524 2.5
      vertex 21.4166 22.0303 0
      vertex 21.4166 22.0303 2.5
    endloop
  endfacet
  facet normal 0.881631 0.471939 0
    outer loop
      vertex 21.4166 22.0303 0
      vertex 21.4583 21.9524 2.5
      vertex 21.4583 21.9524 0
    endloop
  endfacet
  facet normal -0.812585 0.582843 0
    outer loop
      vertex 23.6984 21.8056 0
      vertex 23.7499 21.8774 2.5
      vertex 23.7499 21.8774 0
    endloop
  endfacet
  facet normal -0.812585 0.582843 0
    outer loop
      vertex 23.7499 21.8774 2.5
      vertex 23.6984 21.8056 0
      vertex 23.6984 21.8056 2.5
    endloop
  endfacet
  facet normal -0.973758 -0.227588 0
    outer loop
      vertex 23.9515 22.8908 0
      vertex 23.9314 22.9768 2.5
      vertex 23.9314 22.9768 0
    endloop
  endfacet
  facet normal -0.973758 -0.227588 0
    outer loop
      vertex 23.9314 22.9768 2.5
      vertex 23.9515 22.8908 0
      vertex 23.9515 22.8908 2.5
    endloop
  endfacet
  facet normal -0.0328249 -0.999461 0
    outer loop
      vertex 22.6274 23.9774 0
      vertex 22.7157 23.9745 2.5
      vertex 22.6274 23.9774 2.5
    endloop
  endfacet
  facet normal -0.0328249 -0.999461 -0
    outer loop
      vertex 22.7157 23.9745 2.5
      vertex 22.6274 23.9774 0
      vertex 22.7157 23.9745 0
    endloop
  endfacet
  facet normal -0.910754 -0.41295 0
    outer loop
      vertex 23.8747 23.144 0
      vertex 23.8382 23.2245 2.5
      vertex 23.8382 23.2245 0
    endloop
  endfacet
  facet normal -0.910754 -0.41295 0
    outer loop
      vertex 23.8382 23.2245 2.5
      vertex 23.8747 23.144 0
      vertex 23.8747 23.144 2.5
    endloop
  endfacet
  facet normal -0.986637 -0.162931 0
    outer loop
      vertex 23.9659 22.8036 0
      vertex 23.9515 22.8908 2.5
      vertex 23.9515 22.8908 0
    endloop
  endfacet
  facet normal -0.986637 -0.162931 0
    outer loop
      vertex 23.9515 22.8908 2.5
      vertex 23.9659 22.8036 0
      vertex 23.9659 22.8036 2.5
    endloop
  endfacet
  facet normal 0.881631 -0.471939 0
    outer loop
      vertex 21.4166 23.2245 2.5
      vertex 21.4583 23.3024 0
      vertex 21.4583 23.3024 2.5
    endloop
  endfacet
  facet normal 0.881631 -0.471939 0
    outer loop
      vertex 21.4583 23.3024 0
      vertex 21.4166 23.2245 2.5
      vertex 21.4166 23.2245 0
    endloop
  endfacet
  facet normal 0.683527 0.729925 -0
    outer loop
      vertex 21.7373 21.6124 0
      vertex 21.6728 21.6728 2.5
      vertex 21.7373 21.6124 2.5
    endloop
  endfacet
  facet normal 0.683527 0.729925 0
    outer loop
      vertex 21.6728 21.6728 2.5
      vertex 21.7373 21.6124 0
      vertex 21.6728 21.6728 0
    endloop
  endfacet
  facet normal 0.974008 0.226513 0
    outer loop
      vertex 21.3234 22.278 2.5
      vertex 21.3034 22.364 0
      vertex 21.3034 22.364 2.5
    endloop
  endfacet
  facet normal 0.974008 0.226513 0
    outer loop
      vertex 21.3034 22.364 0
      vertex 21.3234 22.278 2.5
      vertex 21.3234 22.278 0
    endloop
  endfacet
  facet normal -0.0984948 0.995138 0
    outer loop
      vertex 22.8036 21.289 0
      vertex 22.7157 21.2803 2.5
      vertex 22.8036 21.289 2.5
    endloop
  endfacet
  facet normal -0.0984948 0.995138 0
    outer loop
      vertex 22.7157 21.2803 2.5
      vertex 22.8036 21.289 0
      vertex 22.7157 21.2803 0
    endloop
  endfacet
  facet normal 0.582843 0.812585 -0
    outer loop
      vertex 21.8774 21.5049 0
      vertex 21.8056 21.5564 2.5
      vertex 21.8774 21.5049 2.5
    endloop
  endfacet
  facet normal 0.582843 0.812585 0
    outer loop
      vertex 21.8056 21.5564 2.5
      vertex 21.8774 21.5049 0
      vertex 21.8056 21.5564 0
    endloop
  endfacet
  facet normal -0.582843 0.812585 0
    outer loop
      vertex 23.4492 21.5564 0
      vertex 23.3774 21.5049 2.5
      vertex 23.4492 21.5564 2.5
    endloop
  endfacet
  facet normal -0.582843 0.812585 0
    outer loop
      vertex 23.3774 21.5049 2.5
      vertex 23.4492 21.5564 0
      vertex 23.3774 21.5049 0
    endloop
  endfacet
  facet normal 0.634039 -0.773301 0
    outer loop
      vertex 21.7373 23.6424 0
      vertex 21.8056 23.6984 2.5
      vertex 21.7373 23.6424 2.5
    endloop
  endfacet
  facet normal 0.634039 -0.773301 0
    outer loop
      vertex 21.8056 23.6984 2.5
      vertex 21.7373 23.6424 0
      vertex 21.8056 23.6984 0
    endloop
  endfacet
  facet normal -0.812585 -0.582843 0
    outer loop
      vertex 23.7499 23.3774 0
      vertex 23.6984 23.4492 2.5
      vertex 23.6984 23.4492 0
    endloop
  endfacet
  facet normal -0.812585 -0.582843 0
    outer loop
      vertex 23.6984 23.4492 2.5
      vertex 23.7499 23.3774 0
      vertex 23.7499 23.3774 2.5
    endloop
  endfacet
  facet normal -0.999461 0.0328249 0
    outer loop
      vertex 23.9745 22.5391 0
      vertex 23.9774 22.6274 2.5
      vertex 23.9774 22.6274 0
    endloop
  endfacet
  facet normal -0.999461 0.0328249 0
    outer loop
      vertex 23.9774 22.6274 2.5
      vertex 23.9745 22.5391 0
      vertex 23.9745 22.5391 2.5
    endloop
  endfacet
  facet normal -0.226513 0.974008 0
    outer loop
      vertex 22.9768 21.3234 0
      vertex 22.8908 21.3034 2.5
      vertex 22.9768 21.3234 2.5
    endloop
  endfacet
  facet normal -0.226513 0.974008 0
    outer loop
      vertex 22.8908 21.3034 2.5
      vertex 22.9768 21.3234 0
      vertex 22.8908 21.3034 0
    endloop
  endfacet
  facet normal 0.162931 0.986637 -0
    outer loop
      vertex 22.4512 21.289 0
      vertex 22.364 21.3034 2.5
      vertex 22.4512 21.289 2.5
    endloop
  endfacet
  facet normal 0.162931 0.986637 0
    outer loop
      vertex 22.364 21.3034 2.5
      vertex 22.4512 21.289 0
      vertex 22.364 21.3034 0
    endloop
  endfacet
  facet normal 0.582843 -0.812585 0
    outer loop
      vertex 21.8056 23.6984 0
      vertex 21.8774 23.7499 2.5
      vertex 21.8056 23.6984 2.5
    endloop
  endfacet
  facet normal 0.582843 -0.812585 0
    outer loop
      vertex 21.8774 23.7499 2.5
      vertex 21.8056 23.6984 0
      vertex 21.8774 23.7499 0
    endloop
  endfacet
  facet normal -0.848887 -0.528574 0
    outer loop
      vertex 23.7966 23.3024 0
      vertex 23.7499 23.3774 2.5
      vertex 23.7499 23.3774 0
    endloop
  endfacet
  facet normal -0.848887 -0.528574 0
    outer loop
      vertex 23.7499 23.3774 2.5
      vertex 23.7966 23.3024 0
      vertex 23.7966 23.3024 2.5
    endloop
  endfacet
  facet normal 0.162931 -0.986637 0
    outer loop
      vertex 22.364 23.9515 0
      vertex 22.4512 23.9659 2.5
      vertex 22.364 23.9515 2.5
    endloop
  endfacet
  facet normal 0.162931 -0.986637 0
    outer loop
      vertex 22.4512 23.9659 2.5
      vertex 22.364 23.9515 0
      vertex 22.4512 23.9659 0
    endloop
  endfacet
  facet normal 0.999461 -0.0328249 0
    outer loop
      vertex 21.2774 22.6274 2.5
      vertex 21.2803 22.7157 0
      vertex 21.2803 22.7157 2.5
    endloop
  endfacet
  facet normal 0.999461 -0.0328249 0
    outer loop
      vertex 21.2803 22.7157 0
      vertex 21.2774 22.6274 2.5
      vertex 21.2774 22.6274 0
    endloop
  endfacet
  facet normal 0.911179 0.412011 0
    outer loop
      vertex 21.4166 22.0303 2.5
      vertex 21.3802 22.1108 0
      vertex 21.3802 22.1108 2.5
    endloop
  endfacet
  facet normal 0.911179 0.412011 0
    outer loop
      vertex 21.3802 22.1108 0
      vertex 21.4166 22.0303 2.5
      vertex 21.4166 22.0303 0
    endloop
  endfacet
  facet normal -0.683527 -0.729925 0
    outer loop
      vertex 23.5175 23.6424 0
      vertex 23.582 23.582 2.5
      vertex 23.5175 23.6424 2.5
    endloop
  endfacet
  facet normal -0.683527 -0.729925 -0
    outer loop
      vertex 23.582 23.582 2.5
      vertex 23.5175 23.6424 0
      vertex 23.582 23.582 0
    endloop
  endfacet
  facet normal -0.957139 -0.289631 0
    outer loop
      vertex 23.9314 22.9768 0
      vertex 23.9058 23.0614 2.5
      vertex 23.9058 23.0614 0
    endloop
  endfacet
  facet normal -0.957139 -0.289631 0
    outer loop
      vertex 23.9058 23.0614 2.5
      vertex 23.9314 22.9768 0
      vertex 23.9314 22.9768 2.5
    endloop
  endfacet
  facet normal 0.956824 -0.290667 0
    outer loop
      vertex 21.3234 22.9768 2.5
      vertex 21.3491 23.0614 0
      vertex 21.3491 23.0614 2.5
    endloop
  endfacet
  facet normal 0.956824 -0.290667 0
    outer loop
      vertex 21.3491 23.0614 0
      vertex 21.3234 22.9768 2.5
      vertex 21.3234 22.9768 0
    endloop
  endfacet
  facet normal -0.910754 0.41295 0
    outer loop
      vertex 23.8382 22.0303 0
      vertex 23.8747 22.1108 2.5
      vertex 23.8747 22.1108 0
    endloop
  endfacet
  facet normal -0.910754 0.41295 0
    outer loop
      vertex 23.8747 22.1108 2.5
      vertex 23.8382 22.0303 0
      vertex 23.8382 22.0303 2.5
    endloop
  endfacet
  facet normal -0.957043 0.289945 0
    outer loop
      vertex 23.9058 22.1935 0
      vertex 23.9314 22.278 2.5
      vertex 23.9314 22.278 0
    endloop
  endfacet
  facet normal -0.957043 0.289945 0
    outer loop
      vertex 23.9314 22.278 2.5
      vertex 23.9058 22.1935 0
      vertex 23.9058 22.1935 2.5
    endloop
  endfacet
  facet normal -0.729925 -0.683527 0
    outer loop
      vertex 23.6424 23.5175 0
      vertex 23.582 23.582 2.5
      vertex 23.582 23.582 0
    endloop
  endfacet
  facet normal -0.729925 -0.683527 0
    outer loop
      vertex 23.582 23.582 2.5
      vertex 23.6424 23.5175 0
      vertex 23.6424 23.5175 2.5
    endloop
  endfacet
  facet normal 0.986637 0.162931 0
    outer loop
      vertex 21.3034 22.364 2.5
      vertex 21.289 22.4512 0
      vertex 21.289 22.4512 2.5
    endloop
  endfacet
  facet normal 0.986637 0.162931 0
    outer loop
      vertex 21.289 22.4512 0
      vertex 21.3034 22.364 2.5
      vertex 21.3034 22.364 0
    endloop
  endfacet
  facet normal -0.995248 0.0973735 0
    outer loop
      vertex 23.9659 22.4512 0
      vertex 23.9745 22.5391 2.5
      vertex 23.9745 22.5391 0
    endloop
  endfacet
  facet normal -0.995248 0.0973735 0
    outer loop
      vertex 23.9745 22.5391 2.5
      vertex 23.9659 22.4512 0
      vertex 23.9659 22.4512 2.5
    endloop
  endfacet
  facet normal 0.729925 -0.683527 0
    outer loop
      vertex 21.6124 23.5175 2.5
      vertex 21.6728 23.582 0
      vertex 21.6728 23.582 2.5
    endloop
  endfacet
  facet normal 0.729925 -0.683527 0
    outer loop
      vertex 21.6728 23.582 0
      vertex 21.6124 23.5175 2.5
      vertex 21.6124 23.5175 0
    endloop
  endfacet
  facet normal 0.351992 -0.936003 0
    outer loop
      vertex 22.1108 23.8747 0
      vertex 22.1935 23.9058 2.5
      vertex 22.1108 23.8747 2.5
    endloop
  endfacet
  facet normal 0.351992 -0.936003 0
    outer loop
      vertex 22.1935 23.9058 2.5
      vertex 22.1108 23.8747 0
      vertex 22.1935 23.9058 0
    endloop
  endfacet
  facet normal -0.882102 -0.471058 0
    outer loop
      vertex 23.8382 23.2245 0
      vertex 23.7966 23.3024 2.5
      vertex 23.7966 23.3024 0
    endloop
  endfacet
  facet normal -0.882102 -0.471058 0
    outer loop
      vertex 23.7966 23.3024 2.5
      vertex 23.8382 23.2245 0
      vertex 23.8382 23.2245 2.5
    endloop
  endfacet
  facet normal 0.999461 0.0328249 0
    outer loop
      vertex 21.2803 22.5391 2.5
      vertex 21.2774 22.6274 0
      vertex 21.2774 22.6274 2.5
    endloop
  endfacet
  facet normal 0.999461 0.0328249 0
    outer loop
      vertex 21.2774 22.6274 0
      vertex 21.2803 22.5391 2.5
      vertex 21.2803 22.5391 0
    endloop
  endfacet
  facet normal -0.0973735 -0.995248 0
    outer loop
      vertex 22.7157 23.9745 0
      vertex 22.8036 23.9659 2.5
      vertex 22.7157 23.9745 2.5
    endloop
  endfacet
  facet normal -0.0973735 -0.995248 -0
    outer loop
      vertex 22.8036 23.9659 2.5
      vertex 22.7157 23.9745 0
      vertex 22.8036 23.9659 0
    endloop
  endfacet
  facet normal 0.0328249 -0.999461 0
    outer loop
      vertex 22.5391 23.9745 0
      vertex 22.6274 23.9774 2.5
      vertex 22.5391 23.9745 2.5
    endloop
  endfacet
  facet normal 0.0328249 -0.999461 0
    outer loop
      vertex 22.6274 23.9774 2.5
      vertex 22.5391 23.9745 0
      vertex 22.6274 23.9774 0
    endloop
  endfacet
  facet normal -0.936003 0.351992 0
    outer loop
      vertex 23.8747 22.1108 0
      vertex 23.9058 22.1935 2.5
      vertex 23.9058 22.1935 0
    endloop
  endfacet
  facet normal -0.936003 0.351992 0
    outer loop
      vertex 23.9058 22.1935 2.5
      vertex 23.8747 22.1108 0
      vertex 23.8747 22.1108 2.5
    endloop
  endfacet
  facet normal -0.290667 0.956824 0
    outer loop
      vertex 23.0614 21.3491 0
      vertex 22.9768 21.3234 2.5
      vertex 23.0614 21.3491 2.5
    endloop
  endfacet
  facet normal -0.290667 0.956824 0
    outer loop
      vertex 22.9768 21.3234 2.5
      vertex 23.0614 21.3491 0
      vertex 22.9768 21.3234 0
    endloop
  endfacet
  facet normal 0.935863 -0.352365 0
    outer loop
      vertex 21.3491 23.0614 2.5
      vertex 21.3802 23.144 0
      vertex 21.3802 23.144 2.5
    endloop
  endfacet
  facet normal 0.935863 -0.352365 0
    outer loop
      vertex 21.3802 23.144 0
      vertex 21.3491 23.0614 2.5
      vertex 21.3491 23.0614 0
    endloop
  endfacet
  facet normal -0.162931 0.986637 0
    outer loop
      vertex 22.8908 21.3034 0
      vertex 22.8036 21.289 2.5
      vertex 22.8908 21.3034 2.5
    endloop
  endfacet
  facet normal -0.162931 0.986637 0
    outer loop
      vertex 22.8036 21.289 2.5
      vertex 22.8908 21.3034 0
      vertex 22.8036 21.289 0
    endloop
  endfacet
  facet normal -0.729925 0.683527 0
    outer loop
      vertex 23.582 21.6728 0
      vertex 23.6424 21.7373 2.5
      vertex 23.6424 21.7373 0
    endloop
  endfacet
  facet normal -0.729925 0.683527 0
    outer loop
      vertex 23.6424 21.7373 2.5
      vertex 23.582 21.6728 0
      vertex 23.582 21.6728 2.5
    endloop
  endfacet
  facet normal -0.773301 0.634039 0
    outer loop
      vertex 23.6424 21.7373 0
      vertex 23.6984 21.8056 2.5
      vertex 23.6984 21.8056 0
    endloop
  endfacet
  facet normal -0.773301 0.634039 0
    outer loop
      vertex 23.6984 21.8056 2.5
      vertex 23.6424 21.7373 0
      vertex 23.6424 21.7373 2.5
    endloop
  endfacet
  facet normal 0.289945 -0.957043 0
    outer loop
      vertex 22.1935 23.9058 0
      vertex 22.278 23.9314 2.5
      vertex 22.1935 23.9058 2.5
    endloop
  endfacet
  facet normal 0.289945 -0.957043 0
    outer loop
      vertex 22.278 23.9314 2.5
      vertex 22.1935 23.9058 0
      vertex 22.278 23.9314 0
    endloop
  endfacet
  facet normal -0.973758 0.227588 0
    outer loop
      vertex 23.9314 22.278 0
      vertex 23.9515 22.364 2.5
      vertex 23.9515 22.364 0
    endloop
  endfacet
  facet normal -0.973758 0.227588 0
    outer loop
      vertex 23.9515 22.364 2.5
      vertex 23.9314 22.278 0
      vertex 23.9314 22.278 2.5
    endloop
  endfacet
  facet normal -0.471939 0.881631 0
    outer loop
      vertex 23.3024 21.4583 0
      vertex 23.2245 21.4166 2.5
      vertex 23.3024 21.4583 2.5
    endloop
  endfacet
  facet normal -0.471939 0.881631 0
    outer loop
      vertex 23.2245 21.4166 2.5
      vertex 23.3024 21.4583 0
      vertex 23.2245 21.4166 0
    endloop
  endfacet
  facet normal 0.974008 -0.226513 0
    outer loop
      vertex 21.3034 22.8908 2.5
      vertex 21.3234 22.9768 0
      vertex 21.3234 22.9768 2.5
    endloop
  endfacet
  facet normal 0.974008 -0.226513 0
    outer loop
      vertex 21.3234 22.9768 0
      vertex 21.3034 22.8908 2.5
      vertex 21.3034 22.8908 0
    endloop
  endfacet
  facet normal -0.882102 0.471058 0
    outer loop
      vertex 23.7966 21.9524 0
      vertex 23.8382 22.0303 2.5
      vertex 23.8382 22.0303 0
    endloop
  endfacet
  facet normal -0.882102 0.471058 0
    outer loop
      vertex 23.8382 22.0303 2.5
      vertex 23.7966 21.9524 0
      vertex 23.7966 21.9524 2.5
    endloop
  endfacet
  facet normal 0.956729 0.290981 0
    outer loop
      vertex 21.3491 22.1935 2.5
      vertex 21.3234 22.278 0
      vertex 21.3234 22.278 2.5
    endloop
  endfacet
  facet normal 0.956729 0.290981 0
    outer loop
      vertex 21.3234 22.278 0
      vertex 21.3491 22.1935 2.5
      vertex 21.3491 22.1935 0
    endloop
  endfacet
  facet normal -0.162931 -0.986637 0
    outer loop
      vertex 22.8036 23.9659 0
      vertex 22.8908 23.9515 2.5
      vertex 22.8036 23.9659 2.5
    endloop
  endfacet
  facet normal -0.162931 -0.986637 -0
    outer loop
      vertex 22.8908 23.9515 2.5
      vertex 22.8036 23.9659 0
      vertex 22.8908 23.9515 0
    endloop
  endfacet
  facet normal -0.634039 0.773301 0
    outer loop
      vertex 23.5175 21.6124 0
      vertex 23.4492 21.5564 2.5
      vertex 23.5175 21.6124 2.5
    endloop
  endfacet
  facet normal -0.634039 0.773301 0
    outer loop
      vertex 23.4492 21.5564 2.5
      vertex 23.5175 21.6124 0
      vertex 23.4492 21.5564 0
    endloop
  endfacet
  facet normal 0.227588 -0.973758 0
    outer loop
      vertex 22.278 23.9314 0
      vertex 22.364 23.9515 2.5
      vertex 22.278 23.9314 2.5
    endloop
  endfacet
  facet normal 0.227588 -0.973758 0
    outer loop
      vertex 22.364 23.9515 2.5
      vertex 22.278 23.9314 0
      vertex 22.364 23.9515 0
    endloop
  endfacet
  facet normal -0.227588 -0.973758 0
    outer loop
      vertex 22.8908 23.9515 0
      vertex 22.9768 23.9314 2.5
      vertex 22.8908 23.9515 2.5
    endloop
  endfacet
  facet normal -0.227588 -0.973758 -0
    outer loop
      vertex 22.9768 23.9314 2.5
      vertex 22.8908 23.9515 0
      vertex 22.9768 23.9314 0
    endloop
  endfacet
  facet normal 0.773301 0.634039 0
    outer loop
      vertex 21.6124 21.7373 2.5
      vertex 21.5564 21.8056 0
      vertex 21.5564 21.8056 2.5
    endloop
  endfacet
  facet normal 0.773301 0.634039 0
    outer loop
      vertex 21.5564 21.8056 0
      vertex 21.6124 21.7373 2.5
      vertex 21.6124 21.7373 0
    endloop
  endfacet
  facet normal 0.812585 -0.582843 0
    outer loop
      vertex 21.5049 23.3774 2.5
      vertex 21.5564 23.4492 0
      vertex 21.5564 23.4492 2.5
    endloop
  endfacet
  facet normal 0.812585 -0.582843 0
    outer loop
      vertex 21.5564 23.4492 0
      vertex 21.5049 23.3774 2.5
      vertex 21.5049 23.3774 0
    endloop
  endfacet
  facet normal 0.527757 0.849395 -0
    outer loop
      vertex 21.9524 21.4583 0
      vertex 21.8774 21.5049 2.5
      vertex 21.9524 21.4583 2.5
    endloop
  endfacet
  facet normal 0.527757 0.849395 0
    outer loop
      vertex 21.8774 21.5049 2.5
      vertex 21.9524 21.4583 0
      vertex 21.8774 21.5049 0
    endloop
  endfacet
  facet normal 0.0973735 -0.995248 0
    outer loop
      vertex 22.4512 23.9659 0
      vertex 22.5391 23.9745 2.5
      vertex 22.4512 23.9659 2.5
    endloop
  endfacet
  facet normal 0.0973735 -0.995248 0
    outer loop
      vertex 22.5391 23.9745 2.5
      vertex 22.4512 23.9659 0
      vertex 22.5391 23.9745 0
    endloop
  endfacet
  facet normal 0.471058 -0.882102 0
    outer loop
      vertex 21.9524 23.7966 0
      vertex 22.0303 23.8382 2.5
      vertex 21.9524 23.7966 2.5
    endloop
  endfacet
  facet normal 0.471058 -0.882102 0
    outer loop
      vertex 22.0303 23.8382 2.5
      vertex 21.9524 23.7966 0
      vertex 22.0303 23.8382 0
    endloop
  endfacet
  facet normal 0.849395 0.527757 0
    outer loop
      vertex 21.5049 21.8774 2.5
      vertex 21.4583 21.9524 0
      vertex 21.4583 21.9524 2.5
    endloop
  endfacet
  facet normal 0.849395 0.527757 0
    outer loop
      vertex 21.4583 21.9524 0
      vertex 21.5049 21.8774 2.5
      vertex 21.5049 21.8774 0
    endloop
  endfacet
  facet normal -0.528574 -0.848887 0
    outer loop
      vertex 23.3024 23.7966 0
      vertex 23.3774 23.7499 2.5
      vertex 23.3024 23.7966 2.5
    endloop
  endfacet
  facet normal -0.528574 -0.848887 -0
    outer loop
      vertex 23.3774 23.7499 2.5
      vertex 23.3024 23.7966 0
      vertex 23.3774 23.7499 0
    endloop
  endfacet
  facet normal 0.528574 -0.848887 0
    outer loop
      vertex 21.8774 23.7499 0
      vertex 21.9524 23.7966 2.5
      vertex 21.8774 23.7499 2.5
    endloop
  endfacet
  facet normal 0.528574 -0.848887 0
    outer loop
      vertex 21.9524 23.7966 2.5
      vertex 21.8774 23.7499 0
      vertex 21.9524 23.7966 0
    endloop
  endfacet
  facet normal -0.352365 -0.935863 0
    outer loop
      vertex 23.0614 23.9058 0
      vertex 23.144 23.8747 2.5
      vertex 23.0614 23.9058 2.5
    endloop
  endfacet
  facet normal -0.352365 -0.935863 -0
    outer loop
      vertex 23.144 23.8747 2.5
      vertex 23.0614 23.9058 0
      vertex 23.144 23.8747 0
    endloop
  endfacet
  facet normal -0.471058 -0.882102 0
    outer loop
      vertex 23.2245 23.8382 0
      vertex 23.3024 23.7966 2.5
      vertex 23.2245 23.8382 2.5
    endloop
  endfacet
  facet normal -0.471058 -0.882102 -0
    outer loop
      vertex 23.3024 23.7966 2.5
      vertex 23.2245 23.8382 0
      vertex 23.3024 23.7966 0
    endloop
  endfacet
  facet normal 0.471939 0.881631 -0
    outer loop
      vertex 22.0303 21.4166 0
      vertex 21.9524 21.4583 2.5
      vertex 22.0303 21.4166 2.5
    endloop
  endfacet
  facet normal 0.471939 0.881631 0
    outer loop
      vertex 21.9524 21.4583 2.5
      vertex 22.0303 21.4166 0
      vertex 21.9524 21.4583 0
    endloop
  endfacet
  facet normal -0.527757 0.849395 0
    outer loop
      vertex 23.3774 21.5049 0
      vertex 23.3024 21.4583 2.5
      vertex 23.3774 21.5049 2.5
    endloop
  endfacet
  facet normal -0.527757 0.849395 0
    outer loop
      vertex 23.3024 21.4583 2.5
      vertex 23.3774 21.5049 0
      vertex 23.3024 21.4583 0
    endloop
  endfacet
  facet normal 0.290981 0.956729 -0
    outer loop
      vertex 22.278 21.3234 0
      vertex 22.1935 21.3491 2.5
      vertex 22.278 21.3234 2.5
    endloop
  endfacet
  facet normal 0.290981 0.956729 0
    outer loop
      vertex 22.1935 21.3491 2.5
      vertex 22.278 21.3234 0
      vertex 22.1935 21.3491 0
    endloop
  endfacet
  facet normal 0.995138 -0.0984948 0
    outer loop
      vertex 21.2803 22.7157 2.5
      vertex 21.289 22.8036 0
      vertex 21.289 22.8036 2.5
    endloop
  endfacet
  facet normal 0.995138 -0.0984948 0
    outer loop
      vertex 21.289 22.8036 0
      vertex 21.2803 22.7157 2.5
      vertex 21.2803 22.7157 0
    endloop
  endfacet
  facet normal 0.773301 -0.634039 0
    outer loop
      vertex 21.5564 23.4492 2.5
      vertex 21.6124 23.5175 0
      vertex 21.6124 23.5175 2.5
    endloop
  endfacet
  facet normal 0.773301 -0.634039 0
    outer loop
      vertex 21.6124 23.5175 0
      vertex 21.5564 23.4492 2.5
      vertex 21.5564 23.4492 0
    endloop
  endfacet
  facet normal 0.412011 0.911179 -0
    outer loop
      vertex 22.1108 21.3802 0
      vertex 22.0303 21.4166 2.5
      vertex 22.1108 21.3802 2.5
    endloop
  endfacet
  facet normal 0.412011 0.911179 0
    outer loop
      vertex 22.0303 21.4166 2.5
      vertex 22.1108 21.3802 0
      vertex 22.0303 21.4166 0
    endloop
  endfacet
  facet normal 0.812585 0.582843 0
    outer loop
      vertex 21.5564 21.8056 2.5
      vertex 21.5049 21.8774 0
      vertex 21.5049 21.8774 2.5
    endloop
  endfacet
  facet normal 0.812585 0.582843 0
    outer loop
      vertex 21.5049 21.8774 0
      vertex 21.5564 21.8056 2.5
      vertex 21.5564 21.8056 0
    endloop
  endfacet
  facet normal -0.999461 0.0328249 0
    outer loop
      vertex -21.2803 22.5391 0
      vertex -21.2774 22.6274 2.5
      vertex -21.2774 22.6274 0
    endloop
  endfacet
  facet normal -0.999461 0.0328249 0
    outer loop
      vertex -21.2774 22.6274 2.5
      vertex -21.2803 22.5391 0
      vertex -21.2803 22.5391 2.5
    endloop
  endfacet
  facet normal -0.290981 0.956729 0
    outer loop
      vertex -22.1935 21.3491 0
      vertex -22.278 21.3234 2.5
      vertex -22.1935 21.3491 2.5
    endloop
  endfacet
  facet normal -0.290981 0.956729 0
    outer loop
      vertex -22.278 21.3234 2.5
      vertex -22.1935 21.3491 0
      vertex -22.278 21.3234 0
    endloop
  endfacet
  facet normal -0.999461 -0.0328249 0
    outer loop
      vertex -21.2774 22.6274 0
      vertex -21.2803 22.7157 2.5
      vertex -21.2803 22.7157 0
    endloop
  endfacet
  facet normal -0.999461 -0.0328249 0
    outer loop
      vertex -21.2803 22.7157 2.5
      vertex -21.2774 22.6274 0
      vertex -21.2774 22.6274 2.5
    endloop
  endfacet
  facet normal -0.528574 -0.848887 0
    outer loop
      vertex -21.9524 23.7966 0
      vertex -21.8774 23.7499 2.5
      vertex -21.9524 23.7966 2.5
    endloop
  endfacet
  facet normal -0.528574 -0.848887 -0
    outer loop
      vertex -21.8774 23.7499 2.5
      vertex -21.9524 23.7966 0
      vertex -21.8774 23.7499 0
    endloop
  endfacet
  facet normal 0.226513 0.974008 -0
    outer loop
      vertex -22.8908 21.3034 0
      vertex -22.9768 21.3234 2.5
      vertex -22.8908 21.3034 2.5
    endloop
  endfacet
  facet normal 0.226513 0.974008 0
    outer loop
      vertex -22.9768 21.3234 2.5
      vertex -22.8908 21.3034 0
      vertex -22.9768 21.3234 0
    endloop
  endfacet
  facet normal 0.973758 0.227588 0
    outer loop
      vertex -23.9314 22.278 2.5
      vertex -23.9515 22.364 0
      vertex -23.9515 22.364 2.5
    endloop
  endfacet
  facet normal 0.973758 0.227588 0
    outer loop
      vertex -23.9515 22.364 0
      vertex -23.9314 22.278 2.5
      vertex -23.9314 22.278 0
    endloop
  endfacet
  facet normal 0.683527 0.729925 -0
    outer loop
      vertex -23.5175 21.6124 0
      vertex -23.582 21.6728 2.5
      vertex -23.5175 21.6124 2.5
    endloop
  endfacet
  facet normal 0.683527 0.729925 0
    outer loop
      vertex -23.582 21.6728 2.5
      vertex -23.5175 21.6124 0
      vertex -23.582 21.6728 0
    endloop
  endfacet
  facet normal -0.881631 -0.471939 0
    outer loop
      vertex -21.4166 23.2245 0
      vertex -21.4583 23.3024 2.5
      vertex -21.4583 23.3024 0
    endloop
  endfacet
  facet normal -0.881631 -0.471939 0
    outer loop
      vertex -21.4583 23.3024 2.5
      vertex -21.4166 23.2245 0
      vertex -21.4166 23.2245 2.5
    endloop
  endfacet
  facet normal 0.634039 -0.773301 0
    outer loop
      vertex -23.5175 23.6424 0
      vertex -23.4492 23.6984 2.5
      vertex -23.5175 23.6424 2.5
    endloop
  endfacet
  facet normal 0.634039 -0.773301 0
    outer loop
      vertex -23.4492 23.6984 2.5
      vertex -23.5175 23.6424 0
      vertex -23.4492 23.6984 0
    endloop
  endfacet
  facet normal 0.471058 -0.882102 0
    outer loop
      vertex -23.3024 23.7966 0
      vertex -23.2245 23.8382 2.5
      vertex -23.3024 23.7966 2.5
    endloop
  endfacet
  facet normal 0.471058 -0.882102 0
    outer loop
      vertex -23.2245 23.8382 2.5
      vertex -23.3024 23.7966 0
      vertex -23.2245 23.8382 0
    endloop
  endfacet
  facet normal -0.582843 -0.812585 0
    outer loop
      vertex -21.8774 23.7499 0
      vertex -21.8056 23.6984 2.5
      vertex -21.8774 23.7499 2.5
    endloop
  endfacet
  facet normal -0.582843 -0.812585 -0
    outer loop
      vertex -21.8056 23.6984 2.5
      vertex -21.8774 23.7499 0
      vertex -21.8056 23.6984 0
    endloop
  endfacet
  facet normal 0.882102 0.471058 0
    outer loop
      vertex -23.7966 21.9524 2.5
      vertex -23.8382 22.0303 0
      vertex -23.8382 22.0303 2.5
    endloop
  endfacet
  facet normal 0.882102 0.471058 0
    outer loop
      vertex -23.8382 22.0303 0
      vertex -23.7966 21.9524 2.5
      vertex -23.7966 21.9524 0
    endloop
  endfacet
  facet normal 0.412011 0.911179 -0
    outer loop
      vertex -23.144 21.3802 0
      vertex -23.2245 21.4166 2.5
      vertex -23.144 21.3802 2.5
    endloop
  endfacet
  facet normal 0.412011 0.911179 0
    outer loop
      vertex -23.2245 21.4166 2.5
      vertex -23.144 21.3802 0
      vertex -23.2245 21.4166 0
    endloop
  endfacet
  facet normal -0.683527 -0.729925 0
    outer loop
      vertex -21.7373 23.6424 0
      vertex -21.6728 23.582 2.5
      vertex -21.7373 23.6424 2.5
    endloop
  endfacet
  facet normal -0.683527 -0.729925 -0
    outer loop
      vertex -21.6728 23.582 2.5
      vertex -21.7373 23.6424 0
      vertex -21.6728 23.582 0
    endloop
  endfacet
  facet normal 0.582843 0.812585 -0
    outer loop
      vertex -23.3774 21.5049 0
      vertex -23.4492 21.5564 2.5
      vertex -23.3774 21.5049 2.5
    endloop
  endfacet
  facet normal 0.582843 0.812585 0
    outer loop
      vertex -23.4492 21.5564 2.5
      vertex -23.3774 21.5049 0
      vertex -23.4492 21.5564 0
    endloop
  endfacet
  facet normal 0.162931 0.986637 -0
    outer loop
      vertex -22.8036 21.289 0
      vertex -22.8908 21.3034 2.5
      vertex -22.8036 21.289 2.5
    endloop
  endfacet
  facet normal 0.162931 0.986637 0
    outer loop
      vertex -22.8908 21.3034 2.5
      vertex -22.8036 21.289 0
      vertex -22.8908 21.3034 0
    endloop
  endfacet
  facet normal -0.582843 0.812585 0
    outer loop
      vertex -21.8056 21.5564 0
      vertex -21.8774 21.5049 2.5
      vertex -21.8056 21.5564 2.5
    endloop
  endfacet
  facet normal -0.582843 0.812585 0
    outer loop
      vertex -21.8774 21.5049 2.5
      vertex -21.8056 21.5564 0
      vertex -21.8774 21.5049 0
    endloop
  endfacet
  facet normal -0.634039 -0.773301 0
    outer loop
      vertex -21.8056 23.6984 0
      vertex -21.7373 23.6424 2.5
      vertex -21.8056 23.6984 2.5
    endloop
  endfacet
  facet normal -0.634039 -0.773301 -0
    outer loop
      vertex -21.7373 23.6424 2.5
      vertex -21.8056 23.6984 0
      vertex -21.7373 23.6424 0
    endloop
  endfacet
  facet normal -0.0328249 -0.999461 0
    outer loop
      vertex -22.6274 23.9774 0
      vertex -22.5391 23.9745 2.5
      vertex -22.6274 23.9774 2.5
    endloop
  endfacet
  facet normal -0.0328249 -0.999461 -0
    outer loop
      vertex -22.5391 23.9745 2.5
      vertex -22.6274 23.9774 0
      vertex -22.5391 23.9745 0
    endloop
  endfacet
  facet normal -0.974008 -0.226513 0
    outer loop
      vertex -21.3034 22.8908 0
      vertex -21.3234 22.9768 2.5
      vertex -21.3234 22.9768 0
    endloop
  endfacet
  facet normal -0.974008 -0.226513 0
    outer loop
      vertex -21.3234 22.9768 2.5
      vertex -21.3034 22.8908 0
      vertex -21.3034 22.8908 2.5
    endloop
  endfacet
  facet normal 0.634039 0.773301 -0
    outer loop
      vertex -23.4492 21.5564 0
      vertex -23.5175 21.6124 2.5
      vertex -23.4492 21.5564 2.5
    endloop
  endfacet
  facet normal 0.634039 0.773301 0
    outer loop
      vertex -23.5175 21.6124 2.5
      vertex -23.4492 21.5564 0
      vertex -23.5175 21.6124 0
    endloop
  endfacet
  facet normal -0.849395 -0.527757 0
    outer loop
      vertex -21.4583 23.3024 0
      vertex -21.5049 23.3774 2.5
      vertex -21.5049 23.3774 0
    endloop
  endfacet
  facet normal -0.849395 -0.527757 0
    outer loop
      vertex -21.5049 23.3774 2.5
      vertex -21.4583 23.3024 0
      vertex -21.4583 23.3024 2.5
    endloop
  endfacet
  facet normal -0.471939 0.881631 0
    outer loop
      vertex -21.9524 21.4583 0
      vertex -22.0303 21.4166 2.5
      vertex -21.9524 21.4583 2.5
    endloop
  endfacet
  facet normal -0.471939 0.881631 0
    outer loop
      vertex -22.0303 21.4166 2.5
      vertex -21.9524 21.4583 0
      vertex -22.0303 21.4166 0
    endloop
  endfacet
  facet normal 0.582843 -0.812585 0
    outer loop
      vertex -23.4492 23.6984 0
      vertex -23.3774 23.7499 2.5
      vertex -23.4492 23.6984 2.5
    endloop
  endfacet
  facet normal 0.582843 -0.812585 0
    outer loop
      vertex -23.3774 23.7499 2.5
      vertex -23.4492 23.6984 0
      vertex -23.3774 23.7499 0
    endloop
  endfacet
  facet normal 0.0328249 -0.999461 0
    outer loop
      vertex -22.7157 23.9745 0
      vertex -22.6274 23.9774 2.5
      vertex -22.7157 23.9745 2.5
    endloop
  endfacet
  facet normal 0.0328249 -0.999461 0
    outer loop
      vertex -22.6274 23.9774 2.5
      vertex -22.7157 23.9745 0
      vertex -22.6274 23.9774 0
    endloop
  endfacet
  facet normal 0.812585 0.582843 0
    outer loop
      vertex -23.6984 21.8056 2.5
      vertex -23.7499 21.8774 0
      vertex -23.7499 21.8774 2.5
    endloop
  endfacet
  facet normal 0.812585 0.582843 0
    outer loop
      vertex -23.7499 21.8774 0
      vertex -23.6984 21.8056 2.5
      vertex -23.6984 21.8056 0
    endloop
  endfacet
  facet normal 0.986637 -0.162931 0
    outer loop
      vertex -23.9659 22.8036 2.5
      vertex -23.9515 22.8908 0
      vertex -23.9515 22.8908 2.5
    endloop
  endfacet
  facet normal 0.986637 -0.162931 0
    outer loop
      vertex -23.9515 22.8908 0
      vertex -23.9659 22.8036 2.5
      vertex -23.9659 22.8036 0
    endloop
  endfacet
  facet normal 0.471939 0.881631 -0
    outer loop
      vertex -23.2245 21.4166 0
      vertex -23.3024 21.4583 2.5
      vertex -23.2245 21.4166 2.5
    endloop
  endfacet
  facet normal 0.471939 0.881631 0
    outer loop
      vertex -23.3024 21.4583 2.5
      vertex -23.2245 21.4166 0
      vertex -23.3024 21.4583 0
    endloop
  endfacet
  facet normal -0.773301 -0.634039 0
    outer loop
      vertex -21.5564 23.4492 0
      vertex -21.6124 23.5175 2.5
      vertex -21.6124 23.5175 0
    endloop
  endfacet
  facet normal -0.773301 -0.634039 0
    outer loop
      vertex -21.6124 23.5175 2.5
      vertex -21.5564 23.4492 0
      vertex -21.5564 23.4492 2.5
    endloop
  endfacet
  facet normal 0.352365 -0.935863 0
    outer loop
      vertex -23.144 23.8747 0
      vertex -23.0614 23.9058 2.5
      vertex -23.144 23.8747 2.5
    endloop
  endfacet
  facet normal 0.352365 -0.935863 0
    outer loop
      vertex -23.0614 23.9058 2.5
      vertex -23.144 23.8747 0
      vertex -23.0614 23.9058 0
    endloop
  endfacet
  facet normal -0.729925 -0.683527 0
    outer loop
      vertex -21.6124 23.5175 0
      vertex -21.6728 23.582 2.5
      vertex -21.6728 23.582 0
    endloop
  endfacet
  facet normal -0.729925 -0.683527 0
    outer loop
      vertex -21.6728 23.582 2.5
      vertex -21.6124 23.5175 0
      vertex -21.6124 23.5175 2.5
    endloop
  endfacet
  facet normal 0.957139 -0.289631 0
    outer loop
      vertex -23.9314 22.9768 2.5
      vertex -23.9058 23.0614 0
      vertex -23.9058 23.0614 2.5
    endloop
  endfacet
  facet normal 0.957139 -0.289631 0
    outer loop
      vertex -23.9058 23.0614 0
      vertex -23.9314 22.9768 2.5
      vertex -23.9314 22.9768 0
    endloop
  endfacet
  facet normal 0.986637 0.162931 0
    outer loop
      vertex -23.9515 22.364 2.5
      vertex -23.9659 22.4512 0
      vertex -23.9659 22.4512 2.5
    endloop
  endfacet
  facet normal 0.986637 0.162931 0
    outer loop
      vertex -23.9659 22.4512 0
      vertex -23.9515 22.364 2.5
      vertex -23.9515 22.364 0
    endloop
  endfacet
  facet normal -0.289945 -0.957043 0
    outer loop
      vertex -22.278 23.9314 0
      vertex -22.1935 23.9058 2.5
      vertex -22.278 23.9314 2.5
    endloop
  endfacet
  facet normal -0.289945 -0.957043 -0
    outer loop
      vertex -22.1935 23.9058 2.5
      vertex -22.278 23.9314 0
      vertex -22.1935 23.9058 0
    endloop
  endfacet
  facet normal -0.911179 -0.412011 0
    outer loop
      vertex -21.3802 23.144 0
      vertex -21.4166 23.2245 2.5
      vertex -21.4166 23.2245 0
    endloop
  endfacet
  facet normal -0.911179 -0.412011 0
    outer loop
      vertex -21.4166 23.2245 2.5
      vertex -21.3802 23.144 0
      vertex -21.3802 23.144 2.5
    endloop
  endfacet
  facet normal 0.41295 -0.910754 0
    outer loop
      vertex -23.2245 23.8382 0
      vertex -23.144 23.8747 2.5
      vertex -23.2245 23.8382 2.5
    endloop
  endfacet
  facet normal 0.41295 -0.910754 0
    outer loop
      vertex -23.144 23.8747 2.5
      vertex -23.2245 23.8382 0
      vertex -23.144 23.8747 0
    endloop
  endfacet
  facet normal -0.683527 0.729925 0
    outer loop
      vertex -21.6728 21.6728 0
      vertex -21.7373 21.6124 2.5
      vertex -21.6728 21.6728 2.5
    endloop
  endfacet
  facet normal -0.683527 0.729925 0
    outer loop
      vertex -21.7373 21.6124 2.5
      vertex -21.6728 21.6728 0
      vertex -21.7373 21.6124 0
    endloop
  endfacet
  facet normal -0.527757 0.849395 0
    outer loop
      vertex -21.8774 21.5049 0
      vertex -21.9524 21.4583 2.5
      vertex -21.8774 21.5049 2.5
    endloop
  endfacet
  facet normal -0.527757 0.849395 0
    outer loop
      vertex -21.9524 21.4583 2.5
      vertex -21.8774 21.5049 0
      vertex -21.9524 21.4583 0
    endloop
  endfacet
  facet normal -0.41295 -0.910754 0
    outer loop
      vertex -22.1108 23.8747 0
      vertex -22.0303 23.8382 2.5
      vertex -22.1108 23.8747 2.5
    endloop
  endfacet
  facet normal -0.41295 -0.910754 -0
    outer loop
      vertex -22.0303 23.8382 2.5
      vertex -22.1108 23.8747 0
      vertex -22.0303 23.8382 0
    endloop
  endfacet
  facet normal -0.351992 -0.936003 0
    outer loop
      vertex -22.1935 23.9058 0
      vertex -22.1108 23.8747 2.5
      vertex -22.1935 23.9058 2.5
    endloop
  endfacet
  facet normal -0.351992 -0.936003 -0
    outer loop
      vertex -22.1108 23.8747 2.5
      vertex -22.1935 23.9058 0
      vertex -22.1108 23.8747 0
    endloop
  endfacet
  facet normal 0.227588 -0.973758 0
    outer loop
      vertex -22.9768 23.9314 0
      vertex -22.8908 23.9515 2.5
      vertex -22.9768 23.9314 2.5
    endloop
  endfacet
  facet normal 0.227588 -0.973758 0
    outer loop
      vertex -22.8908 23.9515 2.5
      vertex -22.9768 23.9314 0
      vertex -22.8908 23.9515 0
    endloop
  endfacet
  facet normal 0.162931 -0.986637 0
    outer loop
      vertex -22.8908 23.9515 0
      vertex -22.8036 23.9659 2.5
      vertex -22.8908 23.9515 2.5
    endloop
  endfacet
  facet normal 0.162931 -0.986637 0
    outer loop
      vertex -22.8036 23.9659 2.5
      vertex -22.8908 23.9515 0
      vertex -22.8036 23.9659 0
    endloop
  endfacet
  facet normal -0.729925 0.683527 0
    outer loop
      vertex -21.6728 21.6728 0
      vertex -21.6124 21.7373 2.5
      vertex -21.6124 21.7373 0
    endloop
  endfacet
  facet normal -0.729925 0.683527 0
    outer loop
      vertex -21.6124 21.7373 2.5
      vertex -21.6728 21.6728 0
      vertex -21.6728 21.6728 2.5
    endloop
  endfacet
  facet normal 0.773301 0.634039 0
    outer loop
      vertex -23.6424 21.7373 2.5
      vertex -23.6984 21.8056 0
      vertex -23.6984 21.8056 2.5
    endloop
  endfacet
  facet normal 0.773301 0.634039 0
    outer loop
      vertex -23.6984 21.8056 0
      vertex -23.6424 21.7373 2.5
      vertex -23.6424 21.7373 0
    endloop
  endfacet
  facet normal -0.0984948 0.995138 0
    outer loop
      vertex -22.4512 21.289 0
      vertex -22.5391 21.2803 2.5
      vertex -22.4512 21.289 2.5
    endloop
  endfacet
  facet normal -0.0984948 0.995138 0
    outer loop
      vertex -22.5391 21.2803 2.5
      vertex -22.4512 21.289 0
      vertex -22.5391 21.2803 0
    endloop
  endfacet
  facet normal -0.995138 -0.0984948 0
    outer loop
      vertex -21.2803 22.7157 0
      vertex -21.289 22.8036 2.5
      vertex -21.289 22.8036 0
    endloop
  endfacet
  facet normal -0.995138 -0.0984948 0
    outer loop
      vertex -21.289 22.8036 2.5
      vertex -21.2803 22.7157 0
      vertex -21.2803 22.7157 2.5
    endloop
  endfacet
  facet normal -0.986637 -0.162931 0
    outer loop
      vertex -21.289 22.8036 0
      vertex -21.3034 22.8908 2.5
      vertex -21.3034 22.8908 0
    endloop
  endfacet
  facet normal -0.986637 -0.162931 0
    outer loop
      vertex -21.3034 22.8908 2.5
      vertex -21.289 22.8036 0
      vertex -21.289 22.8036 2.5
    endloop
  endfacet
  facet normal -0.471058 -0.882102 0
    outer loop
      vertex -22.0303 23.8382 0
      vertex -21.9524 23.7966 2.5
      vertex -22.0303 23.8382 2.5
    endloop
  endfacet
  facet normal -0.471058 -0.882102 -0
    outer loop
      vertex -21.9524 23.7966 2.5
      vertex -22.0303 23.8382 0
      vertex -21.9524 23.7966 0
    endloop
  endfacet
  facet normal 0.352365 0.935863 -0
    outer loop
      vertex -23.0614 21.3491 0
      vertex -23.144 21.3802 2.5
      vertex -23.0614 21.3491 2.5
    endloop
  endfacet
  facet normal 0.352365 0.935863 0
    outer loop
      vertex -23.144 21.3802 2.5
      vertex -23.0614 21.3491 0
      vertex -23.144 21.3802 0
    endloop
  endfacet
  facet normal 0.527757 0.849395 -0
    outer loop
      vertex -23.3024 21.4583 0
      vertex -23.3774 21.5049 2.5
      vertex -23.3024 21.4583 2.5
    endloop
  endfacet
  facet normal 0.527757 0.849395 0
    outer loop
      vertex -23.3774 21.5049 2.5
      vertex -23.3024 21.4583 0
      vertex -23.3774 21.5049 0
    endloop
  endfacet
  facet normal 0.882102 -0.471058 0
    outer loop
      vertex -23.8382 23.2245 2.5
      vertex -23.7966 23.3024 0
      vertex -23.7966 23.3024 2.5
    endloop
  endfacet
  facet normal 0.882102 -0.471058 0
    outer loop
      vertex -23.7966 23.3024 0
      vertex -23.8382 23.2245 2.5
      vertex -23.8382 23.2245 0
    endloop
  endfacet
  facet normal 0.999461 0.0328249 0
    outer loop
      vertex -23.9745 22.5391 2.5
      vertex -23.9774 22.6274 0
      vertex -23.9774 22.6274 2.5
    endloop
  endfacet
  facet normal 0.999461 0.0328249 0
    outer loop
      vertex -23.9774 22.6274 0
      vertex -23.9745 22.5391 2.5
      vertex -23.9745 22.5391 0
    endloop
  endfacet
  facet normal -0.634039 0.773301 0
    outer loop
      vertex -21.7373 21.6124 0
      vertex -21.8056 21.5564 2.5
      vertex -21.7373 21.6124 2.5
    endloop
  endfacet
  facet normal -0.634039 0.773301 0
    outer loop
      vertex -21.8056 21.5564 2.5
      vertex -21.7373 21.6124 0
      vertex -21.8056 21.5564 0
    endloop
  endfacet
  facet normal 0.936003 0.351992 0
    outer loop
      vertex -23.8747 22.1108 2.5
      vertex -23.9058 22.1935 0
      vertex -23.9058 22.1935 2.5
    endloop
  endfacet
  facet normal 0.936003 0.351992 0
    outer loop
      vertex -23.9058 22.1935 0
      vertex -23.8747 22.1108 2.5
      vertex -23.8747 22.1108 0
    endloop
  endfacet
  facet normal -0.986637 0.162931 0
    outer loop
      vertex -21.3034 22.364 0
      vertex -21.289 22.4512 2.5
      vertex -21.289 22.4512 0
    endloop
  endfacet
  facet normal -0.986637 0.162931 0
    outer loop
      vertex -21.289 22.4512 2.5
      vertex -21.3034 22.364 0
      vertex -21.3034 22.364 2.5
    endloop
  endfacet
  facet normal -0.881631 0.471939 0
    outer loop
      vertex -21.4583 21.9524 0
      vertex -21.4166 22.0303 2.5
      vertex -21.4166 22.0303 0
    endloop
  endfacet
  facet normal -0.881631 0.471939 0
    outer loop
      vertex -21.4166 22.0303 2.5
      vertex -21.4583 21.9524 0
      vertex -21.4583 21.9524 2.5
    endloop
  endfacet
  facet normal -0.935863 -0.352365 0
    outer loop
      vertex -21.3491 23.0614 0
      vertex -21.3802 23.144 2.5
      vertex -21.3802 23.144 0
    endloop
  endfacet
  facet normal -0.935863 -0.352365 0
    outer loop
      vertex -21.3802 23.144 2.5
      vertex -21.3491 23.0614 0
      vertex -21.3491 23.0614 2.5
    endloop
  endfacet
  facet normal -0.412011 0.911179 0
    outer loop
      vertex -22.0303 21.4166 0
      vertex -22.1108 21.3802 2.5
      vertex -22.0303 21.4166 2.5
    endloop
  endfacet
  facet normal -0.412011 0.911179 0
    outer loop
      vertex -22.1108 21.3802 2.5
      vertex -22.0303 21.4166 0
      vertex -22.1108 21.3802 0
    endloop
  endfacet
  facet normal 0.848887 -0.528574 0
    outer loop
      vertex -23.7966 23.3024 2.5
      vertex -23.7499 23.3774 0
      vertex -23.7499 23.3774 2.5
    endloop
  endfacet
  facet normal 0.848887 -0.528574 0
    outer loop
      vertex -23.7499 23.3774 0
      vertex -23.7966 23.3024 2.5
      vertex -23.7966 23.3024 0
    endloop
  endfacet
  facet normal -0.956824 -0.290667 0
    outer loop
      vertex -21.3234 22.9768 0
      vertex -21.3491 23.0614 2.5
      vertex -21.3491 23.0614 0
    endloop
  endfacet
  facet normal -0.956824 -0.290667 0
    outer loop
      vertex -21.3491 23.0614 2.5
      vertex -21.3234 22.9768 0
      vertex -21.3234 22.9768 2.5
    endloop
  endfacet
  facet normal -0.773301 0.634039 0
    outer loop
      vertex -21.6124 21.7373 0
      vertex -21.5564 21.8056 2.5
      vertex -21.5564 21.8056 0
    endloop
  endfacet
  facet normal -0.773301 0.634039 0
    outer loop
      vertex -21.5564 21.8056 2.5
      vertex -21.6124 21.7373 0
      vertex -21.6124 21.7373 2.5
    endloop
  endfacet
  facet normal 0.957043 0.289945 0
    outer loop
      vertex -23.9058 22.1935 2.5
      vertex -23.9314 22.278 0
      vertex -23.9314 22.278 2.5
    endloop
  endfacet
  facet normal 0.957043 0.289945 0
    outer loop
      vertex -23.9314 22.278 0
      vertex -23.9058 22.1935 2.5
      vertex -23.9058 22.1935 0
    endloop
  endfacet
  facet normal -0.351992 0.936003 0
    outer loop
      vertex -22.1108 21.3802 0
      vertex -22.1935 21.3491 2.5
      vertex -22.1108 21.3802 2.5
    endloop
  endfacet
  facet normal -0.351992 0.936003 0
    outer loop
      vertex -22.1935 21.3491 2.5
      vertex -22.1108 21.3802 0
      vertex -22.1935 21.3491 0
    endloop
  endfacet
  facet normal -0.162931 0.986637 0
    outer loop
      vertex -22.364 21.3034 0
      vertex -22.4512 21.289 2.5
      vertex -22.364 21.3034 2.5
    endloop
  endfacet
  facet normal -0.162931 0.986637 0
    outer loop
      vertex -22.4512 21.289 2.5
      vertex -22.364 21.3034 0
      vertex -22.4512 21.289 0
    endloop
  endfacet
  facet normal -0.0328249 0.999461 0
    outer loop
      vertex -22.5391 21.2803 0
      vertex -22.6274 21.2774 2.5
      vertex -22.5391 21.2803 2.5
    endloop
  endfacet
  facet normal -0.0328249 0.999461 0
    outer loop
      vertex -22.6274 21.2774 2.5
      vertex -22.5391 21.2803 0
      vertex -22.6274 21.2774 0
    endloop
  endfacet
  facet normal -0.0973735 -0.995248 0
    outer loop
      vertex -22.5391 23.9745 0
      vertex -22.4512 23.9659 2.5
      vertex -22.5391 23.9745 2.5
    endloop
  endfacet
  facet normal -0.0973735 -0.995248 -0
    outer loop
      vertex -22.4512 23.9659 2.5
      vertex -22.5391 23.9745 0
      vertex -22.4512 23.9659 0
    endloop
  endfacet
  facet normal -0.956729 0.290981 0
    outer loop
      vertex -21.3491 22.1935 0
      vertex -21.3234 22.278 2.5
      vertex -21.3234 22.278 0
    endloop
  endfacet
  facet normal -0.956729 0.290981 0
    outer loop
      vertex -21.3234 22.278 2.5
      vertex -21.3491 22.1935 0
      vertex -21.3491 22.1935 2.5
    endloop
  endfacet
  facet normal 0.910754 -0.41295 0
    outer loop
      vertex -23.8747 23.144 2.5
      vertex -23.8382 23.2245 0
      vertex -23.8382 23.2245 2.5
    endloop
  endfacet
  facet normal 0.910754 -0.41295 0
    outer loop
      vertex -23.8382 23.2245 0
      vertex -23.8747 23.144 2.5
      vertex -23.8747 23.144 0
    endloop
  endfacet
  facet normal 0.0328249 0.999461 -0
    outer loop
      vertex -22.6274 21.2774 0
      vertex -22.7157 21.2803 2.5
      vertex -22.6274 21.2774 2.5
    endloop
  endfacet
  facet normal 0.0328249 0.999461 0
    outer loop
      vertex -22.7157 21.2803 2.5
      vertex -22.6274 21.2774 0
      vertex -22.7157 21.2803 0
    endloop
  endfacet
  facet normal -0.849395 0.527757 0
    outer loop
      vertex -21.5049 21.8774 0
      vertex -21.4583 21.9524 2.5
      vertex -21.4583 21.9524 0
    endloop
  endfacet
  facet normal -0.849395 0.527757 0
    outer loop
      vertex -21.4583 21.9524 2.5
      vertex -21.5049 21.8774 0
      vertex -21.5049 21.8774 2.5
    endloop
  endfacet
  facet normal 0.910754 0.41295 0
    outer loop
      vertex -23.8382 22.0303 2.5
      vertex -23.8747 22.1108 0
      vertex -23.8747 22.1108 2.5
    endloop
  endfacet
  facet normal 0.910754 0.41295 0
    outer loop
      vertex -23.8747 22.1108 0
      vertex -23.8382 22.0303 2.5
      vertex -23.8382 22.0303 0
    endloop
  endfacet
  facet normal 0.999461 -0.0328249 0
    outer loop
      vertex -23.9774 22.6274 2.5
      vertex -23.9745 22.7157 0
      vertex -23.9745 22.7157 2.5
    endloop
  endfacet
  facet normal 0.999461 -0.0328249 0
    outer loop
      vertex -23.9745 22.7157 0
      vertex -23.9774 22.6274 2.5
      vertex -23.9774 22.6274 0
    endloop
  endfacet
  facet normal 0.0973735 -0.995248 0
    outer loop
      vertex -22.8036 23.9659 0
      vertex -22.7157 23.9745 2.5
      vertex -22.8036 23.9659 2.5
    endloop
  endfacet
  facet normal 0.0973735 -0.995248 0
    outer loop
      vertex -22.7157 23.9745 2.5
      vertex -22.8036 23.9659 0
      vertex -22.7157 23.9745 0
    endloop
  endfacet
  facet normal 0.528574 -0.848887 0
    outer loop
      vertex -23.3774 23.7499 0
      vertex -23.3024 23.7966 2.5
      vertex -23.3774 23.7499 2.5
    endloop
  endfacet
  facet normal 0.528574 -0.848887 0
    outer loop
      vertex -23.3024 23.7966 2.5
      vertex -23.3774 23.7499 0
      vertex -23.3024 23.7966 0
    endloop
  endfacet
  facet normal -0.995138 0.0984948 0
    outer loop
      vertex -21.289 22.4512 0
      vertex -21.2803 22.5391 2.5
      vertex -21.2803 22.5391 0
    endloop
  endfacet
  facet normal -0.995138 0.0984948 0
    outer loop
      vertex -21.2803 22.5391 2.5
      vertex -21.289 22.4512 0
      vertex -21.289 22.4512 2.5
    endloop
  endfacet
  facet normal 0.848887 0.528574 0
    outer loop
      vertex -23.7499 21.8774 2.5
      vertex -23.7966 21.9524 0
      vertex -23.7966 21.9524 2.5
    endloop
  endfacet
  facet normal 0.848887 0.528574 0
    outer loop
      vertex -23.7966 21.9524 0
      vertex -23.7499 21.8774 2.5
      vertex -23.7499 21.8774 0
    endloop
  endfacet
  facet normal 0.290667 0.956824 -0
    outer loop
      vertex -22.9768 21.3234 0
      vertex -23.0614 21.3491 2.5
      vertex -22.9768 21.3234 2.5
    endloop
  endfacet
  facet normal 0.290667 0.956824 0
    outer loop
      vertex -23.0614 21.3491 2.5
      vertex -22.9768 21.3234 0
      vertex -23.0614 21.3491 0
    endloop
  endfacet
  facet normal 0.973758 -0.227588 0
    outer loop
      vertex -23.9515 22.8908 2.5
      vertex -23.9314 22.9768 0
      vertex -23.9314 22.9768 2.5
    endloop
  endfacet
  facet normal 0.973758 -0.227588 0
    outer loop
      vertex -23.9314 22.9768 0
      vertex -23.9515 22.8908 2.5
      vertex -23.9515 22.8908 0
    endloop
  endfacet
  facet normal 0.289631 -0.957139 0
    outer loop
      vertex -23.0614 23.9058 0
      vertex -22.9768 23.9314 2.5
      vertex -23.0614 23.9058 2.5
    endloop
  endfacet
  facet normal 0.289631 -0.957139 0
    outer loop
      vertex -22.9768 23.9314 2.5
      vertex -23.0614 23.9058 0
      vertex -22.9768 23.9314 0
    endloop
  endfacet
  facet normal 0.683527 -0.729925 0
    outer loop
      vertex -23.582 23.582 0
      vertex -23.5175 23.6424 2.5
      vertex -23.582 23.582 2.5
    endloop
  endfacet
  facet normal 0.683527 -0.729925 0
    outer loop
      vertex -23.5175 23.6424 2.5
      vertex -23.582 23.582 0
      vertex -23.5175 23.6424 0
    endloop
  endfacet
  facet normal -0.911179 0.412011 0
    outer loop
      vertex -21.4166 22.0303 0
      vertex -21.3802 22.1108 2.5
      vertex -21.3802 22.1108 0
    endloop
  endfacet
  facet normal -0.911179 0.412011 0
    outer loop
      vertex -21.3802 22.1108 2.5
      vertex -21.4166 22.0303 0
      vertex -21.4166 22.0303 2.5
    endloop
  endfacet
  facet normal 0.995248 -0.0973735 0
    outer loop
      vertex -23.9745 22.7157 2.5
      vertex -23.9659 22.8036 0
      vertex -23.9659 22.8036 2.5
    endloop
  endfacet
  facet normal 0.995248 -0.0973735 0
    outer loop
      vertex -23.9659 22.8036 0
      vertex -23.9745 22.7157 2.5
      vertex -23.9745 22.7157 0
    endloop
  endfacet
  facet normal 0.773301 -0.634039 0
    outer loop
      vertex -23.6984 23.4492 2.5
      vertex -23.6424 23.5175 0
      vertex -23.6424 23.5175 2.5
    endloop
  endfacet
  facet normal 0.773301 -0.634039 0
    outer loop
      vertex -23.6424 23.5175 0
      vertex -23.6984 23.4492 2.5
      vertex -23.6984 23.4492 0
    endloop
  endfacet
  facet normal 0.729925 -0.683527 0
    outer loop
      vertex -23.6424 23.5175 2.5
      vertex -23.582 23.582 0
      vertex -23.582 23.582 2.5
    endloop
  endfacet
  facet normal 0.729925 -0.683527 0
    outer loop
      vertex -23.582 23.582 0
      vertex -23.6424 23.5175 2.5
      vertex -23.6424 23.5175 0
    endloop
  endfacet
  facet normal -0.226513 0.974008 0
    outer loop
      vertex -22.278 21.3234 0
      vertex -22.364 21.3034 2.5
      vertex -22.278 21.3234 2.5
    endloop
  endfacet
  facet normal -0.226513 0.974008 0
    outer loop
      vertex -22.364 21.3034 2.5
      vertex -22.278 21.3234 0
      vertex -22.364 21.3034 0
    endloop
  endfacet
  facet normal 0.995248 0.0973735 0
    outer loop
      vertex -23.9659 22.4512 2.5
      vertex -23.9745 22.5391 0
      vertex -23.9745 22.5391 2.5
    endloop
  endfacet
  facet normal 0.995248 0.0973735 0
    outer loop
      vertex -23.9745 22.5391 0
      vertex -23.9659 22.4512 2.5
      vertex -23.9659 22.4512 0
    endloop
  endfacet
  facet normal 0.729925 0.683527 0
    outer loop
      vertex -23.582 21.6728 2.5
      vertex -23.6424 21.7373 0
      vertex -23.6424 21.7373 2.5
    endloop
  endfacet
  facet normal 0.729925 0.683527 0
    outer loop
      vertex -23.6424 21.7373 0
      vertex -23.582 21.6728 2.5
      vertex -23.582 21.6728 0
    endloop
  endfacet
  facet normal -0.812585 0.582843 0
    outer loop
      vertex -21.5564 21.8056 0
      vertex -21.5049 21.8774 2.5
      vertex -21.5049 21.8774 0
    endloop
  endfacet
  facet normal -0.812585 0.582843 0
    outer loop
      vertex -21.5049 21.8774 2.5
      vertex -21.5564 21.8056 0
      vertex -21.5564 21.8056 2.5
    endloop
  endfacet
  facet normal -0.812585 -0.582843 0
    outer loop
      vertex -21.5049 23.3774 0
      vertex -21.5564 23.4492 2.5
      vertex -21.5564 23.4492 0
    endloop
  endfacet
  facet normal -0.812585 -0.582843 0
    outer loop
      vertex -21.5564 23.4492 2.5
      vertex -21.5049 23.3774 0
      vertex -21.5049 23.3774 2.5
    endloop
  endfacet
  facet normal -0.162931 -0.986637 0
    outer loop
      vertex -22.4512 23.9659 0
      vertex -22.364 23.9515 2.5
      vertex -22.4512 23.9659 2.5
    endloop
  endfacet
  facet normal -0.162931 -0.986637 -0
    outer loop
      vertex -22.364 23.9515 2.5
      vertex -22.4512 23.9659 0
      vertex -22.364 23.9515 0
    endloop
  endfacet
  facet normal 0.812585 -0.582843 0
    outer loop
      vertex -23.7499 23.3774 2.5
      vertex -23.6984 23.4492 0
      vertex -23.6984 23.4492 2.5
    endloop
  endfacet
  facet normal 0.812585 -0.582843 0
    outer loop
      vertex -23.6984 23.4492 0
      vertex -23.7499 23.3774 2.5
      vertex -23.7499 23.3774 0
    endloop
  endfacet
  facet normal -0.974008 0.226513 0
    outer loop
      vertex -21.3234 22.278 0
      vertex -21.3034 22.364 2.5
      vertex -21.3034 22.364 0
    endloop
  endfacet
  facet normal -0.974008 0.226513 0
    outer loop
      vertex -21.3034 22.364 2.5
      vertex -21.3234 22.278 0
      vertex -21.3234 22.278 2.5
    endloop
  endfacet
  facet normal 0.0984948 0.995138 -0
    outer loop
      vertex -22.7157 21.2803 0
      vertex -22.8036 21.289 2.5
      vertex -22.7157 21.2803 2.5
    endloop
  endfacet
  facet normal 0.0984948 0.995138 0
    outer loop
      vertex -22.8036 21.289 2.5
      vertex -22.7157 21.2803 0
      vertex -22.8036 21.289 0
    endloop
  endfacet
  facet normal 0.935863 -0.352365 0
    outer loop
      vertex -23.9058 23.0614 2.5
      vertex -23.8747 23.144 0
      vertex -23.8747 23.144 2.5
    endloop
  endfacet
  facet normal 0.935863 -0.352365 0
    outer loop
      vertex -23.8747 23.144 0
      vertex -23.9058 23.0614 2.5
      vertex -23.9058 23.0614 0
    endloop
  endfacet
  facet normal -0.936003 0.351992 0
    outer loop
      vertex -21.3802 22.1108 0
      vertex -21.3491 22.1935 2.5
      vertex -21.3491 22.1935 0
    endloop
  endfacet
  facet normal -0.936003 0.351992 0
    outer loop
      vertex -21.3491 22.1935 2.5
      vertex -21.3802 22.1108 0
      vertex -21.3802 22.1108 2.5
    endloop
  endfacet
  facet normal -0.227588 -0.973758 0
    outer loop
      vertex -22.364 23.9515 0
      vertex -22.278 23.9314 2.5
      vertex -22.364 23.9515 2.5
    endloop
  endfacet
  facet normal -0.227588 -0.973758 -0
    outer loop
      vertex -22.278 23.9314 2.5
      vertex -22.364 23.9515 0
      vertex -22.278 23.9314 0
    endloop
  endfacet
  facet normal -0.995138 -0.0984948 0
    outer loop
      vertex -21.2803 -22.5391 0
      vertex -21.289 -22.4512 2.5
      vertex -21.289 -22.4512 0
    endloop
  endfacet
  facet normal -0.995138 -0.0984948 0
    outer loop
      vertex -21.289 -22.4512 2.5
      vertex -21.2803 -22.5391 0
      vertex -21.2803 -22.5391 2.5
    endloop
  endfacet
  facet normal -0.999461 -0.0328249 0
    outer loop
      vertex -21.2774 -22.6274 0
      vertex -21.2803 -22.5391 2.5
      vertex -21.2803 -22.5391 0
    endloop
  endfacet
  facet normal -0.999461 -0.0328249 0
    outer loop
      vertex -21.2803 -22.5391 2.5
      vertex -21.2774 -22.6274 0
      vertex -21.2774 -22.6274 2.5
    endloop
  endfacet
  facet normal -0.986637 -0.162931 0
    outer loop
      vertex -21.289 -22.4512 0
      vertex -21.3034 -22.364 2.5
      vertex -21.3034 -22.364 0
    endloop
  endfacet
  facet normal -0.986637 -0.162931 0
    outer loop
      vertex -21.3034 -22.364 2.5
      vertex -21.289 -22.4512 0
      vertex -21.289 -22.4512 2.5
    endloop
  endfacet
  facet normal 0.812585 0.582843 0
    outer loop
      vertex -23.6984 -23.4492 2.5
      vertex -23.7499 -23.3774 0
      vertex -23.7499 -23.3774 2.5
    endloop
  endfacet
  facet normal 0.812585 0.582843 0
    outer loop
      vertex -23.7499 -23.3774 0
      vertex -23.6984 -23.4492 2.5
      vertex -23.6984 -23.4492 0
    endloop
  endfacet
  facet normal 0.0984948 -0.995138 0
    outer loop
      vertex -22.8036 -21.289 0
      vertex -22.7157 -21.2803 2.5
      vertex -22.8036 -21.289 2.5
    endloop
  endfacet
  facet normal 0.0984948 -0.995138 0
    outer loop
      vertex -22.7157 -21.2803 2.5
      vertex -22.8036 -21.289 0
      vertex -22.7157 -21.2803 0
    endloop
  endfacet
  facet normal -0.582843 0.812585 0
    outer loop
      vertex -21.8056 -23.6984 0
      vertex -21.8774 -23.7499 2.5
      vertex -21.8056 -23.6984 2.5
    endloop
  endfacet
  facet normal -0.582843 0.812585 0
    outer loop
      vertex -21.8774 -23.7499 2.5
      vertex -21.8056 -23.6984 0
      vertex -21.8774 -23.7499 0
    endloop
  endfacet
  facet normal 0.957139 0.289631 0
    outer loop
      vertex -23.9058 -23.0614 2.5
      vertex -23.9314 -22.9768 0
      vertex -23.9314 -22.9768 2.5
    endloop
  endfacet
  facet normal 0.957139 0.289631 0
    outer loop
      vertex -23.9314 -22.9768 0
      vertex -23.9058 -23.0614 2.5
      vertex -23.9058 -23.0614 0
    endloop
  endfacet
  facet normal -0.936003 -0.351992 0
    outer loop
      vertex -21.3491 -22.1935 0
      vertex -21.3802 -22.1108 2.5
      vertex -21.3802 -22.1108 0
    endloop
  endfacet
  facet normal -0.936003 -0.351992 0
    outer loop
      vertex -21.3802 -22.1108 2.5
      vertex -21.3491 -22.1935 0
      vertex -21.3491 -22.1935 2.5
    endloop
  endfacet
  facet normal -0.974008 -0.226513 0
    outer loop
      vertex -21.3034 -22.364 0
      vertex -21.3234 -22.278 2.5
      vertex -21.3234 -22.278 0
    endloop
  endfacet
  facet normal -0.974008 -0.226513 0
    outer loop
      vertex -21.3234 -22.278 2.5
      vertex -21.3034 -22.364 0
      vertex -21.3034 -22.364 2.5
    endloop
  endfacet
  facet normal -0.974008 0.226513 0
    outer loop
      vertex -21.3234 -22.9768 0
      vertex -21.3034 -22.8908 2.5
      vertex -21.3034 -22.8908 0
    endloop
  endfacet
  facet normal -0.974008 0.226513 0
    outer loop
      vertex -21.3034 -22.8908 2.5
      vertex -21.3234 -22.9768 0
      vertex -21.3234 -22.9768 2.5
    endloop
  endfacet
  facet normal -0.0328249 -0.999461 0
    outer loop
      vertex -22.6274 -21.2774 0
      vertex -22.5391 -21.2803 2.5
      vertex -22.6274 -21.2774 2.5
    endloop
  endfacet
  facet normal -0.0328249 -0.999461 -0
    outer loop
      vertex -22.5391 -21.2803 2.5
      vertex -22.6274 -21.2774 0
      vertex -22.5391 -21.2803 0
    endloop
  endfacet
  facet normal -0.0328249 0.999461 0
    outer loop
      vertex -22.5391 -23.9745 0
      vertex -22.6274 -23.9774 2.5
      vertex -22.5391 -23.9745 2.5
    endloop
  endfacet
  facet normal -0.0328249 0.999461 0
    outer loop
      vertex -22.6274 -23.9774 2.5
      vertex -22.5391 -23.9745 0
      vertex -22.6274 -23.9774 0
    endloop
  endfacet
  facet normal -0.527757 -0.849395 0
    outer loop
      vertex -21.9524 -21.4583 0
      vertex -21.8774 -21.5049 2.5
      vertex -21.9524 -21.4583 2.5
    endloop
  endfacet
  facet normal -0.527757 -0.849395 -0
    outer loop
      vertex -21.8774 -21.5049 2.5
      vertex -21.9524 -21.4583 0
      vertex -21.8774 -21.5049 0
    endloop
  endfacet
  facet normal 0.412011 -0.911179 0
    outer loop
      vertex -23.2245 -21.4166 0
      vertex -23.144 -21.3802 2.5
      vertex -23.2245 -21.4166 2.5
    endloop
  endfacet
  facet normal 0.412011 -0.911179 0
    outer loop
      vertex -23.144 -21.3802 2.5
      vertex -23.2245 -21.4166 0
      vertex -23.144 -21.3802 0
    endloop
  endfacet
  facet normal -0.351992 -0.936003 0
    outer loop
      vertex -22.1935 -21.3491 0
      vertex -22.1108 -21.3802 2.5
      vertex -22.1935 -21.3491 2.5
    endloop
  endfacet
  facet normal -0.351992 -0.936003 -0
    outer loop
      vertex -22.1108 -21.3802 2.5
      vertex -22.1935 -21.3491 0
      vertex -22.1108 -21.3802 0
    endloop
  endfacet
  facet normal 0.995248 -0.0973735 0
    outer loop
      vertex -23.9745 -22.5391 2.5
      vertex -23.9659 -22.4512 0
      vertex -23.9659 -22.4512 2.5
    endloop
  endfacet
  facet normal 0.995248 -0.0973735 0
    outer loop
      vertex -23.9659 -22.4512 0
      vertex -23.9745 -22.5391 2.5
      vertex -23.9745 -22.5391 0
    endloop
  endfacet
  facet normal 0.226513 -0.974008 0
    outer loop
      vertex -22.9768 -21.3234 0
      vertex -22.8908 -21.3034 2.5
      vertex -22.9768 -21.3234 2.5
    endloop
  endfacet
  facet normal 0.226513 -0.974008 0
    outer loop
      vertex -22.8908 -21.3034 2.5
      vertex -22.9768 -21.3234 0
      vertex -22.8908 -21.3034 0
    endloop
  endfacet
  facet normal -0.290981 -0.956729 0
    outer loop
      vertex -22.278 -21.3234 0
      vertex -22.1935 -21.3491 2.5
      vertex -22.278 -21.3234 2.5
    endloop
  endfacet
  facet normal -0.290981 -0.956729 -0
    outer loop
      vertex -22.1935 -21.3491 2.5
      vertex -22.278 -21.3234 0
      vertex -22.1935 -21.3491 0
    endloop
  endfacet
  facet normal -0.986637 0.162931 0
    outer loop
      vertex -21.3034 -22.8908 0
      vertex -21.289 -22.8036 2.5
      vertex -21.289 -22.8036 0
    endloop
  endfacet
  facet normal -0.986637 0.162931 0
    outer loop
      vertex -21.289 -22.8036 2.5
      vertex -21.3034 -22.8908 0
      vertex -21.3034 -22.8908 2.5
    endloop
  endfacet
  facet normal -0.683527 0.729925 0
    outer loop
      vertex -21.6728 -23.582 0
      vertex -21.7373 -23.6424 2.5
      vertex -21.6728 -23.582 2.5
    endloop
  endfacet
  facet normal -0.683527 0.729925 0
    outer loop
      vertex -21.7373 -23.6424 2.5
      vertex -21.6728 -23.582 0
      vertex -21.7373 -23.6424 0
    endloop
  endfacet
  facet normal -0.812585 -0.582843 0
    outer loop
      vertex -21.5049 -21.8774 0
      vertex -21.5564 -21.8056 2.5
      vertex -21.5564 -21.8056 0
    endloop
  endfacet
  facet normal -0.812585 -0.582843 0
    outer loop
      vertex -21.5564 -21.8056 2.5
      vertex -21.5049 -21.8774 0
      vertex -21.5049 -21.8774 2.5
    endloop
  endfacet
  facet normal -0.911179 -0.412011 0
    outer loop
      vertex -21.3802 -22.1108 0
      vertex -21.4166 -22.0303 2.5
      vertex -21.4166 -22.0303 0
    endloop
  endfacet
  facet normal -0.911179 -0.412011 0
    outer loop
      vertex -21.4166 -22.0303 2.5
      vertex -21.3802 -22.1108 0
      vertex -21.3802 -22.1108 2.5
    endloop
  endfacet
  facet normal 0.289631 0.957139 -0
    outer loop
      vertex -22.9768 -23.9314 0
      vertex -23.0614 -23.9058 2.5
      vertex -22.9768 -23.9314 2.5
    endloop
  endfacet
  facet normal 0.289631 0.957139 0
    outer loop
      vertex -23.0614 -23.9058 2.5
      vertex -22.9768 -23.9314 0
      vertex -23.0614 -23.9058 0
    endloop
  endfacet
  facet normal -0.999461 0.0328249 0
    outer loop
      vertex -21.2803 -22.7157 0
      vertex -21.2774 -22.6274 2.5
      vertex -21.2774 -22.6274 0
    endloop
  endfacet
  facet normal -0.999461 0.0328249 0
    outer loop
      vertex -21.2774 -22.6274 2.5
      vertex -21.2803 -22.7157 0
      vertex -21.2803 -22.7157 2.5
    endloop
  endfacet
  facet normal 0.528574 0.848887 -0
    outer loop
      vertex -23.3024 -23.7966 0
      vertex -23.3774 -23.7499 2.5
      vertex -23.3024 -23.7966 2.5
    endloop
  endfacet
  facet normal 0.528574 0.848887 0
    outer loop
      vertex -23.3774 -23.7499 2.5
      vertex -23.3024 -23.7966 0
      vertex -23.3774 -23.7499 0
    endloop
  endfacet
  facet normal 0.999461 0.0328249 0
    outer loop
      vertex -23.9745 -22.7157 2.5
      vertex -23.9774 -22.6274 0
      vertex -23.9774 -22.6274 2.5
    endloop
  endfacet
  facet normal 0.999461 0.0328249 0
    outer loop
      vertex -23.9774 -22.6274 0
      vertex -23.9745 -22.7157 2.5
      vertex -23.9745 -22.7157 0
    endloop
  endfacet
  facet normal 0.973758 0.227588 0
    outer loop
      vertex -23.9314 -22.9768 2.5
      vertex -23.9515 -22.8908 0
      vertex -23.9515 -22.8908 2.5
    endloop
  endfacet
  facet normal 0.973758 0.227588 0
    outer loop
      vertex -23.9515 -22.8908 0
      vertex -23.9314 -22.9768 2.5
      vertex -23.9314 -22.9768 0
    endloop
  endfacet
  facet normal -0.849395 -0.527757 0
    outer loop
      vertex -21.4583 -21.9524 0
      vertex -21.5049 -21.8774 2.5
      vertex -21.5049 -21.8774 0
    endloop
  endfacet
  facet normal -0.849395 -0.527757 0
    outer loop
      vertex -21.5049 -21.8774 2.5
      vertex -21.4583 -21.9524 0
      vertex -21.4583 -21.9524 2.5
    endloop
  endfacet
  facet normal -0.226513 -0.974008 0
    outer loop
      vertex -22.364 -21.3034 0
      vertex -22.278 -21.3234 2.5
      vertex -22.364 -21.3034 2.5
    endloop
  endfacet
  facet normal -0.226513 -0.974008 -0
    outer loop
      vertex -22.278 -21.3234 2.5
      vertex -22.364 -21.3034 0
      vertex -22.278 -21.3234 0
    endloop
  endfacet
  facet normal 0.162931 0.986637 -0
    outer loop
      vertex -22.8036 -23.9659 0
      vertex -22.8908 -23.9515 2.5
      vertex -22.8036 -23.9659 2.5
    endloop
  endfacet
  facet normal 0.162931 0.986637 0
    outer loop
      vertex -22.8908 -23.9515 2.5
      vertex -22.8036 -23.9659 0
      vertex -22.8908 -23.9515 0
    endloop
  endfacet
  facet normal 0.848887 0.528574 0
    outer loop
      vertex -23.7499 -23.3774 2.5
      vertex -23.7966 -23.3024 0
      vertex -23.7966 -23.3024 2.5
    endloop
  endfacet
  facet normal 0.848887 0.528574 0
    outer loop
      vertex -23.7966 -23.3024 0
      vertex -23.7499 -23.3774 2.5
      vertex -23.7499 -23.3774 0
    endloop
  endfacet
  facet normal 0.729925 0.683527 0
    outer loop
      vertex -23.582 -23.582 2.5
      vertex -23.6424 -23.5175 0
      vertex -23.6424 -23.5175 2.5
    endloop
  endfacet
  facet normal 0.729925 0.683527 0
    outer loop
      vertex -23.6424 -23.5175 0
      vertex -23.582 -23.582 2.5
      vertex -23.582 -23.582 0
    endloop
  endfacet
  facet normal 0.352365 0.935863 -0
    outer loop
      vertex -23.0614 -23.9058 0
      vertex -23.144 -23.8747 2.5
      vertex -23.0614 -23.9058 2.5
    endloop
  endfacet
  facet normal 0.352365 0.935863 0
    outer loop
      vertex -23.144 -23.8747 2.5
      vertex -23.0614 -23.9058 0
      vertex -23.144 -23.8747 0
    endloop
  endfacet
  facet normal -0.0984948 -0.995138 0
    outer loop
      vertex -22.5391 -21.2803 0
      vertex -22.4512 -21.289 2.5
      vertex -22.5391 -21.2803 2.5
    endloop
  endfacet
  facet normal -0.0984948 -0.995138 -0
    outer loop
      vertex -22.4512 -21.289 2.5
      vertex -22.5391 -21.2803 0
      vertex -22.4512 -21.289 0
    endloop
  endfacet
  facet normal -0.412011 -0.911179 0
    outer loop
      vertex -22.1108 -21.3802 0
      vertex -22.0303 -21.4166 2.5
      vertex -22.1108 -21.3802 2.5
    endloop
  endfacet
  facet normal -0.412011 -0.911179 -0
    outer loop
      vertex -22.0303 -21.4166 2.5
      vertex -22.1108 -21.3802 0
      vertex -22.0303 -21.4166 0
    endloop
  endfacet
  facet normal -0.634039 0.773301 0
    outer loop
      vertex -21.7373 -23.6424 0
      vertex -21.8056 -23.6984 2.5
      vertex -21.7373 -23.6424 2.5
    endloop
  endfacet
  facet normal -0.634039 0.773301 0
    outer loop
      vertex -21.8056 -23.6984 2.5
      vertex -21.7373 -23.6424 0
      vertex -21.8056 -23.6984 0
    endloop
  endfacet
  facet normal -0.351992 0.936003 0
    outer loop
      vertex -22.1108 -23.8747 0
      vertex -22.1935 -23.9058 2.5
      vertex -22.1108 -23.8747 2.5
    endloop
  endfacet
  facet normal -0.351992 0.936003 0
    outer loop
      vertex -22.1935 -23.9058 2.5
      vertex -22.1108 -23.8747 0
      vertex -22.1935 -23.9058 0
    endloop
  endfacet
  facet normal -0.773301 -0.634039 0
    outer loop
      vertex -21.5564 -21.8056 0
      vertex -21.6124 -21.7373 2.5
      vertex -21.6124 -21.7373 0
    endloop
  endfacet
  facet normal -0.773301 -0.634039 0
    outer loop
      vertex -21.6124 -21.7373 2.5
      vertex -21.5564 -21.8056 0
      vertex -21.5564 -21.8056 2.5
    endloop
  endfacet
  facet normal 0.471939 -0.881631 0
    outer loop
      vertex -23.3024 -21.4583 0
      vertex -23.2245 -21.4166 2.5
      vertex -23.3024 -21.4583 2.5
    endloop
  endfacet
  facet normal 0.471939 -0.881631 0
    outer loop
      vertex -23.2245 -21.4166 2.5
      vertex -23.3024 -21.4583 0
      vertex -23.2245 -21.4166 0
    endloop
  endfacet
  facet normal -0.162931 -0.986637 0
    outer loop
      vertex -22.4512 -21.289 0
      vertex -22.364 -21.3034 2.5
      vertex -22.4512 -21.289 2.5
    endloop
  endfacet
  facet normal -0.162931 -0.986637 -0
    outer loop
      vertex -22.364 -21.3034 2.5
      vertex -22.4512 -21.289 0
      vertex -22.364 -21.3034 0
    endloop
  endfacet
  facet normal 0.999461 -0.0328249 0
    outer loop
      vertex -23.9774 -22.6274 2.5
      vertex -23.9745 -22.5391 0
      vertex -23.9745 -22.5391 2.5
    endloop
  endfacet
  facet normal 0.999461 -0.0328249 0
    outer loop
      vertex -23.9745 -22.5391 0
      vertex -23.9774 -22.6274 2.5
      vertex -23.9774 -22.6274 0
    endloop
  endfacet
  facet normal 0.290667 -0.956824 0
    outer loop
      vertex -23.0614 -21.3491 0
      vertex -22.9768 -21.3234 2.5
      vertex -23.0614 -21.3491 2.5
    endloop
  endfacet
  facet normal 0.290667 -0.956824 0
    outer loop
      vertex -22.9768 -21.3234 2.5
      vertex -23.0614 -21.3491 0
      vertex -22.9768 -21.3234 0
    endloop
  endfacet
  facet normal -0.471058 0.882102 0
    outer loop
      vertex -21.9524 -23.7966 0
      vertex -22.0303 -23.8382 2.5
      vertex -21.9524 -23.7966 2.5
    endloop
  endfacet
  facet normal -0.471058 0.882102 0
    outer loop
      vertex -22.0303 -23.8382 2.5
      vertex -21.9524 -23.7966 0
      vertex -22.0303 -23.8382 0
    endloop
  endfacet
  facet normal -0.881631 -0.471939 0
    outer loop
      vertex -21.4166 -22.0303 0
      vertex -21.4583 -21.9524 2.5
      vertex -21.4583 -21.9524 0
    endloop
  endfacet
  facet normal -0.881631 -0.471939 0
    outer loop
      vertex -21.4583 -21.9524 2.5
      vertex -21.4166 -22.0303 0
      vertex -21.4166 -22.0303 2.5
    endloop
  endfacet
  facet normal 0.41295 0.910754 -0
    outer loop
      vertex -23.144 -23.8747 0
      vertex -23.2245 -23.8382 2.5
      vertex -23.144 -23.8747 2.5
    endloop
  endfacet
  facet normal 0.41295 0.910754 0
    outer loop
      vertex -23.2245 -23.8382 2.5
      vertex -23.144 -23.8747 0
      vertex -23.2245 -23.8382 0
    endloop
  endfacet
  facet normal -0.162931 0.986637 0
    outer loop
      vertex -22.364 -23.9515 0
      vertex -22.4512 -23.9659 2.5
      vertex -22.364 -23.9515 2.5
    endloop
  endfacet
  facet normal -0.162931 0.986637 0
    outer loop
      vertex -22.4512 -23.9659 2.5
      vertex -22.364 -23.9515 0
      vertex -22.4512 -23.9659 0
    endloop
  endfacet
  facet normal -0.683527 -0.729925 0
    outer loop
      vertex -21.7373 -21.6124 0
      vertex -21.6728 -21.6728 2.5
      vertex -21.7373 -21.6124 2.5
    endloop
  endfacet
  facet normal -0.683527 -0.729925 -0
    outer loop
      vertex -21.6728 -21.6728 2.5
      vertex -21.7373 -21.6124 0
      vertex -21.6728 -21.6728 0
    endloop
  endfacet
  facet normal 0.935863 0.352365 0
    outer loop
      vertex -23.8747 -23.144 2.5
      vertex -23.9058 -23.0614 0
      vertex -23.9058 -23.0614 2.5
    endloop
  endfacet
  facet normal 0.935863 0.352365 0
    outer loop
      vertex -23.9058 -23.0614 0
      vertex -23.8747 -23.144 2.5
      vertex -23.8747 -23.144 0
    endloop
  endfacet
  facet normal -0.0973735 0.995248 0
    outer loop
      vertex -22.4512 -23.9659 0
      vertex -22.5391 -23.9745 2.5
      vertex -22.4512 -23.9659 2.5
    endloop
  endfacet
  facet normal -0.0973735 0.995248 0
    outer loop
      vertex -22.5391 -23.9745 2.5
      vertex -22.4512 -23.9659 0
      vertex -22.5391 -23.9745 0
    endloop
  endfacet
  facet normal 0.634039 0.773301 -0
    outer loop
      vertex -23.4492 -23.6984 0
      vertex -23.5175 -23.6424 2.5
      vertex -23.4492 -23.6984 2.5
    endloop
  endfacet
  facet normal 0.634039 0.773301 0
    outer loop
      vertex -23.5175 -23.6424 2.5
      vertex -23.4492 -23.6984 0
      vertex -23.5175 -23.6424 0
    endloop
  endfacet
  facet normal -0.849395 0.527757 0
    outer loop
      vertex -21.5049 -23.3774 0
      vertex -21.4583 -23.3024 2.5
      vertex -21.4583 -23.3024 0
    endloop
  endfacet
  facet normal -0.849395 0.527757 0
    outer loop
      vertex -21.4583 -23.3024 2.5
      vertex -21.5049 -23.3774 0
      vertex -21.5049 -23.3774 2.5
    endloop
  endfacet
  facet normal 0.936003 -0.351992 0
    outer loop
      vertex -23.9058 -22.1935 2.5
      vertex -23.8747 -22.1108 0
      vertex -23.8747 -22.1108 2.5
    endloop
  endfacet
  facet normal 0.936003 -0.351992 0
    outer loop
      vertex -23.8747 -22.1108 0
      vertex -23.9058 -22.1935 2.5
      vertex -23.9058 -22.1935 0
    endloop
  endfacet
  facet normal -0.729925 -0.683527 0
    outer loop
      vertex -21.6124 -21.7373 0
      vertex -21.6728 -21.6728 2.5
      vertex -21.6728 -21.6728 0
    endloop
  endfacet
  facet normal -0.729925 -0.683527 0
    outer loop
      vertex -21.6728 -21.6728 2.5
      vertex -21.6124 -21.7373 0
      vertex -21.6124 -21.7373 2.5
    endloop
  endfacet
  facet normal -0.956729 -0.290981 0
    outer loop
      vertex -21.3234 -22.278 0
      vertex -21.3491 -22.1935 2.5
      vertex -21.3491 -22.1935 0
    endloop
  endfacet
  facet normal -0.956729 -0.290981 0
    outer loop
      vertex -21.3491 -22.1935 2.5
      vertex -21.3234 -22.278 0
      vertex -21.3234 -22.278 2.5
    endloop
  endfacet
  facet normal 0.227588 0.973758 -0
    outer loop
      vertex -22.8908 -23.9515 0
      vertex -22.9768 -23.9314 2.5
      vertex -22.8908 -23.9515 2.5
    endloop
  endfacet
  facet normal 0.227588 0.973758 0
    outer loop
      vertex -22.9768 -23.9314 2.5
      vertex -22.8908 -23.9515 0
      vertex -22.9768 -23.9314 0
    endloop
  endfacet
  facet normal -0.729925 0.683527 0
    outer loop
      vertex -21.6728 -23.582 0
      vertex -21.6124 -23.5175 2.5
      vertex -21.6124 -23.5175 0
    endloop
  endfacet
  facet normal -0.729925 0.683527 0
    outer loop
      vertex -21.6124 -23.5175 2.5
      vertex -21.6728 -23.582 0
      vertex -21.6728 -23.582 2.5
    endloop
  endfacet
  facet normal 0.683527 -0.729925 0
    outer loop
      vertex -23.582 -21.6728 0
      vertex -23.5175 -21.6124 2.5
      vertex -23.582 -21.6728 2.5
    endloop
  endfacet
  facet normal 0.683527 -0.729925 0
    outer loop
      vertex -23.5175 -21.6124 2.5
      vertex -23.582 -21.6728 0
      vertex -23.5175 -21.6124 0
    endloop
  endfacet
  facet normal -0.227588 0.973758 0
    outer loop
      vertex -22.278 -23.9314 0
      vertex -22.364 -23.9515 2.5
      vertex -22.278 -23.9314 2.5
    endloop
  endfacet
  facet normal -0.227588 0.973758 0
    outer loop
      vertex -22.364 -23.9515 2.5
      vertex -22.278 -23.9314 0
      vertex -22.364 -23.9515 0
    endloop
  endfacet
  facet normal 0.683527 0.729925 -0
    outer loop
      vertex -23.5175 -23.6424 0
      vertex -23.582 -23.582 2.5
      vertex -23.5175 -23.6424 2.5
    endloop
  endfacet
  facet normal 0.683527 0.729925 0
    outer loop
      vertex -23.582 -23.582 2.5
      vertex -23.5175 -23.6424 0
      vertex -23.582 -23.582 0
    endloop
  endfacet
  facet normal 0.162931 -0.986637 0
    outer loop
      vertex -22.8908 -21.3034 0
      vertex -22.8036 -21.289 2.5
      vertex -22.8908 -21.3034 2.5
    endloop
  endfacet
  facet normal 0.162931 -0.986637 0
    outer loop
      vertex -22.8036 -21.289 2.5
      vertex -22.8908 -21.3034 0
      vertex -22.8036 -21.289 0
    endloop
  endfacet
  facet normal 0.0328249 -0.999461 0
    outer loop
      vertex -22.7157 -21.2803 0
      vertex -22.6274 -21.2774 2.5
      vertex -22.7157 -21.2803 2.5
    endloop
  endfacet
  facet normal 0.0328249 -0.999461 0
    outer loop
      vertex -22.6274 -21.2774 2.5
      vertex -22.7157 -21.2803 0
      vertex -22.6274 -21.2774 0
    endloop
  endfacet
  facet normal -0.634039 -0.773301 0
    outer loop
      vertex -21.8056 -21.5564 0
      vertex -21.7373 -21.6124 2.5
      vertex -21.8056 -21.5564 2.5
    endloop
  endfacet
  facet normal -0.634039 -0.773301 -0
    outer loop
      vertex -21.7373 -21.6124 2.5
      vertex -21.8056 -21.5564 0
      vertex -21.7373 -21.6124 0
    endloop
  endfacet
  facet normal 0.848887 -0.528574 0
    outer loop
      vertex -23.7966 -21.9524 2.5
      vertex -23.7499 -21.8774 0
      vertex -23.7499 -21.8774 2.5
    endloop
  endfacet
  facet normal 0.848887 -0.528574 0
    outer loop
      vertex -23.7499 -21.8774 0
      vertex -23.7966 -21.9524 2.5
      vertex -23.7966 -21.9524 0
    endloop
  endfacet
  facet normal -0.582843 -0.812585 0
    outer loop
      vertex -21.8774 -21.5049 0
      vertex -21.8056 -21.5564 2.5
      vertex -21.8774 -21.5049 2.5
    endloop
  endfacet
  facet normal -0.582843 -0.812585 -0
    outer loop
      vertex -21.8056 -21.5564 2.5
      vertex -21.8774 -21.5049 0
      vertex -21.8056 -21.5564 0
    endloop
  endfacet
  facet normal 0.0973735 0.995248 -0
    outer loop
      vertex -22.7157 -23.9745 0
      vertex -22.8036 -23.9659 2.5
      vertex -22.7157 -23.9745 2.5
    endloop
  endfacet
  facet normal 0.0973735 0.995248 0
    outer loop
      vertex -22.8036 -23.9659 2.5
      vertex -22.7157 -23.9745 0
      vertex -22.8036 -23.9659 0
    endloop
  endfacet
  facet normal -0.995138 0.0984948 0
    outer loop
      vertex -21.289 -22.8036 0
      vertex -21.2803 -22.7157 2.5
      vertex -21.2803 -22.7157 0
    endloop
  endfacet
  facet normal -0.995138 0.0984948 0
    outer loop
      vertex -21.2803 -22.7157 2.5
      vertex -21.289 -22.8036 0
      vertex -21.289 -22.8036 2.5
    endloop
  endfacet
  facet normal 0.773301 -0.634039 0
    outer loop
      vertex -23.6984 -21.8056 2.5
      vertex -23.6424 -21.7373 0
      vertex -23.6424 -21.7373 2.5
    endloop
  endfacet
  facet normal 0.773301 -0.634039 0
    outer loop
      vertex -23.6424 -21.7373 0
      vertex -23.6984 -21.8056 2.5
      vertex -23.6984 -21.8056 0
    endloop
  endfacet
  facet normal -0.773301 0.634039 0
    outer loop
      vertex -21.6124 -23.5175 0
      vertex -21.5564 -23.4492 2.5
      vertex -21.5564 -23.4492 0
    endloop
  endfacet
  facet normal -0.773301 0.634039 0
    outer loop
      vertex -21.5564 -23.4492 2.5
      vertex -21.6124 -23.5175 0
      vertex -21.6124 -23.5175 2.5
    endloop
  endfacet
  facet normal -0.812585 0.582843 0
    outer loop
      vertex -21.5564 -23.4492 0
      vertex -21.5049 -23.3774 2.5
      vertex -21.5049 -23.3774 0
    endloop
  endfacet
  facet normal -0.812585 0.582843 0
    outer loop
      vertex -21.5049 -23.3774 2.5
      vertex -21.5564 -23.4492 0
      vertex -21.5564 -23.4492 2.5
    endloop
  endfacet
  facet normal 0.882102 0.471058 0
    outer loop
      vertex -23.7966 -23.3024 2.5
      vertex -23.8382 -23.2245 0
      vertex -23.8382 -23.2245 2.5
    endloop
  endfacet
  facet normal 0.882102 0.471058 0
    outer loop
      vertex -23.8382 -23.2245 0
      vertex -23.7966 -23.3024 2.5
      vertex -23.7966 -23.3024 0
    endloop
  endfacet
  facet normal 0.352365 -0.935863 0
    outer loop
      vertex -23.144 -21.3802 0
      vertex -23.0614 -21.3491 2.5
      vertex -23.144 -21.3802 2.5
    endloop
  endfacet
  facet normal 0.352365 -0.935863 0
    outer loop
      vertex -23.0614 -21.3491 2.5
      vertex -23.144 -21.3802 0
      vertex -23.0614 -21.3491 0
    endloop
  endfacet
  facet normal -0.881631 0.471939 0
    outer loop
      vertex -21.4583 -23.3024 0
      vertex -21.4166 -23.2245 2.5
      vertex -21.4166 -23.2245 0
    endloop
  endfacet
  facet normal -0.881631 0.471939 0
    outer loop
      vertex -21.4166 -23.2245 2.5
      vertex -21.4583 -23.3024 0
      vertex -21.4583 -23.3024 2.5
    endloop
  endfacet
  facet normal 0.986637 -0.162931 0
    outer loop
      vertex -23.9659 -22.4512 2.5
      vertex -23.9515 -22.364 0
      vertex -23.9515 -22.364 2.5
    endloop
  endfacet
  facet normal 0.986637 -0.162931 0
    outer loop
      vertex -23.9515 -22.364 0
      vertex -23.9659 -22.4512 2.5
      vertex -23.9659 -22.4512 0
    endloop
  endfacet
  facet normal 0.582843 0.812585 -0
    outer loop
      vertex -23.3774 -23.7499 0
      vertex -23.4492 -23.6984 2.5
      vertex -23.3774 -23.7499 2.5
    endloop
  endfacet
  facet normal 0.582843 0.812585 0
    outer loop
      vertex -23.4492 -23.6984 2.5
      vertex -23.3774 -23.7499 0
      vertex -23.4492 -23.6984 0
    endloop
  endfacet
  facet normal -0.956824 0.290667 0
    outer loop
      vertex -21.3491 -23.0614 0
      vertex -21.3234 -22.9768 2.5
      vertex -21.3234 -22.9768 0
    endloop
  endfacet
  facet normal -0.956824 0.290667 0
    outer loop
      vertex -21.3234 -22.9768 2.5
      vertex -21.3491 -23.0614 0
      vertex -21.3491 -23.0614 2.5
    endloop
  endfacet
  facet normal -0.471939 -0.881631 0
    outer loop
      vertex -22.0303 -21.4166 0
      vertex -21.9524 -21.4583 2.5
      vertex -22.0303 -21.4166 2.5
    endloop
  endfacet
  facet normal -0.471939 -0.881631 -0
    outer loop
      vertex -21.9524 -21.4583 2.5
      vertex -22.0303 -21.4166 0
      vertex -21.9524 -21.4583 0
    endloop
  endfacet
  facet normal 0.527757 -0.849395 0
    outer loop
      vertex -23.3774 -21.5049 0
      vertex -23.3024 -21.4583 2.5
      vertex -23.3774 -21.5049 2.5
    endloop
  endfacet
  facet normal 0.527757 -0.849395 0
    outer loop
      vertex -23.3024 -21.4583 2.5
      vertex -23.3774 -21.5049 0
      vertex -23.3024 -21.4583 0
    endloop
  endfacet
  facet normal 0.0328249 0.999461 -0
    outer loop
      vertex -22.6274 -23.9774 0
      vertex -22.7157 -23.9745 2.5
      vertex -22.6274 -23.9774 2.5
    endloop
  endfacet
  facet normal 0.0328249 0.999461 0
    outer loop
      vertex -22.7157 -23.9745 2.5
      vertex -22.6274 -23.9774 0
      vertex -22.7157 -23.9745 0
    endloop
  endfacet
  facet normal 0.471058 0.882102 -0
    outer loop
      vertex -23.2245 -23.8382 0
      vertex -23.3024 -23.7966 2.5
      vertex -23.2245 -23.8382 2.5
    endloop
  endfacet
  facet normal 0.471058 0.882102 0
    outer loop
      vertex -23.3024 -23.7966 2.5
      vertex -23.2245 -23.8382 0
      vertex -23.3024 -23.7966 0
    endloop
  endfacet
  facet normal 0.910754 0.41295 0
    outer loop
      vertex -23.8382 -23.2245 2.5
      vertex -23.8747 -23.144 0
      vertex -23.8747 -23.144 2.5
    endloop
  endfacet
  facet normal 0.910754 0.41295 0
    outer loop
      vertex -23.8747 -23.144 0
      vertex -23.8382 -23.2245 2.5
      vertex -23.8382 -23.2245 0
    endloop
  endfacet
  facet normal 0.910754 -0.41295 0
    outer loop
      vertex -23.8747 -22.1108 2.5
      vertex -23.8382 -22.0303 0
      vertex -23.8382 -22.0303 2.5
    endloop
  endfacet
  facet normal 0.910754 -0.41295 0
    outer loop
      vertex -23.8382 -22.0303 0
      vertex -23.8747 -22.1108 2.5
      vertex -23.8747 -22.1108 0
    endloop
  endfacet
  facet normal 0.973758 -0.227588 0
    outer loop
      vertex -23.9515 -22.364 2.5
      vertex -23.9314 -22.278 0
      vertex -23.9314 -22.278 2.5
    endloop
  endfacet
  facet normal 0.973758 -0.227588 0
    outer loop
      vertex -23.9314 -22.278 0
      vertex -23.9515 -22.364 2.5
      vertex -23.9515 -22.364 0
    endloop
  endfacet
  facet normal -0.41295 0.910754 0
    outer loop
      vertex -22.0303 -23.8382 0
      vertex -22.1108 -23.8747 2.5
      vertex -22.0303 -23.8382 2.5
    endloop
  endfacet
  facet normal -0.41295 0.910754 0
    outer loop
      vertex -22.1108 -23.8747 2.5
      vertex -22.0303 -23.8382 0
      vertex -22.1108 -23.8747 0
    endloop
  endfacet
  facet normal 0.812585 -0.582843 0
    outer loop
      vertex -23.7499 -21.8774 2.5
      vertex -23.6984 -21.8056 0
      vertex -23.6984 -21.8056 2.5
    endloop
  endfacet
  facet normal 0.812585 -0.582843 0
    outer loop
      vertex -23.6984 -21.8056 0
      vertex -23.7499 -21.8774 2.5
      vertex -23.7499 -21.8774 0
    endloop
  endfacet
  facet normal -0.289945 0.957043 0
    outer loop
      vertex -22.1935 -23.9058 0
      vertex -22.278 -23.9314 2.5
      vertex -22.1935 -23.9058 2.5
    endloop
  endfacet
  facet normal -0.289945 0.957043 0
    outer loop
      vertex -22.278 -23.9314 2.5
      vertex -22.1935 -23.9058 0
      vertex -22.278 -23.9314 0
    endloop
  endfacet
  facet normal 0.773301 0.634039 0
    outer loop
      vertex -23.6424 -23.5175 2.5
      vertex -23.6984 -23.4492 0
      vertex -23.6984 -23.4492 2.5
    endloop
  endfacet
  facet normal 0.773301 0.634039 0
    outer loop
      vertex -23.6984 -23.4492 0
      vertex -23.6424 -23.5175 2.5
      vertex -23.6424 -23.5175 0
    endloop
  endfacet
  facet normal 0.986637 0.162931 0
    outer loop
      vertex -23.9515 -22.8908 2.5
      vertex -23.9659 -22.8036 0
      vertex -23.9659 -22.8036 2.5
    endloop
  endfacet
  facet normal 0.986637 0.162931 0
    outer loop
      vertex -23.9659 -22.8036 0
      vertex -23.9515 -22.8908 2.5
      vertex -23.9515 -22.8908 0
    endloop
  endfacet
  facet normal 0.995248 0.0973735 0
    outer loop
      vertex -23.9659 -22.8036 2.5
      vertex -23.9745 -22.7157 0
      vertex -23.9745 -22.7157 2.5
    endloop
  endfacet
  facet normal 0.995248 0.0973735 0
    outer loop
      vertex -23.9745 -22.7157 0
      vertex -23.9659 -22.8036 2.5
      vertex -23.9659 -22.8036 0
    endloop
  endfacet
  facet normal -0.528574 0.848887 0
    outer loop
      vertex -21.8774 -23.7499 0
      vertex -21.9524 -23.7966 2.5
      vertex -21.8774 -23.7499 2.5
    endloop
  endfacet
  facet normal -0.528574 0.848887 0
    outer loop
      vertex -21.9524 -23.7966 2.5
      vertex -21.8774 -23.7499 0
      vertex -21.9524 -23.7966 0
    endloop
  endfacet
  facet normal 0.729925 -0.683527 0
    outer loop
      vertex -23.6424 -21.7373 2.5
      vertex -23.582 -21.6728 0
      vertex -23.582 -21.6728 2.5
    endloop
  endfacet
  facet normal 0.729925 -0.683527 0
    outer loop
      vertex -23.582 -21.6728 0
      vertex -23.6424 -21.7373 2.5
      vertex -23.6424 -21.7373 0
    endloop
  endfacet
  facet normal 0.957043 -0.289945 0
    outer loop
      vertex -23.9314 -22.278 2.5
      vertex -23.9058 -22.1935 0
      vertex -23.9058 -22.1935 2.5
    endloop
  endfacet
  facet normal 0.957043 -0.289945 0
    outer loop
      vertex -23.9058 -22.1935 0
      vertex -23.9314 -22.278 2.5
      vertex -23.9314 -22.278 0
    endloop
  endfacet
  facet normal -0.911179 0.412011 0
    outer loop
      vertex -21.4166 -23.2245 0
      vertex -21.3802 -23.144 2.5
      vertex -21.3802 -23.144 0
    endloop
  endfacet
  facet normal -0.911179 0.412011 0
    outer loop
      vertex -21.3802 -23.144 2.5
      vertex -21.4166 -23.2245 0
      vertex -21.4166 -23.2245 2.5
    endloop
  endfacet
  facet normal 0.634039 -0.773301 0
    outer loop
      vertex -23.5175 -21.6124 0
      vertex -23.4492 -21.5564 2.5
      vertex -23.5175 -21.6124 2.5
    endloop
  endfacet
  facet normal 0.634039 -0.773301 0
    outer loop
      vertex -23.4492 -21.5564 2.5
      vertex -23.5175 -21.6124 0
      vertex -23.4492 -21.5564 0
    endloop
  endfacet
  facet normal 0.582843 -0.812585 0
    outer loop
      vertex -23.4492 -21.5564 0
      vertex -23.3774 -21.5049 2.5
      vertex -23.4492 -21.5564 2.5
    endloop
  endfacet
  facet normal 0.582843 -0.812585 0
    outer loop
      vertex -23.3774 -21.5049 2.5
      vertex -23.4492 -21.5564 0
      vertex -23.3774 -21.5049 0
    endloop
  endfacet
  facet normal -0.935863 0.352365 0
    outer loop
      vertex -21.3802 -23.144 0
      vertex -21.3491 -23.0614 2.5
      vertex -21.3491 -23.0614 0
    endloop
  endfacet
  facet normal -0.935863 0.352365 0
    outer loop
      vertex -21.3491 -23.0614 2.5
      vertex -21.3802 -23.144 0
      vertex -21.3802 -23.144 2.5
    endloop
  endfacet
  facet normal 0.882102 -0.471058 0
    outer loop
      vertex -23.8382 -22.0303 2.5
      vertex -23.7966 -21.9524 0
      vertex -23.7966 -21.9524 2.5
    endloop
  endfacet
  facet normal 0.882102 -0.471058 0
    outer loop
      vertex -23.7966 -21.9524 0
      vertex -23.8382 -22.0303 2.5
      vertex -23.8382 -22.0303 0
    endloop
  endfacet
  facet normal -0.0984948 -0.995138 0
    outer loop
      vertex 22.7157 -21.2803 0
      vertex 22.8036 -21.289 2.5
      vertex 22.7157 -21.2803 2.5
    endloop
  endfacet
  facet normal -0.0984948 -0.995138 -0
    outer loop
      vertex 22.8036 -21.289 2.5
      vertex 22.7157 -21.2803 0
      vertex 22.8036 -21.289 0
    endloop
  endfacet
  facet normal -0.995248 -0.0973735 0
    outer loop
      vertex 23.9745 -22.5391 0
      vertex 23.9659 -22.4512 2.5
      vertex 23.9659 -22.4512 0
    endloop
  endfacet
  facet normal -0.995248 -0.0973735 0
    outer loop
      vertex 23.9659 -22.4512 2.5
      vertex 23.9745 -22.5391 0
      vertex 23.9745 -22.5391 2.5
    endloop
  endfacet
  facet normal -0.999461 -0.0328249 0
    outer loop
      vertex 23.9774 -22.6274 0
      vertex 23.9745 -22.5391 2.5
      vertex 23.9745 -22.5391 0
    endloop
  endfacet
  facet normal -0.999461 -0.0328249 0
    outer loop
      vertex 23.9745 -22.5391 2.5
      vertex 23.9774 -22.6274 0
      vertex 23.9774 -22.6274 2.5
    endloop
  endfacet
  facet normal -0.986637 -0.162931 0
    outer loop
      vertex 23.9659 -22.4512 0
      vertex 23.9515 -22.364 2.5
      vertex 23.9515 -22.364 0
    endloop
  endfacet
  facet normal -0.986637 -0.162931 0
    outer loop
      vertex 23.9515 -22.364 2.5
      vertex 23.9659 -22.4512 0
      vertex 23.9659 -22.4512 2.5
    endloop
  endfacet
  facet normal 0.729925 -0.683527 0
    outer loop
      vertex 21.6124 -21.7373 2.5
      vertex 21.6728 -21.6728 0
      vertex 21.6728 -21.6728 2.5
    endloop
  endfacet
  facet normal 0.729925 -0.683527 0
    outer loop
      vertex 21.6728 -21.6728 0
      vertex 21.6124 -21.7373 2.5
      vertex 21.6124 -21.7373 0
    endloop
  endfacet
  facet normal -0.582843 0.812585 0
    outer loop
      vertex 23.4492 -23.6984 0
      vertex 23.3774 -23.7499 2.5
      vertex 23.4492 -23.6984 2.5
    endloop
  endfacet
  facet normal -0.582843 0.812585 0
    outer loop
      vertex 23.3774 -23.7499 2.5
      vertex 23.4492 -23.6984 0
      vertex 23.3774 -23.7499 0
    endloop
  endfacet
  facet normal -0.527757 -0.849395 0
    outer loop
      vertex 23.3024 -21.4583 0
      vertex 23.3774 -21.5049 2.5
      vertex 23.3024 -21.4583 2.5
    endloop
  endfacet
  facet normal -0.527757 -0.849395 -0
    outer loop
      vertex 23.3774 -21.5049 2.5
      vertex 23.3024 -21.4583 0
      vertex 23.3774 -21.5049 0
    endloop
  endfacet
  facet normal -0.0973735 0.995248 0
    outer loop
      vertex 22.8036 -23.9659 0
      vertex 22.7157 -23.9745 2.5
      vertex 22.8036 -23.9659 2.5
    endloop
  endfacet
  facet normal -0.0973735 0.995248 0
    outer loop
      vertex 22.7157 -23.9745 2.5
      vertex 22.8036 -23.9659 0
      vertex 22.7157 -23.9745 0
    endloop
  endfacet
  facet normal -0.936003 -0.351992 0
    outer loop
      vertex 23.9058 -22.1935 0
      vertex 23.8747 -22.1108 2.5
      vertex 23.8747 -22.1108 0
    endloop
  endfacet
  facet normal -0.936003 -0.351992 0
    outer loop
      vertex 23.8747 -22.1108 2.5
      vertex 23.9058 -22.1935 0
      vertex 23.9058 -22.1935 2.5
    endloop
  endfacet
  facet normal -0.773301 0.634039 0
    outer loop
      vertex 23.6424 -23.5175 0
      vertex 23.6984 -23.4492 2.5
      vertex 23.6984 -23.4492 0
    endloop
  endfacet
  facet normal -0.773301 0.634039 0
    outer loop
      vertex 23.6984 -23.4492 2.5
      vertex 23.6424 -23.5175 0
      vertex 23.6424 -23.5175 2.5
    endloop
  endfacet
  facet normal -0.973758 -0.227588 0
    outer loop
      vertex 23.9515 -22.364 0
      vertex 23.9314 -22.278 2.5
      vertex 23.9314 -22.278 0
    endloop
  endfacet
  facet normal -0.973758 -0.227588 0
    outer loop
      vertex 23.9314 -22.278 2.5
      vertex 23.9515 -22.364 0
      vertex 23.9515 -22.364 2.5
    endloop
  endfacet
  facet normal 0.986637 -0.162931 0
    outer loop
      vertex 21.289 -22.4512 2.5
      vertex 21.3034 -22.364 0
      vertex 21.3034 -22.364 2.5
    endloop
  endfacet
  facet normal 0.986637 -0.162931 0
    outer loop
      vertex 21.3034 -22.364 0
      vertex 21.289 -22.4512 2.5
      vertex 21.289 -22.4512 0
    endloop
  endfacet
  facet normal 0.986637 0.162931 0
    outer loop
      vertex 21.3034 -22.8908 2.5
      vertex 21.289 -22.8036 0
      vertex 21.289 -22.8036 2.5
    endloop
  endfacet
  facet normal 0.986637 0.162931 0
    outer loop
      vertex 21.289 -22.8036 0
      vertex 21.3034 -22.8908 2.5
      vertex 21.3034 -22.8908 0
    endloop
  endfacet
  facet normal -0.0328249 0.999461 0
    outer loop
      vertex 22.7157 -23.9745 0
      vertex 22.6274 -23.9774 2.5
      vertex 22.7157 -23.9745 2.5
    endloop
  endfacet
  facet normal -0.0328249 0.999461 0
    outer loop
      vertex 22.6274 -23.9774 2.5
      vertex 22.7157 -23.9745 0
      vertex 22.6274 -23.9774 0
    endloop
  endfacet
  facet normal 0.351992 0.936003 -0
    outer loop
      vertex 22.1935 -23.9058 0
      vertex 22.1108 -23.8747 2.5
      vertex 22.1935 -23.9058 2.5
    endloop
  endfacet
  facet normal 0.351992 0.936003 0
    outer loop
      vertex 22.1108 -23.8747 2.5
      vertex 22.1935 -23.9058 0
      vertex 22.1108 -23.8747 0
    endloop
  endfacet
  facet normal -0.812585 0.582843 0
    outer loop
      vertex 23.6984 -23.4492 0
      vertex 23.7499 -23.3774 2.5
      vertex 23.7499 -23.3774 0
    endloop
  endfacet
  facet normal -0.812585 0.582843 0
    outer loop
      vertex 23.7499 -23.3774 2.5
      vertex 23.6984 -23.4492 0
      vertex 23.6984 -23.4492 2.5
    endloop
  endfacet
  facet normal -0.227588 0.973758 0
    outer loop
      vertex 22.9768 -23.9314 0
      vertex 22.8908 -23.9515 2.5
      vertex 22.9768 -23.9314 2.5
    endloop
  endfacet
  facet normal -0.227588 0.973758 0
    outer loop
      vertex 22.8908 -23.9515 2.5
      vertex 22.9768 -23.9314 0
      vertex 22.8908 -23.9515 0
    endloop
  endfacet
  facet normal -0.995248 0.0973735 0
    outer loop
      vertex 23.9659 -22.8036 0
      vertex 23.9745 -22.7157 2.5
      vertex 23.9745 -22.7157 0
    endloop
  endfacet
  facet normal -0.995248 0.0973735 0
    outer loop
      vertex 23.9745 -22.7157 2.5
      vertex 23.9659 -22.8036 0
      vertex 23.9659 -22.8036 2.5
    endloop
  endfacet
  facet normal -0.0328249 -0.999461 0
    outer loop
      vertex 22.6274 -21.2774 0
      vertex 22.7157 -21.2803 2.5
      vertex 22.6274 -21.2774 2.5
    endloop
  endfacet
  facet normal -0.0328249 -0.999461 -0
    outer loop
      vertex 22.7157 -21.2803 2.5
      vertex 22.6274 -21.2774 0
      vertex 22.7157 -21.2803 0
    endloop
  endfacet
  facet normal -0.973758 0.227588 0
    outer loop
      vertex 23.9314 -22.9768 0
      vertex 23.9515 -22.8908 2.5
      vertex 23.9515 -22.8908 0
    endloop
  endfacet
  facet normal -0.973758 0.227588 0
    outer loop
      vertex 23.9515 -22.8908 2.5
      vertex 23.9314 -22.9768 0
      vertex 23.9314 -22.9768 2.5
    endloop
  endfacet
  facet normal -0.683527 -0.729925 0
    outer loop
      vertex 23.5175 -21.6124 0
      vertex 23.582 -21.6728 2.5
      vertex 23.5175 -21.6124 2.5
    endloop
  endfacet
  facet normal -0.683527 -0.729925 -0
    outer loop
      vertex 23.582 -21.6728 2.5
      vertex 23.5175 -21.6124 0
      vertex 23.582 -21.6728 0
    endloop
  endfacet
  facet normal 0.999461 0.0328249 0
    outer loop
      vertex 21.2803 -22.7157 2.5
      vertex 21.2774 -22.6274 0
      vertex 21.2774 -22.6274 2.5
    endloop
  endfacet
  facet normal 0.999461 0.0328249 0
    outer loop
      vertex 21.2774 -22.6274 0
      vertex 21.2803 -22.7157 2.5
      vertex 21.2803 -22.7157 0
    endloop
  endfacet
  facet normal 0.974008 0.226513 0
    outer loop
      vertex 21.3234 -22.9768 2.5
      vertex 21.3034 -22.8908 0
      vertex 21.3034 -22.8908 2.5
    endloop
  endfacet
  facet normal 0.974008 0.226513 0
    outer loop
      vertex 21.3034 -22.8908 0
      vertex 21.3234 -22.9768 2.5
      vertex 21.3234 -22.9768 0
    endloop
  endfacet
  facet normal 0.0973735 0.995248 -0
    outer loop
      vertex 22.5391 -23.9745 0
      vertex 22.4512 -23.9659 2.5
      vertex 22.5391 -23.9745 2.5
    endloop
  endfacet
  facet normal 0.0973735 0.995248 0
    outer loop
      vertex 22.4512 -23.9659 2.5
      vertex 22.5391 -23.9745 0
      vertex 22.4512 -23.9659 0
    endloop
  endfacet
  facet normal -0.812585 -0.582843 0
    outer loop
      vertex 23.7499 -21.8774 0
      vertex 23.6984 -21.8056 2.5
      vertex 23.6984 -21.8056 0
    endloop
  endfacet
  facet normal -0.812585 -0.582843 0
    outer loop
      vertex 23.6984 -21.8056 2.5
      vertex 23.7499 -21.8774 0
      vertex 23.7499 -21.8774 2.5
    endloop
  endfacet
  facet normal -0.471939 -0.881631 0
    outer loop
      vertex 23.2245 -21.4166 0
      vertex 23.3024 -21.4583 2.5
      vertex 23.2245 -21.4166 2.5
    endloop
  endfacet
  facet normal -0.471939 -0.881631 -0
    outer loop
      vertex 23.3024 -21.4583 2.5
      vertex 23.2245 -21.4166 0
      vertex 23.3024 -21.4583 0
    endloop
  endfacet
  facet normal 0.0328249 0.999461 -0
    outer loop
      vertex 22.6274 -23.9774 0
      vertex 22.5391 -23.9745 2.5
      vertex 22.6274 -23.9774 2.5
    endloop
  endfacet
  facet normal 0.0328249 0.999461 0
    outer loop
      vertex 22.5391 -23.9745 2.5
      vertex 22.6274 -23.9774 0
      vertex 22.5391 -23.9745 0
    endloop
  endfacet
  facet normal -0.729925 0.683527 0
    outer loop
      vertex 23.582 -23.582 0
      vertex 23.6424 -23.5175 2.5
      vertex 23.6424 -23.5175 0
    endloop
  endfacet
  facet normal -0.729925 0.683527 0
    outer loop
      vertex 23.6424 -23.5175 2.5
      vertex 23.582 -23.582 0
      vertex 23.582 -23.582 2.5
    endloop
  endfacet
  facet normal -0.412011 -0.911179 0
    outer loop
      vertex 23.144 -21.3802 0
      vertex 23.2245 -21.4166 2.5
      vertex 23.144 -21.3802 2.5
    endloop
  endfacet
  facet normal -0.412011 -0.911179 -0
    outer loop
      vertex 23.2245 -21.4166 2.5
      vertex 23.144 -21.3802 0
      vertex 23.2245 -21.4166 0
    endloop
  endfacet
  facet normal 0.162931 -0.986637 0
    outer loop
      vertex 22.364 -21.3034 0
      vertex 22.4512 -21.289 2.5
      vertex 22.364 -21.3034 2.5
    endloop
  endfacet
  facet normal 0.162931 -0.986637 0
    outer loop
      vertex 22.4512 -21.289 2.5
      vertex 22.364 -21.3034 0
      vertex 22.4512 -21.289 0
    endloop
  endfacet
  facet normal -0.162931 -0.986637 0
    outer loop
      vertex 22.8036 -21.289 0
      vertex 22.8908 -21.3034 2.5
      vertex 22.8036 -21.289 2.5
    endloop
  endfacet
  facet normal -0.162931 -0.986637 -0
    outer loop
      vertex 22.8908 -21.3034 2.5
      vertex 22.8036 -21.289 0
      vertex 22.8908 -21.3034 0
    endloop
  endfacet
  facet normal 0.162931 0.986637 -0
    outer loop
      vertex 22.4512 -23.9659 0
      vertex 22.364 -23.9515 2.5
      vertex 22.4512 -23.9659 2.5
    endloop
  endfacet
  facet normal 0.162931 0.986637 0
    outer loop
      vertex 22.364 -23.9515 2.5
      vertex 22.4512 -23.9659 0
      vertex 22.364 -23.9515 0
    endloop
  endfacet
  facet normal 0.41295 0.910754 -0
    outer loop
      vertex 22.1108 -23.8747 0
      vertex 22.0303 -23.8382 2.5
      vertex 22.1108 -23.8747 2.5
    endloop
  endfacet
  facet normal 0.41295 0.910754 0
    outer loop
      vertex 22.0303 -23.8382 2.5
      vertex 22.1108 -23.8747 0
      vertex 22.0303 -23.8382 0
    endloop
  endfacet
  facet normal 0.995138 0.0984948 0
    outer loop
      vertex 21.289 -22.8036 2.5
      vertex 21.2803 -22.7157 0
      vertex 21.2803 -22.7157 2.5
    endloop
  endfacet
  facet normal 0.995138 0.0984948 0
    outer loop
      vertex 21.2803 -22.7157 0
      vertex 21.289 -22.8036 2.5
      vertex 21.289 -22.8036 0
    endloop
  endfacet
  facet normal -0.41295 0.910754 0
    outer loop
      vertex 23.2245 -23.8382 0
      vertex 23.144 -23.8747 2.5
      vertex 23.2245 -23.8382 2.5
    endloop
  endfacet
  facet normal -0.41295 0.910754 0
    outer loop
      vertex 23.144 -23.8747 2.5
      vertex 23.2245 -23.8382 0
      vertex 23.144 -23.8747 0
    endloop
  endfacet
  facet normal 0.773301 -0.634039 0
    outer loop
      vertex 21.5564 -21.8056 2.5
      vertex 21.6124 -21.7373 0
      vertex 21.6124 -21.7373 2.5
    endloop
  endfacet
  facet normal 0.773301 -0.634039 0
    outer loop
      vertex 21.6124 -21.7373 0
      vertex 21.5564 -21.8056 2.5
      vertex 21.5564 -21.8056 0
    endloop
  endfacet
  facet normal -0.162931 0.986637 0
    outer loop
      vertex 22.8908 -23.9515 0
      vertex 22.8036 -23.9659 2.5
      vertex 22.8908 -23.9515 2.5
    endloop
  endfacet
  facet normal -0.162931 0.986637 0
    outer loop
      vertex 22.8036 -23.9659 2.5
      vertex 22.8908 -23.9515 0
      vertex 22.8036 -23.9659 0
    endloop
  endfacet
  facet normal -0.986637 0.162931 0
    outer loop
      vertex 23.9515 -22.8908 0
      vertex 23.9659 -22.8036 2.5
      vertex 23.9659 -22.8036 0
    endloop
  endfacet
  facet normal -0.986637 0.162931 0
    outer loop
      vertex 23.9659 -22.8036 2.5
      vertex 23.9515 -22.8908 0
      vertex 23.9515 -22.8908 2.5
    endloop
  endfacet
  facet normal 0.683527 0.729925 -0
    outer loop
      vertex 21.7373 -23.6424 0
      vertex 21.6728 -23.582 2.5
      vertex 21.7373 -23.6424 2.5
    endloop
  endfacet
  facet normal 0.683527 0.729925 0
    outer loop
      vertex 21.6728 -23.582 2.5
      vertex 21.7373 -23.6424 0
      vertex 21.6728 -23.582 0
    endloop
  endfacet
  facet normal -0.582843 -0.812585 0
    outer loop
      vertex 23.3774 -21.5049 0
      vertex 23.4492 -21.5564 2.5
      vertex 23.3774 -21.5049 2.5
    endloop
  endfacet
  facet normal -0.582843 -0.812585 -0
    outer loop
      vertex 23.4492 -21.5564 2.5
      vertex 23.3774 -21.5049 0
      vertex 23.4492 -21.5564 0
    endloop
  endfacet
  facet normal 0.773301 0.634039 0
    outer loop
      vertex 21.6124 -23.5175 2.5
      vertex 21.5564 -23.4492 0
      vertex 21.5564 -23.4492 2.5
    endloop
  endfacet
  facet normal 0.773301 0.634039 0
    outer loop
      vertex 21.5564 -23.4492 0
      vertex 21.6124 -23.5175 2.5
      vertex 21.6124 -23.5175 0
    endloop
  endfacet
  facet normal 0.582843 0.812585 -0
    outer loop
      vertex 21.8774 -23.7499 0
      vertex 21.8056 -23.6984 2.5
      vertex 21.8774 -23.7499 2.5
    endloop
  endfacet
  facet normal 0.582843 0.812585 0
    outer loop
      vertex 21.8056 -23.6984 2.5
      vertex 21.8774 -23.7499 0
      vertex 21.8056 -23.6984 0
    endloop
  endfacet
  facet normal 0.412011 -0.911179 0
    outer loop
      vertex 22.0303 -21.4166 0
      vertex 22.1108 -21.3802 2.5
      vertex 22.0303 -21.4166 2.5
    endloop
  endfacet
  facet normal 0.412011 -0.911179 0
    outer loop
      vertex 22.1108 -21.3802 2.5
      vertex 22.0303 -21.4166 0
      vertex 22.1108 -21.3802 0
    endloop
  endfacet
  facet normal -0.882102 -0.471058 0
    outer loop
      vertex 23.8382 -22.0303 0
      vertex 23.7966 -21.9524 2.5
      vertex 23.7966 -21.9524 0
    endloop
  endfacet
  facet normal -0.882102 -0.471058 0
    outer loop
      vertex 23.7966 -21.9524 2.5
      vertex 23.8382 -22.0303 0
      vertex 23.8382 -22.0303 2.5
    endloop
  endfacet
  facet normal 0.290981 -0.956729 0
    outer loop
      vertex 22.1935 -21.3491 0
      vertex 22.278 -21.3234 2.5
      vertex 22.1935 -21.3491 2.5
    endloop
  endfacet
  facet normal 0.290981 -0.956729 0
    outer loop
      vertex 22.278 -21.3234 2.5
      vertex 22.1935 -21.3491 0
      vertex 22.278 -21.3234 0
    endloop
  endfacet
  facet normal -0.634039 -0.773301 0
    outer loop
      vertex 23.4492 -21.5564 0
      vertex 23.5175 -21.6124 2.5
      vertex 23.4492 -21.5564 2.5
    endloop
  endfacet
  facet normal -0.634039 -0.773301 -0
    outer loop
      vertex 23.5175 -21.6124 2.5
      vertex 23.4492 -21.5564 0
      vertex 23.5175 -21.6124 0
    endloop
  endfacet
  facet normal 0.289945 0.957043 -0
    outer loop
      vertex 22.278 -23.9314 0
      vertex 22.1935 -23.9058 2.5
      vertex 22.278 -23.9314 2.5
    endloop
  endfacet
  facet normal 0.289945 0.957043 0
    outer loop
      vertex 22.1935 -23.9058 2.5
      vertex 22.278 -23.9314 0
      vertex 22.1935 -23.9058 0
    endloop
  endfacet
  facet normal 0.471939 -0.881631 0
    outer loop
      vertex 21.9524 -21.4583 0
      vertex 22.0303 -21.4166 2.5
      vertex 21.9524 -21.4583 2.5
    endloop
  endfacet
  facet normal 0.471939 -0.881631 0
    outer loop
      vertex 22.0303 -21.4166 2.5
      vertex 21.9524 -21.4583 0
      vertex 22.0303 -21.4166 0
    endloop
  endfacet
  facet normal 0.227588 0.973758 -0
    outer loop
      vertex 22.364 -23.9515 0
      vertex 22.278 -23.9314 2.5
      vertex 22.364 -23.9515 2.5
    endloop
  endfacet
  facet normal 0.227588 0.973758 0
    outer loop
      vertex 22.278 -23.9314 2.5
      vertex 22.364 -23.9515 0
      vertex 22.278 -23.9314 0
    endloop
  endfacet
  facet normal -0.848887 0.528574 0
    outer loop
      vertex 23.7499 -23.3774 0
      vertex 23.7966 -23.3024 2.5
      vertex 23.7966 -23.3024 0
    endloop
  endfacet
  facet normal -0.848887 0.528574 0
    outer loop
      vertex 23.7966 -23.3024 2.5
      vertex 23.7499 -23.3774 0
      vertex 23.7499 -23.3774 2.5
    endloop
  endfacet
  facet normal -0.957043 -0.289945 0
    outer loop
      vertex 23.9314 -22.278 0
      vertex 23.9058 -22.1935 2.5
      vertex 23.9058 -22.1935 0
    endloop
  endfacet
  facet normal -0.957043 -0.289945 0
    outer loop
      vertex 23.9058 -22.1935 2.5
      vertex 23.9314 -22.278 0
      vertex 23.9314 -22.278 2.5
    endloop
  endfacet
  facet normal 0.936003 -0.351992 0
    outer loop
      vertex 21.3491 -22.1935 2.5
      vertex 21.3802 -22.1108 0
      vertex 21.3802 -22.1108 2.5
    endloop
  endfacet
  facet normal 0.936003 -0.351992 0
    outer loop
      vertex 21.3802 -22.1108 0
      vertex 21.3491 -22.1935 2.5
      vertex 21.3491 -22.1935 0
    endloop
  endfacet
  facet normal -0.848887 -0.528574 0
    outer loop
      vertex 23.7966 -21.9524 0
      vertex 23.7499 -21.8774 2.5
      vertex 23.7499 -21.8774 0
    endloop
  endfacet
  facet normal -0.848887 -0.528574 0
    outer loop
      vertex 23.7499 -21.8774 2.5
      vertex 23.7966 -21.9524 0
      vertex 23.7966 -21.9524 2.5
    endloop
  endfacet
  facet normal -0.289631 0.957139 0
    outer loop
      vertex 23.0614 -23.9058 0
      vertex 22.9768 -23.9314 2.5
      vertex 23.0614 -23.9058 2.5
    endloop
  endfacet
  facet normal -0.289631 0.957139 0
    outer loop
      vertex 22.9768 -23.9314 2.5
      vertex 23.0614 -23.9058 0
      vertex 22.9768 -23.9314 0
    endloop
  endfacet
  facet normal 0.683527 -0.729925 0
    outer loop
      vertex 21.6728 -21.6728 0
      vertex 21.7373 -21.6124 2.5
      vertex 21.6728 -21.6728 2.5
    endloop
  endfacet
  facet normal 0.683527 -0.729925 0
    outer loop
      vertex 21.7373 -21.6124 2.5
      vertex 21.6728 -21.6728 0
      vertex 21.7373 -21.6124 0
    endloop
  endfacet
  facet normal -0.352365 0.935863 0
    outer loop
      vertex 23.144 -23.8747 0
      vertex 23.0614 -23.9058 2.5
      vertex 23.144 -23.8747 2.5
    endloop
  endfacet
  facet normal -0.352365 0.935863 0
    outer loop
      vertex 23.0614 -23.9058 2.5
      vertex 23.144 -23.8747 0
      vertex 23.0614 -23.9058 0
    endloop
  endfacet
  facet normal -0.729925 -0.683527 0
    outer loop
      vertex 23.6424 -21.7373 0
      vertex 23.582 -21.6728 2.5
      vertex 23.582 -21.6728 0
    endloop
  endfacet
  facet normal -0.729925 -0.683527 0
    outer loop
      vertex 23.582 -21.6728 2.5
      vertex 23.6424 -21.7373 0
      vertex 23.6424 -21.7373 2.5
    endloop
  endfacet
  facet normal -0.910754 -0.41295 0
    outer loop
      vertex 23.8747 -22.1108 0
      vertex 23.8382 -22.0303 2.5
      vertex 23.8382 -22.0303 0
    endloop
  endfacet
  facet normal -0.910754 -0.41295 0
    outer loop
      vertex 23.8382 -22.0303 2.5
      vertex 23.8747 -22.1108 0
      vertex 23.8747 -22.1108 2.5
    endloop
  endfacet
  facet normal 0.911179 0.412011 0
    outer loop
      vertex 21.4166 -23.2245 2.5
      vertex 21.3802 -23.144 0
      vertex 21.3802 -23.144 2.5
    endloop
  endfacet
  facet normal 0.911179 0.412011 0
    outer loop
      vertex 21.3802 -23.144 0
      vertex 21.4166 -23.2245 2.5
      vertex 21.4166 -23.2245 0
    endloop
  endfacet
  facet normal 0.351992 -0.936003 0
    outer loop
      vertex 22.1108 -21.3802 0
      vertex 22.1935 -21.3491 2.5
      vertex 22.1108 -21.3802 2.5
    endloop
  endfacet
  facet normal 0.351992 -0.936003 0
    outer loop
      vertex 22.1935 -21.3491 2.5
      vertex 22.1108 -21.3802 0
      vertex 22.1935 -21.3491 0
    endloop
  endfacet
  facet normal 0.999461 -0.0328249 0
    outer loop
      vertex 21.2774 -22.6274 2.5
      vertex 21.2803 -22.5391 0
      vertex 21.2803 -22.5391 2.5
    endloop
  endfacet
  facet normal 0.999461 -0.0328249 0
    outer loop
      vertex 21.2803 -22.5391 0
      vertex 21.2774 -22.6274 2.5
      vertex 21.2774 -22.6274 0
    endloop
  endfacet
  facet normal 0.935863 0.352365 0
    outer loop
      vertex 21.3802 -23.144 2.5
      vertex 21.3491 -23.0614 0
      vertex 21.3491 -23.0614 2.5
    endloop
  endfacet
  facet normal 0.935863 0.352365 0
    outer loop
      vertex 21.3491 -23.0614 0
      vertex 21.3802 -23.144 2.5
      vertex 21.3802 -23.144 0
    endloop
  endfacet
  facet normal 0.849395 0.527757 0
    outer loop
      vertex 21.5049 -23.3774 2.5
      vertex 21.4583 -23.3024 0
      vertex 21.4583 -23.3024 2.5
    endloop
  endfacet
  facet normal 0.849395 0.527757 0
    outer loop
      vertex 21.4583 -23.3024 0
      vertex 21.5049 -23.3774 2.5
      vertex 21.5049 -23.3774 0
    endloop
  endfacet
  facet normal 0.0328249 -0.999461 0
    outer loop
      vertex 22.5391 -21.2803 0
      vertex 22.6274 -21.2774 2.5
      vertex 22.5391 -21.2803 2.5
    endloop
  endfacet
  facet normal 0.0328249 -0.999461 0
    outer loop
      vertex 22.6274 -21.2774 2.5
      vertex 22.5391 -21.2803 0
      vertex 22.6274 -21.2774 0
    endloop
  endfacet
  facet normal 0.527757 -0.849395 0
    outer loop
      vertex 21.8774 -21.5049 0
      vertex 21.9524 -21.4583 2.5
      vertex 21.8774 -21.5049 2.5
    endloop
  endfacet
  facet normal 0.527757 -0.849395 0
    outer loop
      vertex 21.9524 -21.4583 2.5
      vertex 21.8774 -21.5049 0
      vertex 21.9524 -21.4583 0
    endloop
  endfacet
  facet normal 0.729925 0.683527 0
    outer loop
      vertex 21.6728 -23.582 2.5
      vertex 21.6124 -23.5175 0
      vertex 21.6124 -23.5175 2.5
    endloop
  endfacet
  facet normal 0.729925 0.683527 0
    outer loop
      vertex 21.6124 -23.5175 0
      vertex 21.6728 -23.582 2.5
      vertex 21.6728 -23.582 0
    endloop
  endfacet
  facet normal 0.881631 -0.471939 0
    outer loop
      vertex 21.4166 -22.0303 2.5
      vertex 21.4583 -21.9524 0
      vertex 21.4583 -21.9524 2.5
    endloop
  endfacet
  facet normal 0.881631 -0.471939 0
    outer loop
      vertex 21.4583 -21.9524 0
      vertex 21.4166 -22.0303 2.5
      vertex 21.4166 -22.0303 0
    endloop
  endfacet
  facet normal 0.881631 0.471939 0
    outer loop
      vertex 21.4583 -23.3024 2.5
      vertex 21.4166 -23.2245 0
      vertex 21.4166 -23.2245 2.5
    endloop
  endfacet
  facet normal 0.881631 0.471939 0
    outer loop
      vertex 21.4166 -23.2245 0
      vertex 21.4583 -23.3024 2.5
      vertex 21.4583 -23.3024 0
    endloop
  endfacet
  facet normal 0.911179 -0.412011 0
    outer loop
      vertex 21.3802 -22.1108 2.5
      vertex 21.4166 -22.0303 0
      vertex 21.4166 -22.0303 2.5
    endloop
  endfacet
  facet normal 0.911179 -0.412011 0
    outer loop
      vertex 21.4166 -22.0303 0
      vertex 21.3802 -22.1108 2.5
      vertex 21.3802 -22.1108 0
    endloop
  endfacet
  facet normal -0.882102 0.471058 0
    outer loop
      vertex 23.7966 -23.3024 0
      vertex 23.8382 -23.2245 2.5
      vertex 23.8382 -23.2245 0
    endloop
  endfacet
  facet normal -0.882102 0.471058 0
    outer loop
      vertex 23.8382 -23.2245 2.5
      vertex 23.7966 -23.3024 0
      vertex 23.7966 -23.3024 2.5
    endloop
  endfacet
  facet normal 0.956824 0.290667 0
    outer loop
      vertex 21.3491 -23.0614 2.5
      vertex 21.3234 -22.9768 0
      vertex 21.3234 -22.9768 2.5
    endloop
  endfacet
  facet normal 0.956824 0.290667 0
    outer loop
      vertex 21.3234 -22.9768 0
      vertex 21.3491 -23.0614 2.5
      vertex 21.3491 -23.0614 0
    endloop
  endfacet
  facet normal -0.957139 0.289631 0
    outer loop
      vertex 23.9058 -23.0614 0
      vertex 23.9314 -22.9768 2.5
      vertex 23.9314 -22.9768 0
    endloop
  endfacet
  facet normal -0.957139 0.289631 0
    outer loop
      vertex 23.9314 -22.9768 2.5
      vertex 23.9058 -23.0614 0
      vertex 23.9058 -23.0614 2.5
    endloop
  endfacet
  facet normal 0.582843 -0.812585 0
    outer loop
      vertex 21.8056 -21.5564 0
      vertex 21.8774 -21.5049 2.5
      vertex 21.8056 -21.5564 2.5
    endloop
  endfacet
  facet normal 0.582843 -0.812585 0
    outer loop
      vertex 21.8774 -21.5049 2.5
      vertex 21.8056 -21.5564 0
      vertex 21.8774 -21.5049 0
    endloop
  endfacet
  facet normal -0.773301 -0.634039 0
    outer loop
      vertex 23.6984 -21.8056 0
      vertex 23.6424 -21.7373 2.5
      vertex 23.6424 -21.7373 0
    endloop
  endfacet
  facet normal -0.773301 -0.634039 0
    outer loop
      vertex 23.6424 -21.7373 2.5
      vertex 23.6984 -21.8056 0
      vertex 23.6984 -21.8056 2.5
    endloop
  endfacet
  facet normal 0.956729 -0.290981 0
    outer loop
      vertex 21.3234 -22.278 2.5
      vertex 21.3491 -22.1935 0
      vertex 21.3491 -22.1935 2.5
    endloop
  endfacet
  facet normal 0.956729 -0.290981 0
    outer loop
      vertex 21.3491 -22.1935 0
      vertex 21.3234 -22.278 2.5
      vertex 21.3234 -22.278 0
    endloop
  endfacet
  facet normal 0.812585 -0.582843 0
    outer loop
      vertex 21.5049 -21.8774 2.5
      vertex 21.5564 -21.8056 0
      vertex 21.5564 -21.8056 2.5
    endloop
  endfacet
  facet normal 0.812585 -0.582843 0
    outer loop
      vertex 21.5564 -21.8056 0
      vertex 21.5049 -21.8774 2.5
      vertex 21.5049 -21.8774 0
    endloop
  endfacet
  facet normal -0.226513 -0.974008 0
    outer loop
      vertex 22.8908 -21.3034 0
      vertex 22.9768 -21.3234 2.5
      vertex 22.8908 -21.3034 2.5
    endloop
  endfacet
  facet normal -0.226513 -0.974008 -0
    outer loop
      vertex 22.9768 -21.3234 2.5
      vertex 22.8908 -21.3034 0
      vertex 22.9768 -21.3234 0
    endloop
  endfacet
  facet normal 0.226513 -0.974008 0
    outer loop
      vertex 22.278 -21.3234 0
      vertex 22.364 -21.3034 2.5
      vertex 22.278 -21.3234 2.5
    endloop
  endfacet
  facet normal 0.226513 -0.974008 0
    outer loop
      vertex 22.364 -21.3034 2.5
      vertex 22.278 -21.3234 0
      vertex 22.364 -21.3034 0
    endloop
  endfacet
  facet normal 0.634039 -0.773301 0
    outer loop
      vertex 21.7373 -21.6124 0
      vertex 21.8056 -21.5564 2.5
      vertex 21.7373 -21.6124 2.5
    endloop
  endfacet
  facet normal 0.634039 -0.773301 0
    outer loop
      vertex 21.8056 -21.5564 2.5
      vertex 21.7373 -21.6124 0
      vertex 21.8056 -21.5564 0
    endloop
  endfacet
  facet normal 0.528574 0.848887 -0
    outer loop
      vertex 21.9524 -23.7966 0
      vertex 21.8774 -23.7499 2.5
      vertex 21.9524 -23.7966 2.5
    endloop
  endfacet
  facet normal 0.528574 0.848887 0
    outer loop
      vertex 21.8774 -23.7499 2.5
      vertex 21.9524 -23.7966 0
      vertex 21.8774 -23.7499 0
    endloop
  endfacet
  facet normal 0.849395 -0.527757 0
    outer loop
      vertex 21.4583 -21.9524 2.5
      vertex 21.5049 -21.8774 0
      vertex 21.5049 -21.8774 2.5
    endloop
  endfacet
  facet normal 0.849395 -0.527757 0
    outer loop
      vertex 21.5049 -21.8774 0
      vertex 21.4583 -21.9524 2.5
      vertex 21.4583 -21.9524 0
    endloop
  endfacet
  facet normal 0.0984948 -0.995138 0
    outer loop
      vertex 22.4512 -21.289 0
      vertex 22.5391 -21.2803 2.5
      vertex 22.4512 -21.289 2.5
    endloop
  endfacet
  facet normal 0.0984948 -0.995138 0
    outer loop
      vertex 22.5391 -21.2803 2.5
      vertex 22.4512 -21.289 0
      vertex 22.5391 -21.2803 0
    endloop
  endfacet
  facet normal -0.471058 0.882102 0
    outer loop
      vertex 23.3024 -23.7966 0
      vertex 23.2245 -23.8382 2.5
      vertex 23.3024 -23.7966 2.5
    endloop
  endfacet
  facet normal -0.471058 0.882102 0
    outer loop
      vertex 23.2245 -23.8382 2.5
      vertex 23.3024 -23.7966 0
      vertex 23.2245 -23.8382 0
    endloop
  endfacet
  facet normal -0.290667 -0.956824 0
    outer loop
      vertex 22.9768 -21.3234 0
      vertex 23.0614 -21.3491 2.5
      vertex 22.9768 -21.3234 2.5
    endloop
  endfacet
  facet normal -0.290667 -0.956824 -0
    outer loop
      vertex 23.0614 -21.3491 2.5
      vertex 22.9768 -21.3234 0
      vertex 23.0614 -21.3491 0
    endloop
  endfacet
  facet normal -0.634039 0.773301 0
    outer loop
      vertex 23.5175 -23.6424 0
      vertex 23.4492 -23.6984 2.5
      vertex 23.5175 -23.6424 2.5
    endloop
  endfacet
  facet normal -0.634039 0.773301 0
    outer loop
      vertex 23.4492 -23.6984 2.5
      vertex 23.5175 -23.6424 0
      vertex 23.4492 -23.6984 0
    endloop
  endfacet
  facet normal -0.999461 0.0328249 0
    outer loop
      vertex 23.9745 -22.7157 0
      vertex 23.9774 -22.6274 2.5
      vertex 23.9774 -22.6274 0
    endloop
  endfacet
  facet normal -0.999461 0.0328249 0
    outer loop
      vertex 23.9774 -22.6274 2.5
      vertex 23.9745 -22.7157 0
      vertex 23.9745 -22.7157 2.5
    endloop
  endfacet
  facet normal 0.812585 0.582843 0
    outer loop
      vertex 21.5564 -23.4492 2.5
      vertex 21.5049 -23.3774 0
      vertex 21.5049 -23.3774 2.5
    endloop
  endfacet
  facet normal 0.812585 0.582843 0
    outer loop
      vertex 21.5049 -23.3774 0
      vertex 21.5564 -23.4492 2.5
      vertex 21.5564 -23.4492 0
    endloop
  endfacet
  facet normal -0.528574 0.848887 0
    outer loop
      vertex 23.3774 -23.7499 0
      vertex 23.3024 -23.7966 2.5
      vertex 23.3774 -23.7499 2.5
    endloop
  endfacet
  facet normal -0.528574 0.848887 0
    outer loop
      vertex 23.3024 -23.7966 2.5
      vertex 23.3774 -23.7499 0
      vertex 23.3024 -23.7966 0
    endloop
  endfacet
  facet normal 0.634039 0.773301 -0
    outer loop
      vertex 21.8056 -23.6984 0
      vertex 21.7373 -23.6424 2.5
      vertex 21.8056 -23.6984 2.5
    endloop
  endfacet
  facet normal 0.634039 0.773301 0
    outer loop
      vertex 21.7373 -23.6424 2.5
      vertex 21.8056 -23.6984 0
      vertex 21.7373 -23.6424 0
    endloop
  endfacet
  facet normal -0.352365 -0.935863 0
    outer loop
      vertex 23.0614 -21.3491 0
      vertex 23.144 -21.3802 2.5
      vertex 23.0614 -21.3491 2.5
    endloop
  endfacet
  facet normal -0.352365 -0.935863 -0
    outer loop
      vertex 23.144 -21.3802 2.5
      vertex 23.0614 -21.3491 0
      vertex 23.144 -21.3802 0
    endloop
  endfacet
  facet normal -0.683527 0.729925 0
    outer loop
      vertex 23.582 -23.582 0
      vertex 23.5175 -23.6424 2.5
      vertex 23.582 -23.582 2.5
    endloop
  endfacet
  facet normal -0.683527 0.729925 0
    outer loop
      vertex 23.5175 -23.6424 2.5
      vertex 23.582 -23.582 0
      vertex 23.5175 -23.6424 0
    endloop
  endfacet
  facet normal 0.995138 -0.0984948 0
    outer loop
      vertex 21.2803 -22.5391 2.5
      vertex 21.289 -22.4512 0
      vertex 21.289 -22.4512 2.5
    endloop
  endfacet
  facet normal 0.995138 -0.0984948 0
    outer loop
      vertex 21.289 -22.4512 0
      vertex 21.2803 -22.5391 2.5
      vertex 21.2803 -22.5391 0
    endloop
  endfacet
  facet normal 0.974008 -0.226513 0
    outer loop
      vertex 21.3034 -22.364 2.5
      vertex 21.3234 -22.278 0
      vertex 21.3234 -22.278 2.5
    endloop
  endfacet
  facet normal 0.974008 -0.226513 0
    outer loop
      vertex 21.3234 -22.278 0
      vertex 21.3034 -22.364 2.5
      vertex 21.3034 -22.364 0
    endloop
  endfacet
  facet normal -0.910754 0.41295 0
    outer loop
      vertex 23.8382 -23.2245 0
      vertex 23.8747 -23.144 2.5
      vertex 23.8747 -23.144 0
    endloop
  endfacet
  facet normal -0.910754 0.41295 0
    outer loop
      vertex 23.8747 -23.144 2.5
      vertex 23.8382 -23.2245 0
      vertex 23.8382 -23.2245 2.5
    endloop
  endfacet
  facet normal -0.935863 0.352365 0
    outer loop
      vertex 23.8747 -23.144 0
      vertex 23.9058 -23.0614 2.5
      vertex 23.9058 -23.0614 0
    endloop
  endfacet
  facet normal -0.935863 0.352365 0
    outer loop
      vertex 23.9058 -23.0614 2.5
      vertex 23.8747 -23.144 0
      vertex 23.8747 -23.144 2.5
    endloop
  endfacet
  facet normal 0.471058 0.882102 -0
    outer loop
      vertex 22.0303 -23.8382 0
      vertex 21.9524 -23.7966 2.5
      vertex 22.0303 -23.8382 2.5
    endloop
  endfacet
  facet normal 0.471058 0.882102 0
    outer loop
      vertex 21.9524 -23.7966 2.5
      vertex 22.0303 -23.8382 0
      vertex 21.9524 -23.7966 0
    endloop
  endfacet
  facet normal -1 0 0
    outer loop
      vertex 8 -32.5148 0
      vertex 8 -23.6 2.5
      vertex 8 -23.6 0
    endloop
  endfacet
  facet normal -1 -0 0
    outer loop
      vertex 8 -23.6 2.5
      vertex 8 -32.5148 0
      vertex 8 -32.5148 2.5
    endloop
  endfacet
  facet normal 1 -0 0
    outer loop
      vertex -8 -32.5148 2.5
      vertex -8 -23.6 0
      vertex -8 -23.6 2.5
    endloop
  endfacet
  facet normal 1 0 0
    outer loop
      vertex -8 -23.6 0
      vertex -8 -32.5148 2.5
      vertex -8 -32.5148 0
    endloop
  endfacet
  facet normal 0 -1 0
    outer loop
      vertex -8 -23.6 0
      vertex -6.55594 -23.6 2.5
      vertex -8 -23.6 2.5
    endloop
  endfacet
  facet normal 0 -1 -0
    outer loop
      vertex -6.55594 -23.6 2.5
      vertex -8 -23.6 0
      vertex -6.55594 -23.6 0
    endloop
  endfacet
  facet normal 0 -1 0
    outer loop
      vertex 6.55594 -23.6 0
      vertex 8 -23.6 2.5
      vertex 6.55594 -23.6 2.5
    endloop
  endfacet
  facet normal 0 -1 -0
    outer loop
      vertex 8 -23.6 2.5
      vertex 6.55594 -23.6 0
      vertex 8 -23.6 0
    endloop
  endfacet
endsolid OpenSCAD_Model
