solid OpenSCAD_Model
  facet normal 0.582421 0.812887 -0
    outer loop
      vertex -8.88891 -1.33035 0
      vertex -8.97402 -1.26937 4
      vertex -8.88891 -1.33035 4
    endloop
  endfacet
  facet normal 0.582421 0.812887 0
    outer loop
      vertex -8.97402 -1.26937 4
      vertex -8.88891 -1.33035 0
      vertex -8.97402 -1.26937 0
    endloop
  endfacet
  facet normal -0.995187 -0.0979943 0
    outer loop
      vertex -6.40343 0.104645 0
      vertex -6.41369 0.208841 4
      vertex -6.41369 0.208841 0
    endloop
  endfacet
  facet normal -0.995187 -0.0979943 0
    outer loop
      vertex -6.41369 0.208841 4
      vertex -6.40343 0.104645 0
      vertex -6.40343 0.104645 4
    endloop
  endfacet
  facet normal -0.999463 -0.0327599 0
    outer loop
      vertex -6.4 0 0
      vertex -6.40343 0.104645 4
      vertex -6.40343 0.104645 0
    endloop
  endfacet
  facet normal -0.999463 -0.0327599 0
    outer loop
      vertex -6.40343 0.104645 4
      vertex -6.4 0 0
      vertex -6.4 0 4
    endloop
  endfacet
  facet normal 0.16285 0.986651 -0
    outer loop
      vertex -8.20884 -1.58631 0
      vertex -8.31214 -1.56926 4
      vertex -8.20884 -1.58631 4
    endloop
  endfacet
  facet normal 0.16285 0.986651 0
    outer loop
      vertex -8.31214 -1.56926 4
      vertex -8.20884 -1.58631 0
      vertex -8.31214 -1.56926 0
    endloop
  endfacet
  facet normal -0.910868 0.412698 0
    outer loop
      vertex -6.565 -0.707662 0
      vertex -6.52179 -0.612293 4
      vertex -6.52179 -0.612293 0
    endloop
  endfacet
  facet normal -0.910868 0.412698 0
    outer loop
      vertex -6.52179 -0.612293 4
      vertex -6.565 -0.707662 0
      vertex -6.565 -0.707662 4
    endloop
  endfacet
  facet normal -0.973867 0.22712 0
    outer loop
      vertex -6.45452 -0.41411 0
      vertex -6.43074 -0.312144 4
      vertex -6.43074 -0.312144 0
    endloop
  endfacet
  facet normal -0.973867 0.22712 0
    outer loop
      vertex -6.43074 -0.312144 4
      vertex -6.45452 -0.41411 0
      vertex -6.45452 -0.41411 4
    endloop
  endfacet
  facet normal -0.227133 0.973864 0
    outer loop
      vertex -7.58589 -1.54548 0
      vertex -7.68785 -1.56926 4
      vertex -7.58589 -1.54548 4
    endloop
  endfacet
  facet normal -0.227133 0.973864 0
    outer loop
      vertex -7.68785 -1.56926 4
      vertex -7.58589 -1.54548 0
      vertex -7.68785 -1.56926 0
    endloop
  endfacet
  facet normal -0.812874 -0.582439 0
    outer loop
      vertex -6.66965 0.888912 0
      vertex -6.73063 0.974018 4
      vertex -6.73063 0.974018 0
    endloop
  endfacet
  facet normal -0.812874 -0.582439 0
    outer loop
      vertex -6.73063 0.974018 4
      vertex -6.66965 0.888912 0
      vertex -6.66965 0.888912 4
    endloop
  endfacet
  facet normal 0.729889 0.683566 0
    outer loop
      vertex -9.13137 -1.13137 4
      vertex -9.20294 -1.05495 0
      vertex -9.20294 -1.05495 4
    endloop
  endfacet
  facet normal 0.729889 0.683566 0
    outer loop
      vertex -9.20294 -1.05495 0
      vertex -9.13137 -1.13137 4
      vertex -9.13137 -1.13137 0
    endloop
  endfacet
  facet normal -0.352243 0.935909 0
    outer loop
      vertex -7.38771 -1.47821 0
      vertex -7.4857 -1.51509 4
      vertex -7.38771 -1.47821 4
    endloop
  endfacet
  facet normal -0.352243 0.935909 0
    outer loop
      vertex -7.4857 -1.51509 4
      vertex -7.38771 -1.47821 0
      vertex -7.4857 -1.51509 0
    endloop
  endfacet
  facet normal 0.0979906 -0.995187 0
    outer loop
      vertex -8.20884 1.58631 0
      vertex -8.10464 1.59657 4
      vertex -8.20884 1.58631 4
    endloop
  endfacet
  facet normal 0.0979906 -0.995187 0
    outer loop
      vertex -8.10464 1.59657 4
      vertex -8.20884 1.58631 0
      vertex -8.10464 1.59657 0
    endloop
  endfacet
  facet normal 0.16285 -0.986651 0
    outer loop
      vertex -8.31214 1.56926 0
      vertex -8.20884 1.58631 4
      vertex -8.31214 1.56926 4
    endloop
  endfacet
  facet normal 0.16285 -0.986651 0
    outer loop
      vertex -8.20884 1.58631 4
      vertex -8.31214 1.56926 0
      vertex -8.20884 1.58631 0
    endloop
  endfacet
  facet normal -0.812874 0.582439 0
    outer loop
      vertex -6.73063 -0.974018 0
      vertex -6.66965 -0.888912 4
      vertex -6.66965 -0.888912 0
    endloop
  endfacet
  facet normal -0.812874 0.582439 0
    outer loop
      vertex -6.66965 -0.888912 4
      vertex -6.73063 -0.974018 0
      vertex -6.73063 -0.974018 4
    endloop
  endfacet
  facet normal 0.956948 0.290259 0
    outer loop
      vertex -9.51509 -0.514302 4
      vertex -9.54548 -0.41411 0
      vertex -9.54548 -0.41411 4
    endloop
  endfacet
  facet normal 0.956948 0.290259 0
    outer loop
      vertex -9.54548 -0.41411 0
      vertex -9.51509 -0.514302 4
      vertex -9.51509 -0.514302 0
    endloop
  endfacet
  facet normal 0.881902 -0.471433 0
    outer loop
      vertex -9.435 0.707662 4
      vertex -9.38564 0.799999 0
      vertex -9.38564 0.799999 4
    endloop
  endfacet
  facet normal 0.881902 -0.471433 0
    outer loop
      vertex -9.38564 0.799999 0
      vertex -9.435 0.707662 4
      vertex -9.435 0.707662 0
    endloop
  endfacet
  facet normal -0.77296 -0.634455 0
    outer loop
      vertex -6.73063 0.974018 0
      vertex -6.79706 1.05495 4
      vertex -6.79706 1.05495 0
    endloop
  endfacet
  facet normal -0.77296 -0.634455 0
    outer loop
      vertex -6.79706 1.05495 4
      vertex -6.73063 0.974018 0
      vertex -6.73063 0.974018 4
    endloop
  endfacet
  facet normal -0.582421 -0.812887 0
    outer loop
      vertex -7.11109 1.33035 0
      vertex -7.02598 1.26937 4
      vertex -7.11109 1.33035 4
    endloop
  endfacet
  facet normal -0.582421 -0.812887 -0
    outer loop
      vertex -7.02598 1.26937 4
      vertex -7.11109 1.33035 0
      vertex -7.02598 1.26937 0
    endloop
  endfacet
  facet normal 0.0979906 0.995187 -0
    outer loop
      vertex -8.10464 -1.59657 0
      vertex -8.20884 -1.58631 4
      vertex -8.10464 -1.59657 4
    endloop
  endfacet
  facet normal 0.0979906 0.995187 0
    outer loop
      vertex -8.20884 -1.58631 4
      vertex -8.10464 -1.59657 0
      vertex -8.20884 -1.58631 0
    endloop
  endfacet
  facet normal 0.528083 0.849193 -0
    outer loop
      vertex -8.8 -1.38564 0
      vertex -8.88891 -1.33035 4
      vertex -8.8 -1.38564 4
    endloop
  endfacet
  facet normal 0.528083 0.849193 0
    outer loop
      vertex -8.88891 -1.33035 4
      vertex -8.8 -1.38564 0
      vertex -8.88891 -1.33035 0
    endloop
  endfacet
  facet normal -0.0327583 0.999463 0
    outer loop
      vertex -7.89535 -1.59657 0
      vertex -8 -1.6 4
      vertex -7.89535 -1.59657 4
    endloop
  endfacet
  facet normal -0.0327583 0.999463 0
    outer loop
      vertex -8 -1.6 4
      vertex -7.89535 -1.59657 0
      vertex -8 -1.6 0
    endloop
  endfacet
  facet normal 0.471421 0.881908 -0
    outer loop
      vertex -8.70766 -1.435 0
      vertex -8.8 -1.38564 4
      vertex -8.70766 -1.435 4
    endloop
  endfacet
  facet normal 0.471421 0.881908 0
    outer loop
      vertex -8.8 -1.38564 4
      vertex -8.70766 -1.435 0
      vertex -8.8 -1.38564 0
    endloop
  endfacet
  facet normal -0.0979999 -0.995186 0
    outer loop
      vertex -7.89535 1.59657 0
      vertex -7.79116 1.58631 4
      vertex -7.89535 1.59657 4
    endloop
  endfacet
  facet normal -0.0979999 -0.995186 -0
    outer loop
      vertex -7.79116 1.58631 4
      vertex -7.89535 1.59657 0
      vertex -7.79116 1.58631 0
    endloop
  endfacet
  facet normal 0.352243 -0.935909 0
    outer loop
      vertex -8.61229 1.47821 0
      vertex -8.5143 1.51509 4
      vertex -8.61229 1.47821 4
    endloop
  endfacet
  facet normal 0.352243 -0.935909 0
    outer loop
      vertex -8.5143 1.51509 4
      vertex -8.61229 1.47821 0
      vertex -8.5143 1.51509 0
    endloop
  endfacet
  facet normal 0.0327615 -0.999463 0
    outer loop
      vertex -8.10464 1.59657 0
      vertex -8 1.6 4
      vertex -8.10464 1.59657 4
    endloop
  endfacet
  facet normal 0.0327615 -0.999463 0
    outer loop
      vertex -8 1.6 4
      vertex -8.10464 1.59657 0
      vertex -8 1.6 0
    endloop
  endfacet
  facet normal -0.956948 -0.290259 0
    outer loop
      vertex -6.45452 0.41411 0
      vertex -6.48491 0.514302 4
      vertex -6.48491 0.514302 0
    endloop
  endfacet
  facet normal -0.956948 -0.290259 0
    outer loop
      vertex -6.48491 0.514302 4
      vertex -6.45452 0.41411 0
      vertex -6.45452 0.41411 4
    endloop
  endfacet
  facet normal -0.849201 -0.52807 0
    outer loop
      vertex -6.61436 0.799999 0
      vertex -6.66965 0.888912 4
      vertex -6.66965 0.888912 0
    endloop
  endfacet
  facet normal -0.849201 -0.52807 0
    outer loop
      vertex -6.66965 0.888912 4
      vertex -6.61436 0.799999 0
      vertex -6.61436 0.799999 4
    endloop
  endfacet
  facet normal 0.999463 0.0327599 0
    outer loop
      vertex -9.59657 -0.104645 4
      vertex -9.6 0 0
      vertex -9.6 0 4
    endloop
  endfacet
  facet normal 0.999463 0.0327599 0
    outer loop
      vertex -9.6 0 0
      vertex -9.59657 -0.104645 4
      vertex -9.59657 -0.104645 0
    endloop
  endfacet
  facet normal -0.973867 -0.22712 0
    outer loop
      vertex -6.43074 0.312144 0
      vertex -6.45452 0.41411 4
      vertex -6.45452 0.41411 0
    endloop
  endfacet
  facet normal -0.973867 -0.22712 0
    outer loop
      vertex -6.45452 0.41411 4
      vertex -6.43074 0.312144 0
      vertex -6.43074 0.312144 4
    endloop
  endfacet
  facet normal -0.910868 -0.412698 0
    outer loop
      vertex -6.52179 0.612293 0
      vertex -6.565 0.707662 4
      vertex -6.565 0.707662 0
    endloop
  endfacet
  facet normal -0.910868 -0.412698 0
    outer loop
      vertex -6.565 0.707662 4
      vertex -6.52179 0.612293 0
      vertex -6.52179 0.612293 4
    endloop
  endfacet
  facet normal -0.528083 0.849193 0
    outer loop
      vertex -7.11109 -1.33035 0
      vertex -7.2 -1.38564 4
      vertex -7.11109 -1.33035 4
    endloop
  endfacet
  facet normal -0.528083 0.849193 0
    outer loop
      vertex -7.2 -1.38564 4
      vertex -7.11109 -1.33035 0
      vertex -7.2 -1.38564 0
    endloop
  endfacet
  facet normal 0.812874 -0.582439 0
    outer loop
      vertex -9.33035 0.888912 4
      vertex -9.26937 0.974018 0
      vertex -9.26937 0.974018 4
    endloop
  endfacet
  facet normal 0.812874 -0.582439 0
    outer loop
      vertex -9.26937 0.974018 0
      vertex -9.33035 0.888912 4
      vertex -9.33035 0.888912 0
    endloop
  endfacet
  facet normal 0.93591 -0.35224 0
    outer loop
      vertex -9.51509 0.514302 4
      vertex -9.47821 0.612293 0
      vertex -9.47821 0.612293 4
    endloop
  endfacet
  facet normal 0.93591 -0.35224 0
    outer loop
      vertex -9.47821 0.612293 0
      vertex -9.51509 0.514302 4
      vertex -9.51509 0.514302 0
    endloop
  endfacet
  facet normal -0.729889 0.683566 0
    outer loop
      vertex -6.86863 -1.13137 0
      vertex -6.79706 -1.05495 4
      vertex -6.79706 -1.05495 0
    endloop
  endfacet
  facet normal -0.729889 0.683566 0
    outer loop
      vertex -6.79706 -1.05495 4
      vertex -6.86863 -1.13137 0
      vertex -6.86863 -1.13137 4
    endloop
  endfacet
  facet normal 0.582421 -0.812887 0
    outer loop
      vertex -8.97402 1.26937 0
      vertex -8.88891 1.33035 4
      vertex -8.97402 1.26937 4
    endloop
  endfacet
  facet normal 0.582421 -0.812887 0
    outer loop
      vertex -8.88891 1.33035 4
      vertex -8.97402 1.26937 0
      vertex -8.88891 1.33035 0
    endloop
  endfacet
  facet normal 0.683566 0.729889 -0
    outer loop
      vertex -9.05495 -1.20294 0
      vertex -9.13137 -1.13137 4
      vertex -9.05495 -1.20294 4
    endloop
  endfacet
  facet normal 0.683566 0.729889 0
    outer loop
      vertex -9.13137 -1.13137 4
      vertex -9.05495 -1.20294 0
      vertex -9.13137 -1.13137 0
    endloop
  endfacet
  facet normal 0.412694 -0.91087 0
    outer loop
      vertex -8.70766 1.435 0
      vertex -8.61229 1.47821 4
      vertex -8.70766 1.435 4
    endloop
  endfacet
  facet normal 0.412694 -0.91087 0
    outer loop
      vertex -8.61229 1.47821 4
      vertex -8.70766 1.435 0
      vertex -8.61229 1.47821 0
    endloop
  endfacet
  facet normal 0.683566 -0.729889 0
    outer loop
      vertex -9.13137 1.13137 0
      vertex -9.05495 1.20294 4
      vertex -9.13137 1.13137 4
    endloop
  endfacet
  facet normal 0.683566 -0.729889 0
    outer loop
      vertex -9.05495 1.20294 4
      vertex -9.13137 1.13137 0
      vertex -9.05495 1.20294 0
    endloop
  endfacet
  facet normal -0.162835 0.986653 0
    outer loop
      vertex -7.68785 -1.56926 0
      vertex -7.79116 -1.58631 4
      vertex -7.68785 -1.56926 4
    endloop
  endfacet
  facet normal -0.162835 0.986653 0
    outer loop
      vertex -7.79116 -1.58631 4
      vertex -7.68785 -1.56926 0
      vertex -7.79116 -1.58631 0
    endloop
  endfacet
  facet normal -0.0979999 0.995186 0
    outer loop
      vertex -7.79116 -1.58631 0
      vertex -7.89535 -1.59657 4
      vertex -7.79116 -1.58631 4
    endloop
  endfacet
  facet normal -0.0979999 0.995186 0
    outer loop
      vertex -7.89535 -1.59657 4
      vertex -7.79116 -1.58631 0
      vertex -7.89535 -1.59657 0
    endloop
  endfacet
  facet normal -0.881902 -0.471433 0
    outer loop
      vertex -6.565 0.707662 0
      vertex -6.61436 0.799999 4
      vertex -6.61436 0.799999 0
    endloop
  endfacet
  facet normal -0.881902 -0.471433 0
    outer loop
      vertex -6.61436 0.799999 4
      vertex -6.565 0.707662 0
      vertex -6.565 0.707662 4
    endloop
  endfacet
  facet normal 0.986652 -0.162845 0
    outer loop
      vertex -9.58631 0.208841 4
      vertex -9.56926 0.312144 0
      vertex -9.56926 0.312144 4
    endloop
  endfacet
  facet normal 0.986652 -0.162845 0
    outer loop
      vertex -9.56926 0.312144 0
      vertex -9.58631 0.208841 4
      vertex -9.58631 0.208841 0
    endloop
  endfacet
  facet normal 0.634464 0.772952 -0
    outer loop
      vertex -8.97402 -1.26937 0
      vertex -9.05495 -1.20294 4
      vertex -8.97402 -1.26937 4
    endloop
  endfacet
  facet normal 0.634464 0.772952 0
    outer loop
      vertex -9.05495 -1.20294 4
      vertex -8.97402 -1.26937 0
      vertex -9.05495 -1.20294 0
    endloop
  endfacet
  facet normal -0.986652 0.162845 0
    outer loop
      vertex -6.43074 -0.312144 0
      vertex -6.41369 -0.208841 4
      vertex -6.41369 -0.208841 0
    endloop
  endfacet
  facet normal -0.986652 0.162845 0
    outer loop
      vertex -6.41369 -0.208841 4
      vertex -6.43074 -0.312144 0
      vertex -6.43074 -0.312144 4
    endloop
  endfacet
  facet normal -0.683566 -0.729889 0
    outer loop
      vertex -6.94505 1.20294 0
      vertex -6.86863 1.13137 4
      vertex -6.94505 1.20294 4
    endloop
  endfacet
  facet normal -0.683566 -0.729889 -0
    outer loop
      vertex -6.86863 1.13137 4
      vertex -6.94505 1.20294 0
      vertex -6.86863 1.13137 0
    endloop
  endfacet
  facet normal -0.528083 -0.849193 0
    outer loop
      vertex -7.2 1.38564 0
      vertex -7.11109 1.33035 4
      vertex -7.2 1.38564 4
    endloop
  endfacet
  facet normal -0.528083 -0.849193 -0
    outer loop
      vertex -7.11109 1.33035 4
      vertex -7.2 1.38564 0
      vertex -7.11109 1.33035 0
    endloop
  endfacet
  facet normal -0.77296 0.634455 0
    outer loop
      vertex -6.79706 -1.05495 0
      vertex -6.73063 -0.974018 4
      vertex -6.73063 -0.974018 0
    endloop
  endfacet
  facet normal -0.77296 0.634455 0
    outer loop
      vertex -6.73063 -0.974018 4
      vertex -6.79706 -1.05495 0
      vertex -6.79706 -1.05495 4
    endloop
  endfacet
  facet normal -0.162835 -0.986653 0
    outer loop
      vertex -7.79116 1.58631 0
      vertex -7.68785 1.56926 4
      vertex -7.79116 1.58631 4
    endloop
  endfacet
  facet normal -0.162835 -0.986653 -0
    outer loop
      vertex -7.68785 1.56926 4
      vertex -7.79116 1.58631 0
      vertex -7.68785 1.56926 0
    endloop
  endfacet
  facet normal -0.956948 0.290259 0
    outer loop
      vertex -6.48491 -0.514302 0
      vertex -6.45452 -0.41411 4
      vertex -6.45452 -0.41411 0
    endloop
  endfacet
  facet normal -0.956948 0.290259 0
    outer loop
      vertex -6.45452 -0.41411 4
      vertex -6.48491 -0.514302 0
      vertex -6.48491 -0.514302 4
    endloop
  endfacet
  facet normal -0.634464 -0.772952 0
    outer loop
      vertex -7.02598 1.26937 0
      vertex -6.94505 1.20294 4
      vertex -7.02598 1.26937 4
    endloop
  endfacet
  facet normal -0.634464 -0.772952 -0
    outer loop
      vertex -6.94505 1.20294 4
      vertex -7.02598 1.26937 0
      vertex -6.94505 1.20294 0
    endloop
  endfacet
  facet normal 0.290265 0.956946 -0
    outer loop
      vertex -8.41411 -1.54548 0
      vertex -8.5143 -1.51509 4
      vertex -8.41411 -1.54548 4
    endloop
  endfacet
  facet normal 0.290265 0.956946 0
    outer loop
      vertex -8.5143 -1.51509 4
      vertex -8.41411 -1.54548 0
      vertex -8.5143 -1.51509 0
    endloop
  endfacet
  facet normal -0.634464 0.772952 0
    outer loop
      vertex -6.94505 -1.20294 0
      vertex -7.02598 -1.26937 4
      vertex -6.94505 -1.20294 4
    endloop
  endfacet
  facet normal -0.634464 0.772952 0
    outer loop
      vertex -7.02598 -1.26937 4
      vertex -6.94505 -1.20294 0
      vertex -7.02598 -1.26937 0
    endloop
  endfacet
  facet normal 0.290265 -0.956946 0
    outer loop
      vertex -8.5143 1.51509 0
      vertex -8.41411 1.54548 4
      vertex -8.5143 1.51509 4
    endloop
  endfacet
  facet normal 0.290265 -0.956946 0
    outer loop
      vertex -8.41411 1.54548 4
      vertex -8.5143 1.51509 0
      vertex -8.41411 1.54548 0
    endloop
  endfacet
  facet normal -0.352243 -0.935909 0
    outer loop
      vertex -7.4857 1.51509 0
      vertex -7.38771 1.47821 4
      vertex -7.4857 1.51509 4
    endloop
  endfacet
  facet normal -0.352243 -0.935909 -0
    outer loop
      vertex -7.38771 1.47821 4
      vertex -7.4857 1.51509 0
      vertex -7.38771 1.47821 0
    endloop
  endfacet
  facet normal -0.412694 -0.91087 0
    outer loop
      vertex -7.38771 1.47821 0
      vertex -7.29234 1.435 4
      vertex -7.38771 1.47821 4
    endloop
  endfacet
  facet normal -0.412694 -0.91087 -0
    outer loop
      vertex -7.29234 1.435 4
      vertex -7.38771 1.47821 0
      vertex -7.29234 1.435 0
    endloop
  endfacet
  facet normal 0.849201 0.52807 0
    outer loop
      vertex -9.33035 -0.888912 4
      vertex -9.38564 -0.799999 0
      vertex -9.38564 -0.799999 4
    endloop
  endfacet
  facet normal 0.849201 0.52807 0
    outer loop
      vertex -9.38564 -0.799999 0
      vertex -9.33035 -0.888912 4
      vertex -9.33035 -0.888912 0
    endloop
  endfacet
  facet normal -0.995187 0.0979943 0
    outer loop
      vertex -6.41369 -0.208841 0
      vertex -6.40343 -0.104645 4
      vertex -6.40343 -0.104645 0
    endloop
  endfacet
  facet normal -0.995187 0.0979943 0
    outer loop
      vertex -6.40343 -0.104645 4
      vertex -6.41369 -0.208841 0
      vertex -6.41369 -0.208841 4
    endloop
  endfacet
  facet normal 0.227112 0.973869 -0
    outer loop
      vertex -8.31214 -1.56926 0
      vertex -8.41411 -1.54548 4
      vertex -8.31214 -1.56926 4
    endloop
  endfacet
  facet normal 0.227112 0.973869 0
    outer loop
      vertex -8.41411 -1.54548 4
      vertex -8.31214 -1.56926 0
      vertex -8.41411 -1.54548 0
    endloop
  endfacet
  facet normal 0.812874 0.582439 0
    outer loop
      vertex -9.26937 -0.974018 4
      vertex -9.33035 -0.888912 0
      vertex -9.33035 -0.888912 4
    endloop
  endfacet
  facet normal 0.812874 0.582439 0
    outer loop
      vertex -9.33035 -0.888912 0
      vertex -9.26937 -0.974018 4
      vertex -9.26937 -0.974018 0
    endloop
  endfacet
  facet normal -0.290265 -0.956946 0
    outer loop
      vertex -7.58589 1.54548 0
      vertex -7.4857 1.51509 4
      vertex -7.58589 1.54548 4
    endloop
  endfacet
  facet normal -0.290265 -0.956946 -0
    outer loop
      vertex -7.4857 1.51509 4
      vertex -7.58589 1.54548 0
      vertex -7.4857 1.51509 0
    endloop
  endfacet
  facet normal 0.973867 -0.22712 0
    outer loop
      vertex -9.56926 0.312144 4
      vertex -9.54548 0.41411 0
      vertex -9.54548 0.41411 4
    endloop
  endfacet
  facet normal 0.973867 -0.22712 0
    outer loop
      vertex -9.54548 0.41411 0
      vertex -9.56926 0.312144 4
      vertex -9.56926 0.312144 0
    endloop
  endfacet
  facet normal 0.729889 -0.683566 0
    outer loop
      vertex -9.20294 1.05495 4
      vertex -9.13137 1.13137 0
      vertex -9.13137 1.13137 4
    endloop
  endfacet
  facet normal 0.729889 -0.683566 0
    outer loop
      vertex -9.13137 1.13137 0
      vertex -9.20294 1.05495 4
      vertex -9.20294 1.05495 0
    endloop
  endfacet
  facet normal -0.999463 0.0327599 0
    outer loop
      vertex -6.40343 -0.104645 0
      vertex -6.4 0 4
      vertex -6.4 0 0
    endloop
  endfacet
  facet normal -0.999463 0.0327599 0
    outer loop
      vertex -6.4 0 4
      vertex -6.40343 -0.104645 0
      vertex -6.40343 -0.104645 4
    endloop
  endfacet
  facet normal 0.93591 0.35224 0
    outer loop
      vertex -9.47821 -0.612293 4
      vertex -9.51509 -0.514302 0
      vertex -9.51509 -0.514302 4
    endloop
  endfacet
  facet normal 0.93591 0.35224 0
    outer loop
      vertex -9.51509 -0.514302 0
      vertex -9.47821 -0.612293 4
      vertex -9.47821 -0.612293 0
    endloop
  endfacet
  facet normal 0.849201 -0.52807 0
    outer loop
      vertex -9.38564 0.799999 4
      vertex -9.33035 0.888912 0
      vertex -9.33035 0.888912 4
    endloop
  endfacet
  facet normal 0.849201 -0.52807 0
    outer loop
      vertex -9.33035 0.888912 0
      vertex -9.38564 0.799999 4
      vertex -9.38564 0.799999 0
    endloop
  endfacet
  facet normal -0.471421 -0.881908 0
    outer loop
      vertex -7.29234 1.435 0
      vertex -7.2 1.38564 4
      vertex -7.29234 1.435 4
    endloop
  endfacet
  facet normal -0.471421 -0.881908 -0
    outer loop
      vertex -7.2 1.38564 4
      vertex -7.29234 1.435 0
      vertex -7.2 1.38564 0
    endloop
  endfacet
  facet normal 0.910868 -0.412698 0
    outer loop
      vertex -9.47821 0.612293 4
      vertex -9.435 0.707662 0
      vertex -9.435 0.707662 4
    endloop
  endfacet
  facet normal 0.910868 -0.412698 0
    outer loop
      vertex -9.435 0.707662 0
      vertex -9.47821 0.612293 4
      vertex -9.47821 0.612293 0
    endloop
  endfacet
  facet normal -0.93591 0.35224 0
    outer loop
      vertex -6.52179 -0.612293 0
      vertex -6.48491 -0.514302 4
      vertex -6.48491 -0.514302 0
    endloop
  endfacet
  facet normal -0.93591 0.35224 0
    outer loop
      vertex -6.48491 -0.514302 4
      vertex -6.52179 -0.612293 0
      vertex -6.52179 -0.612293 4
    endloop
  endfacet
  facet normal -0.412694 0.91087 0
    outer loop
      vertex -7.29234 -1.435 0
      vertex -7.38771 -1.47821 4
      vertex -7.29234 -1.435 4
    endloop
  endfacet
  facet normal -0.412694 0.91087 0
    outer loop
      vertex -7.38771 -1.47821 4
      vertex -7.29234 -1.435 0
      vertex -7.38771 -1.47821 0
    endloop
  endfacet
  facet normal -0.93591 -0.35224 0
    outer loop
      vertex -6.48491 0.514302 0
      vertex -6.52179 0.612293 4
      vertex -6.52179 0.612293 0
    endloop
  endfacet
  facet normal -0.93591 -0.35224 0
    outer loop
      vertex -6.52179 0.612293 4
      vertex -6.48491 0.514302 0
      vertex -6.48491 0.514302 4
    endloop
  endfacet
  facet normal 0.995187 0.0979943 0
    outer loop
      vertex -9.58631 -0.208841 4
      vertex -9.59657 -0.104645 0
      vertex -9.59657 -0.104645 4
    endloop
  endfacet
  facet normal 0.995187 0.0979943 0
    outer loop
      vertex -9.59657 -0.104645 0
      vertex -9.58631 -0.208841 4
      vertex -9.58631 -0.208841 0
    endloop
  endfacet
  facet normal -0.290265 0.956946 0
    outer loop
      vertex -7.4857 -1.51509 0
      vertex -7.58589 -1.54548 4
      vertex -7.4857 -1.51509 4
    endloop
  endfacet
  facet normal -0.290265 0.956946 0
    outer loop
      vertex -7.58589 -1.54548 4
      vertex -7.4857 -1.51509 0
      vertex -7.58589 -1.54548 0
    endloop
  endfacet
  facet normal 0.634464 -0.772952 0
    outer loop
      vertex -9.05495 1.20294 0
      vertex -8.97402 1.26937 4
      vertex -9.05495 1.20294 4
    endloop
  endfacet
  facet normal 0.634464 -0.772952 0
    outer loop
      vertex -8.97402 1.26937 4
      vertex -9.05495 1.20294 0
      vertex -8.97402 1.26937 0
    endloop
  endfacet
  facet normal 0.986652 0.162845 0
    outer loop
      vertex -9.56926 -0.312144 4
      vertex -9.58631 -0.208841 0
      vertex -9.58631 -0.208841 4
    endloop
  endfacet
  facet normal 0.986652 0.162845 0
    outer loop
      vertex -9.58631 -0.208841 0
      vertex -9.56926 -0.312144 4
      vertex -9.56926 -0.312144 0
    endloop
  endfacet
  facet normal -0.582421 0.812887 0
    outer loop
      vertex -7.02598 -1.26937 0
      vertex -7.11109 -1.33035 4
      vertex -7.02598 -1.26937 4
    endloop
  endfacet
  facet normal -0.582421 0.812887 0
    outer loop
      vertex -7.11109 -1.33035 4
      vertex -7.02598 -1.26937 0
      vertex -7.11109 -1.33035 0
    endloop
  endfacet
  facet normal -0.0327583 -0.999463 0
    outer loop
      vertex -8 1.6 0
      vertex -7.89535 1.59657 4
      vertex -8 1.6 4
    endloop
  endfacet
  facet normal -0.0327583 -0.999463 -0
    outer loop
      vertex -7.89535 1.59657 4
      vertex -8 1.6 0
      vertex -7.89535 1.59657 0
    endloop
  endfacet
  facet normal -0.471421 0.881908 0
    outer loop
      vertex -7.2 -1.38564 0
      vertex -7.29234 -1.435 4
      vertex -7.2 -1.38564 4
    endloop
  endfacet
  facet normal -0.471421 0.881908 0
    outer loop
      vertex -7.29234 -1.435 4
      vertex -7.2 -1.38564 0
      vertex -7.29234 -1.435 0
    endloop
  endfacet
  facet normal -0.986652 -0.162845 0
    outer loop
      vertex -6.41369 0.208841 0
      vertex -6.43074 0.312144 4
      vertex -6.43074 0.312144 0
    endloop
  endfacet
  facet normal -0.986652 -0.162845 0
    outer loop
      vertex -6.43074 0.312144 4
      vertex -6.41369 0.208841 0
      vertex -6.41369 0.208841 4
    endloop
  endfacet
  facet normal 0.227112 -0.973869 0
    outer loop
      vertex -8.41411 1.54548 0
      vertex -8.31214 1.56926 4
      vertex -8.41411 1.54548 4
    endloop
  endfacet
  facet normal 0.227112 -0.973869 0
    outer loop
      vertex -8.31214 1.56926 4
      vertex -8.41411 1.54548 0
      vertex -8.31214 1.56926 0
    endloop
  endfacet
  facet normal -0.849201 0.52807 0
    outer loop
      vertex -6.66965 -0.888912 0
      vertex -6.61436 -0.799999 4
      vertex -6.61436 -0.799999 0
    endloop
  endfacet
  facet normal -0.849201 0.52807 0
    outer loop
      vertex -6.61436 -0.799999 4
      vertex -6.66965 -0.888912 0
      vertex -6.66965 -0.888912 4
    endloop
  endfacet
  facet normal 0.910868 0.412698 0
    outer loop
      vertex -9.435 -0.707662 4
      vertex -9.47821 -0.612293 0
      vertex -9.47821 -0.612293 4
    endloop
  endfacet
  facet normal 0.910868 0.412698 0
    outer loop
      vertex -9.47821 -0.612293 0
      vertex -9.435 -0.707662 4
      vertex -9.435 -0.707662 0
    endloop
  endfacet
  facet normal 0.528083 -0.849193 0
    outer loop
      vertex -8.88891 1.33035 0
      vertex -8.8 1.38564 4
      vertex -8.88891 1.33035 4
    endloop
  endfacet
  facet normal 0.528083 -0.849193 0
    outer loop
      vertex -8.8 1.38564 4
      vertex -8.88891 1.33035 0
      vertex -8.8 1.38564 0
    endloop
  endfacet
  facet normal 0.77296 0.634455 0
    outer loop
      vertex -9.20294 -1.05495 4
      vertex -9.26937 -0.974018 0
      vertex -9.26937 -0.974018 4
    endloop
  endfacet
  facet normal 0.77296 0.634455 0
    outer loop
      vertex -9.26937 -0.974018 0
      vertex -9.20294 -1.05495 4
      vertex -9.20294 -1.05495 0
    endloop
  endfacet
  facet normal 0.999463 -0.0327599 0
    outer loop
      vertex -9.6 0 4
      vertex -9.59657 0.104645 0
      vertex -9.59657 0.104645 4
    endloop
  endfacet
  facet normal 0.999463 -0.0327599 0
    outer loop
      vertex -9.59657 0.104645 0
      vertex -9.6 0 4
      vertex -9.6 0 0
    endloop
  endfacet
  facet normal 0.471421 -0.881908 0
    outer loop
      vertex -8.8 1.38564 0
      vertex -8.70766 1.435 4
      vertex -8.8 1.38564 4
    endloop
  endfacet
  facet normal 0.471421 -0.881908 0
    outer loop
      vertex -8.70766 1.435 4
      vertex -8.8 1.38564 0
      vertex -8.70766 1.435 0
    endloop
  endfacet
  facet normal 0.0327615 0.999463 -0
    outer loop
      vertex -8 -1.6 0
      vertex -8.10464 -1.59657 4
      vertex -8 -1.6 4
    endloop
  endfacet
  facet normal 0.0327615 0.999463 0
    outer loop
      vertex -8.10464 -1.59657 4
      vertex -8 -1.6 0
      vertex -8.10464 -1.59657 0
    endloop
  endfacet
  facet normal -0.683566 0.729889 0
    outer loop
      vertex -6.86863 -1.13137 0
      vertex -6.94505 -1.20294 4
      vertex -6.86863 -1.13137 4
    endloop
  endfacet
  facet normal -0.683566 0.729889 0
    outer loop
      vertex -6.94505 -1.20294 4
      vertex -6.86863 -1.13137 0
      vertex -6.94505 -1.20294 0
    endloop
  endfacet
  facet normal 0.956948 -0.290259 0
    outer loop
      vertex -9.54548 0.41411 4
      vertex -9.51509 0.514302 0
      vertex -9.51509 0.514302 4
    endloop
  endfacet
  facet normal 0.956948 -0.290259 0
    outer loop
      vertex -9.51509 0.514302 0
      vertex -9.54548 0.41411 4
      vertex -9.54548 0.41411 0
    endloop
  endfacet
  facet normal -0.729889 -0.683566 0
    outer loop
      vertex -6.79706 1.05495 0
      vertex -6.86863 1.13137 4
      vertex -6.86863 1.13137 0
    endloop
  endfacet
  facet normal -0.729889 -0.683566 0
    outer loop
      vertex -6.86863 1.13137 4
      vertex -6.79706 1.05495 0
      vertex -6.79706 1.05495 4
    endloop
  endfacet
  facet normal 0.352243 0.935909 -0
    outer loop
      vertex -8.5143 -1.51509 0
      vertex -8.61229 -1.47821 4
      vertex -8.5143 -1.51509 4
    endloop
  endfacet
  facet normal 0.352243 0.935909 0
    outer loop
      vertex -8.61229 -1.47821 4
      vertex -8.5143 -1.51509 0
      vertex -8.61229 -1.47821 0
    endloop
  endfacet
  facet normal -0.881902 0.471433 0
    outer loop
      vertex -6.61436 -0.799999 0
      vertex -6.565 -0.707662 4
      vertex -6.565 -0.707662 0
    endloop
  endfacet
  facet normal -0.881902 0.471433 0
    outer loop
      vertex -6.565 -0.707662 4
      vertex -6.61436 -0.799999 0
      vertex -6.61436 -0.799999 4
    endloop
  endfacet
  facet normal 0.412694 0.91087 -0
    outer loop
      vertex -8.61229 -1.47821 0
      vertex -8.70766 -1.435 4
      vertex -8.61229 -1.47821 4
    endloop
  endfacet
  facet normal 0.412694 0.91087 0
    outer loop
      vertex -8.70766 -1.435 4
      vertex -8.61229 -1.47821 0
      vertex -8.70766 -1.435 0
    endloop
  endfacet
  facet normal 0.77296 -0.634455 0
    outer loop
      vertex -9.26937 0.974018 4
      vertex -9.20294 1.05495 0
      vertex -9.20294 1.05495 4
    endloop
  endfacet
  facet normal 0.77296 -0.634455 0
    outer loop
      vertex -9.20294 1.05495 0
      vertex -9.26937 0.974018 4
      vertex -9.26937 0.974018 0
    endloop
  endfacet
  facet normal 0.973867 0.22712 0
    outer loop
      vertex -9.54548 -0.41411 4
      vertex -9.56926 -0.312144 0
      vertex -9.56926 -0.312144 4
    endloop
  endfacet
  facet normal 0.973867 0.22712 0
    outer loop
      vertex -9.56926 -0.312144 0
      vertex -9.54548 -0.41411 4
      vertex -9.54548 -0.41411 0
    endloop
  endfacet
  facet normal 0.995187 -0.0979943 0
    outer loop
      vertex -9.59657 0.104645 4
      vertex -9.58631 0.208841 0
      vertex -9.58631 0.208841 4
    endloop
  endfacet
  facet normal 0.995187 -0.0979943 0
    outer loop
      vertex -9.58631 0.208841 0
      vertex -9.59657 0.104645 4
      vertex -9.59657 0.104645 0
    endloop
  endfacet
  facet normal 0.881902 0.471433 0
    outer loop
      vertex -9.38564 -0.799999 4
      vertex -9.435 -0.707662 0
      vertex -9.435 -0.707662 4
    endloop
  endfacet
  facet normal 0.881902 0.471433 0
    outer loop
      vertex -9.435 -0.707662 0
      vertex -9.38564 -0.799999 4
      vertex -9.38564 -0.799999 0
    endloop
  endfacet
  facet normal -0.227133 -0.973864 0
    outer loop
      vertex -7.68785 1.56926 0
      vertex -7.58589 1.54548 4
      vertex -7.68785 1.56926 4
    endloop
  endfacet
  facet normal -0.227133 -0.973864 -0
    outer loop
      vertex -7.58589 1.54548 4
      vertex -7.68785 1.56926 0
      vertex -7.58589 1.54548 0
    endloop
  endfacet
  facet normal 0.582421 0.812887 -0
    outer loop
      vertex 7.11109 -1.33035 0
      vertex 7.02598 -1.26937 4
      vertex 7.11109 -1.33035 4
    endloop
  endfacet
  facet normal 0.582421 0.812887 0
    outer loop
      vertex 7.02598 -1.26937 4
      vertex 7.11109 -1.33035 0
      vertex 7.02598 -1.26937 0
    endloop
  endfacet
  facet normal -0.995187 -0.0979943 0
    outer loop
      vertex 9.59657 0.104645 0
      vertex 9.58631 0.208841 4
      vertex 9.58631 0.208841 0
    endloop
  endfacet
  facet normal -0.995187 -0.0979943 0
    outer loop
      vertex 9.58631 0.208841 4
      vertex 9.59657 0.104645 0
      vertex 9.59657 0.104645 4
    endloop
  endfacet
  facet normal -0.999463 -0.0327599 0
    outer loop
      vertex 9.6 0 0
      vertex 9.59657 0.104645 4
      vertex 9.59657 0.104645 0
    endloop
  endfacet
  facet normal -0.999463 -0.0327599 0
    outer loop
      vertex 9.59657 0.104645 4
      vertex 9.6 0 0
      vertex 9.6 0 4
    endloop
  endfacet
  facet normal -0.910868 0.412698 0
    outer loop
      vertex 9.435 -0.707662 0
      vertex 9.47821 -0.612293 4
      vertex 9.47821 -0.612293 0
    endloop
  endfacet
  facet normal -0.910868 0.412698 0
    outer loop
      vertex 9.47821 -0.612293 4
      vertex 9.435 -0.707662 0
      vertex 9.435 -0.707662 4
    endloop
  endfacet
  facet normal -0.973867 0.22712 0
    outer loop
      vertex 9.54548 -0.41411 0
      vertex 9.56926 -0.312144 4
      vertex 9.56926 -0.312144 0
    endloop
  endfacet
  facet normal -0.973867 0.22712 0
    outer loop
      vertex 9.56926 -0.312144 4
      vertex 9.54548 -0.41411 0
      vertex 9.54548 -0.41411 4
    endloop
  endfacet
  facet normal -0.227112 0.973869 0
    outer loop
      vertex 8.41411 -1.54548 0
      vertex 8.31214 -1.56926 4
      vertex 8.41411 -1.54548 4
    endloop
  endfacet
  facet normal -0.227112 0.973869 0
    outer loop
      vertex 8.31214 -1.56926 4
      vertex 8.41411 -1.54548 0
      vertex 8.31214 -1.56926 0
    endloop
  endfacet
  facet normal -0.812874 -0.582439 0
    outer loop
      vertex 9.33035 0.888912 0
      vertex 9.26937 0.974018 4
      vertex 9.26937 0.974018 0
    endloop
  endfacet
  facet normal -0.812874 -0.582439 0
    outer loop
      vertex 9.26937 0.974018 4
      vertex 9.33035 0.888912 0
      vertex 9.33035 0.888912 4
    endloop
  endfacet
  facet normal 0.729889 0.683566 0
    outer loop
      vertex 6.86863 -1.13137 4
      vertex 6.79706 -1.05495 0
      vertex 6.79706 -1.05495 4
    endloop
  endfacet
  facet normal 0.729889 0.683566 0
    outer loop
      vertex 6.79706 -1.05495 0
      vertex 6.86863 -1.13137 4
      vertex 6.86863 -1.13137 0
    endloop
  endfacet
  facet normal -0.352243 0.935909 0
    outer loop
      vertex 8.61229 -1.47821 0
      vertex 8.5143 -1.51509 4
      vertex 8.61229 -1.47821 4
    endloop
  endfacet
  facet normal -0.352243 0.935909 0
    outer loop
      vertex 8.5143 -1.51509 4
      vertex 8.61229 -1.47821 0
      vertex 8.5143 -1.51509 0
    endloop
  endfacet
  facet normal 0.0979999 -0.995186 0
    outer loop
      vertex 7.79116 1.58631 0
      vertex 7.89535 1.59657 4
      vertex 7.79116 1.58631 4
    endloop
  endfacet
  facet normal 0.0979999 -0.995186 0
    outer loop
      vertex 7.89535 1.59657 4
      vertex 7.79116 1.58631 0
      vertex 7.89535 1.59657 0
    endloop
  endfacet
  facet normal 0.162835 -0.986653 0
    outer loop
      vertex 7.68785 1.56926 0
      vertex 7.79116 1.58631 4
      vertex 7.68785 1.56926 4
    endloop
  endfacet
  facet normal 0.162835 -0.986653 0
    outer loop
      vertex 7.79116 1.58631 4
      vertex 7.68785 1.56926 0
      vertex 7.79116 1.58631 0
    endloop
  endfacet
  facet normal -0.812874 0.582439 0
    outer loop
      vertex 9.26937 -0.974018 0
      vertex 9.33035 -0.888912 4
      vertex 9.33035 -0.888912 0
    endloop
  endfacet
  facet normal -0.812874 0.582439 0
    outer loop
      vertex 9.33035 -0.888912 4
      vertex 9.26937 -0.974018 0
      vertex 9.26937 -0.974018 4
    endloop
  endfacet
  facet normal 0.956948 0.290259 0
    outer loop
      vertex 6.48491 -0.514302 4
      vertex 6.45452 -0.41411 0
      vertex 6.45452 -0.41411 4
    endloop
  endfacet
  facet normal 0.956948 0.290259 0
    outer loop
      vertex 6.45452 -0.41411 0
      vertex 6.48491 -0.514302 4
      vertex 6.48491 -0.514302 0
    endloop
  endfacet
  facet normal 0.881902 -0.471433 0
    outer loop
      vertex 6.565 0.707662 4
      vertex 6.61436 0.799999 0
      vertex 6.61436 0.799999 4
    endloop
  endfacet
  facet normal 0.881902 -0.471433 0
    outer loop
      vertex 6.61436 0.799999 0
      vertex 6.565 0.707662 4
      vertex 6.565 0.707662 0
    endloop
  endfacet
  facet normal -0.77296 -0.634455 0
    outer loop
      vertex 9.26937 0.974018 0
      vertex 9.20294 1.05495 4
      vertex 9.20294 1.05495 0
    endloop
  endfacet
  facet normal -0.77296 -0.634455 0
    outer loop
      vertex 9.20294 1.05495 4
      vertex 9.26937 0.974018 0
      vertex 9.26937 0.974018 4
    endloop
  endfacet
  facet normal -0.582421 -0.812887 0
    outer loop
      vertex 8.88891 1.33035 0
      vertex 8.97402 1.26937 4
      vertex 8.88891 1.33035 4
    endloop
  endfacet
  facet normal -0.582421 -0.812887 -0
    outer loop
      vertex 8.97402 1.26937 4
      vertex 8.88891 1.33035 0
      vertex 8.97402 1.26937 0
    endloop
  endfacet
  facet normal 0.0979999 0.995186 -0
    outer loop
      vertex 7.89535 -1.59657 0
      vertex 7.79116 -1.58631 4
      vertex 7.89535 -1.59657 4
    endloop
  endfacet
  facet normal 0.0979999 0.995186 0
    outer loop
      vertex 7.79116 -1.58631 4
      vertex 7.89535 -1.59657 0
      vertex 7.79116 -1.58631 0
    endloop
  endfacet
  facet normal 0.528083 0.849193 -0
    outer loop
      vertex 7.2 -1.38564 0
      vertex 7.11109 -1.33035 4
      vertex 7.2 -1.38564 4
    endloop
  endfacet
  facet normal 0.528083 0.849193 0
    outer loop
      vertex 7.11109 -1.33035 4
      vertex 7.2 -1.38564 0
      vertex 7.11109 -1.33035 0
    endloop
  endfacet
  facet normal -0.0327615 0.999463 0
    outer loop
      vertex 8.10464 -1.59657 0
      vertex 8 -1.6 4
      vertex 8.10464 -1.59657 4
    endloop
  endfacet
  facet normal -0.0327615 0.999463 0
    outer loop
      vertex 8 -1.6 4
      vertex 8.10464 -1.59657 0
      vertex 8 -1.6 0
    endloop
  endfacet
  facet normal 0.471421 0.881908 -0
    outer loop
      vertex 7.29234 -1.435 0
      vertex 7.2 -1.38564 4
      vertex 7.29234 -1.435 4
    endloop
  endfacet
  facet normal 0.471421 0.881908 0
    outer loop
      vertex 7.2 -1.38564 4
      vertex 7.29234 -1.435 0
      vertex 7.2 -1.38564 0
    endloop
  endfacet
  facet normal -0.0979906 -0.995187 0
    outer loop
      vertex 8.10464 1.59657 0
      vertex 8.20884 1.58631 4
      vertex 8.10464 1.59657 4
    endloop
  endfacet
  facet normal -0.0979906 -0.995187 -0
    outer loop
      vertex 8.20884 1.58631 4
      vertex 8.10464 1.59657 0
      vertex 8.20884 1.58631 0
    endloop
  endfacet
  facet normal 0.973867 0.22712 0
    outer loop
      vertex 6.45452 -0.41411 4
      vertex 6.43074 -0.312144 0
      vertex 6.43074 -0.312144 4
    endloop
  endfacet
  facet normal 0.973867 0.22712 0
    outer loop
      vertex 6.43074 -0.312144 0
      vertex 6.45452 -0.41411 4
      vertex 6.45452 -0.41411 0
    endloop
  endfacet
  facet normal 0.352243 -0.935909 0
    outer loop
      vertex 7.38771 1.47821 0
      vertex 7.4857 1.51509 4
      vertex 7.38771 1.47821 4
    endloop
  endfacet
  facet normal 0.352243 -0.935909 0
    outer loop
      vertex 7.4857 1.51509 4
      vertex 7.38771 1.47821 0
      vertex 7.4857 1.51509 0
    endloop
  endfacet
  facet normal 0.0327583 -0.999463 0
    outer loop
      vertex 7.89535 1.59657 0
      vertex 8 1.6 4
      vertex 7.89535 1.59657 4
    endloop
  endfacet
  facet normal 0.0327583 -0.999463 0
    outer loop
      vertex 8 1.6 4
      vertex 7.89535 1.59657 0
      vertex 8 1.6 0
    endloop
  endfacet
  facet normal -0.956948 -0.290259 0
    outer loop
      vertex 9.54548 0.41411 0
      vertex 9.51509 0.514302 4
      vertex 9.51509 0.514302 0
    endloop
  endfacet
  facet normal -0.956948 -0.290259 0
    outer loop
      vertex 9.51509 0.514302 4
      vertex 9.54548 0.41411 0
      vertex 9.54548 0.41411 4
    endloop
  endfacet
  facet normal -0.849201 -0.52807 0
    outer loop
      vertex 9.38564 0.799999 0
      vertex 9.33035 0.888912 4
      vertex 9.33035 0.888912 0
    endloop
  endfacet
  facet normal -0.849201 -0.52807 0
    outer loop
      vertex 9.33035 0.888912 4
      vertex 9.38564 0.799999 0
      vertex 9.38564 0.799999 4
    endloop
  endfacet
  facet normal 0.999463 0.0327599 0
    outer loop
      vertex 6.40343 -0.104645 4
      vertex 6.4 0 0
      vertex 6.4 0 4
    endloop
  endfacet
  facet normal 0.999463 0.0327599 0
    outer loop
      vertex 6.4 0 0
      vertex 6.40343 -0.104645 4
      vertex 6.40343 -0.104645 0
    endloop
  endfacet
  facet normal -0.973867 -0.22712 0
    outer loop
      vertex 9.56926 0.312144 0
      vertex 9.54548 0.41411 4
      vertex 9.54548 0.41411 0
    endloop
  endfacet
  facet normal -0.973867 -0.22712 0
    outer loop
      vertex 9.54548 0.41411 4
      vertex 9.56926 0.312144 0
      vertex 9.56926 0.312144 4
    endloop
  endfacet
  facet normal -0.910868 -0.412698 0
    outer loop
      vertex 9.47821 0.612293 0
      vertex 9.435 0.707662 4
      vertex 9.435 0.707662 0
    endloop
  endfacet
  facet normal -0.910868 -0.412698 0
    outer loop
      vertex 9.435 0.707662 4
      vertex 9.47821 0.612293 0
      vertex 9.47821 0.612293 4
    endloop
  endfacet
  facet normal -0.528083 0.849193 0
    outer loop
      vertex 8.88891 -1.33035 0
      vertex 8.8 -1.38564 4
      vertex 8.88891 -1.33035 4
    endloop
  endfacet
  facet normal -0.528083 0.849193 0
    outer loop
      vertex 8.8 -1.38564 4
      vertex 8.88891 -1.33035 0
      vertex 8.8 -1.38564 0
    endloop
  endfacet
  facet normal 0.812874 -0.582439 0
    outer loop
      vertex 6.66965 0.888912 4
      vertex 6.73063 0.974018 0
      vertex 6.73063 0.974018 4
    endloop
  endfacet
  facet normal 0.812874 -0.582439 0
    outer loop
      vertex 6.73063 0.974018 0
      vertex 6.66965 0.888912 4
      vertex 6.66965 0.888912 0
    endloop
  endfacet
  facet normal 0.93591 -0.35224 0
    outer loop
      vertex 6.48491 0.514302 4
      vertex 6.52179 0.612293 0
      vertex 6.52179 0.612293 4
    endloop
  endfacet
  facet normal 0.93591 -0.35224 0
    outer loop
      vertex 6.52179 0.612293 0
      vertex 6.48491 0.514302 4
      vertex 6.48491 0.514302 0
    endloop
  endfacet
  facet normal -0.729889 0.683566 0
    outer loop
      vertex 9.13137 -1.13137 0
      vertex 9.20294 -1.05495 4
      vertex 9.20294 -1.05495 0
    endloop
  endfacet
  facet normal -0.729889 0.683566 0
    outer loop
      vertex 9.20294 -1.05495 4
      vertex 9.13137 -1.13137 0
      vertex 9.13137 -1.13137 4
    endloop
  endfacet
  facet normal 0.582421 -0.812887 0
    outer loop
      vertex 7.02598 1.26937 0
      vertex 7.11109 1.33035 4
      vertex 7.02598 1.26937 4
    endloop
  endfacet
  facet normal 0.582421 -0.812887 0
    outer loop
      vertex 7.11109 1.33035 4
      vertex 7.02598 1.26937 0
      vertex 7.11109 1.33035 0
    endloop
  endfacet
  facet normal 0.683566 0.729889 -0
    outer loop
      vertex 6.94505 -1.20294 0
      vertex 6.86863 -1.13137 4
      vertex 6.94505 -1.20294 4
    endloop
  endfacet
  facet normal 0.683566 0.729889 0
    outer loop
      vertex 6.86863 -1.13137 4
      vertex 6.94505 -1.20294 0
      vertex 6.86863 -1.13137 0
    endloop
  endfacet
  facet normal 0.412694 -0.91087 0
    outer loop
      vertex 7.29234 1.435 0
      vertex 7.38771 1.47821 4
      vertex 7.29234 1.435 4
    endloop
  endfacet
  facet normal 0.412694 -0.91087 0
    outer loop
      vertex 7.38771 1.47821 4
      vertex 7.29234 1.435 0
      vertex 7.38771 1.47821 0
    endloop
  endfacet
  facet normal 0.683566 -0.729889 0
    outer loop
      vertex 6.86863 1.13137 0
      vertex 6.94505 1.20294 4
      vertex 6.86863 1.13137 4
    endloop
  endfacet
  facet normal 0.683566 -0.729889 0
    outer loop
      vertex 6.94505 1.20294 4
      vertex 6.86863 1.13137 0
      vertex 6.94505 1.20294 0
    endloop
  endfacet
  facet normal -0.0979906 0.995187 0
    outer loop
      vertex 8.20884 -1.58631 0
      vertex 8.10464 -1.59657 4
      vertex 8.20884 -1.58631 4
    endloop
  endfacet
  facet normal -0.0979906 0.995187 0
    outer loop
      vertex 8.10464 -1.59657 4
      vertex 8.20884 -1.58631 0
      vertex 8.10464 -1.59657 0
    endloop
  endfacet
  facet normal -0.881902 -0.471433 0
    outer loop
      vertex 9.435 0.707662 0
      vertex 9.38564 0.799999 4
      vertex 9.38564 0.799999 0
    endloop
  endfacet
  facet normal -0.881902 -0.471433 0
    outer loop
      vertex 9.38564 0.799999 4
      vertex 9.435 0.707662 0
      vertex 9.435 0.707662 4
    endloop
  endfacet
  facet normal 0.986652 -0.162845 0
    outer loop
      vertex 6.41369 0.208841 4
      vertex 6.43074 0.312144 0
      vertex 6.43074 0.312144 4
    endloop
  endfacet
  facet normal 0.986652 -0.162845 0
    outer loop
      vertex 6.43074 0.312144 0
      vertex 6.41369 0.208841 4
      vertex 6.41369 0.208841 0
    endloop
  endfacet
  facet normal 0.634464 0.772952 -0
    outer loop
      vertex 7.02598 -1.26937 0
      vertex 6.94505 -1.20294 4
      vertex 7.02598 -1.26937 4
    endloop
  endfacet
  facet normal 0.634464 0.772952 0
    outer loop
      vertex 6.94505 -1.20294 4
      vertex 7.02598 -1.26937 0
      vertex 6.94505 -1.20294 0
    endloop
  endfacet
  facet normal -0.986652 0.162845 0
    outer loop
      vertex 9.56926 -0.312144 0
      vertex 9.58631 -0.208841 4
      vertex 9.58631 -0.208841 0
    endloop
  endfacet
  facet normal -0.986652 0.162845 0
    outer loop
      vertex 9.58631 -0.208841 4
      vertex 9.56926 -0.312144 0
      vertex 9.56926 -0.312144 4
    endloop
  endfacet
  facet normal -0.683566 -0.729889 0
    outer loop
      vertex 9.05495 1.20294 0
      vertex 9.13137 1.13137 4
      vertex 9.05495 1.20294 4
    endloop
  endfacet
  facet normal -0.683566 -0.729889 -0
    outer loop
      vertex 9.13137 1.13137 4
      vertex 9.05495 1.20294 0
      vertex 9.13137 1.13137 0
    endloop
  endfacet
  facet normal -0.528083 -0.849193 0
    outer loop
      vertex 8.8 1.38564 0
      vertex 8.88891 1.33035 4
      vertex 8.8 1.38564 4
    endloop
  endfacet
  facet normal -0.528083 -0.849193 -0
    outer loop
      vertex 8.88891 1.33035 4
      vertex 8.8 1.38564 0
      vertex 8.88891 1.33035 0
    endloop
  endfacet
  facet normal -0.77296 0.634455 0
    outer loop
      vertex 9.20294 -1.05495 0
      vertex 9.26937 -0.974018 4
      vertex 9.26937 -0.974018 0
    endloop
  endfacet
  facet normal -0.77296 0.634455 0
    outer loop
      vertex 9.26937 -0.974018 4
      vertex 9.20294 -1.05495 0
      vertex 9.20294 -1.05495 4
    endloop
  endfacet
  facet normal -0.16285 -0.986651 0
    outer loop
      vertex 8.20884 1.58631 0
      vertex 8.31214 1.56926 4
      vertex 8.20884 1.58631 4
    endloop
  endfacet
  facet normal -0.16285 -0.986651 -0
    outer loop
      vertex 8.31214 1.56926 4
      vertex 8.20884 1.58631 0
      vertex 8.31214 1.56926 0
    endloop
  endfacet
  facet normal -0.956948 0.290259 0
    outer loop
      vertex 9.51509 -0.514302 0
      vertex 9.54548 -0.41411 4
      vertex 9.54548 -0.41411 0
    endloop
  endfacet
  facet normal -0.956948 0.290259 0
    outer loop
      vertex 9.54548 -0.41411 4
      vertex 9.51509 -0.514302 0
      vertex 9.51509 -0.514302 4
    endloop
  endfacet
  facet normal -0.634464 -0.772952 0
    outer loop
      vertex 8.97402 1.26937 0
      vertex 9.05495 1.20294 4
      vertex 8.97402 1.26937 4
    endloop
  endfacet
  facet normal -0.634464 -0.772952 -0
    outer loop
      vertex 9.05495 1.20294 4
      vertex 8.97402 1.26937 0
      vertex 9.05495 1.20294 0
    endloop
  endfacet
  facet normal 0.290265 0.956946 -0
    outer loop
      vertex 7.58589 -1.54548 0
      vertex 7.4857 -1.51509 4
      vertex 7.58589 -1.54548 4
    endloop
  endfacet
  facet normal 0.290265 0.956946 0
    outer loop
      vertex 7.4857 -1.51509 4
      vertex 7.58589 -1.54548 0
      vertex 7.4857 -1.51509 0
    endloop
  endfacet
  facet normal 0.290265 -0.956946 0
    outer loop
      vertex 7.4857 1.51509 0
      vertex 7.58589 1.54548 4
      vertex 7.4857 1.51509 4
    endloop
  endfacet
  facet normal 0.290265 -0.956946 0
    outer loop
      vertex 7.58589 1.54548 4
      vertex 7.4857 1.51509 0
      vertex 7.58589 1.54548 0
    endloop
  endfacet
  facet normal -0.352243 -0.935909 0
    outer loop
      vertex 8.5143 1.51509 0
      vertex 8.61229 1.47821 4
      vertex 8.5143 1.51509 4
    endloop
  endfacet
  facet normal -0.352243 -0.935909 -0
    outer loop
      vertex 8.61229 1.47821 4
      vertex 8.5143 1.51509 0
      vertex 8.61229 1.47821 0
    endloop
  endfacet
  facet normal -0.412694 -0.91087 0
    outer loop
      vertex 8.61229 1.47821 0
      vertex 8.70766 1.435 4
      vertex 8.61229 1.47821 4
    endloop
  endfacet
  facet normal -0.412694 -0.91087 -0
    outer loop
      vertex 8.70766 1.435 4
      vertex 8.61229 1.47821 0
      vertex 8.70766 1.435 0
    endloop
  endfacet
  facet normal 0.849201 0.52807 0
    outer loop
      vertex 6.66965 -0.888912 4
      vertex 6.61436 -0.799999 0
      vertex 6.61436 -0.799999 4
    endloop
  endfacet
  facet normal 0.849201 0.52807 0
    outer loop
      vertex 6.61436 -0.799999 0
      vertex 6.66965 -0.888912 4
      vertex 6.66965 -0.888912 0
    endloop
  endfacet
  facet normal -0.995187 0.0979943 0
    outer loop
      vertex 9.58631 -0.208841 0
      vertex 9.59657 -0.104645 4
      vertex 9.59657 -0.104645 0
    endloop
  endfacet
  facet normal -0.995187 0.0979943 0
    outer loop
      vertex 9.59657 -0.104645 4
      vertex 9.58631 -0.208841 0
      vertex 9.58631 -0.208841 4
    endloop
  endfacet
  facet normal 0.227133 0.973864 -0
    outer loop
      vertex 7.68785 -1.56926 0
      vertex 7.58589 -1.54548 4
      vertex 7.68785 -1.56926 4
    endloop
  endfacet
  facet normal 0.227133 0.973864 0
    outer loop
      vertex 7.58589 -1.54548 4
      vertex 7.68785 -1.56926 0
      vertex 7.58589 -1.54548 0
    endloop
  endfacet
  facet normal 0.812874 0.582439 0
    outer loop
      vertex 6.73063 -0.974018 4
      vertex 6.66965 -0.888912 0
      vertex 6.66965 -0.888912 4
    endloop
  endfacet
  facet normal 0.812874 0.582439 0
    outer loop
      vertex 6.66965 -0.888912 0
      vertex 6.73063 -0.974018 4
      vertex 6.73063 -0.974018 0
    endloop
  endfacet
  facet normal 0.973867 -0.22712 0
    outer loop
      vertex 6.43074 0.312144 4
      vertex 6.45452 0.41411 0
      vertex 6.45452 0.41411 4
    endloop
  endfacet
  facet normal 0.973867 -0.22712 0
    outer loop
      vertex 6.45452 0.41411 0
      vertex 6.43074 0.312144 4
      vertex 6.43074 0.312144 0
    endloop
  endfacet
  facet normal -0.999463 0.0327599 0
    outer loop
      vertex 9.59657 -0.104645 0
      vertex 9.6 0 4
      vertex 9.6 0 0
    endloop
  endfacet
  facet normal -0.999463 0.0327599 0
    outer loop
      vertex 9.6 0 4
      vertex 9.59657 -0.104645 0
      vertex 9.59657 -0.104645 4
    endloop
  endfacet
  facet normal 0.93591 0.35224 0
    outer loop
      vertex 6.52179 -0.612293 4
      vertex 6.48491 -0.514302 0
      vertex 6.48491 -0.514302 4
    endloop
  endfacet
  facet normal 0.93591 0.35224 0
    outer loop
      vertex 6.48491 -0.514302 0
      vertex 6.52179 -0.612293 4
      vertex 6.52179 -0.612293 0
    endloop
  endfacet
  facet normal 0.849201 -0.52807 0
    outer loop
      vertex 6.61436 0.799999 4
      vertex 6.66965 0.888912 0
      vertex 6.66965 0.888912 4
    endloop
  endfacet
  facet normal 0.849201 -0.52807 0
    outer loop
      vertex 6.66965 0.888912 0
      vertex 6.61436 0.799999 4
      vertex 6.61436 0.799999 0
    endloop
  endfacet
  facet normal -0.471421 -0.881908 0
    outer loop
      vertex 8.70766 1.435 0
      vertex 8.8 1.38564 4
      vertex 8.70766 1.435 4
    endloop
  endfacet
  facet normal -0.471421 -0.881908 -0
    outer loop
      vertex 8.8 1.38564 4
      vertex 8.70766 1.435 0
      vertex 8.8 1.38564 0
    endloop
  endfacet
  facet normal 0.910868 -0.412698 0
    outer loop
      vertex 6.52179 0.612293 4
      vertex 6.565 0.707662 0
      vertex 6.565 0.707662 4
    endloop
  endfacet
  facet normal 0.910868 -0.412698 0
    outer loop
      vertex 6.565 0.707662 0
      vertex 6.52179 0.612293 4
      vertex 6.52179 0.612293 0
    endloop
  endfacet
  facet normal -0.93591 0.35224 0
    outer loop
      vertex 9.47821 -0.612293 0
      vertex 9.51509 -0.514302 4
      vertex 9.51509 -0.514302 0
    endloop
  endfacet
  facet normal -0.93591 0.35224 0
    outer loop
      vertex 9.51509 -0.514302 4
      vertex 9.47821 -0.612293 0
      vertex 9.47821 -0.612293 4
    endloop
  endfacet
  facet normal -0.412694 0.91087 0
    outer loop
      vertex 8.70766 -1.435 0
      vertex 8.61229 -1.47821 4
      vertex 8.70766 -1.435 4
    endloop
  endfacet
  facet normal -0.412694 0.91087 0
    outer loop
      vertex 8.61229 -1.47821 4
      vertex 8.70766 -1.435 0
      vertex 8.61229 -1.47821 0
    endloop
  endfacet
  facet normal -0.93591 -0.35224 0
    outer loop
      vertex 9.51509 0.514302 0
      vertex 9.47821 0.612293 4
      vertex 9.47821 0.612293 0
    endloop
  endfacet
  facet normal -0.93591 -0.35224 0
    outer loop
      vertex 9.47821 0.612293 4
      vertex 9.51509 0.514302 0
      vertex 9.51509 0.514302 4
    endloop
  endfacet
  facet normal 0.995187 0.0979943 0
    outer loop
      vertex 6.41369 -0.208841 4
      vertex 6.40343 -0.104645 0
      vertex 6.40343 -0.104645 4
    endloop
  endfacet
  facet normal 0.995187 0.0979943 0
    outer loop
      vertex 6.40343 -0.104645 0
      vertex 6.41369 -0.208841 4
      vertex 6.41369 -0.208841 0
    endloop
  endfacet
  facet normal -0.290265 0.956946 0
    outer loop
      vertex 8.5143 -1.51509 0
      vertex 8.41411 -1.54548 4
      vertex 8.5143 -1.51509 4
    endloop
  endfacet
  facet normal -0.290265 0.956946 0
    outer loop
      vertex 8.41411 -1.54548 4
      vertex 8.5143 -1.51509 0
      vertex 8.41411 -1.54548 0
    endloop
  endfacet
  facet normal 0.634464 -0.772952 0
    outer loop
      vertex 6.94505 1.20294 0
      vertex 7.02598 1.26937 4
      vertex 6.94505 1.20294 4
    endloop
  endfacet
  facet normal 0.634464 -0.772952 0
    outer loop
      vertex 7.02598 1.26937 4
      vertex 6.94505 1.20294 0
      vertex 7.02598 1.26937 0
    endloop
  endfacet
  facet normal 0.986652 0.162845 0
    outer loop
      vertex 6.43074 -0.312144 4
      vertex 6.41369 -0.208841 0
      vertex 6.41369 -0.208841 4
    endloop
  endfacet
  facet normal 0.986652 0.162845 0
    outer loop
      vertex 6.41369 -0.208841 0
      vertex 6.43074 -0.312144 4
      vertex 6.43074 -0.312144 0
    endloop
  endfacet
  facet normal -0.16285 0.986651 0
    outer loop
      vertex 8.31214 -1.56926 0
      vertex 8.20884 -1.58631 4
      vertex 8.31214 -1.56926 4
    endloop
  endfacet
  facet normal -0.16285 0.986651 0
    outer loop
      vertex 8.20884 -1.58631 4
      vertex 8.31214 -1.56926 0
      vertex 8.20884 -1.58631 0
    endloop
  endfacet
  facet normal -0.582421 0.812887 0
    outer loop
      vertex 8.97402 -1.26937 0
      vertex 8.88891 -1.33035 4
      vertex 8.97402 -1.26937 4
    endloop
  endfacet
  facet normal -0.582421 0.812887 0
    outer loop
      vertex 8.88891 -1.33035 4
      vertex 8.97402 -1.26937 0
      vertex 8.88891 -1.33035 0
    endloop
  endfacet
  facet normal -0.0327615 -0.999463 0
    outer loop
      vertex 8 1.6 0
      vertex 8.10464 1.59657 4
      vertex 8 1.6 4
    endloop
  endfacet
  facet normal -0.0327615 -0.999463 -0
    outer loop
      vertex 8.10464 1.59657 4
      vertex 8 1.6 0
      vertex 8.10464 1.59657 0
    endloop
  endfacet
  facet normal -0.471421 0.881908 0
    outer loop
      vertex 8.8 -1.38564 0
      vertex 8.70766 -1.435 4
      vertex 8.8 -1.38564 4
    endloop
  endfacet
  facet normal -0.471421 0.881908 0
    outer loop
      vertex 8.70766 -1.435 4
      vertex 8.8 -1.38564 0
      vertex 8.70766 -1.435 0
    endloop
  endfacet
  facet normal -0.986652 -0.162845 0
    outer loop
      vertex 9.58631 0.208841 0
      vertex 9.56926 0.312144 4
      vertex 9.56926 0.312144 0
    endloop
  endfacet
  facet normal -0.986652 -0.162845 0
    outer loop
      vertex 9.56926 0.312144 4
      vertex 9.58631 0.208841 0
      vertex 9.58631 0.208841 4
    endloop
  endfacet
  facet normal 0.227133 -0.973864 0
    outer loop
      vertex 7.58589 1.54548 0
      vertex 7.68785 1.56926 4
      vertex 7.58589 1.54548 4
    endloop
  endfacet
  facet normal 0.227133 -0.973864 0
    outer loop
      vertex 7.68785 1.56926 4
      vertex 7.58589 1.54548 0
      vertex 7.68785 1.56926 0
    endloop
  endfacet
  facet normal -0.849201 0.52807 0
    outer loop
      vertex 9.33035 -0.888912 0
      vertex 9.38564 -0.799999 4
      vertex 9.38564 -0.799999 0
    endloop
  endfacet
  facet normal -0.849201 0.52807 0
    outer loop
      vertex 9.38564 -0.799999 4
      vertex 9.33035 -0.888912 0
      vertex 9.33035 -0.888912 4
    endloop
  endfacet
  facet normal 0.910868 0.412698 0
    outer loop
      vertex 6.565 -0.707662 4
      vertex 6.52179 -0.612293 0
      vertex 6.52179 -0.612293 4
    endloop
  endfacet
  facet normal 0.910868 0.412698 0
    outer loop
      vertex 6.52179 -0.612293 0
      vertex 6.565 -0.707662 4
      vertex 6.565 -0.707662 0
    endloop
  endfacet
  facet normal 0.528083 -0.849193 0
    outer loop
      vertex 7.11109 1.33035 0
      vertex 7.2 1.38564 4
      vertex 7.11109 1.33035 4
    endloop
  endfacet
  facet normal 0.528083 -0.849193 0
    outer loop
      vertex 7.2 1.38564 4
      vertex 7.11109 1.33035 0
      vertex 7.2 1.38564 0
    endloop
  endfacet
  facet normal 0.77296 0.634455 0
    outer loop
      vertex 6.79706 -1.05495 4
      vertex 6.73063 -0.974018 0
      vertex 6.73063 -0.974018 4
    endloop
  endfacet
  facet normal 0.77296 0.634455 0
    outer loop
      vertex 6.73063 -0.974018 0
      vertex 6.79706 -1.05495 4
      vertex 6.79706 -1.05495 0
    endloop
  endfacet
  facet normal 0.999463 -0.0327599 0
    outer loop
      vertex 6.4 0 4
      vertex 6.40343 0.104645 0
      vertex 6.40343 0.104645 4
    endloop
  endfacet
  facet normal 0.999463 -0.0327599 0
    outer loop
      vertex 6.40343 0.104645 0
      vertex 6.4 0 4
      vertex 6.4 0 0
    endloop
  endfacet
  facet normal 0.471421 -0.881908 0
    outer loop
      vertex 7.2 1.38564 0
      vertex 7.29234 1.435 4
      vertex 7.2 1.38564 4
    endloop
  endfacet
  facet normal 0.471421 -0.881908 0
    outer loop
      vertex 7.29234 1.435 4
      vertex 7.2 1.38564 0
      vertex 7.29234 1.435 0
    endloop
  endfacet
  facet normal 0.162835 0.986653 -0
    outer loop
      vertex 7.79116 -1.58631 0
      vertex 7.68785 -1.56926 4
      vertex 7.79116 -1.58631 4
    endloop
  endfacet
  facet normal 0.162835 0.986653 0
    outer loop
      vertex 7.68785 -1.56926 4
      vertex 7.79116 -1.58631 0
      vertex 7.68785 -1.56926 0
    endloop
  endfacet
  facet normal 0.0327583 0.999463 -0
    outer loop
      vertex 8 -1.6 0
      vertex 7.89535 -1.59657 4
      vertex 8 -1.6 4
    endloop
  endfacet
  facet normal 0.0327583 0.999463 0
    outer loop
      vertex 7.89535 -1.59657 4
      vertex 8 -1.6 0
      vertex 7.89535 -1.59657 0
    endloop
  endfacet
  facet normal -0.683566 0.729889 0
    outer loop
      vertex 9.13137 -1.13137 0
      vertex 9.05495 -1.20294 4
      vertex 9.13137 -1.13137 4
    endloop
  endfacet
  facet normal -0.683566 0.729889 0
    outer loop
      vertex 9.05495 -1.20294 4
      vertex 9.13137 -1.13137 0
      vertex 9.05495 -1.20294 0
    endloop
  endfacet
  facet normal 0.956948 -0.290259 0
    outer loop
      vertex 6.45452 0.41411 4
      vertex 6.48491 0.514302 0
      vertex 6.48491 0.514302 4
    endloop
  endfacet
  facet normal 0.956948 -0.290259 0
    outer loop
      vertex 6.48491 0.514302 0
      vertex 6.45452 0.41411 4
      vertex 6.45452 0.41411 0
    endloop
  endfacet
  facet normal -0.729889 -0.683566 0
    outer loop
      vertex 9.20294 1.05495 0
      vertex 9.13137 1.13137 4
      vertex 9.13137 1.13137 0
    endloop
  endfacet
  facet normal -0.729889 -0.683566 0
    outer loop
      vertex 9.13137 1.13137 4
      vertex 9.20294 1.05495 0
      vertex 9.20294 1.05495 4
    endloop
  endfacet
  facet normal 0.352243 0.935909 -0
    outer loop
      vertex 7.4857 -1.51509 0
      vertex 7.38771 -1.47821 4
      vertex 7.4857 -1.51509 4
    endloop
  endfacet
  facet normal 0.352243 0.935909 0
    outer loop
      vertex 7.38771 -1.47821 4
      vertex 7.4857 -1.51509 0
      vertex 7.38771 -1.47821 0
    endloop
  endfacet
  facet normal -0.881902 0.471433 0
    outer loop
      vertex 9.38564 -0.799999 0
      vertex 9.435 -0.707662 4
      vertex 9.435 -0.707662 0
    endloop
  endfacet
  facet normal -0.881902 0.471433 0
    outer loop
      vertex 9.435 -0.707662 4
      vertex 9.38564 -0.799999 0
      vertex 9.38564 -0.799999 4
    endloop
  endfacet
  facet normal -0.634464 0.772952 0
    outer loop
      vertex 9.05495 -1.20294 0
      vertex 8.97402 -1.26937 4
      vertex 9.05495 -1.20294 4
    endloop
  endfacet
  facet normal -0.634464 0.772952 0
    outer loop
      vertex 8.97402 -1.26937 4
      vertex 9.05495 -1.20294 0
      vertex 8.97402 -1.26937 0
    endloop
  endfacet
  facet normal 0.412694 0.91087 -0
    outer loop
      vertex 7.38771 -1.47821 0
      vertex 7.29234 -1.435 4
      vertex 7.38771 -1.47821 4
    endloop
  endfacet
  facet normal 0.412694 0.91087 0
    outer loop
      vertex 7.29234 -1.435 4
      vertex 7.38771 -1.47821 0
      vertex 7.29234 -1.435 0
    endloop
  endfacet
  facet normal 0.77296 -0.634455 0
    outer loop
      vertex 6.73063 0.974018 4
      vertex 6.79706 1.05495 0
      vertex 6.79706 1.05495 4
    endloop
  endfacet
  facet normal 0.77296 -0.634455 0
    outer loop
      vertex 6.79706 1.05495 0
      vertex 6.73063 0.974018 4
      vertex 6.73063 0.974018 0
    endloop
  endfacet
  facet normal 0.729889 -0.683566 0
    outer loop
      vertex 6.79706 1.05495 4
      vertex 6.86863 1.13137 0
      vertex 6.86863 1.13137 4
    endloop
  endfacet
  facet normal 0.729889 -0.683566 0
    outer loop
      vertex 6.86863 1.13137 0
      vertex 6.79706 1.05495 4
      vertex 6.79706 1.05495 0
    endloop
  endfacet
  facet normal 0.995187 -0.0979943 0
    outer loop
      vertex 6.40343 0.104645 4
      vertex 6.41369 0.208841 0
      vertex 6.41369 0.208841 4
    endloop
  endfacet
  facet normal 0.995187 -0.0979943 0
    outer loop
      vertex 6.41369 0.208841 0
      vertex 6.40343 0.104645 4
      vertex 6.40343 0.104645 0
    endloop
  endfacet
  facet normal 0.881902 0.471433 0
    outer loop
      vertex 6.61436 -0.799999 4
      vertex 6.565 -0.707662 0
      vertex 6.565 -0.707662 4
    endloop
  endfacet
  facet normal 0.881902 0.471433 0
    outer loop
      vertex 6.565 -0.707662 0
      vertex 6.61436 -0.799999 4
      vertex 6.61436 -0.799999 0
    endloop
  endfacet
  facet normal -0.227112 -0.973869 0
    outer loop
      vertex 8.31214 1.56926 0
      vertex 8.41411 1.54548 4
      vertex 8.31214 1.56926 4
    endloop
  endfacet
  facet normal -0.227112 -0.973869 -0
    outer loop
      vertex 8.41411 1.54548 4
      vertex 8.31214 1.56926 0
      vertex 8.41411 1.54548 0
    endloop
  endfacet
  facet normal -0.290265 -0.956946 0
    outer loop
      vertex 8.41411 1.54548 0
      vertex 8.5143 1.51509 4
      vertex 8.41411 1.54548 4
    endloop
  endfacet
  facet normal -0.290265 -0.956946 -0
    outer loop
      vertex 8.5143 1.51509 4
      vertex 8.41411 1.54548 0
      vertex 8.5143 1.51509 0
    endloop
  endfacet
  facet normal 1 -0 0
    outer loop
      vertex 11 -6 4
      vertex 11 6 0
      vertex 11 6 4
    endloop
  endfacet
  facet normal 1 0 0
    outer loop
      vertex 11 6 0
      vertex 11 -6 4
      vertex 11 -6 0
    endloop
  endfacet
  facet normal 0 0 1
    outer loop
      vertex 11 6 4
      vertex 9.6 0 4
      vertex 11 -6 4
    endloop
  endfacet
  facet normal 0 0 1
    outer loop
      vertex 11 6 4
      vertex 9.59657 0.104645 4
      vertex 9.6 0 4
    endloop
  endfacet
  facet normal 0 0 1
    outer loop
      vertex 11 6 4
      vertex 9.58631 0.208841 4
      vertex 9.59657 0.104645 4
    endloop
  endfacet
  facet normal 0 0 1
    outer loop
      vertex 11 6 4
      vertex 9.56926 0.312144 4
      vertex 9.58631 0.208841 4
    endloop
  endfacet
  facet normal 0 0 1
    outer loop
      vertex 11 6 4
      vertex 9.54548 0.41411 4
      vertex 9.56926 0.312144 4
    endloop
  endfacet
  facet normal 0 0 1
    outer loop
      vertex 11 6 4
      vertex 9.51509 0.514302 4
      vertex 9.54548 0.41411 4
    endloop
  endfacet
  facet normal 0 0 1
    outer loop
      vertex 11 6 4
      vertex 9.47821 0.612293 4
      vertex 9.51509 0.514302 4
    endloop
  endfacet
  facet normal 0 0 1
    outer loop
      vertex 11 6 4
      vertex 9.435 0.707662 4
      vertex 9.47821 0.612293 4
    endloop
  endfacet
  facet normal 0 0 1
    outer loop
      vertex 11 6 4
      vertex 9.38564 0.799999 4
      vertex 9.435 0.707662 4
    endloop
  endfacet
  facet normal 0 0 1
    outer loop
      vertex 11 6 4
      vertex 9.33035 0.888912 4
      vertex 9.38564 0.799999 4
    endloop
  endfacet
  facet normal 0 0 1
    outer loop
      vertex 11 6 4
      vertex 9.26937 0.974018 4
      vertex 9.33035 0.888912 4
    endloop
  endfacet
  facet normal 0 0 1
    outer loop
      vertex 11 6 4
      vertex 9.20294 1.05495 4
      vertex 9.26937 0.974018 4
    endloop
  endfacet
  facet normal 0 0 1
    outer loop
      vertex 11 6 4
      vertex 9.13137 1.13137 4
      vertex 9.20294 1.05495 4
    endloop
  endfacet
  facet normal 0 0 1
    outer loop
      vertex 11 6 4
      vertex 9.05495 1.20294 4
      vertex 9.13137 1.13137 4
    endloop
  endfacet
  facet normal 0 0 1
    outer loop
      vertex 11 6 4
      vertex 8.97402 1.26937 4
      vertex 9.05495 1.20294 4
    endloop
  endfacet
  facet normal 0 0 1
    outer loop
      vertex 11 6 4
      vertex 8.88891 1.33035 4
      vertex 8.97402 1.26937 4
    endloop
  endfacet
  facet normal 0 0 1
    outer loop
      vertex 11 6 4
      vertex 8.8 1.38564 4
      vertex 8.88891 1.33035 4
    endloop
  endfacet
  facet normal 0 0 1
    outer loop
      vertex 11 6 4
      vertex 8.70766 1.435 4
      vertex 8.8 1.38564 4
    endloop
  endfacet
  facet normal 0 0 1
    outer loop
      vertex 11 6 4
      vertex 8.61229 1.47821 4
      vertex 8.70766 1.435 4
    endloop
  endfacet
  facet normal 0 0 1
    outer loop
      vertex 11 6 4
      vertex 8.5143 1.51509 4
      vertex 8.61229 1.47821 4
    endloop
  endfacet
  facet normal 0 0 1
    outer loop
      vertex 11 6 4
      vertex 8.41411 1.54548 4
      vertex 8.5143 1.51509 4
    endloop
  endfacet
  facet normal 0 0 1
    outer loop
      vertex 11 6 4
      vertex 8.31214 1.56926 4
      vertex 8.41411 1.54548 4
    endloop
  endfacet
  facet normal 0 0 1
    outer loop
      vertex 11 6 4
      vertex 8.20884 1.58631 4
      vertex 8.31214 1.56926 4
    endloop
  endfacet
  facet normal 0 0 1
    outer loop
      vertex 11 6 4
      vertex 8.10464 1.59657 4
      vertex 8.20884 1.58631 4
    endloop
  endfacet
  facet normal 0 0 1
    outer loop
      vertex 11 6 4
      vertex 8 1.6 4
      vertex 8.10464 1.59657 4
    endloop
  endfacet
  facet normal 0 0 1
    outer loop
      vertex 11 6 4
      vertex 7.89535 1.59657 4
      vertex 8 1.6 4
    endloop
  endfacet
  facet normal 0 0 1
    outer loop
      vertex 11 6 4
      vertex 7.79116 1.58631 4
      vertex 7.89535 1.59657 4
    endloop
  endfacet
  facet normal 0 0 1
    outer loop
      vertex 11 6 4
      vertex 7.68785 1.56926 4
      vertex 7.79116 1.58631 4
    endloop
  endfacet
  facet normal 0 0 1
    outer loop
      vertex 11 6 4
      vertex 7.58589 1.54548 4
      vertex 7.68785 1.56926 4
    endloop
  endfacet
  facet normal 0 0 1
    outer loop
      vertex 11 6 4
      vertex 7.4857 1.51509 4
      vertex 7.58589 1.54548 4
    endloop
  endfacet
  facet normal 0 0 1
    outer loop
      vertex 11 6 4
      vertex 7.38771 1.47821 4
      vertex 7.4857 1.51509 4
    endloop
  endfacet
  facet normal 0 0 1
    outer loop
      vertex 11 6 4
      vertex 7.29234 1.435 4
      vertex 7.38771 1.47821 4
    endloop
  endfacet
  facet normal 0 0 1
    outer loop
      vertex 11 6 4
      vertex 7.2 1.38564 4
      vertex 7.29234 1.435 4
    endloop
  endfacet
  facet normal 0 0 1
    outer loop
      vertex 11 6 4
      vertex 7.11109 1.33035 4
      vertex 7.2 1.38564 4
    endloop
  endfacet
  facet normal 0 0 1
    outer loop
      vertex 11 6 4
      vertex 7.02598 1.26937 4
      vertex 7.11109 1.33035 4
    endloop
  endfacet
  facet normal 0 0 1
    outer loop
      vertex -7.02598 1.26937 4
      vertex 7.02598 1.26937 4
      vertex 11 6 4
    endloop
  endfacet
  facet normal 0 0 1
    outer loop
      vertex 7.02598 1.26937 4
      vertex -7.02598 1.26937 4
      vertex 6.94505 1.20294 4
    endloop
  endfacet
  facet normal 0 -0 1
    outer loop
      vertex -6.94505 1.20294 4
      vertex 6.94505 1.20294 4
      vertex -7.02598 1.26937 4
    endloop
  endfacet
  facet normal 0 0 1
    outer loop
      vertex 6.40343 0.104645 4
      vertex -6.4 0 4
      vertex 6.4 0 4
    endloop
  endfacet
  facet normal 0 0 1
    outer loop
      vertex -6.40343 0.104645 4
      vertex 6.40343 0.104645 4
      vertex 6.41369 0.208841 4
    endloop
  endfacet
  facet normal 0 0 1
    outer loop
      vertex -6.41369 0.208841 4
      vertex 6.41369 0.208841 4
      vertex 6.43074 0.312144 4
    endloop
  endfacet
  facet normal 0 0 1
    outer loop
      vertex -6.43074 0.312144 4
      vertex 6.43074 0.312144 4
      vertex 6.45452 0.41411 4
    endloop
  endfacet
  facet normal 0 0 1
    outer loop
      vertex -6.45452 0.41411 4
      vertex 6.45452 0.41411 4
      vertex 6.48491 0.514302 4
    endloop
  endfacet
  facet normal 0 0 1
    outer loop
      vertex -6.48491 0.514302 4
      vertex 6.48491 0.514302 4
      vertex 6.52179 0.612293 4
    endloop
  endfacet
  facet normal 0 0 1
    outer loop
      vertex -6.52179 0.612293 4
      vertex 6.52179 0.612293 4
      vertex 6.565 0.707662 4
    endloop
  endfacet
  facet normal 0 0 1
    outer loop
      vertex -6.565 0.707662 4
      vertex 6.565 0.707662 4
      vertex 6.61436 0.799999 4
    endloop
  endfacet
  facet normal 0 0 1
    outer loop
      vertex -6.61436 0.799999 4
      vertex 6.61436 0.799999 4
      vertex 6.66965 0.888912 4
    endloop
  endfacet
  facet normal 0 0 1
    outer loop
      vertex -6.66965 0.888912 4
      vertex 6.66965 0.888912 4
      vertex 6.73063 0.974018 4
    endloop
  endfacet
  facet normal 0 0 1
    outer loop
      vertex -6.73063 0.974018 4
      vertex 6.73063 0.974018 4
      vertex 6.79706 1.05495 4
    endloop
  endfacet
  facet normal 0 0 1
    outer loop
      vertex 6.94505 1.20294 4
      vertex -6.94505 1.20294 4
      vertex 6.86863 1.13137 4
    endloop
  endfacet
  facet normal 0 0 1
    outer loop
      vertex 6.40343 0.104645 4
      vertex -6.40343 0.104645 4
      vertex -6.4 0 4
    endloop
  endfacet
  facet normal 0 0 1
    outer loop
      vertex 6.41369 0.208841 4
      vertex -6.41369 0.208841 4
      vertex -6.40343 0.104645 4
    endloop
  endfacet
  facet normal 0 0 1
    outer loop
      vertex 6.43074 0.312144 4
      vertex -6.43074 0.312144 4
      vertex -6.41369 0.208841 4
    endloop
  endfacet
  facet normal 0 0 1
    outer loop
      vertex 6.45452 0.41411 4
      vertex -6.45452 0.41411 4
      vertex -6.43074 0.312144 4
    endloop
  endfacet
  facet normal 0 0 1
    outer loop
      vertex 6.48491 0.514302 4
      vertex -6.48491 0.514302 4
      vertex -6.45452 0.41411 4
    endloop
  endfacet
  facet normal 0 0 1
    outer loop
      vertex 6.52179 0.612293 4
      vertex -6.52179 0.612293 4
      vertex -6.48491 0.514302 4
    endloop
  endfacet
  facet normal 0 0 1
    outer loop
      vertex 6.565 0.707662 4
      vertex -6.565 0.707662 4
      vertex -6.52179 0.612293 4
    endloop
  endfacet
  facet normal 0 0 1
    outer loop
      vertex 6.61436 0.799999 4
      vertex -6.61436 0.799999 4
      vertex -6.565 0.707662 4
    endloop
  endfacet
  facet normal 0 0 1
    outer loop
      vertex 6.66965 0.888912 4
      vertex -6.66965 0.888912 4
      vertex -6.61436 0.799999 4
    endloop
  endfacet
  facet normal 0 0 1
    outer loop
      vertex 6.73063 0.974018 4
      vertex -6.73063 0.974018 4
      vertex -6.66965 0.888912 4
    endloop
  endfacet
  facet normal 0 0 1
    outer loop
      vertex 6.79706 1.05495 4
      vertex -6.79706 1.05495 4
      vertex -6.73063 0.974018 4
    endloop
  endfacet
  facet normal 0 0 1
    outer loop
      vertex 6.79706 1.05495 4
      vertex -6.86863 1.13137 4
      vertex -6.79706 1.05495 4
    endloop
  endfacet
  facet normal 0 0 1
    outer loop
      vertex 6.86863 1.13137 4
      vertex -6.86863 1.13137 4
      vertex 6.79706 1.05495 4
    endloop
  endfacet
  facet normal 0 -0 1
    outer loop
      vertex -6.86863 1.13137 4
      vertex 6.86863 1.13137 4
      vertex -6.94505 1.20294 4
    endloop
  endfacet
  facet normal 0 0 1
    outer loop
      vertex 11 6 4
      vertex -7.11109 1.33035 4
      vertex -7.02598 1.26937 4
    endloop
  endfacet
  facet normal -0 0 1
    outer loop
      vertex -11 6 4
      vertex -7.11109 1.33035 4
      vertex 11 6 4
    endloop
  endfacet
  facet normal 0 0 1
    outer loop
      vertex -7.11109 1.33035 4
      vertex -11 6 4
      vertex -7.2 1.38564 4
    endloop
  endfacet
  facet normal 0 0 1
    outer loop
      vertex -7.2 1.38564 4
      vertex -11 6 4
      vertex -7.29234 1.435 4
    endloop
  endfacet
  facet normal 0 0 1
    outer loop
      vertex -7.29234 1.435 4
      vertex -11 6 4
      vertex -7.38771 1.47821 4
    endloop
  endfacet
  facet normal 0 0 1
    outer loop
      vertex -7.38771 1.47821 4
      vertex -11 6 4
      vertex -7.4857 1.51509 4
    endloop
  endfacet
  facet normal 0 0 1
    outer loop
      vertex -7.4857 1.51509 4
      vertex -11 6 4
      vertex -7.58589 1.54548 4
    endloop
  endfacet
  facet normal 0 0 1
    outer loop
      vertex -7.58589 1.54548 4
      vertex -11 6 4
      vertex -7.68785 1.56926 4
    endloop
  endfacet
  facet normal 0 0 1
    outer loop
      vertex -7.68785 1.56926 4
      vertex -11 6 4
      vertex -7.79116 1.58631 4
    endloop
  endfacet
  facet normal 0 0 1
    outer loop
      vertex -7.79116 1.58631 4
      vertex -11 6 4
      vertex -7.89535 1.59657 4
    endloop
  endfacet
  facet normal 0 0 1
    outer loop
      vertex -7.89535 1.59657 4
      vertex -11 6 4
      vertex -8 1.6 4
    endloop
  endfacet
  facet normal 0 0 1
    outer loop
      vertex -8 1.6 4
      vertex -11 6 4
      vertex -8.10464 1.59657 4
    endloop
  endfacet
  facet normal 0 0 1
    outer loop
      vertex -8.10464 1.59657 4
      vertex -11 6 4
      vertex -8.20884 1.58631 4
    endloop
  endfacet
  facet normal 0 0 1
    outer loop
      vertex -9.59657 0.104645 4
      vertex -11 6 4
      vertex -9.6 0 4
    endloop
  endfacet
  facet normal 0 0 1
    outer loop
      vertex -9.58631 0.208841 4
      vertex -11 6 4
      vertex -9.59657 0.104645 4
    endloop
  endfacet
  facet normal 0 0 1
    outer loop
      vertex -9.56926 0.312144 4
      vertex -11 6 4
      vertex -9.58631 0.208841 4
    endloop
  endfacet
  facet normal 0 0 1
    outer loop
      vertex -9.54548 0.41411 4
      vertex -11 6 4
      vertex -9.56926 0.312144 4
    endloop
  endfacet
  facet normal 0 0 1
    outer loop
      vertex -9.51509 0.514302 4
      vertex -11 6 4
      vertex -9.54548 0.41411 4
    endloop
  endfacet
  facet normal 0 0 1
    outer loop
      vertex -9.47821 0.612293 4
      vertex -11 6 4
      vertex -9.51509 0.514302 4
    endloop
  endfacet
  facet normal 0 0 1
    outer loop
      vertex -9.435 0.707662 4
      vertex -11 6 4
      vertex -9.47821 0.612293 4
    endloop
  endfacet
  facet normal 0 0 1
    outer loop
      vertex -9.38564 0.799999 4
      vertex -11 6 4
      vertex -9.435 0.707662 4
    endloop
  endfacet
  facet normal 0 0 1
    outer loop
      vertex -9.33035 0.888912 4
      vertex -11 6 4
      vertex -9.38564 0.799999 4
    endloop
  endfacet
  facet normal 0 0 1
    outer loop
      vertex -9.26937 0.974018 4
      vertex -11 6 4
      vertex -9.33035 0.888912 4
    endloop
  endfacet
  facet normal 0 0 1
    outer loop
      vertex -9.20294 1.05495 4
      vertex -11 6 4
      vertex -9.26937 0.974018 4
    endloop
  endfacet
  facet normal 0 0 1
    outer loop
      vertex -9.13137 1.13137 4
      vertex -11 6 4
      vertex -9.20294 1.05495 4
    endloop
  endfacet
  facet normal 0 0 1
    outer loop
      vertex -9.05495 1.20294 4
      vertex -11 6 4
      vertex -9.13137 1.13137 4
    endloop
  endfacet
  facet normal 0 0 1
    outer loop
      vertex -8.97402 1.26937 4
      vertex -11 6 4
      vertex -9.05495 1.20294 4
    endloop
  endfacet
  facet normal 0 0 1
    outer loop
      vertex -8.88891 1.33035 4
      vertex -11 6 4
      vertex -8.97402 1.26937 4
    endloop
  endfacet
  facet normal 0 0 1
    outer loop
      vertex -8.8 1.38564 4
      vertex -11 6 4
      vertex -8.88891 1.33035 4
    endloop
  endfacet
  facet normal 0 0 1
    outer loop
      vertex -8.70766 1.435 4
      vertex -11 6 4
      vertex -8.8 1.38564 4
    endloop
  endfacet
  facet normal 0 0 1
    outer loop
      vertex -8.61229 1.47821 4
      vertex -11 6 4
      vertex -8.70766 1.435 4
    endloop
  endfacet
  facet normal 0 0 1
    outer loop
      vertex -8.5143 1.51509 4
      vertex -11 6 4
      vertex -8.61229 1.47821 4
    endloop
  endfacet
  facet normal 0 0 1
    outer loop
      vertex -8.41411 1.54548 4
      vertex -11 6 4
      vertex -8.5143 1.51509 4
    endloop
  endfacet
  facet normal 0 0 1
    outer loop
      vertex -8.31214 1.56926 4
      vertex -11 6 4
      vertex -8.41411 1.54548 4
    endloop
  endfacet
  facet normal 0 0 1
    outer loop
      vertex -8.20884 1.58631 4
      vertex -11 6 4
      vertex -8.31214 1.56926 4
    endloop
  endfacet
  facet normal -0 0 1
    outer loop
      vertex 9.59657 -0.104645 4
      vertex 11 -6 4
      vertex 9.6 0 4
    endloop
  endfacet
  facet normal -0 0 1
    outer loop
      vertex 9.58631 -0.208841 4
      vertex 11 -6 4
      vertex 9.59657 -0.104645 4
    endloop
  endfacet
  facet normal -0 0 1
    outer loop
      vertex 9.56926 -0.312144 4
      vertex 11 -6 4
      vertex 9.58631 -0.208841 4
    endloop
  endfacet
  facet normal -0 0 1
    outer loop
      vertex 9.54548 -0.41411 4
      vertex 11 -6 4
      vertex 9.56926 -0.312144 4
    endloop
  endfacet
  facet normal -0 0 1
    outer loop
      vertex 9.51509 -0.514302 4
      vertex 11 -6 4
      vertex 9.54548 -0.41411 4
    endloop
  endfacet
  facet normal -0 0 1
    outer loop
      vertex 9.47821 -0.612293 4
      vertex 11 -6 4
      vertex 9.51509 -0.514302 4
    endloop
  endfacet
  facet normal -0 0 1
    outer loop
      vertex 9.435 -0.707662 4
      vertex 11 -6 4
      vertex 9.47821 -0.612293 4
    endloop
  endfacet
  facet normal -0 0 1
    outer loop
      vertex 9.38564 -0.799999 4
      vertex 11 -6 4
      vertex 9.435 -0.707662 4
    endloop
  endfacet
  facet normal -0 0 1
    outer loop
      vertex 9.33035 -0.888912 4
      vertex 11 -6 4
      vertex 9.38564 -0.799999 4
    endloop
  endfacet
  facet normal -0 0 1
    outer loop
      vertex 9.26937 -0.974018 4
      vertex 11 -6 4
      vertex 9.33035 -0.888912 4
    endloop
  endfacet
  facet normal -0 0 1
    outer loop
      vertex 9.20294 -1.05495 4
      vertex 11 -6 4
      vertex 9.26937 -0.974018 4
    endloop
  endfacet
  facet normal -0 0 1
    outer loop
      vertex 9.13137 -1.13137 4
      vertex 11 -6 4
      vertex 9.20294 -1.05495 4
    endloop
  endfacet
  facet normal -0 0 1
    outer loop
      vertex 9.05495 -1.20294 4
      vertex 11 -6 4
      vertex 9.13137 -1.13137 4
    endloop
  endfacet
  facet normal -0 0 1
    outer loop
      vertex 8.97402 -1.26937 4
      vertex 11 -6 4
      vertex 9.05495 -1.20294 4
    endloop
  endfacet
  facet normal -0 0 1
    outer loop
      vertex 8.88891 -1.33035 4
      vertex 11 -6 4
      vertex 8.97402 -1.26937 4
    endloop
  endfacet
  facet normal -0 0 1
    outer loop
      vertex 8.8 -1.38564 4
      vertex 11 -6 4
      vertex 8.88891 -1.33035 4
    endloop
  endfacet
  facet normal -0 0 1
    outer loop
      vertex 8.70766 -1.435 4
      vertex 11 -6 4
      vertex 8.8 -1.38564 4
    endloop
  endfacet
  facet normal -0 0 1
    outer loop
      vertex 8.61229 -1.47821 4
      vertex 11 -6 4
      vertex 8.70766 -1.435 4
    endloop
  endfacet
  facet normal -0 0 1
    outer loop
      vertex 8.5143 -1.51509 4
      vertex 11 -6 4
      vertex 8.61229 -1.47821 4
    endloop
  endfacet
  facet normal -0 0 1
    outer loop
      vertex 8.41411 -1.54548 4
      vertex 11 -6 4
      vertex 8.5143 -1.51509 4
    endloop
  endfacet
  facet normal -0 0 1
    outer loop
      vertex 8.31214 -1.56926 4
      vertex 11 -6 4
      vertex 8.41411 -1.54548 4
    endloop
  endfacet
  facet normal -0 0 1
    outer loop
      vertex 8.20884 -1.58631 4
      vertex 11 -6 4
      vertex 8.31214 -1.56926 4
    endloop
  endfacet
  facet normal -0 0 1
    outer loop
      vertex 8.10464 -1.59657 4
      vertex 11 -6 4
      vertex 8.20884 -1.58631 4
    endloop
  endfacet
  facet normal -0 0 1
    outer loop
      vertex 8 -1.6 4
      vertex 11 -6 4
      vertex 8.10464 -1.59657 4
    endloop
  endfacet
  facet normal 0 0 1
    outer loop
      vertex 7.89535 -1.59657 4
      vertex 11 -6 4
      vertex 8 -1.6 4
    endloop
  endfacet
  facet normal 0 0 1
    outer loop
      vertex 7.79116 -1.58631 4
      vertex 11 -6 4
      vertex 7.89535 -1.59657 4
    endloop
  endfacet
  facet normal 0 0 1
    outer loop
      vertex 7.68785 -1.56926 4
      vertex 11 -6 4
      vertex 7.79116 -1.58631 4
    endloop
  endfacet
  facet normal 0 0 1
    outer loop
      vertex 7.58589 -1.54548 4
      vertex 11 -6 4
      vertex 7.68785 -1.56926 4
    endloop
  endfacet
  facet normal 0 0 1
    outer loop
      vertex 7.4857 -1.51509 4
      vertex 11 -6 4
      vertex 7.58589 -1.54548 4
    endloop
  endfacet
  facet normal 0 0 1
    outer loop
      vertex 7.38771 -1.47821 4
      vertex 11 -6 4
      vertex 7.4857 -1.51509 4
    endloop
  endfacet
  facet normal 0 0 1
    outer loop
      vertex 7.29234 -1.435 4
      vertex 11 -6 4
      vertex 7.38771 -1.47821 4
    endloop
  endfacet
  facet normal 0 0 1
    outer loop
      vertex 7.2 -1.38564 4
      vertex 11 -6 4
      vertex 7.29234 -1.435 4
    endloop
  endfacet
  facet normal 0 0 1
    outer loop
      vertex 7.11109 -1.33035 4
      vertex 11 -6 4
      vertex 7.2 -1.38564 4
    endloop
  endfacet
  facet normal 0 0 1
    outer loop
      vertex 7.02598 -1.26937 4
      vertex 11 -6 4
      vertex 7.11109 -1.33035 4
    endloop
  endfacet
  facet normal 0 0 1
    outer loop
      vertex -7.02598 -1.26937 4
      vertex 7.02598 -1.26937 4
      vertex 6.94505 -1.20294 4
    endloop
  endfacet
  facet normal 0 0 1
    outer loop
      vertex -6.94505 -1.20294 4
      vertex 6.94505 -1.20294 4
      vertex 6.86863 -1.13137 4
    endloop
  endfacet
  facet normal 0 0 1
    outer loop
      vertex -6.86863 -1.13137 4
      vertex 6.86863 -1.13137 4
      vertex 6.79706 -1.05495 4
    endloop
  endfacet
  facet normal -0 0 1
    outer loop
      vertex -6.4 0 4
      vertex 6.40343 -0.104645 4
      vertex 6.4 0 4
    endloop
  endfacet
  facet normal 0 0 1
    outer loop
      vertex -6.40343 -0.104645 4
      vertex 6.40343 -0.104645 4
      vertex -6.4 0 4
    endloop
  endfacet
  facet normal 0 0 1
    outer loop
      vertex 6.40343 -0.104645 4
      vertex -6.40343 -0.104645 4
      vertex 6.41369 -0.208841 4
    endloop
  endfacet
  facet normal 0 0 1
    outer loop
      vertex -6.41369 -0.208841 4
      vertex 6.41369 -0.208841 4
      vertex -6.40343 -0.104645 4
    endloop
  endfacet
  facet normal 0 0 1
    outer loop
      vertex 6.41369 -0.208841 4
      vertex -6.41369 -0.208841 4
      vertex 6.43074 -0.312144 4
    endloop
  endfacet
  facet normal 0 0 1
    outer loop
      vertex -6.43074 -0.312144 4
      vertex 6.43074 -0.312144 4
      vertex -6.41369 -0.208841 4
    endloop
  endfacet
  facet normal 0 0 1
    outer loop
      vertex 6.43074 -0.312144 4
      vertex -6.43074 -0.312144 4
      vertex 6.45452 -0.41411 4
    endloop
  endfacet
  facet normal 0 0 1
    outer loop
      vertex -6.45452 -0.41411 4
      vertex 6.45452 -0.41411 4
      vertex -6.43074 -0.312144 4
    endloop
  endfacet
  facet normal 0 0 1
    outer loop
      vertex 6.45452 -0.41411 4
      vertex -6.45452 -0.41411 4
      vertex 6.48491 -0.514302 4
    endloop
  endfacet
  facet normal 0 0 1
    outer loop
      vertex -6.48491 -0.514302 4
      vertex 6.48491 -0.514302 4
      vertex -6.45452 -0.41411 4
    endloop
  endfacet
  facet normal 0 0 1
    outer loop
      vertex 6.48491 -0.514302 4
      vertex -6.48491 -0.514302 4
      vertex 6.52179 -0.612293 4
    endloop
  endfacet
  facet normal 0 0 1
    outer loop
      vertex -6.52179 -0.612293 4
      vertex 6.52179 -0.612293 4
      vertex -6.48491 -0.514302 4
    endloop
  endfacet
  facet normal 0 0 1
    outer loop
      vertex 6.52179 -0.612293 4
      vertex -6.52179 -0.612293 4
      vertex 6.565 -0.707662 4
    endloop
  endfacet
  facet normal 0 0 1
    outer loop
      vertex -6.565 -0.707662 4
      vertex 6.565 -0.707662 4
      vertex -6.52179 -0.612293 4
    endloop
  endfacet
  facet normal 0 0 1
    outer loop
      vertex 6.565 -0.707662 4
      vertex -6.565 -0.707662 4
      vertex 6.61436 -0.799999 4
    endloop
  endfacet
  facet normal 0 0 1
    outer loop
      vertex -6.61436 -0.799999 4
      vertex 6.61436 -0.799999 4
      vertex -6.565 -0.707662 4
    endloop
  endfacet
  facet normal 0 0 1
    outer loop
      vertex 6.61436 -0.799999 4
      vertex -6.61436 -0.799999 4
      vertex 6.66965 -0.888912 4
    endloop
  endfacet
  facet normal 0 0 1
    outer loop
      vertex -6.66965 -0.888912 4
      vertex 6.66965 -0.888912 4
      vertex -6.61436 -0.799999 4
    endloop
  endfacet
  facet normal 0 0 1
    outer loop
      vertex 6.66965 -0.888912 4
      vertex -6.66965 -0.888912 4
      vertex 6.73063 -0.974018 4
    endloop
  endfacet
  facet normal 0 0 1
    outer loop
      vertex -6.73063 -0.974018 4
      vertex 6.73063 -0.974018 4
      vertex -6.66965 -0.888912 4
    endloop
  endfacet
  facet normal 0 0 1
    outer loop
      vertex 6.73063 -0.974018 4
      vertex -6.73063 -0.974018 4
      vertex 6.79706 -1.05495 4
    endloop
  endfacet
  facet normal 0 0 1
    outer loop
      vertex -6.79706 -1.05495 4
      vertex 6.79706 -1.05495 4
      vertex -6.73063 -0.974018 4
    endloop
  endfacet
  facet normal 0 0 1
    outer loop
      vertex -6.86863 -1.13137 4
      vertex 6.79706 -1.05495 4
      vertex -6.79706 -1.05495 4
    endloop
  endfacet
  facet normal 0 0 1
    outer loop
      vertex 6.86863 -1.13137 4
      vertex -6.86863 -1.13137 4
      vertex -6.94505 -1.20294 4
    endloop
  endfacet
  facet normal 0 0 1
    outer loop
      vertex 6.94505 -1.20294 4
      vertex -6.94505 -1.20294 4
      vertex -7.02598 -1.26937 4
    endloop
  endfacet
  facet normal 0 0 1
    outer loop
      vertex 7.02598 -1.26937 4
      vertex -7.02598 -1.26937 4
      vertex 11 -6 4
    endloop
  endfacet
  facet normal -0 0 1
    outer loop
      vertex -7.11109 -1.33035 4
      vertex 11 -6 4
      vertex -7.02598 -1.26937 4
    endloop
  endfacet
  facet normal 0 0 1
    outer loop
      vertex -11 -6 4
      vertex -7.11109 -1.33035 4
      vertex -7.2 -1.38564 4
    endloop
  endfacet
  facet normal 0 0 1
    outer loop
      vertex -11 -6 4
      vertex -7.2 -1.38564 4
      vertex -7.29234 -1.435 4
    endloop
  endfacet
  facet normal 0 0 1
    outer loop
      vertex -11 -6 4
      vertex -7.29234 -1.435 4
      vertex -7.38771 -1.47821 4
    endloop
  endfacet
  facet normal 0 0 1
    outer loop
      vertex -11 -6 4
      vertex -7.38771 -1.47821 4
      vertex -7.4857 -1.51509 4
    endloop
  endfacet
  facet normal 0 0 1
    outer loop
      vertex -11 -6 4
      vertex -7.4857 -1.51509 4
      vertex -7.58589 -1.54548 4
    endloop
  endfacet
  facet normal 0 0 1
    outer loop
      vertex -11 -6 4
      vertex -7.58589 -1.54548 4
      vertex -7.68785 -1.56926 4
    endloop
  endfacet
  facet normal 0 0 1
    outer loop
      vertex -11 -6 4
      vertex -7.68785 -1.56926 4
      vertex -7.79116 -1.58631 4
    endloop
  endfacet
  facet normal 0 0 1
    outer loop
      vertex -11 -6 4
      vertex -7.79116 -1.58631 4
      vertex -7.89535 -1.59657 4
    endloop
  endfacet
  facet normal 0 0 1
    outer loop
      vertex -11 -6 4
      vertex -7.89535 -1.59657 4
      vertex -8 -1.6 4
    endloop
  endfacet
  facet normal 0 0 1
    outer loop
      vertex -11 -6 4
      vertex -8 -1.6 4
      vertex -8.10464 -1.59657 4
    endloop
  endfacet
  facet normal 0 0 1
    outer loop
      vertex -11 -6 4
      vertex -8.10464 -1.59657 4
      vertex -8.20884 -1.58631 4
    endloop
  endfacet
  facet normal 0 0 1
    outer loop
      vertex -11 -6 4
      vertex -8.20884 -1.58631 4
      vertex -8.31214 -1.56926 4
    endloop
  endfacet
  facet normal 0 0 1
    outer loop
      vertex -11 -6 4
      vertex -9.6 0 4
      vertex -11 6 4
    endloop
  endfacet
  facet normal 0 0 1
    outer loop
      vertex -9.6 0 4
      vertex -11 -6 4
      vertex -9.59657 -0.104645 4
    endloop
  endfacet
  facet normal 0 0 1
    outer loop
      vertex -9.59657 -0.104645 4
      vertex -11 -6 4
      vertex -9.58631 -0.208841 4
    endloop
  endfacet
  facet normal 0 0 1
    outer loop
      vertex -7.11109 -1.33035 4
      vertex -11 -6 4
      vertex 11 -6 4
    endloop
  endfacet
  facet normal 0 0 1
    outer loop
      vertex -8.41411 -1.54548 4
      vertex -11 -6 4
      vertex -8.31214 -1.56926 4
    endloop
  endfacet
  facet normal 0 0 1
    outer loop
      vertex -8.5143 -1.51509 4
      vertex -11 -6 4
      vertex -8.41411 -1.54548 4
    endloop
  endfacet
  facet normal 0 0 1
    outer loop
      vertex -8.61229 -1.47821 4
      vertex -11 -6 4
      vertex -8.5143 -1.51509 4
    endloop
  endfacet
  facet normal 0 0 1
    outer loop
      vertex -8.70766 -1.435 4
      vertex -11 -6 4
      vertex -8.61229 -1.47821 4
    endloop
  endfacet
  facet normal 0 0 1
    outer loop
      vertex -8.8 -1.38564 4
      vertex -11 -6 4
      vertex -8.70766 -1.435 4
    endloop
  endfacet
  facet normal 0 0 1
    outer loop
      vertex -8.88891 -1.33035 4
      vertex -11 -6 4
      vertex -8.8 -1.38564 4
    endloop
  endfacet
  facet normal 0 0 1
    outer loop
      vertex -8.97402 -1.26937 4
      vertex -11 -6 4
      vertex -8.88891 -1.33035 4
    endloop
  endfacet
  facet normal 0 0 1
    outer loop
      vertex -9.05495 -1.20294 4
      vertex -11 -6 4
      vertex -8.97402 -1.26937 4
    endloop
  endfacet
  facet normal 0 0 1
    outer loop
      vertex -9.13137 -1.13137 4
      vertex -11 -6 4
      vertex -9.05495 -1.20294 4
    endloop
  endfacet
  facet normal 0 0 1
    outer loop
      vertex -9.20294 -1.05495 4
      vertex -11 -6 4
      vertex -9.13137 -1.13137 4
    endloop
  endfacet
  facet normal 0 0 1
    outer loop
      vertex -9.26937 -0.974018 4
      vertex -11 -6 4
      vertex -9.20294 -1.05495 4
    endloop
  endfacet
  facet normal 0 0 1
    outer loop
      vertex -9.33035 -0.888912 4
      vertex -11 -6 4
      vertex -9.26937 -0.974018 4
    endloop
  endfacet
  facet normal 0 0 1
    outer loop
      vertex -9.38564 -0.799999 4
      vertex -11 -6 4
      vertex -9.33035 -0.888912 4
    endloop
  endfacet
  facet normal 0 0 1
    outer loop
      vertex -9.435 -0.707662 4
      vertex -11 -6 4
      vertex -9.38564 -0.799999 4
    endloop
  endfacet
  facet normal 0 0 1
    outer loop
      vertex -9.47821 -0.612293 4
      vertex -11 -6 4
      vertex -9.435 -0.707662 4
    endloop
  endfacet
  facet normal 0 0 1
    outer loop
      vertex -9.51509 -0.514302 4
      vertex -11 -6 4
      vertex -9.47821 -0.612293 4
    endloop
  endfacet
  facet normal 0 0 1
    outer loop
      vertex -9.54548 -0.41411 4
      vertex -11 -6 4
      vertex -9.51509 -0.514302 4
    endloop
  endfacet
  facet normal 0 0 1
    outer loop
      vertex -9.56926 -0.312144 4
      vertex -11 -6 4
      vertex -9.54548 -0.41411 4
    endloop
  endfacet
  facet normal 0 0 1
    outer loop
      vertex -9.58631 -0.208841 4
      vertex -11 -6 4
      vertex -9.56926 -0.312144 4
    endloop
  endfacet
  facet normal 0 0 -1
    outer loop
      vertex 11 -6 0
      vertex 9.6 0 0
      vertex 11 6 0
    endloop
  endfacet
  facet normal 0 0 -1
    outer loop
      vertex 11 -6 0
      vertex 9.59657 -0.104645 0
      vertex 9.6 0 0
    endloop
  endfacet
  facet normal 0 0 -1
    outer loop
      vertex 11 -6 0
      vertex 9.58631 -0.208841 0
      vertex 9.59657 -0.104645 0
    endloop
  endfacet
  facet normal 0 0 -1
    outer loop
      vertex 11 -6 0
      vertex 9.56926 -0.312144 0
      vertex 9.58631 -0.208841 0
    endloop
  endfacet
  facet normal 0 0 -1
    outer loop
      vertex 11 -6 0
      vertex 9.54548 -0.41411 0
      vertex 9.56926 -0.312144 0
    endloop
  endfacet
  facet normal 0 0 -1
    outer loop
      vertex 11 -6 0
      vertex 9.51509 -0.514302 0
      vertex 9.54548 -0.41411 0
    endloop
  endfacet
  facet normal 0 0 -1
    outer loop
      vertex 11 -6 0
      vertex 9.47821 -0.612293 0
      vertex 9.51509 -0.514302 0
    endloop
  endfacet
  facet normal 0 0 -1
    outer loop
      vertex 11 -6 0
      vertex 9.435 -0.707662 0
      vertex 9.47821 -0.612293 0
    endloop
  endfacet
  facet normal 0 0 -1
    outer loop
      vertex 11 -6 0
      vertex 9.38564 -0.799999 0
      vertex 9.435 -0.707662 0
    endloop
  endfacet
  facet normal 0 0 -1
    outer loop
      vertex 11 -6 0
      vertex 9.33035 -0.888912 0
      vertex 9.38564 -0.799999 0
    endloop
  endfacet
  facet normal 0 0 -1
    outer loop
      vertex 11 -6 0
      vertex 9.26937 -0.974018 0
      vertex 9.33035 -0.888912 0
    endloop
  endfacet
  facet normal 0 0 -1
    outer loop
      vertex 11 -6 0
      vertex 9.20294 -1.05495 0
      vertex 9.26937 -0.974018 0
    endloop
  endfacet
  facet normal 0 0 -1
    outer loop
      vertex 11 -6 0
      vertex 9.13137 -1.13137 0
      vertex 9.20294 -1.05495 0
    endloop
  endfacet
  facet normal 0 0 -1
    outer loop
      vertex 11 -6 0
      vertex 9.05495 -1.20294 0
      vertex 9.13137 -1.13137 0
    endloop
  endfacet
  facet normal 0 0 -1
    outer loop
      vertex 11 -6 0
      vertex 8.97402 -1.26937 0
      vertex 9.05495 -1.20294 0
    endloop
  endfacet
  facet normal 0 0 -1
    outer loop
      vertex 11 -6 0
      vertex 8.88891 -1.33035 0
      vertex 8.97402 -1.26937 0
    endloop
  endfacet
  facet normal 0 0 -1
    outer loop
      vertex 11 -6 0
      vertex 8.8 -1.38564 0
      vertex 8.88891 -1.33035 0
    endloop
  endfacet
  facet normal 0 0 -1
    outer loop
      vertex 11 -6 0
      vertex 8.70766 -1.435 0
      vertex 8.8 -1.38564 0
    endloop
  endfacet
  facet normal 0 0 -1
    outer loop
      vertex 11 -6 0
      vertex 8.61229 -1.47821 0
      vertex 8.70766 -1.435 0
    endloop
  endfacet
  facet normal 0 0 -1
    outer loop
      vertex 11 -6 0
      vertex 8.5143 -1.51509 0
      vertex 8.61229 -1.47821 0
    endloop
  endfacet
  facet normal 0 0 -1
    outer loop
      vertex 11 -6 0
      vertex 8.41411 -1.54548 0
      vertex 8.5143 -1.51509 0
    endloop
  endfacet
  facet normal 0 0 -1
    outer loop
      vertex 11 -6 0
      vertex 8.31214 -1.56926 0
      vertex 8.41411 -1.54548 0
    endloop
  endfacet
  facet normal 0 0 -1
    outer loop
      vertex 11 -6 0
      vertex 8.20884 -1.58631 0
      vertex 8.31214 -1.56926 0
    endloop
  endfacet
  facet normal 0 0 -1
    outer loop
      vertex 11 -6 0
      vertex 8.10464 -1.59657 0
      vertex 8.20884 -1.58631 0
    endloop
  endfacet
  facet normal 0 0 -1
    outer loop
      vertex 11 -6 0
      vertex 8 -1.6 0
      vertex 8.10464 -1.59657 0
    endloop
  endfacet
  facet normal 0 0 -1
    outer loop
      vertex 11 -6 0
      vertex 7.89535 -1.59657 0
      vertex 8 -1.6 0
    endloop
  endfacet
  facet normal 0 0 -1
    outer loop
      vertex 11 -6 0
      vertex 7.79116 -1.58631 0
      vertex 7.89535 -1.59657 0
    endloop
  endfacet
  facet normal 0 0 -1
    outer loop
      vertex 11 -6 0
      vertex 7.68785 -1.56926 0
      vertex 7.79116 -1.58631 0
    endloop
  endfacet
  facet normal 0 0 -1
    outer loop
      vertex 2.5 -6 0
      vertex 7.68785 -1.56926 0
      vertex 11 -6 0
    endloop
  endfacet
  facet normal -0 0 -1
    outer loop
      vertex 7.68785 -1.56926 0
      vertex 2.5 -6 0
      vertex 7.58589 -1.54548 0
    endloop
  endfacet
  facet normal -0 0 -1
    outer loop
      vertex 7.58589 -1.54548 0
      vertex 2.5 -6 0
      vertex 7.4857 -1.51509 0
    endloop
  endfacet
  facet normal -0 0 -1
    outer loop
      vertex 7.4857 -1.51509 0
      vertex 2.5 -6 0
      vertex 7.38771 -1.47821 0
    endloop
  endfacet
  facet normal -0 0 -1
    outer loop
      vertex 7.38771 -1.47821 0
      vertex 2.5 -6 0
      vertex 7.29234 -1.435 0
    endloop
  endfacet
  facet normal -0 0 -1
    outer loop
      vertex 7.29234 -1.435 0
      vertex 2.5 -6 0
      vertex 7.2 -1.38564 0
    endloop
  endfacet
  facet normal -0 0 -1
    outer loop
      vertex 7.2 -1.38564 0
      vertex 2.5 -6 0
      vertex 7.11109 -1.33035 0
    endloop
  endfacet
  facet normal -0 0 -1
    outer loop
      vertex 7.11109 -1.33035 0
      vertex 2.5 -6 0
      vertex 7.02598 -1.26937 0
    endloop
  endfacet
  facet normal -0 0 -1
    outer loop
      vertex 7.02598 -1.26937 0
      vertex 2.5 -6 0
      vertex 6.94505 -1.20294 0
    endloop
  endfacet
  facet normal -0 0 -1
    outer loop
      vertex 6.94505 -1.20294 0
      vertex 2.5 -6 0
      vertex 6.86863 -1.13137 0
    endloop
  endfacet
  facet normal -0 0 -1
    outer loop
      vertex 6.40343 -0.104645 0
      vertex 2.5 -6 0
      vertex 6.4 0 0
    endloop
  endfacet
  facet normal -0 0 -1
    outer loop
      vertex 6.41369 -0.208841 0
      vertex 2.5 -6 0
      vertex 6.40343 -0.104645 0
    endloop
  endfacet
  facet normal -0 0 -1
    outer loop
      vertex 6.43074 -0.312144 0
      vertex 2.5 -6 0
      vertex 6.41369 -0.208841 0
    endloop
  endfacet
  facet normal -0 0 -1
    outer loop
      vertex 6.45452 -0.41411 0
      vertex 2.5 -6 0
      vertex 6.43074 -0.312144 0
    endloop
  endfacet
  facet normal -0 0 -1
    outer loop
      vertex 6.48491 -0.514302 0
      vertex 2.5 -6 0
      vertex 6.45452 -0.41411 0
    endloop
  endfacet
  facet normal -0 0 -1
    outer loop
      vertex 6.52179 -0.612293 0
      vertex 2.5 -6 0
      vertex 6.48491 -0.514302 0
    endloop
  endfacet
  facet normal -0 0 -1
    outer loop
      vertex 6.565 -0.707662 0
      vertex 2.5 -6 0
      vertex 6.52179 -0.612293 0
    endloop
  endfacet
  facet normal -0 0 -1
    outer loop
      vertex 6.61436 -0.799999 0
      vertex 2.5 -6 0
      vertex 6.565 -0.707662 0
    endloop
  endfacet
  facet normal -0 0 -1
    outer loop
      vertex 6.66965 -0.888912 0
      vertex 2.5 -6 0
      vertex 6.61436 -0.799999 0
    endloop
  endfacet
  facet normal -0 0 -1
    outer loop
      vertex 6.73063 -0.974018 0
      vertex 2.5 -6 0
      vertex 6.66965 -0.888912 0
    endloop
  endfacet
  facet normal -0 0 -1
    outer loop
      vertex 6.79706 -1.05495 0
      vertex 2.5 -6 0
      vertex 6.73063 -0.974018 0
    endloop
  endfacet
  facet normal -0 0 -1
    outer loop
      vertex 6.86863 -1.13137 0
      vertex 2.5 -6 0
      vertex 6.79706 -1.05495 0
    endloop
  endfacet
  facet normal 0 0 -1
    outer loop
      vertex 9.59657 0.104645 0
      vertex 11 6 0
      vertex 9.6 0 0
    endloop
  endfacet
  facet normal 0 0 -1
    outer loop
      vertex 9.58631 0.208841 0
      vertex 11 6 0
      vertex 9.59657 0.104645 0
    endloop
  endfacet
  facet normal 0 0 -1
    outer loop
      vertex 9.56926 0.312144 0
      vertex 11 6 0
      vertex 9.58631 0.208841 0
    endloop
  endfacet
  facet normal 0 0 -1
    outer loop
      vertex 9.54548 0.41411 0
      vertex 11 6 0
      vertex 9.56926 0.312144 0
    endloop
  endfacet
  facet normal 0 0 -1
    outer loop
      vertex 9.51509 0.514302 0
      vertex 11 6 0
      vertex 9.54548 0.41411 0
    endloop
  endfacet
  facet normal 0 0 -1
    outer loop
      vertex 9.47821 0.612293 0
      vertex 11 6 0
      vertex 9.51509 0.514302 0
    endloop
  endfacet
  facet normal 0 0 -1
    outer loop
      vertex 9.435 0.707662 0
      vertex 11 6 0
      vertex 9.47821 0.612293 0
    endloop
  endfacet
  facet normal 0 0 -1
    outer loop
      vertex 9.38564 0.799999 0
      vertex 11 6 0
      vertex 9.435 0.707662 0
    endloop
  endfacet
  facet normal 0 0 -1
    outer loop
      vertex 9.33035 0.888912 0
      vertex 11 6 0
      vertex 9.38564 0.799999 0
    endloop
  endfacet
  facet normal 0 0 -1
    outer loop
      vertex 9.26937 0.974018 0
      vertex 11 6 0
      vertex 9.33035 0.888912 0
    endloop
  endfacet
  facet normal 0 0 -1
    outer loop
      vertex 9.20294 1.05495 0
      vertex 11 6 0
      vertex 9.26937 0.974018 0
    endloop
  endfacet
  facet normal 0 0 -1
    outer loop
      vertex 9.13137 1.13137 0
      vertex 11 6 0
      vertex 9.20294 1.05495 0
    endloop
  endfacet
  facet normal 0 0 -1
    outer loop
      vertex 9.05495 1.20294 0
      vertex 11 6 0
      vertex 9.13137 1.13137 0
    endloop
  endfacet
  facet normal 0 0 -1
    outer loop
      vertex 8.97402 1.26937 0
      vertex 11 6 0
      vertex 9.05495 1.20294 0
    endloop
  endfacet
  facet normal 0 0 -1
    outer loop
      vertex 8.88891 1.33035 0
      vertex 11 6 0
      vertex 8.97402 1.26937 0
    endloop
  endfacet
  facet normal 0 0 -1
    outer loop
      vertex 8.8 1.38564 0
      vertex 11 6 0
      vertex 8.88891 1.33035 0
    endloop
  endfacet
  facet normal 0 0 -1
    outer loop
      vertex 8.70766 1.435 0
      vertex 11 6 0
      vertex 8.8 1.38564 0
    endloop
  endfacet
  facet normal 0 0 -1
    outer loop
      vertex 8.61229 1.47821 0
      vertex 11 6 0
      vertex 8.70766 1.435 0
    endloop
  endfacet
  facet normal 0 0 -1
    outer loop
      vertex 8.5143 1.51509 0
      vertex 11 6 0
      vertex 8.61229 1.47821 0
    endloop
  endfacet
  facet normal 0 0 -1
    outer loop
      vertex 8.41411 1.54548 0
      vertex 11 6 0
      vertex 8.5143 1.51509 0
    endloop
  endfacet
  facet normal 0 0 -1
    outer loop
      vertex 8.31214 1.56926 0
      vertex 11 6 0
      vertex 8.41411 1.54548 0
    endloop
  endfacet
  facet normal 0 0 -1
    outer loop
      vertex 8.20884 1.58631 0
      vertex 11 6 0
      vertex 8.31214 1.56926 0
    endloop
  endfacet
  facet normal 0 0 -1
    outer loop
      vertex 8.10464 1.59657 0
      vertex 11 6 0
      vertex 8.20884 1.58631 0
    endloop
  endfacet
  facet normal 0 0 -1
    outer loop
      vertex 8 1.6 0
      vertex 11 6 0
      vertex 8.10464 1.59657 0
    endloop
  endfacet
  facet normal 0 0 -1
    outer loop
      vertex 7.89535 1.59657 0
      vertex 11 6 0
      vertex 8 1.6 0
    endloop
  endfacet
  facet normal 0 0 -1
    outer loop
      vertex 7.79116 1.58631 0
      vertex 11 6 0
      vertex 7.89535 1.59657 0
    endloop
  endfacet
  facet normal 0 0 -1
    outer loop
      vertex 7.68785 1.56926 0
      vertex 11 6 0
      vertex 7.79116 1.58631 0
    endloop
  endfacet
  facet normal 0 0 -1
    outer loop
      vertex 2.5 6 0
      vertex 7.68785 1.56926 0
      vertex 7.58589 1.54548 0
    endloop
  endfacet
  facet normal 0 0 -1
    outer loop
      vertex 2.5 6 0
      vertex 7.58589 1.54548 0
      vertex 7.4857 1.51509 0
    endloop
  endfacet
  facet normal 0 0 -1
    outer loop
      vertex 2.5 6 0
      vertex 7.4857 1.51509 0
      vertex 7.38771 1.47821 0
    endloop
  endfacet
  facet normal 0 0 -1
    outer loop
      vertex 2.5 6 0
      vertex 7.38771 1.47821 0
      vertex 7.29234 1.435 0
    endloop
  endfacet
  facet normal 0 0 -1
    outer loop
      vertex 2.5 6 0
      vertex 7.29234 1.435 0
      vertex 7.2 1.38564 0
    endloop
  endfacet
  facet normal 0 0 -1
    outer loop
      vertex 2.5 6 0
      vertex 7.2 1.38564 0
      vertex 7.11109 1.33035 0
    endloop
  endfacet
  facet normal 0 0 -1
    outer loop
      vertex 2.5 6 0
      vertex 7.11109 1.33035 0
      vertex 7.02598 1.26937 0
    endloop
  endfacet
  facet normal 0 0 -1
    outer loop
      vertex 2.5 6 0
      vertex 7.02598 1.26937 0
      vertex 6.94505 1.20294 0
    endloop
  endfacet
  facet normal 0 0 -1
    outer loop
      vertex 2.5 6 0
      vertex 6.94505 1.20294 0
      vertex 6.86863 1.13137 0
    endloop
  endfacet
  facet normal 0 0 -1
    outer loop
      vertex 2.5 6 0
      vertex 6.86863 1.13137 0
      vertex 6.79706 1.05495 0
    endloop
  endfacet
  facet normal 0 0 -1
    outer loop
      vertex 2.5 6 0
      vertex 6.4 0 0
      vertex 2.5 -6 0
    endloop
  endfacet
  facet normal 0 0 -1
    outer loop
      vertex 6.4 0 0
      vertex 2.5 6 0
      vertex 6.40343 0.104645 0
    endloop
  endfacet
  facet normal 0 0 -1
    outer loop
      vertex 6.40343 0.104645 0
      vertex 2.5 6 0
      vertex 6.41369 0.208841 0
    endloop
  endfacet
  facet normal 0 0 -1
    outer loop
      vertex 6.41369 0.208841 0
      vertex 2.5 6 0
      vertex 6.43074 0.312144 0
    endloop
  endfacet
  facet normal 0 0 -1
    outer loop
      vertex 6.43074 0.312144 0
      vertex 2.5 6 0
      vertex 6.45452 0.41411 0
    endloop
  endfacet
  facet normal 0 0 -1
    outer loop
      vertex 6.45452 0.41411 0
      vertex 2.5 6 0
      vertex 6.48491 0.514302 0
    endloop
  endfacet
  facet normal 0 0 -1
    outer loop
      vertex 6.48491 0.514302 0
      vertex 2.5 6 0
      vertex 6.52179 0.612293 0
    endloop
  endfacet
  facet normal 0 0 -1
    outer loop
      vertex 6.52179 0.612293 0
      vertex 2.5 6 0
      vertex 6.565 0.707662 0
    endloop
  endfacet
  facet normal 0 0 -1
    outer loop
      vertex 7.68785 1.56926 0
      vertex 2.5 6 0
      vertex 11 6 0
    endloop
  endfacet
  facet normal 0 0 -1
    outer loop
      vertex 6.73063 0.974018 0
      vertex 2.5 6 0
      vertex 6.79706 1.05495 0
    endloop
  endfacet
  facet normal 0 0 -1
    outer loop
      vertex 6.66965 0.888912 0
      vertex 2.5 6 0
      vertex 6.73063 0.974018 0
    endloop
  endfacet
  facet normal 0 0 -1
    outer loop
      vertex 6.61436 0.799999 0
      vertex 2.5 6 0
      vertex 6.66965 0.888912 0
    endloop
  endfacet
  facet normal 0 0 -1
    outer loop
      vertex 6.565 0.707662 0
      vertex 2.5 6 0
      vertex 6.61436 0.799999 0
    endloop
  endfacet
  facet normal 0 0 -1
    outer loop
      vertex -2.5 -6 0
      vertex -6.4 0 0
      vertex -2.5 6 0
    endloop
  endfacet
  facet normal 0 0 -1
    outer loop
      vertex -2.5 -6 0
      vertex -6.40343 -0.104645 0
      vertex -6.4 0 0
    endloop
  endfacet
  facet normal 0 0 -1
    outer loop
      vertex -2.5 -6 0
      vertex -6.41369 -0.208841 0
      vertex -6.40343 -0.104645 0
    endloop
  endfacet
  facet normal 0 0 -1
    outer loop
      vertex -2.5 -6 0
      vertex -6.43074 -0.312144 0
      vertex -6.41369 -0.208841 0
    endloop
  endfacet
  facet normal 0 0 -1
    outer loop
      vertex -2.5 -6 0
      vertex -6.45452 -0.41411 0
      vertex -6.43074 -0.312144 0
    endloop
  endfacet
  facet normal 0 0 -1
    outer loop
      vertex -2.5 -6 0
      vertex -6.48491 -0.514302 0
      vertex -6.45452 -0.41411 0
    endloop
  endfacet
  facet normal 0 0 -1
    outer loop
      vertex -2.5 -6 0
      vertex -6.52179 -0.612293 0
      vertex -6.48491 -0.514302 0
    endloop
  endfacet
  facet normal 0 0 -1
    outer loop
      vertex -2.5 -6 0
      vertex -6.565 -0.707662 0
      vertex -6.52179 -0.612293 0
    endloop
  endfacet
  facet normal 0 0 -1
    outer loop
      vertex -2.5 -6 0
      vertex -6.61436 -0.799999 0
      vertex -6.565 -0.707662 0
    endloop
  endfacet
  facet normal 0 0 -1
    outer loop
      vertex -2.5 -6 0
      vertex -6.66965 -0.888912 0
      vertex -6.61436 -0.799999 0
    endloop
  endfacet
  facet normal 0 0 -1
    outer loop
      vertex -2.5 -6 0
      vertex -6.73063 -0.974018 0
      vertex -6.66965 -0.888912 0
    endloop
  endfacet
  facet normal 0 0 -1
    outer loop
      vertex -2.5 -6 0
      vertex -6.79706 -1.05495 0
      vertex -6.73063 -0.974018 0
    endloop
  endfacet
  facet normal 0 0 -1
    outer loop
      vertex -2.5 -6 0
      vertex -6.86863 -1.13137 0
      vertex -6.79706 -1.05495 0
    endloop
  endfacet
  facet normal 0 0 -1
    outer loop
      vertex -2.5 -6 0
      vertex -6.94505 -1.20294 0
      vertex -6.86863 -1.13137 0
    endloop
  endfacet
  facet normal 0 0 -1
    outer loop
      vertex -2.5 -6 0
      vertex -7.02598 -1.26937 0
      vertex -6.94505 -1.20294 0
    endloop
  endfacet
  facet normal 0 0 -1
    outer loop
      vertex -2.5 -6 0
      vertex -7.11109 -1.33035 0
      vertex -7.02598 -1.26937 0
    endloop
  endfacet
  facet normal 0 0 -1
    outer loop
      vertex -2.5 -6 0
      vertex -7.2 -1.38564 0
      vertex -7.11109 -1.33035 0
    endloop
  endfacet
  facet normal 0 0 -1
    outer loop
      vertex -2.5 -6 0
      vertex -7.29234 -1.435 0
      vertex -7.2 -1.38564 0
    endloop
  endfacet
  facet normal 0 0 -1
    outer loop
      vertex -2.5 -6 0
      vertex -7.38771 -1.47821 0
      vertex -7.29234 -1.435 0
    endloop
  endfacet
  facet normal 0 0 -1
    outer loop
      vertex -2.5 -6 0
      vertex -7.4857 -1.51509 0
      vertex -7.38771 -1.47821 0
    endloop
  endfacet
  facet normal 0 0 -1
    outer loop
      vertex -2.5 -6 0
      vertex -7.58589 -1.54548 0
      vertex -7.4857 -1.51509 0
    endloop
  endfacet
  facet normal 0 0 -1
    outer loop
      vertex -2.5 -6 0
      vertex -7.68785 -1.56926 0
      vertex -7.58589 -1.54548 0
    endloop
  endfacet
  facet normal 0 0 -1
    outer loop
      vertex -11 -6 0
      vertex -7.68785 -1.56926 0
      vertex -2.5 -6 0
    endloop
  endfacet
  facet normal 0 0 -1
    outer loop
      vertex -7.68785 -1.56926 0
      vertex -11 -6 0
      vertex -7.79116 -1.58631 0
    endloop
  endfacet
  facet normal 0 0 -1
    outer loop
      vertex -7.79116 -1.58631 0
      vertex -11 -6 0
      vertex -7.89535 -1.59657 0
    endloop
  endfacet
  facet normal 0 0 -1
    outer loop
      vertex -7.89535 -1.59657 0
      vertex -11 -6 0
      vertex -8 -1.6 0
    endloop
  endfacet
  facet normal -0 0 -1
    outer loop
      vertex -8 -1.6 0
      vertex -11 -6 0
      vertex -8.10464 -1.59657 0
    endloop
  endfacet
  facet normal -0 0 -1
    outer loop
      vertex -8.10464 -1.59657 0
      vertex -11 -6 0
      vertex -8.20884 -1.58631 0
    endloop
  endfacet
  facet normal -0 0 -1
    outer loop
      vertex -8.20884 -1.58631 0
      vertex -11 -6 0
      vertex -8.31214 -1.56926 0
    endloop
  endfacet
  facet normal -0 0 -1
    outer loop
      vertex -8.31214 -1.56926 0
      vertex -11 -6 0
      vertex -8.41411 -1.54548 0
    endloop
  endfacet
  facet normal -0 0 -1
    outer loop
      vertex -8.41411 -1.54548 0
      vertex -11 -6 0
      vertex -8.5143 -1.51509 0
    endloop
  endfacet
  facet normal -0 0 -1
    outer loop
      vertex -8.5143 -1.51509 0
      vertex -11 -6 0
      vertex -8.61229 -1.47821 0
    endloop
  endfacet
  facet normal -0 0 -1
    outer loop
      vertex -8.61229 -1.47821 0
      vertex -11 -6 0
      vertex -8.70766 -1.435 0
    endloop
  endfacet
  facet normal -0 0 -1
    outer loop
      vertex -8.70766 -1.435 0
      vertex -11 -6 0
      vertex -8.8 -1.38564 0
    endloop
  endfacet
  facet normal -0 0 -1
    outer loop
      vertex -8.8 -1.38564 0
      vertex -11 -6 0
      vertex -8.88891 -1.33035 0
    endloop
  endfacet
  facet normal -0 0 -1
    outer loop
      vertex -9.59657 -0.104645 0
      vertex -11 -6 0
      vertex -9.6 0 0
    endloop
  endfacet
  facet normal -0 0 -1
    outer loop
      vertex -9.58631 -0.208841 0
      vertex -11 -6 0
      vertex -9.59657 -0.104645 0
    endloop
  endfacet
  facet normal -0 0 -1
    outer loop
      vertex -9.56926 -0.312144 0
      vertex -11 -6 0
      vertex -9.58631 -0.208841 0
    endloop
  endfacet
  facet normal -0 0 -1
    outer loop
      vertex -9.54548 -0.41411 0
      vertex -11 -6 0
      vertex -9.56926 -0.312144 0
    endloop
  endfacet
  facet normal -0 0 -1
    outer loop
      vertex -9.51509 -0.514302 0
      vertex -11 -6 0
      vertex -9.54548 -0.41411 0
    endloop
  endfacet
  facet normal -0 0 -1
    outer loop
      vertex -9.47821 -0.612293 0
      vertex -11 -6 0
      vertex -9.51509 -0.514302 0
    endloop
  endfacet
  facet normal -0 0 -1
    outer loop
      vertex -9.435 -0.707662 0
      vertex -11 -6 0
      vertex -9.47821 -0.612293 0
    endloop
  endfacet
  facet normal -0 0 -1
    outer loop
      vertex -9.38564 -0.799999 0
      vertex -11 -6 0
      vertex -9.435 -0.707662 0
    endloop
  endfacet
  facet normal -0 0 -1
    outer loop
      vertex -9.33035 -0.888912 0
      vertex -11 -6 0
      vertex -9.38564 -0.799999 0
    endloop
  endfacet
  facet normal -0 0 -1
    outer loop
      vertex -9.26937 -0.974018 0
      vertex -11 -6 0
      vertex -9.33035 -0.888912 0
    endloop
  endfacet
  facet normal -0 0 -1
    outer loop
      vertex -9.20294 -1.05495 0
      vertex -11 -6 0
      vertex -9.26937 -0.974018 0
    endloop
  endfacet
  facet normal -0 0 -1
    outer loop
      vertex -9.13137 -1.13137 0
      vertex -11 -6 0
      vertex -9.20294 -1.05495 0
    endloop
  endfacet
  facet normal -0 0 -1
    outer loop
      vertex -9.05495 -1.20294 0
      vertex -11 -6 0
      vertex -9.13137 -1.13137 0
    endloop
  endfacet
  facet normal -0 0 -1
    outer loop
      vertex -8.97402 -1.26937 0
      vertex -11 -6 0
      vertex -9.05495 -1.20294 0
    endloop
  endfacet
  facet normal -0 0 -1
    outer loop
      vertex -8.88891 -1.33035 0
      vertex -11 -6 0
      vertex -8.97402 -1.26937 0
    endloop
  endfacet
  facet normal 0 0 -1
    outer loop
      vertex -6.40343 0.104645 0
      vertex -2.5 6 0
      vertex -6.4 0 0
    endloop
  endfacet
  facet normal 0 0 -1
    outer loop
      vertex -6.41369 0.208841 0
      vertex -2.5 6 0
      vertex -6.40343 0.104645 0
    endloop
  endfacet
  facet normal 0 0 -1
    outer loop
      vertex -6.43074 0.312144 0
      vertex -2.5 6 0
      vertex -6.41369 0.208841 0
    endloop
  endfacet
  facet normal 0 0 -1
    outer loop
      vertex -6.45452 0.41411 0
      vertex -2.5 6 0
      vertex -6.43074 0.312144 0
    endloop
  endfacet
  facet normal 0 0 -1
    outer loop
      vertex -6.48491 0.514302 0
      vertex -2.5 6 0
      vertex -6.45452 0.41411 0
    endloop
  endfacet
  facet normal 0 0 -1
    outer loop
      vertex -6.52179 0.612293 0
      vertex -2.5 6 0
      vertex -6.48491 0.514302 0
    endloop
  endfacet
  facet normal 0 0 -1
    outer loop
      vertex -6.565 0.707662 0
      vertex -2.5 6 0
      vertex -6.52179 0.612293 0
    endloop
  endfacet
  facet normal 0 0 -1
    outer loop
      vertex -6.61436 0.799999 0
      vertex -2.5 6 0
      vertex -6.565 0.707662 0
    endloop
  endfacet
  facet normal 0 0 -1
    outer loop
      vertex -6.66965 0.888912 0
      vertex -2.5 6 0
      vertex -6.61436 0.799999 0
    endloop
  endfacet
  facet normal 0 0 -1
    outer loop
      vertex -6.73063 0.974018 0
      vertex -2.5 6 0
      vertex -6.66965 0.888912 0
    endloop
  endfacet
  facet normal 0 0 -1
    outer loop
      vertex -6.79706 1.05495 0
      vertex -2.5 6 0
      vertex -6.73063 0.974018 0
    endloop
  endfacet
  facet normal 0 0 -1
    outer loop
      vertex -6.86863 1.13137 0
      vertex -2.5 6 0
      vertex -6.79706 1.05495 0
    endloop
  endfacet
  facet normal 0 0 -1
    outer loop
      vertex -6.94505 1.20294 0
      vertex -2.5 6 0
      vertex -6.86863 1.13137 0
    endloop
  endfacet
  facet normal 0 0 -1
    outer loop
      vertex -7.02598 1.26937 0
      vertex -2.5 6 0
      vertex -6.94505 1.20294 0
    endloop
  endfacet
  facet normal 0 0 -1
    outer loop
      vertex -7.11109 1.33035 0
      vertex -2.5 6 0
      vertex -7.02598 1.26937 0
    endloop
  endfacet
  facet normal 0 0 -1
    outer loop
      vertex -7.2 1.38564 0
      vertex -2.5 6 0
      vertex -7.11109 1.33035 0
    endloop
  endfacet
  facet normal 0 0 -1
    outer loop
      vertex -7.29234 1.435 0
      vertex -2.5 6 0
      vertex -7.2 1.38564 0
    endloop
  endfacet
  facet normal 0 0 -1
    outer loop
      vertex -7.38771 1.47821 0
      vertex -2.5 6 0
      vertex -7.29234 1.435 0
    endloop
  endfacet
  facet normal 0 0 -1
    outer loop
      vertex -7.4857 1.51509 0
      vertex -2.5 6 0
      vertex -7.38771 1.47821 0
    endloop
  endfacet
  facet normal 0 0 -1
    outer loop
      vertex -7.58589 1.54548 0
      vertex -2.5 6 0
      vertex -7.4857 1.51509 0
    endloop
  endfacet
  facet normal 0 0 -1
    outer loop
      vertex -7.68785 1.56926 0
      vertex -2.5 6 0
      vertex -7.58589 1.54548 0
    endloop
  endfacet
  facet normal 0 0 -1
    outer loop
      vertex -11 6 0
      vertex -7.68785 1.56926 0
      vertex -7.79116 1.58631 0
    endloop
  endfacet
  facet normal 0 0 -1
    outer loop
      vertex -11 6 0
      vertex -7.79116 1.58631 0
      vertex -7.89535 1.59657 0
    endloop
  endfacet
  facet normal 0 0 -1
    outer loop
      vertex -11 6 0
      vertex -7.89535 1.59657 0
      vertex -8 1.6 0
    endloop
  endfacet
  facet normal 0 0 -1
    outer loop
      vertex -11 6 0
      vertex -8 1.6 0
      vertex -8.10464 1.59657 0
    endloop
  endfacet
  facet normal 0 0 -1
    outer loop
      vertex -11 6 0
      vertex -8.10464 1.59657 0
      vertex -8.20884 1.58631 0
    endloop
  endfacet
  facet normal 0 0 -1
    outer loop
      vertex -11 6 0
      vertex -8.20884 1.58631 0
      vertex -8.31214 1.56926 0
    endloop
  endfacet
  facet normal 0 0 -1
    outer loop
      vertex -11 6 0
      vertex -8.31214 1.56926 0
      vertex -8.41411 1.54548 0
    endloop
  endfacet
  facet normal 0 0 -1
    outer loop
      vertex -11 6 0
      vertex -8.41411 1.54548 0
      vertex -8.5143 1.51509 0
    endloop
  endfacet
  facet normal 0 0 -1
    outer loop
      vertex -11 6 0
      vertex -8.5143 1.51509 0
      vertex -8.61229 1.47821 0
    endloop
  endfacet
  facet normal 0 0 -1
    outer loop
      vertex -11 6 0
      vertex -8.61229 1.47821 0
      vertex -8.70766 1.435 0
    endloop
  endfacet
  facet normal 0 0 -1
    outer loop
      vertex -11 6 0
      vertex -8.70766 1.435 0
      vertex -8.8 1.38564 0
    endloop
  endfacet
  facet normal 0 0 -1
    outer loop
      vertex -11 6 0
      vertex -8.8 1.38564 0
      vertex -8.88891 1.33035 0
    endloop
  endfacet
  facet normal 0 0 -1
    outer loop
      vertex -11 6 0
      vertex -8.88891 1.33035 0
      vertex -8.97402 1.26937 0
    endloop
  endfacet
  facet normal 0 0 -1
    outer loop
      vertex -11 6 0
      vertex -9.6 0 0
      vertex -11 -6 0
    endloop
  endfacet
  facet normal 0 0 -1
    outer loop
      vertex -9.6 0 0
      vertex -11 6 0
      vertex -9.59657 0.104645 0
    endloop
  endfacet
  facet normal 0 0 -1
    outer loop
      vertex -9.59657 0.104645 0
      vertex -11 6 0
      vertex -9.58631 0.208841 0
    endloop
  endfacet
  facet normal 0 0 -1
    outer loop
      vertex -7.68785 1.56926 0
      vertex -11 6 0
      vertex -2.5 6 0
    endloop
  endfacet
  facet normal 0 0 -1
    outer loop
      vertex -9.05495 1.20294 0
      vertex -11 6 0
      vertex -8.97402 1.26937 0
    endloop
  endfacet
  facet normal 0 0 -1
    outer loop
      vertex -9.13137 1.13137 0
      vertex -11 6 0
      vertex -9.05495 1.20294 0
    endloop
  endfacet
  facet normal 0 0 -1
    outer loop
      vertex -9.20294 1.05495 0
      vertex -11 6 0
      vertex -9.13137 1.13137 0
    endloop
  endfacet
  facet normal 0 0 -1
    outer loop
      vertex -9.26937 0.974018 0
      vertex -11 6 0
      vertex -9.20294 1.05495 0
    endloop
  endfacet
  facet normal 0 0 -1
    outer loop
      vertex -9.33035 0.888912 0
      vertex -11 6 0
      vertex -9.26937 0.974018 0
    endloop
  endfacet
  facet normal 0 0 -1
    outer loop
      vertex -9.38564 0.799999 0
      vertex -11 6 0
      vertex -9.33035 0.888912 0
    endloop
  endfacet
  facet normal 0 0 -1
    outer loop
      vertex -9.435 0.707662 0
      vertex -11 6 0
      vertex -9.38564 0.799999 0
    endloop
  endfacet
  facet normal 0 0 -1
    outer loop
      vertex -9.47821 0.612293 0
      vertex -11 6 0
      vertex -9.435 0.707662 0
    endloop
  endfacet
  facet normal 0 0 -1
    outer loop
      vertex -9.51509 0.514302 0
      vertex -11 6 0
      vertex -9.47821 0.612293 0
    endloop
  endfacet
  facet normal 0 0 -1
    outer loop
      vertex -9.54548 0.41411 0
      vertex -11 6 0
      vertex -9.51509 0.514302 0
    endloop
  endfacet
  facet normal 0 0 -1
    outer loop
      vertex -9.56926 0.312144 0
      vertex -11 6 0
      vertex -9.54548 0.41411 0
    endloop
  endfacet
  facet normal 0 0 -1
    outer loop
      vertex -9.58631 0.208841 0
      vertex -11 6 0
      vertex -9.56926 0.312144 0
    endloop
  endfacet
  facet normal -1 0 0
    outer loop
      vertex -11 -6 0
      vertex -11 6 4
      vertex -11 6 0
    endloop
  endfacet
  facet normal -1 -0 0
    outer loop
      vertex -11 6 4
      vertex -11 -6 0
      vertex -11 -6 4
    endloop
  endfacet
  facet normal 0 1 0
    outer loop
      vertex 11 6 4
      vertex 0 6 2.5
      vertex -11 6 4
    endloop
  endfacet
  facet normal 0 1 0
    outer loop
      vertex 11 6 4
      vertex 0.163507 6 2.49465
      vertex 0 6 2.5
    endloop
  endfacet
  facet normal 0 1 0
    outer loop
      vertex 11 6 4
      vertex 0.326315 6 2.47861
      vertex 0.163507 6 2.49465
    endloop
  endfacet
  facet normal 0 1 0
    outer loop
      vertex 11 6 4
      vertex 0.487725 6 2.45196
      vertex 0.326315 6 2.47861
    endloop
  endfacet
  facet normal 0 1 0
    outer loop
      vertex 11 6 4
      vertex 0.647047 6 2.41481
      vertex 0.487725 6 2.45196
    endloop
  endfacet
  facet normal 0 1 0
    outer loop
      vertex 11 6 4
      vertex 0.803598 6 2.36732
      vertex 0.647047 6 2.41481
    endloop
  endfacet
  facet normal 0 1 0
    outer loop
      vertex 11 6 4
      vertex 0.956708 6 2.3097
      vertex 0.803598 6 2.36732
    endloop
  endfacet
  facet normal 0 1 0
    outer loop
      vertex 11 6 4
      vertex 1.10572 6 2.24218
      vertex 0.956708 6 2.3097
    endloop
  endfacet
  facet normal 0 1 0
    outer loop
      vertex 11 6 4
      vertex 1.25 6 2.16506
      vertex 1.10572 6 2.24218
    endloop
  endfacet
  facet normal 0 1 0
    outer loop
      vertex 11 6 4
      vertex 1.38893 6 2.07867
      vertex 1.25 6 2.16506
    endloop
  endfacet
  facet normal 0 1 0
    outer loop
      vertex 11 6 4
      vertex 1.5219 6 1.98338
      vertex 1.38893 6 2.07867
    endloop
  endfacet
  facet normal 0 1 0
    outer loop
      vertex 11 6 4
      vertex 1.64836 6 1.8796
      vertex 1.5219 6 1.98338
    endloop
  endfacet
  facet normal 0 1 0
    outer loop
      vertex 11 6 4
      vertex 1.76777 6 1.76777
      vertex 1.64836 6 1.8796
    endloop
  endfacet
  facet normal 0 1 0
    outer loop
      vertex 11 6 4
      vertex 1.8796 6 1.64836
      vertex 1.76777 6 1.76777
    endloop
  endfacet
  facet normal 0 1 0
    outer loop
      vertex 11 6 4
      vertex 1.98338 6 1.5219
      vertex 1.8796 6 1.64836
    endloop
  endfacet
  facet normal 0 1 0
    outer loop
      vertex 11 6 4
      vertex 2.07867 6 1.38893
      vertex 1.98338 6 1.5219
    endloop
  endfacet
  facet normal 0 1 0
    outer loop
      vertex 11 6 4
      vertex 2.16506 6 1.25
      vertex 2.07867 6 1.38893
    endloop
  endfacet
  facet normal 0 1 0
    outer loop
      vertex 11 6 4
      vertex 2.24218 6 1.10572
      vertex 2.16506 6 1.25
    endloop
  endfacet
  facet normal 0 1 0
    outer loop
      vertex 11 6 4
      vertex 2.3097 6 0.956708
      vertex 2.24218 6 1.10572
    endloop
  endfacet
  facet normal 0 1 0
    outer loop
      vertex 11 6 4
      vertex 2.36732 6 0.803598
      vertex 2.3097 6 0.956708
    endloop
  endfacet
  facet normal 0 1 0
    outer loop
      vertex 11 6 4
      vertex 2.41481 6 0.647047
      vertex 2.36732 6 0.803598
    endloop
  endfacet
  facet normal 0 1 -0
    outer loop
      vertex 11 6 0
      vertex 2.41481 6 0.647047
      vertex 11 6 4
    endloop
  endfacet
  facet normal 0 1 0
    outer loop
      vertex 2.41481 6 0.647047
      vertex 11 6 0
      vertex 2.45196 6 0.487725
    endloop
  endfacet
  facet normal 0 1 0
    outer loop
      vertex 2.45196 6 0.487725
      vertex 11 6 0
      vertex 2.47861 6 0.326315
    endloop
  endfacet
  facet normal 0 1 0
    outer loop
      vertex 2.47861 6 0.326315
      vertex 11 6 0
      vertex 2.49465 6 0.163507
    endloop
  endfacet
  facet normal 0 1 0
    outer loop
      vertex 2.49465 6 0.163507
      vertex 11 6 0
      vertex 2.5 6 0
    endloop
  endfacet
  facet normal 0 1 -0
    outer loop
      vertex -0.163507 6 2.49465
      vertex -11 6 4
      vertex 0 6 2.5
    endloop
  endfacet
  facet normal 0 1 -0
    outer loop
      vertex -0.326315 6 2.47861
      vertex -11 6 4
      vertex -0.163507 6 2.49465
    endloop
  endfacet
  facet normal 0 1 -0
    outer loop
      vertex -0.487725 6 2.45196
      vertex -11 6 4
      vertex -0.326315 6 2.47861
    endloop
  endfacet
  facet normal 0 1 -0
    outer loop
      vertex -0.647047 6 2.41481
      vertex -11 6 4
      vertex -0.487725 6 2.45196
    endloop
  endfacet
  facet normal 0 1 -0
    outer loop
      vertex -0.803598 6 2.36732
      vertex -11 6 4
      vertex -0.647047 6 2.41481
    endloop
  endfacet
  facet normal 0 1 -0
    outer loop
      vertex -0.956708 6 2.3097
      vertex -11 6 4
      vertex -0.803598 6 2.36732
    endloop
  endfacet
  facet normal 0 1 -0
    outer loop
      vertex -1.10572 6 2.24218
      vertex -11 6 4
      vertex -0.956708 6 2.3097
    endloop
  endfacet
  facet normal 0 1 -0
    outer loop
      vertex -1.25 6 2.16506
      vertex -11 6 4
      vertex -1.10572 6 2.24218
    endloop
  endfacet
  facet normal 0 1 -0
    outer loop
      vertex -1.38893 6 2.07867
      vertex -11 6 4
      vertex -1.25 6 2.16506
    endloop
  endfacet
  facet normal 0 1 -0
    outer loop
      vertex -1.5219 6 1.98338
      vertex -11 6 4
      vertex -1.38893 6 2.07867
    endloop
  endfacet
  facet normal 0 1 -0
    outer loop
      vertex -1.64836 6 1.8796
      vertex -11 6 4
      vertex -1.5219 6 1.98338
    endloop
  endfacet
  facet normal 0 1 -0
    outer loop
      vertex -1.76777 6 1.76777
      vertex -11 6 4
      vertex -1.64836 6 1.8796
    endloop
  endfacet
  facet normal 0 1 -0
    outer loop
      vertex -1.8796 6 1.64836
      vertex -11 6 4
      vertex -1.76777 6 1.76777
    endloop
  endfacet
  facet normal 0 1 -0
    outer loop
      vertex -1.98338 6 1.5219
      vertex -11 6 4
      vertex -1.8796 6 1.64836
    endloop
  endfacet
  facet normal 0 1 -0
    outer loop
      vertex -2.07867 6 1.38893
      vertex -11 6 4
      vertex -1.98338 6 1.5219
    endloop
  endfacet
  facet normal 0 1 -0
    outer loop
      vertex -2.16506 6 1.25
      vertex -11 6 4
      vertex -2.07867 6 1.38893
    endloop
  endfacet
  facet normal 0 1 -0
    outer loop
      vertex -2.24218 6 1.10572
      vertex -11 6 4
      vertex -2.16506 6 1.25
    endloop
  endfacet
  facet normal 0 1 -0
    outer loop
      vertex -2.3097 6 0.956708
      vertex -11 6 4
      vertex -2.24218 6 1.10572
    endloop
  endfacet
  facet normal 0 1 -0
    outer loop
      vertex -2.36732 6 0.803598
      vertex -11 6 4
      vertex -2.3097 6 0.956708
    endloop
  endfacet
  facet normal 0 1 -0
    outer loop
      vertex -2.41481 6 0.647047
      vertex -11 6 4
      vertex -2.36732 6 0.803598
    endloop
  endfacet
  facet normal 0 1 0
    outer loop
      vertex -11 6 0
      vertex -2.41481 6 0.647047
      vertex -2.45196 6 0.487725
    endloop
  endfacet
  facet normal 0 1 0
    outer loop
      vertex -11 6 0
      vertex -2.45196 6 0.487725
      vertex -2.47861 6 0.326315
    endloop
  endfacet
  facet normal 0 1 0
    outer loop
      vertex -11 6 0
      vertex -2.47861 6 0.326315
      vertex -2.49465 6 0.163507
    endloop
  endfacet
  facet normal 0 1 0
    outer loop
      vertex -11 6 0
      vertex -2.49465 6 0.163507
      vertex -2.5 6 0
    endloop
  endfacet
  facet normal 0 1 0
    outer loop
      vertex -2.41481 6 0.647047
      vertex -11 6 0
      vertex -11 6 4
    endloop
  endfacet
  facet normal 0 -1 0
    outer loop
      vertex -11 -6 4
      vertex 0 -6 2.5
      vertex 11 -6 4
    endloop
  endfacet
  facet normal 0 -1 0
    outer loop
      vertex -11 -6 4
      vertex -0.163507 -6 2.49465
      vertex 0 -6 2.5
    endloop
  endfacet
  facet normal 0 -1 0
    outer loop
      vertex -11 -6 4
      vertex -0.326315 -6 2.47861
      vertex -0.163507 -6 2.49465
    endloop
  endfacet
  facet normal 0 -1 0
    outer loop
      vertex -11 -6 4
      vertex -0.487725 -6 2.45196
      vertex -0.326315 -6 2.47861
    endloop
  endfacet
  facet normal 0 -1 0
    outer loop
      vertex -11 -6 4
      vertex -0.647047 -6 2.41481
      vertex -0.487725 -6 2.45196
    endloop
  endfacet
  facet normal 0 -1 0
    outer loop
      vertex -11 -6 4
      vertex -0.803598 -6 2.36732
      vertex -0.647047 -6 2.41481
    endloop
  endfacet
  facet normal 0 -1 0
    outer loop
      vertex -11 -6 4
      vertex -0.956708 -6 2.3097
      vertex -0.803598 -6 2.36732
    endloop
  endfacet
  facet normal 0 -1 0
    outer loop
      vertex -11 -6 4
      vertex -1.10572 -6 2.24218
      vertex -0.956708 -6 2.3097
    endloop
  endfacet
  facet normal 0 -1 0
    outer loop
      vertex -11 -6 4
      vertex -1.25 -6 2.16506
      vertex -1.10572 -6 2.24218
    endloop
  endfacet
  facet normal 0 -1 0
    outer loop
      vertex -11 -6 4
      vertex -1.38893 -6 2.07867
      vertex -1.25 -6 2.16506
    endloop
  endfacet
  facet normal 0 -1 0
    outer loop
      vertex -11 -6 4
      vertex -1.5219 -6 1.98338
      vertex -1.38893 -6 2.07867
    endloop
  endfacet
  facet normal 0 -1 0
    outer loop
      vertex -11 -6 4
      vertex -1.64836 -6 1.8796
      vertex -1.5219 -6 1.98338
    endloop
  endfacet
  facet normal 0 -1 0
    outer loop
      vertex -11 -6 4
      vertex -1.76777 -6 1.76777
      vertex -1.64836 -6 1.8796
    endloop
  endfacet
  facet normal 0 -1 0
    outer loop
      vertex -11 -6 4
      vertex -1.8796 -6 1.64836
      vertex -1.76777 -6 1.76777
    endloop
  endfacet
  facet normal 0 -1 0
    outer loop
      vertex -11 -6 4
      vertex -1.98338 -6 1.5219
      vertex -1.8796 -6 1.64836
    endloop
  endfacet
  facet normal 0 -1 0
    outer loop
      vertex -11 -6 4
      vertex -2.07867 -6 1.38893
      vertex -1.98338 -6 1.5219
    endloop
  endfacet
  facet normal 0 -1 0
    outer loop
      vertex -11 -6 4
      vertex -2.16506 -6 1.25
      vertex -2.07867 -6 1.38893
    endloop
  endfacet
  facet normal 0 -1 0
    outer loop
      vertex -11 -6 4
      vertex -2.24218 -6 1.10572
      vertex -2.16506 -6 1.25
    endloop
  endfacet
  facet normal 0 -1 0
    outer loop
      vertex -11 -6 4
      vertex -2.3097 -6 0.956708
      vertex -2.24218 -6 1.10572
    endloop
  endfacet
  facet normal 0 -1 0
    outer loop
      vertex -11 -6 4
      vertex -2.36732 -6 0.803598
      vertex -2.3097 -6 0.956708
    endloop
  endfacet
  facet normal 0 -1 0
    outer loop
      vertex -11 -6 4
      vertex -2.41481 -6 0.647047
      vertex -2.36732 -6 0.803598
    endloop
  endfacet
  facet normal 0 -1 0
    outer loop
      vertex -11 -6 0
      vertex -2.41481 -6 0.647047
      vertex -11 -6 4
    endloop
  endfacet
  facet normal 0 -1 0
    outer loop
      vertex -2.41481 -6 0.647047
      vertex -11 -6 0
      vertex -2.45196 -6 0.487725
    endloop
  endfacet
  facet normal 0 -1 0
    outer loop
      vertex -2.45196 -6 0.487725
      vertex -11 -6 0
      vertex -2.47861 -6 0.326315
    endloop
  endfacet
  facet normal 0 -1 0
    outer loop
      vertex -2.47861 -6 0.326315
      vertex -11 -6 0
      vertex -2.49465 -6 0.163507
    endloop
  endfacet
  facet normal 0 -1 0
    outer loop
      vertex -2.49465 -6 0.163507
      vertex -11 -6 0
      vertex -2.5 -6 0
    endloop
  endfacet
  facet normal 0 -1 0
    outer loop
      vertex 0.163507 -6 2.49465
      vertex 11 -6 4
      vertex 0 -6 2.5
    endloop
  endfacet
  facet normal 0 -1 0
    outer loop
      vertex 0.326315 -6 2.47861
      vertex 11 -6 4
      vertex 0.163507 -6 2.49465
    endloop
  endfacet
  facet normal 0 -1 0
    outer loop
      vertex 0.487725 -6 2.45196
      vertex 11 -6 4
      vertex 0.326315 -6 2.47861
    endloop
  endfacet
  facet normal 0 -1 0
    outer loop
      vertex 0.647047 -6 2.41481
      vertex 11 -6 4
      vertex 0.487725 -6 2.45196
    endloop
  endfacet
  facet normal 0 -1 0
    outer loop
      vertex 0.803598 -6 2.36732
      vertex 11 -6 4
      vertex 0.647047 -6 2.41481
    endloop
  endfacet
  facet normal 0 -1 0
    outer loop
      vertex 0.956708 -6 2.3097
      vertex 11 -6 4
      vertex 0.803598 -6 2.36732
    endloop
  endfacet
  facet normal 0 -1 0
    outer loop
      vertex 1.10572 -6 2.24218
      vertex 11 -6 4
      vertex 0.956708 -6 2.3097
    endloop
  endfacet
  facet normal 0 -1 0
    outer loop
      vertex 1.25 -6 2.16506
      vertex 11 -6 4
      vertex 1.10572 -6 2.24218
    endloop
  endfacet
  facet normal 0 -1 0
    outer loop
      vertex 1.38893 -6 2.07867
      vertex 11 -6 4
      vertex 1.25 -6 2.16506
    endloop
  endfacet
  facet normal 0 -1 0
    outer loop
      vertex 1.5219 -6 1.98338
      vertex 11 -6 4
      vertex 1.38893 -6 2.07867
    endloop
  endfacet
  facet normal 0 -1 0
    outer loop
      vertex 1.64836 -6 1.8796
      vertex 11 -6 4
      vertex 1.5219 -6 1.98338
    endloop
  endfacet
  facet normal 0 -1 0
    outer loop
      vertex 1.76777 -6 1.76777
      vertex 11 -6 4
      vertex 1.64836 -6 1.8796
    endloop
  endfacet
  facet normal 0 -1 0
    outer loop
      vertex 1.8796 -6 1.64836
      vertex 11 -6 4
      vertex 1.76777 -6 1.76777
    endloop
  endfacet
  facet normal 0 -1 0
    outer loop
      vertex 1.98338 -6 1.5219
      vertex 11 -6 4
      vertex 1.8796 -6 1.64836
    endloop
  endfacet
  facet normal 0 -1 0
    outer loop
      vertex 2.07867 -6 1.38893
      vertex 11 -6 4
      vertex 1.98338 -6 1.5219
    endloop
  endfacet
  facet normal 0 -1 0
    outer loop
      vertex 2.16506 -6 1.25
      vertex 11 -6 4
      vertex 2.07867 -6 1.38893
    endloop
  endfacet
  facet normal 0 -1 0
    outer loop
      vertex 2.24218 -6 1.10572
      vertex 11 -6 4
      vertex 2.16506 -6 1.25
    endloop
  endfacet
  facet normal 0 -1 0
    outer loop
      vertex 2.3097 -6 0.956708
      vertex 11 -6 4
      vertex 2.24218 -6 1.10572
    endloop
  endfacet
  facet normal 0 -1 0
    outer loop
      vertex 2.36732 -6 0.803598
      vertex 11 -6 4
      vertex 2.3097 -6 0.956708
    endloop
  endfacet
  facet normal 0 -1 0
    outer loop
      vertex 2.41481 -6 0.647047
      vertex 11 -6 4
      vertex 2.36732 -6 0.803598
    endloop
  endfacet
  facet normal 0 -1 0
    outer loop
      vertex 11 -6 0
      vertex 2.41481 -6 0.647047
      vertex 2.45196 -6 0.487725
    endloop
  endfacet
  facet normal 0 -1 0
    outer loop
      vertex 11 -6 0
      vertex 2.45196 -6 0.487725
      vertex 2.47861 -6 0.326315
    endloop
  endfacet
  facet normal 0 -1 0
    outer loop
      vertex 11 -6 0
      vertex 2.47861 -6 0.326315
      vertex 2.49465 -6 0.163507
    endloop
  endfacet
  facet normal 0 -1 0
    outer loop
      vertex 11 -6 0
      vertex 2.49465 -6 0.163507
      vertex 2.5 -6 0
    endloop
  endfacet
  facet normal 0 -1 0
    outer loop
      vertex 2.41481 -6 0.647047
      vertex 11 -6 0
      vertex 11 -6 4
    endloop
  endfacet
  facet normal 0.812832 0 -0.582498
    outer loop
      vertex -1.98338 -6 1.5219
      vertex -2.07867 6 1.38893
      vertex -1.98338 6 1.5219
    endloop
  endfacet
  facet normal 0.812832 0 -0.582498
    outer loop
      vertex -2.07867 6 1.38893
      vertex -1.98338 -6 1.5219
      vertex -2.07867 -6 1.38893
    endloop
  endfacet
  facet normal -0.227084 0 -0.973875
    outer loop
      vertex 0.487725 -6 2.45196
      vertex 0.647047 6 2.41481
      vertex 0.647047 -6 2.41481
    endloop
  endfacet
  facet normal -0.227084 0 -0.973875
    outer loop
      vertex 0.647047 6 2.41481
      vertex 0.487725 -6 2.45196
      vertex 0.487725 6 2.45196
    endloop
  endfacet
  facet normal -0.995182 0 -0.0980463
    outer loop
      vertex 2.49465 -6 0.163507
      vertex 2.47861 6 0.326315
      vertex 2.49465 6 0.163507
    endloop
  endfacet
  facet normal -0.995182 -0 -0.0980463
    outer loop
      vertex 2.47861 6 0.326315
      vertex 2.49465 -6 0.163507
      vertex 2.47861 -6 0.326315
    endloop
  endfacet
  facet normal -0.999465 0 -0.0327028
    outer loop
      vertex 2.5 -6 0
      vertex 2.49465 6 0.163507
      vertex 2.5 6 0
    endloop
  endfacet
  facet normal -0.999465 -0 -0.0327028
    outer loop
      vertex 2.49465 6 0.163507
      vertex 2.5 -6 0
      vertex 2.49465 -6 0.163507
    endloop
  endfacet
  facet normal 0.290289 0 -0.956939
    outer loop
      vertex -0.803598 -6 2.36732
      vertex -0.647047 6 2.41481
      vertex -0.647047 -6 2.41481
    endloop
  endfacet
  facet normal 0.290289 0 -0.956939
    outer loop
      vertex -0.647047 6 2.41481
      vertex -0.803598 -6 2.36732
      vertex -0.803598 6 2.36732
    endloop
  endfacet
  facet normal -0.973875 0 -0.227084
    outer loop
      vertex 2.45196 -6 0.487725
      vertex 2.41481 6 0.647047
      vertex 2.45196 6 0.487725
    endloop
  endfacet
  facet normal -0.973875 -0 -0.227084
    outer loop
      vertex 2.41481 6 0.647047
      vertex 2.45196 -6 0.487725
      vertex 2.41481 -6 0.647047
    endloop
  endfacet
  facet normal 0.582498 0 -0.812832
    outer loop
      vertex -1.5219 -6 1.98338
      vertex -1.38893 6 2.07867
      vertex -1.38893 -6 2.07867
    endloop
  endfacet
  facet normal 0.582498 0 -0.812832
    outer loop
      vertex -1.38893 6 2.07867
      vertex -1.5219 -6 1.98338
      vertex -1.5219 6 1.98338
    endloop
  endfacet
  facet normal 0.352215 0 -0.935919
    outer loop
      vertex -0.956708 -6 2.3097
      vertex -0.803598 6 2.36732
      vertex -0.803598 -6 2.36732
    endloop
  endfacet
  facet normal 0.352215 0 -0.935919
    outer loop
      vertex -0.803598 6 2.36732
      vertex -0.956708 -6 2.3097
      vertex -0.956708 6 2.3097
    endloop
  endfacet
  facet normal 0.412725 0 -0.910856
    outer loop
      vertex -1.10572 -6 2.24218
      vertex -0.956708 6 2.3097
      vertex -0.956708 -6 2.3097
    endloop
  endfacet
  facet normal 0.412725 0 -0.910856
    outer loop
      vertex -0.956708 6 2.3097
      vertex -1.10572 -6 2.24218
      vertex -1.10572 6 2.24218
    endloop
  endfacet
  facet normal -0.582498 0 -0.812832
    outer loop
      vertex 1.38893 -6 2.07867
      vertex 1.5219 6 1.98338
      vertex 1.5219 -6 1.98338
    endloop
  endfacet
  facet normal -0.582498 0 -0.812832
    outer loop
      vertex 1.5219 6 1.98338
      vertex 1.38893 -6 2.07867
      vertex 1.38893 6 2.07867
    endloop
  endfacet
  facet normal -0.412725 0 -0.910856
    outer loop
      vertex 0.956708 -6 2.3097
      vertex 1.10572 6 2.24218
      vertex 1.10572 -6 2.24218
    endloop
  endfacet
  facet normal -0.412725 0 -0.910856
    outer loop
      vertex 1.10572 6 2.24218
      vertex 0.956708 -6 2.3097
      vertex 0.956708 6 2.3097
    endloop
  endfacet
  facet normal 0.849208 0 -0.528058
    outer loop
      vertex -2.07867 -6 1.38893
      vertex -2.16506 6 1.25
      vertex -2.07867 6 1.38893
    endloop
  endfacet
  facet normal 0.849208 0 -0.528058
    outer loop
      vertex -2.16506 6 1.25
      vertex -2.07867 -6 1.38893
      vertex -2.16506 -6 1.25
    endloop
  endfacet
  facet normal -0.956939 0 -0.290289
    outer loop
      vertex 2.41481 -6 0.647047
      vertex 2.36732 6 0.803598
      vertex 2.41481 6 0.647047
    endloop
  endfacet
  facet normal -0.956939 -0 -0.290289
    outer loop
      vertex 2.36732 6 0.803598
      vertex 2.41481 -6 0.647047
      vertex 2.36732 -6 0.803598
    endloop
  endfacet
  facet normal 0.4714 0 -0.881919
    outer loop
      vertex -1.25 -6 2.16506
      vertex -1.10572 6 2.24218
      vertex -1.10572 -6 2.24218
    endloop
  endfacet
  facet normal 0.4714 0 -0.881919
    outer loop
      vertex -1.10572 6 2.24218
      vertex -1.25 -6 2.16506
      vertex -1.25 6 2.16506
    endloop
  endfacet
  facet normal 0.956939 0 -0.290289
    outer loop
      vertex -2.36732 -6 0.803598
      vertex -2.41481 6 0.647047
      vertex -2.36732 6 0.803598
    endloop
  endfacet
  facet normal 0.956939 0 -0.290289
    outer loop
      vertex -2.41481 6 0.647047
      vertex -2.36732 -6 0.803598
      vertex -2.41481 -6 0.647047
    endloop
  endfacet
  facet normal 0.935919 0 -0.352215
    outer loop
      vertex -2.3097 -6 0.956708
      vertex -2.36732 6 0.803598
      vertex -2.3097 6 0.956708
    endloop
  endfacet
  facet normal 0.935919 0 -0.352215
    outer loop
      vertex -2.36732 6 0.803598
      vertex -2.3097 -6 0.956708
      vertex -2.36732 -6 0.803598
    endloop
  endfacet
  facet normal -0.812832 0 -0.582498
    outer loop
      vertex 2.07867 -6 1.38893
      vertex 1.98338 6 1.5219
      vertex 2.07867 6 1.38893
    endloop
  endfacet
  facet normal -0.812832 -0 -0.582498
    outer loop
      vertex 1.98338 6 1.5219
      vertex 2.07867 -6 1.38893
      vertex 1.98338 -6 1.5219
    endloop
  endfacet
  facet normal 0.162902 0 -0.986642
    outer loop
      vertex -0.487725 -6 2.45196
      vertex -0.326315 6 2.47861
      vertex -0.326315 -6 2.47861
    endloop
  endfacet
  facet normal 0.162902 0 -0.986642
    outer loop
      vertex -0.326315 6 2.47861
      vertex -0.487725 -6 2.45196
      vertex -0.487725 6 2.45196
    endloop
  endfacet
  facet normal -0.77302 0 -0.634382
    outer loop
      vertex 1.98338 -6 1.5219
      vertex 1.8796 6 1.64836
      vertex 1.98338 6 1.5219
    endloop
  endfacet
  facet normal -0.77302 -0 -0.634382
    outer loop
      vertex 1.8796 6 1.64836
      vertex 1.98338 -6 1.5219
      vertex 1.8796 -6 1.64836
    endloop
  endfacet
  facet normal -0.849208 0 -0.528058
    outer loop
      vertex 2.16506 -6 1.25
      vertex 2.07867 6 1.38893
      vertex 2.16506 6 1.25
    endloop
  endfacet
  facet normal -0.849208 -0 -0.528058
    outer loop
      vertex 2.07867 6 1.38893
      vertex 2.16506 -6 1.25
      vertex 2.07867 -6 1.38893
    endloop
  endfacet
  facet normal 0.729894 0 -0.683561
    outer loop
      vertex -1.76777 -6 1.76777
      vertex -1.8796 6 1.64836
      vertex -1.76777 6 1.76777
    endloop
  endfacet
  facet normal 0.729894 0 -0.683561
    outer loop
      vertex -1.8796 6 1.64836
      vertex -1.76777 -6 1.76777
      vertex -1.8796 -6 1.64836
    endloop
  endfacet
  facet normal 0.973875 0 -0.227084
    outer loop
      vertex -2.41481 -6 0.647047
      vertex -2.45196 6 0.487725
      vertex -2.41481 6 0.647047
    endloop
  endfacet
  facet normal 0.973875 0 -0.227084
    outer loop
      vertex -2.45196 6 0.487725
      vertex -2.41481 -6 0.647047
      vertex -2.45196 -6 0.487725
    endloop
  endfacet
  facet normal -0.683561 0 -0.729894
    outer loop
      vertex 1.64836 -6 1.8796
      vertex 1.76777 6 1.76777
      vertex 1.76777 -6 1.76777
    endloop
  endfacet
  facet normal -0.683561 0 -0.729894
    outer loop
      vertex 1.76777 6 1.76777
      vertex 1.64836 -6 1.8796
      vertex 1.64836 6 1.8796
    endloop
  endfacet
  facet normal 0.986642 0 -0.162902
    outer loop
      vertex -2.45196 -6 0.487725
      vertex -2.47861 6 0.326315
      vertex -2.45196 6 0.487725
    endloop
  endfacet
  facet normal 0.986642 0 -0.162902
    outer loop
      vertex -2.47861 6 0.326315
      vertex -2.45196 -6 0.487725
      vertex -2.47861 -6 0.326315
    endloop
  endfacet
  facet normal -0.881919 0 -0.4714
    outer loop
      vertex 2.24218 -6 1.10572
      vertex 2.16506 6 1.25
      vertex 2.24218 6 1.10572
    endloop
  endfacet
  facet normal -0.881919 -0 -0.4714
    outer loop
      vertex 2.16506 6 1.25
      vertex 2.24218 -6 1.10572
      vertex 2.16506 -6 1.25
    endloop
  endfacet
  facet normal 0.77302 0 -0.634382
    outer loop
      vertex -1.8796 -6 1.64836
      vertex -1.98338 6 1.5219
      vertex -1.8796 6 1.64836
    endloop
  endfacet
  facet normal 0.77302 0 -0.634382
    outer loop
      vertex -1.98338 6 1.5219
      vertex -1.8796 -6 1.64836
      vertex -1.98338 -6 1.5219
    endloop
  endfacet
  facet normal -0.162902 0 -0.986642
    outer loop
      vertex 0.326315 -6 2.47861
      vertex 0.487725 6 2.45196
      vertex 0.487725 -6 2.45196
    endloop
  endfacet
  facet normal -0.162902 0 -0.986642
    outer loop
      vertex 0.487725 6 2.45196
      vertex 0.326315 -6 2.47861
      vertex 0.326315 6 2.47861
    endloop
  endfacet
  facet normal -0.528058 0 -0.849208
    outer loop
      vertex 1.25 -6 2.16506
      vertex 1.38893 6 2.07867
      vertex 1.38893 -6 2.07867
    endloop
  endfacet
  facet normal -0.528058 0 -0.849208
    outer loop
      vertex 1.38893 6 2.07867
      vertex 1.25 -6 2.16506
      vertex 1.25 6 2.16506
    endloop
  endfacet
  facet normal 0.634382 0 -0.77302
    outer loop
      vertex -1.64836 -6 1.8796
      vertex -1.5219 6 1.98338
      vertex -1.5219 -6 1.98338
    endloop
  endfacet
  facet normal 0.634382 0 -0.77302
    outer loop
      vertex -1.5219 6 1.98338
      vertex -1.64836 -6 1.8796
      vertex -1.64836 6 1.8796
    endloop
  endfacet
  facet normal -0.0327028 0 -0.999465
    outer loop
      vertex 0 -6 2.5
      vertex 0.163507 6 2.49465
      vertex 0.163507 -6 2.49465
    endloop
  endfacet
  facet normal -0.0327028 0 -0.999465
    outer loop
      vertex 0.163507 6 2.49465
      vertex 0 -6 2.5
      vertex 0 6 2.5
    endloop
  endfacet
  facet normal -0.935919 0 -0.352215
    outer loop
      vertex 2.36732 -6 0.803598
      vertex 2.3097 6 0.956708
      vertex 2.36732 6 0.803598
    endloop
  endfacet
  facet normal -0.935919 -0 -0.352215
    outer loop
      vertex 2.3097 6 0.956708
      vertex 2.36732 -6 0.803598
      vertex 2.3097 -6 0.956708
    endloop
  endfacet
  facet normal -0.986642 0 -0.162902
    outer loop
      vertex 2.47861 -6 0.326315
      vertex 2.45196 6 0.487725
      vertex 2.47861 6 0.326315
    endloop
  endfacet
  facet normal -0.986642 -0 -0.162902
    outer loop
      vertex 2.45196 6 0.487725
      vertex 2.47861 -6 0.326315
      vertex 2.45196 -6 0.487725
    endloop
  endfacet
  facet normal 0.227084 0 -0.973875
    outer loop
      vertex -0.647047 -6 2.41481
      vertex -0.487725 6 2.45196
      vertex -0.487725 -6 2.45196
    endloop
  endfacet
  facet normal 0.227084 0 -0.973875
    outer loop
      vertex -0.487725 6 2.45196
      vertex -0.647047 -6 2.41481
      vertex -0.647047 6 2.41481
    endloop
  endfacet
  facet normal 0.995182 0 -0.0980463
    outer loop
      vertex -2.47861 -6 0.326315
      vertex -2.49465 6 0.163507
      vertex -2.47861 6 0.326315
    endloop
  endfacet
  facet normal 0.995182 0 -0.0980463
    outer loop
      vertex -2.49465 6 0.163507
      vertex -2.47861 -6 0.326315
      vertex -2.49465 -6 0.163507
    endloop
  endfacet
  facet normal 0.0327028 0 -0.999465
    outer loop
      vertex -0.163507 -6 2.49465
      vertex 0 6 2.5
      vertex 0 -6 2.5
    endloop
  endfacet
  facet normal 0.0327028 0 -0.999465
    outer loop
      vertex 0 6 2.5
      vertex -0.163507 -6 2.49465
      vertex -0.163507 6 2.49465
    endloop
  endfacet
  facet normal 0.0980463 0 -0.995182
    outer loop
      vertex -0.326315 -6 2.47861
      vertex -0.163507 6 2.49465
      vertex -0.163507 -6 2.49465
    endloop
  endfacet
  facet normal 0.0980463 0 -0.995182
    outer loop
      vertex -0.163507 6 2.49465
      vertex -0.326315 -6 2.47861
      vertex -0.326315 6 2.47861
    endloop
  endfacet
  facet normal -0.634382 0 -0.77302
    outer loop
      vertex 1.5219 -6 1.98338
      vertex 1.64836 6 1.8796
      vertex 1.64836 -6 1.8796
    endloop
  endfacet
  facet normal -0.634382 0 -0.77302
    outer loop
      vertex 1.64836 6 1.8796
      vertex 1.5219 -6 1.98338
      vertex 1.5219 6 1.98338
    endloop
  endfacet
  facet normal -0.4714 0 -0.881919
    outer loop
      vertex 1.10572 -6 2.24218
      vertex 1.25 6 2.16506
      vertex 1.25 -6 2.16506
    endloop
  endfacet
  facet normal -0.4714 0 -0.881919
    outer loop
      vertex 1.25 6 2.16506
      vertex 1.10572 -6 2.24218
      vertex 1.10572 6 2.24218
    endloop
  endfacet
  facet normal 0.528058 0 -0.849208
    outer loop
      vertex -1.38893 -6 2.07867
      vertex -1.25 6 2.16506
      vertex -1.25 -6 2.16506
    endloop
  endfacet
  facet normal 0.528058 0 -0.849208
    outer loop
      vertex -1.25 6 2.16506
      vertex -1.38893 -6 2.07867
      vertex -1.38893 6 2.07867
    endloop
  endfacet
  facet normal -0.729894 0 -0.683561
    outer loop
      vertex 1.8796 -6 1.64836
      vertex 1.76777 6 1.76777
      vertex 1.8796 6 1.64836
    endloop
  endfacet
  facet normal -0.729894 -0 -0.683561
    outer loop
      vertex 1.76777 6 1.76777
      vertex 1.8796 -6 1.64836
      vertex 1.76777 -6 1.76777
    endloop
  endfacet
  facet normal -0.910856 0 -0.412725
    outer loop
      vertex 2.3097 -6 0.956708
      vertex 2.24218 6 1.10572
      vertex 2.3097 6 0.956708
    endloop
  endfacet
  facet normal -0.910856 -0 -0.412725
    outer loop
      vertex 2.24218 6 1.10572
      vertex 2.3097 -6 0.956708
      vertex 2.24218 -6 1.10572
    endloop
  endfacet
  facet normal -0.0980463 0 -0.995182
    outer loop
      vertex 0.163507 -6 2.49465
      vertex 0.326315 6 2.47861
      vertex 0.326315 -6 2.47861
    endloop
  endfacet
  facet normal -0.0980463 0 -0.995182
    outer loop
      vertex 0.326315 6 2.47861
      vertex 0.163507 -6 2.49465
      vertex 0.163507 6 2.49465
    endloop
  endfacet
  facet normal 0.683561 0 -0.729894
    outer loop
      vertex -1.76777 -6 1.76777
      vertex -1.64836 6 1.8796
      vertex -1.64836 -6 1.8796
    endloop
  endfacet
  facet normal 0.683561 0 -0.729894
    outer loop
      vertex -1.64836 6 1.8796
      vertex -1.76777 -6 1.76777
      vertex -1.76777 6 1.76777
    endloop
  endfacet
  facet normal 0.910856 0 -0.412725
    outer loop
      vertex -2.24218 -6 1.10572
      vertex -2.3097 6 0.956708
      vertex -2.24218 6 1.10572
    endloop
  endfacet
  facet normal 0.910856 0 -0.412725
    outer loop
      vertex -2.3097 6 0.956708
      vertex -2.24218 -6 1.10572
      vertex -2.3097 -6 0.956708
    endloop
  endfacet
  facet normal -0.352215 0 -0.935919
    outer loop
      vertex 0.803598 -6 2.36732
      vertex 0.956708 6 2.3097
      vertex 0.956708 -6 2.3097
    endloop
  endfacet
  facet normal -0.352215 0 -0.935919
    outer loop
      vertex 0.956708 6 2.3097
      vertex 0.803598 -6 2.36732
      vertex 0.803598 6 2.36732
    endloop
  endfacet
  facet normal 0.881919 0 -0.4714
    outer loop
      vertex -2.16506 -6 1.25
      vertex -2.24218 6 1.10572
      vertex -2.16506 6 1.25
    endloop
  endfacet
  facet normal 0.881919 0 -0.4714
    outer loop
      vertex -2.24218 6 1.10572
      vertex -2.16506 -6 1.25
      vertex -2.24218 -6 1.10572
    endloop
  endfacet
  facet normal 0.999465 0 -0.0327028
    outer loop
      vertex -2.49465 -6 0.163507
      vertex -2.5 6 0
      vertex -2.49465 6 0.163507
    endloop
  endfacet
  facet normal 0.999465 0 -0.0327028
    outer loop
      vertex -2.5 6 0
      vertex -2.49465 -6 0.163507
      vertex -2.5 -6 0
    endloop
  endfacet
  facet normal -0.290289 0 -0.956939
    outer loop
      vertex 0.647047 -6 2.41481
      vertex 0.803598 6 2.36732
      vertex 0.803598 -6 2.36732
    endloop
  endfacet
  facet normal -0.290289 0 -0.956939
    outer loop
      vertex 0.803598 6 2.36732
      vertex 0.647047 -6 2.41481
      vertex 0.647047 6 2.41481
    endloop
  endfacet
endsolid OpenSCAD_Model
