solid OpenSCAD_Model
  facet normal 0.995184 0.0980204 0
    outer loop
      vertex 34.9251 2.28911 2.5
      vertex 34.7006 4.56842 0
      vertex 34.7006 4.56842 2.5
    endloop
  endfacet
  facet normal 0.995184 0.0980204 0
    outer loop
      vertex 34.7006 4.56842 0
      vertex 34.9251 2.28911 2.5
      vertex 34.9251 2.28911 0
    endloop
  endfacet
  facet normal 0.999465 0.0327026 0
    outer loop
      vertex 35 0 2.5
      vertex 34.9251 2.28911 0
      vertex 34.9251 2.28911 2.5
    endloop
  endfacet
  facet normal 0.999465 0.0327026 0
    outer loop
      vertex 34.9251 2.28911 0
      vertex 35 0 2.5
      vertex 35 0 0
    endloop
  endfacet
  facet normal 0.910855 0.412727 0
    outer loop
      vertex 32.3358 13.3939 2.5
      vertex 31.3905 15.4801 0
      vertex 31.3905 15.4801 2.5
    endloop
  endfacet
  facet normal 0.910855 0.412727 0
    outer loop
      vertex 31.3905 15.4801 0
      vertex 32.3358 13.3939 2.5
      vertex 32.3358 13.3939 0
    endloop
  endfacet
  facet normal -0.471377 -0.881932 0
    outer loop
      vertex -17.5 -30.3109 0
      vertex -15.4801 -31.3905 2.5
      vertex -17.5 -30.3109 2.5
    endloop
  endfacet
  facet normal -0.471377 -0.881932 -0
    outer loop
      vertex -15.4801 -31.3905 2.5
      vertex -17.5 -30.3109 0
      vertex -15.4801 -31.3905 0
    endloop
  endfacet
  facet normal -0.352267 0.9359 0
    outer loop
      vertex -11.2504 33.1426 0
      vertex -13.3939 32.3358 2.5
      vertex -11.2504 33.1426 2.5
    endloop
  endfacet
  facet normal -0.352267 0.9359 0
    outer loop
      vertex -13.3939 32.3358 2.5
      vertex -11.2504 33.1426 0
      vertex -13.3939 32.3358 0
    endloop
  endfacet
  facet normal 0.999465 -0.0327026 0
    outer loop
      vertex 34.9251 -2.28911 2.5
      vertex 35 0 0
      vertex 35 0 2.5
    endloop
  endfacet
  facet normal 0.999465 -0.0327026 0
    outer loop
      vertex 35 0 0
      vertex 34.9251 -2.28911 2.5
      vertex 34.9251 -2.28911 0
    endloop
  endfacet
  facet normal 0.528075 -0.849198 0
    outer loop
      vertex 17.5 -30.3109 0
      vertex 19.445 -29.1014 2.5
      vertex 17.5 -30.3109 2.5
    endloop
  endfacet
  facet normal 0.528075 -0.849198 0
    outer loop
      vertex 19.445 -29.1014 2.5
      vertex 17.5 -30.3109 0
      vertex 19.445 -29.1014 0
    endloop
  endfacet
  facet normal 0.412727 -0.910855 0
    outer loop
      vertex 13.3939 -32.3358 0
      vertex 15.4801 -31.3905 2.5
      vertex 13.3939 -32.3358 2.5
    endloop
  endfacet
  facet normal 0.412727 -0.910855 0
    outer loop
      vertex 15.4801 -31.3905 2.5
      vertex 13.3939 -32.3358 0
      vertex 15.4801 -31.3905 0
    endloop
  endfacet
  facet normal 0.162902 0.986642 -0
    outer loop
      vertex 6.82816 34.3275 0
      vertex 4.56842 34.7006 2.5
      vertex 6.82816 34.3275 2.5
    endloop
  endfacet
  facet normal 0.162902 0.986642 0
    outer loop
      vertex 4.56842 34.7006 2.5
      vertex 6.82816 34.3275 0
      vertex 4.56842 34.7006 0
    endloop
  endfacet
  facet normal -0 0 1
    outer loop
      vertex 30.2818 -8.11398 2.5
      vertex 33.8074 -9.05867 2.5
      vertex 30.7476 -6.11608 2.5
    endloop
  endfacet
  facet normal 0 0 1
    outer loop
      vertex 33.8074 -9.05867 2.5
      vertex 30.2818 -8.11398 2.5
      vertex 33.1426 -11.2504 2.5
    endloop
  endfacet
  facet normal -0 0 1
    outer loop
      vertex 29.6863 -10.0771 2.5
      vertex 33.1426 -11.2504 2.5
      vertex 30.2818 -8.11398 2.5
    endloop
  endfacet
  facet normal 0 0 1
    outer loop
      vertex 33.1426 -11.2504 2.5
      vertex 29.6863 -10.0771 2.5
      vertex 32.3358 -13.3939 2.5
    endloop
  endfacet
  facet normal -0 0 1
    outer loop
      vertex 28.9636 -11.9971 2.5
      vertex 32.3358 -13.3939 2.5
      vertex 29.6863 -10.0771 2.5
    endloop
  endfacet
  facet normal 0 0 1
    outer loop
      vertex 32.3358 -13.3939 2.5
      vertex 28.9636 -11.9971 2.5
      vertex 31.3905 -15.4801 2.5
    endloop
  endfacet
  facet normal -0 0 1
    outer loop
      vertex 28.117 -13.8658 2.5
      vertex 31.3905 -15.4801 2.5
      vertex 28.9636 -11.9971 2.5
    endloop
  endfacet
  facet normal 0 0 1
    outer loop
      vertex 31.3905 -15.4801 2.5
      vertex 28.117 -13.8658 2.5
      vertex 30.3109 -17.5 2.5
    endloop
  endfacet
  facet normal -0 0 1
    outer loop
      vertex 27.1499 -15.675 2.5
      vertex 30.3109 -17.5 2.5
      vertex 28.117 -13.8658 2.5
    endloop
  endfacet
  facet normal 0 0 1
    outer loop
      vertex 30.3109 -17.5 2.5
      vertex 27.1499 -15.675 2.5
      vertex 29.1014 -19.445 2.5
    endloop
  endfacet
  facet normal -0 0 1
    outer loop
      vertex 26.0666 -17.4171 2.5
      vertex 29.1014 -19.445 2.5
      vertex 27.1499 -15.675 2.5
    endloop
  endfacet
  facet normal 0 0 1
    outer loop
      vertex 29.1014 -19.445 2.5
      vertex 26.0666 -17.4171 2.5
      vertex 27.7674 -21.3066 2.5
    endloop
  endfacet
  facet normal -0 0 1
    outer loop
      vertex 24.8716 -19.0847 2.5
      vertex 27.7674 -21.3066 2.5
      vertex 26.0666 -17.4171 2.5
    endloop
  endfacet
  facet normal 0 0 1
    outer loop
      vertex 27.7674 -21.3066 2.5
      vertex 24.8716 -19.0847 2.5
      vertex 26.3144 -23.0771 2.5
    endloop
  endfacet
  facet normal -0 0 1
    outer loop
      vertex 23.5702 -20.6705 2.5
      vertex 26.3144 -23.0771 2.5
      vertex 24.8716 -19.0847 2.5
    endloop
  endfacet
  facet normal 0 0 1
    outer loop
      vertex 26.3144 -23.0771 2.5
      vertex 23.5702 -20.6705 2.5
      vertex 24.7487 -24.7487 2.5
    endloop
  endfacet
  facet normal -0 0 1
    outer loop
      vertex 22.1678 -22.1678 2.5
      vertex 24.7487 -24.7487 2.5
      vertex 23.5702 -20.6705 2.5
    endloop
  endfacet
  facet normal 0 0 1
    outer loop
      vertex 24.7487 -24.7487 2.5
      vertex 22.1678 -22.1678 2.5
      vertex 23.0771 -26.3144 2.5
    endloop
  endfacet
  facet normal -0 0 1
    outer loop
      vertex 20.6705 -23.5702 2.5
      vertex 23.0771 -26.3144 2.5
      vertex 22.1678 -22.1678 2.5
    endloop
  endfacet
  facet normal 0 0 1
    outer loop
      vertex 23.0771 -26.3144 2.5
      vertex 20.6705 -23.5702 2.5
      vertex 21.3066 -27.7674 2.5
    endloop
  endfacet
  facet normal -0 0 1
    outer loop
      vertex 19.0847 -24.8716 2.5
      vertex 21.3066 -27.7674 2.5
      vertex 20.6705 -23.5702 2.5
    endloop
  endfacet
  facet normal 0 0 1
    outer loop
      vertex 21.3066 -27.7674 2.5
      vertex 19.0847 -24.8716 2.5
      vertex 19.445 -29.1014 2.5
    endloop
  endfacet
  facet normal -0 0 1
    outer loop
      vertex 17.4171 -26.0666 2.5
      vertex 19.445 -29.1014 2.5
      vertex 19.0847 -24.8716 2.5
    endloop
  endfacet
  facet normal 0 0 1
    outer loop
      vertex 19.445 -29.1014 2.5
      vertex 17.4171 -26.0666 2.5
      vertex 17.5 -30.3109 2.5
    endloop
  endfacet
  facet normal -0 0 1
    outer loop
      vertex 15.675 -27.1499 2.5
      vertex 17.5 -30.3109 2.5
      vertex 17.4171 -26.0666 2.5
    endloop
  endfacet
  facet normal 0 0 1
    outer loop
      vertex 15.675 -27.1499 2.5
      vertex 15.4801 -31.3905 2.5
      vertex 17.5 -30.3109 2.5
    endloop
  endfacet
  facet normal -0 0 1
    outer loop
      vertex 13.8658 -28.117 2.5
      vertex 15.4801 -31.3905 2.5
      vertex 15.675 -27.1499 2.5
    endloop
  endfacet
  facet normal 0 0 1
    outer loop
      vertex 13.8658 -28.117 2.5
      vertex 13.3939 -32.3358 2.5
      vertex 15.4801 -31.3905 2.5
    endloop
  endfacet
  facet normal -0 0 1
    outer loop
      vertex 11.9971 -28.9636 2.5
      vertex 13.3939 -32.3358 2.5
      vertex 13.8658 -28.117 2.5
    endloop
  endfacet
  facet normal 0 0 1
    outer loop
      vertex 11.9971 -28.9636 2.5
      vertex 11.2504 -33.1426 2.5
      vertex 13.3939 -32.3358 2.5
    endloop
  endfacet
  facet normal -0 0 1
    outer loop
      vertex 10.0771 -29.6863 2.5
      vertex 11.2504 -33.1426 2.5
      vertex 11.9971 -28.9636 2.5
    endloop
  endfacet
  facet normal 0 0 1
    outer loop
      vertex 10.0771 -29.6863 2.5
      vertex 9.05867 -33.8074 2.5
      vertex 11.2504 -33.1426 2.5
    endloop
  endfacet
  facet normal -0 0 1
    outer loop
      vertex 8.11398 -30.2818 2.5
      vertex 9.05867 -33.8074 2.5
      vertex 10.0771 -29.6863 2.5
    endloop
  endfacet
  facet normal -0 0 1
    outer loop
      vertex 7 -30.5415 2.5
      vertex 9.05867 -33.8074 2.5
      vertex 8.11398 -30.2818 2.5
    endloop
  endfacet
  facet normal 0 0 1
    outer loop
      vertex 9.05867 -33.8074 2.5
      vertex 7 -30.5415 2.5
      vertex 7 -34.2874 2.5
    endloop
  endfacet
  facet normal 0 0 1
    outer loop
      vertex 1.09059 33.3564 2.5
      vertex 2.28911 34.9251 2.5
      vertex 1.09764 33.4281 2.5
    endloop
  endfacet
  facet normal 0 0 1
    outer loop
      vertex 2.28911 34.9251 2.5
      vertex 1.09059 33.3564 2.5
      vertex 2.05039 31.2829 2.5
    endloop
  endfacet
  facet normal -0 0 1
    outer loop
      vertex 1.07886 33.2854 2.5
      vertex 2.05039 31.2829 2.5
      vertex 1.09059 33.3564 2.5
    endloop
  endfacet
  facet normal -0 0 1
    outer loop
      vertex 1.06252 33.2153 2.5
      vertex 2.05039 31.2829 2.5
      vertex 1.07886 33.2854 2.5
    endloop
  endfacet
  facet normal -0 0 1
    outer loop
      vertex 1.04162 33.1464 2.5
      vertex 2.05039 31.2829 2.5
      vertex 1.06252 33.2153 2.5
    endloop
  endfacet
  facet normal -0 0 1
    outer loop
      vertex 1.01627 33.079 2.5
      vertex 2.05039 31.2829 2.5
      vertex 1.04162 33.1464 2.5
    endloop
  endfacet
  facet normal -0 0 1
    outer loop
      vertex 0.98656 33.0135 2.5
      vertex 2.05039 31.2829 2.5
      vertex 1.01627 33.079 2.5
    endloop
  endfacet
  facet normal -0 0 1
    outer loop
      vertex 0.952627 32.95 2.5
      vertex 2.05039 31.2829 2.5
      vertex 0.98656 33.0135 2.5
    endloop
  endfacet
  facet normal -0 0 1
    outer loop
      vertex 0.914616 32.8889 2.5
      vertex 2.05039 31.2829 2.5
      vertex 0.952627 32.95 2.5
    endloop
  endfacet
  facet normal -0 0 1
    outer loop
      vertex 0.872688 32.8304 2.5
      vertex 2.05039 31.2829 2.5
      vertex 0.914616 32.8889 2.5
    endloop
  endfacet
  facet normal -0 0 1
    outer loop
      vertex 0.827024 32.7747 2.5
      vertex 2.05039 31.2829 2.5
      vertex 0.872688 32.8304 2.5
    endloop
  endfacet
  facet normal -0 0 1
    outer loop
      vertex 0.777817 32.7222 2.5
      vertex 2.05039 31.2829 2.5
      vertex 0.827024 32.7747 2.5
    endloop
  endfacet
  facet normal -0 0 1
    outer loop
      vertex 0.72528 32.673 2.5
      vertex 2.05039 31.2829 2.5
      vertex 0.777817 32.7222 2.5
    endloop
  endfacet
  facet normal -0 0 1
    outer loop
      vertex 0.669637 32.6273 2.5
      vertex 2.05039 31.2829 2.5
      vertex 0.72528 32.673 2.5
    endloop
  endfacet
  facet normal -0 0 1
    outer loop
      vertex 0.611127 32.5854 2.5
      vertex 2.05039 31.2829 2.5
      vertex 0.669637 32.6273 2.5
    endloop
  endfacet
  facet normal -0 0 1
    outer loop
      vertex 0.549999 32.5474 2.5
      vertex 2.05039 31.2829 2.5
      vertex 0.611127 32.5854 2.5
    endloop
  endfacet
  facet normal 0 0 1
    outer loop
      vertex 0 31.35 2.5
      vertex 0.549999 32.5474 2.5
      vertex 0.486517 32.5134 2.5
    endloop
  endfacet
  facet normal 0 0 1
    outer loop
      vertex 0 31.35 2.5
      vertex 0.486517 32.5134 2.5
      vertex 0.420951 32.4837 2.5
    endloop
  endfacet
  facet normal 0 0 1
    outer loop
      vertex 0 31.35 2.5
      vertex 0.420951 32.4837 2.5
      vertex 0.353583 32.4584 2.5
    endloop
  endfacet
  facet normal 0 0 1
    outer loop
      vertex 0 31.35 2.5
      vertex 0.353583 32.4584 2.5
      vertex 0.2847 32.4375 2.5
    endloop
  endfacet
  facet normal 0 0 1
    outer loop
      vertex 0 31.35 2.5
      vertex 0.2847 32.4375 2.5
      vertex 0.214599 32.4211 2.5
    endloop
  endfacet
  facet normal 0 0 1
    outer loop
      vertex 0 31.35 2.5
      vertex 0.214599 32.4211 2.5
      vertex 0.143579 32.4094 2.5
    endloop
  endfacet
  facet normal 0 0 1
    outer loop
      vertex 0 31.35 2.5
      vertex 0.143579 32.4094 2.5
      vertex 0.0719433 32.4024 2.5
    endloop
  endfacet
  facet normal 0 0 1
    outer loop
      vertex 0 31.35 2.5
      vertex 0.0719433 32.4024 2.5
      vertex 0 32.4 2.5
    endloop
  endfacet
  facet normal 0 0 1
    outer loop
      vertex 0.549999 32.5474 2.5
      vertex 0 31.35 2.5
      vertex 2.05039 31.2829 2.5
    endloop
  endfacet
  facet normal 0 0 1
    outer loop
      vertex -0.0719433 32.4024 2.5
      vertex 0 31.35 2.5
      vertex 0 32.4 2.5
    endloop
  endfacet
  facet normal 0 0 1
    outer loop
      vertex -0.143579 32.4094 2.5
      vertex 0 31.35 2.5
      vertex -0.0719433 32.4024 2.5
    endloop
  endfacet
  facet normal 0 0 1
    outer loop
      vertex -0.214599 32.4211 2.5
      vertex 0 31.35 2.5
      vertex -0.143579 32.4094 2.5
    endloop
  endfacet
  facet normal 0 0 1
    outer loop
      vertex -0.2847 32.4375 2.5
      vertex 0 31.35 2.5
      vertex -0.214599 32.4211 2.5
    endloop
  endfacet
  facet normal 0 0 1
    outer loop
      vertex -0.353583 32.4584 2.5
      vertex 0 31.35 2.5
      vertex -0.2847 32.4375 2.5
    endloop
  endfacet
  facet normal 0 0 1
    outer loop
      vertex -0.420951 32.4837 2.5
      vertex 0 31.35 2.5
      vertex -0.353583 32.4584 2.5
    endloop
  endfacet
  facet normal 0 0 1
    outer loop
      vertex -0.486517 32.5134 2.5
      vertex 0 31.35 2.5
      vertex -0.420951 32.4837 2.5
    endloop
  endfacet
  facet normal 0 0 1
    outer loop
      vertex -0.549999 32.5474 2.5
      vertex 0 31.35 2.5
      vertex -0.486517 32.5134 2.5
    endloop
  endfacet
  facet normal 0 0 1
    outer loop
      vertex -2.05039 31.2829 2.5
      vertex -0.549999 32.5474 2.5
      vertex -0.611127 32.5854 2.5
    endloop
  endfacet
  facet normal 0 0 1
    outer loop
      vertex -2.05039 31.2829 2.5
      vertex -0.611127 32.5854 2.5
      vertex -0.669637 32.6273 2.5
    endloop
  endfacet
  facet normal 0 0 1
    outer loop
      vertex -2.05039 31.2829 2.5
      vertex -0.669637 32.6273 2.5
      vertex -0.72528 32.673 2.5
    endloop
  endfacet
  facet normal 0 0 1
    outer loop
      vertex -2.05039 31.2829 2.5
      vertex -0.72528 32.673 2.5
      vertex -0.777817 32.7222 2.5
    endloop
  endfacet
  facet normal 0 0 1
    outer loop
      vertex -2.05039 31.2829 2.5
      vertex -0.777817 32.7222 2.5
      vertex -0.827024 32.7747 2.5
    endloop
  endfacet
  facet normal 0 0 1
    outer loop
      vertex -2.05039 31.2829 2.5
      vertex -0.827024 32.7747 2.5
      vertex -0.872688 32.8304 2.5
    endloop
  endfacet
  facet normal 0 0 1
    outer loop
      vertex -2.05039 31.2829 2.5
      vertex -0.872688 32.8304 2.5
      vertex -0.914616 32.8889 2.5
    endloop
  endfacet
  facet normal 0 0 1
    outer loop
      vertex -2.05039 31.2829 2.5
      vertex -0.914616 32.8889 2.5
      vertex -0.952627 32.95 2.5
    endloop
  endfacet
  facet normal 0 0 1
    outer loop
      vertex -0.549999 32.5474 2.5
      vertex -2.05039 31.2829 2.5
      vertex 0 31.35 2.5
    endloop
  endfacet
  facet normal 0 0 1
    outer loop
      vertex -0.98656 33.0135 2.5
      vertex -2.05039 31.2829 2.5
      vertex -0.952627 32.95 2.5
    endloop
  endfacet
  facet normal 0 0 1
    outer loop
      vertex -1.01627 33.079 2.5
      vertex -2.05039 31.2829 2.5
      vertex -0.98656 33.0135 2.5
    endloop
  endfacet
  facet normal 0 0 1
    outer loop
      vertex -1.04162 33.1464 2.5
      vertex -2.05039 31.2829 2.5
      vertex -1.01627 33.079 2.5
    endloop
  endfacet
  facet normal 0 0 1
    outer loop
      vertex -1.06252 33.2153 2.5
      vertex -2.05039 31.2829 2.5
      vertex -1.04162 33.1464 2.5
    endloop
  endfacet
  facet normal 0 0 1
    outer loop
      vertex -1.07886 33.2854 2.5
      vertex -2.05039 31.2829 2.5
      vertex -1.06252 33.2153 2.5
    endloop
  endfacet
  facet normal 0 0 1
    outer loop
      vertex -1.09059 33.3564 2.5
      vertex -2.05039 31.2829 2.5
      vertex -1.07886 33.2854 2.5
    endloop
  endfacet
  facet normal 0 0 1
    outer loop
      vertex -2.28911 34.9251 2.5
      vertex -1.09059 33.3564 2.5
      vertex -1.09764 33.4281 2.5
    endloop
  endfacet
  facet normal 0 0 1
    outer loop
      vertex -2.28911 34.9251 2.5
      vertex -1.09764 33.4281 2.5
      vertex -1.1 33.5 2.5
    endloop
  endfacet
  facet normal 0 0 1
    outer loop
      vertex -9.05867 -33.8074 2.5
      vertex -7 -30.5415 2.5
      vertex -8.11398 -30.2818 2.5
    endloop
  endfacet
  facet normal 0 0 1
    outer loop
      vertex -7 -30.5415 2.5
      vertex -9.05867 -33.8074 2.5
      vertex -7 -34.2874 2.5
    endloop
  endfacet
  facet normal 0 0 1
    outer loop
      vertex -10.0771 -29.6863 2.5
      vertex -9.05867 -33.8074 2.5
      vertex -8.11398 -30.2818 2.5
    endloop
  endfacet
  facet normal 0 0 1
    outer loop
      vertex -10.0771 -29.6863 2.5
      vertex -11.2504 -33.1426 2.5
      vertex -9.05867 -33.8074 2.5
    endloop
  endfacet
  facet normal 0 0 1
    outer loop
      vertex -11.9971 -28.9636 2.5
      vertex -11.2504 -33.1426 2.5
      vertex -10.0771 -29.6863 2.5
    endloop
  endfacet
  facet normal 0 0 1
    outer loop
      vertex -11.9971 -28.9636 2.5
      vertex -13.3939 -32.3358 2.5
      vertex -11.2504 -33.1426 2.5
    endloop
  endfacet
  facet normal 0 0 1
    outer loop
      vertex -13.8658 -28.117 2.5
      vertex -13.3939 -32.3358 2.5
      vertex -11.9971 -28.9636 2.5
    endloop
  endfacet
  facet normal 0 0 1
    outer loop
      vertex -13.8658 -28.117 2.5
      vertex -15.4801 -31.3905 2.5
      vertex -13.3939 -32.3358 2.5
    endloop
  endfacet
  facet normal 0 0 1
    outer loop
      vertex -15.675 -27.1499 2.5
      vertex -15.4801 -31.3905 2.5
      vertex -13.8658 -28.117 2.5
    endloop
  endfacet
  facet normal 0 0 1
    outer loop
      vertex -17.5 -30.3109 2.5
      vertex -15.675 -27.1499 2.5
      vertex -17.4171 -26.0666 2.5
    endloop
  endfacet
  facet normal 0 0 1
    outer loop
      vertex -15.675 -27.1499 2.5
      vertex -17.5 -30.3109 2.5
      vertex -15.4801 -31.3905 2.5
    endloop
  endfacet
  facet normal 0 0 1
    outer loop
      vertex -19.445 -29.1014 2.5
      vertex -17.4171 -26.0666 2.5
      vertex -19.0847 -24.8716 2.5
    endloop
  endfacet
  facet normal 0 0 1
    outer loop
      vertex -17.4171 -26.0666 2.5
      vertex -19.445 -29.1014 2.5
      vertex -17.5 -30.3109 2.5
    endloop
  endfacet
  facet normal 0 0 1
    outer loop
      vertex -21.3066 -27.7674 2.5
      vertex -19.0847 -24.8716 2.5
      vertex -20.6705 -23.5702 2.5
    endloop
  endfacet
  facet normal 0 0 1
    outer loop
      vertex -19.0847 -24.8716 2.5
      vertex -21.3066 -27.7674 2.5
      vertex -19.445 -29.1014 2.5
    endloop
  endfacet
  facet normal 0 0 1
    outer loop
      vertex -23.0771 -26.3144 2.5
      vertex -20.6705 -23.5702 2.5
      vertex -22.1678 -22.1678 2.5
    endloop
  endfacet
  facet normal 0 0 1
    outer loop
      vertex -20.6705 -23.5702 2.5
      vertex -23.0771 -26.3144 2.5
      vertex -21.3066 -27.7674 2.5
    endloop
  endfacet
  facet normal 0 0 1
    outer loop
      vertex -24.7487 -24.7487 2.5
      vertex -22.1678 -22.1678 2.5
      vertex -23.5702 -20.6705 2.5
    endloop
  endfacet
  facet normal 0 0 1
    outer loop
      vertex -22.1678 -22.1678 2.5
      vertex -24.7487 -24.7487 2.5
      vertex -23.0771 -26.3144 2.5
    endloop
  endfacet
  facet normal 0 0 1
    outer loop
      vertex -26.3144 -23.0771 2.5
      vertex -23.5702 -20.6705 2.5
      vertex -24.8716 -19.0847 2.5
    endloop
  endfacet
  facet normal 0 0 1
    outer loop
      vertex -27.7674 -21.3066 2.5
      vertex -24.8716 -19.0847 2.5
      vertex -26.0666 -17.4171 2.5
    endloop
  endfacet
  facet normal 0 0 1
    outer loop
      vertex -23.5702 -20.6705 2.5
      vertex -26.3144 -23.0771 2.5
      vertex -24.7487 -24.7487 2.5
    endloop
  endfacet
  facet normal 0 0 1
    outer loop
      vertex -29.1014 -19.445 2.5
      vertex -26.0666 -17.4171 2.5
      vertex -27.1499 -15.675 2.5
    endloop
  endfacet
  facet normal 0 0 1
    outer loop
      vertex -24.8716 -19.0847 2.5
      vertex -27.7674 -21.3066 2.5
      vertex -26.3144 -23.0771 2.5
    endloop
  endfacet
  facet normal 0 0 1
    outer loop
      vertex -30.3109 -17.5 2.5
      vertex -27.1499 -15.675 2.5
      vertex -28.117 -13.8658 2.5
    endloop
  endfacet
  facet normal 0 0 1
    outer loop
      vertex -31.3905 -15.4801 2.5
      vertex -28.117 -13.8658 2.5
      vertex -28.9636 -11.9971 2.5
    endloop
  endfacet
  facet normal 0 0 1
    outer loop
      vertex -26.0666 -17.4171 2.5
      vertex -29.1014 -19.445 2.5
      vertex -27.7674 -21.3066 2.5
    endloop
  endfacet
  facet normal 0 0 1
    outer loop
      vertex -32.3358 -13.3939 2.5
      vertex -28.9636 -11.9971 2.5
      vertex -29.6863 -10.0771 2.5
    endloop
  endfacet
  facet normal 0 0 1
    outer loop
      vertex -33.1426 -11.2504 2.5
      vertex -29.6863 -10.0771 2.5
      vertex -30.2818 -8.11398 2.5
    endloop
  endfacet
  facet normal 0 0 1
    outer loop
      vertex -27.1499 -15.675 2.5
      vertex -30.3109 -17.5 2.5
      vertex -29.1014 -19.445 2.5
    endloop
  endfacet
  facet normal 0 0 1
    outer loop
      vertex -33.8074 -9.05867 2.5
      vertex -30.2818 -8.11398 2.5
      vertex -30.7476 -6.11608 2.5
    endloop
  endfacet
  facet normal 0 0 1
    outer loop
      vertex -34.3275 -6.82816 2.5
      vertex -30.7476 -6.11608 2.5
      vertex -31.0818 -4.092 2.5
    endloop
  endfacet
  facet normal 0 0 1
    outer loop
      vertex -34.7006 -4.56842 2.5
      vertex -31.0818 -4.092 2.5
      vertex -31.2829 -2.05039 2.5
    endloop
  endfacet
  facet normal 0 0 1
    outer loop
      vertex -28.117 -13.8658 2.5
      vertex -31.3905 -15.4801 2.5
      vertex -30.3109 -17.5 2.5
    endloop
  endfacet
  facet normal -0 0 1
    outer loop
      vertex -32.5474 -0.549999 2.5
      vertex -31.2829 -2.05039 2.5
      vertex -31.35 0 2.5
    endloop
  endfacet
  facet normal -0 0 1
    outer loop
      vertex -34.3275 6.82816 2.5
      vertex -30.7476 6.11608 2.5
      vertex -33.8074 9.05867 2.5
    endloop
  endfacet
  facet normal 0 0 1
    outer loop
      vertex -30.7476 6.11608 2.5
      vertex -34.3275 6.82816 2.5
      vertex -31.0818 4.092 2.5
    endloop
  endfacet
  facet normal 0 0 1
    outer loop
      vertex -32.4024 -0.0719433 2.5
      vertex -31.35 0 2.5
      vertex -32.4 0 2.5
    endloop
  endfacet
  facet normal 0 0 1
    outer loop
      vertex -32.4094 -0.143579 2.5
      vertex -31.35 0 2.5
      vertex -32.4024 -0.0719433 2.5
    endloop
  endfacet
  facet normal 0 0 1
    outer loop
      vertex -31.35 0 2.5
      vertex -32.4024 0.0719433 2.5
      vertex -32.4 0 2.5
    endloop
  endfacet
  facet normal 0 0 1
    outer loop
      vertex -31.35 0 2.5
      vertex -32.4094 0.143579 2.5
      vertex -32.4024 0.0719433 2.5
    endloop
  endfacet
  facet normal 0 0 1
    outer loop
      vertex -31.35 0 2.5
      vertex -32.4211 0.214599 2.5
      vertex -32.4094 0.143579 2.5
    endloop
  endfacet
  facet normal 0 0 1
    outer loop
      vertex -31.35 0 2.5
      vertex -32.4375 0.2847 2.5
      vertex -32.4211 0.214599 2.5
    endloop
  endfacet
  facet normal 0 0 1
    outer loop
      vertex -31.35 0 2.5
      vertex -32.4584 0.353583 2.5
      vertex -32.4375 0.2847 2.5
    endloop
  endfacet
  facet normal 0 0 1
    outer loop
      vertex -31.35 0 2.5
      vertex -32.4837 0.420951 2.5
      vertex -32.4584 0.353583 2.5
    endloop
  endfacet
  facet normal -0 0 1
    outer loop
      vertex -34.7006 4.56842 2.5
      vertex -31.0818 4.092 2.5
      vertex -34.3275 6.82816 2.5
    endloop
  endfacet
  facet normal 0 0 1
    outer loop
      vertex -31.35 0 2.5
      vertex -32.5134 0.486517 2.5
      vertex -32.4837 0.420951 2.5
    endloop
  endfacet
  facet normal 0 0 1
    outer loop
      vertex -31.35 0 2.5
      vertex -32.5474 0.549999 2.5
      vertex -32.5134 0.486517 2.5
    endloop
  endfacet
  facet normal 0 0 1
    outer loop
      vertex -31.0818 4.092 2.5
      vertex -34.7006 4.56842 2.5
      vertex -31.2829 2.05039 2.5
    endloop
  endfacet
  facet normal 0 0 1
    outer loop
      vertex -31.2829 2.05039 2.5
      vertex -32.5474 0.549999 2.5
      vertex -31.35 0 2.5
    endloop
  endfacet
  facet normal 0 -0 1
    outer loop
      vertex -32.5474 0.549999 2.5
      vertex -31.2829 2.05039 2.5
      vertex -32.5854 0.611127 2.5
    endloop
  endfacet
  facet normal 0 -0 1
    outer loop
      vertex -32.7222 0.777817 2.5
      vertex -31.2829 2.05039 2.5
      vertex -32.7747 0.827024 2.5
    endloop
  endfacet
  facet normal 0 -0 1
    outer loop
      vertex -32.5854 0.611127 2.5
      vertex -31.2829 2.05039 2.5
      vertex -32.6273 0.669637 2.5
    endloop
  endfacet
  facet normal 0 -0 1
    outer loop
      vertex -32.6273 0.669637 2.5
      vertex -31.2829 2.05039 2.5
      vertex -32.673 0.72528 2.5
    endloop
  endfacet
  facet normal 0 -0 1
    outer loop
      vertex -32.673 0.72528 2.5
      vertex -31.2829 2.05039 2.5
      vertex -32.7222 0.777817 2.5
    endloop
  endfacet
  facet normal 0 0 1
    outer loop
      vertex -31.2829 2.05039 2.5
      vertex -32.8304 0.872688 2.5
      vertex -32.7747 0.827024 2.5
    endloop
  endfacet
  facet normal -0 0 1
    outer loop
      vertex -34.9251 2.28911 2.5
      vertex -31.2829 2.05039 2.5
      vertex -34.7006 4.56842 2.5
    endloop
  endfacet
  facet normal 0 0 1
    outer loop
      vertex -31.2829 2.05039 2.5
      vertex -32.8889 0.914616 2.5
      vertex -32.8304 0.872688 2.5
    endloop
  endfacet
  facet normal 0 0 1
    outer loop
      vertex -31.2829 2.05039 2.5
      vertex -32.95 0.952627 2.5
      vertex -32.8889 0.914616 2.5
    endloop
  endfacet
  facet normal 0 0 1
    outer loop
      vertex -31.2829 2.05039 2.5
      vertex -33.0135 0.98656 2.5
      vertex -32.95 0.952627 2.5
    endloop
  endfacet
  facet normal 0 0 1
    outer loop
      vertex -31.2829 2.05039 2.5
      vertex -33.079 1.01627 2.5
      vertex -33.0135 0.98656 2.5
    endloop
  endfacet
  facet normal 0 0 1
    outer loop
      vertex -31.2829 2.05039 2.5
      vertex -33.1464 1.04162 2.5
      vertex -33.079 1.01627 2.5
    endloop
  endfacet
  facet normal 0 0 1
    outer loop
      vertex -31.2829 2.05039 2.5
      vertex -33.2153 1.06252 2.5
      vertex -33.1464 1.04162 2.5
    endloop
  endfacet
  facet normal 0 0 1
    outer loop
      vertex -31.2829 2.05039 2.5
      vertex -33.2854 1.07886 2.5
      vertex -33.2153 1.06252 2.5
    endloop
  endfacet
  facet normal 0 0 1
    outer loop
      vertex -31.2829 2.05039 2.5
      vertex -33.3564 1.09059 2.5
      vertex -33.2854 1.07886 2.5
    endloop
  endfacet
  facet normal 0 0 1
    outer loop
      vertex -31.2829 2.05039 2.5
      vertex -34.9251 2.28911 2.5
      vertex -33.3564 1.09059 2.5
    endloop
  endfacet
  facet normal 0 0 1
    outer loop
      vertex -33.3564 1.09059 2.5
      vertex -34.9251 2.28911 2.5
      vertex -33.4281 1.09764 2.5
    endloop
  endfacet
  facet normal 0 0 1
    outer loop
      vertex -33.4281 1.09764 2.5
      vertex -34.9251 2.28911 2.5
      vertex -33.5 1.1 2.5
    endloop
  endfacet
  facet normal 0 0 1
    outer loop
      vertex -33.5 1.1 2.5
      vertex -34.9251 2.28911 2.5
      vertex -33.5719 1.09764 2.5
    endloop
  endfacet
  facet normal 0 0 1
    outer loop
      vertex -33.5719 1.09764 2.5
      vertex -34.9251 2.28911 2.5
      vertex -33.6436 1.09059 2.5
    endloop
  endfacet
  facet normal 0 0 1
    outer loop
      vertex -33.6436 1.09059 2.5
      vertex -34.9251 2.28911 2.5
      vertex -33.7146 1.07886 2.5
    endloop
  endfacet
  facet normal 0 0 1
    outer loop
      vertex -33.7146 1.07886 2.5
      vertex -34.9251 2.28911 2.5
      vertex -33.7847 1.06252 2.5
    endloop
  endfacet
  facet normal 0 0 1
    outer loop
      vertex -33.7847 1.06252 2.5
      vertex -34.9251 2.28911 2.5
      vertex -33.8536 1.04162 2.5
    endloop
  endfacet
  facet normal 0 0 1
    outer loop
      vertex -33.8536 1.04162 2.5
      vertex -34.9251 2.28911 2.5
      vertex -33.921 1.01627 2.5
    endloop
  endfacet
  facet normal 0 0 1
    outer loop
      vertex -33.921 1.01627 2.5
      vertex -34.9251 2.28911 2.5
      vertex -33.9865 0.98656 2.5
    endloop
  endfacet
  facet normal 0 0 1
    outer loop
      vertex -33.9865 0.98656 2.5
      vertex -34.9251 2.28911 2.5
      vertex -34.05 0.952627 2.5
    endloop
  endfacet
  facet normal 0 0 1
    outer loop
      vertex -34.05 0.952627 2.5
      vertex -34.9251 2.28911 2.5
      vertex -34.1111 0.914616 2.5
    endloop
  endfacet
  facet normal 0 0 1
    outer loop
      vertex -34.1111 0.914616 2.5
      vertex -34.9251 2.28911 2.5
      vertex -34.1696 0.872688 2.5
    endloop
  endfacet
  facet normal 0 0 1
    outer loop
      vertex -34.1696 0.872688 2.5
      vertex -34.9251 2.28911 2.5
      vertex -34.2253 0.827024 2.5
    endloop
  endfacet
  facet normal 0 0 1
    outer loop
      vertex -34.2253 0.827024 2.5
      vertex -34.9251 2.28911 2.5
      vertex -34.2778 0.777817 2.5
    endloop
  endfacet
  facet normal 0 0 1
    outer loop
      vertex -34.2778 0.777817 2.5
      vertex -34.9251 2.28911 2.5
      vertex -34.327 0.72528 2.5
    endloop
  endfacet
  facet normal 0 0 1
    outer loop
      vertex -34.327 0.72528 2.5
      vertex -34.9251 2.28911 2.5
      vertex -34.3727 0.669637 2.5
    endloop
  endfacet
  facet normal 0 0 1
    outer loop
      vertex -34.3727 0.669637 2.5
      vertex -34.9251 2.28911 2.5
      vertex -34.4146 0.611127 2.5
    endloop
  endfacet
  facet normal 0 0 1
    outer loop
      vertex -34.4146 0.611127 2.5
      vertex -34.9251 2.28911 2.5
      vertex -34.4526 0.549999 2.5
    endloop
  endfacet
  facet normal 0 0 1
    outer loop
      vertex -35 0 2.5
      vertex -34.4526 0.549999 2.5
      vertex -34.9251 2.28911 2.5
    endloop
  endfacet
  facet normal 0 0 1
    outer loop
      vertex -34.4526 0.549999 2.5
      vertex -35 0 2.5
      vertex -34.4866 0.486517 2.5
    endloop
  endfacet
  facet normal 0 0 1
    outer loop
      vertex -34.4866 0.486517 2.5
      vertex -35 0 2.5
      vertex -34.5163 0.420951 2.5
    endloop
  endfacet
  facet normal 0 0 1
    outer loop
      vertex -34.5163 0.420951 2.5
      vertex -35 0 2.5
      vertex -34.5416 0.353583 2.5
    endloop
  endfacet
  facet normal 0 0 1
    outer loop
      vertex -34.5416 0.353583 2.5
      vertex -35 0 2.5
      vertex -34.5625 0.2847 2.5
    endloop
  endfacet
  facet normal 0 0 1
    outer loop
      vertex -34.5789 0.214599 2.5
      vertex -35 0 2.5
      vertex -34.5906 0.143579 2.5
    endloop
  endfacet
  facet normal 0 0 1
    outer loop
      vertex -34.5625 0.2847 2.5
      vertex -35 0 2.5
      vertex -34.5789 0.214599 2.5
    endloop
  endfacet
  facet normal 0 0 1
    outer loop
      vertex -32.4211 -0.214599 2.5
      vertex -31.35 0 2.5
      vertex -32.4094 -0.143579 2.5
    endloop
  endfacet
  facet normal 0 0 1
    outer loop
      vertex -32.4375 -0.2847 2.5
      vertex -31.35 0 2.5
      vertex -32.4211 -0.214599 2.5
    endloop
  endfacet
  facet normal 0 0 1
    outer loop
      vertex -32.4584 -0.353583 2.5
      vertex -31.35 0 2.5
      vertex -32.4375 -0.2847 2.5
    endloop
  endfacet
  facet normal 0 0 1
    outer loop
      vertex -32.4837 -0.420951 2.5
      vertex -31.35 0 2.5
      vertex -32.4584 -0.353583 2.5
    endloop
  endfacet
  facet normal 0 0 1
    outer loop
      vertex -28.9636 -11.9971 2.5
      vertex -32.3358 -13.3939 2.5
      vertex -31.3905 -15.4801 2.5
    endloop
  endfacet
  facet normal 0 0 1
    outer loop
      vertex -32.5134 -0.486517 2.5
      vertex -31.35 0 2.5
      vertex -32.4837 -0.420951 2.5
    endloop
  endfacet
  facet normal 0 0 1
    outer loop
      vertex -32.5474 -0.549999 2.5
      vertex -31.35 0 2.5
      vertex -32.5134 -0.486517 2.5
    endloop
  endfacet
  facet normal 0 0 1
    outer loop
      vertex -31.2829 -2.05039 2.5
      vertex -32.5474 -0.549999 2.5
      vertex -32.5854 -0.611127 2.5
    endloop
  endfacet
  facet normal 0 0 1
    outer loop
      vertex -31.2829 -2.05039 2.5
      vertex -32.5854 -0.611127 2.5
      vertex -32.6273 -0.669637 2.5
    endloop
  endfacet
  facet normal 0 0 1
    outer loop
      vertex -31.2829 -2.05039 2.5
      vertex -32.6273 -0.669637 2.5
      vertex -32.673 -0.72528 2.5
    endloop
  endfacet
  facet normal 0 0 1
    outer loop
      vertex -31.2829 -2.05039 2.5
      vertex -32.673 -0.72528 2.5
      vertex -32.7222 -0.777817 2.5
    endloop
  endfacet
  facet normal 0 0 1
    outer loop
      vertex -31.2829 -2.05039 2.5
      vertex -32.7222 -0.777817 2.5
      vertex -32.7747 -0.827024 2.5
    endloop
  endfacet
  facet normal -0 0 1
    outer loop
      vertex -32.8304 -0.872688 2.5
      vertex -31.2829 -2.05039 2.5
      vertex -32.7747 -0.827024 2.5
    endloop
  endfacet
  facet normal -0 0 1
    outer loop
      vertex -32.8889 -0.914616 2.5
      vertex -31.2829 -2.05039 2.5
      vertex -32.8304 -0.872688 2.5
    endloop
  endfacet
  facet normal -0 0 1
    outer loop
      vertex -32.95 -0.952627 2.5
      vertex -31.2829 -2.05039 2.5
      vertex -32.8889 -0.914616 2.5
    endloop
  endfacet
  facet normal -0 0 1
    outer loop
      vertex -33.0135 -0.98656 2.5
      vertex -31.2829 -2.05039 2.5
      vertex -32.95 -0.952627 2.5
    endloop
  endfacet
  facet normal -0 0 1
    outer loop
      vertex -33.079 -1.01627 2.5
      vertex -31.2829 -2.05039 2.5
      vertex -33.0135 -0.98656 2.5
    endloop
  endfacet
  facet normal -0 0 1
    outer loop
      vertex -33.1464 -1.04162 2.5
      vertex -31.2829 -2.05039 2.5
      vertex -33.079 -1.01627 2.5
    endloop
  endfacet
  facet normal 0 0 1
    outer loop
      vertex -29.6863 -10.0771 2.5
      vertex -33.1426 -11.2504 2.5
      vertex -32.3358 -13.3939 2.5
    endloop
  endfacet
  facet normal -0 0 1
    outer loop
      vertex -33.2153 -1.06252 2.5
      vertex -31.2829 -2.05039 2.5
      vertex -33.1464 -1.04162 2.5
    endloop
  endfacet
  facet normal -0 0 1
    outer loop
      vertex -33.2854 -1.07886 2.5
      vertex -31.2829 -2.05039 2.5
      vertex -33.2153 -1.06252 2.5
    endloop
  endfacet
  facet normal -0 0 1
    outer loop
      vertex -33.3564 -1.09059 2.5
      vertex -31.2829 -2.05039 2.5
      vertex -33.2854 -1.07886 2.5
    endloop
  endfacet
  facet normal 0 0 1
    outer loop
      vertex -34.9251 -2.28911 2.5
      vertex -31.2829 -2.05039 2.5
      vertex -33.3564 -1.09059 2.5
    endloop
  endfacet
  facet normal 0 0 1
    outer loop
      vertex -34.9251 -2.28911 2.5
      vertex -33.3564 -1.09059 2.5
      vertex -33.4281 -1.09764 2.5
    endloop
  endfacet
  facet normal 0 0 1
    outer loop
      vertex -34.9251 -2.28911 2.5
      vertex -33.4281 -1.09764 2.5
      vertex -33.5 -1.1 2.5
    endloop
  endfacet
  facet normal 0 0 1
    outer loop
      vertex -34.9251 -2.28911 2.5
      vertex -33.5 -1.1 2.5
      vertex -33.5719 -1.09764 2.5
    endloop
  endfacet
  facet normal 0 0 1
    outer loop
      vertex -34.9251 -2.28911 2.5
      vertex -33.5719 -1.09764 2.5
      vertex -33.6436 -1.09059 2.5
    endloop
  endfacet
  facet normal 0 0 1
    outer loop
      vertex -34.9251 -2.28911 2.5
      vertex -33.6436 -1.09059 2.5
      vertex -33.7146 -1.07886 2.5
    endloop
  endfacet
  facet normal 0 0 1
    outer loop
      vertex -34.9251 -2.28911 2.5
      vertex -33.7146 -1.07886 2.5
      vertex -33.7847 -1.06252 2.5
    endloop
  endfacet
  facet normal 0 0 1
    outer loop
      vertex -30.2818 -8.11398 2.5
      vertex -33.8074 -9.05867 2.5
      vertex -33.1426 -11.2504 2.5
    endloop
  endfacet
  facet normal 0 0 1
    outer loop
      vertex -34.9251 -2.28911 2.5
      vertex -33.7847 -1.06252 2.5
      vertex -33.8536 -1.04162 2.5
    endloop
  endfacet
  facet normal 0 0 1
    outer loop
      vertex -34.9251 -2.28911 2.5
      vertex -33.8536 -1.04162 2.5
      vertex -33.921 -1.01627 2.5
    endloop
  endfacet
  facet normal 0 0 1
    outer loop
      vertex -34.9251 -2.28911 2.5
      vertex -33.921 -1.01627 2.5
      vertex -33.9865 -0.98656 2.5
    endloop
  endfacet
  facet normal 0 0 1
    outer loop
      vertex -34.9251 -2.28911 2.5
      vertex -33.9865 -0.98656 2.5
      vertex -34.05 -0.952627 2.5
    endloop
  endfacet
  facet normal 0 0 1
    outer loop
      vertex -34.9251 -2.28911 2.5
      vertex -34.05 -0.952627 2.5
      vertex -34.1111 -0.914616 2.5
    endloop
  endfacet
  facet normal 0 0 1
    outer loop
      vertex -34.9251 -2.28911 2.5
      vertex -34.1111 -0.914616 2.5
      vertex -34.1696 -0.872688 2.5
    endloop
  endfacet
  facet normal 0 0 1
    outer loop
      vertex -34.9251 -2.28911 2.5
      vertex -34.1696 -0.872688 2.5
      vertex -34.2253 -0.827024 2.5
    endloop
  endfacet
  facet normal 0 0 1
    outer loop
      vertex -34.9251 -2.28911 2.5
      vertex -34.2253 -0.827024 2.5
      vertex -34.2778 -0.777817 2.5
    endloop
  endfacet
  facet normal 0 0 1
    outer loop
      vertex -34.9251 -2.28911 2.5
      vertex -34.2778 -0.777817 2.5
      vertex -34.327 -0.72528 2.5
    endloop
  endfacet
  facet normal 0 0 1
    outer loop
      vertex -30.7476 -6.11608 2.5
      vertex -34.3275 -6.82816 2.5
      vertex -33.8074 -9.05867 2.5
    endloop
  endfacet
  facet normal 0 0 1
    outer loop
      vertex -34.9251 -2.28911 2.5
      vertex -34.327 -0.72528 2.5
      vertex -34.3727 -0.669637 2.5
    endloop
  endfacet
  facet normal 0 0 1
    outer loop
      vertex -34.9251 -2.28911 2.5
      vertex -34.3727 -0.669637 2.5
      vertex -34.4146 -0.611127 2.5
    endloop
  endfacet
  facet normal 0 0 1
    outer loop
      vertex -34.9251 -2.28911 2.5
      vertex -34.4146 -0.611127 2.5
      vertex -34.4526 -0.549999 2.5
    endloop
  endfacet
  facet normal 0 0 1
    outer loop
      vertex -35 0 2.5
      vertex -34.4526 -0.549999 2.5
      vertex -34.4866 -0.486517 2.5
    endloop
  endfacet
  facet normal 0 0 1
    outer loop
      vertex -35 0 2.5
      vertex -34.4866 -0.486517 2.5
      vertex -34.5163 -0.420951 2.5
    endloop
  endfacet
  facet normal 0 0 1
    outer loop
      vertex -35 0 2.5
      vertex -34.5163 -0.420951 2.5
      vertex -34.5416 -0.353583 2.5
    endloop
  endfacet
  facet normal 0 0 1
    outer loop
      vertex -35 0 2.5
      vertex -34.5416 -0.353583 2.5
      vertex -34.5625 -0.2847 2.5
    endloop
  endfacet
  facet normal 0 0 1
    outer loop
      vertex -35 0 2.5
      vertex -34.5625 -0.2847 2.5
      vertex -34.5789 -0.214599 2.5
    endloop
  endfacet
  facet normal 0 0 1
    outer loop
      vertex -35 0 2.5
      vertex -34.5789 -0.214599 2.5
      vertex -34.5906 -0.143579 2.5
    endloop
  endfacet
  facet normal 0 0 1
    outer loop
      vertex -35 0 2.5
      vertex -34.5906 -0.143579 2.5
      vertex -34.5976 -0.0719433 2.5
    endloop
  endfacet
  facet normal 0 0 1
    outer loop
      vertex -31.0818 -4.092 2.5
      vertex -34.7006 -4.56842 2.5
      vertex -34.3275 -6.82816 2.5
    endloop
  endfacet
  facet normal -0 0 1
    outer loop
      vertex -35 0 2.5
      vertex -34.5976 -0.0719433 2.5
      vertex -34.6 0 2.5
    endloop
  endfacet
  facet normal 0 0 1
    outer loop
      vertex -34.5906 0.143579 2.5
      vertex -35 0 2.5
      vertex -34.5976 0.0719433 2.5
    endloop
  endfacet
  facet normal 0 0 1
    outer loop
      vertex -34.5976 0.0719433 2.5
      vertex -35 0 2.5
      vertex -34.6 0 2.5
    endloop
  endfacet
  facet normal 0 0 1
    outer loop
      vertex -31.2829 -2.05039 2.5
      vertex -34.9251 -2.28911 2.5
      vertex -34.7006 -4.56842 2.5
    endloop
  endfacet
  facet normal 0 0 1
    outer loop
      vertex -34.4526 -0.549999 2.5
      vertex -35 0 2.5
      vertex -34.9251 -2.28911 2.5
    endloop
  endfacet
  facet normal -0 0 1
    outer loop
      vertex 34.4526 0.549999 2.5
      vertex 35 0 2.5
      vertex 34.9251 2.28911 2.5
    endloop
  endfacet
  facet normal 0 0 1
    outer loop
      vertex 31.2829 2.05039 2.5
      vertex 34.9251 2.28911 2.5
      vertex 34.7006 4.56842 2.5
    endloop
  endfacet
  facet normal 0 0 1
    outer loop
      vertex 35 0 2.5
      vertex 34.5976 0.0719433 2.5
      vertex 34.6 0 2.5
    endloop
  endfacet
  facet normal 0 0 1
    outer loop
      vertex 34.5906 -0.143579 2.5
      vertex 35 0 2.5
      vertex 34.5976 -0.0719433 2.5
    endloop
  endfacet
  facet normal 0 0 1
    outer loop
      vertex 34.5976 -0.0719433 2.5
      vertex 35 0 2.5
      vertex 34.6 0 2.5
    endloop
  endfacet
  facet normal 0 0 1
    outer loop
      vertex 35 0 2.5
      vertex 34.5906 0.143579 2.5
      vertex 34.5976 0.0719433 2.5
    endloop
  endfacet
  facet normal 0 0 1
    outer loop
      vertex 35 0 2.5
      vertex 34.5789 0.214599 2.5
      vertex 34.5906 0.143579 2.5
    endloop
  endfacet
  facet normal 0 0 1
    outer loop
      vertex 35 0 2.5
      vertex 34.5625 0.2847 2.5
      vertex 34.5789 0.214599 2.5
    endloop
  endfacet
  facet normal 0 0 1
    outer loop
      vertex 35 0 2.5
      vertex 34.5416 0.353583 2.5
      vertex 34.5625 0.2847 2.5
    endloop
  endfacet
  facet normal 0 0 1
    outer loop
      vertex 35 0 2.5
      vertex 34.5163 0.420951 2.5
      vertex 34.5416 0.353583 2.5
    endloop
  endfacet
  facet normal 0 0 1
    outer loop
      vertex 35 0 2.5
      vertex 34.4866 0.486517 2.5
      vertex 34.5163 0.420951 2.5
    endloop
  endfacet
  facet normal 0 0 1
    outer loop
      vertex 35 0 2.5
      vertex 34.4526 0.549999 2.5
      vertex 34.4866 0.486517 2.5
    endloop
  endfacet
  facet normal 0 0 1
    outer loop
      vertex 34.9251 2.28911 2.5
      vertex 34.4146 0.611127 2.5
      vertex 34.4526 0.549999 2.5
    endloop
  endfacet
  facet normal 0 0 1
    outer loop
      vertex 34.9251 2.28911 2.5
      vertex 34.3727 0.669637 2.5
      vertex 34.4146 0.611127 2.5
    endloop
  endfacet
  facet normal 0 0 1
    outer loop
      vertex 31.0818 4.092 2.5
      vertex 34.7006 4.56842 2.5
      vertex 34.3275 6.82816 2.5
    endloop
  endfacet
  facet normal 0 0 1
    outer loop
      vertex 34.9251 2.28911 2.5
      vertex 34.327 0.72528 2.5
      vertex 34.3727 0.669637 2.5
    endloop
  endfacet
  facet normal 0 0 1
    outer loop
      vertex 34.9251 2.28911 2.5
      vertex 34.2778 0.777817 2.5
      vertex 34.327 0.72528 2.5
    endloop
  endfacet
  facet normal 0 0 1
    outer loop
      vertex 34.9251 2.28911 2.5
      vertex 34.2253 0.827024 2.5
      vertex 34.2778 0.777817 2.5
    endloop
  endfacet
  facet normal 0 0 1
    outer loop
      vertex 34.9251 2.28911 2.5
      vertex 34.1696 0.872688 2.5
      vertex 34.2253 0.827024 2.5
    endloop
  endfacet
  facet normal 0 0 1
    outer loop
      vertex 34.9251 2.28911 2.5
      vertex 34.1111 0.914616 2.5
      vertex 34.1696 0.872688 2.5
    endloop
  endfacet
  facet normal 0 0 1
    outer loop
      vertex 34.9251 2.28911 2.5
      vertex 34.05 0.952627 2.5
      vertex 34.1111 0.914616 2.5
    endloop
  endfacet
  facet normal 0 0 1
    outer loop
      vertex 34.9251 2.28911 2.5
      vertex 33.9865 0.98656 2.5
      vertex 34.05 0.952627 2.5
    endloop
  endfacet
  facet normal 0 0 1
    outer loop
      vertex 34.9251 2.28911 2.5
      vertex 33.921 1.01627 2.5
      vertex 33.9865 0.98656 2.5
    endloop
  endfacet
  facet normal 0 0 1
    outer loop
      vertex 34.9251 2.28911 2.5
      vertex 33.8536 1.04162 2.5
      vertex 33.921 1.01627 2.5
    endloop
  endfacet
  facet normal 0 0 1
    outer loop
      vertex 31.0818 4.092 2.5
      vertex 34.3275 6.82816 2.5
      vertex 33.8074 9.05867 2.5
    endloop
  endfacet
  facet normal 0 -0 1
    outer loop
      vertex 31.2829 2.05039 2.5
      vertex 34.7006 4.56842 2.5
      vertex 31.0818 4.092 2.5
    endloop
  endfacet
  facet normal 0 0 1
    outer loop
      vertex 34.9251 2.28911 2.5
      vertex 33.7847 1.06252 2.5
      vertex 33.8536 1.04162 2.5
    endloop
  endfacet
  facet normal 0 0 1
    outer loop
      vertex 34.9251 2.28911 2.5
      vertex 33.7146 1.07886 2.5
      vertex 33.7847 1.06252 2.5
    endloop
  endfacet
  facet normal 0 0 1
    outer loop
      vertex 34.9251 2.28911 2.5
      vertex 33.6436 1.09059 2.5
      vertex 33.7146 1.07886 2.5
    endloop
  endfacet
  facet normal 0 0 1
    outer loop
      vertex 34.9251 2.28911 2.5
      vertex 33.5719 1.09764 2.5
      vertex 33.6436 1.09059 2.5
    endloop
  endfacet
  facet normal 0 0 1
    outer loop
      vertex 34.9251 2.28911 2.5
      vertex 33.5 1.1 2.5
      vertex 33.5719 1.09764 2.5
    endloop
  endfacet
  facet normal 0 0 1
    outer loop
      vertex 34.9251 2.28911 2.5
      vertex 33.4281 1.09764 2.5
      vertex 33.5 1.1 2.5
    endloop
  endfacet
  facet normal 0 0 1
    outer loop
      vertex 34.9251 2.28911 2.5
      vertex 33.3564 1.09059 2.5
      vertex 33.4281 1.09764 2.5
    endloop
  endfacet
  facet normal 0 0 1
    outer loop
      vertex 34.9251 2.28911 2.5
      vertex 31.2829 2.05039 2.5
      vertex 33.3564 1.09059 2.5
    endloop
  endfacet
  facet normal 0 0 1
    outer loop
      vertex 33.3564 1.09059 2.5
      vertex 31.2829 2.05039 2.5
      vertex 33.2854 1.07886 2.5
    endloop
  endfacet
  facet normal 0 0 1
    outer loop
      vertex 31.0818 4.092 2.5
      vertex 33.8074 9.05867 2.5
      vertex 33.1426 11.2504 2.5
    endloop
  endfacet
  facet normal 0 0 1
    outer loop
      vertex 33.2854 1.07886 2.5
      vertex 31.2829 2.05039 2.5
      vertex 33.2153 1.06252 2.5
    endloop
  endfacet
  facet normal 0 0 1
    outer loop
      vertex 33.2153 1.06252 2.5
      vertex 31.2829 2.05039 2.5
      vertex 33.1464 1.04162 2.5
    endloop
  endfacet
  facet normal 0 0 1
    outer loop
      vertex 33.1464 1.04162 2.5
      vertex 31.2829 2.05039 2.5
      vertex 33.079 1.01627 2.5
    endloop
  endfacet
  facet normal 0 0 1
    outer loop
      vertex 33.079 1.01627 2.5
      vertex 31.2829 2.05039 2.5
      vertex 33.0135 0.98656 2.5
    endloop
  endfacet
  facet normal 0 0 1
    outer loop
      vertex 33.0135 0.98656 2.5
      vertex 31.2829 2.05039 2.5
      vertex 32.95 0.952627 2.5
    endloop
  endfacet
  facet normal 0 0 1
    outer loop
      vertex 32.95 0.952627 2.5
      vertex 31.2829 2.05039 2.5
      vertex 32.8889 0.914616 2.5
    endloop
  endfacet
  facet normal 0 0 1
    outer loop
      vertex 32.8889 0.914616 2.5
      vertex 31.2829 2.05039 2.5
      vertex 32.8304 0.872688 2.5
    endloop
  endfacet
  facet normal 0 0 1
    outer loop
      vertex 32.8304 0.872688 2.5
      vertex 31.2829 2.05039 2.5
      vertex 32.7747 0.827024 2.5
    endloop
  endfacet
  facet normal 0 0 1
    outer loop
      vertex 32.7747 0.827024 2.5
      vertex 31.2829 2.05039 2.5
      vertex 32.7222 0.777817 2.5
    endloop
  endfacet
  facet normal 0 0 1
    outer loop
      vertex 32.7222 0.777817 2.5
      vertex 31.2829 2.05039 2.5
      vertex 32.673 0.72528 2.5
    endloop
  endfacet
  facet normal 0 0 1
    outer loop
      vertex 32.673 0.72528 2.5
      vertex 31.2829 2.05039 2.5
      vertex 32.6273 0.669637 2.5
    endloop
  endfacet
  facet normal 0 0 1
    outer loop
      vertex 32.6273 0.669637 2.5
      vertex 31.2829 2.05039 2.5
      vertex 32.5854 0.611127 2.5
    endloop
  endfacet
  facet normal 0 0 1
    outer loop
      vertex 32.5854 0.611127 2.5
      vertex 31.2829 2.05039 2.5
      vertex 32.5474 0.549999 2.5
    endloop
  endfacet
  facet normal 0 -0 1
    outer loop
      vertex 31.35 0 2.5
      vertex 32.5474 0.549999 2.5
      vertex 31.2829 2.05039 2.5
    endloop
  endfacet
  facet normal 0 0 1
    outer loop
      vertex 32.5474 0.549999 2.5
      vertex 31.35 0 2.5
      vertex 32.5134 0.486517 2.5
    endloop
  endfacet
  facet normal 0 0 1
    outer loop
      vertex 32.5134 0.486517 2.5
      vertex 31.35 0 2.5
      vertex 32.4837 0.420951 2.5
    endloop
  endfacet
  facet normal 0 0 1
    outer loop
      vertex 32.4837 0.420951 2.5
      vertex 31.35 0 2.5
      vertex 32.4584 0.353583 2.5
    endloop
  endfacet
  facet normal 0 0 1
    outer loop
      vertex 32.4584 0.353583 2.5
      vertex 31.35 0 2.5
      vertex 32.4375 0.2847 2.5
    endloop
  endfacet
  facet normal 0 0 1
    outer loop
      vertex 32.4375 0.2847 2.5
      vertex 31.35 0 2.5
      vertex 32.4211 0.214599 2.5
    endloop
  endfacet
  facet normal 0 0 1
    outer loop
      vertex 31.0818 4.092 2.5
      vertex 33.1426 11.2504 2.5
      vertex 32.3358 13.3939 2.5
    endloop
  endfacet
  facet normal 0 0 1
    outer loop
      vertex 34.5789 -0.214599 2.5
      vertex 35 0 2.5
      vertex 34.5906 -0.143579 2.5
    endloop
  endfacet
  facet normal 0 0 1
    outer loop
      vertex 34.5625 -0.2847 2.5
      vertex 35 0 2.5
      vertex 34.5789 -0.214599 2.5
    endloop
  endfacet
  facet normal 0 0 1
    outer loop
      vertex 34.5416 -0.353583 2.5
      vertex 35 0 2.5
      vertex 34.5625 -0.2847 2.5
    endloop
  endfacet
  facet normal 0 0 1
    outer loop
      vertex 34.5163 -0.420951 2.5
      vertex 35 0 2.5
      vertex 34.5416 -0.353583 2.5
    endloop
  endfacet
  facet normal 0 0 1
    outer loop
      vertex 34.4866 -0.486517 2.5
      vertex 35 0 2.5
      vertex 34.5163 -0.420951 2.5
    endloop
  endfacet
  facet normal 0 0 1
    outer loop
      vertex 34.4526 -0.549999 2.5
      vertex 35 0 2.5
      vertex 34.4866 -0.486517 2.5
    endloop
  endfacet
  facet normal 0 0 1
    outer loop
      vertex 35 0 2.5
      vertex 34.4526 -0.549999 2.5
      vertex 34.9251 -2.28911 2.5
    endloop
  endfacet
  facet normal -0 0 1
    outer loop
      vertex 34.4146 -0.611127 2.5
      vertex 34.9251 -2.28911 2.5
      vertex 34.4526 -0.549999 2.5
    endloop
  endfacet
  facet normal -0 0 1
    outer loop
      vertex 34.3727 -0.669637 2.5
      vertex 34.9251 -2.28911 2.5
      vertex 34.4146 -0.611127 2.5
    endloop
  endfacet
  facet normal -0 0 1
    outer loop
      vertex 34.327 -0.72528 2.5
      vertex 34.9251 -2.28911 2.5
      vertex 34.3727 -0.669637 2.5
    endloop
  endfacet
  facet normal -0 0 1
    outer loop
      vertex 34.2778 -0.777817 2.5
      vertex 34.9251 -2.28911 2.5
      vertex 34.327 -0.72528 2.5
    endloop
  endfacet
  facet normal -0 0 1
    outer loop
      vertex 34.2253 -0.827024 2.5
      vertex 34.9251 -2.28911 2.5
      vertex 34.2778 -0.777817 2.5
    endloop
  endfacet
  facet normal -0 0 1
    outer loop
      vertex 34.1696 -0.872688 2.5
      vertex 34.9251 -2.28911 2.5
      vertex 34.2253 -0.827024 2.5
    endloop
  endfacet
  facet normal -0 0 1
    outer loop
      vertex 34.1111 -0.914616 2.5
      vertex 34.9251 -2.28911 2.5
      vertex 34.1696 -0.872688 2.5
    endloop
  endfacet
  facet normal -0 0 1
    outer loop
      vertex 34.05 -0.952627 2.5
      vertex 34.9251 -2.28911 2.5
      vertex 34.1111 -0.914616 2.5
    endloop
  endfacet
  facet normal -0 0 1
    outer loop
      vertex 33.9865 -0.98656 2.5
      vertex 34.9251 -2.28911 2.5
      vertex 34.05 -0.952627 2.5
    endloop
  endfacet
  facet normal -0 0 1
    outer loop
      vertex 33.921 -1.01627 2.5
      vertex 34.9251 -2.28911 2.5
      vertex 33.9865 -0.98656 2.5
    endloop
  endfacet
  facet normal -0 0 1
    outer loop
      vertex 33.8536 -1.04162 2.5
      vertex 34.9251 -2.28911 2.5
      vertex 33.921 -1.01627 2.5
    endloop
  endfacet
  facet normal -0 0 1
    outer loop
      vertex 33.7847 -1.06252 2.5
      vertex 34.9251 -2.28911 2.5
      vertex 33.8536 -1.04162 2.5
    endloop
  endfacet
  facet normal -0 0 1
    outer loop
      vertex 33.7146 -1.07886 2.5
      vertex 34.9251 -2.28911 2.5
      vertex 33.7847 -1.06252 2.5
    endloop
  endfacet
  facet normal -0 0 1
    outer loop
      vertex 33.6436 -1.09059 2.5
      vertex 34.9251 -2.28911 2.5
      vertex 33.7146 -1.07886 2.5
    endloop
  endfacet
  facet normal -0 0 1
    outer loop
      vertex 33.5719 -1.09764 2.5
      vertex 34.9251 -2.28911 2.5
      vertex 33.6436 -1.09059 2.5
    endloop
  endfacet
  facet normal -0 0 1
    outer loop
      vertex 33.5 -1.1 2.5
      vertex 34.9251 -2.28911 2.5
      vertex 33.5719 -1.09764 2.5
    endloop
  endfacet
  facet normal 0 0 1
    outer loop
      vertex 33.4281 -1.09764 2.5
      vertex 34.9251 -2.28911 2.5
      vertex 33.5 -1.1 2.5
    endloop
  endfacet
  facet normal 0 0 1
    outer loop
      vertex 33.3564 -1.09059 2.5
      vertex 34.9251 -2.28911 2.5
      vertex 33.4281 -1.09764 2.5
    endloop
  endfacet
  facet normal -0 0 1
    outer loop
      vertex 31.2829 -2.05039 2.5
      vertex 34.9251 -2.28911 2.5
      vertex 33.3564 -1.09059 2.5
    endloop
  endfacet
  facet normal 0 0 1
    outer loop
      vertex 31.2829 -2.05039 2.5
      vertex 33.3564 -1.09059 2.5
      vertex 33.2854 -1.07886 2.5
    endloop
  endfacet
  facet normal 0 0 1
    outer loop
      vertex 31.2829 -2.05039 2.5
      vertex 33.2854 -1.07886 2.5
      vertex 33.2153 -1.06252 2.5
    endloop
  endfacet
  facet normal 0 0 1
    outer loop
      vertex 31.2829 -2.05039 2.5
      vertex 33.2153 -1.06252 2.5
      vertex 33.1464 -1.04162 2.5
    endloop
  endfacet
  facet normal 0 0 1
    outer loop
      vertex 31.2829 -2.05039 2.5
      vertex 33.1464 -1.04162 2.5
      vertex 33.079 -1.01627 2.5
    endloop
  endfacet
  facet normal 0 0 1
    outer loop
      vertex 31.2829 -2.05039 2.5
      vertex 33.079 -1.01627 2.5
      vertex 33.0135 -0.98656 2.5
    endloop
  endfacet
  facet normal 0 0 1
    outer loop
      vertex 31.2829 -2.05039 2.5
      vertex 33.0135 -0.98656 2.5
      vertex 32.95 -0.952627 2.5
    endloop
  endfacet
  facet normal 0 0 1
    outer loop
      vertex 31.2829 -2.05039 2.5
      vertex 32.95 -0.952627 2.5
      vertex 32.8889 -0.914616 2.5
    endloop
  endfacet
  facet normal 0 0 1
    outer loop
      vertex 31.2829 -2.05039 2.5
      vertex 32.8889 -0.914616 2.5
      vertex 32.8304 -0.872688 2.5
    endloop
  endfacet
  facet normal 0 0 1
    outer loop
      vertex 34.9251 -2.28911 2.5
      vertex 31.2829 -2.05039 2.5
      vertex 34.7006 -4.56842 2.5
    endloop
  endfacet
  facet normal 0 0 1
    outer loop
      vertex 32.7747 -0.827024 2.5
      vertex 31.2829 -2.05039 2.5
      vertex 32.8304 -0.872688 2.5
    endloop
  endfacet
  facet normal -0 0 1
    outer loop
      vertex 31.0818 -4.092 2.5
      vertex 34.7006 -4.56842 2.5
      vertex 31.2829 -2.05039 2.5
    endloop
  endfacet
  facet normal 0 0 1
    outer loop
      vertex 32.7222 -0.777817 2.5
      vertex 31.2829 -2.05039 2.5
      vertex 32.7747 -0.827024 2.5
    endloop
  endfacet
  facet normal 0 0 1
    outer loop
      vertex 32.673 -0.72528 2.5
      vertex 31.2829 -2.05039 2.5
      vertex 32.7222 -0.777817 2.5
    endloop
  endfacet
  facet normal 0 0 1
    outer loop
      vertex 32.6273 -0.669637 2.5
      vertex 31.2829 -2.05039 2.5
      vertex 32.673 -0.72528 2.5
    endloop
  endfacet
  facet normal 0 0 1
    outer loop
      vertex 32.5854 -0.611127 2.5
      vertex 31.2829 -2.05039 2.5
      vertex 32.6273 -0.669637 2.5
    endloop
  endfacet
  facet normal 0 0 1
    outer loop
      vertex 32.5474 -0.549999 2.5
      vertex 31.2829 -2.05039 2.5
      vertex 32.5854 -0.611127 2.5
    endloop
  endfacet
  facet normal 0 0 1
    outer loop
      vertex 31.2829 -2.05039 2.5
      vertex 32.5474 -0.549999 2.5
      vertex 31.35 0 2.5
    endloop
  endfacet
  facet normal 0 0 1
    outer loop
      vertex 31.35 0 2.5
      vertex 32.5474 -0.549999 2.5
      vertex 32.5134 -0.486517 2.5
    endloop
  endfacet
  facet normal 0 0 1
    outer loop
      vertex 31.35 0 2.5
      vertex 32.5134 -0.486517 2.5
      vertex 32.4837 -0.420951 2.5
    endloop
  endfacet
  facet normal 0 0 1
    outer loop
      vertex 31.35 0 2.5
      vertex 32.4837 -0.420951 2.5
      vertex 32.4584 -0.353583 2.5
    endloop
  endfacet
  facet normal 0 0 1
    outer loop
      vertex 31.35 0 2.5
      vertex 32.4584 -0.353583 2.5
      vertex 32.4375 -0.2847 2.5
    endloop
  endfacet
  facet normal 0 0 1
    outer loop
      vertex 31.35 0 2.5
      vertex 32.4375 -0.2847 2.5
      vertex 32.4211 -0.214599 2.5
    endloop
  endfacet
  facet normal 0 0 1
    outer loop
      vertex 31.35 0 2.5
      vertex 32.4211 -0.214599 2.5
      vertex 32.4094 -0.143579 2.5
    endloop
  endfacet
  facet normal 0 0 1
    outer loop
      vertex 31.35 0 2.5
      vertex 32.4094 -0.143579 2.5
      vertex 32.4024 -0.0719433 2.5
    endloop
  endfacet
  facet normal 0 0 1
    outer loop
      vertex 34.7006 -4.56842 2.5
      vertex 31.0818 -4.092 2.5
      vertex 34.3275 -6.82816 2.5
    endloop
  endfacet
  facet normal -0 0 1
    outer loop
      vertex 31.35 0 2.5
      vertex 32.4024 -0.0719433 2.5
      vertex 32.4 0 2.5
    endloop
  endfacet
  facet normal 0 0 1
    outer loop
      vertex 32.4211 0.214599 2.5
      vertex 31.35 0 2.5
      vertex 32.4094 0.143579 2.5
    endloop
  endfacet
  facet normal 0 0 1
    outer loop
      vertex 28.9636 11.9971 2.5
      vertex 32.3358 13.3939 2.5
      vertex 31.3905 15.4801 2.5
    endloop
  endfacet
  facet normal -0 0 1
    outer loop
      vertex 30.7476 -6.11608 2.5
      vertex 34.3275 -6.82816 2.5
      vertex 31.0818 -4.092 2.5
    endloop
  endfacet
  facet normal 0 0 1
    outer loop
      vertex 34.3275 -6.82816 2.5
      vertex 30.7476 -6.11608 2.5
      vertex 33.8074 -9.05867 2.5
    endloop
  endfacet
  facet normal 0 0 1
    outer loop
      vertex 32.4024 0.0719433 2.5
      vertex 31.35 0 2.5
      vertex 32.4 0 2.5
    endloop
  endfacet
  facet normal 0 0 1
    outer loop
      vertex 32.4094 0.143579 2.5
      vertex 31.35 0 2.5
      vertex 32.4024 0.0719433 2.5
    endloop
  endfacet
  facet normal 0 0 1
    outer loop
      vertex 32.3358 13.3939 2.5
      vertex 30.7476 6.11608 2.5
      vertex 31.0818 4.092 2.5
    endloop
  endfacet
  facet normal 0 0 1
    outer loop
      vertex 28.117 13.8658 2.5
      vertex 31.3905 15.4801 2.5
      vertex 30.3109 17.5 2.5
    endloop
  endfacet
  facet normal 0 0 1
    outer loop
      vertex 32.3358 13.3939 2.5
      vertex 30.2818 8.11398 2.5
      vertex 30.7476 6.11608 2.5
    endloop
  endfacet
  facet normal 0 0 1
    outer loop
      vertex 32.3358 13.3939 2.5
      vertex 29.6863 10.0771 2.5
      vertex 30.2818 8.11398 2.5
    endloop
  endfacet
  facet normal 0 0 1
    outer loop
      vertex 27.1499 15.675 2.5
      vertex 30.3109 17.5 2.5
      vertex 29.1014 19.445 2.5
    endloop
  endfacet
  facet normal 0 0 1
    outer loop
      vertex 32.3358 13.3939 2.5
      vertex 28.9636 11.9971 2.5
      vertex 29.6863 10.0771 2.5
    endloop
  endfacet
  facet normal 0 0 1
    outer loop
      vertex 31.3905 15.4801 2.5
      vertex 28.117 13.8658 2.5
      vertex 28.9636 11.9971 2.5
    endloop
  endfacet
  facet normal 0 0 1
    outer loop
      vertex 26.0666 17.4171 2.5
      vertex 29.1014 19.445 2.5
      vertex 27.7674 21.3066 2.5
    endloop
  endfacet
  facet normal 0 0 1
    outer loop
      vertex 30.3109 17.5 2.5
      vertex 27.1499 15.675 2.5
      vertex 28.117 13.8658 2.5
    endloop
  endfacet
  facet normal 0 0 1
    outer loop
      vertex 24.8716 19.0847 2.5
      vertex 27.7674 21.3066 2.5
      vertex 26.3144 23.0771 2.5
    endloop
  endfacet
  facet normal 0 0 1
    outer loop
      vertex 29.1014 19.445 2.5
      vertex 26.0666 17.4171 2.5
      vertex 27.1499 15.675 2.5
    endloop
  endfacet
  facet normal 0 0 1
    outer loop
      vertex 27.7674 21.3066 2.5
      vertex 24.8716 19.0847 2.5
      vertex 26.0666 17.4171 2.5
    endloop
  endfacet
  facet normal 0 0 1
    outer loop
      vertex 23.5702 20.6705 2.5
      vertex 26.3144 23.0771 2.5
      vertex 24.7487 24.7487 2.5
    endloop
  endfacet
  facet normal 0 0 1
    outer loop
      vertex 26.3144 23.0771 2.5
      vertex 23.5702 20.6705 2.5
      vertex 24.8716 19.0847 2.5
    endloop
  endfacet
  facet normal 0 0 1
    outer loop
      vertex 22.1678 22.1678 2.5
      vertex 24.7487 24.7487 2.5
      vertex 23.0771 26.3144 2.5
    endloop
  endfacet
  facet normal 0 0 1
    outer loop
      vertex 24.7487 24.7487 2.5
      vertex 22.1678 22.1678 2.5
      vertex 23.5702 20.6705 2.5
    endloop
  endfacet
  facet normal 0 0 1
    outer loop
      vertex 20.6705 23.5702 2.5
      vertex 23.0771 26.3144 2.5
      vertex 21.3066 27.7674 2.5
    endloop
  endfacet
  facet normal 0 0 1
    outer loop
      vertex 23.0771 26.3144 2.5
      vertex 20.6705 23.5702 2.5
      vertex 22.1678 22.1678 2.5
    endloop
  endfacet
  facet normal 0 0 1
    outer loop
      vertex 19.0847 24.8716 2.5
      vertex 21.3066 27.7674 2.5
      vertex 19.445 29.1014 2.5
    endloop
  endfacet
  facet normal 0 0 1
    outer loop
      vertex 21.3066 27.7674 2.5
      vertex 19.0847 24.8716 2.5
      vertex 20.6705 23.5702 2.5
    endloop
  endfacet
  facet normal 0 0 1
    outer loop
      vertex 17.4171 26.0666 2.5
      vertex 19.445 29.1014 2.5
      vertex 17.5 30.3109 2.5
    endloop
  endfacet
  facet normal 0 0 1
    outer loop
      vertex 19.445 29.1014 2.5
      vertex 17.4171 26.0666 2.5
      vertex 19.0847 24.8716 2.5
    endloop
  endfacet
  facet normal 0 0 1
    outer loop
      vertex 17.5 30.3109 2.5
      vertex 15.675 27.1499 2.5
      vertex 17.4171 26.0666 2.5
    endloop
  endfacet
  facet normal 0 0 1
    outer loop
      vertex 15.4801 31.3905 2.5
      vertex 15.675 27.1499 2.5
      vertex 17.5 30.3109 2.5
    endloop
  endfacet
  facet normal 0 0 1
    outer loop
      vertex 15.4801 31.3905 2.5
      vertex 13.8658 28.117 2.5
      vertex 15.675 27.1499 2.5
    endloop
  endfacet
  facet normal 0 0 1
    outer loop
      vertex 13.3939 32.3358 2.5
      vertex 13.8658 28.117 2.5
      vertex 15.4801 31.3905 2.5
    endloop
  endfacet
  facet normal 0 0 1
    outer loop
      vertex 13.3939 32.3358 2.5
      vertex 11.9971 28.9636 2.5
      vertex 13.8658 28.117 2.5
    endloop
  endfacet
  facet normal 0 0 1
    outer loop
      vertex 11.2504 33.1426 2.5
      vertex 11.9971 28.9636 2.5
      vertex 13.3939 32.3358 2.5
    endloop
  endfacet
  facet normal 0 0 1
    outer loop
      vertex 11.2504 33.1426 2.5
      vertex 10.0771 29.6863 2.5
      vertex 11.9971 28.9636 2.5
    endloop
  endfacet
  facet normal 0 0 1
    outer loop
      vertex 9.05867 33.8074 2.5
      vertex 10.0771 29.6863 2.5
      vertex 11.2504 33.1426 2.5
    endloop
  endfacet
  facet normal 0 0 1
    outer loop
      vertex 9.05867 33.8074 2.5
      vertex 8.11398 30.2818 2.5
      vertex 10.0771 29.6863 2.5
    endloop
  endfacet
  facet normal 0 0 1
    outer loop
      vertex 6.82816 34.3275 2.5
      vertex 8.11398 30.2818 2.5
      vertex 9.05867 33.8074 2.5
    endloop
  endfacet
  facet normal 0 0 1
    outer loop
      vertex 6.82816 34.3275 2.5
      vertex 6.11608 30.7476 2.5
      vertex 8.11398 30.2818 2.5
    endloop
  endfacet
  facet normal 0 0 1
    outer loop
      vertex 4.56842 34.7006 2.5
      vertex 6.11608 30.7476 2.5
      vertex 6.82816 34.3275 2.5
    endloop
  endfacet
  facet normal 0 0 1
    outer loop
      vertex 4.56842 34.7006 2.5
      vertex 4.092 31.0818 2.5
      vertex 6.11608 30.7476 2.5
    endloop
  endfacet
  facet normal 0 0 1
    outer loop
      vertex 2.28911 34.9251 2.5
      vertex 4.092 31.0818 2.5
      vertex 4.56842 34.7006 2.5
    endloop
  endfacet
  facet normal 0 0 1
    outer loop
      vertex 2.28911 34.9251 2.5
      vertex 2.05039 31.2829 2.5
      vertex 4.092 31.0818 2.5
    endloop
  endfacet
  facet normal 0 0 1
    outer loop
      vertex 1.09764 33.4281 2.5
      vertex 2.28911 34.9251 2.5
      vertex 1.1 33.5 2.5
    endloop
  endfacet
  facet normal 0 0 1
    outer loop
      vertex 2.28911 34.9251 2.5
      vertex 1.09764 33.5719 2.5
      vertex 1.1 33.5 2.5
    endloop
  endfacet
  facet normal 0 0 1
    outer loop
      vertex 2.28911 34.9251 2.5
      vertex 1.09059 33.6436 2.5
      vertex 1.09764 33.5719 2.5
    endloop
  endfacet
  facet normal 0 0 1
    outer loop
      vertex 2.28911 34.9251 2.5
      vertex 1.07886 33.7146 2.5
      vertex 1.09059 33.6436 2.5
    endloop
  endfacet
  facet normal 0 0 1
    outer loop
      vertex 2.28911 34.9251 2.5
      vertex 1.06252 33.7847 2.5
      vertex 1.07886 33.7146 2.5
    endloop
  endfacet
  facet normal 0 0 1
    outer loop
      vertex 2.28911 34.9251 2.5
      vertex 1.04162 33.8536 2.5
      vertex 1.06252 33.7847 2.5
    endloop
  endfacet
  facet normal 0 0 1
    outer loop
      vertex 2.28911 34.9251 2.5
      vertex 1.01627 33.921 2.5
      vertex 1.04162 33.8536 2.5
    endloop
  endfacet
  facet normal 0 0 1
    outer loop
      vertex 2.28911 34.9251 2.5
      vertex 0.98656 33.9865 2.5
      vertex 1.01627 33.921 2.5
    endloop
  endfacet
  facet normal 0 0 1
    outer loop
      vertex 2.28911 34.9251 2.5
      vertex 0.952627 34.05 2.5
      vertex 0.98656 33.9865 2.5
    endloop
  endfacet
  facet normal 0 0 1
    outer loop
      vertex 2.28911 34.9251 2.5
      vertex 0.914616 34.1111 2.5
      vertex 0.952627 34.05 2.5
    endloop
  endfacet
  facet normal 0 0 1
    outer loop
      vertex 2.28911 34.9251 2.5
      vertex 0.872688 34.1696 2.5
      vertex 0.914616 34.1111 2.5
    endloop
  endfacet
  facet normal 0 0 1
    outer loop
      vertex 2.28911 34.9251 2.5
      vertex 0.827024 34.2253 2.5
      vertex 0.872688 34.1696 2.5
    endloop
  endfacet
  facet normal 0 0 1
    outer loop
      vertex 2.28911 34.9251 2.5
      vertex 0.777817 34.2778 2.5
      vertex 0.827024 34.2253 2.5
    endloop
  endfacet
  facet normal 0 0 1
    outer loop
      vertex 2.28911 34.9251 2.5
      vertex 0.72528 34.327 2.5
      vertex 0.777817 34.2778 2.5
    endloop
  endfacet
  facet normal 0 0 1
    outer loop
      vertex 2.28911 34.9251 2.5
      vertex 0.669637 34.3727 2.5
      vertex 0.72528 34.327 2.5
    endloop
  endfacet
  facet normal 0 0 1
    outer loop
      vertex 2.28911 34.9251 2.5
      vertex 0.611127 34.4146 2.5
      vertex 0.669637 34.3727 2.5
    endloop
  endfacet
  facet normal 0 0 1
    outer loop
      vertex 2.28911 34.9251 2.5
      vertex 0.549999 34.4526 2.5
      vertex 0.611127 34.4146 2.5
    endloop
  endfacet
  facet normal 0 0 1
    outer loop
      vertex 0 35 2.5
      vertex 0.549999 34.4526 2.5
      vertex 2.28911 34.9251 2.5
    endloop
  endfacet
  facet normal 0 0 1
    outer loop
      vertex 0.549999 34.4526 2.5
      vertex 0 35 2.5
      vertex 0.486517 34.4866 2.5
    endloop
  endfacet
  facet normal 0 0 1
    outer loop
      vertex 0.486517 34.4866 2.5
      vertex 0 35 2.5
      vertex 0.420951 34.5163 2.5
    endloop
  endfacet
  facet normal 0 0 1
    outer loop
      vertex 0.420951 34.5163 2.5
      vertex 0 35 2.5
      vertex 0.353583 34.5416 2.5
    endloop
  endfacet
  facet normal 0 0 1
    outer loop
      vertex 0.353583 34.5416 2.5
      vertex 0 35 2.5
      vertex 0.2847 34.5625 2.5
    endloop
  endfacet
  facet normal 0 0 1
    outer loop
      vertex 0.2847 34.5625 2.5
      vertex 0 35 2.5
      vertex 0.214599 34.5789 2.5
    endloop
  endfacet
  facet normal 0 0 1
    outer loop
      vertex 0.214599 34.5789 2.5
      vertex 0 35 2.5
      vertex 0.143579 34.5906 2.5
    endloop
  endfacet
  facet normal 0 0 1
    outer loop
      vertex 0.143579 34.5906 2.5
      vertex 0 35 2.5
      vertex 0.0719433 34.5976 2.5
    endloop
  endfacet
  facet normal 0 0 1
    outer loop
      vertex 0 35 2.5
      vertex 0 34.6 2.5
      vertex 0.0719433 34.5976 2.5
    endloop
  endfacet
  facet normal 0 0 1
    outer loop
      vertex 0 35 2.5
      vertex -0.0719433 34.5976 2.5
      vertex 0 34.6 2.5
    endloop
  endfacet
  facet normal 0 0 1
    outer loop
      vertex 0 35 2.5
      vertex -0.143579 34.5906 2.5
      vertex -0.0719433 34.5976 2.5
    endloop
  endfacet
  facet normal 0 0 1
    outer loop
      vertex 0 35 2.5
      vertex -0.214599 34.5789 2.5
      vertex -0.143579 34.5906 2.5
    endloop
  endfacet
  facet normal 0 0 1
    outer loop
      vertex 0 35 2.5
      vertex -0.2847 34.5625 2.5
      vertex -0.214599 34.5789 2.5
    endloop
  endfacet
  facet normal 0 0 1
    outer loop
      vertex 0 35 2.5
      vertex -0.353583 34.5416 2.5
      vertex -0.2847 34.5625 2.5
    endloop
  endfacet
  facet normal 0 0 1
    outer loop
      vertex 0 35 2.5
      vertex -0.420951 34.5163 2.5
      vertex -0.353583 34.5416 2.5
    endloop
  endfacet
  facet normal 0 0 1
    outer loop
      vertex 0 35 2.5
      vertex -0.486517 34.4866 2.5
      vertex -0.420951 34.5163 2.5
    endloop
  endfacet
  facet normal 0 0 1
    outer loop
      vertex 0 35 2.5
      vertex -0.549999 34.4526 2.5
      vertex -0.486517 34.4866 2.5
    endloop
  endfacet
  facet normal -0 0 1
    outer loop
      vertex -2.28911 34.9251 2.5
      vertex -0.549999 34.4526 2.5
      vertex 0 35 2.5
    endloop
  endfacet
  facet normal 0 0 1
    outer loop
      vertex -0.549999 34.4526 2.5
      vertex -2.28911 34.9251 2.5
      vertex -0.611127 34.4146 2.5
    endloop
  endfacet
  facet normal 0 0 1
    outer loop
      vertex -0.611127 34.4146 2.5
      vertex -2.28911 34.9251 2.5
      vertex -0.669637 34.3727 2.5
    endloop
  endfacet
  facet normal 0 0 1
    outer loop
      vertex -2.28911 34.9251 2.5
      vertex -1.1 33.5 2.5
      vertex -1.09764 33.5719 2.5
    endloop
  endfacet
  facet normal 0 0 1
    outer loop
      vertex -2.28911 34.9251 2.5
      vertex -1.09764 33.5719 2.5
      vertex -1.09059 33.6436 2.5
    endloop
  endfacet
  facet normal 0 0 1
    outer loop
      vertex -2.28911 34.9251 2.5
      vertex -1.09059 33.6436 2.5
      vertex -1.07886 33.7146 2.5
    endloop
  endfacet
  facet normal 0 0 1
    outer loop
      vertex -2.28911 34.9251 2.5
      vertex -1.07886 33.7146 2.5
      vertex -1.06252 33.7847 2.5
    endloop
  endfacet
  facet normal 0 0 1
    outer loop
      vertex -2.28911 34.9251 2.5
      vertex -1.06252 33.7847 2.5
      vertex -1.04162 33.8536 2.5
    endloop
  endfacet
  facet normal 0 0 1
    outer loop
      vertex -2.28911 34.9251 2.5
      vertex -1.04162 33.8536 2.5
      vertex -1.01627 33.921 2.5
    endloop
  endfacet
  facet normal 0 0 1
    outer loop
      vertex -0.669637 34.3727 2.5
      vertex -2.28911 34.9251 2.5
      vertex -0.72528 34.327 2.5
    endloop
  endfacet
  facet normal 0 0 1
    outer loop
      vertex -2.28911 34.9251 2.5
      vertex -0.777817 34.2778 2.5
      vertex -0.72528 34.327 2.5
    endloop
  endfacet
  facet normal 0 0 1
    outer loop
      vertex -2.28911 34.9251 2.5
      vertex -0.827024 34.2253 2.5
      vertex -0.777817 34.2778 2.5
    endloop
  endfacet
  facet normal 0 0 1
    outer loop
      vertex -2.28911 34.9251 2.5
      vertex -0.872688 34.1696 2.5
      vertex -0.827024 34.2253 2.5
    endloop
  endfacet
  facet normal 0 0 1
    outer loop
      vertex -2.28911 34.9251 2.5
      vertex -0.914616 34.1111 2.5
      vertex -0.872688 34.1696 2.5
    endloop
  endfacet
  facet normal 0 0 1
    outer loop
      vertex -2.28911 34.9251 2.5
      vertex -0.952627 34.05 2.5
      vertex -0.914616 34.1111 2.5
    endloop
  endfacet
  facet normal 0 0 1
    outer loop
      vertex -2.28911 34.9251 2.5
      vertex -0.98656 33.9865 2.5
      vertex -0.952627 34.05 2.5
    endloop
  endfacet
  facet normal 0 0 1
    outer loop
      vertex -2.28911 34.9251 2.5
      vertex -1.01627 33.921 2.5
      vertex -0.98656 33.9865 2.5
    endloop
  endfacet
  facet normal 0 0 1
    outer loop
      vertex -1.09059 33.3564 2.5
      vertex -2.28911 34.9251 2.5
      vertex -2.05039 31.2829 2.5
    endloop
  endfacet
  facet normal 0 0 1
    outer loop
      vertex -2.28911 34.9251 2.5
      vertex -4.092 31.0818 2.5
      vertex -2.05039 31.2829 2.5
    endloop
  endfacet
  facet normal -0 0 1
    outer loop
      vertex -4.56842 34.7006 2.5
      vertex -4.092 31.0818 2.5
      vertex -2.28911 34.9251 2.5
    endloop
  endfacet
  facet normal 0 0 1
    outer loop
      vertex -4.56842 34.7006 2.5
      vertex -6.11608 30.7476 2.5
      vertex -4.092 31.0818 2.5
    endloop
  endfacet
  facet normal -0 0 1
    outer loop
      vertex -6.82816 34.3275 2.5
      vertex -6.11608 30.7476 2.5
      vertex -4.56842 34.7006 2.5
    endloop
  endfacet
  facet normal 0 0 1
    outer loop
      vertex -6.82816 34.3275 2.5
      vertex -8.11398 30.2818 2.5
      vertex -6.11608 30.7476 2.5
    endloop
  endfacet
  facet normal -0 0 1
    outer loop
      vertex -9.05867 33.8074 2.5
      vertex -8.11398 30.2818 2.5
      vertex -6.82816 34.3275 2.5
    endloop
  endfacet
  facet normal 0 0 1
    outer loop
      vertex -9.05867 33.8074 2.5
      vertex -10.0771 29.6863 2.5
      vertex -8.11398 30.2818 2.5
    endloop
  endfacet
  facet normal -0 0 1
    outer loop
      vertex -11.2504 33.1426 2.5
      vertex -10.0771 29.6863 2.5
      vertex -9.05867 33.8074 2.5
    endloop
  endfacet
  facet normal 0 0 1
    outer loop
      vertex -11.2504 33.1426 2.5
      vertex -11.9971 28.9636 2.5
      vertex -10.0771 29.6863 2.5
    endloop
  endfacet
  facet normal -0 0 1
    outer loop
      vertex -13.3939 32.3358 2.5
      vertex -11.9971 28.9636 2.5
      vertex -11.2504 33.1426 2.5
    endloop
  endfacet
  facet normal 0 0 1
    outer loop
      vertex -13.3939 32.3358 2.5
      vertex -13.8658 28.117 2.5
      vertex -11.9971 28.9636 2.5
    endloop
  endfacet
  facet normal -0 0 1
    outer loop
      vertex -15.4801 31.3905 2.5
      vertex -13.8658 28.117 2.5
      vertex -13.3939 32.3358 2.5
    endloop
  endfacet
  facet normal 0 0 1
    outer loop
      vertex -15.4801 31.3905 2.5
      vertex -15.675 27.1499 2.5
      vertex -13.8658 28.117 2.5
    endloop
  endfacet
  facet normal -0 0 1
    outer loop
      vertex -17.5 30.3109 2.5
      vertex -15.675 27.1499 2.5
      vertex -15.4801 31.3905 2.5
    endloop
  endfacet
  facet normal 0 0 1
    outer loop
      vertex -15.675 27.1499 2.5
      vertex -17.5 30.3109 2.5
      vertex -17.4171 26.0666 2.5
    endloop
  endfacet
  facet normal -0 0 1
    outer loop
      vertex -19.445 29.1014 2.5
      vertex -17.4171 26.0666 2.5
      vertex -17.5 30.3109 2.5
    endloop
  endfacet
  facet normal 0 0 1
    outer loop
      vertex -17.4171 26.0666 2.5
      vertex -19.445 29.1014 2.5
      vertex -19.0847 24.8716 2.5
    endloop
  endfacet
  facet normal -0 0 1
    outer loop
      vertex -21.3066 27.7674 2.5
      vertex -19.0847 24.8716 2.5
      vertex -19.445 29.1014 2.5
    endloop
  endfacet
  facet normal 0 0 1
    outer loop
      vertex -19.0847 24.8716 2.5
      vertex -21.3066 27.7674 2.5
      vertex -20.6705 23.5702 2.5
    endloop
  endfacet
  facet normal -0 0 1
    outer loop
      vertex -23.0771 26.3144 2.5
      vertex -20.6705 23.5702 2.5
      vertex -21.3066 27.7674 2.5
    endloop
  endfacet
  facet normal 0 0 1
    outer loop
      vertex -20.6705 23.5702 2.5
      vertex -23.0771 26.3144 2.5
      vertex -22.1678 22.1678 2.5
    endloop
  endfacet
  facet normal -0 0 1
    outer loop
      vertex -24.7487 24.7487 2.5
      vertex -22.1678 22.1678 2.5
      vertex -23.0771 26.3144 2.5
    endloop
  endfacet
  facet normal 0 0 1
    outer loop
      vertex -22.1678 22.1678 2.5
      vertex -24.7487 24.7487 2.5
      vertex -23.5702 20.6705 2.5
    endloop
  endfacet
  facet normal -0 0 1
    outer loop
      vertex -26.3144 23.0771 2.5
      vertex -23.5702 20.6705 2.5
      vertex -24.7487 24.7487 2.5
    endloop
  endfacet
  facet normal 0 0 1
    outer loop
      vertex -23.5702 20.6705 2.5
      vertex -26.3144 23.0771 2.5
      vertex -24.8716 19.0847 2.5
    endloop
  endfacet
  facet normal -0 0 1
    outer loop
      vertex -27.7674 21.3066 2.5
      vertex -24.8716 19.0847 2.5
      vertex -26.3144 23.0771 2.5
    endloop
  endfacet
  facet normal 0 0 1
    outer loop
      vertex -24.8716 19.0847 2.5
      vertex -27.7674 21.3066 2.5
      vertex -26.0666 17.4171 2.5
    endloop
  endfacet
  facet normal -0 0 1
    outer loop
      vertex -29.1014 19.445 2.5
      vertex -26.0666 17.4171 2.5
      vertex -27.7674 21.3066 2.5
    endloop
  endfacet
  facet normal 0 0 1
    outer loop
      vertex -26.0666 17.4171 2.5
      vertex -29.1014 19.445 2.5
      vertex -27.1499 15.675 2.5
    endloop
  endfacet
  facet normal -0 0 1
    outer loop
      vertex -30.3109 17.5 2.5
      vertex -27.1499 15.675 2.5
      vertex -29.1014 19.445 2.5
    endloop
  endfacet
  facet normal 0 0 1
    outer loop
      vertex -27.1499 15.675 2.5
      vertex -30.3109 17.5 2.5
      vertex -28.117 13.8658 2.5
    endloop
  endfacet
  facet normal -0 0 1
    outer loop
      vertex -31.3905 15.4801 2.5
      vertex -28.117 13.8658 2.5
      vertex -30.3109 17.5 2.5
    endloop
  endfacet
  facet normal 0 0 1
    outer loop
      vertex -28.117 13.8658 2.5
      vertex -31.3905 15.4801 2.5
      vertex -28.9636 11.9971 2.5
    endloop
  endfacet
  facet normal -0 0 1
    outer loop
      vertex -32.3358 13.3939 2.5
      vertex -28.9636 11.9971 2.5
      vertex -31.3905 15.4801 2.5
    endloop
  endfacet
  facet normal 0 0 1
    outer loop
      vertex -28.9636 11.9971 2.5
      vertex -32.3358 13.3939 2.5
      vertex -29.6863 10.0771 2.5
    endloop
  endfacet
  facet normal -0 0 1
    outer loop
      vertex -33.1426 11.2504 2.5
      vertex -29.6863 10.0771 2.5
      vertex -32.3358 13.3939 2.5
    endloop
  endfacet
  facet normal 0 0 1
    outer loop
      vertex -29.6863 10.0771 2.5
      vertex -33.1426 11.2504 2.5
      vertex -30.2818 8.11398 2.5
    endloop
  endfacet
  facet normal 0 0 1
    outer loop
      vertex -30.2818 8.11398 2.5
      vertex -33.8074 9.05867 2.5
      vertex -30.7476 6.11608 2.5
    endloop
  endfacet
  facet normal -0 0 1
    outer loop
      vertex -33.8074 9.05867 2.5
      vertex -30.2818 8.11398 2.5
      vertex -33.1426 11.2504 2.5
    endloop
  endfacet
  facet normal -0.68361 -0.729848 0
    outer loop
      vertex -24.7487 -24.7487 0
      vertex -23.0771 -26.3144 2.5
      vertex -24.7487 -24.7487 2.5
    endloop
  endfacet
  facet normal -0.68361 -0.729848 -0
    outer loop
      vertex -23.0771 -26.3144 2.5
      vertex -24.7487 -24.7487 0
      vertex -23.0771 -26.3144 0
    endloop
  endfacet
  facet normal 0.986642 -0.162902 0
    outer loop
      vertex 34.3275 -6.82816 2.5
      vertex 34.7006 -4.56842 0
      vertex 34.7006 -4.56842 2.5
    endloop
  endfacet
  facet normal 0.986642 -0.162902 0
    outer loop
      vertex 34.7006 -4.56842 0
      vertex 34.3275 -6.82816 2.5
      vertex 34.3275 -6.82816 0
    endloop
  endfacet
  facet normal 0.9359 -0.352267 0
    outer loop
      vertex 32.3358 -13.3939 2.5
      vertex 33.1426 -11.2504 0
      vertex 33.1426 -11.2504 2.5
    endloop
  endfacet
  facet normal 0.9359 -0.352267 0
    outer loop
      vertex 33.1426 -11.2504 0
      vertex 32.3358 -13.3939 2.5
      vertex 32.3358 -13.3939 0
    endloop
  endfacet
  facet normal 0.973875 0.227084 0
    outer loop
      vertex 34.3275 6.82816 2.5
      vertex 33.8074 9.05867 0
      vertex 33.8074 9.05867 2.5
    endloop
  endfacet
  facet normal 0.973875 0.227084 0
    outer loop
      vertex 33.8074 9.05867 0
      vertex 34.3275 6.82816 2.5
      vertex 34.3275 6.82816 0
    endloop
  endfacet
  facet normal 0.773013 -0.63439 0
    outer loop
      vertex 26.3144 -23.0771 2.5
      vertex 27.7674 -21.3066 0
      vertex 27.7674 -21.3066 2.5
    endloop
  endfacet
  facet normal 0.773013 -0.63439 0
    outer loop
      vertex 27.7674 -21.3066 0
      vertex 26.3144 -23.0771 2.5
      vertex 26.3144 -23.0771 0
    endloop
  endfacet
  facet normal 0.582477 0.812847 -0
    outer loop
      vertex 21.3066 27.7674 0
      vertex 19.445 29.1014 2.5
      vertex 21.3066 27.7674 2.5
    endloop
  endfacet
  facet normal 0.582477 0.812847 0
    outer loop
      vertex 19.445 29.1014 2.5
      vertex 21.3066 27.7674 0
      vertex 19.445 29.1014 0
    endloop
  endfacet
  facet normal -0.22707 -0.973878 0
    outer loop
      vertex -9.05867 -33.8074 0
      vertex -7 -34.2874 2.5
      vertex -9.05867 -33.8074 2.5
    endloop
  endfacet
  facet normal -0.22707 -0.973878 -0
    outer loop
      vertex -7 -34.2874 2.5
      vertex -9.05867 -33.8074 0
      vertex -7 -34.2874 0
    endloop
  endfacet
  facet normal -0.986642 0.162902 0
    outer loop
      vertex -34.7006 4.56842 0
      vertex -34.3275 6.82816 2.5
      vertex -34.3275 6.82816 0
    endloop
  endfacet
  facet normal -0.986642 0.162902 0
    outer loop
      vertex -34.3275 6.82816 2.5
      vertex -34.7006 4.56842 0
      vertex -34.7006 4.56842 2.5
    endloop
  endfacet
  facet normal 0.729848 0.68361 0
    outer loop
      vertex 26.3144 23.0771 2.5
      vertex 24.7487 24.7487 0
      vertex 24.7487 24.7487 2.5
    endloop
  endfacet
  facet normal 0.729848 0.68361 0
    outer loop
      vertex 24.7487 24.7487 0
      vertex 26.3144 23.0771 2.5
      vertex 26.3144 23.0771 0
    endloop
  endfacet
  facet normal 0.412727 0.910855 -0
    outer loop
      vertex 15.4801 31.3905 0
      vertex 13.3939 32.3358 2.5
      vertex 15.4801 31.3905 2.5
    endloop
  endfacet
  facet normal 0.412727 0.910855 0
    outer loop
      vertex 13.3939 32.3358 2.5
      vertex 15.4801 31.3905 0
      vertex 13.3939 32.3358 0
    endloop
  endfacet
  facet normal -0.9359 0.352267 0
    outer loop
      vertex -33.1426 11.2504 0
      vertex -32.3358 13.3939 2.5
      vertex -32.3358 13.3939 0
    endloop
  endfacet
  facet normal -0.9359 0.352267 0
    outer loop
      vertex -32.3358 13.3939 2.5
      vertex -33.1426 11.2504 0
      vertex -33.1426 11.2504 2.5
    endloop
  endfacet
  facet normal 0.0980204 0.995184 -0
    outer loop
      vertex 4.56842 34.7006 0
      vertex 2.28911 34.9251 2.5
      vertex 4.56842 34.7006 2.5
    endloop
  endfacet
  facet normal 0.0980204 0.995184 0
    outer loop
      vertex 2.28911 34.9251 2.5
      vertex 4.56842 34.7006 0
      vertex 2.28911 34.9251 0
    endloop
  endfacet
  facet normal -0.881932 -0.471377 0
    outer loop
      vertex -30.3109 -17.5 0
      vertex -31.3905 -15.4801 2.5
      vertex -31.3905 -15.4801 0
    endloop
  endfacet
  facet normal -0.881932 -0.471377 0
    outer loop
      vertex -31.3905 -15.4801 2.5
      vertex -30.3109 -17.5 0
      vertex -30.3109 -17.5 2.5
    endloop
  endfacet
  facet normal -0.995184 0.0980204 0
    outer loop
      vertex -34.9251 2.28911 0
      vertex -34.7006 4.56842 2.5
      vertex -34.7006 4.56842 0
    endloop
  endfacet
  facet normal -0.995184 0.0980204 0
    outer loop
      vertex -34.7006 4.56842 2.5
      vertex -34.9251 2.28911 0
      vertex -34.9251 2.28911 2.5
    endloop
  endfacet
  facet normal -0.910855 -0.412727 0
    outer loop
      vertex -31.3905 -15.4801 0
      vertex -32.3358 -13.3939 2.5
      vertex -32.3358 -13.3939 0
    endloop
  endfacet
  facet normal -0.910855 -0.412727 0
    outer loop
      vertex -32.3358 -13.3939 2.5
      vertex -31.3905 -15.4801 0
      vertex -31.3905 -15.4801 2.5
    endloop
  endfacet
  facet normal 0.956947 -0.290263 0
    outer loop
      vertex 33.1426 -11.2504 2.5
      vertex 33.8074 -9.05867 0
      vertex 33.8074 -9.05867 2.5
    endloop
  endfacet
  facet normal 0.956947 -0.290263 0
    outer loop
      vertex 33.8074 -9.05867 0
      vertex 33.1426 -11.2504 2.5
      vertex 33.1426 -11.2504 0
    endloop
  endfacet
  facet normal 0.22707 -0.973878 0
    outer loop
      vertex 7 -34.2874 0
      vertex 9.05867 -33.8074 2.5
      vertex 7 -34.2874 2.5
    endloop
  endfacet
  facet normal 0.22707 -0.973878 0
    outer loop
      vertex 9.05867 -33.8074 2.5
      vertex 7 -34.2874 0
      vertex 9.05867 -33.8074 0
    endloop
  endfacet
  facet normal -0.528075 0.849198 0
    outer loop
      vertex -17.5 30.3109 0
      vertex -19.445 29.1014 2.5
      vertex -17.5 30.3109 2.5
    endloop
  endfacet
  facet normal -0.528075 0.849198 0
    outer loop
      vertex -19.445 29.1014 2.5
      vertex -17.5 30.3109 0
      vertex -19.445 29.1014 0
    endloop
  endfacet
  facet normal -0.773013 0.63439 0
    outer loop
      vertex -27.7674 21.3066 0
      vertex -26.3144 23.0771 2.5
      vertex -26.3144 23.0771 0
    endloop
  endfacet
  facet normal -0.773013 0.63439 0
    outer loop
      vertex -26.3144 23.0771 2.5
      vertex -27.7674 21.3066 0
      vertex -27.7674 21.3066 2.5
    endloop
  endfacet
  facet normal -0.773013 -0.63439 0
    outer loop
      vertex -26.3144 -23.0771 0
      vertex -27.7674 -21.3066 2.5
      vertex -27.7674 -21.3066 0
    endloop
  endfacet
  facet normal -0.773013 -0.63439 0
    outer loop
      vertex -27.7674 -21.3066 2.5
      vertex -26.3144 -23.0771 0
      vertex -26.3144 -23.0771 2.5
    endloop
  endfacet
  facet normal -0.290263 0.956947 0
    outer loop
      vertex -9.05867 33.8074 0
      vertex -11.2504 33.1426 2.5
      vertex -9.05867 33.8074 2.5
    endloop
  endfacet
  facet normal -0.290263 0.956947 0
    outer loop
      vertex -11.2504 33.1426 2.5
      vertex -9.05867 33.8074 0
      vertex -11.2504 33.1426 0
    endloop
  endfacet
  facet normal 0.290263 0.956947 -0
    outer loop
      vertex 11.2504 33.1426 0
      vertex 9.05867 33.8074 2.5
      vertex 11.2504 33.1426 2.5
    endloop
  endfacet
  facet normal 0.290263 0.956947 0
    outer loop
      vertex 9.05867 33.8074 2.5
      vertex 11.2504 33.1426 0
      vertex 9.05867 33.8074 0
    endloop
  endfacet
  facet normal 0.582477 -0.812847 0
    outer loop
      vertex 19.445 -29.1014 0
      vertex 21.3066 -27.7674 2.5
      vertex 19.445 -29.1014 2.5
    endloop
  endfacet
  facet normal 0.582477 -0.812847 0
    outer loop
      vertex 21.3066 -27.7674 2.5
      vertex 19.445 -29.1014 0
      vertex 21.3066 -27.7674 0
    endloop
  endfacet
  facet normal -0.63439 -0.773013 0
    outer loop
      vertex -23.0771 -26.3144 0
      vertex -21.3066 -27.7674 2.5
      vertex -23.0771 -26.3144 2.5
    endloop
  endfacet
  facet normal -0.63439 -0.773013 -0
    outer loop
      vertex -21.3066 -27.7674 2.5
      vertex -23.0771 -26.3144 0
      vertex -21.3066 -27.7674 0
    endloop
  endfacet
  facet normal 0.849198 0.528075 0
    outer loop
      vertex 30.3109 17.5 2.5
      vertex 29.1014 19.445 0
      vertex 29.1014 19.445 2.5
    endloop
  endfacet
  facet normal 0.849198 0.528075 0
    outer loop
      vertex 29.1014 19.445 0
      vertex 30.3109 17.5 2.5
      vertex 30.3109 17.5 0
    endloop
  endfacet
  facet normal 0.849198 -0.528075 0
    outer loop
      vertex 29.1014 -19.445 2.5
      vertex 30.3109 -17.5 0
      vertex 30.3109 -17.5 2.5
    endloop
  endfacet
  facet normal 0.849198 -0.528075 0
    outer loop
      vertex 30.3109 -17.5 0
      vertex 29.1014 -19.445 2.5
      vertex 29.1014 -19.445 0
    endloop
  endfacet
  facet normal -0.352267 -0.9359 0
    outer loop
      vertex -13.3939 -32.3358 0
      vertex -11.2504 -33.1426 2.5
      vertex -13.3939 -32.3358 2.5
    endloop
  endfacet
  facet normal -0.352267 -0.9359 -0
    outer loop
      vertex -11.2504 -33.1426 2.5
      vertex -13.3939 -32.3358 0
      vertex -11.2504 -33.1426 0
    endloop
  endfacet
  facet normal -0.162902 0.986642 0
    outer loop
      vertex -4.56842 34.7006 0
      vertex -6.82816 34.3275 2.5
      vertex -4.56842 34.7006 2.5
    endloop
  endfacet
  facet normal -0.162902 0.986642 0
    outer loop
      vertex -6.82816 34.3275 2.5
      vertex -4.56842 34.7006 0
      vertex -6.82816 34.3275 0
    endloop
  endfacet
  facet normal 0.0327026 0.999465 -0
    outer loop
      vertex 2.28911 34.9251 0
      vertex 0 35 2.5
      vertex 2.28911 34.9251 2.5
    endloop
  endfacet
  facet normal 0.0327026 0.999465 0
    outer loop
      vertex 0 35 2.5
      vertex 2.28911 34.9251 0
      vertex 0 35 0
    endloop
  endfacet
  facet normal -0.956947 0.290263 0
    outer loop
      vertex -33.8074 9.05867 0
      vertex -33.1426 11.2504 2.5
      vertex -33.1426 11.2504 0
    endloop
  endfacet
  facet normal -0.956947 0.290263 0
    outer loop
      vertex -33.1426 11.2504 2.5
      vertex -33.8074 9.05867 0
      vertex -33.8074 9.05867 2.5
    endloop
  endfacet
  facet normal -0.412727 -0.910855 0
    outer loop
      vertex -15.4801 -31.3905 0
      vertex -13.3939 -32.3358 2.5
      vertex -15.4801 -31.3905 2.5
    endloop
  endfacet
  facet normal -0.412727 -0.910855 -0
    outer loop
      vertex -13.3939 -32.3358 2.5
      vertex -15.4801 -31.3905 0
      vertex -13.3939 -32.3358 0
    endloop
  endfacet
  facet normal 0.881932 -0.471377 0
    outer loop
      vertex 30.3109 -17.5 2.5
      vertex 31.3905 -15.4801 0
      vertex 31.3905 -15.4801 2.5
    endloop
  endfacet
  facet normal 0.881932 -0.471377 0
    outer loop
      vertex 31.3905 -15.4801 0
      vertex 30.3109 -17.5 2.5
      vertex 30.3109 -17.5 0
    endloop
  endfacet
  facet normal -0.412727 0.910855 0
    outer loop
      vertex -13.3939 32.3358 0
      vertex -15.4801 31.3905 2.5
      vertex -13.3939 32.3358 2.5
    endloop
  endfacet
  facet normal -0.412727 0.910855 0
    outer loop
      vertex -15.4801 31.3905 2.5
      vertex -13.3939 32.3358 0
      vertex -15.4801 31.3905 0
    endloop
  endfacet
  facet normal 0.956947 0.290263 0
    outer loop
      vertex 33.8074 9.05867 2.5
      vertex 33.1426 11.2504 0
      vertex 33.1426 11.2504 2.5
    endloop
  endfacet
  facet normal 0.956947 0.290263 0
    outer loop
      vertex 33.1426 11.2504 0
      vertex 33.8074 9.05867 2.5
      vertex 33.8074 9.05867 0
    endloop
  endfacet
  facet normal 0.995184 -0.0980204 0
    outer loop
      vertex 34.7006 -4.56842 2.5
      vertex 34.9251 -2.28911 0
      vertex 34.9251 -2.28911 2.5
    endloop
  endfacet
  facet normal 0.995184 -0.0980204 0
    outer loop
      vertex 34.9251 -2.28911 0
      vertex 34.7006 -4.56842 2.5
      vertex 34.7006 -4.56842 0
    endloop
  endfacet
  facet normal -0.0327026 0.999465 0
    outer loop
      vertex 0 35 0
      vertex -2.28911 34.9251 2.5
      vertex 0 35 2.5
    endloop
  endfacet
  facet normal -0.0327026 0.999465 0
    outer loop
      vertex -2.28911 34.9251 2.5
      vertex 0 35 0
      vertex -2.28911 34.9251 0
    endloop
  endfacet
  facet normal -0.729848 -0.68361 0
    outer loop
      vertex -24.7487 -24.7487 0
      vertex -26.3144 -23.0771 2.5
      vertex -26.3144 -23.0771 0
    endloop
  endfacet
  facet normal -0.729848 -0.68361 0
    outer loop
      vertex -26.3144 -23.0771 2.5
      vertex -24.7487 -24.7487 0
      vertex -24.7487 -24.7487 2.5
    endloop
  endfacet
  facet normal -0.582477 0.812847 0
    outer loop
      vertex -19.445 29.1014 0
      vertex -21.3066 27.7674 2.5
      vertex -19.445 29.1014 2.5
    endloop
  endfacet
  facet normal -0.582477 0.812847 0
    outer loop
      vertex -21.3066 27.7674 2.5
      vertex -19.445 29.1014 0
      vertex -21.3066 27.7674 0
    endloop
  endfacet
  facet normal 0.471377 -0.881932 0
    outer loop
      vertex 15.4801 -31.3905 0
      vertex 17.5 -30.3109 2.5
      vertex 15.4801 -31.3905 2.5
    endloop
  endfacet
  facet normal 0.471377 -0.881932 0
    outer loop
      vertex 17.5 -30.3109 2.5
      vertex 15.4801 -31.3905 0
      vertex 17.5 -30.3109 0
    endloop
  endfacet
  facet normal 0.352267 0.9359 -0
    outer loop
      vertex 13.3939 32.3358 0
      vertex 11.2504 33.1426 2.5
      vertex 13.3939 32.3358 2.5
    endloop
  endfacet
  facet normal 0.352267 0.9359 0
    outer loop
      vertex 11.2504 33.1426 2.5
      vertex 13.3939 32.3358 0
      vertex 11.2504 33.1426 0
    endloop
  endfacet
  facet normal -0.290263 -0.956947 0
    outer loop
      vertex -11.2504 -33.1426 0
      vertex -9.05867 -33.8074 2.5
      vertex -11.2504 -33.1426 2.5
    endloop
  endfacet
  facet normal -0.290263 -0.956947 -0
    outer loop
      vertex -9.05867 -33.8074 2.5
      vertex -11.2504 -33.1426 0
      vertex -9.05867 -33.8074 0
    endloop
  endfacet
  facet normal -0.528075 -0.849198 0
    outer loop
      vertex -19.445 -29.1014 0
      vertex -17.5 -30.3109 2.5
      vertex -19.445 -29.1014 2.5
    endloop
  endfacet
  facet normal -0.528075 -0.849198 -0
    outer loop
      vertex -17.5 -30.3109 2.5
      vertex -19.445 -29.1014 0
      vertex -17.5 -30.3109 0
    endloop
  endfacet
  facet normal -0.986642 -0.162902 0
    outer loop
      vertex -34.3275 -6.82816 0
      vertex -34.7006 -4.56842 2.5
      vertex -34.7006 -4.56842 0
    endloop
  endfacet
  facet normal -0.986642 -0.162902 0
    outer loop
      vertex -34.7006 -4.56842 2.5
      vertex -34.3275 -6.82816 0
      vertex -34.3275 -6.82816 2.5
    endloop
  endfacet
  facet normal 0.881932 0.471377 0
    outer loop
      vertex 31.3905 15.4801 2.5
      vertex 30.3109 17.5 0
      vertex 30.3109 17.5 2.5
    endloop
  endfacet
  facet normal 0.881932 0.471377 0
    outer loop
      vertex 30.3109 17.5 0
      vertex 31.3905 15.4801 2.5
      vertex 31.3905 15.4801 0
    endloop
  endfacet
  facet normal 0.63439 -0.773013 0
    outer loop
      vertex 21.3066 -27.7674 0
      vertex 23.0771 -26.3144 2.5
      vertex 21.3066 -27.7674 2.5
    endloop
  endfacet
  facet normal 0.63439 -0.773013 0
    outer loop
      vertex 23.0771 -26.3144 2.5
      vertex 21.3066 -27.7674 0
      vertex 23.0771 -26.3144 0
    endloop
  endfacet
  facet normal -0.227084 0.973875 0
    outer loop
      vertex -6.82816 34.3275 0
      vertex -9.05867 33.8074 2.5
      vertex -6.82816 34.3275 2.5
    endloop
  endfacet
  facet normal -0.227084 0.973875 0
    outer loop
      vertex -9.05867 33.8074 2.5
      vertex -6.82816 34.3275 0
      vertex -9.05867 33.8074 0
    endloop
  endfacet
  facet normal 0.352267 -0.9359 0
    outer loop
      vertex 11.2504 -33.1426 0
      vertex 13.3939 -32.3358 2.5
      vertex 11.2504 -33.1426 2.5
    endloop
  endfacet
  facet normal 0.352267 -0.9359 0
    outer loop
      vertex 13.3939 -32.3358 2.5
      vertex 11.2504 -33.1426 0
      vertex 13.3939 -32.3358 0
    endloop
  endfacet
  facet normal -0.68361 0.729848 0
    outer loop
      vertex -23.0771 26.3144 0
      vertex -24.7487 24.7487 2.5
      vertex -23.0771 26.3144 2.5
    endloop
  endfacet
  facet normal -0.68361 0.729848 0
    outer loop
      vertex -24.7487 24.7487 2.5
      vertex -23.0771 26.3144 0
      vertex -24.7487 24.7487 0
    endloop
  endfacet
  facet normal -0.973875 -0.227084 0
    outer loop
      vertex -33.8074 -9.05867 0
      vertex -34.3275 -6.82816 2.5
      vertex -34.3275 -6.82816 0
    endloop
  endfacet
  facet normal -0.973875 -0.227084 0
    outer loop
      vertex -34.3275 -6.82816 2.5
      vertex -33.8074 -9.05867 0
      vertex -33.8074 -9.05867 2.5
    endloop
  endfacet
  facet normal -0.812847 -0.582477 0
    outer loop
      vertex -27.7674 -21.3066 0
      vertex -29.1014 -19.445 2.5
      vertex -29.1014 -19.445 0
    endloop
  endfacet
  facet normal -0.812847 -0.582477 0
    outer loop
      vertex -29.1014 -19.445 2.5
      vertex -27.7674 -21.3066 0
      vertex -27.7674 -21.3066 2.5
    endloop
  endfacet
  facet normal -0.812847 0.582477 0
    outer loop
      vertex -29.1014 19.445 0
      vertex -27.7674 21.3066 2.5
      vertex -27.7674 21.3066 0
    endloop
  endfacet
  facet normal -0.812847 0.582477 0
    outer loop
      vertex -27.7674 21.3066 2.5
      vertex -29.1014 19.445 0
      vertex -29.1014 19.445 2.5
    endloop
  endfacet
  facet normal 0.68361 0.729848 -0
    outer loop
      vertex 24.7487 24.7487 0
      vertex 23.0771 26.3144 2.5
      vertex 24.7487 24.7487 2.5
    endloop
  endfacet
  facet normal 0.68361 0.729848 0
    outer loop
      vertex 23.0771 26.3144 2.5
      vertex 24.7487 24.7487 0
      vertex 23.0771 26.3144 0
    endloop
  endfacet
  facet normal 0.812847 -0.582477 0
    outer loop
      vertex 27.7674 -21.3066 2.5
      vertex 29.1014 -19.445 0
      vertex 29.1014 -19.445 2.5
    endloop
  endfacet
  facet normal 0.812847 -0.582477 0
    outer loop
      vertex 29.1014 -19.445 0
      vertex 27.7674 -21.3066 2.5
      vertex 27.7674 -21.3066 0
    endloop
  endfacet
  facet normal -0.973875 0.227084 0
    outer loop
      vertex -34.3275 6.82816 0
      vertex -33.8074 9.05867 2.5
      vertex -33.8074 9.05867 0
    endloop
  endfacet
  facet normal -0.973875 0.227084 0
    outer loop
      vertex -33.8074 9.05867 2.5
      vertex -34.3275 6.82816 0
      vertex -34.3275 6.82816 2.5
    endloop
  endfacet
  facet normal 0.63439 0.773013 -0
    outer loop
      vertex 23.0771 26.3144 0
      vertex 21.3066 27.7674 2.5
      vertex 23.0771 26.3144 2.5
    endloop
  endfacet
  facet normal 0.63439 0.773013 0
    outer loop
      vertex 21.3066 27.7674 2.5
      vertex 23.0771 26.3144 0
      vertex 21.3066 27.7674 0
    endloop
  endfacet
  facet normal 0.729848 -0.68361 0
    outer loop
      vertex 24.7487 -24.7487 2.5
      vertex 26.3144 -23.0771 0
      vertex 26.3144 -23.0771 2.5
    endloop
  endfacet
  facet normal 0.729848 -0.68361 0
    outer loop
      vertex 26.3144 -23.0771 0
      vertex 24.7487 -24.7487 2.5
      vertex 24.7487 -24.7487 0
    endloop
  endfacet
  facet normal 0.973875 -0.227084 0
    outer loop
      vertex 33.8074 -9.05867 2.5
      vertex 34.3275 -6.82816 0
      vertex 34.3275 -6.82816 2.5
    endloop
  endfacet
  facet normal 0.973875 -0.227084 0
    outer loop
      vertex 34.3275 -6.82816 0
      vertex 33.8074 -9.05867 2.5
      vertex 33.8074 -9.05867 0
    endloop
  endfacet
  facet normal -0.63439 0.773013 0
    outer loop
      vertex -21.3066 27.7674 0
      vertex -23.0771 26.3144 2.5
      vertex -21.3066 27.7674 2.5
    endloop
  endfacet
  facet normal -0.63439 0.773013 0
    outer loop
      vertex -23.0771 26.3144 2.5
      vertex -21.3066 27.7674 0
      vertex -23.0771 26.3144 0
    endloop
  endfacet
  facet normal -0.729848 0.68361 0
    outer loop
      vertex -26.3144 23.0771 0
      vertex -24.7487 24.7487 2.5
      vertex -24.7487 24.7487 0
    endloop
  endfacet
  facet normal -0.729848 0.68361 0
    outer loop
      vertex -24.7487 24.7487 2.5
      vertex -26.3144 23.0771 0
      vertex -26.3144 23.0771 2.5
    endloop
  endfacet
  facet normal -0.471377 0.881932 0
    outer loop
      vertex -15.4801 31.3905 0
      vertex -17.5 30.3109 2.5
      vertex -15.4801 31.3905 2.5
    endloop
  endfacet
  facet normal -0.471377 0.881932 0
    outer loop
      vertex -17.5 30.3109 2.5
      vertex -15.4801 31.3905 0
      vertex -17.5 30.3109 0
    endloop
  endfacet
  facet normal -0.9359 -0.352267 0
    outer loop
      vertex -32.3358 -13.3939 0
      vertex -33.1426 -11.2504 2.5
      vertex -33.1426 -11.2504 0
    endloop
  endfacet
  facet normal -0.9359 -0.352267 0
    outer loop
      vertex -33.1426 -11.2504 2.5
      vertex -32.3358 -13.3939 0
      vertex -32.3358 -13.3939 2.5
    endloop
  endfacet
  facet normal 0.812847 0.582477 0
    outer loop
      vertex 29.1014 19.445 2.5
      vertex 27.7674 21.3066 0
      vertex 27.7674 21.3066 2.5
    endloop
  endfacet
  facet normal 0.812847 0.582477 0
    outer loop
      vertex 27.7674 21.3066 0
      vertex 29.1014 19.445 2.5
      vertex 29.1014 19.445 0
    endloop
  endfacet
  facet normal 0.9359 0.352267 0
    outer loop
      vertex 33.1426 11.2504 2.5
      vertex 32.3358 13.3939 0
      vertex 32.3358 13.3939 2.5
    endloop
  endfacet
  facet normal 0.9359 0.352267 0
    outer loop
      vertex 32.3358 13.3939 0
      vertex 33.1426 11.2504 2.5
      vertex 33.1426 11.2504 0
    endloop
  endfacet
  facet normal 0.986642 0.162902 0
    outer loop
      vertex 34.7006 4.56842 2.5
      vertex 34.3275 6.82816 0
      vertex 34.3275 6.82816 2.5
    endloop
  endfacet
  facet normal 0.986642 0.162902 0
    outer loop
      vertex 34.3275 6.82816 0
      vertex 34.7006 4.56842 2.5
      vertex 34.7006 4.56842 0
    endloop
  endfacet
  facet normal -0.0980204 0.995184 0
    outer loop
      vertex -2.28911 34.9251 0
      vertex -4.56842 34.7006 2.5
      vertex -2.28911 34.9251 2.5
    endloop
  endfacet
  facet normal -0.0980204 0.995184 0
    outer loop
      vertex -4.56842 34.7006 2.5
      vertex -2.28911 34.9251 0
      vertex -4.56842 34.7006 0
    endloop
  endfacet
  facet normal -0.956947 -0.290263 0
    outer loop
      vertex -33.1426 -11.2504 0
      vertex -33.8074 -9.05867 2.5
      vertex -33.8074 -9.05867 0
    endloop
  endfacet
  facet normal -0.956947 -0.290263 0
    outer loop
      vertex -33.8074 -9.05867 2.5
      vertex -33.1426 -11.2504 0
      vertex -33.1426 -11.2504 2.5
    endloop
  endfacet
  facet normal -0.849198 0.528075 0
    outer loop
      vertex -30.3109 17.5 0
      vertex -29.1014 19.445 2.5
      vertex -29.1014 19.445 0
    endloop
  endfacet
  facet normal -0.849198 0.528075 0
    outer loop
      vertex -29.1014 19.445 2.5
      vertex -30.3109 17.5 0
      vertex -30.3109 17.5 2.5
    endloop
  endfacet
  facet normal 0.528075 0.849198 -0
    outer loop
      vertex 19.445 29.1014 0
      vertex 17.5 30.3109 2.5
      vertex 19.445 29.1014 2.5
    endloop
  endfacet
  facet normal 0.528075 0.849198 0
    outer loop
      vertex 17.5 30.3109 2.5
      vertex 19.445 29.1014 0
      vertex 17.5 30.3109 0
    endloop
  endfacet
  facet normal -0.999465 -0.0327026 0
    outer loop
      vertex -34.9251 -2.28911 0
      vertex -35 0 2.5
      vertex -35 0 0
    endloop
  endfacet
  facet normal -0.999465 -0.0327026 0
    outer loop
      vertex -35 0 2.5
      vertex -34.9251 -2.28911 0
      vertex -34.9251 -2.28911 2.5
    endloop
  endfacet
  facet normal 0.227084 0.973875 -0
    outer loop
      vertex 9.05867 33.8074 0
      vertex 6.82816 34.3275 2.5
      vertex 9.05867 33.8074 2.5
    endloop
  endfacet
  facet normal 0.227084 0.973875 0
    outer loop
      vertex 6.82816 34.3275 2.5
      vertex 9.05867 33.8074 0
      vertex 6.82816 34.3275 0
    endloop
  endfacet
  facet normal -0.910855 0.412727 0
    outer loop
      vertex -32.3358 13.3939 0
      vertex -31.3905 15.4801 2.5
      vertex -31.3905 15.4801 0
    endloop
  endfacet
  facet normal -0.910855 0.412727 0
    outer loop
      vertex -31.3905 15.4801 2.5
      vertex -32.3358 13.3939 0
      vertex -32.3358 13.3939 2.5
    endloop
  endfacet
  facet normal -0.582477 -0.812847 0
    outer loop
      vertex -21.3066 -27.7674 0
      vertex -19.445 -29.1014 2.5
      vertex -21.3066 -27.7674 2.5
    endloop
  endfacet
  facet normal -0.582477 -0.812847 -0
    outer loop
      vertex -19.445 -29.1014 2.5
      vertex -21.3066 -27.7674 0
      vertex -19.445 -29.1014 0
    endloop
  endfacet
  facet normal -0.995184 -0.0980204 0
    outer loop
      vertex -34.7006 -4.56842 0
      vertex -34.9251 -2.28911 2.5
      vertex -34.9251 -2.28911 0
    endloop
  endfacet
  facet normal -0.995184 -0.0980204 0
    outer loop
      vertex -34.9251 -2.28911 2.5
      vertex -34.7006 -4.56842 0
      vertex -34.7006 -4.56842 2.5
    endloop
  endfacet
  facet normal 0.471377 0.881932 -0
    outer loop
      vertex 17.5 30.3109 0
      vertex 15.4801 31.3905 2.5
      vertex 17.5 30.3109 2.5
    endloop
  endfacet
  facet normal 0.471377 0.881932 0
    outer loop
      vertex 15.4801 31.3905 2.5
      vertex 17.5 30.3109 0
      vertex 15.4801 31.3905 0
    endloop
  endfacet
  facet normal -0.849198 -0.528075 0
    outer loop
      vertex -29.1014 -19.445 0
      vertex -30.3109 -17.5 2.5
      vertex -30.3109 -17.5 0
    endloop
  endfacet
  facet normal -0.849198 -0.528075 0
    outer loop
      vertex -30.3109 -17.5 2.5
      vertex -29.1014 -19.445 0
      vertex -29.1014 -19.445 2.5
    endloop
  endfacet
  facet normal 0.773013 0.63439 0
    outer loop
      vertex 27.7674 21.3066 2.5
      vertex 26.3144 23.0771 0
      vertex 26.3144 23.0771 2.5
    endloop
  endfacet
  facet normal 0.773013 0.63439 0
    outer loop
      vertex 26.3144 23.0771 0
      vertex 27.7674 21.3066 2.5
      vertex 27.7674 21.3066 0
    endloop
  endfacet
  facet normal 0.290263 -0.956947 0
    outer loop
      vertex 9.05867 -33.8074 0
      vertex 11.2504 -33.1426 2.5
      vertex 9.05867 -33.8074 2.5
    endloop
  endfacet
  facet normal 0.290263 -0.956947 0
    outer loop
      vertex 11.2504 -33.1426 2.5
      vertex 9.05867 -33.8074 0
      vertex 11.2504 -33.1426 0
    endloop
  endfacet
  facet normal -0.881932 0.471377 0
    outer loop
      vertex -31.3905 15.4801 0
      vertex -30.3109 17.5 2.5
      vertex -30.3109 17.5 0
    endloop
  endfacet
  facet normal -0.881932 0.471377 0
    outer loop
      vertex -30.3109 17.5 2.5
      vertex -31.3905 15.4801 0
      vertex -31.3905 15.4801 2.5
    endloop
  endfacet
  facet normal 0 0 -1
    outer loop
      vertex -27.5 0 0
      vertex -32.4375 0.2847 0
      vertex -27.4411 1.79859 0
    endloop
  endfacet
  facet normal 0 0 -1
    outer loop
      vertex -32.4584 0.353583 0
      vertex -27.4411 1.79859 0
      vertex -32.4375 0.2847 0
    endloop
  endfacet
  facet normal 0 0 -1
    outer loop
      vertex -32.4837 0.420951 0
      vertex -27.4411 1.79859 0
      vertex -32.4584 0.353583 0
    endloop
  endfacet
  facet normal 0 0 -1
    outer loop
      vertex -32.5134 0.486517 0
      vertex -27.4411 1.79859 0
      vertex -32.4837 0.420951 0
    endloop
  endfacet
  facet normal 0 0 -1
    outer loop
      vertex -32.5474 0.549999 0
      vertex -27.4411 1.79859 0
      vertex -32.5134 0.486517 0
    endloop
  endfacet
  facet normal 0 0 -1
    outer loop
      vertex -32.5854 0.611127 0
      vertex -27.4411 1.79859 0
      vertex -32.5474 0.549999 0
    endloop
  endfacet
  facet normal 0 0 -1
    outer loop
      vertex -32.6273 0.669637 0
      vertex -27.4411 1.79859 0
      vertex -32.5854 0.611127 0
    endloop
  endfacet
  facet normal 0 0 -1
    outer loop
      vertex -32.673 0.72528 0
      vertex -27.4411 1.79859 0
      vertex -32.6273 0.669637 0
    endloop
  endfacet
  facet normal 0 0 -1
    outer loop
      vertex -32.7222 0.777817 0
      vertex -27.4411 1.79859 0
      vertex -32.673 0.72528 0
    endloop
  endfacet
  facet normal -0 0 -1
    outer loop
      vertex -27.4411 1.79859 0
      vertex -32.7222 0.777817 0
      vertex -27.2647 3.58947 0
    endloop
  endfacet
  facet normal 0 0 -1
    outer loop
      vertex -32.7747 0.827024 0
      vertex -27.2647 3.58947 0
      vertex -32.7222 0.777817 0
    endloop
  endfacet
  facet normal 0 0 -1
    outer loop
      vertex -32.8304 0.872688 0
      vertex -27.2647 3.58947 0
      vertex -32.7747 0.827024 0
    endloop
  endfacet
  facet normal 0 0 -1
    outer loop
      vertex -32.8889 0.914616 0
      vertex -27.2647 3.58947 0
      vertex -32.8304 0.872688 0
    endloop
  endfacet
  facet normal 0 0 -1
    outer loop
      vertex -32.95 0.952627 0
      vertex -27.2647 3.58947 0
      vertex -32.8889 0.914616 0
    endloop
  endfacet
  facet normal 0 0 -1
    outer loop
      vertex -27.2647 3.58947 0
      vertex -34.7006 4.56842 0
      vertex -26.9716 5.36498 0
    endloop
  endfacet
  facet normal -0 0 -1
    outer loop
      vertex -27.2647 3.58947 0
      vertex -32.95 0.952627 0
      vertex -34.7006 4.56842 0
    endloop
  endfacet
  facet normal 0 0 -1
    outer loop
      vertex -34.7006 4.56842 0
      vertex -32.95 0.952627 0
      vertex -33.0135 0.98656 0
    endloop
  endfacet
  facet normal 0 0 -1
    outer loop
      vertex -34.7006 4.56842 0
      vertex -33.0135 0.98656 0
      vertex -33.079 1.01627 0
    endloop
  endfacet
  facet normal 0 0 -1
    outer loop
      vertex -26.9716 5.36498 0
      vertex -33.1426 11.2504 0
      vertex -32.3358 13.3939 0
    endloop
  endfacet
  facet normal 0 0 -1
    outer loop
      vertex -34.7006 4.56842 0
      vertex -33.079 1.01627 0
      vertex -33.1464 1.04162 0
    endloop
  endfacet
  facet normal 0 0 -1
    outer loop
      vertex -34.7006 4.56842 0
      vertex -33.1464 1.04162 0
      vertex -33.2153 1.06252 0
    endloop
  endfacet
  facet normal 0 0 -1
    outer loop
      vertex -34.7006 4.56842 0
      vertex -33.2153 1.06252 0
      vertex -33.2854 1.07886 0
    endloop
  endfacet
  facet normal 0 0 -1
    outer loop
      vertex -34.7006 4.56842 0
      vertex -33.2854 1.07886 0
      vertex -33.3564 1.09059 0
    endloop
  endfacet
  facet normal 0 0 -1
    outer loop
      vertex -34.9251 2.28911 0
      vertex -33.3564 1.09059 0
      vertex -33.4281 1.09764 0
    endloop
  endfacet
  facet normal 0 0 -1
    outer loop
      vertex -34.9251 2.28911 0
      vertex -33.4281 1.09764 0
      vertex -33.5 1.1 0
    endloop
  endfacet
  facet normal 0 0 -1
    outer loop
      vertex -34.9251 2.28911 0
      vertex -33.5 1.1 0
      vertex -33.5719 1.09764 0
    endloop
  endfacet
  facet normal 0 0 -1
    outer loop
      vertex -34.9251 2.28911 0
      vertex -33.5719 1.09764 0
      vertex -33.6436 1.09059 0
    endloop
  endfacet
  facet normal 0 0 -1
    outer loop
      vertex -34.9251 2.28911 0
      vertex -33.6436 1.09059 0
      vertex -33.7146 1.07886 0
    endloop
  endfacet
  facet normal 0 0 -1
    outer loop
      vertex -34.9251 2.28911 0
      vertex -33.7146 1.07886 0
      vertex -33.7847 1.06252 0
    endloop
  endfacet
  facet normal 0 0 -1
    outer loop
      vertex -26.9716 5.36498 0
      vertex -33.8074 9.05867 0
      vertex -33.1426 11.2504 0
    endloop
  endfacet
  facet normal 0 0 -1
    outer loop
      vertex -34.9251 2.28911 0
      vertex -33.7847 1.06252 0
      vertex -33.8536 1.04162 0
    endloop
  endfacet
  facet normal 0 0 -1
    outer loop
      vertex -34.9251 2.28911 0
      vertex -33.8536 1.04162 0
      vertex -33.921 1.01627 0
    endloop
  endfacet
  facet normal 0 0 -1
    outer loop
      vertex -34.9251 2.28911 0
      vertex -33.921 1.01627 0
      vertex -33.9865 0.98656 0
    endloop
  endfacet
  facet normal 0 0 -1
    outer loop
      vertex -34.9251 2.28911 0
      vertex -33.9865 0.98656 0
      vertex -34.05 0.952627 0
    endloop
  endfacet
  facet normal 0 0 -1
    outer loop
      vertex -34.9251 2.28911 0
      vertex -34.05 0.952627 0
      vertex -34.1111 0.914616 0
    endloop
  endfacet
  facet normal 0 0 -1
    outer loop
      vertex -34.9251 2.28911 0
      vertex -34.1111 0.914616 0
      vertex -34.1696 0.872688 0
    endloop
  endfacet
  facet normal 0 0 -1
    outer loop
      vertex -34.9251 2.28911 0
      vertex -34.1696 0.872688 0
      vertex -34.2253 0.827024 0
    endloop
  endfacet
  facet normal 0 0 -1
    outer loop
      vertex -34.9251 2.28911 0
      vertex -34.2253 0.827024 0
      vertex -34.2778 0.777817 0
    endloop
  endfacet
  facet normal 0 0 -1
    outer loop
      vertex -34.9251 2.28911 0
      vertex -34.2778 0.777817 0
      vertex -34.327 0.72528 0
    endloop
  endfacet
  facet normal 0 0 -1
    outer loop
      vertex -26.9716 5.36498 0
      vertex -34.3275 6.82816 0
      vertex -33.8074 9.05867 0
    endloop
  endfacet
  facet normal 0 0 -1
    outer loop
      vertex -34.9251 2.28911 0
      vertex -34.327 0.72528 0
      vertex -34.3727 0.669637 0
    endloop
  endfacet
  facet normal 0 0 -1
    outer loop
      vertex -34.9251 2.28911 0
      vertex -34.3727 0.669637 0
      vertex -34.4146 0.611127 0
    endloop
  endfacet
  facet normal 0 0 -1
    outer loop
      vertex -34.9251 2.28911 0
      vertex -34.4146 0.611127 0
      vertex -34.4526 0.549999 0
    endloop
  endfacet
  facet normal 0 0 -1
    outer loop
      vertex -35 0 0
      vertex -34.4526 0.549999 0
      vertex -34.4866 0.486517 0
    endloop
  endfacet
  facet normal 0 0 -1
    outer loop
      vertex -35 0 0
      vertex -34.4866 0.486517 0
      vertex -34.5163 0.420951 0
    endloop
  endfacet
  facet normal 0 0 -1
    outer loop
      vertex -35 0 0
      vertex -34.5163 0.420951 0
      vertex -34.5416 0.353583 0
    endloop
  endfacet
  facet normal 0 0 -1
    outer loop
      vertex -35 0 0
      vertex -34.5416 0.353583 0
      vertex -34.5625 0.2847 0
    endloop
  endfacet
  facet normal 0 0 -1
    outer loop
      vertex -35 0 0
      vertex -34.5625 0.2847 0
      vertex -34.5789 0.214599 0
    endloop
  endfacet
  facet normal 0 0 -1
    outer loop
      vertex -35 0 0
      vertex -34.5789 0.214599 0
      vertex -34.5906 0.143579 0
    endloop
  endfacet
  facet normal 0 0 -1
    outer loop
      vertex -35 0 0
      vertex -34.5906 0.143579 0
      vertex -34.5976 0.0719433 0
    endloop
  endfacet
  facet normal -0 0 -1
    outer loop
      vertex -26.9716 5.36498 0
      vertex -34.7006 4.56842 0
      vertex -34.3275 6.82816 0
    endloop
  endfacet
  facet normal 0 0 -1
    outer loop
      vertex -35 0 0
      vertex -34.5976 0.0719433 0
      vertex -34.6 0 0
    endloop
  endfacet
  facet normal 0 0 -1
    outer loop
      vertex -34.5906 -0.143579 0
      vertex -35 0 0
      vertex -34.5976 -0.0719433 0
    endloop
  endfacet
  facet normal 0 0 -1
    outer loop
      vertex -34.5976 -0.0719433 0
      vertex -35 0 0
      vertex -34.6 0 0
    endloop
  endfacet
  facet normal 0 0 -1
    outer loop
      vertex -33.3564 1.09059 0
      vertex -34.9251 2.28911 0
      vertex -34.7006 4.56842 0
    endloop
  endfacet
  facet normal -0 0 -1
    outer loop
      vertex -34.4526 0.549999 0
      vertex -35 0 0
      vertex -34.9251 2.28911 0
    endloop
  endfacet
  facet normal 0 0 -1
    outer loop
      vertex 2.28911 34.9251 0
      vertex 1.09764 33.4281 0
      vertex 1.1 33.5 0
    endloop
  endfacet
  facet normal 0 0 -1
    outer loop
      vertex 3.58947 27.2647 0
      vertex 1.09059 33.3564 0
      vertex 1.09764 33.4281 0
    endloop
  endfacet
  facet normal 0 0 -1
    outer loop
      vertex 3.58947 27.2647 0
      vertex 1.07886 33.2854 0
      vertex 1.09059 33.3564 0
    endloop
  endfacet
  facet normal 0 0 -1
    outer loop
      vertex 3.58947 27.2647 0
      vertex 1.06252 33.2153 0
      vertex 1.07886 33.2854 0
    endloop
  endfacet
  facet normal 0 0 -1
    outer loop
      vertex 3.58947 27.2647 0
      vertex 1.04162 33.1464 0
      vertex 1.06252 33.2153 0
    endloop
  endfacet
  facet normal 0 0 -1
    outer loop
      vertex 3.58947 27.2647 0
      vertex 1.01627 33.079 0
      vertex 1.04162 33.1464 0
    endloop
  endfacet
  facet normal 0 0 -1
    outer loop
      vertex 3.58947 27.2647 0
      vertex 0.98656 33.0135 0
      vertex 1.01627 33.079 0
    endloop
  endfacet
  facet normal 0 0 -1
    outer loop
      vertex 3.58947 27.2647 0
      vertex 0.952627 32.95 0
      vertex 0.98656 33.0135 0
    endloop
  endfacet
  facet normal 0 0 -1
    outer loop
      vertex 3.58947 27.2647 0
      vertex 0.914616 32.8889 0
      vertex 0.952627 32.95 0
    endloop
  endfacet
  facet normal 0 0 -1
    outer loop
      vertex 3.58947 27.2647 0
      vertex 0.872688 32.8304 0
      vertex 0.914616 32.8889 0
    endloop
  endfacet
  facet normal 0 0 -1
    outer loop
      vertex 3.58947 27.2647 0
      vertex 0.827024 32.7747 0
      vertex 0.872688 32.8304 0
    endloop
  endfacet
  facet normal 0 0 -1
    outer loop
      vertex 3.58947 27.2647 0
      vertex 0.777817 32.7222 0
      vertex 0.827024 32.7747 0
    endloop
  endfacet
  facet normal 0 0 -1
    outer loop
      vertex 1.79859 27.4411 0
      vertex 0.72528 32.673 0
      vertex 0.777817 32.7222 0
    endloop
  endfacet
  facet normal 0 0 -1
    outer loop
      vertex 1.79859 27.4411 0
      vertex 0.669637 32.6273 0
      vertex 0.72528 32.673 0
    endloop
  endfacet
  facet normal 0 0 -1
    outer loop
      vertex 1.79859 27.4411 0
      vertex 0.611127 32.5854 0
      vertex 0.669637 32.6273 0
    endloop
  endfacet
  facet normal 0 0 -1
    outer loop
      vertex 1.79859 27.4411 0
      vertex 0.549999 32.5474 0
      vertex 0.611127 32.5854 0
    endloop
  endfacet
  facet normal 0 0 -1
    outer loop
      vertex 1.79859 27.4411 0
      vertex 0.486517 32.5134 0
      vertex 0.549999 32.5474 0
    endloop
  endfacet
  facet normal 0 0 -1
    outer loop
      vertex 1.79859 27.4411 0
      vertex 0.420951 32.4837 0
      vertex 0.486517 32.5134 0
    endloop
  endfacet
  facet normal 0 0 -1
    outer loop
      vertex 1.79859 27.4411 0
      vertex 0.353583 32.4584 0
      vertex 0.420951 32.4837 0
    endloop
  endfacet
  facet normal 0 0 -1
    outer loop
      vertex 1.79859 27.4411 0
      vertex 0.2847 32.4375 0
      vertex 0.353583 32.4584 0
    endloop
  endfacet
  facet normal 0 0 -1
    outer loop
      vertex 0 27.5 0
      vertex 0.2847 32.4375 0
      vertex 1.79859 27.4411 0
    endloop
  endfacet
  facet normal 0 0 -1
    outer loop
      vertex 0.2847 32.4375 0
      vertex 0 27.5 0
      vertex 0.214599 32.4211 0
    endloop
  endfacet
  facet normal 0 0 -1
    outer loop
      vertex 0.214599 32.4211 0
      vertex 0 27.5 0
      vertex 0.143579 32.4094 0
    endloop
  endfacet
  facet normal 0 0 -1
    outer loop
      vertex 0.143579 32.4094 0
      vertex 0 27.5 0
      vertex 0.0719433 32.4024 0
    endloop
  endfacet
  facet normal 0 0 -1
    outer loop
      vertex 0 27.5 0
      vertex 0 32.4 0
      vertex 0.0719433 32.4024 0
    endloop
  endfacet
  facet normal 0 0 -1
    outer loop
      vertex 0 27.5 0
      vertex -0.0719433 32.4024 0
      vertex 0 32.4 0
    endloop
  endfacet
  facet normal 0 0 -1
    outer loop
      vertex 0 27.5 0
      vertex -0.143579 32.4094 0
      vertex -0.0719433 32.4024 0
    endloop
  endfacet
  facet normal 0 0 -1
    outer loop
      vertex 0 27.5 0
      vertex -0.214599 32.4211 0
      vertex -0.143579 32.4094 0
    endloop
  endfacet
  facet normal 0 0 -1
    outer loop
      vertex 0 27.5 0
      vertex -0.2847 32.4375 0
      vertex -0.214599 32.4211 0
    endloop
  endfacet
  facet normal 0 0 -1
    outer loop
      vertex -1.79859 27.4411 0
      vertex -0.2847 32.4375 0
      vertex 0 27.5 0
    endloop
  endfacet
  facet normal -0 0 -1
    outer loop
      vertex -0.2847 32.4375 0
      vertex -1.79859 27.4411 0
      vertex -0.353583 32.4584 0
    endloop
  endfacet
  facet normal -0 0 -1
    outer loop
      vertex -0.353583 32.4584 0
      vertex -1.79859 27.4411 0
      vertex -0.420951 32.4837 0
    endloop
  endfacet
  facet normal -0 0 -1
    outer loop
      vertex -0.420951 32.4837 0
      vertex -1.79859 27.4411 0
      vertex -0.486517 32.5134 0
    endloop
  endfacet
  facet normal -0 0 -1
    outer loop
      vertex -0.486517 32.5134 0
      vertex -1.79859 27.4411 0
      vertex -0.549999 32.5474 0
    endloop
  endfacet
  facet normal -0 0 -1
    outer loop
      vertex -0.549999 32.5474 0
      vertex -1.79859 27.4411 0
      vertex -0.611127 32.5854 0
    endloop
  endfacet
  facet normal -0 0 -1
    outer loop
      vertex -0.611127 32.5854 0
      vertex -1.79859 27.4411 0
      vertex -0.669637 32.6273 0
    endloop
  endfacet
  facet normal -0 0 -1
    outer loop
      vertex -0.669637 32.6273 0
      vertex -1.79859 27.4411 0
      vertex -0.72528 32.673 0
    endloop
  endfacet
  facet normal -0 0 -1
    outer loop
      vertex -0.72528 32.673 0
      vertex -1.79859 27.4411 0
      vertex -0.777817 32.7222 0
    endloop
  endfacet
  facet normal 0 0 -1
    outer loop
      vertex -3.58947 27.2647 0
      vertex -0.777817 32.7222 0
      vertex -1.79859 27.4411 0
    endloop
  endfacet
  facet normal -0 0 -1
    outer loop
      vertex -0.777817 32.7222 0
      vertex -3.58947 27.2647 0
      vertex -0.827024 32.7747 0
    endloop
  endfacet
  facet normal -0 0 -1
    outer loop
      vertex -0.827024 32.7747 0
      vertex -3.58947 27.2647 0
      vertex -0.872688 32.8304 0
    endloop
  endfacet
  facet normal -0 0 -1
    outer loop
      vertex -0.872688 32.8304 0
      vertex -3.58947 27.2647 0
      vertex -0.914616 32.8889 0
    endloop
  endfacet
  facet normal -0 0 -1
    outer loop
      vertex -0.914616 32.8889 0
      vertex -3.58947 27.2647 0
      vertex -0.952627 32.95 0
    endloop
  endfacet
  facet normal 0 0 -1
    outer loop
      vertex -4.56842 34.7006 0
      vertex -0.952627 32.95 0
      vertex -3.58947 27.2647 0
    endloop
  endfacet
  facet normal 0 0 -1
    outer loop
      vertex -0.952627 32.95 0
      vertex -4.56842 34.7006 0
      vertex -0.98656 33.0135 0
    endloop
  endfacet
  facet normal 0 0 -1
    outer loop
      vertex -0.98656 33.0135 0
      vertex -4.56842 34.7006 0
      vertex -1.01627 33.079 0
    endloop
  endfacet
  facet normal 0 0 -1
    outer loop
      vertex -1.07886 33.2854 0
      vertex -4.56842 34.7006 0
      vertex -1.09059 33.3564 0
    endloop
  endfacet
  facet normal 0 0 -1
    outer loop
      vertex -1.06252 33.2153 0
      vertex -4.56842 34.7006 0
      vertex -1.07886 33.2854 0
    endloop
  endfacet
  facet normal 0 0 -1
    outer loop
      vertex -1.04162 33.1464 0
      vertex -4.56842 34.7006 0
      vertex -1.06252 33.2153 0
    endloop
  endfacet
  facet normal 0 0 -1
    outer loop
      vertex -1.01627 33.079 0
      vertex -4.56842 34.7006 0
      vertex -1.04162 33.1464 0
    endloop
  endfacet
  facet normal 0 0 -1
    outer loop
      vertex 7 -44 0
      vertex 5.75 -42.75 0
      vertex 7 -34.2874 0
    endloop
  endfacet
  facet normal 0 0 -1
    outer loop
      vertex 7 -44 0
      vertex -5.75 -42.75 0
      vertex 5.75 -42.75 0
    endloop
  endfacet
  facet normal 0 0 -1
    outer loop
      vertex -7 -34.2874 0
      vertex -5.75 -42.75 0
      vertex -7 -44 0
    endloop
  endfacet
  facet normal 0 0 -1
    outer loop
      vertex -7 -44 0
      vertex -5.75 -42.75 0
      vertex 7 -44 0
    endloop
  endfacet
  facet normal -0 0 -1
    outer loop
      vertex 33.1426 11.2504 0
      vertex 26.0406 8.83958 0
      vertex 32.3358 13.3939 0
    endloop
  endfacet
  facet normal 0 0 -1
    outer loop
      vertex 25.4067 10.5238 0
      vertex 32.3358 13.3939 0
      vertex 26.0406 8.83958 0
    endloop
  endfacet
  facet normal -0 0 -1
    outer loop
      vertex 32.3358 13.3939 0
      vertex 25.4067 10.5238 0
      vertex 31.3905 15.4801 0
    endloop
  endfacet
  facet normal 0 0 -1
    outer loop
      vertex 24.664 12.1629 0
      vertex 31.3905 15.4801 0
      vertex 25.4067 10.5238 0
    endloop
  endfacet
  facet normal -0 0 -1
    outer loop
      vertex 31.3905 15.4801 0
      vertex 24.664 12.1629 0
      vertex 30.3109 17.5 0
    endloop
  endfacet
  facet normal 0 0 -1
    outer loop
      vertex 23.8157 13.75 0
      vertex 30.3109 17.5 0
      vertex 24.664 12.1629 0
    endloop
  endfacet
  facet normal -0 0 -1
    outer loop
      vertex 30.3109 17.5 0
      vertex 23.8157 13.75 0
      vertex 29.1014 19.445 0
    endloop
  endfacet
  facet normal 0 0 -1
    outer loop
      vertex 22.8654 15.2782 0
      vertex 29.1014 19.445 0
      vertex 23.8157 13.75 0
    endloop
  endfacet
  facet normal -0 0 -1
    outer loop
      vertex 29.1014 19.445 0
      vertex 22.8654 15.2782 0
      vertex 27.7674 21.3066 0
    endloop
  endfacet
  facet normal 0 0 -1
    outer loop
      vertex 21.8172 16.7409 0
      vertex 27.7674 21.3066 0
      vertex 22.8654 15.2782 0
    endloop
  endfacet
  facet normal -0 0 -1
    outer loop
      vertex 27.7674 21.3066 0
      vertex 21.8172 16.7409 0
      vertex 26.3144 23.0771 0
    endloop
  endfacet
  facet normal 0 0 -1
    outer loop
      vertex 20.6756 18.132 0
      vertex 26.3144 23.0771 0
      vertex 21.8172 16.7409 0
    endloop
  endfacet
  facet normal -0 0 -1
    outer loop
      vertex 26.3144 23.0771 0
      vertex 20.6756 18.132 0
      vertex 24.7487 24.7487 0
    endloop
  endfacet
  facet normal 0 0 -1
    outer loop
      vertex 19.4454 19.4454 0
      vertex 24.7487 24.7487 0
      vertex 20.6756 18.132 0
    endloop
  endfacet
  facet normal -0 0 -1
    outer loop
      vertex 24.7487 24.7487 0
      vertex 19.4454 19.4454 0
      vertex 23.0771 26.3144 0
    endloop
  endfacet
  facet normal 0 0 -1
    outer loop
      vertex 18.132 20.6756 0
      vertex 23.0771 26.3144 0
      vertex 19.4454 19.4454 0
    endloop
  endfacet
  facet normal -0 0 -1
    outer loop
      vertex 23.0771 26.3144 0
      vertex 18.132 20.6756 0
      vertex 21.3066 27.7674 0
    endloop
  endfacet
  facet normal 0 0 -1
    outer loop
      vertex 16.7409 21.8172 0
      vertex 21.3066 27.7674 0
      vertex 18.132 20.6756 0
    endloop
  endfacet
  facet normal -0 0 -1
    outer loop
      vertex 21.3066 27.7674 0
      vertex 16.7409 21.8172 0
      vertex 19.445 29.1014 0
    endloop
  endfacet
  facet normal 0 0 -1
    outer loop
      vertex 15.2782 22.8654 0
      vertex 19.445 29.1014 0
      vertex 16.7409 21.8172 0
    endloop
  endfacet
  facet normal -0 0 -1
    outer loop
      vertex 19.445 29.1014 0
      vertex 15.2782 22.8654 0
      vertex 17.5 30.3109 0
    endloop
  endfacet
  facet normal 0 0 -1
    outer loop
      vertex 13.75 23.8157 0
      vertex 17.5 30.3109 0
      vertex 15.2782 22.8654 0
    endloop
  endfacet
  facet normal -0 0 -1
    outer loop
      vertex 17.5 30.3109 0
      vertex 13.75 23.8157 0
      vertex 15.4801 31.3905 0
    endloop
  endfacet
  facet normal 0 0 -1
    outer loop
      vertex 12.1629 24.664 0
      vertex 15.4801 31.3905 0
      vertex 13.75 23.8157 0
    endloop
  endfacet
  facet normal -0 0 -1
    outer loop
      vertex 15.4801 31.3905 0
      vertex 12.1629 24.664 0
      vertex 13.3939 32.3358 0
    endloop
  endfacet
  facet normal 0 0 -1
    outer loop
      vertex 10.5238 25.4067 0
      vertex 13.3939 32.3358 0
      vertex 12.1629 24.664 0
    endloop
  endfacet
  facet normal -0 0 -1
    outer loop
      vertex 13.3939 32.3358 0
      vertex 10.5238 25.4067 0
      vertex 11.2504 33.1426 0
    endloop
  endfacet
  facet normal 0 0 -1
    outer loop
      vertex 8.83958 26.0406 0
      vertex 11.2504 33.1426 0
      vertex 10.5238 25.4067 0
    endloop
  endfacet
  facet normal -0 0 -1
    outer loop
      vertex 11.2504 33.1426 0
      vertex 8.83958 26.0406 0
      vertex 9.05867 33.8074 0
    endloop
  endfacet
  facet normal 0 0 -1
    outer loop
      vertex 7.11752 26.563 0
      vertex 9.05867 33.8074 0
      vertex 8.83958 26.0406 0
    endloop
  endfacet
  facet normal 0 0 -1
    outer loop
      vertex 7.11752 26.563 0
      vertex 6.82816 34.3275 0
      vertex 9.05867 33.8074 0
    endloop
  endfacet
  facet normal 0 0 -1
    outer loop
      vertex 5.36498 26.9716 0
      vertex 6.82816 34.3275 0
      vertex 7.11752 26.563 0
    endloop
  endfacet
  facet normal 0 0 -1
    outer loop
      vertex 5.36498 26.9716 0
      vertex 4.56842 34.7006 0
      vertex 6.82816 34.3275 0
    endloop
  endfacet
  facet normal 0 0 -1
    outer loop
      vertex 3.58947 27.2647 0
      vertex 4.56842 34.7006 0
      vertex 5.36498 26.9716 0
    endloop
  endfacet
  facet normal 0 0 -1
    outer loop
      vertex 1.09764 33.4281 0
      vertex 4.56842 34.7006 0
      vertex 3.58947 27.2647 0
    endloop
  endfacet
  facet normal 0 0 -1
    outer loop
      vertex 0.777817 32.7222 0
      vertex 3.58947 27.2647 0
      vertex 1.79859 27.4411 0
    endloop
  endfacet
  facet normal 0 0 -1
    outer loop
      vertex 1.09764 33.4281 0
      vertex 2.28911 34.9251 0
      vertex 4.56842 34.7006 0
    endloop
  endfacet
  facet normal 0 0 -1
    outer loop
      vertex 1.09764 33.5719 0
      vertex 2.28911 34.9251 0
      vertex 1.1 33.5 0
    endloop
  endfacet
  facet normal 0 0 -1
    outer loop
      vertex 1.09059 33.6436 0
      vertex 2.28911 34.9251 0
      vertex 1.09764 33.5719 0
    endloop
  endfacet
  facet normal 0 0 -1
    outer loop
      vertex 1.07886 33.7146 0
      vertex 2.28911 34.9251 0
      vertex 1.09059 33.6436 0
    endloop
  endfacet
  facet normal 0 0 -1
    outer loop
      vertex 1.06252 33.7847 0
      vertex 2.28911 34.9251 0
      vertex 1.07886 33.7146 0
    endloop
  endfacet
  facet normal 0 0 -1
    outer loop
      vertex 1.04162 33.8536 0
      vertex 2.28911 34.9251 0
      vertex 1.06252 33.7847 0
    endloop
  endfacet
  facet normal 0 0 -1
    outer loop
      vertex 1.01627 33.921 0
      vertex 2.28911 34.9251 0
      vertex 1.04162 33.8536 0
    endloop
  endfacet
  facet normal 0 0 -1
    outer loop
      vertex 0.98656 33.9865 0
      vertex 2.28911 34.9251 0
      vertex 1.01627 33.921 0
    endloop
  endfacet
  facet normal 0 0 -1
    outer loop
      vertex 0.952627 34.05 0
      vertex 2.28911 34.9251 0
      vertex 0.98656 33.9865 0
    endloop
  endfacet
  facet normal 0 0 -1
    outer loop
      vertex 0.914616 34.1111 0
      vertex 2.28911 34.9251 0
      vertex 0.952627 34.05 0
    endloop
  endfacet
  facet normal 0 0 -1
    outer loop
      vertex 0.872688 34.1696 0
      vertex 2.28911 34.9251 0
      vertex 0.914616 34.1111 0
    endloop
  endfacet
  facet normal 0 0 -1
    outer loop
      vertex 0.827024 34.2253 0
      vertex 2.28911 34.9251 0
      vertex 0.872688 34.1696 0
    endloop
  endfacet
  facet normal 0 0 -1
    outer loop
      vertex 0.777817 34.2778 0
      vertex 2.28911 34.9251 0
      vertex 0.827024 34.2253 0
    endloop
  endfacet
  facet normal 0 0 -1
    outer loop
      vertex 0.72528 34.327 0
      vertex 2.28911 34.9251 0
      vertex 0.777817 34.2778 0
    endloop
  endfacet
  facet normal 0 0 -1
    outer loop
      vertex 0.669637 34.3727 0
      vertex 2.28911 34.9251 0
      vertex 0.72528 34.327 0
    endloop
  endfacet
  facet normal 0 0 -1
    outer loop
      vertex 0.611127 34.4146 0
      vertex 2.28911 34.9251 0
      vertex 0.669637 34.3727 0
    endloop
  endfacet
  facet normal 0 0 -1
    outer loop
      vertex 0.549999 34.4526 0
      vertex 2.28911 34.9251 0
      vertex 0.611127 34.4146 0
    endloop
  endfacet
  facet normal 0 0 -1
    outer loop
      vertex 0 35 0
      vertex 0.549999 34.4526 0
      vertex 0.486517 34.4866 0
    endloop
  endfacet
  facet normal 0 0 -1
    outer loop
      vertex 0 35 0
      vertex 0.486517 34.4866 0
      vertex 0.420951 34.5163 0
    endloop
  endfacet
  facet normal 0 0 -1
    outer loop
      vertex 0 35 0
      vertex 0.420951 34.5163 0
      vertex 0.353583 34.5416 0
    endloop
  endfacet
  facet normal 0 0 -1
    outer loop
      vertex 0 35 0
      vertex 0.353583 34.5416 0
      vertex 0.2847 34.5625 0
    endloop
  endfacet
  facet normal 0 0 -1
    outer loop
      vertex 0 35 0
      vertex 0.2847 34.5625 0
      vertex 0.214599 34.5789 0
    endloop
  endfacet
  facet normal 0 0 -1
    outer loop
      vertex 0 35 0
      vertex 0.214599 34.5789 0
      vertex 0.143579 34.5906 0
    endloop
  endfacet
  facet normal 0 0 -1
    outer loop
      vertex 0 35 0
      vertex 0.143579 34.5906 0
      vertex 0.0719433 34.5976 0
    endloop
  endfacet
  facet normal 0 0 -1
    outer loop
      vertex 0 35 0
      vertex 0.0719433 34.5976 0
      vertex 0 34.6 0
    endloop
  endfacet
  facet normal 0 0 -1
    outer loop
      vertex 0.549999 34.4526 0
      vertex 0 35 0
      vertex 2.28911 34.9251 0
    endloop
  endfacet
  facet normal 0 0 -1
    outer loop
      vertex -0.0719433 34.5976 0
      vertex 0 35 0
      vertex 0 34.6 0
    endloop
  endfacet
  facet normal 0 0 -1
    outer loop
      vertex -0.143579 34.5906 0
      vertex 0 35 0
      vertex -0.0719433 34.5976 0
    endloop
  endfacet
  facet normal 0 0 -1
    outer loop
      vertex -0.214599 34.5789 0
      vertex 0 35 0
      vertex -0.143579 34.5906 0
    endloop
  endfacet
  facet normal 0 0 -1
    outer loop
      vertex -0.2847 34.5625 0
      vertex 0 35 0
      vertex -0.214599 34.5789 0
    endloop
  endfacet
  facet normal 0 0 -1
    outer loop
      vertex -0.353583 34.5416 0
      vertex 0 35 0
      vertex -0.2847 34.5625 0
    endloop
  endfacet
  facet normal 0 0 -1
    outer loop
      vertex -0.420951 34.5163 0
      vertex 0 35 0
      vertex -0.353583 34.5416 0
    endloop
  endfacet
  facet normal 0 0 -1
    outer loop
      vertex -0.486517 34.4866 0
      vertex 0 35 0
      vertex -0.420951 34.5163 0
    endloop
  endfacet
  facet normal 0 0 -1
    outer loop
      vertex -0.549999 34.4526 0
      vertex 0 35 0
      vertex -0.486517 34.4866 0
    endloop
  endfacet
  facet normal 0 0 -1
    outer loop
      vertex -2.28911 34.9251 0
      vertex -0.549999 34.4526 0
      vertex -0.611127 34.4146 0
    endloop
  endfacet
  facet normal 0 0 -1
    outer loop
      vertex -2.28911 34.9251 0
      vertex -0.611127 34.4146 0
      vertex -0.669637 34.3727 0
    endloop
  endfacet
  facet normal 0 0 -1
    outer loop
      vertex -2.28911 34.9251 0
      vertex -0.669637 34.3727 0
      vertex -0.72528 34.327 0
    endloop
  endfacet
  facet normal 0 -0 -1
    outer loop
      vertex -2.28911 34.9251 0
      vertex -1.09059 33.3564 0
      vertex -4.56842 34.7006 0
    endloop
  endfacet
  facet normal 0 0 -1
    outer loop
      vertex -1.09059 33.3564 0
      vertex -2.28911 34.9251 0
      vertex -1.09764 33.4281 0
    endloop
  endfacet
  facet normal 0 0 -1
    outer loop
      vertex -0.549999 34.4526 0
      vertex -2.28911 34.9251 0
      vertex 0 35 0
    endloop
  endfacet
  facet normal 0 0 -1
    outer loop
      vertex -0.777817 34.2778 0
      vertex -2.28911 34.9251 0
      vertex -0.72528 34.327 0
    endloop
  endfacet
  facet normal 0 0 -1
    outer loop
      vertex -0.827024 34.2253 0
      vertex -2.28911 34.9251 0
      vertex -0.777817 34.2778 0
    endloop
  endfacet
  facet normal 0 0 -1
    outer loop
      vertex -0.872688 34.1696 0
      vertex -2.28911 34.9251 0
      vertex -0.827024 34.2253 0
    endloop
  endfacet
  facet normal 0 0 -1
    outer loop
      vertex -0.914616 34.1111 0
      vertex -2.28911 34.9251 0
      vertex -0.872688 34.1696 0
    endloop
  endfacet
  facet normal 0 0 -1
    outer loop
      vertex -0.952627 34.05 0
      vertex -2.28911 34.9251 0
      vertex -0.914616 34.1111 0
    endloop
  endfacet
  facet normal 0 0 -1
    outer loop
      vertex -0.98656 33.9865 0
      vertex -2.28911 34.9251 0
      vertex -0.952627 34.05 0
    endloop
  endfacet
  facet normal 0 0 -1
    outer loop
      vertex -1.01627 33.921 0
      vertex -2.28911 34.9251 0
      vertex -0.98656 33.9865 0
    endloop
  endfacet
  facet normal 0 0 -1
    outer loop
      vertex -1.04162 33.8536 0
      vertex -2.28911 34.9251 0
      vertex -1.01627 33.921 0
    endloop
  endfacet
  facet normal 0 0 -1
    outer loop
      vertex -1.06252 33.7847 0
      vertex -2.28911 34.9251 0
      vertex -1.04162 33.8536 0
    endloop
  endfacet
  facet normal 0 0 -1
    outer loop
      vertex -1.07886 33.7146 0
      vertex -2.28911 34.9251 0
      vertex -1.06252 33.7847 0
    endloop
  endfacet
  facet normal 0 0 -1
    outer loop
      vertex -1.09059 33.6436 0
      vertex -2.28911 34.9251 0
      vertex -1.07886 33.7146 0
    endloop
  endfacet
  facet normal 0 0 -1
    outer loop
      vertex -1.09764 33.4281 0
      vertex -2.28911 34.9251 0
      vertex -1.1 33.5 0
    endloop
  endfacet
  facet normal 0 0 -1
    outer loop
      vertex -1.1 33.5 0
      vertex -2.28911 34.9251 0
      vertex -1.09764 33.5719 0
    endloop
  endfacet
  facet normal 0 0 -1
    outer loop
      vertex -1.09764 33.5719 0
      vertex -2.28911 34.9251 0
      vertex -1.09059 33.6436 0
    endloop
  endfacet
  facet normal 0 0 -1
    outer loop
      vertex -5.36498 26.9716 0
      vertex -4.56842 34.7006 0
      vertex -3.58947 27.2647 0
    endloop
  endfacet
  facet normal 0 0 -1
    outer loop
      vertex -5.36498 26.9716 0
      vertex -6.82816 34.3275 0
      vertex -4.56842 34.7006 0
    endloop
  endfacet
  facet normal 0 0 -1
    outer loop
      vertex -7.11752 26.563 0
      vertex -6.82816 34.3275 0
      vertex -5.36498 26.9716 0
    endloop
  endfacet
  facet normal 0 0 -1
    outer loop
      vertex -9.05867 33.8074 0
      vertex -7.11752 26.563 0
      vertex -8.83958 26.0406 0
    endloop
  endfacet
  facet normal 0 0 -1
    outer loop
      vertex -7.11752 26.563 0
      vertex -9.05867 33.8074 0
      vertex -6.82816 34.3275 0
    endloop
  endfacet
  facet normal 0 0 -1
    outer loop
      vertex -11.2504 33.1426 0
      vertex -8.83958 26.0406 0
      vertex -10.5238 25.4067 0
    endloop
  endfacet
  facet normal 0 0 -1
    outer loop
      vertex -8.83958 26.0406 0
      vertex -11.2504 33.1426 0
      vertex -9.05867 33.8074 0
    endloop
  endfacet
  facet normal 0 0 -1
    outer loop
      vertex -13.3939 32.3358 0
      vertex -10.5238 25.4067 0
      vertex -12.1629 24.664 0
    endloop
  endfacet
  facet normal 0 0 -1
    outer loop
      vertex -10.5238 25.4067 0
      vertex -13.3939 32.3358 0
      vertex -11.2504 33.1426 0
    endloop
  endfacet
  facet normal 0 0 -1
    outer loop
      vertex -15.4801 31.3905 0
      vertex -12.1629 24.664 0
      vertex -13.75 23.8157 0
    endloop
  endfacet
  facet normal 0 0 -1
    outer loop
      vertex -17.5 30.3109 0
      vertex -13.75 23.8157 0
      vertex -15.2782 22.8654 0
    endloop
  endfacet
  facet normal 0 0 -1
    outer loop
      vertex -12.1629 24.664 0
      vertex -15.4801 31.3905 0
      vertex -13.3939 32.3358 0
    endloop
  endfacet
  facet normal 0 0 -1
    outer loop
      vertex -19.445 29.1014 0
      vertex -15.2782 22.8654 0
      vertex -16.7409 21.8172 0
    endloop
  endfacet
  facet normal 0 0 -1
    outer loop
      vertex -13.75 23.8157 0
      vertex -17.5 30.3109 0
      vertex -15.4801 31.3905 0
    endloop
  endfacet
  facet normal 0 0 -1
    outer loop
      vertex -21.3066 27.7674 0
      vertex -16.7409 21.8172 0
      vertex -18.132 20.6756 0
    endloop
  endfacet
  facet normal 0 0 -1
    outer loop
      vertex -15.2782 22.8654 0
      vertex -19.445 29.1014 0
      vertex -17.5 30.3109 0
    endloop
  endfacet
  facet normal 0 0 -1
    outer loop
      vertex -23.0771 26.3144 0
      vertex -18.132 20.6756 0
      vertex -19.4454 19.4454 0
    endloop
  endfacet
  facet normal 0 0 -1
    outer loop
      vertex -24.7487 24.7487 0
      vertex -19.4454 19.4454 0
      vertex -20.6756 18.132 0
    endloop
  endfacet
  facet normal 0 0 -1
    outer loop
      vertex -16.7409 21.8172 0
      vertex -21.3066 27.7674 0
      vertex -19.445 29.1014 0
    endloop
  endfacet
  facet normal 0 0 -1
    outer loop
      vertex -26.3144 23.0771 0
      vertex -20.6756 18.132 0
      vertex -21.8172 16.7409 0
    endloop
  endfacet
  facet normal 0 0 -1
    outer loop
      vertex -27.7674 21.3066 0
      vertex -21.8172 16.7409 0
      vertex -22.8654 15.2782 0
    endloop
  endfacet
  facet normal 0 0 -1
    outer loop
      vertex -18.132 20.6756 0
      vertex -23.0771 26.3144 0
      vertex -21.3066 27.7674 0
    endloop
  endfacet
  facet normal 0 0 -1
    outer loop
      vertex -29.1014 19.445 0
      vertex -22.8654 15.2782 0
      vertex -23.8157 13.75 0
    endloop
  endfacet
  facet normal 0 0 -1
    outer loop
      vertex -30.3109 17.5 0
      vertex -23.8157 13.75 0
      vertex -24.664 12.1629 0
    endloop
  endfacet
  facet normal 0 0 -1
    outer loop
      vertex -19.4454 19.4454 0
      vertex -24.7487 24.7487 0
      vertex -23.0771 26.3144 0
    endloop
  endfacet
  facet normal 0 0 -1
    outer loop
      vertex -31.3905 15.4801 0
      vertex -24.664 12.1629 0
      vertex -25.4067 10.5238 0
    endloop
  endfacet
  facet normal 0 0 -1
    outer loop
      vertex -32.3358 13.3939 0
      vertex -25.4067 10.5238 0
      vertex -26.0406 8.83958 0
    endloop
  endfacet
  facet normal 0 0 -1
    outer loop
      vertex -20.6756 18.132 0
      vertex -26.3144 23.0771 0
      vertex -24.7487 24.7487 0
    endloop
  endfacet
  facet normal 0 0 -1
    outer loop
      vertex -32.3358 13.3939 0
      vertex -26.0406 8.83958 0
      vertex -26.563 7.11752 0
    endloop
  endfacet
  facet normal 0 0 -1
    outer loop
      vertex -32.3358 13.3939 0
      vertex -26.563 7.11752 0
      vertex -26.9716 5.36498 0
    endloop
  endfacet
  facet normal 0 0 -1
    outer loop
      vertex -32.4211 0.214599 0
      vertex -27.5 0 0
      vertex -32.4094 0.143579 0
    endloop
  endfacet
  facet normal 0 0 -1
    outer loop
      vertex -32.4094 0.143579 0
      vertex -27.5 0 0
      vertex -32.4024 0.0719433 0
    endloop
  endfacet
  facet normal 0 0 -1
    outer loop
      vertex -21.8172 16.7409 0
      vertex -27.7674 21.3066 0
      vertex -26.3144 23.0771 0
    endloop
  endfacet
  facet normal 0 0 -1
    outer loop
      vertex -32.4024 0.0719433 0
      vertex -27.5 0 0
      vertex -32.4 0 0
    endloop
  endfacet
  facet normal -0 0 -1
    outer loop
      vertex -26.0406 -8.83958 0
      vertex -33.1426 -11.2504 0
      vertex -26.563 -7.11752 0
    endloop
  endfacet
  facet normal 0 0 -1
    outer loop
      vertex -33.8074 -9.05867 0
      vertex -26.563 -7.11752 0
      vertex -33.1426 -11.2504 0
    endloop
  endfacet
  facet normal 0 0 -1
    outer loop
      vertex -32.4375 0.2847 0
      vertex -27.5 0 0
      vertex -32.4211 0.214599 0
    endloop
  endfacet
  facet normal -0 0 -1
    outer loop
      vertex -26.563 -7.11752 0
      vertex -33.8074 -9.05867 0
      vertex -26.9716 -5.36498 0
    endloop
  endfacet
  facet normal 0 0 -1
    outer loop
      vertex -22.8654 15.2782 0
      vertex -29.1014 19.445 0
      vertex -27.7674 21.3066 0
    endloop
  endfacet
  facet normal 0 0 -1
    outer loop
      vertex -34.3275 -6.82816 0
      vertex -26.9716 -5.36498 0
      vertex -33.8074 -9.05867 0
    endloop
  endfacet
  facet normal 0 0 -1
    outer loop
      vertex -23.8157 13.75 0
      vertex -30.3109 17.5 0
      vertex -29.1014 19.445 0
    endloop
  endfacet
  facet normal -0 0 -1
    outer loop
      vertex -26.9716 -5.36498 0
      vertex -34.3275 -6.82816 0
      vertex -27.2647 -3.58947 0
    endloop
  endfacet
  facet normal 0 0 -1
    outer loop
      vertex -24.664 12.1629 0
      vertex -31.3905 15.4801 0
      vertex -30.3109 17.5 0
    endloop
  endfacet
  facet normal 0 0 -1
    outer loop
      vertex -25.4067 10.5238 0
      vertex -32.3358 13.3939 0
      vertex -31.3905 15.4801 0
    endloop
  endfacet
  facet normal -0 0 -1
    outer loop
      vertex -27.5 0 0
      vertex -32.4024 -0.0719433 0
      vertex -32.4 0 0
    endloop
  endfacet
  facet normal 0 0 -1
    outer loop
      vertex -27.5 0 0
      vertex -32.4094 -0.143579 0
      vertex -32.4024 -0.0719433 0
    endloop
  endfacet
  facet normal 0 0 -1
    outer loop
      vertex -27.5 0 0
      vertex -32.4211 -0.214599 0
      vertex -32.4094 -0.143579 0
    endloop
  endfacet
  facet normal 0 0 -1
    outer loop
      vertex -27.5 0 0
      vertex -32.4375 -0.2847 0
      vertex -32.4211 -0.214599 0
    endloop
  endfacet
  facet normal 0 0 -1
    outer loop
      vertex -27.4411 -1.79859 0
      vertex -32.4375 -0.2847 0
      vertex -27.5 0 0
    endloop
  endfacet
  facet normal 0 -0 -1
    outer loop
      vertex -32.4375 -0.2847 0
      vertex -27.4411 -1.79859 0
      vertex -32.4584 -0.353583 0
    endloop
  endfacet
  facet normal 0 0 -1
    outer loop
      vertex -34.7006 -4.56842 0
      vertex -27.2647 -3.58947 0
      vertex -34.3275 -6.82816 0
    endloop
  endfacet
  facet normal 0 -0 -1
    outer loop
      vertex -32.4584 -0.353583 0
      vertex -27.4411 -1.79859 0
      vertex -32.4837 -0.420951 0
    endloop
  endfacet
  facet normal 0 -0 -1
    outer loop
      vertex -32.4837 -0.420951 0
      vertex -27.4411 -1.79859 0
      vertex -32.5134 -0.486517 0
    endloop
  endfacet
  facet normal 0 -0 -1
    outer loop
      vertex -32.95 -0.952627 0
      vertex -27.2647 -3.58947 0
      vertex -34.7006 -4.56842 0
    endloop
  endfacet
  facet normal 0 -0 -1
    outer loop
      vertex -32.5134 -0.486517 0
      vertex -27.4411 -1.79859 0
      vertex -32.5474 -0.549999 0
    endloop
  endfacet
  facet normal 0 -0 -1
    outer loop
      vertex -32.5474 -0.549999 0
      vertex -27.4411 -1.79859 0
      vertex -32.5854 -0.611127 0
    endloop
  endfacet
  facet normal 0 0 -1
    outer loop
      vertex -27.2647 -3.58947 0
      vertex -32.7222 -0.777817 0
      vertex -27.4411 -1.79859 0
    endloop
  endfacet
  facet normal 0 -0 -1
    outer loop
      vertex -32.5854 -0.611127 0
      vertex -27.4411 -1.79859 0
      vertex -32.6273 -0.669637 0
    endloop
  endfacet
  facet normal 0 -0 -1
    outer loop
      vertex -32.6273 -0.669637 0
      vertex -27.4411 -1.79859 0
      vertex -32.673 -0.72528 0
    endloop
  endfacet
  facet normal 0 -0 -1
    outer loop
      vertex -32.673 -0.72528 0
      vertex -27.4411 -1.79859 0
      vertex -32.7222 -0.777817 0
    endloop
  endfacet
  facet normal 0 -0 -1
    outer loop
      vertex -32.7222 -0.777817 0
      vertex -27.2647 -3.58947 0
      vertex -32.7747 -0.827024 0
    endloop
  endfacet
  facet normal 0 -0 -1
    outer loop
      vertex -32.8304 -0.872688 0
      vertex -27.2647 -3.58947 0
      vertex -32.8889 -0.914616 0
    endloop
  endfacet
  facet normal 0 -0 -1
    outer loop
      vertex -32.7747 -0.827024 0
      vertex -27.2647 -3.58947 0
      vertex -32.8304 -0.872688 0
    endloop
  endfacet
  facet normal 0 0 -1
    outer loop
      vertex -27.2647 -3.58947 0
      vertex -32.95 -0.952627 0
      vertex -32.8889 -0.914616 0
    endloop
  endfacet
  facet normal 0 0 -1
    outer loop
      vertex -32.95 -0.952627 0
      vertex -34.7006 -4.56842 0
      vertex -33.0135 -0.98656 0
    endloop
  endfacet
  facet normal 0 0 -1
    outer loop
      vertex -33.0135 -0.98656 0
      vertex -34.7006 -4.56842 0
      vertex -33.079 -1.01627 0
    endloop
  endfacet
  facet normal 0 0 -1
    outer loop
      vertex -33.079 -1.01627 0
      vertex -34.7006 -4.56842 0
      vertex -33.1464 -1.04162 0
    endloop
  endfacet
  facet normal 0 0 -1
    outer loop
      vertex -33.1464 -1.04162 0
      vertex -34.7006 -4.56842 0
      vertex -33.2153 -1.06252 0
    endloop
  endfacet
  facet normal 0 0 -1
    outer loop
      vertex -33.2153 -1.06252 0
      vertex -34.7006 -4.56842 0
      vertex -33.2854 -1.07886 0
    endloop
  endfacet
  facet normal 0 0 -1
    outer loop
      vertex -33.2854 -1.07886 0
      vertex -34.7006 -4.56842 0
      vertex -33.3564 -1.09059 0
    endloop
  endfacet
  facet normal 0 0 -1
    outer loop
      vertex -34.9251 -2.28911 0
      vertex -33.3564 -1.09059 0
      vertex -34.7006 -4.56842 0
    endloop
  endfacet
  facet normal 0 0 -1
    outer loop
      vertex -33.3564 -1.09059 0
      vertex -34.9251 -2.28911 0
      vertex -33.4281 -1.09764 0
    endloop
  endfacet
  facet normal 0 0 -1
    outer loop
      vertex -33.4281 -1.09764 0
      vertex -34.9251 -2.28911 0
      vertex -33.5 -1.1 0
    endloop
  endfacet
  facet normal -0 0 -1
    outer loop
      vertex -33.5 -1.1 0
      vertex -34.9251 -2.28911 0
      vertex -33.5719 -1.09764 0
    endloop
  endfacet
  facet normal -0 0 -1
    outer loop
      vertex -33.5719 -1.09764 0
      vertex -34.9251 -2.28911 0
      vertex -33.6436 -1.09059 0
    endloop
  endfacet
  facet normal -0 0 -1
    outer loop
      vertex -33.6436 -1.09059 0
      vertex -34.9251 -2.28911 0
      vertex -33.7146 -1.07886 0
    endloop
  endfacet
  facet normal -0 0 -1
    outer loop
      vertex -33.7146 -1.07886 0
      vertex -34.9251 -2.28911 0
      vertex -33.7847 -1.06252 0
    endloop
  endfacet
  facet normal -0 0 -1
    outer loop
      vertex -33.7847 -1.06252 0
      vertex -34.9251 -2.28911 0
      vertex -33.8536 -1.04162 0
    endloop
  endfacet
  facet normal -0 0 -1
    outer loop
      vertex -33.8536 -1.04162 0
      vertex -34.9251 -2.28911 0
      vertex -33.921 -1.01627 0
    endloop
  endfacet
  facet normal -0 0 -1
    outer loop
      vertex -33.921 -1.01627 0
      vertex -34.9251 -2.28911 0
      vertex -33.9865 -0.98656 0
    endloop
  endfacet
  facet normal -0 0 -1
    outer loop
      vertex -33.9865 -0.98656 0
      vertex -34.9251 -2.28911 0
      vertex -34.05 -0.952627 0
    endloop
  endfacet
  facet normal -0 0 -1
    outer loop
      vertex -34.05 -0.952627 0
      vertex -34.9251 -2.28911 0
      vertex -34.1111 -0.914616 0
    endloop
  endfacet
  facet normal -0 0 -1
    outer loop
      vertex -34.1111 -0.914616 0
      vertex -34.9251 -2.28911 0
      vertex -34.1696 -0.872688 0
    endloop
  endfacet
  facet normal -0 0 -1
    outer loop
      vertex -34.1696 -0.872688 0
      vertex -34.9251 -2.28911 0
      vertex -34.2253 -0.827024 0
    endloop
  endfacet
  facet normal -0 0 -1
    outer loop
      vertex -34.2253 -0.827024 0
      vertex -34.9251 -2.28911 0
      vertex -34.2778 -0.777817 0
    endloop
  endfacet
  facet normal -0 0 -1
    outer loop
      vertex -34.2778 -0.777817 0
      vertex -34.9251 -2.28911 0
      vertex -34.327 -0.72528 0
    endloop
  endfacet
  facet normal -0 0 -1
    outer loop
      vertex -34.327 -0.72528 0
      vertex -34.9251 -2.28911 0
      vertex -34.3727 -0.669637 0
    endloop
  endfacet
  facet normal -0 0 -1
    outer loop
      vertex -34.3727 -0.669637 0
      vertex -34.9251 -2.28911 0
      vertex -34.4146 -0.611127 0
    endloop
  endfacet
  facet normal -0 0 -1
    outer loop
      vertex -34.4146 -0.611127 0
      vertex -34.9251 -2.28911 0
      vertex -34.4526 -0.549999 0
    endloop
  endfacet
  facet normal 0 0 -1
    outer loop
      vertex -35 0 0
      vertex -34.4526 -0.549999 0
      vertex -34.9251 -2.28911 0
    endloop
  endfacet
  facet normal 0 0 -1
    outer loop
      vertex -34.4526 -0.549999 0
      vertex -35 0 0
      vertex -34.4866 -0.486517 0
    endloop
  endfacet
  facet normal 0 0 -1
    outer loop
      vertex -34.4866 -0.486517 0
      vertex -35 0 0
      vertex -34.5163 -0.420951 0
    endloop
  endfacet
  facet normal 0 0 -1
    outer loop
      vertex -34.5163 -0.420951 0
      vertex -35 0 0
      vertex -34.5416 -0.353583 0
    endloop
  endfacet
  facet normal 0 0 -1
    outer loop
      vertex -34.5416 -0.353583 0
      vertex -35 0 0
      vertex -34.5625 -0.2847 0
    endloop
  endfacet
  facet normal 0 0 -1
    outer loop
      vertex -34.5789 -0.214599 0
      vertex -35 0 0
      vertex -34.5906 -0.143579 0
    endloop
  endfacet
  facet normal 0 0 -1
    outer loop
      vertex -34.5625 -0.2847 0
      vertex -35 0 0
      vertex -34.5789 -0.214599 0
    endloop
  endfacet
  facet normal 0 0 -1
    outer loop
      vertex 34.4526 -0.549999 0
      vertex 35 0 0
      vertex 34.9251 -2.28911 0
    endloop
  endfacet
  facet normal 0 0 -1
    outer loop
      vertex 33.3564 -1.09059 0
      vertex 34.9251 -2.28911 0
      vertex 34.7006 -4.56842 0
    endloop
  endfacet
  facet normal -0 0 -1
    outer loop
      vertex 35 0 0
      vertex 34.5976 -0.0719433 0
      vertex 34.6 0 0
    endloop
  endfacet
  facet normal 0 0 -1
    outer loop
      vertex 34.5906 0.143579 0
      vertex 35 0 0
      vertex 34.5976 0.0719433 0
    endloop
  endfacet
  facet normal 0 0 -1
    outer loop
      vertex 34.5976 0.0719433 0
      vertex 35 0 0
      vertex 34.6 0 0
    endloop
  endfacet
  facet normal 0 0 -1
    outer loop
      vertex 35 0 0
      vertex 34.5906 -0.143579 0
      vertex 34.5976 -0.0719433 0
    endloop
  endfacet
  facet normal 0 0 -1
    outer loop
      vertex 35 0 0
      vertex 34.5789 -0.214599 0
      vertex 34.5906 -0.143579 0
    endloop
  endfacet
  facet normal 0 0 -1
    outer loop
      vertex 35 0 0
      vertex 34.5625 -0.2847 0
      vertex 34.5789 -0.214599 0
    endloop
  endfacet
  facet normal 0 0 -1
    outer loop
      vertex 35 0 0
      vertex 34.5416 -0.353583 0
      vertex 34.5625 -0.2847 0
    endloop
  endfacet
  facet normal 0 0 -1
    outer loop
      vertex 35 0 0
      vertex 34.5163 -0.420951 0
      vertex 34.5416 -0.353583 0
    endloop
  endfacet
  facet normal 0 0 -1
    outer loop
      vertex 35 0 0
      vertex 34.4866 -0.486517 0
      vertex 34.5163 -0.420951 0
    endloop
  endfacet
  facet normal 0 0 -1
    outer loop
      vertex 35 0 0
      vertex 34.4526 -0.549999 0
      vertex 34.4866 -0.486517 0
    endloop
  endfacet
  facet normal 0 0 -1
    outer loop
      vertex 34.9251 -2.28911 0
      vertex 34.4146 -0.611127 0
      vertex 34.4526 -0.549999 0
    endloop
  endfacet
  facet normal 0 0 -1
    outer loop
      vertex 34.9251 -2.28911 0
      vertex 34.3727 -0.669637 0
      vertex 34.4146 -0.611127 0
    endloop
  endfacet
  facet normal 0 0 -1
    outer loop
      vertex 27.2647 -3.58947 0
      vertex 34.7006 -4.56842 0
      vertex 34.3275 -6.82816 0
    endloop
  endfacet
  facet normal 0 0 -1
    outer loop
      vertex 34.9251 -2.28911 0
      vertex 34.327 -0.72528 0
      vertex 34.3727 -0.669637 0
    endloop
  endfacet
  facet normal 0 0 -1
    outer loop
      vertex 34.9251 -2.28911 0
      vertex 34.2778 -0.777817 0
      vertex 34.327 -0.72528 0
    endloop
  endfacet
  facet normal 0 0 -1
    outer loop
      vertex 34.9251 -2.28911 0
      vertex 34.2253 -0.827024 0
      vertex 34.2778 -0.777817 0
    endloop
  endfacet
  facet normal 0 0 -1
    outer loop
      vertex 34.9251 -2.28911 0
      vertex 34.1696 -0.872688 0
      vertex 34.2253 -0.827024 0
    endloop
  endfacet
  facet normal 0 0 -1
    outer loop
      vertex 34.9251 -2.28911 0
      vertex 34.1111 -0.914616 0
      vertex 34.1696 -0.872688 0
    endloop
  endfacet
  facet normal 0 0 -1
    outer loop
      vertex 34.9251 -2.28911 0
      vertex 34.05 -0.952627 0
      vertex 34.1111 -0.914616 0
    endloop
  endfacet
  facet normal 0 0 -1
    outer loop
      vertex 34.9251 -2.28911 0
      vertex 33.9865 -0.98656 0
      vertex 34.05 -0.952627 0
    endloop
  endfacet
  facet normal 0 0 -1
    outer loop
      vertex 34.9251 -2.28911 0
      vertex 33.921 -1.01627 0
      vertex 33.9865 -0.98656 0
    endloop
  endfacet
  facet normal 0 0 -1
    outer loop
      vertex 34.9251 -2.28911 0
      vertex 33.8536 -1.04162 0
      vertex 33.921 -1.01627 0
    endloop
  endfacet
  facet normal 0 0 -1
    outer loop
      vertex 26.9716 -5.36498 0
      vertex 34.3275 -6.82816 0
      vertex 33.8074 -9.05867 0
    endloop
  endfacet
  facet normal 0 0 -1
    outer loop
      vertex 34.9251 -2.28911 0
      vertex 33.7847 -1.06252 0
      vertex 33.8536 -1.04162 0
    endloop
  endfacet
  facet normal 0 0 -1
    outer loop
      vertex 34.9251 -2.28911 0
      vertex 33.7146 -1.07886 0
      vertex 33.7847 -1.06252 0
    endloop
  endfacet
  facet normal 0 0 -1
    outer loop
      vertex 34.9251 -2.28911 0
      vertex 33.6436 -1.09059 0
      vertex 33.7146 -1.07886 0
    endloop
  endfacet
  facet normal 0 0 -1
    outer loop
      vertex 34.9251 -2.28911 0
      vertex 33.5719 -1.09764 0
      vertex 33.6436 -1.09059 0
    endloop
  endfacet
  facet normal 0 0 -1
    outer loop
      vertex 34.9251 -2.28911 0
      vertex 33.5 -1.1 0
      vertex 33.5719 -1.09764 0
    endloop
  endfacet
  facet normal 0 0 -1
    outer loop
      vertex 34.9251 -2.28911 0
      vertex 33.4281 -1.09764 0
      vertex 33.5 -1.1 0
    endloop
  endfacet
  facet normal 0 0 -1
    outer loop
      vertex 34.9251 -2.28911 0
      vertex 33.3564 -1.09059 0
      vertex 33.4281 -1.09764 0
    endloop
  endfacet
  facet normal 0 0 -1
    outer loop
      vertex 34.7006 -4.56842 0
      vertex 33.2854 -1.07886 0
      vertex 33.3564 -1.09059 0
    endloop
  endfacet
  facet normal 0 0 -1
    outer loop
      vertex 34.7006 -4.56842 0
      vertex 33.2153 -1.06252 0
      vertex 33.2854 -1.07886 0
    endloop
  endfacet
  facet normal 0 0 -1
    outer loop
      vertex 34.7006 -4.56842 0
      vertex 33.1464 -1.04162 0
      vertex 33.2153 -1.06252 0
    endloop
  endfacet
  facet normal 0 0 -1
    outer loop
      vertex 26.9716 -5.36498 0
      vertex 33.8074 -9.05867 0
      vertex 33.1426 -11.2504 0
    endloop
  endfacet
  facet normal 0 -0 -1
    outer loop
      vertex 27.2647 -3.58947 0
      vertex 34.3275 -6.82816 0
      vertex 26.9716 -5.36498 0
    endloop
  endfacet
  facet normal 0 0 -1
    outer loop
      vertex 34.7006 -4.56842 0
      vertex 33.079 -1.01627 0
      vertex 33.1464 -1.04162 0
    endloop
  endfacet
  facet normal 0 -0 -1
    outer loop
      vertex 32.95 -0.952627 0
      vertex 34.7006 -4.56842 0
      vertex 27.2647 -3.58947 0
    endloop
  endfacet
  facet normal 0 0 -1
    outer loop
      vertex 34.7006 -4.56842 0
      vertex 33.0135 -0.98656 0
      vertex 33.079 -1.01627 0
    endloop
  endfacet
  facet normal 0 0 -1
    outer loop
      vertex 34.7006 -4.56842 0
      vertex 32.95 -0.952627 0
      vertex 33.0135 -0.98656 0
    endloop
  endfacet
  facet normal -0 0 -1
    outer loop
      vertex 32.95 -0.952627 0
      vertex 27.2647 -3.58947 0
      vertex 32.8889 -0.914616 0
    endloop
  endfacet
  facet normal -0 0 -1
    outer loop
      vertex 32.8889 -0.914616 0
      vertex 27.2647 -3.58947 0
      vertex 32.8304 -0.872688 0
    endloop
  endfacet
  facet normal -0 0 -1
    outer loop
      vertex 32.8304 -0.872688 0
      vertex 27.2647 -3.58947 0
      vertex 32.7747 -0.827024 0
    endloop
  endfacet
  facet normal -0 0 -1
    outer loop
      vertex 32.7747 -0.827024 0
      vertex 27.2647 -3.58947 0
      vertex 32.7222 -0.777817 0
    endloop
  endfacet
  facet normal 0 -0 -1
    outer loop
      vertex 27.4411 -1.79859 0
      vertex 32.7222 -0.777817 0
      vertex 27.2647 -3.58947 0
    endloop
  endfacet
  facet normal -0 0 -1
    outer loop
      vertex 32.7222 -0.777817 0
      vertex 27.4411 -1.79859 0
      vertex 32.673 -0.72528 0
    endloop
  endfacet
  facet normal -0 0 -1
    outer loop
      vertex 32.673 -0.72528 0
      vertex 27.4411 -1.79859 0
      vertex 32.6273 -0.669637 0
    endloop
  endfacet
  facet normal -0 0 -1
    outer loop
      vertex 32.6273 -0.669637 0
      vertex 27.4411 -1.79859 0
      vertex 32.5854 -0.611127 0
    endloop
  endfacet
  facet normal -0 0 -1
    outer loop
      vertex 32.5854 -0.611127 0
      vertex 27.4411 -1.79859 0
      vertex 32.5474 -0.549999 0
    endloop
  endfacet
  facet normal -0 0 -1
    outer loop
      vertex 32.5474 -0.549999 0
      vertex 27.4411 -1.79859 0
      vertex 32.5134 -0.486517 0
    endloop
  endfacet
  facet normal -0 0 -1
    outer loop
      vertex 32.5134 -0.486517 0
      vertex 27.4411 -1.79859 0
      vertex 32.4837 -0.420951 0
    endloop
  endfacet
  facet normal -0 0 -1
    outer loop
      vertex 32.4837 -0.420951 0
      vertex 27.4411 -1.79859 0
      vertex 32.4584 -0.353583 0
    endloop
  endfacet
  facet normal -0 0 -1
    outer loop
      vertex 32.4584 -0.353583 0
      vertex 27.4411 -1.79859 0
      vertex 32.4375 -0.2847 0
    endloop
  endfacet
  facet normal 0 -0 -1
    outer loop
      vertex 27.5 0 0
      vertex 32.4375 -0.2847 0
      vertex 27.4411 -1.79859 0
    endloop
  endfacet
  facet normal 0 0 -1
    outer loop
      vertex 26.9716 -5.36498 0
      vertex 33.1426 -11.2504 0
      vertex 32.3358 -13.3939 0
    endloop
  endfacet
  facet normal 0 0 -1
    outer loop
      vertex 34.5789 0.214599 0
      vertex 35 0 0
      vertex 34.5906 0.143579 0
    endloop
  endfacet
  facet normal 0 0 -1
    outer loop
      vertex 34.5625 0.2847 0
      vertex 35 0 0
      vertex 34.5789 0.214599 0
    endloop
  endfacet
  facet normal 0 0 -1
    outer loop
      vertex 34.5416 0.353583 0
      vertex 35 0 0
      vertex 34.5625 0.2847 0
    endloop
  endfacet
  facet normal 0 0 -1
    outer loop
      vertex 34.5163 0.420951 0
      vertex 35 0 0
      vertex 34.5416 0.353583 0
    endloop
  endfacet
  facet normal 0 0 -1
    outer loop
      vertex 34.4866 0.486517 0
      vertex 35 0 0
      vertex 34.5163 0.420951 0
    endloop
  endfacet
  facet normal 0 0 -1
    outer loop
      vertex 34.4526 0.549999 0
      vertex 35 0 0
      vertex 34.4866 0.486517 0
    endloop
  endfacet
  facet normal 0 0 -1
    outer loop
      vertex 35 0 0
      vertex 34.4526 0.549999 0
      vertex 34.9251 2.28911 0
    endloop
  endfacet
  facet normal 0 0 -1
    outer loop
      vertex 34.4146 0.611127 0
      vertex 34.9251 2.28911 0
      vertex 34.4526 0.549999 0
    endloop
  endfacet
  facet normal 0 0 -1
    outer loop
      vertex 34.3727 0.669637 0
      vertex 34.9251 2.28911 0
      vertex 34.4146 0.611127 0
    endloop
  endfacet
  facet normal 0 0 -1
    outer loop
      vertex 34.327 0.72528 0
      vertex 34.9251 2.28911 0
      vertex 34.3727 0.669637 0
    endloop
  endfacet
  facet normal 0 0 -1
    outer loop
      vertex 34.2778 0.777817 0
      vertex 34.9251 2.28911 0
      vertex 34.327 0.72528 0
    endloop
  endfacet
  facet normal 0 0 -1
    outer loop
      vertex 34.2253 0.827024 0
      vertex 34.9251 2.28911 0
      vertex 34.2778 0.777817 0
    endloop
  endfacet
  facet normal 0 0 -1
    outer loop
      vertex 34.1696 0.872688 0
      vertex 34.9251 2.28911 0
      vertex 34.2253 0.827024 0
    endloop
  endfacet
  facet normal 0 0 -1
    outer loop
      vertex 34.1111 0.914616 0
      vertex 34.9251 2.28911 0
      vertex 34.1696 0.872688 0
    endloop
  endfacet
  facet normal 0 0 -1
    outer loop
      vertex 34.05 0.952627 0
      vertex 34.9251 2.28911 0
      vertex 34.1111 0.914616 0
    endloop
  endfacet
  facet normal 0 0 -1
    outer loop
      vertex 33.9865 0.98656 0
      vertex 34.9251 2.28911 0
      vertex 34.05 0.952627 0
    endloop
  endfacet
  facet normal 0 0 -1
    outer loop
      vertex 33.921 1.01627 0
      vertex 34.9251 2.28911 0
      vertex 33.9865 0.98656 0
    endloop
  endfacet
  facet normal 0 0 -1
    outer loop
      vertex 33.8536 1.04162 0
      vertex 34.9251 2.28911 0
      vertex 33.921 1.01627 0
    endloop
  endfacet
  facet normal 0 0 -1
    outer loop
      vertex 33.7847 1.06252 0
      vertex 34.9251 2.28911 0
      vertex 33.8536 1.04162 0
    endloop
  endfacet
  facet normal 0 0 -1
    outer loop
      vertex 33.7146 1.07886 0
      vertex 34.9251 2.28911 0
      vertex 33.7847 1.06252 0
    endloop
  endfacet
  facet normal 0 0 -1
    outer loop
      vertex 33.6436 1.09059 0
      vertex 34.9251 2.28911 0
      vertex 33.7146 1.07886 0
    endloop
  endfacet
  facet normal 0 0 -1
    outer loop
      vertex 33.5719 1.09764 0
      vertex 34.9251 2.28911 0
      vertex 33.6436 1.09059 0
    endloop
  endfacet
  facet normal 0 0 -1
    outer loop
      vertex 33.5 1.1 0
      vertex 34.9251 2.28911 0
      vertex 33.5719 1.09764 0
    endloop
  endfacet
  facet normal 0 0 -1
    outer loop
      vertex 33.4281 1.09764 0
      vertex 34.9251 2.28911 0
      vertex 33.5 1.1 0
    endloop
  endfacet
  facet normal 0 0 -1
    outer loop
      vertex 33.3564 1.09059 0
      vertex 34.9251 2.28911 0
      vertex 33.4281 1.09764 0
    endloop
  endfacet
  facet normal -0 0 -1
    outer loop
      vertex 34.9251 2.28911 0
      vertex 33.3564 1.09059 0
      vertex 34.7006 4.56842 0
    endloop
  endfacet
  facet normal 0 0 -1
    outer loop
      vertex 33.2854 1.07886 0
      vertex 34.7006 4.56842 0
      vertex 33.3564 1.09059 0
    endloop
  endfacet
  facet normal 0 0 -1
    outer loop
      vertex 33.2153 1.06252 0
      vertex 34.7006 4.56842 0
      vertex 33.2854 1.07886 0
    endloop
  endfacet
  facet normal 0 0 -1
    outer loop
      vertex 33.1464 1.04162 0
      vertex 34.7006 4.56842 0
      vertex 33.2153 1.06252 0
    endloop
  endfacet
  facet normal 0 0 -1
    outer loop
      vertex 33.079 1.01627 0
      vertex 34.7006 4.56842 0
      vertex 33.1464 1.04162 0
    endloop
  endfacet
  facet normal 0 0 -1
    outer loop
      vertex 33.0135 0.98656 0
      vertex 34.7006 4.56842 0
      vertex 33.079 1.01627 0
    endloop
  endfacet
  facet normal 0 0 -1
    outer loop
      vertex 32.95 0.952627 0
      vertex 34.7006 4.56842 0
      vertex 33.0135 0.98656 0
    endloop
  endfacet
  facet normal 0 0 -1
    outer loop
      vertex 27.2647 3.58947 0
      vertex 32.95 0.952627 0
      vertex 32.8889 0.914616 0
    endloop
  endfacet
  facet normal 0 0 -1
    outer loop
      vertex 32.7747 0.827024 0
      vertex 27.2647 3.58947 0
      vertex 32.8304 0.872688 0
    endloop
  endfacet
  facet normal 0 0 -1
    outer loop
      vertex 32.8304 0.872688 0
      vertex 27.2647 3.58947 0
      vertex 32.8889 0.914616 0
    endloop
  endfacet
  facet normal 0 0 -1
    outer loop
      vertex 32.7222 0.777817 0
      vertex 27.2647 3.58947 0
      vertex 32.7747 0.827024 0
    endloop
  endfacet
  facet normal 0 0 -1
    outer loop
      vertex 32.95 0.952627 0
      vertex 27.2647 3.58947 0
      vertex 34.7006 4.56842 0
    endloop
  endfacet
  facet normal 0 0 -1
    outer loop
      vertex 27.2647 3.58947 0
      vertex 32.7222 0.777817 0
      vertex 27.4411 1.79859 0
    endloop
  endfacet
  facet normal 0 0 -1
    outer loop
      vertex 32.673 0.72528 0
      vertex 27.4411 1.79859 0
      vertex 32.7222 0.777817 0
    endloop
  endfacet
  facet normal 0 0 -1
    outer loop
      vertex 32.6273 0.669637 0
      vertex 27.4411 1.79859 0
      vertex 32.673 0.72528 0
    endloop
  endfacet
  facet normal 0 0 -1
    outer loop
      vertex 32.5854 0.611127 0
      vertex 27.4411 1.79859 0
      vertex 32.6273 0.669637 0
    endloop
  endfacet
  facet normal 0 0 -1
    outer loop
      vertex 32.5474 0.549999 0
      vertex 27.4411 1.79859 0
      vertex 32.5854 0.611127 0
    endloop
  endfacet
  facet normal 0 0 -1
    outer loop
      vertex 32.5134 0.486517 0
      vertex 27.4411 1.79859 0
      vertex 32.5474 0.549999 0
    endloop
  endfacet
  facet normal 0 0 -1
    outer loop
      vertex 32.4837 0.420951 0
      vertex 27.4411 1.79859 0
      vertex 32.5134 0.486517 0
    endloop
  endfacet
  facet normal 0 0 -1
    outer loop
      vertex 32.4584 0.353583 0
      vertex 27.4411 1.79859 0
      vertex 32.4837 0.420951 0
    endloop
  endfacet
  facet normal 0 0 -1
    outer loop
      vertex 32.4375 0.2847 0
      vertex 27.4411 1.79859 0
      vertex 32.4584 0.353583 0
    endloop
  endfacet
  facet normal 0 0 -1
    outer loop
      vertex 27.4411 1.79859 0
      vertex 32.4375 0.2847 0
      vertex 27.5 0 0
    endloop
  endfacet
  facet normal 0 0 -1
    outer loop
      vertex 27.5 0 0
      vertex 32.4375 0.2847 0
      vertex 32.4211 0.214599 0
    endloop
  endfacet
  facet normal 0 0 -1
    outer loop
      vertex 27.5 0 0
      vertex 32.4211 0.214599 0
      vertex 32.4094 0.143579 0
    endloop
  endfacet
  facet normal 0 0 -1
    outer loop
      vertex 27.5 0 0
      vertex 32.4094 0.143579 0
      vertex 32.4024 0.0719433 0
    endloop
  endfacet
  facet normal -0 0 -1
    outer loop
      vertex 34.7006 4.56842 0
      vertex 27.2647 3.58947 0
      vertex 34.3275 6.82816 0
    endloop
  endfacet
  facet normal 0 0 -1
    outer loop
      vertex 27.5 0 0
      vertex 32.4024 0.0719433 0
      vertex 32.4 0 0
    endloop
  endfacet
  facet normal 0 0 -1
    outer loop
      vertex 32.4375 -0.2847 0
      vertex 27.5 0 0
      vertex 32.4211 -0.214599 0
    endloop
  endfacet
  facet normal 0 0 -1
    outer loop
      vertex 25.4067 -10.5238 0
      vertex 32.3358 -13.3939 0
      vertex 31.3905 -15.4801 0
    endloop
  endfacet
  facet normal 0 0 -1
    outer loop
      vertex 26.9716 5.36498 0
      vertex 34.3275 6.82816 0
      vertex 27.2647 3.58947 0
    endloop
  endfacet
  facet normal 0 0 -1
    outer loop
      vertex 24.664 -12.1629 0
      vertex 31.3905 -15.4801 0
      vertex 30.3109 -17.5 0
    endloop
  endfacet
  facet normal -0 0 -1
    outer loop
      vertex 34.3275 6.82816 0
      vertex 26.9716 5.36498 0
      vertex 33.8074 9.05867 0
    endloop
  endfacet
  facet normal 0 0 -1
    outer loop
      vertex 23.8157 -13.75 0
      vertex 30.3109 -17.5 0
      vertex 29.1014 -19.445 0
    endloop
  endfacet
  facet normal 0 0 -1
    outer loop
      vertex 26.563 7.11752 0
      vertex 33.8074 9.05867 0
      vertex 26.9716 5.36498 0
    endloop
  endfacet
  facet normal 0 0 -1
    outer loop
      vertex 22.8654 -15.2782 0
      vertex 29.1014 -19.445 0
      vertex 27.7674 -21.3066 0
    endloop
  endfacet
  facet normal -0 0 -1
    outer loop
      vertex 33.8074 9.05867 0
      vertex 26.563 7.11752 0
      vertex 33.1426 11.2504 0
    endloop
  endfacet
  facet normal 0 0 -1
    outer loop
      vertex 26.0406 8.83958 0
      vertex 33.1426 11.2504 0
      vertex 26.563 7.11752 0
    endloop
  endfacet
  facet normal 0 0 -1
    outer loop
      vertex 32.4024 -0.0719433 0
      vertex 27.5 0 0
      vertex 32.4 0 0
    endloop
  endfacet
  facet normal 0 0 -1
    outer loop
      vertex 32.4094 -0.143579 0
      vertex 27.5 0 0
      vertex 32.4024 -0.0719433 0
    endloop
  endfacet
  facet normal 0 0 -1
    outer loop
      vertex 32.4211 -0.214599 0
      vertex 27.5 0 0
      vertex 32.4094 -0.143579 0
    endloop
  endfacet
  facet normal 0 0 -1
    outer loop
      vertex 32.3358 -13.3939 0
      vertex 26.563 -7.11752 0
      vertex 26.9716 -5.36498 0
    endloop
  endfacet
  facet normal 0 0 -1
    outer loop
      vertex 21.8172 -16.7409 0
      vertex 27.7674 -21.3066 0
      vertex 26.3144 -23.0771 0
    endloop
  endfacet
  facet normal 0 0 -1
    outer loop
      vertex 32.3358 -13.3939 0
      vertex 26.0406 -8.83958 0
      vertex 26.563 -7.11752 0
    endloop
  endfacet
  facet normal 0 0 -1
    outer loop
      vertex 32.3358 -13.3939 0
      vertex 25.4067 -10.5238 0
      vertex 26.0406 -8.83958 0
    endloop
  endfacet
  facet normal 0 0 -1
    outer loop
      vertex 20.6756 -18.132 0
      vertex 26.3144 -23.0771 0
      vertex 24.7487 -24.7487 0
    endloop
  endfacet
  facet normal 0 0 -1
    outer loop
      vertex 31.3905 -15.4801 0
      vertex 24.664 -12.1629 0
      vertex 25.4067 -10.5238 0
    endloop
  endfacet
  facet normal 0 0 -1
    outer loop
      vertex 30.3109 -17.5 0
      vertex 23.8157 -13.75 0
      vertex 24.664 -12.1629 0
    endloop
  endfacet
  facet normal 0 0 -1
    outer loop
      vertex 19.4454 -19.4454 0
      vertex 24.7487 -24.7487 0
      vertex 23.0771 -26.3144 0
    endloop
  endfacet
  facet normal 0 0 -1
    outer loop
      vertex 29.1014 -19.445 0
      vertex 22.8654 -15.2782 0
      vertex 23.8157 -13.75 0
    endloop
  endfacet
  facet normal 0 0 -1
    outer loop
      vertex 27.7674 -21.3066 0
      vertex 21.8172 -16.7409 0
      vertex 22.8654 -15.2782 0
    endloop
  endfacet
  facet normal 0 0 -1
    outer loop
      vertex 18.132 -20.6756 0
      vertex 23.0771 -26.3144 0
      vertex 21.3066 -27.7674 0
    endloop
  endfacet
  facet normal 0 0 -1
    outer loop
      vertex 26.3144 -23.0771 0
      vertex 20.6756 -18.132 0
      vertex 21.8172 -16.7409 0
    endloop
  endfacet
  facet normal 0 0 -1
    outer loop
      vertex 24.7487 -24.7487 0
      vertex 19.4454 -19.4454 0
      vertex 20.6756 -18.132 0
    endloop
  endfacet
  facet normal 0 0 -1
    outer loop
      vertex 16.7409 -21.8172 0
      vertex 21.3066 -27.7674 0
      vertex 19.445 -29.1014 0
    endloop
  endfacet
  facet normal 0 0 -1
    outer loop
      vertex 23.0771 -26.3144 0
      vertex 18.132 -20.6756 0
      vertex 19.4454 -19.4454 0
    endloop
  endfacet
  facet normal 0 0 -1
    outer loop
      vertex 15.2782 -22.8654 0
      vertex 19.445 -29.1014 0
      vertex 17.5 -30.3109 0
    endloop
  endfacet
  facet normal 0 0 -1
    outer loop
      vertex 21.3066 -27.7674 0
      vertex 16.7409 -21.8172 0
      vertex 18.132 -20.6756 0
    endloop
  endfacet
  facet normal 0 0 -1
    outer loop
      vertex 13.75 -23.8157 0
      vertex 17.5 -30.3109 0
      vertex 15.4801 -31.3905 0
    endloop
  endfacet
  facet normal 0 0 -1
    outer loop
      vertex 19.445 -29.1014 0
      vertex 15.2782 -22.8654 0
      vertex 16.7409 -21.8172 0
    endloop
  endfacet
  facet normal 0 0 -1
    outer loop
      vertex 17.5 -30.3109 0
      vertex 13.75 -23.8157 0
      vertex 15.2782 -22.8654 0
    endloop
  endfacet
  facet normal 0 0 -1
    outer loop
      vertex 12.1629 -24.664 0
      vertex 15.4801 -31.3905 0
      vertex 13.3939 -32.3358 0
    endloop
  endfacet
  facet normal 0 0 -1
    outer loop
      vertex 15.4801 -31.3905 0
      vertex 12.1629 -24.664 0
      vertex 13.75 -23.8157 0
    endloop
  endfacet
  facet normal 0 0 -1
    outer loop
      vertex 10.5238 -25.4067 0
      vertex 13.3939 -32.3358 0
      vertex 11.2504 -33.1426 0
    endloop
  endfacet
  facet normal 0 0 -1
    outer loop
      vertex 13.3939 -32.3358 0
      vertex 10.5238 -25.4067 0
      vertex 12.1629 -24.664 0
    endloop
  endfacet
  facet normal 0 0 -1
    outer loop
      vertex 5.75 -31.25 0
      vertex 11.2504 -33.1426 0
      vertex 9.05867 -33.8074 0
    endloop
  endfacet
  facet normal 0 0 -1
    outer loop
      vertex 11.2504 -33.1426 0
      vertex 8.83958 -26.0406 0
      vertex 10.5238 -25.4067 0
    endloop
  endfacet
  facet normal 0 0 -1
    outer loop
      vertex 11.2504 -33.1426 0
      vertex 5.75 -31.25 0
      vertex 8.83958 -26.0406 0
    endloop
  endfacet
  facet normal 0 0 -1
    outer loop
      vertex 5.75 -31.25 0
      vertex 9.05867 -33.8074 0
      vertex 7 -34.2874 0
    endloop
  endfacet
  facet normal 0 0 -1
    outer loop
      vertex 5.75 -31.25 0
      vertex 7 -34.2874 0
      vertex 5.75 -42.75 0
    endloop
  endfacet
  facet normal 0 0 -1
    outer loop
      vertex 8.83958 -26.0406 0
      vertex 5.75 -31.25 0
      vertex 7.11752 -26.563 0
    endloop
  endfacet
  facet normal 0 0 -1
    outer loop
      vertex 5.75 -31.25 0
      vertex 5.36498 -26.9716 0
      vertex 7.11752 -26.563 0
    endloop
  endfacet
  facet normal 0 0 -1
    outer loop
      vertex 5.75 -31.25 0
      vertex 3.58947 -27.2647 0
      vertex 5.36498 -26.9716 0
    endloop
  endfacet
  facet normal 0 0 -1
    outer loop
      vertex 5.75 -31.25 0
      vertex 1.79859 -27.4411 0
      vertex 3.58947 -27.2647 0
    endloop
  endfacet
  facet normal 0 0 -1
    outer loop
      vertex 5.75 -31.25 0
      vertex 0 -27.5 0
      vertex 1.79859 -27.4411 0
    endloop
  endfacet
  facet normal 0 0 -1
    outer loop
      vertex -5.75 -31.25 0
      vertex 0 -27.5 0
      vertex 5.75 -31.25 0
    endloop
  endfacet
  facet normal -0 0 -1
    outer loop
      vertex 0 -27.5 0
      vertex -5.75 -31.25 0
      vertex -1.79859 -27.4411 0
    endloop
  endfacet
  facet normal -0 0 -1
    outer loop
      vertex -1.79859 -27.4411 0
      vertex -5.75 -31.25 0
      vertex -3.58947 -27.2647 0
    endloop
  endfacet
  facet normal -0 0 -1
    outer loop
      vertex -3.58947 -27.2647 0
      vertex -5.75 -31.25 0
      vertex -5.36498 -26.9716 0
    endloop
  endfacet
  facet normal 0 0 -1
    outer loop
      vertex -5.75 -42.75 0
      vertex -7 -34.2874 0
      vertex -5.75 -31.25 0
    endloop
  endfacet
  facet normal 0 0 -1
    outer loop
      vertex -9.05867 -33.8074 0
      vertex -5.75 -31.25 0
      vertex -7 -34.2874 0
    endloop
  endfacet
  facet normal 0 0 -1
    outer loop
      vertex -5.75 -31.25 0
      vertex -7.11752 -26.563 0
      vertex -5.36498 -26.9716 0
    endloop
  endfacet
  facet normal 0 0 -1
    outer loop
      vertex -11.2504 -33.1426 0
      vertex -5.75 -31.25 0
      vertex -9.05867 -33.8074 0
    endloop
  endfacet
  facet normal 0 0 -1
    outer loop
      vertex -5.75 -31.25 0
      vertex -8.83958 -26.0406 0
      vertex -7.11752 -26.563 0
    endloop
  endfacet
  facet normal -0 0 -1
    outer loop
      vertex -5.75 -31.25 0
      vertex -11.2504 -33.1426 0
      vertex -8.83958 -26.0406 0
    endloop
  endfacet
  facet normal -0 0 -1
    outer loop
      vertex -8.83958 -26.0406 0
      vertex -11.2504 -33.1426 0
      vertex -10.5238 -25.4067 0
    endloop
  endfacet
  facet normal 0 0 -1
    outer loop
      vertex -13.3939 -32.3358 0
      vertex -10.5238 -25.4067 0
      vertex -11.2504 -33.1426 0
    endloop
  endfacet
  facet normal -0 0 -1
    outer loop
      vertex -10.5238 -25.4067 0
      vertex -13.3939 -32.3358 0
      vertex -12.1629 -24.664 0
    endloop
  endfacet
  facet normal 0 0 -1
    outer loop
      vertex -15.4801 -31.3905 0
      vertex -12.1629 -24.664 0
      vertex -13.3939 -32.3358 0
    endloop
  endfacet
  facet normal -0 0 -1
    outer loop
      vertex -12.1629 -24.664 0
      vertex -15.4801 -31.3905 0
      vertex -13.75 -23.8157 0
    endloop
  endfacet
  facet normal 0 0 -1
    outer loop
      vertex -17.5 -30.3109 0
      vertex -13.75 -23.8157 0
      vertex -15.4801 -31.3905 0
    endloop
  endfacet
  facet normal -0 0 -1
    outer loop
      vertex -13.75 -23.8157 0
      vertex -17.5 -30.3109 0
      vertex -15.2782 -22.8654 0
    endloop
  endfacet
  facet normal 0 0 -1
    outer loop
      vertex -19.445 -29.1014 0
      vertex -15.2782 -22.8654 0
      vertex -17.5 -30.3109 0
    endloop
  endfacet
  facet normal -0 0 -1
    outer loop
      vertex -15.2782 -22.8654 0
      vertex -19.445 -29.1014 0
      vertex -16.7409 -21.8172 0
    endloop
  endfacet
  facet normal 0 0 -1
    outer loop
      vertex -21.3066 -27.7674 0
      vertex -16.7409 -21.8172 0
      vertex -19.445 -29.1014 0
    endloop
  endfacet
  facet normal -0 0 -1
    outer loop
      vertex -16.7409 -21.8172 0
      vertex -21.3066 -27.7674 0
      vertex -18.132 -20.6756 0
    endloop
  endfacet
  facet normal 0 0 -1
    outer loop
      vertex -23.0771 -26.3144 0
      vertex -18.132 -20.6756 0
      vertex -21.3066 -27.7674 0
    endloop
  endfacet
  facet normal -0 0 -1
    outer loop
      vertex -18.132 -20.6756 0
      vertex -23.0771 -26.3144 0
      vertex -19.4454 -19.4454 0
    endloop
  endfacet
  facet normal 0 0 -1
    outer loop
      vertex -24.7487 -24.7487 0
      vertex -19.4454 -19.4454 0
      vertex -23.0771 -26.3144 0
    endloop
  endfacet
  facet normal -0 0 -1
    outer loop
      vertex -19.4454 -19.4454 0
      vertex -24.7487 -24.7487 0
      vertex -20.6756 -18.132 0
    endloop
  endfacet
  facet normal 0 0 -1
    outer loop
      vertex -26.3144 -23.0771 0
      vertex -20.6756 -18.132 0
      vertex -24.7487 -24.7487 0
    endloop
  endfacet
  facet normal -0 0 -1
    outer loop
      vertex -20.6756 -18.132 0
      vertex -26.3144 -23.0771 0
      vertex -21.8172 -16.7409 0
    endloop
  endfacet
  facet normal 0 0 -1
    outer loop
      vertex -27.7674 -21.3066 0
      vertex -21.8172 -16.7409 0
      vertex -26.3144 -23.0771 0
    endloop
  endfacet
  facet normal -0 0 -1
    outer loop
      vertex -21.8172 -16.7409 0
      vertex -27.7674 -21.3066 0
      vertex -22.8654 -15.2782 0
    endloop
  endfacet
  facet normal 0 0 -1
    outer loop
      vertex -29.1014 -19.445 0
      vertex -22.8654 -15.2782 0
      vertex -27.7674 -21.3066 0
    endloop
  endfacet
  facet normal -0 0 -1
    outer loop
      vertex -22.8654 -15.2782 0
      vertex -29.1014 -19.445 0
      vertex -23.8157 -13.75 0
    endloop
  endfacet
  facet normal 0 0 -1
    outer loop
      vertex -30.3109 -17.5 0
      vertex -23.8157 -13.75 0
      vertex -29.1014 -19.445 0
    endloop
  endfacet
  facet normal -0 0 -1
    outer loop
      vertex -23.8157 -13.75 0
      vertex -30.3109 -17.5 0
      vertex -24.664 -12.1629 0
    endloop
  endfacet
  facet normal 0 0 -1
    outer loop
      vertex -31.3905 -15.4801 0
      vertex -24.664 -12.1629 0
      vertex -30.3109 -17.5 0
    endloop
  endfacet
  facet normal -0 0 -1
    outer loop
      vertex -24.664 -12.1629 0
      vertex -31.3905 -15.4801 0
      vertex -25.4067 -10.5238 0
    endloop
  endfacet
  facet normal 0 0 -1
    outer loop
      vertex -32.3358 -13.3939 0
      vertex -25.4067 -10.5238 0
      vertex -31.3905 -15.4801 0
    endloop
  endfacet
  facet normal 0 0 -1
    outer loop
      vertex -33.1426 -11.2504 0
      vertex -26.0406 -8.83958 0
      vertex -32.3358 -13.3939 0
    endloop
  endfacet
  facet normal -0 0 -1
    outer loop
      vertex -25.4067 -10.5238 0
      vertex -32.3358 -13.3939 0
      vertex -26.0406 -8.83958 0
    endloop
  endfacet
  facet normal 0.68361 -0.729848 0
    outer loop
      vertex 23.0771 -26.3144 0
      vertex 24.7487 -24.7487 2.5
      vertex 23.0771 -26.3144 2.5
    endloop
  endfacet
  facet normal 0.68361 -0.729848 0
    outer loop
      vertex 24.7487 -24.7487 2.5
      vertex 23.0771 -26.3144 0
      vertex 24.7487 -24.7487 0
    endloop
  endfacet
  facet normal -0.999465 0.0327026 0
    outer loop
      vertex -35 0 0
      vertex -34.9251 2.28911 2.5
      vertex -34.9251 2.28911 0
    endloop
  endfacet
  facet normal -0.999465 0.0327026 0
    outer loop
      vertex -34.9251 2.28911 2.5
      vertex -35 0 0
      vertex -35 0 2.5
    endloop
  endfacet
  facet normal 0.910855 -0.412727 0
    outer loop
      vertex 31.3905 -15.4801 2.5
      vertex 32.3358 -13.3939 0
      vertex 32.3358 -13.3939 2.5
    endloop
  endfacet
  facet normal 0.910855 -0.412727 0
    outer loop
      vertex 32.3358 -13.3939 0
      vertex 31.3905 -15.4801 2.5
      vertex 31.3905 -15.4801 0
    endloop
  endfacet
  facet normal -0.995184 -0.0980247 0
    outer loop
      vertex 27.4411 1.79859 0
      vertex 27.2647 3.58947 4
      vertex 27.2647 3.58947 0
    endloop
  endfacet
  facet normal -0.995184 -0.0980247 0
    outer loop
      vertex 27.2647 3.58947 4
      vertex 27.4411 1.79859 0
      vertex 27.4411 1.79859 4
    endloop
  endfacet
  facet normal -0.999464 -0.0327303 0
    outer loop
      vertex 27.5 0 0
      vertex 27.4411 1.79859 4
      vertex 27.4411 1.79859 0
    endloop
  endfacet
  facet normal -0.999464 -0.0327303 0
    outer loop
      vertex 27.4411 1.79859 4
      vertex 27.5 0 0
      vertex 27.5 0 4
    endloop
  endfacet
  facet normal -0.986647 -0.162875 0
    outer loop
      vertex 27.2647 3.58947 0
      vertex 26.9716 5.36498 4
      vertex 26.9716 5.36498 0
    endloop
  endfacet
  facet normal -0.986647 -0.162875 0
    outer loop
      vertex 26.9716 5.36498 4
      vertex 27.2647 3.58947 0
      vertex 27.2647 3.58947 4
    endloop
  endfacet
  facet normal -0.910857 0.412722 0
    outer loop
      vertex 24.664 -12.1629 0
      vertex 25.4067 -10.5238 4
      vertex 25.4067 -10.5238 0
    endloop
  endfacet
  facet normal -0.910857 0.412722 0
    outer loop
      vertex 25.4067 -10.5238 4
      vertex 24.664 -12.1629 0
      vertex 24.664 -12.1629 4
    endloop
  endfacet
  facet normal 0.973881 0.227058 0
    outer loop
      vertex -26.563 -7.11752 4
      vertex -26.9716 -5.36498 0
      vertex -26.9716 -5.36498 4
    endloop
  endfacet
  facet normal 0.973881 0.227058 0
    outer loop
      vertex -26.9716 -5.36498 0
      vertex -26.563 -7.11752 4
      vertex -26.563 -7.11752 0
    endloop
  endfacet
  facet normal -0.52807 0.849201 0
    outer loop
      vertex 15.2782 -22.8654 0
      vertex 13.75 -23.8157 4
      vertex 15.2782 -22.8654 4
    endloop
  endfacet
  facet normal -0.52807 0.849201 0
    outer loop
      vertex 13.75 -23.8157 4
      vertex 15.2782 -22.8654 0
      vertex 13.75 -23.8157 0
    endloop
  endfacet
  facet normal 0.290294 0.956937 -0
    outer loop
      vertex -7.11752 -26.563 0
      vertex -8.83958 -26.0406 4
      vertex -7.11752 -26.563 4
    endloop
  endfacet
  facet normal 0.290294 0.956937 0
    outer loop
      vertex -8.83958 -26.0406 4
      vertex -7.11752 -26.563 0
      vertex -8.83958 -26.0406 0
    endloop
  endfacet
  facet normal -0.227058 0.973881 0
    outer loop
      vertex 7.11752 -26.563 0
      vertex 5.36498 -26.9716 4
      vertex 7.11752 -26.563 4
    endloop
  endfacet
  facet normal -0.227058 0.973881 0
    outer loop
      vertex 5.36498 -26.9716 4
      vertex 7.11752 -26.563 0
      vertex 5.36498 -26.9716 0
    endloop
  endfacet
  facet normal 0.956937 -0.290294 0
    outer loop
      vertex -26.563 7.11752 4
      vertex -26.0406 8.83958 0
      vertex -26.0406 8.83958 4
    endloop
  endfacet
  facet normal 0.956937 -0.290294 0
    outer loop
      vertex -26.0406 8.83958 0
      vertex -26.563 7.11752 4
      vertex -26.563 7.11752 0
    endloop
  endfacet
  facet normal -0.634378 -0.773023 0
    outer loop
      vertex 16.7409 21.8172 0
      vertex 18.132 20.6756 4
      vertex 16.7409 21.8172 4
    endloop
  endfacet
  facet normal -0.634378 -0.773023 -0
    outer loop
      vertex 18.132 20.6756 4
      vertex 16.7409 21.8172 0
      vertex 18.132 20.6756 0
    endloop
  endfacet
  facet normal 0.683612 -0.729846 0
    outer loop
      vertex -19.4454 19.4454 0
      vertex -18.132 20.6756 4
      vertex -19.4454 19.4454 4
    endloop
  endfacet
  facet normal 0.683612 -0.729846 0
    outer loop
      vertex -18.132 20.6756 4
      vertex -19.4454 19.4454 0
      vertex -18.132 20.6756 0
    endloop
  endfacet
  facet normal 0.986647 0.162875 0
    outer loop
      vertex -26.9716 -5.36498 4
      vertex -27.2647 -3.58947 0
      vertex -27.2647 -3.58947 4
    endloop
  endfacet
  facet normal 0.986647 0.162875 0
    outer loop
      vertex -27.2647 -3.58947 0
      vertex -26.9716 -5.36498 4
      vertex -26.9716 -5.36498 0
    endloop
  endfacet
  facet normal -0.0327303 -0.999464 0
    outer loop
      vertex 0 27.5 0
      vertex 1.79859 27.4411 4
      vertex 0 27.5 4
    endloop
  endfacet
  facet normal -0.0327303 -0.999464 -0
    outer loop
      vertex 1.79859 27.4411 4
      vertex 0 27.5 0
      vertex 1.79859 27.4411 0
    endloop
  endfacet
  facet normal 0.973881 -0.227058 0
    outer loop
      vertex -26.9716 5.36498 4
      vertex -26.563 7.11752 0
      vertex -26.563 7.11752 4
    endloop
  endfacet
  facet normal 0.973881 -0.227058 0
    outer loop
      vertex -26.563 7.11752 0
      vertex -26.9716 5.36498 4
      vertex -26.9716 5.36498 0
    endloop
  endfacet
  facet normal -0.812835 0.582494 0
    outer loop
      vertex 21.8172 -16.7409 0
      vertex 22.8654 -15.2782 4
      vertex 22.8654 -15.2782 0
    endloop
  endfacet
  facet normal -0.812835 0.582494 0
    outer loop
      vertex 22.8654 -15.2782 4
      vertex 21.8172 -16.7409 0
      vertex 21.8172 -16.7409 4
    endloop
  endfacet
  facet normal 0.227058 -0.973881 0
    outer loop
      vertex -7.11752 26.563 0
      vertex -5.36498 26.9716 4
      vertex -7.11752 26.563 4
    endloop
  endfacet
  facet normal 0.227058 -0.973881 0
    outer loop
      vertex -5.36498 26.9716 4
      vertex -7.11752 26.563 0
      vertex -5.36498 26.9716 0
    endloop
  endfacet
  facet normal 0.471387 0.881926 -0
    outer loop
      vertex -12.1629 -24.664 0
      vertex -13.75 -23.8157 4
      vertex -12.1629 -24.664 4
    endloop
  endfacet
  facet normal 0.471387 0.881926 0
    outer loop
      vertex -13.75 -23.8157 4
      vertex -12.1629 -24.664 0
      vertex -13.75 -23.8157 0
    endloop
  endfacet
  facet normal -0.729846 0.683612 0
    outer loop
      vertex 19.4454 -19.4454 0
      vertex 20.6756 -18.132 4
      vertex 20.6756 -18.132 0
    endloop
  endfacet
  facet normal -0.729846 0.683612 0
    outer loop
      vertex 20.6756 -18.132 4
      vertex 19.4454 -19.4454 0
      vertex 19.4454 -19.4454 4
    endloop
  endfacet
  facet normal -0.683612 -0.729846 0
    outer loop
      vertex 18.132 20.6756 0
      vertex 19.4454 19.4454 4
      vertex 18.132 20.6756 4
    endloop
  endfacet
  facet normal -0.683612 -0.729846 -0
    outer loop
      vertex 19.4454 19.4454 4
      vertex 18.132 20.6756 0
      vertex 19.4454 19.4454 0
    endloop
  endfacet
  facet normal -0.849201 -0.52807 0
    outer loop
      vertex 23.8157 13.75 0
      vertex 22.8654 15.2782 4
      vertex 22.8654 15.2782 0
    endloop
  endfacet
  facet normal -0.849201 -0.52807 0
    outer loop
      vertex 22.8654 15.2782 4
      vertex 23.8157 13.75 0
      vertex 23.8157 13.75 4
    endloop
  endfacet
  facet normal -0.935905 0.352252 0
    outer loop
      vertex 25.4067 -10.5238 0
      vertex 26.0406 -8.83958 4
      vertex 26.0406 -8.83958 0
    endloop
  endfacet
  facet normal -0.935905 0.352252 0
    outer loop
      vertex 26.0406 -8.83958 4
      vertex 25.4067 -10.5238 0
      vertex 25.4067 -10.5238 4
    endloop
  endfacet
  facet normal -0.227058 -0.973881 0
    outer loop
      vertex 5.36498 26.9716 0
      vertex 7.11752 26.563 4
      vertex 5.36498 26.9716 4
    endloop
  endfacet
  facet normal -0.227058 -0.973881 -0
    outer loop
      vertex 7.11752 26.563 4
      vertex 5.36498 26.9716 0
      vertex 7.11752 26.563 0
    endloop
  endfacet
  facet normal 0.0327303 0.999464 -0
    outer loop
      vertex 0 -27.5 0
      vertex -1.79859 -27.4411 4
      vertex 0 -27.5 4
    endloop
  endfacet
  facet normal 0.0327303 0.999464 0
    outer loop
      vertex -1.79859 -27.4411 4
      vertex 0 -27.5 0
      vertex -1.79859 -27.4411 0
    endloop
  endfacet
  facet normal -0.0980247 -0.995184 0
    outer loop
      vertex 1.79859 27.4411 0
      vertex 3.58947 27.2647 4
      vertex 1.79859 27.4411 4
    endloop
  endfacet
  facet normal -0.0980247 -0.995184 -0
    outer loop
      vertex 3.58947 27.2647 4
      vertex 1.79859 27.4411 0
      vertex 3.58947 27.2647 0
    endloop
  endfacet
  facet normal 0.634378 0.773023 -0
    outer loop
      vertex -16.7409 -21.8172 0
      vertex -18.132 -20.6756 4
      vertex -16.7409 -21.8172 4
    endloop
  endfacet
  facet normal 0.634378 0.773023 0
    outer loop
      vertex -18.132 -20.6756 4
      vertex -16.7409 -21.8172 0
      vertex -18.132 -20.6756 0
    endloop
  endfacet
  facet normal -0.973881 -0.227058 0
    outer loop
      vertex 26.9716 5.36498 0
      vertex 26.563 7.11752 4
      vertex 26.563 7.11752 0
    endloop
  endfacet
  facet normal -0.973881 -0.227058 0
    outer loop
      vertex 26.563 7.11752 4
      vertex 26.9716 5.36498 0
      vertex 26.9716 5.36498 4
    endloop
  endfacet
  facet normal 0.729846 -0.683612 0
    outer loop
      vertex -20.6756 18.132 4
      vertex -19.4454 19.4454 0
      vertex -19.4454 19.4454 4
    endloop
  endfacet
  facet normal 0.729846 -0.683612 0
    outer loop
      vertex -19.4454 19.4454 0
      vertex -20.6756 18.132 4
      vertex -20.6756 18.132 0
    endloop
  endfacet
  facet normal 0.812835 0.582494 0
    outer loop
      vertex -21.8172 -16.7409 4
      vertex -22.8654 -15.2782 0
      vertex -22.8654 -15.2782 4
    endloop
  endfacet
  facet normal 0.812835 0.582494 0
    outer loop
      vertex -22.8654 -15.2782 0
      vertex -21.8172 -16.7409 4
      vertex -21.8172 -16.7409 0
    endloop
  endfacet
  facet normal 0.471387 -0.881926 0
    outer loop
      vertex -13.75 23.8157 0
      vertex -12.1629 24.664 4
      vertex -13.75 23.8157 4
    endloop
  endfacet
  facet normal 0.471387 -0.881926 0
    outer loop
      vertex -12.1629 24.664 4
      vertex -13.75 23.8157 0
      vertex -12.1629 24.664 0
    endloop
  endfacet
  facet normal 0.0980247 -0.995184 0
    outer loop
      vertex -3.58947 27.2647 0
      vertex -1.79859 27.4411 4
      vertex -3.58947 27.2647 4
    endloop
  endfacet
  facet normal 0.0980247 -0.995184 0
    outer loop
      vertex -1.79859 27.4411 4
      vertex -3.58947 27.2647 0
      vertex -1.79859 27.4411 0
    endloop
  endfacet
  facet normal 0.956937 0.290294 0
    outer loop
      vertex -26.0406 -8.83958 4
      vertex -26.563 -7.11752 0
      vertex -26.563 -7.11752 4
    endloop
  endfacet
  facet normal 0.956937 0.290294 0
    outer loop
      vertex -26.563 -7.11752 0
      vertex -26.0406 -8.83958 4
      vertex -26.0406 -8.83958 0
    endloop
  endfacet
  facet normal 0.995184 -0.0980247 0
    outer loop
      vertex -27.4411 1.79859 4
      vertex -27.2647 3.58947 0
      vertex -27.2647 3.58947 4
    endloop
  endfacet
  facet normal 0.995184 -0.0980247 0
    outer loop
      vertex -27.2647 3.58947 0
      vertex -27.4411 1.79859 4
      vertex -27.4411 1.79859 0
    endloop
  endfacet
  facet normal -0.935905 -0.352252 0
    outer loop
      vertex 26.0406 8.83958 0
      vertex 25.4067 10.5238 4
      vertex 25.4067 10.5238 0
    endloop
  endfacet
  facet normal -0.935905 -0.352252 0
    outer loop
      vertex 25.4067 10.5238 4
      vertex 26.0406 8.83958 0
      vertex 26.0406 8.83958 4
    endloop
  endfacet
  facet normal -0.999464 0.0327303 0
    outer loop
      vertex 27.4411 -1.79859 0
      vertex 27.5 0 4
      vertex 27.5 0 0
    endloop
  endfacet
  facet normal -0.999464 0.0327303 0
    outer loop
      vertex 27.5 0 4
      vertex 27.4411 -1.79859 0
      vertex 27.4411 -1.79859 4
    endloop
  endfacet
  facet normal 0.52807 -0.849201 0
    outer loop
      vertex -15.2782 22.8654 0
      vertex -13.75 23.8157 4
      vertex -15.2782 22.8654 4
    endloop
  endfacet
  facet normal 0.52807 -0.849201 0
    outer loop
      vertex -13.75 23.8157 4
      vertex -15.2782 22.8654 0
      vertex -13.75 23.8157 0
    endloop
  endfacet
  facet normal -0.290294 0.956937 0
    outer loop
      vertex 8.83958 -26.0406 0
      vertex 7.11752 -26.563 4
      vertex 8.83958 -26.0406 4
    endloop
  endfacet
  facet normal -0.290294 0.956937 0
    outer loop
      vertex 7.11752 -26.563 4
      vertex 8.83958 -26.0406 0
      vertex 7.11752 -26.563 0
    endloop
  endfacet
  facet normal -0.471387 0.881926 0
    outer loop
      vertex 13.75 -23.8157 0
      vertex 12.1629 -24.664 4
      vertex 13.75 -23.8157 4
    endloop
  endfacet
  facet normal -0.471387 0.881926 0
    outer loop
      vertex 12.1629 -24.664 4
      vertex 13.75 -23.8157 0
      vertex 12.1629 -24.664 0
    endloop
  endfacet
  facet normal -0.52807 -0.849201 0
    outer loop
      vertex 13.75 23.8157 0
      vertex 15.2782 22.8654 4
      vertex 13.75 23.8157 4
    endloop
  endfacet
  facet normal -0.52807 -0.849201 -0
    outer loop
      vertex 15.2782 22.8654 4
      vertex 13.75 23.8157 0
      vertex 15.2782 22.8654 0
    endloop
  endfacet
  facet normal 0.729846 0.683612 0
    outer loop
      vertex -19.4454 -19.4454 4
      vertex -20.6756 -18.132 0
      vertex -20.6756 -18.132 4
    endloop
  endfacet
  facet normal 0.729846 0.683612 0
    outer loop
      vertex -20.6756 -18.132 0
      vertex -19.4454 -19.4454 4
      vertex -19.4454 -19.4454 0
    endloop
  endfacet
  facet normal 0.999464 -0.0327303 0
    outer loop
      vertex -27.5 0 4
      vertex -27.4411 1.79859 0
      vertex -27.4411 1.79859 4
    endloop
  endfacet
  facet normal 0.999464 -0.0327303 0
    outer loop
      vertex -27.4411 1.79859 0
      vertex -27.5 0 4
      vertex -27.5 0 0
    endloop
  endfacet
  facet normal -0.973881 0.227058 0
    outer loop
      vertex 26.563 -7.11752 0
      vertex 26.9716 -5.36498 4
      vertex 26.9716 -5.36498 0
    endloop
  endfacet
  facet normal -0.973881 0.227058 0
    outer loop
      vertex 26.9716 -5.36498 4
      vertex 26.563 -7.11752 0
      vertex 26.563 -7.11752 4
    endloop
  endfacet
  facet normal 0.634378 -0.773023 0
    outer loop
      vertex -18.132 20.6756 0
      vertex -16.7409 21.8172 4
      vertex -18.132 20.6756 4
    endloop
  endfacet
  facet normal 0.634378 -0.773023 0
    outer loop
      vertex -16.7409 21.8172 4
      vertex -18.132 20.6756 0
      vertex -16.7409 21.8172 0
    endloop
  endfacet
  facet normal 0.935905 0.352252 0
    outer loop
      vertex -25.4067 -10.5238 4
      vertex -26.0406 -8.83958 0
      vertex -26.0406 -8.83958 4
    endloop
  endfacet
  facet normal 0.935905 0.352252 0
    outer loop
      vertex -26.0406 -8.83958 0
      vertex -25.4067 -10.5238 4
      vertex -25.4067 -10.5238 0
    endloop
  endfacet
  facet normal -0.986647 0.162875 0
    outer loop
      vertex 26.9716 -5.36498 0
      vertex 27.2647 -3.58947 4
      vertex 27.2647 -3.58947 0
    endloop
  endfacet
  facet normal -0.986647 0.162875 0
    outer loop
      vertex 27.2647 -3.58947 4
      vertex 26.9716 -5.36498 0
      vertex 26.9716 -5.36498 4
    endloop
  endfacet
  facet normal 0.412722 -0.910857 0
    outer loop
      vertex -12.1629 24.664 0
      vertex -10.5238 25.4067 4
      vertex -12.1629 24.664 4
    endloop
  endfacet
  facet normal 0.412722 -0.910857 0
    outer loop
      vertex -10.5238 25.4067 4
      vertex -12.1629 24.664 0
      vertex -10.5238 25.4067 0
    endloop
  endfacet
  facet normal -0.0327303 0.999464 0
    outer loop
      vertex 1.79859 -27.4411 0
      vertex 0 -27.5 4
      vertex 1.79859 -27.4411 4
    endloop
  endfacet
  facet normal -0.0327303 0.999464 0
    outer loop
      vertex 0 -27.5 4
      vertex 1.79859 -27.4411 0
      vertex 0 -27.5 0
    endloop
  endfacet
  facet normal -0.956937 -0.290294 0
    outer loop
      vertex 26.563 7.11752 0
      vertex 26.0406 8.83958 4
      vertex 26.0406 8.83958 0
    endloop
  endfacet
  facet normal -0.956937 -0.290294 0
    outer loop
      vertex 26.0406 8.83958 4
      vertex 26.563 7.11752 0
      vertex 26.563 7.11752 4
    endloop
  endfacet
  facet normal 0.162875 -0.986647 0
    outer loop
      vertex -5.36498 26.9716 0
      vertex -3.58947 27.2647 4
      vertex -5.36498 26.9716 4
    endloop
  endfacet
  facet normal 0.162875 -0.986647 0
    outer loop
      vertex -3.58947 27.2647 4
      vertex -5.36498 26.9716 0
      vertex -3.58947 27.2647 0
    endloop
  endfacet
  facet normal -0.881926 -0.471387 0
    outer loop
      vertex 24.664 12.1629 0
      vertex 23.8157 13.75 4
      vertex 23.8157 13.75 0
    endloop
  endfacet
  facet normal -0.881926 -0.471387 0
    outer loop
      vertex 23.8157 13.75 4
      vertex 24.664 12.1629 0
      vertex 24.664 12.1629 4
    endloop
  endfacet
  facet normal 0.290294 -0.956937 0
    outer loop
      vertex -8.83958 26.0406 0
      vertex -7.11752 26.563 4
      vertex -8.83958 26.0406 4
    endloop
  endfacet
  facet normal 0.290294 -0.956937 0
    outer loop
      vertex -7.11752 26.563 4
      vertex -8.83958 26.0406 0
      vertex -7.11752 26.563 0
    endloop
  endfacet
  facet normal -0.352252 0.935905 0
    outer loop
      vertex 10.5238 -25.4067 0
      vertex 8.83958 -26.0406 4
      vertex 10.5238 -25.4067 4
    endloop
  endfacet
  facet normal -0.352252 0.935905 0
    outer loop
      vertex 8.83958 -26.0406 4
      vertex 10.5238 -25.4067 0
      vertex 8.83958 -26.0406 0
    endloop
  endfacet
  facet normal -0.910857 -0.412722 0
    outer loop
      vertex 25.4067 10.5238 0
      vertex 24.664 12.1629 4
      vertex 24.664 12.1629 0
    endloop
  endfacet
  facet normal -0.910857 -0.412722 0
    outer loop
      vertex 24.664 12.1629 4
      vertex 25.4067 10.5238 0
      vertex 25.4067 10.5238 4
    endloop
  endfacet
  facet normal 0.352252 -0.935905 0
    outer loop
      vertex -10.5238 25.4067 0
      vertex -8.83958 26.0406 4
      vertex -10.5238 25.4067 4
    endloop
  endfacet
  facet normal 0.352252 -0.935905 0
    outer loop
      vertex -8.83958 26.0406 4
      vertex -10.5238 25.4067 0
      vertex -8.83958 26.0406 0
    endloop
  endfacet
  facet normal 0.849201 0.52807 0
    outer loop
      vertex -22.8654 -15.2782 4
      vertex -23.8157 -13.75 0
      vertex -23.8157 -13.75 4
    endloop
  endfacet
  facet normal 0.849201 0.52807 0
    outer loop
      vertex -23.8157 -13.75 0
      vertex -22.8654 -15.2782 4
      vertex -22.8654 -15.2782 0
    endloop
  endfacet
  facet normal 0.683612 0.729846 -0
    outer loop
      vertex -18.132 -20.6756 0
      vertex -19.4454 -19.4454 4
      vertex -18.132 -20.6756 4
    endloop
  endfacet
  facet normal 0.683612 0.729846 0
    outer loop
      vertex -19.4454 -19.4454 4
      vertex -18.132 -20.6756 0
      vertex -19.4454 -19.4454 0
    endloop
  endfacet
  facet normal -0.683612 0.729846 0
    outer loop
      vertex 19.4454 -19.4454 0
      vertex 18.132 -20.6756 4
      vertex 19.4454 -19.4454 4
    endloop
  endfacet
  facet normal -0.683612 0.729846 0
    outer loop
      vertex 18.132 -20.6756 4
      vertex 19.4454 -19.4454 0
      vertex 18.132 -20.6756 0
    endloop
  endfacet
  facet normal -0.773023 0.634378 0
    outer loop
      vertex 20.6756 -18.132 0
      vertex 21.8172 -16.7409 4
      vertex 21.8172 -16.7409 0
    endloop
  endfacet
  facet normal -0.773023 0.634378 0
    outer loop
      vertex 21.8172 -16.7409 4
      vertex 20.6756 -18.132 0
      vertex 20.6756 -18.132 4
    endloop
  endfacet
  facet normal -0.849201 0.52807 0
    outer loop
      vertex 22.8654 -15.2782 0
      vertex 23.8157 -13.75 4
      vertex 23.8157 -13.75 0
    endloop
  endfacet
  facet normal -0.849201 0.52807 0
    outer loop
      vertex 23.8157 -13.75 4
      vertex 22.8654 -15.2782 0
      vertex 22.8654 -15.2782 4
    endloop
  endfacet
  facet normal 0.0327303 -0.999464 0
    outer loop
      vertex -1.79859 27.4411 0
      vertex 0 27.5 4
      vertex -1.79859 27.4411 4
    endloop
  endfacet
  facet normal 0.0327303 -0.999464 0
    outer loop
      vertex 0 27.5 4
      vertex -1.79859 27.4411 0
      vertex 0 27.5 0
    endloop
  endfacet
  facet normal -0.812835 -0.582494 0
    outer loop
      vertex 22.8654 15.2782 0
      vertex 21.8172 16.7409 4
      vertex 21.8172 16.7409 0
    endloop
  endfacet
  facet normal -0.812835 -0.582494 0
    outer loop
      vertex 21.8172 16.7409 4
      vertex 22.8654 15.2782 0
      vertex 22.8654 15.2782 4
    endloop
  endfacet
  facet normal 0.999464 0.0327303 0
    outer loop
      vertex -27.4411 -1.79859 4
      vertex -27.5 0 0
      vertex -27.5 0 4
    endloop
  endfacet
  facet normal 0.999464 0.0327303 0
    outer loop
      vertex -27.5 0 0
      vertex -27.4411 -1.79859 4
      vertex -27.4411 -1.79859 0
    endloop
  endfacet
  facet normal 0.881926 0.471387 0
    outer loop
      vertex -23.8157 -13.75 4
      vertex -24.664 -12.1629 0
      vertex -24.664 -12.1629 4
    endloop
  endfacet
  facet normal 0.881926 0.471387 0
    outer loop
      vertex -24.664 -12.1629 0
      vertex -23.8157 -13.75 4
      vertex -23.8157 -13.75 0
    endloop
  endfacet
  facet normal 0.910857 0.412722 0
    outer loop
      vertex -24.664 -12.1629 4
      vertex -25.4067 -10.5238 0
      vertex -25.4067 -10.5238 4
    endloop
  endfacet
  facet normal 0.910857 0.412722 0
    outer loop
      vertex -25.4067 -10.5238 0
      vertex -24.664 -12.1629 4
      vertex -24.664 -12.1629 0
    endloop
  endfacet
  facet normal -0.0980247 0.995184 0
    outer loop
      vertex 3.58947 -27.2647 0
      vertex 1.79859 -27.4411 4
      vertex 3.58947 -27.2647 4
    endloop
  endfacet
  facet normal -0.0980247 0.995184 0
    outer loop
      vertex 1.79859 -27.4411 4
      vertex 3.58947 -27.2647 0
      vertex 1.79859 -27.4411 0
    endloop
  endfacet
  facet normal -0.412722 -0.910857 0
    outer loop
      vertex 10.5238 25.4067 0
      vertex 12.1629 24.664 4
      vertex 10.5238 25.4067 4
    endloop
  endfacet
  facet normal -0.412722 -0.910857 -0
    outer loop
      vertex 12.1629 24.664 4
      vertex 10.5238 25.4067 0
      vertex 12.1629 24.664 0
    endloop
  endfacet
  facet normal -0.995184 0.0980247 0
    outer loop
      vertex 27.2647 -3.58947 0
      vertex 27.4411 -1.79859 4
      vertex 27.4411 -1.79859 0
    endloop
  endfacet
  facet normal -0.995184 0.0980247 0
    outer loop
      vertex 27.4411 -1.79859 4
      vertex 27.2647 -3.58947 0
      vertex 27.2647 -3.58947 4
    endloop
  endfacet
  facet normal -0.412722 0.910857 0
    outer loop
      vertex 12.1629 -24.664 0
      vertex 10.5238 -25.4067 4
      vertex 12.1629 -24.664 4
    endloop
  endfacet
  facet normal -0.412722 0.910857 0
    outer loop
      vertex 10.5238 -25.4067 4
      vertex 12.1629 -24.664 0
      vertex 10.5238 -25.4067 0
    endloop
  endfacet
  facet normal -0.956937 0.290294 0
    outer loop
      vertex 26.0406 -8.83958 0
      vertex 26.563 -7.11752 4
      vertex 26.563 -7.11752 0
    endloop
  endfacet
  facet normal -0.956937 0.290294 0
    outer loop
      vertex 26.563 -7.11752 4
      vertex 26.0406 -8.83958 0
      vertex 26.0406 -8.83958 4
    endloop
  endfacet
  facet normal -0.471387 -0.881926 0
    outer loop
      vertex 12.1629 24.664 0
      vertex 13.75 23.8157 4
      vertex 12.1629 24.664 4
    endloop
  endfacet
  facet normal -0.471387 -0.881926 -0
    outer loop
      vertex 13.75 23.8157 4
      vertex 12.1629 24.664 0
      vertex 13.75 23.8157 0
    endloop
  endfacet
  facet normal -0.582494 -0.812835 0
    outer loop
      vertex 15.2782 22.8654 0
      vertex 16.7409 21.8172 4
      vertex 15.2782 22.8654 4
    endloop
  endfacet
  facet normal -0.582494 -0.812835 -0
    outer loop
      vertex 16.7409 21.8172 4
      vertex 15.2782 22.8654 0
      vertex 16.7409 21.8172 0
    endloop
  endfacet
  facet normal -0.634378 0.773023 0
    outer loop
      vertex 18.132 -20.6756 0
      vertex 16.7409 -21.8172 4
      vertex 18.132 -20.6756 4
    endloop
  endfacet
  facet normal -0.634378 0.773023 0
    outer loop
      vertex 16.7409 -21.8172 4
      vertex 18.132 -20.6756 0
      vertex 16.7409 -21.8172 0
    endloop
  endfacet
  facet normal -0.162875 -0.986647 0
    outer loop
      vertex 3.58947 27.2647 0
      vertex 5.36498 26.9716 4
      vertex 3.58947 27.2647 4
    endloop
  endfacet
  facet normal -0.162875 -0.986647 -0
    outer loop
      vertex 5.36498 26.9716 4
      vertex 3.58947 27.2647 0
      vertex 5.36498 26.9716 0
    endloop
  endfacet
  facet normal -0.729846 -0.683612 0
    outer loop
      vertex 20.6756 18.132 0
      vertex 19.4454 19.4454 4
      vertex 19.4454 19.4454 0
    endloop
  endfacet
  facet normal -0.729846 -0.683612 0
    outer loop
      vertex 19.4454 19.4454 4
      vertex 20.6756 18.132 0
      vertex 20.6756 18.132 4
    endloop
  endfacet
  facet normal 0.52807 0.849201 -0
    outer loop
      vertex -13.75 -23.8157 0
      vertex -15.2782 -22.8654 4
      vertex -13.75 -23.8157 4
    endloop
  endfacet
  facet normal 0.52807 0.849201 0
    outer loop
      vertex -15.2782 -22.8654 4
      vertex -13.75 -23.8157 0
      vertex -15.2782 -22.8654 0
    endloop
  endfacet
  facet normal -0.582494 0.812835 0
    outer loop
      vertex 16.7409 -21.8172 0
      vertex 15.2782 -22.8654 4
      vertex 16.7409 -21.8172 4
    endloop
  endfacet
  facet normal -0.582494 0.812835 0
    outer loop
      vertex 15.2782 -22.8654 4
      vertex 16.7409 -21.8172 0
      vertex 15.2782 -22.8654 0
    endloop
  endfacet
  facet normal 0.582494 -0.812835 0
    outer loop
      vertex -16.7409 21.8172 0
      vertex -15.2782 22.8654 4
      vertex -16.7409 21.8172 4
    endloop
  endfacet
  facet normal 0.582494 -0.812835 0
    outer loop
      vertex -15.2782 22.8654 4
      vertex -16.7409 21.8172 0
      vertex -15.2782 22.8654 0
    endloop
  endfacet
  facet normal 0.773023 -0.634378 0
    outer loop
      vertex -21.8172 16.7409 4
      vertex -20.6756 18.132 0
      vertex -20.6756 18.132 4
    endloop
  endfacet
  facet normal 0.773023 -0.634378 0
    outer loop
      vertex -20.6756 18.132 0
      vertex -21.8172 16.7409 4
      vertex -21.8172 16.7409 0
    endloop
  endfacet
  facet normal 0.910857 -0.412722 0
    outer loop
      vertex -25.4067 10.5238 4
      vertex -24.664 12.1629 0
      vertex -24.664 12.1629 4
    endloop
  endfacet
  facet normal 0.910857 -0.412722 0
    outer loop
      vertex -24.664 12.1629 0
      vertex -25.4067 10.5238 4
      vertex -25.4067 10.5238 0
    endloop
  endfacet
  facet normal 0.995184 0.0980247 0
    outer loop
      vertex -27.2647 -3.58947 4
      vertex -27.4411 -1.79859 0
      vertex -27.4411 -1.79859 4
    endloop
  endfacet
  facet normal 0.995184 0.0980247 0
    outer loop
      vertex -27.4411 -1.79859 0
      vertex -27.2647 -3.58947 4
      vertex -27.2647 -3.58947 0
    endloop
  endfacet
  facet normal 0.352252 0.935905 -0
    outer loop
      vertex -8.83958 -26.0406 0
      vertex -10.5238 -25.4067 4
      vertex -8.83958 -26.0406 4
    endloop
  endfacet
  facet normal 0.352252 0.935905 0
    outer loop
      vertex -10.5238 -25.4067 4
      vertex -8.83958 -26.0406 0
      vertex -10.5238 -25.4067 0
    endloop
  endfacet
  facet normal 0.935905 -0.352252 0
    outer loop
      vertex -26.0406 8.83958 4
      vertex -25.4067 10.5238 0
      vertex -25.4067 10.5238 4
    endloop
  endfacet
  facet normal 0.935905 -0.352252 0
    outer loop
      vertex -25.4067 10.5238 0
      vertex -26.0406 8.83958 4
      vertex -26.0406 8.83958 0
    endloop
  endfacet
  facet normal 0.849201 -0.52807 0
    outer loop
      vertex -23.8157 13.75 4
      vertex -22.8654 15.2782 0
      vertex -22.8654 15.2782 4
    endloop
  endfacet
  facet normal 0.849201 -0.52807 0
    outer loop
      vertex -22.8654 15.2782 0
      vertex -23.8157 13.75 4
      vertex -23.8157 13.75 0
    endloop
  endfacet
  facet normal 0.227058 0.973881 -0
    outer loop
      vertex -5.36498 -26.9716 0
      vertex -7.11752 -26.563 4
      vertex -5.36498 -26.9716 4
    endloop
  endfacet
  facet normal 0.227058 0.973881 0
    outer loop
      vertex -7.11752 -26.563 4
      vertex -5.36498 -26.9716 0
      vertex -7.11752 -26.563 0
    endloop
  endfacet
  facet normal 0.812835 -0.582494 0
    outer loop
      vertex -22.8654 15.2782 4
      vertex -21.8172 16.7409 0
      vertex -21.8172 16.7409 4
    endloop
  endfacet
  facet normal 0.812835 -0.582494 0
    outer loop
      vertex -21.8172 16.7409 0
      vertex -22.8654 15.2782 4
      vertex -22.8654 15.2782 0
    endloop
  endfacet
  facet normal -0.162875 0.986647 0
    outer loop
      vertex 5.36498 -26.9716 0
      vertex 3.58947 -27.2647 4
      vertex 5.36498 -26.9716 4
    endloop
  endfacet
  facet normal -0.162875 0.986647 0
    outer loop
      vertex 3.58947 -27.2647 4
      vertex 5.36498 -26.9716 0
      vertex 3.58947 -27.2647 0
    endloop
  endfacet
  facet normal -0.290294 -0.956937 0
    outer loop
      vertex 7.11752 26.563 0
      vertex 8.83958 26.0406 4
      vertex 7.11752 26.563 4
    endloop
  endfacet
  facet normal -0.290294 -0.956937 -0
    outer loop
      vertex 8.83958 26.0406 4
      vertex 7.11752 26.563 0
      vertex 8.83958 26.0406 0
    endloop
  endfacet
  facet normal -0.352252 -0.935905 0
    outer loop
      vertex 8.83958 26.0406 0
      vertex 10.5238 25.4067 4
      vertex 8.83958 26.0406 4
    endloop
  endfacet
  facet normal -0.352252 -0.935905 -0
    outer loop
      vertex 10.5238 25.4067 4
      vertex 8.83958 26.0406 0
      vertex 10.5238 25.4067 0
    endloop
  endfacet
  facet normal 0.881926 -0.471387 0
    outer loop
      vertex -24.664 12.1629 4
      vertex -23.8157 13.75 0
      vertex -23.8157 13.75 4
    endloop
  endfacet
  facet normal 0.881926 -0.471387 0
    outer loop
      vertex -23.8157 13.75 0
      vertex -24.664 12.1629 4
      vertex -24.664 12.1629 0
    endloop
  endfacet
  facet normal 0.986647 -0.162875 0
    outer loop
      vertex -27.2647 3.58947 4
      vertex -26.9716 5.36498 0
      vertex -26.9716 5.36498 4
    endloop
  endfacet
  facet normal 0.986647 -0.162875 0
    outer loop
      vertex -26.9716 5.36498 0
      vertex -27.2647 3.58947 4
      vertex -27.2647 3.58947 0
    endloop
  endfacet
  facet normal -0.773023 -0.634378 0
    outer loop
      vertex 21.8172 16.7409 0
      vertex 20.6756 18.132 4
      vertex 20.6756 18.132 0
    endloop
  endfacet
  facet normal -0.773023 -0.634378 0
    outer loop
      vertex 20.6756 18.132 4
      vertex 21.8172 16.7409 0
      vertex 21.8172 16.7409 4
    endloop
  endfacet
  facet normal 0.773023 0.634378 0
    outer loop
      vertex -20.6756 -18.132 4
      vertex -21.8172 -16.7409 0
      vertex -21.8172 -16.7409 4
    endloop
  endfacet
  facet normal 0.773023 0.634378 0
    outer loop
      vertex -21.8172 -16.7409 0
      vertex -20.6756 -18.132 4
      vertex -20.6756 -18.132 0
    endloop
  endfacet
  facet normal 0.162875 0.986647 -0
    outer loop
      vertex -3.58947 -27.2647 0
      vertex -5.36498 -26.9716 4
      vertex -3.58947 -27.2647 4
    endloop
  endfacet
  facet normal 0.162875 0.986647 0
    outer loop
      vertex -5.36498 -26.9716 4
      vertex -3.58947 -27.2647 0
      vertex -5.36498 -26.9716 0
    endloop
  endfacet
  facet normal 0.0980247 0.995184 -0
    outer loop
      vertex -1.79859 -27.4411 0
      vertex -3.58947 -27.2647 4
      vertex -1.79859 -27.4411 4
    endloop
  endfacet
  facet normal 0.0980247 0.995184 0
    outer loop
      vertex -3.58947 -27.2647 4
      vertex -1.79859 -27.4411 0
      vertex -3.58947 -27.2647 0
    endloop
  endfacet
  facet normal -0.881926 0.471387 0
    outer loop
      vertex 23.8157 -13.75 0
      vertex 24.664 -12.1629 4
      vertex 24.664 -12.1629 0
    endloop
  endfacet
  facet normal -0.881926 0.471387 0
    outer loop
      vertex 24.664 -12.1629 4
      vertex 23.8157 -13.75 0
      vertex 23.8157 -13.75 4
    endloop
  endfacet
  facet normal 0.412722 0.910857 -0
    outer loop
      vertex -10.5238 -25.4067 0
      vertex -12.1629 -24.664 4
      vertex -10.5238 -25.4067 4
    endloop
  endfacet
  facet normal 0.412722 0.910857 0
    outer loop
      vertex -12.1629 -24.664 4
      vertex -10.5238 -25.4067 0
      vertex -12.1629 -24.664 0
    endloop
  endfacet
  facet normal 0.582494 0.812835 -0
    outer loop
      vertex -15.2782 -22.8654 0
      vertex -16.7409 -21.8172 4
      vertex -15.2782 -22.8654 4
    endloop
  endfacet
  facet normal 0.582494 0.812835 0
    outer loop
      vertex -16.7409 -21.8172 4
      vertex -15.2782 -22.8654 0
      vertex -16.7409 -21.8172 0
    endloop
  endfacet
  facet normal 0.812843 0.582482 0
    outer loop
      vertex 26.0666 17.4171 4
      vertex 24.8716 19.0847 2.5
      vertex 24.8716 19.0847 4
    endloop
  endfacet
  facet normal 0.812843 0.582482 0
    outer loop
      vertex 24.8716 19.0847 2.5
      vertex 26.0666 17.4171 4
      vertex 26.0666 17.4171 2.5
    endloop
  endfacet
  facet normal -0.986642 -0.162906 0
    outer loop
      vertex -30.7476 -6.11608 2.5
      vertex -31.0818 -4.092 4
      vertex -31.0818 -4.092 2.5
    endloop
  endfacet
  facet normal -0.986642 -0.162906 0
    outer loop
      vertex -31.0818 -4.092 4
      vertex -30.7476 -6.11608 2.5
      vertex -30.7476 -6.11608 4
    endloop
  endfacet
  facet normal 0.47142 -0.881909 0
    outer loop
      vertex 13.8658 -28.117 2.5
      vertex 15.675 -27.1499 4
      vertex 13.8658 -28.117 4
    endloop
  endfacet
  facet normal 0.47142 -0.881909 0
    outer loop
      vertex 15.675 -27.1499 4
      vertex 13.8658 -28.117 2.5
      vertex 15.675 -27.1499 2.5
    endloop
  endfacet
  facet normal -0.935896 -0.352277 0
    outer loop
      vertex -28.9636 -11.9971 2.5
      vertex -29.6863 -10.0771 4
      vertex -29.6863 -10.0771 2.5
    endloop
  endfacet
  facet normal -0.935896 -0.352277 0
    outer loop
      vertex -29.6863 -10.0771 4
      vertex -28.9636 -11.9971 2.5
      vertex -28.9636 -11.9971 4
    endloop
  endfacet
  facet normal 0.0980263 0.995184 -0
    outer loop
      vertex 4.092 31.0818 2.5
      vertex 2.05039 31.2829 4
      vertex 4.092 31.0818 4
    endloop
  endfacet
  facet normal 0.0980263 0.995184 0
    outer loop
      vertex 2.05039 31.2829 4
      vertex 4.092 31.0818 2.5
      vertex 2.05039 31.2829 2.5
    endloop
  endfacet
  facet normal -0.0980263 0.995184 0
    outer loop
      vertex -2.05039 31.2829 2.5
      vertex -4.092 31.0818 4
      vertex -2.05039 31.2829 4
    endloop
  endfacet
  facet normal -0.0980263 0.995184 0
    outer loop
      vertex -4.092 31.0818 4
      vertex -2.05039 31.2829 2.5
      vertex -4.092 31.0818 2.5
    endloop
  endfacet
  facet normal 0.935896 -0.352277 0
    outer loop
      vertex 28.9636 -11.9971 4
      vertex 29.6863 -10.0771 2.5
      vertex 29.6863 -10.0771 4
    endloop
  endfacet
  facet normal 0.935896 -0.352277 0
    outer loop
      vertex 29.6863 -10.0771 2.5
      vertex 28.9636 -11.9971 4
      vertex 28.9636 -11.9971 2.5
    endloop
  endfacet
  facet normal 0.999465 0.032708 0
    outer loop
      vertex 31.35 0 4
      vertex 31.2829 2.05039 2.5
      vertex 31.2829 2.05039 4
    endloop
  endfacet
  facet normal 0.999465 0.032708 0
    outer loop
      vertex 31.2829 2.05039 2.5
      vertex 31.35 0 4
      vertex 31.35 0 2.5
    endloop
  endfacet
  facet normal 0.290282 -0.956941 0
    outer loop
      vertex 8.11398 -30.2818 2.5
      vertex 10.0771 -29.6863 4
      vertex 8.11398 -30.2818 4
    endloop
  endfacet
  facet normal 0.290282 -0.956941 0
    outer loop
      vertex 10.0771 -29.6863 4
      vertex 8.11398 -30.2818 2.5
      vertex 10.0771 -29.6863 2.5
    endloop
  endfacet
  facet normal 0.729858 0.683599 0
    outer loop
      vertex 23.5702 20.6705 4
      vertex 22.1678 22.1678 2.5
      vertex 22.1678 22.1678 4
    endloop
  endfacet
  facet normal 0.729858 0.683599 0
    outer loop
      vertex 22.1678 22.1678 2.5
      vertex 23.5702 20.6705 4
      vertex 23.5702 20.6705 2.5
    endloop
  endfacet
  facet normal -0.999465 -0.032708 0
    outer loop
      vertex -31.2829 -2.05039 2.5
      vertex -31.35 0 4
      vertex -31.35 0 2.5
    endloop
  endfacet
  facet normal -0.999465 -0.032708 0
    outer loop
      vertex -31.35 0 4
      vertex -31.2829 -2.05039 2.5
      vertex -31.2829 -2.05039 4
    endloop
  endfacet
  facet normal 0.849204 0.528065 0
    outer loop
      vertex 27.1499 15.675 4
      vertex 26.0666 17.4171 2.5
      vertex 26.0666 17.4171 4
    endloop
  endfacet
  facet normal 0.849204 0.528065 0
    outer loop
      vertex 26.0666 17.4171 2.5
      vertex 27.1499 15.675 4
      vertex 27.1499 15.675 2.5
    endloop
  endfacet
  facet normal -0.729858 -0.683599 0
    outer loop
      vertex -22.1678 -22.1678 2.5
      vertex -23.5702 -20.6705 4
      vertex -23.5702 -20.6705 2.5
    endloop
  endfacet
  facet normal -0.729858 -0.683599 0
    outer loop
      vertex -23.5702 -20.6705 4
      vertex -22.1678 -22.1678 2.5
      vertex -22.1678 -22.1678 4
    endloop
  endfacet
  facet normal 0.634384 0.773018 -0
    outer loop
      vertex 20.6705 23.5702 2.5
      vertex 19.0847 24.8716 4
      vertex 20.6705 23.5702 4
    endloop
  endfacet
  facet normal 0.634384 0.773018 0
    outer loop
      vertex 19.0847 24.8716 4
      vertex 20.6705 23.5702 2.5
      vertex 19.0847 24.8716 2.5
    endloop
  endfacet
  facet normal 0.995184 0.0980263 0
    outer loop
      vertex 31.2829 2.05039 4
      vertex 31.0818 4.092 2.5
      vertex 31.0818 4.092 4
    endloop
  endfacet
  facet normal 0.995184 0.0980263 0
    outer loop
      vertex 31.0818 4.092 2.5
      vertex 31.2829 2.05039 4
      vertex 31.2829 2.05039 2.5
    endloop
  endfacet
  facet normal 0.032708 0.999465 -0
    outer loop
      vertex 2.05039 31.2829 2.5
      vertex 0 31.35 4
      vertex 2.05039 31.2829 4
    endloop
  endfacet
  facet normal 0.032708 0.999465 0
    outer loop
      vertex 0 31.35 4
      vertex 2.05039 31.2829 2.5
      vertex 0 31.35 2.5
    endloop
  endfacet
  facet normal 0.995184 -0.0980263 0
    outer loop
      vertex 31.0818 -4.092 4
      vertex 31.2829 -2.05039 2.5
      vertex 31.2829 -2.05039 4
    endloop
  endfacet
  facet normal 0.995184 -0.0980263 0
    outer loop
      vertex 31.2829 -2.05039 2.5
      vertex 31.0818 -4.092 4
      vertex 31.0818 -4.092 2.5
    endloop
  endfacet
  facet normal -0.227055 0.973882 0
    outer loop
      vertex -6.11608 30.7476 2.5
      vertex -8.11398 30.2818 4
      vertex -6.11608 30.7476 4
    endloop
  endfacet
  facet normal -0.227055 0.973882 0
    outer loop
      vertex -8.11398 30.2818 4
      vertex -6.11608 30.7476 2.5
      vertex -8.11398 30.2818 2.5
    endloop
  endfacet
  facet normal -0.956941 -0.290282 0
    outer loop
      vertex -29.6863 -10.0771 2.5
      vertex -30.2818 -8.11398 4
      vertex -30.2818 -8.11398 2.5
    endloop
  endfacet
  facet normal -0.956941 -0.290282 0
    outer loop
      vertex -30.2818 -8.11398 4
      vertex -29.6863 -10.0771 2.5
      vertex -29.6863 -10.0771 4
    endloop
  endfacet
  facet normal -0.986642 0.162906 0
    outer loop
      vertex -31.0818 4.092 2.5
      vertex -30.7476 6.11608 4
      vertex -30.7476 6.11608 2.5
    endloop
  endfacet
  facet normal -0.986642 0.162906 0
    outer loop
      vertex -30.7476 6.11608 4
      vertex -31.0818 4.092 2.5
      vertex -31.0818 4.092 4
    endloop
  endfacet
  facet normal 0.582482 0.812843 -0
    outer loop
      vertex 19.0847 24.8716 2.5
      vertex 17.4171 26.0666 4
      vertex 19.0847 24.8716 4
    endloop
  endfacet
  facet normal 0.582482 0.812843 0
    outer loop
      vertex 17.4171 26.0666 4
      vertex 19.0847 24.8716 2.5
      vertex 17.4171 26.0666 2.5
    endloop
  endfacet
  facet normal 0.162906 0.986642 -0
    outer loop
      vertex 6.11608 30.7476 2.5
      vertex 4.092 31.0818 4
      vertex 6.11608 30.7476 4
    endloop
  endfacet
  facet normal 0.162906 0.986642 0
    outer loop
      vertex 4.092 31.0818 4
      vertex 6.11608 30.7476 2.5
      vertex 4.092 31.0818 2.5
    endloop
  endfacet
  facet normal -0.973882 0.227055 0
    outer loop
      vertex -30.7476 6.11608 2.5
      vertex -30.2818 8.11398 4
      vertex -30.2818 8.11398 2.5
    endloop
  endfacet
  facet normal -0.973882 0.227055 0
    outer loop
      vertex -30.2818 8.11398 4
      vertex -30.7476 6.11608 2.5
      vertex -30.7476 6.11608 4
    endloop
  endfacet
  facet normal -0.352277 0.935896 0
    outer loop
      vertex -10.0771 29.6863 2.5
      vertex -11.9971 28.9636 4
      vertex -10.0771 29.6863 4
    endloop
  endfacet
  facet normal -0.352277 0.935896 0
    outer loop
      vertex -11.9971 28.9636 4
      vertex -10.0771 29.6863 2.5
      vertex -11.9971 28.9636 2.5
    endloop
  endfacet
  facet normal -0.995184 -0.0980263 0
    outer loop
      vertex -31.0818 -4.092 2.5
      vertex -31.2829 -2.05039 4
      vertex -31.2829 -2.05039 2.5
    endloop
  endfacet
  facet normal -0.995184 -0.0980263 0
    outer loop
      vertex -31.2829 -2.05039 4
      vertex -31.0818 -4.092 2.5
      vertex -31.0818 -4.092 4
    endloop
  endfacet
  facet normal 0.935896 0.352277 0
    outer loop
      vertex 29.6863 10.0771 4
      vertex 28.9636 11.9971 2.5
      vertex 28.9636 11.9971 4
    endloop
  endfacet
  facet normal 0.935896 0.352277 0
    outer loop
      vertex 28.9636 11.9971 2.5
      vertex 29.6863 10.0771 4
      vertex 29.6863 10.0771 2.5
    endloop
  endfacet
  facet normal 0.227055 0.973882 -0
    outer loop
      vertex 8.11398 30.2818 2.5
      vertex 6.11608 30.7476 4
      vertex 8.11398 30.2818 4
    endloop
  endfacet
  facet normal 0.227055 0.973882 0
    outer loop
      vertex 6.11608 30.7476 4
      vertex 8.11398 30.2818 2.5
      vertex 6.11608 30.7476 2.5
    endloop
  endfacet
  facet normal -0.683599 0.729858 0
    outer loop
      vertex -20.6705 23.5702 2.5
      vertex -22.1678 22.1678 4
      vertex -20.6705 23.5702 4
    endloop
  endfacet
  facet normal -0.683599 0.729858 0
    outer loop
      vertex -22.1678 22.1678 4
      vertex -20.6705 23.5702 2.5
      vertex -22.1678 22.1678 2.5
    endloop
  endfacet
  facet normal 0.999465 -0.032708 0
    outer loop
      vertex 31.2829 -2.05039 4
      vertex 31.35 0 2.5
      vertex 31.35 0 4
    endloop
  endfacet
  facet normal 0.999465 -0.032708 0
    outer loop
      vertex 31.35 0 2.5
      vertex 31.2829 -2.05039 4
      vertex 31.2829 -2.05039 2.5
    endloop
  endfacet
  facet normal 0.352277 0.935896 -0
    outer loop
      vertex 11.9971 28.9636 2.5
      vertex 10.0771 29.6863 4
      vertex 11.9971 28.9636 4
    endloop
  endfacet
  facet normal 0.352277 0.935896 0
    outer loop
      vertex 10.0771 29.6863 4
      vertex 11.9971 28.9636 2.5
      vertex 10.0771 29.6863 2.5
    endloop
  endfacet
  facet normal 0.773018 -0.634384 0
    outer loop
      vertex 23.5702 -20.6705 4
      vertex 24.8716 -19.0847 2.5
      vertex 24.8716 -19.0847 4
    endloop
  endfacet
  facet normal 0.773018 -0.634384 0
    outer loop
      vertex 24.8716 -19.0847 2.5
      vertex 23.5702 -20.6705 4
      vertex 23.5702 -20.6705 2.5
    endloop
  endfacet
  facet normal 0.412668 -0.910882 0
    outer loop
      vertex 11.9971 -28.9636 2.5
      vertex 13.8658 -28.117 4
      vertex 11.9971 -28.9636 4
    endloop
  endfacet
  facet normal 0.412668 -0.910882 0
    outer loop
      vertex 13.8658 -28.117 4
      vertex 11.9971 -28.9636 2.5
      vertex 13.8658 -28.117 2.5
    endloop
  endfacet
  facet normal 0.528065 0.849204 -0
    outer loop
      vertex 17.4171 26.0666 2.5
      vertex 15.675 27.1499 4
      vertex 17.4171 26.0666 4
    endloop
  endfacet
  facet normal 0.528065 0.849204 0
    outer loop
      vertex 15.675 27.1499 4
      vertex 17.4171 26.0666 2.5
      vertex 15.675 27.1499 2.5
    endloop
  endfacet
  facet normal -0.032708 0.999465 0
    outer loop
      vertex 0 31.35 2.5
      vertex -2.05039 31.2829 4
      vertex 0 31.35 4
    endloop
  endfacet
  facet normal -0.032708 0.999465 0
    outer loop
      vertex -2.05039 31.2829 4
      vertex 0 31.35 2.5
      vertex -2.05039 31.2829 2.5
    endloop
  endfacet
  facet normal 0.910882 0.412668 0
    outer loop
      vertex 28.9636 11.9971 4
      vertex 28.117 13.8658 2.5
      vertex 28.117 13.8658 4
    endloop
  endfacet
  facet normal 0.910882 0.412668 0
    outer loop
      vertex 28.117 13.8658 2.5
      vertex 28.9636 11.9971 4
      vertex 28.9636 11.9971 2.5
    endloop
  endfacet
  facet normal -0.995184 0.0980263 0
    outer loop
      vertex -31.2829 2.05039 2.5
      vertex -31.0818 4.092 4
      vertex -31.0818 4.092 2.5
    endloop
  endfacet
  facet normal -0.995184 0.0980263 0
    outer loop
      vertex -31.0818 4.092 4
      vertex -31.2829 2.05039 2.5
      vertex -31.2829 2.05039 4
    endloop
  endfacet
  facet normal -0.290282 -0.956941 0
    outer loop
      vertex -10.0771 -29.6863 2.5
      vertex -8.11398 -30.2818 4
      vertex -10.0771 -29.6863 4
    endloop
  endfacet
  facet normal -0.290282 -0.956941 -0
    outer loop
      vertex -8.11398 -30.2818 4
      vertex -10.0771 -29.6863 2.5
      vertex -8.11398 -30.2818 2.5
    endloop
  endfacet
  facet normal -0.528065 -0.849204 0
    outer loop
      vertex -17.4171 -26.0666 2.5
      vertex -15.675 -27.1499 4
      vertex -17.4171 -26.0666 4
    endloop
  endfacet
  facet normal -0.528065 -0.849204 -0
    outer loop
      vertex -15.675 -27.1499 4
      vertex -17.4171 -26.0666 2.5
      vertex -15.675 -27.1499 2.5
    endloop
  endfacet
  facet normal 0.729858 -0.683599 0
    outer loop
      vertex 22.1678 -22.1678 4
      vertex 23.5702 -20.6705 2.5
      vertex 23.5702 -20.6705 4
    endloop
  endfacet
  facet normal 0.729858 -0.683599 0
    outer loop
      vertex 23.5702 -20.6705 2.5
      vertex 22.1678 -22.1678 4
      vertex 22.1678 -22.1678 2.5
    endloop
  endfacet
  facet normal 0.956941 0.290282 0
    outer loop
      vertex 30.2818 8.11398 4
      vertex 29.6863 10.0771 2.5
      vertex 29.6863 10.0771 4
    endloop
  endfacet
  facet normal 0.956941 0.290282 0
    outer loop
      vertex 29.6863 10.0771 2.5
      vertex 30.2818 8.11398 4
      vertex 30.2818 8.11398 2.5
    endloop
  endfacet
  facet normal 0.412668 0.910882 -0
    outer loop
      vertex 13.8658 28.117 2.5
      vertex 11.9971 28.9636 4
      vertex 13.8658 28.117 4
    endloop
  endfacet
  facet normal 0.412668 0.910882 0
    outer loop
      vertex 11.9971 28.9636 4
      vertex 13.8658 28.117 2.5
      vertex 11.9971 28.9636 2.5
    endloop
  endfacet
  facet normal -0.910882 0.412668 0
    outer loop
      vertex -28.9636 11.9971 2.5
      vertex -28.117 13.8658 4
      vertex -28.117 13.8658 2.5
    endloop
  endfacet
  facet normal -0.910882 0.412668 0
    outer loop
      vertex -28.117 13.8658 4
      vertex -28.9636 11.9971 2.5
      vertex -28.9636 11.9971 4
    endloop
  endfacet
  facet normal -0.812843 0.582482 0
    outer loop
      vertex -26.0666 17.4171 2.5
      vertex -24.8716 19.0847 4
      vertex -24.8716 19.0847 2.5
    endloop
  endfacet
  facet normal -0.812843 0.582482 0
    outer loop
      vertex -24.8716 19.0847 4
      vertex -26.0666 17.4171 2.5
      vertex -26.0666 17.4171 4
    endloop
  endfacet
  facet normal -0.290282 0.956941 0
    outer loop
      vertex -8.11398 30.2818 2.5
      vertex -10.0771 29.6863 4
      vertex -8.11398 30.2818 4
    endloop
  endfacet
  facet normal -0.290282 0.956941 0
    outer loop
      vertex -10.0771 29.6863 4
      vertex -8.11398 30.2818 2.5
      vertex -10.0771 29.6863 2.5
    endloop
  endfacet
  facet normal 0.956941 -0.290282 0
    outer loop
      vertex 29.6863 -10.0771 4
      vertex 30.2818 -8.11398 2.5
      vertex 30.2818 -8.11398 4
    endloop
  endfacet
  facet normal 0.956941 -0.290282 0
    outer loop
      vertex 30.2818 -8.11398 2.5
      vertex 29.6863 -10.0771 4
      vertex 29.6863 -10.0771 2.5
    endloop
  endfacet
  facet normal -0.729858 0.683599 0
    outer loop
      vertex -23.5702 20.6705 2.5
      vertex -22.1678 22.1678 4
      vertex -22.1678 22.1678 2.5
    endloop
  endfacet
  facet normal -0.729858 0.683599 0
    outer loop
      vertex -22.1678 22.1678 4
      vertex -23.5702 20.6705 2.5
      vertex -23.5702 20.6705 4
    endloop
  endfacet
  facet normal -0.22704 -0.973885 0
    outer loop
      vertex -8.11398 -30.2818 2.5
      vertex -7 -30.5415 4
      vertex -8.11398 -30.2818 4
    endloop
  endfacet
  facet normal -0.22704 -0.973885 -0
    outer loop
      vertex -7 -30.5415 4
      vertex -8.11398 -30.2818 2.5
      vertex -7 -30.5415 2.5
    endloop
  endfacet
  facet normal 0.47142 0.881909 -0
    outer loop
      vertex 15.675 27.1499 2.5
      vertex 13.8658 28.117 4
      vertex 15.675 27.1499 4
    endloop
  endfacet
  facet normal 0.47142 0.881909 0
    outer loop
      vertex 13.8658 28.117 4
      vertex 15.675 27.1499 2.5
      vertex 13.8658 28.117 2.5
    endloop
  endfacet
  facet normal 0.986642 0.162906 0
    outer loop
      vertex 31.0818 4.092 4
      vertex 30.7476 6.11608 2.5
      vertex 30.7476 6.11608 4
    endloop
  endfacet
  facet normal 0.986642 0.162906 0
    outer loop
      vertex 30.7476 6.11608 2.5
      vertex 31.0818 4.092 4
      vertex 31.0818 4.092 2.5
    endloop
  endfacet
  facet normal -0.162906 0.986642 0
    outer loop
      vertex -4.092 31.0818 2.5
      vertex -6.11608 30.7476 4
      vertex -4.092 31.0818 4
    endloop
  endfacet
  facet normal -0.162906 0.986642 0
    outer loop
      vertex -6.11608 30.7476 4
      vertex -4.092 31.0818 2.5
      vertex -6.11608 30.7476 2.5
    endloop
  endfacet
  facet normal 0.683599 0.729858 -0
    outer loop
      vertex 22.1678 22.1678 2.5
      vertex 20.6705 23.5702 4
      vertex 22.1678 22.1678 4
    endloop
  endfacet
  facet normal 0.683599 0.729858 0
    outer loop
      vertex 20.6705 23.5702 4
      vertex 22.1678 22.1678 2.5
      vertex 20.6705 23.5702 2.5
    endloop
  endfacet
  facet normal 0.812843 -0.582482 0
    outer loop
      vertex 24.8716 -19.0847 4
      vertex 26.0666 -17.4171 2.5
      vertex 26.0666 -17.4171 4
    endloop
  endfacet
  facet normal 0.812843 -0.582482 0
    outer loop
      vertex 26.0666 -17.4171 2.5
      vertex 24.8716 -19.0847 4
      vertex 24.8716 -19.0847 2.5
    endloop
  endfacet
  facet normal 0.849204 -0.528065 0
    outer loop
      vertex 26.0666 -17.4171 4
      vertex 27.1499 -15.675 2.5
      vertex 27.1499 -15.675 4
    endloop
  endfacet
  facet normal 0.849204 -0.528065 0
    outer loop
      vertex 27.1499 -15.675 2.5
      vertex 26.0666 -17.4171 4
      vertex 26.0666 -17.4171 2.5
    endloop
  endfacet
  facet normal 0.973882 -0.227055 0
    outer loop
      vertex 30.2818 -8.11398 4
      vertex 30.7476 -6.11608 2.5
      vertex 30.7476 -6.11608 4
    endloop
  endfacet
  facet normal 0.973882 -0.227055 0
    outer loop
      vertex 30.7476 -6.11608 2.5
      vertex 30.2818 -8.11398 4
      vertex 30.2818 -8.11398 2.5
    endloop
  endfacet
  facet normal -0.412668 0.910882 0
    outer loop
      vertex -11.9971 28.9636 2.5
      vertex -13.8658 28.117 4
      vertex -11.9971 28.9636 4
    endloop
  endfacet
  facet normal -0.412668 0.910882 0
    outer loop
      vertex -13.8658 28.117 4
      vertex -11.9971 28.9636 2.5
      vertex -13.8658 28.117 2.5
    endloop
  endfacet
  facet normal 0.352277 -0.935896 0
    outer loop
      vertex 10.0771 -29.6863 2.5
      vertex 11.9971 -28.9636 4
      vertex 10.0771 -29.6863 4
    endloop
  endfacet
  facet normal 0.352277 -0.935896 0
    outer loop
      vertex 11.9971 -28.9636 4
      vertex 10.0771 -29.6863 2.5
      vertex 11.9971 -28.9636 2.5
    endloop
  endfacet
  facet normal 0.773018 0.634384 0
    outer loop
      vertex 24.8716 19.0847 4
      vertex 23.5702 20.6705 2.5
      vertex 23.5702 20.6705 4
    endloop
  endfacet
  facet normal 0.773018 0.634384 0
    outer loop
      vertex 23.5702 20.6705 2.5
      vertex 24.8716 19.0847 4
      vertex 24.8716 19.0847 2.5
    endloop
  endfacet
  facet normal -0.634384 0.773018 0
    outer loop
      vertex -19.0847 24.8716 2.5
      vertex -20.6705 23.5702 4
      vertex -19.0847 24.8716 4
    endloop
  endfacet
  facet normal -0.634384 0.773018 0
    outer loop
      vertex -20.6705 23.5702 4
      vertex -19.0847 24.8716 2.5
      vertex -20.6705 23.5702 2.5
    endloop
  endfacet
  facet normal 0.683599 -0.729858 0
    outer loop
      vertex 20.6705 -23.5702 2.5
      vertex 22.1678 -22.1678 4
      vertex 20.6705 -23.5702 4
    endloop
  endfacet
  facet normal 0.683599 -0.729858 0
    outer loop
      vertex 22.1678 -22.1678 4
      vertex 20.6705 -23.5702 2.5
      vertex 22.1678 -22.1678 2.5
    endloop
  endfacet
  facet normal 0.910882 -0.412668 0
    outer loop
      vertex 28.117 -13.8658 4
      vertex 28.9636 -11.9971 2.5
      vertex 28.9636 -11.9971 4
    endloop
  endfacet
  facet normal 0.910882 -0.412668 0
    outer loop
      vertex 28.9636 -11.9971 2.5
      vertex 28.117 -13.8658 4
      vertex 28.117 -13.8658 2.5
    endloop
  endfacet
  facet normal -0.582482 0.812843 0
    outer loop
      vertex -17.4171 26.0666 2.5
      vertex -19.0847 24.8716 4
      vertex -17.4171 26.0666 4
    endloop
  endfacet
  facet normal -0.582482 0.812843 0
    outer loop
      vertex -19.0847 24.8716 4
      vertex -17.4171 26.0666 2.5
      vertex -19.0847 24.8716 2.5
    endloop
  endfacet
  facet normal -0.973882 -0.227055 0
    outer loop
      vertex -30.2818 -8.11398 2.5
      vertex -30.7476 -6.11608 4
      vertex -30.7476 -6.11608 2.5
    endloop
  endfacet
  facet normal -0.973882 -0.227055 0
    outer loop
      vertex -30.7476 -6.11608 4
      vertex -30.2818 -8.11398 2.5
      vertex -30.2818 -8.11398 4
    endloop
  endfacet
  facet normal 0.973882 0.227055 0
    outer loop
      vertex 30.7476 6.11608 4
      vertex 30.2818 8.11398 2.5
      vertex 30.2818 8.11398 4
    endloop
  endfacet
  facet normal 0.973882 0.227055 0
    outer loop
      vertex 30.2818 8.11398 2.5
      vertex 30.7476 6.11608 4
      vertex 30.7476 6.11608 2.5
    endloop
  endfacet
  facet normal -0.999465 0.032708 0
    outer loop
      vertex -31.35 0 2.5
      vertex -31.2829 2.05039 4
      vertex -31.2829 2.05039 2.5
    endloop
  endfacet
  facet normal -0.999465 0.032708 0
    outer loop
      vertex -31.2829 2.05039 4
      vertex -31.35 0 2.5
      vertex -31.35 0 4
    endloop
  endfacet
  facet normal -0.956941 0.290282 0
    outer loop
      vertex -30.2818 8.11398 2.5
      vertex -29.6863 10.0771 4
      vertex -29.6863 10.0771 2.5
    endloop
  endfacet
  facet normal -0.956941 0.290282 0
    outer loop
      vertex -29.6863 10.0771 4
      vertex -30.2818 8.11398 2.5
      vertex -30.2818 8.11398 4
    endloop
  endfacet
  facet normal 0.881909 0.47142 0
    outer loop
      vertex 28.117 13.8658 4
      vertex 27.1499 15.675 2.5
      vertex 27.1499 15.675 4
    endloop
  endfacet
  facet normal 0.881909 0.47142 0
    outer loop
      vertex 27.1499 15.675 2.5
      vertex 28.117 13.8658 4
      vertex 28.117 13.8658 2.5
    endloop
  endfacet
  facet normal -0.528065 0.849204 0
    outer loop
      vertex -15.675 27.1499 2.5
      vertex -17.4171 26.0666 4
      vertex -15.675 27.1499 4
    endloop
  endfacet
  facet normal -0.528065 0.849204 0
    outer loop
      vertex -17.4171 26.0666 4
      vertex -15.675 27.1499 2.5
      vertex -17.4171 26.0666 2.5
    endloop
  endfacet
  facet normal -0.881909 0.47142 0
    outer loop
      vertex -28.117 13.8658 2.5
      vertex -27.1499 15.675 4
      vertex -27.1499 15.675 2.5
    endloop
  endfacet
  facet normal -0.881909 0.47142 0
    outer loop
      vertex -27.1499 15.675 4
      vertex -28.117 13.8658 2.5
      vertex -28.117 13.8658 4
    endloop
  endfacet
  facet normal -0.773018 0.634384 0
    outer loop
      vertex -24.8716 19.0847 2.5
      vertex -23.5702 20.6705 4
      vertex -23.5702 20.6705 2.5
    endloop
  endfacet
  facet normal -0.773018 0.634384 0
    outer loop
      vertex -23.5702 20.6705 4
      vertex -24.8716 19.0847 2.5
      vertex -24.8716 19.0847 4
    endloop
  endfacet
  facet normal -0.773018 -0.634384 0
    outer loop
      vertex -23.5702 -20.6705 2.5
      vertex -24.8716 -19.0847 4
      vertex -24.8716 -19.0847 2.5
    endloop
  endfacet
  facet normal -0.773018 -0.634384 0
    outer loop
      vertex -24.8716 -19.0847 4
      vertex -23.5702 -20.6705 2.5
      vertex -23.5702 -20.6705 4
    endloop
  endfacet
  facet normal 0.881909 -0.47142 0
    outer loop
      vertex 27.1499 -15.675 4
      vertex 28.117 -13.8658 2.5
      vertex 28.117 -13.8658 4
    endloop
  endfacet
  facet normal 0.881909 -0.47142 0
    outer loop
      vertex 28.117 -13.8658 2.5
      vertex 27.1499 -15.675 4
      vertex 27.1499 -15.675 2.5
    endloop
  endfacet
  facet normal -0.352277 -0.935896 0
    outer loop
      vertex -11.9971 -28.9636 2.5
      vertex -10.0771 -29.6863 4
      vertex -11.9971 -28.9636 4
    endloop
  endfacet
  facet normal -0.352277 -0.935896 -0
    outer loop
      vertex -10.0771 -29.6863 4
      vertex -11.9971 -28.9636 2.5
      vertex -10.0771 -29.6863 2.5
    endloop
  endfacet
  facet normal -0.47142 0.881909 0
    outer loop
      vertex -13.8658 28.117 2.5
      vertex -15.675 27.1499 4
      vertex -13.8658 28.117 4
    endloop
  endfacet
  facet normal -0.47142 0.881909 0
    outer loop
      vertex -15.675 27.1499 4
      vertex -13.8658 28.117 2.5
      vertex -15.675 27.1499 2.5
    endloop
  endfacet
  facet normal -0.582482 -0.812843 0
    outer loop
      vertex -19.0847 -24.8716 2.5
      vertex -17.4171 -26.0666 4
      vertex -19.0847 -24.8716 4
    endloop
  endfacet
  facet normal -0.582482 -0.812843 -0
    outer loop
      vertex -17.4171 -26.0666 4
      vertex -19.0847 -24.8716 2.5
      vertex -17.4171 -26.0666 2.5
    endloop
  endfacet
  facet normal -0.412668 -0.910882 0
    outer loop
      vertex -13.8658 -28.117 2.5
      vertex -11.9971 -28.9636 4
      vertex -13.8658 -28.117 4
    endloop
  endfacet
  facet normal -0.412668 -0.910882 -0
    outer loop
      vertex -11.9971 -28.9636 4
      vertex -13.8658 -28.117 2.5
      vertex -11.9971 -28.9636 2.5
    endloop
  endfacet
  facet normal -0.935896 0.352277 0
    outer loop
      vertex -29.6863 10.0771 2.5
      vertex -28.9636 11.9971 4
      vertex -28.9636 11.9971 2.5
    endloop
  endfacet
  facet normal -0.935896 0.352277 0
    outer loop
      vertex -28.9636 11.9971 4
      vertex -29.6863 10.0771 2.5
      vertex -29.6863 10.0771 4
    endloop
  endfacet
  facet normal -0.881909 -0.47142 0
    outer loop
      vertex -27.1499 -15.675 2.5
      vertex -28.117 -13.8658 4
      vertex -28.117 -13.8658 2.5
    endloop
  endfacet
  facet normal -0.881909 -0.47142 0
    outer loop
      vertex -28.117 -13.8658 4
      vertex -27.1499 -15.675 2.5
      vertex -27.1499 -15.675 4
    endloop
  endfacet
  facet normal -0.849204 -0.528065 0
    outer loop
      vertex -26.0666 -17.4171 2.5
      vertex -27.1499 -15.675 4
      vertex -27.1499 -15.675 2.5
    endloop
  endfacet
  facet normal -0.849204 -0.528065 0
    outer loop
      vertex -27.1499 -15.675 4
      vertex -26.0666 -17.4171 2.5
      vertex -26.0666 -17.4171 4
    endloop
  endfacet
  facet normal -0.683599 -0.729858 0
    outer loop
      vertex -22.1678 -22.1678 2.5
      vertex -20.6705 -23.5702 4
      vertex -22.1678 -22.1678 4
    endloop
  endfacet
  facet normal -0.683599 -0.729858 -0
    outer loop
      vertex -20.6705 -23.5702 4
      vertex -22.1678 -22.1678 2.5
      vertex -20.6705 -23.5702 2.5
    endloop
  endfacet
  facet normal 0.22704 -0.973885 0
    outer loop
      vertex 7 -30.5415 2.5
      vertex 8.11398 -30.2818 4
      vertex 7 -30.5415 4
    endloop
  endfacet
  facet normal 0.22704 -0.973885 0
    outer loop
      vertex 8.11398 -30.2818 4
      vertex 7 -30.5415 2.5
      vertex 8.11398 -30.2818 2.5
    endloop
  endfacet
  facet normal 0.986642 -0.162906 0
    outer loop
      vertex 30.7476 -6.11608 4
      vertex 31.0818 -4.092 2.5
      vertex 31.0818 -4.092 4
    endloop
  endfacet
  facet normal 0.986642 -0.162906 0
    outer loop
      vertex 31.0818 -4.092 2.5
      vertex 30.7476 -6.11608 4
      vertex 30.7476 -6.11608 2.5
    endloop
  endfacet
  facet normal -0.849204 0.528065 0
    outer loop
      vertex -27.1499 15.675 2.5
      vertex -26.0666 17.4171 4
      vertex -26.0666 17.4171 2.5
    endloop
  endfacet
  facet normal -0.849204 0.528065 0
    outer loop
      vertex -26.0666 17.4171 4
      vertex -27.1499 15.675 2.5
      vertex -27.1499 15.675 4
    endloop
  endfacet
  facet normal -0.910882 -0.412668 0
    outer loop
      vertex -28.117 -13.8658 2.5
      vertex -28.9636 -11.9971 4
      vertex -28.9636 -11.9971 2.5
    endloop
  endfacet
  facet normal -0.910882 -0.412668 0
    outer loop
      vertex -28.9636 -11.9971 4
      vertex -28.117 -13.8658 2.5
      vertex -28.117 -13.8658 4
    endloop
  endfacet
  facet normal 0.290282 0.956941 -0
    outer loop
      vertex 10.0771 29.6863 2.5
      vertex 8.11398 30.2818 4
      vertex 10.0771 29.6863 4
    endloop
  endfacet
  facet normal 0.290282 0.956941 0
    outer loop
      vertex 8.11398 30.2818 4
      vertex 10.0771 29.6863 2.5
      vertex 8.11398 30.2818 2.5
    endloop
  endfacet
  facet normal 0.528065 -0.849204 0
    outer loop
      vertex 15.675 -27.1499 2.5
      vertex 17.4171 -26.0666 4
      vertex 15.675 -27.1499 4
    endloop
  endfacet
  facet normal 0.528065 -0.849204 0
    outer loop
      vertex 17.4171 -26.0666 4
      vertex 15.675 -27.1499 2.5
      vertex 17.4171 -26.0666 2.5
    endloop
  endfacet
  facet normal -0.812843 -0.582482 0
    outer loop
      vertex -24.8716 -19.0847 2.5
      vertex -26.0666 -17.4171 4
      vertex -26.0666 -17.4171 2.5
    endloop
  endfacet
  facet normal -0.812843 -0.582482 0
    outer loop
      vertex -26.0666 -17.4171 4
      vertex -24.8716 -19.0847 2.5
      vertex -24.8716 -19.0847 4
    endloop
  endfacet
  facet normal -0.47142 -0.881909 0
    outer loop
      vertex -15.675 -27.1499 2.5
      vertex -13.8658 -28.117 4
      vertex -15.675 -27.1499 4
    endloop
  endfacet
  facet normal -0.47142 -0.881909 -0
    outer loop
      vertex -13.8658 -28.117 4
      vertex -15.675 -27.1499 2.5
      vertex -13.8658 -28.117 2.5
    endloop
  endfacet
  facet normal 0.634384 -0.773018 0
    outer loop
      vertex 19.0847 -24.8716 2.5
      vertex 20.6705 -23.5702 4
      vertex 19.0847 -24.8716 4
    endloop
  endfacet
  facet normal 0.634384 -0.773018 0
    outer loop
      vertex 20.6705 -23.5702 4
      vertex 19.0847 -24.8716 2.5
      vertex 20.6705 -23.5702 2.5
    endloop
  endfacet
  facet normal 0.582482 -0.812843 0
    outer loop
      vertex 17.4171 -26.0666 2.5
      vertex 19.0847 -24.8716 4
      vertex 17.4171 -26.0666 4
    endloop
  endfacet
  facet normal 0.582482 -0.812843 0
    outer loop
      vertex 19.0847 -24.8716 4
      vertex 17.4171 -26.0666 2.5
      vertex 19.0847 -24.8716 2.5
    endloop
  endfacet
  facet normal -0.634384 -0.773018 0
    outer loop
      vertex -20.6705 -23.5702 2.5
      vertex -19.0847 -24.8716 4
      vertex -20.6705 -23.5702 4
    endloop
  endfacet
  facet normal -0.634384 -0.773018 -0
    outer loop
      vertex -19.0847 -24.8716 4
      vertex -20.6705 -23.5702 2.5
      vertex -19.0847 -24.8716 2.5
    endloop
  endfacet
  facet normal -0 0 1
    outer loop
      vertex 5.36498 -26.9716 4
      vertex 7 -30 4
      vertex 7.11752 -26.563 4
    endloop
  endfacet
  facet normal -0 0 1
    outer loop
      vertex 3.58947 -27.2647 4
      vertex 7 -30 4
      vertex 5.36498 -26.9716 4
    endloop
  endfacet
  facet normal -0 0 1
    outer loop
      vertex 1.79859 -27.4411 4
      vertex 7 -30 4
      vertex 3.58947 -27.2647 4
    endloop
  endfacet
  facet normal -0 0 1
    outer loop
      vertex 0 -27.5 4
      vertex 7 -30 4
      vertex 1.79859 -27.4411 4
    endloop
  endfacet
  facet normal 0 0 1
    outer loop
      vertex -7 -30 4
      vertex 0 -27.5 4
      vertex -1.79859 -27.4411 4
    endloop
  endfacet
  facet normal 0 0 1
    outer loop
      vertex -7 -30 4
      vertex -1.79859 -27.4411 4
      vertex -3.58947 -27.2647 4
    endloop
  endfacet
  facet normal 0 0 1
    outer loop
      vertex -7 -30 4
      vertex -3.58947 -27.2647 4
      vertex -5.36498 -26.9716 4
    endloop
  endfacet
  facet normal 0 0 1
    outer loop
      vertex 0 -27.5 4
      vertex -7 -30 4
      vertex 7 -30 4
    endloop
  endfacet
  facet normal 0 0 1
    outer loop
      vertex -7.11752 -26.563 4
      vertex -7 -30 4
      vertex -5.36498 -26.9716 4
    endloop
  endfacet
  facet normal 0 0 1
    outer loop
      vertex -8.11398 -30.2818 4
      vertex -7 -30 4
      vertex -7.11752 -26.563 4
    endloop
  endfacet
  facet normal 0 0 1
    outer loop
      vertex -7 -30 4
      vertex -8.11398 -30.2818 4
      vertex -7 -30.5415 4
    endloop
  endfacet
  facet normal 0 0 1
    outer loop
      vertex -8.83958 -26.0406 4
      vertex -8.11398 -30.2818 4
      vertex -7.11752 -26.563 4
    endloop
  endfacet
  facet normal 0 0 1
    outer loop
      vertex -8.83958 -26.0406 4
      vertex -10.0771 -29.6863 4
      vertex -8.11398 -30.2818 4
    endloop
  endfacet
  facet normal 0 0 1
    outer loop
      vertex -10.5238 -25.4067 4
      vertex -10.0771 -29.6863 4
      vertex -8.83958 -26.0406 4
    endloop
  endfacet
  facet normal 0 0 1
    outer loop
      vertex -10.5238 -25.4067 4
      vertex -11.9971 -28.9636 4
      vertex -10.0771 -29.6863 4
    endloop
  endfacet
  facet normal 0 0 1
    outer loop
      vertex -12.1629 -24.664 4
      vertex -11.9971 -28.9636 4
      vertex -10.5238 -25.4067 4
    endloop
  endfacet
  facet normal 0 0 1
    outer loop
      vertex -13.8658 -28.117 4
      vertex -12.1629 -24.664 4
      vertex -13.75 -23.8157 4
    endloop
  endfacet
  facet normal 0 0 1
    outer loop
      vertex -12.1629 -24.664 4
      vertex -13.8658 -28.117 4
      vertex -11.9971 -28.9636 4
    endloop
  endfacet
  facet normal 0 0 1
    outer loop
      vertex -15.675 -27.1499 4
      vertex -13.75 -23.8157 4
      vertex -15.2782 -22.8654 4
    endloop
  endfacet
  facet normal 0 0 1
    outer loop
      vertex -13.75 -23.8157 4
      vertex -15.675 -27.1499 4
      vertex -13.8658 -28.117 4
    endloop
  endfacet
  facet normal 0 0 1
    outer loop
      vertex -17.4171 -26.0666 4
      vertex -15.2782 -22.8654 4
      vertex -16.7409 -21.8172 4
    endloop
  endfacet
  facet normal 0 0 1
    outer loop
      vertex -15.2782 -22.8654 4
      vertex -17.4171 -26.0666 4
      vertex -15.675 -27.1499 4
    endloop
  endfacet
  facet normal 0 0 1
    outer loop
      vertex -19.0847 -24.8716 4
      vertex -16.7409 -21.8172 4
      vertex -18.132 -20.6756 4
    endloop
  endfacet
  facet normal 0 0 1
    outer loop
      vertex -16.7409 -21.8172 4
      vertex -19.0847 -24.8716 4
      vertex -17.4171 -26.0666 4
    endloop
  endfacet
  facet normal 0 0 1
    outer loop
      vertex -20.6705 -23.5702 4
      vertex -18.132 -20.6756 4
      vertex -19.4454 -19.4454 4
    endloop
  endfacet
  facet normal 0 0 1
    outer loop
      vertex -18.132 -20.6756 4
      vertex -20.6705 -23.5702 4
      vertex -19.0847 -24.8716 4
    endloop
  endfacet
  facet normal 0 0 1
    outer loop
      vertex -22.1678 -22.1678 4
      vertex -19.4454 -19.4454 4
      vertex -20.6756 -18.132 4
    endloop
  endfacet
  facet normal 0 0 1
    outer loop
      vertex -23.5702 -20.6705 4
      vertex -20.6756 -18.132 4
      vertex -21.8172 -16.7409 4
    endloop
  endfacet
  facet normal 0 0 1
    outer loop
      vertex -19.4454 -19.4454 4
      vertex -22.1678 -22.1678 4
      vertex -20.6705 -23.5702 4
    endloop
  endfacet
  facet normal 0 0 1
    outer loop
      vertex -24.8716 -19.0847 4
      vertex -21.8172 -16.7409 4
      vertex -22.8654 -15.2782 4
    endloop
  endfacet
  facet normal 0 0 1
    outer loop
      vertex -20.6756 -18.132 4
      vertex -23.5702 -20.6705 4
      vertex -22.1678 -22.1678 4
    endloop
  endfacet
  facet normal 0 0 1
    outer loop
      vertex -26.0666 -17.4171 4
      vertex -22.8654 -15.2782 4
      vertex -23.8157 -13.75 4
    endloop
  endfacet
  facet normal 0 0 1
    outer loop
      vertex -27.1499 -15.675 4
      vertex -23.8157 -13.75 4
      vertex -24.664 -12.1629 4
    endloop
  endfacet
  facet normal 0 0 1
    outer loop
      vertex -21.8172 -16.7409 4
      vertex -24.8716 -19.0847 4
      vertex -23.5702 -20.6705 4
    endloop
  endfacet
  facet normal 0 0 1
    outer loop
      vertex -28.117 -13.8658 4
      vertex -24.664 -12.1629 4
      vertex -25.4067 -10.5238 4
    endloop
  endfacet
  facet normal 0 0 1
    outer loop
      vertex -28.9636 -11.9971 4
      vertex -25.4067 -10.5238 4
      vertex -26.0406 -8.83958 4
    endloop
  endfacet
  facet normal 0 0 1
    outer loop
      vertex -22.8654 -15.2782 4
      vertex -26.0666 -17.4171 4
      vertex -24.8716 -19.0847 4
    endloop
  endfacet
  facet normal 0 0 1
    outer loop
      vertex -29.6863 -10.0771 4
      vertex -26.0406 -8.83958 4
      vertex -26.563 -7.11752 4
    endloop
  endfacet
  facet normal 0 0 1
    outer loop
      vertex -30.2818 -8.11398 4
      vertex -26.563 -7.11752 4
      vertex -26.9716 -5.36498 4
    endloop
  endfacet
  facet normal 0 0 1
    outer loop
      vertex -23.8157 -13.75 4
      vertex -27.1499 -15.675 4
      vertex -26.0666 -17.4171 4
    endloop
  endfacet
  facet normal 0 0 1
    outer loop
      vertex -30.7476 -6.11608 4
      vertex -26.9716 -5.36498 4
      vertex -27.2647 -3.58947 4
    endloop
  endfacet
  facet normal 0 0 1
    outer loop
      vertex -31.0818 -4.092 4
      vertex -27.2647 -3.58947 4
      vertex -27.4411 -1.79859 4
    endloop
  endfacet
  facet normal 0 0 1
    outer loop
      vertex -31.2829 -2.05039 4
      vertex -27.4411 -1.79859 4
      vertex -27.5 0 4
    endloop
  endfacet
  facet normal -0 0 1
    outer loop
      vertex -30.7476 6.11608 4
      vertex -26.9716 5.36498 4
      vertex -30.2818 8.11398 4
    endloop
  endfacet
  facet normal 0 0 1
    outer loop
      vertex -24.664 -12.1629 4
      vertex -28.117 -13.8658 4
      vertex -27.1499 -15.675 4
    endloop
  endfacet
  facet normal 0 0 1
    outer loop
      vertex -26.9716 5.36498 4
      vertex -30.7476 6.11608 4
      vertex -27.2647 3.58947 4
    endloop
  endfacet
  facet normal 0 0 1
    outer loop
      vertex -25.4067 -10.5238 4
      vertex -28.9636 -11.9971 4
      vertex -28.117 -13.8658 4
    endloop
  endfacet
  facet normal -0 0 1
    outer loop
      vertex -31.0818 4.092 4
      vertex -27.2647 3.58947 4
      vertex -30.7476 6.11608 4
    endloop
  endfacet
  facet normal 0 0 1
    outer loop
      vertex -26.0406 -8.83958 4
      vertex -29.6863 -10.0771 4
      vertex -28.9636 -11.9971 4
    endloop
  endfacet
  facet normal 0 0 1
    outer loop
      vertex -27.2647 3.58947 4
      vertex -31.0818 4.092 4
      vertex -27.4411 1.79859 4
    endloop
  endfacet
  facet normal 0 0 1
    outer loop
      vertex -26.563 -7.11752 4
      vertex -30.2818 -8.11398 4
      vertex -29.6863 -10.0771 4
    endloop
  endfacet
  facet normal -0 0 1
    outer loop
      vertex -31.2829 2.05039 4
      vertex -27.4411 1.79859 4
      vertex -31.0818 4.092 4
    endloop
  endfacet
  facet normal 0 0 1
    outer loop
      vertex -26.9716 -5.36498 4
      vertex -30.7476 -6.11608 4
      vertex -30.2818 -8.11398 4
    endloop
  endfacet
  facet normal 0 0 1
    outer loop
      vertex -27.4411 1.79859 4
      vertex -31.2829 2.05039 4
      vertex -27.5 0 4
    endloop
  endfacet
  facet normal 0 0 1
    outer loop
      vertex -27.2647 -3.58947 4
      vertex -31.0818 -4.092 4
      vertex -30.7476 -6.11608 4
    endloop
  endfacet
  facet normal 0 0 1
    outer loop
      vertex -31.35 0 4
      vertex -27.5 0 4
      vertex -31.2829 2.05039 4
    endloop
  endfacet
  facet normal 0 0 1
    outer loop
      vertex -27.4411 -1.79859 4
      vertex -31.2829 -2.05039 4
      vertex -31.0818 -4.092 4
    endloop
  endfacet
  facet normal 0 0 1
    outer loop
      vertex -27.5 0 4
      vertex -31.35 0 4
      vertex -31.2829 -2.05039 4
    endloop
  endfacet
  facet normal 0 0 1
    outer loop
      vertex 27.5 0 4
      vertex 31.35 0 4
      vertex 31.2829 2.05039 4
    endloop
  endfacet
  facet normal 0 0 1
    outer loop
      vertex 27.4411 1.79859 4
      vertex 31.2829 2.05039 4
      vertex 31.0818 4.092 4
    endloop
  endfacet
  facet normal 0 0 1
    outer loop
      vertex 31.35 0 4
      vertex 27.5 0 4
      vertex 31.2829 -2.05039 4
    endloop
  endfacet
  facet normal 0 0 1
    outer loop
      vertex 27.2647 3.58947 4
      vertex 31.0818 4.092 4
      vertex 30.7476 6.11608 4
    endloop
  endfacet
  facet normal -0 0 1
    outer loop
      vertex 27.4411 -1.79859 4
      vertex 31.2829 -2.05039 4
      vertex 27.5 0 4
    endloop
  endfacet
  facet normal 0 0 1
    outer loop
      vertex 26.9716 5.36498 4
      vertex 30.7476 6.11608 4
      vertex 30.2818 8.11398 4
    endloop
  endfacet
  facet normal 0 0 1
    outer loop
      vertex 31.2829 -2.05039 4
      vertex 27.4411 -1.79859 4
      vertex 31.0818 -4.092 4
    endloop
  endfacet
  facet normal 0 0 1
    outer loop
      vertex 26.563 7.11752 4
      vertex 30.2818 8.11398 4
      vertex 29.6863 10.0771 4
    endloop
  endfacet
  facet normal -0 0 1
    outer loop
      vertex 27.2647 -3.58947 4
      vertex 31.0818 -4.092 4
      vertex 27.4411 -1.79859 4
    endloop
  endfacet
  facet normal 0 0 1
    outer loop
      vertex 26.0406 8.83958 4
      vertex 29.6863 10.0771 4
      vertex 28.9636 11.9971 4
    endloop
  endfacet
  facet normal 0 0 1
    outer loop
      vertex 31.0818 -4.092 4
      vertex 27.2647 -3.58947 4
      vertex 30.7476 -6.11608 4
    endloop
  endfacet
  facet normal 0 0 1
    outer loop
      vertex 25.4067 10.5238 4
      vertex 28.9636 11.9971 4
      vertex 28.117 13.8658 4
    endloop
  endfacet
  facet normal -0 0 1
    outer loop
      vertex 26.9716 -5.36498 4
      vertex 30.7476 -6.11608 4
      vertex 27.2647 -3.58947 4
    endloop
  endfacet
  facet normal 0 0 1
    outer loop
      vertex 30.7476 -6.11608 4
      vertex 26.9716 -5.36498 4
      vertex 30.2818 -8.11398 4
    endloop
  endfacet
  facet normal 0 0 1
    outer loop
      vertex 31.2829 2.05039 4
      vertex 27.4411 1.79859 4
      vertex 27.5 0 4
    endloop
  endfacet
  facet normal 0 0 1
    outer loop
      vertex 31.0818 4.092 4
      vertex 27.2647 3.58947 4
      vertex 27.4411 1.79859 4
    endloop
  endfacet
  facet normal 0 0 1
    outer loop
      vertex 24.664 12.1629 4
      vertex 28.117 13.8658 4
      vertex 27.1499 15.675 4
    endloop
  endfacet
  facet normal 0 0 1
    outer loop
      vertex 30.7476 6.11608 4
      vertex 26.9716 5.36498 4
      vertex 27.2647 3.58947 4
    endloop
  endfacet
  facet normal 0 0 1
    outer loop
      vertex 30.2818 8.11398 4
      vertex 26.563 7.11752 4
      vertex 26.9716 5.36498 4
    endloop
  endfacet
  facet normal 0 0 1
    outer loop
      vertex 23.8157 13.75 4
      vertex 27.1499 15.675 4
      vertex 26.0666 17.4171 4
    endloop
  endfacet
  facet normal 0 0 1
    outer loop
      vertex 29.6863 10.0771 4
      vertex 26.0406 8.83958 4
      vertex 26.563 7.11752 4
    endloop
  endfacet
  facet normal 0 0 1
    outer loop
      vertex 28.9636 11.9971 4
      vertex 25.4067 10.5238 4
      vertex 26.0406 8.83958 4
    endloop
  endfacet
  facet normal 0 0 1
    outer loop
      vertex 22.8654 15.2782 4
      vertex 26.0666 17.4171 4
      vertex 24.8716 19.0847 4
    endloop
  endfacet
  facet normal 0 0 1
    outer loop
      vertex 28.117 13.8658 4
      vertex 24.664 12.1629 4
      vertex 25.4067 10.5238 4
    endloop
  endfacet
  facet normal 0 0 1
    outer loop
      vertex 27.1499 15.675 4
      vertex 23.8157 13.75 4
      vertex 24.664 12.1629 4
    endloop
  endfacet
  facet normal 0 0 1
    outer loop
      vertex 21.8172 16.7409 4
      vertex 24.8716 19.0847 4
      vertex 23.5702 20.6705 4
    endloop
  endfacet
  facet normal 0 0 1
    outer loop
      vertex 26.0666 17.4171 4
      vertex 22.8654 15.2782 4
      vertex 23.8157 13.75 4
    endloop
  endfacet
  facet normal 0 0 1
    outer loop
      vertex 20.6756 18.132 4
      vertex 23.5702 20.6705 4
      vertex 22.1678 22.1678 4
    endloop
  endfacet
  facet normal 0 0 1
    outer loop
      vertex 24.8716 19.0847 4
      vertex 21.8172 16.7409 4
      vertex 22.8654 15.2782 4
    endloop
  endfacet
  facet normal 0 0 1
    outer loop
      vertex 23.5702 20.6705 4
      vertex 20.6756 18.132 4
      vertex 21.8172 16.7409 4
    endloop
  endfacet
  facet normal 0 0 1
    outer loop
      vertex 19.4454 19.4454 4
      vertex 22.1678 22.1678 4
      vertex 20.6705 23.5702 4
    endloop
  endfacet
  facet normal 0 0 1
    outer loop
      vertex 22.1678 22.1678 4
      vertex 19.4454 19.4454 4
      vertex 20.6756 18.132 4
    endloop
  endfacet
  facet normal 0 0 1
    outer loop
      vertex 18.132 20.6756 4
      vertex 20.6705 23.5702 4
      vertex 19.0847 24.8716 4
    endloop
  endfacet
  facet normal 0 0 1
    outer loop
      vertex 20.6705 23.5702 4
      vertex 18.132 20.6756 4
      vertex 19.4454 19.4454 4
    endloop
  endfacet
  facet normal 0 0 1
    outer loop
      vertex 16.7409 21.8172 4
      vertex 19.0847 24.8716 4
      vertex 17.4171 26.0666 4
    endloop
  endfacet
  facet normal 0 0 1
    outer loop
      vertex 19.0847 24.8716 4
      vertex 16.7409 21.8172 4
      vertex 18.132 20.6756 4
    endloop
  endfacet
  facet normal 0 0 1
    outer loop
      vertex 15.2782 22.8654 4
      vertex 17.4171 26.0666 4
      vertex 15.675 27.1499 4
    endloop
  endfacet
  facet normal 0 0 1
    outer loop
      vertex 17.4171 26.0666 4
      vertex 15.2782 22.8654 4
      vertex 16.7409 21.8172 4
    endloop
  endfacet
  facet normal 0 0 1
    outer loop
      vertex 13.75 23.8157 4
      vertex 15.675 27.1499 4
      vertex 13.8658 28.117 4
    endloop
  endfacet
  facet normal 0 0 1
    outer loop
      vertex 15.675 27.1499 4
      vertex 13.75 23.8157 4
      vertex 15.2782 22.8654 4
    endloop
  endfacet
  facet normal 0 0 1
    outer loop
      vertex 13.8658 28.117 4
      vertex 12.1629 24.664 4
      vertex 13.75 23.8157 4
    endloop
  endfacet
  facet normal 0 0 1
    outer loop
      vertex 11.9971 28.9636 4
      vertex 12.1629 24.664 4
      vertex 13.8658 28.117 4
    endloop
  endfacet
  facet normal 0 0 1
    outer loop
      vertex 11.9971 28.9636 4
      vertex 10.5238 25.4067 4
      vertex 12.1629 24.664 4
    endloop
  endfacet
  facet normal 0 0 1
    outer loop
      vertex 10.0771 29.6863 4
      vertex 10.5238 25.4067 4
      vertex 11.9971 28.9636 4
    endloop
  endfacet
  facet normal 0 0 1
    outer loop
      vertex 10.0771 29.6863 4
      vertex 8.83958 26.0406 4
      vertex 10.5238 25.4067 4
    endloop
  endfacet
  facet normal 0 0 1
    outer loop
      vertex 8.11398 30.2818 4
      vertex 8.83958 26.0406 4
      vertex 10.0771 29.6863 4
    endloop
  endfacet
  facet normal 0 0 1
    outer loop
      vertex 8.11398 30.2818 4
      vertex 7.11752 26.563 4
      vertex 8.83958 26.0406 4
    endloop
  endfacet
  facet normal 0 0 1
    outer loop
      vertex 6.11608 30.7476 4
      vertex 7.11752 26.563 4
      vertex 8.11398 30.2818 4
    endloop
  endfacet
  facet normal 0 0 1
    outer loop
      vertex 6.11608 30.7476 4
      vertex 5.36498 26.9716 4
      vertex 7.11752 26.563 4
    endloop
  endfacet
  facet normal 0 0 1
    outer loop
      vertex 4.092 31.0818 4
      vertex 5.36498 26.9716 4
      vertex 6.11608 30.7476 4
    endloop
  endfacet
  facet normal 0 0 1
    outer loop
      vertex 4.092 31.0818 4
      vertex 3.58947 27.2647 4
      vertex 5.36498 26.9716 4
    endloop
  endfacet
  facet normal 0 0 1
    outer loop
      vertex 2.05039 31.2829 4
      vertex 3.58947 27.2647 4
      vertex 4.092 31.0818 4
    endloop
  endfacet
  facet normal 0 0 1
    outer loop
      vertex 2.05039 31.2829 4
      vertex 1.79859 27.4411 4
      vertex 3.58947 27.2647 4
    endloop
  endfacet
  facet normal 0 0 1
    outer loop
      vertex 0 31.35 4
      vertex 1.79859 27.4411 4
      vertex 2.05039 31.2829 4
    endloop
  endfacet
  facet normal 0 0 1
    outer loop
      vertex 0 31.35 4
      vertex 0 27.5 4
      vertex 1.79859 27.4411 4
    endloop
  endfacet
  facet normal 0 0 1
    outer loop
      vertex 0 31.35 4
      vertex -1.79859 27.4411 4
      vertex 0 27.5 4
    endloop
  endfacet
  facet normal -0 0 1
    outer loop
      vertex -2.05039 31.2829 4
      vertex -1.79859 27.4411 4
      vertex 0 31.35 4
    endloop
  endfacet
  facet normal 0 0 1
    outer loop
      vertex -2.05039 31.2829 4
      vertex -3.58947 27.2647 4
      vertex -1.79859 27.4411 4
    endloop
  endfacet
  facet normal -0 0 1
    outer loop
      vertex -4.092 31.0818 4
      vertex -3.58947 27.2647 4
      vertex -2.05039 31.2829 4
    endloop
  endfacet
  facet normal 0 0 1
    outer loop
      vertex -4.092 31.0818 4
      vertex -5.36498 26.9716 4
      vertex -3.58947 27.2647 4
    endloop
  endfacet
  facet normal -0 0 1
    outer loop
      vertex -6.11608 30.7476 4
      vertex -5.36498 26.9716 4
      vertex -4.092 31.0818 4
    endloop
  endfacet
  facet normal 0 0 1
    outer loop
      vertex -6.11608 30.7476 4
      vertex -7.11752 26.563 4
      vertex -5.36498 26.9716 4
    endloop
  endfacet
  facet normal -0 0 1
    outer loop
      vertex -8.11398 30.2818 4
      vertex -7.11752 26.563 4
      vertex -6.11608 30.7476 4
    endloop
  endfacet
  facet normal 0 0 1
    outer loop
      vertex -8.11398 30.2818 4
      vertex -8.83958 26.0406 4
      vertex -7.11752 26.563 4
    endloop
  endfacet
  facet normal -0 0 1
    outer loop
      vertex -10.0771 29.6863 4
      vertex -8.83958 26.0406 4
      vertex -8.11398 30.2818 4
    endloop
  endfacet
  facet normal 0 0 1
    outer loop
      vertex -10.0771 29.6863 4
      vertex -10.5238 25.4067 4
      vertex -8.83958 26.0406 4
    endloop
  endfacet
  facet normal -0 0 1
    outer loop
      vertex -11.9971 28.9636 4
      vertex -10.5238 25.4067 4
      vertex -10.0771 29.6863 4
    endloop
  endfacet
  facet normal 0 0 1
    outer loop
      vertex -11.9971 28.9636 4
      vertex -12.1629 24.664 4
      vertex -10.5238 25.4067 4
    endloop
  endfacet
  facet normal -0 0 1
    outer loop
      vertex -13.8658 28.117 4
      vertex -12.1629 24.664 4
      vertex -11.9971 28.9636 4
    endloop
  endfacet
  facet normal 0 0 1
    outer loop
      vertex -12.1629 24.664 4
      vertex -13.8658 28.117 4
      vertex -13.75 23.8157 4
    endloop
  endfacet
  facet normal -0 0 1
    outer loop
      vertex -15.675 27.1499 4
      vertex -13.75 23.8157 4
      vertex -13.8658 28.117 4
    endloop
  endfacet
  facet normal 0 0 1
    outer loop
      vertex -13.75 23.8157 4
      vertex -15.675 27.1499 4
      vertex -15.2782 22.8654 4
    endloop
  endfacet
  facet normal -0 0 1
    outer loop
      vertex -17.4171 26.0666 4
      vertex -15.2782 22.8654 4
      vertex -15.675 27.1499 4
    endloop
  endfacet
  facet normal 0 0 1
    outer loop
      vertex -15.2782 22.8654 4
      vertex -17.4171 26.0666 4
      vertex -16.7409 21.8172 4
    endloop
  endfacet
  facet normal -0 0 1
    outer loop
      vertex -19.0847 24.8716 4
      vertex -16.7409 21.8172 4
      vertex -17.4171 26.0666 4
    endloop
  endfacet
  facet normal 0 0 1
    outer loop
      vertex -16.7409 21.8172 4
      vertex -19.0847 24.8716 4
      vertex -18.132 20.6756 4
    endloop
  endfacet
  facet normal -0 0 1
    outer loop
      vertex -20.6705 23.5702 4
      vertex -18.132 20.6756 4
      vertex -19.0847 24.8716 4
    endloop
  endfacet
  facet normal 0 0 1
    outer loop
      vertex -18.132 20.6756 4
      vertex -20.6705 23.5702 4
      vertex -19.4454 19.4454 4
    endloop
  endfacet
  facet normal -0 0 1
    outer loop
      vertex -22.1678 22.1678 4
      vertex -19.4454 19.4454 4
      vertex -20.6705 23.5702 4
    endloop
  endfacet
  facet normal 0 0 1
    outer loop
      vertex -19.4454 19.4454 4
      vertex -22.1678 22.1678 4
      vertex -20.6756 18.132 4
    endloop
  endfacet
  facet normal -0 0 1
    outer loop
      vertex -23.5702 20.6705 4
      vertex -20.6756 18.132 4
      vertex -22.1678 22.1678 4
    endloop
  endfacet
  facet normal 0 0 1
    outer loop
      vertex -20.6756 18.132 4
      vertex -23.5702 20.6705 4
      vertex -21.8172 16.7409 4
    endloop
  endfacet
  facet normal -0 0 1
    outer loop
      vertex -24.8716 19.0847 4
      vertex -21.8172 16.7409 4
      vertex -23.5702 20.6705 4
    endloop
  endfacet
  facet normal 0 0 1
    outer loop
      vertex -21.8172 16.7409 4
      vertex -24.8716 19.0847 4
      vertex -22.8654 15.2782 4
    endloop
  endfacet
  facet normal -0 0 1
    outer loop
      vertex -26.0666 17.4171 4
      vertex -22.8654 15.2782 4
      vertex -24.8716 19.0847 4
    endloop
  endfacet
  facet normal 0 0 1
    outer loop
      vertex -22.8654 15.2782 4
      vertex -26.0666 17.4171 4
      vertex -23.8157 13.75 4
    endloop
  endfacet
  facet normal -0 0 1
    outer loop
      vertex -27.1499 15.675 4
      vertex -23.8157 13.75 4
      vertex -26.0666 17.4171 4
    endloop
  endfacet
  facet normal 0 0 1
    outer loop
      vertex -23.8157 13.75 4
      vertex -27.1499 15.675 4
      vertex -24.664 12.1629 4
    endloop
  endfacet
  facet normal -0 0 1
    outer loop
      vertex -28.117 13.8658 4
      vertex -24.664 12.1629 4
      vertex -27.1499 15.675 4
    endloop
  endfacet
  facet normal 0 0 1
    outer loop
      vertex -24.664 12.1629 4
      vertex -28.117 13.8658 4
      vertex -25.4067 10.5238 4
    endloop
  endfacet
  facet normal -0 0 1
    outer loop
      vertex -28.9636 11.9971 4
      vertex -25.4067 10.5238 4
      vertex -28.117 13.8658 4
    endloop
  endfacet
  facet normal 0 0 1
    outer loop
      vertex -25.4067 10.5238 4
      vertex -28.9636 11.9971 4
      vertex -26.0406 8.83958 4
    endloop
  endfacet
  facet normal -0 0 1
    outer loop
      vertex -29.6863 10.0771 4
      vertex -26.0406 8.83958 4
      vertex -28.9636 11.9971 4
    endloop
  endfacet
  facet normal 0 0 1
    outer loop
      vertex -26.0406 8.83958 4
      vertex -29.6863 10.0771 4
      vertex -26.563 7.11752 4
    endloop
  endfacet
  facet normal -0 0 1
    outer loop
      vertex -30.2818 8.11398 4
      vertex -26.563 7.11752 4
      vertex -29.6863 10.0771 4
    endloop
  endfacet
  facet normal 0 0 1
    outer loop
      vertex -26.563 7.11752 4
      vertex -30.2818 8.11398 4
      vertex -26.9716 5.36498 4
    endloop
  endfacet
  facet normal -0 0 1
    outer loop
      vertex 26.563 -7.11752 4
      vertex 30.2818 -8.11398 4
      vertex 26.9716 -5.36498 4
    endloop
  endfacet
  facet normal 0 0 1
    outer loop
      vertex 30.2818 -8.11398 4
      vertex 26.563 -7.11752 4
      vertex 29.6863 -10.0771 4
    endloop
  endfacet
  facet normal -0 0 1
    outer loop
      vertex 26.0406 -8.83958 4
      vertex 29.6863 -10.0771 4
      vertex 26.563 -7.11752 4
    endloop
  endfacet
  facet normal 0 0 1
    outer loop
      vertex 29.6863 -10.0771 4
      vertex 26.0406 -8.83958 4
      vertex 28.9636 -11.9971 4
    endloop
  endfacet
  facet normal -0 0 1
    outer loop
      vertex 25.4067 -10.5238 4
      vertex 28.9636 -11.9971 4
      vertex 26.0406 -8.83958 4
    endloop
  endfacet
  facet normal 0 0 1
    outer loop
      vertex 28.9636 -11.9971 4
      vertex 25.4067 -10.5238 4
      vertex 28.117 -13.8658 4
    endloop
  endfacet
  facet normal -0 0 1
    outer loop
      vertex 24.664 -12.1629 4
      vertex 28.117 -13.8658 4
      vertex 25.4067 -10.5238 4
    endloop
  endfacet
  facet normal 0 0 1
    outer loop
      vertex 28.117 -13.8658 4
      vertex 24.664 -12.1629 4
      vertex 27.1499 -15.675 4
    endloop
  endfacet
  facet normal -0 0 1
    outer loop
      vertex 23.8157 -13.75 4
      vertex 27.1499 -15.675 4
      vertex 24.664 -12.1629 4
    endloop
  endfacet
  facet normal 0 0 1
    outer loop
      vertex 27.1499 -15.675 4
      vertex 23.8157 -13.75 4
      vertex 26.0666 -17.4171 4
    endloop
  endfacet
  facet normal -0 0 1
    outer loop
      vertex 22.8654 -15.2782 4
      vertex 26.0666 -17.4171 4
      vertex 23.8157 -13.75 4
    endloop
  endfacet
  facet normal 0 0 1
    outer loop
      vertex 26.0666 -17.4171 4
      vertex 22.8654 -15.2782 4
      vertex 24.8716 -19.0847 4
    endloop
  endfacet
  facet normal -0 0 1
    outer loop
      vertex 21.8172 -16.7409 4
      vertex 24.8716 -19.0847 4
      vertex 22.8654 -15.2782 4
    endloop
  endfacet
  facet normal 0 0 1
    outer loop
      vertex 24.8716 -19.0847 4
      vertex 21.8172 -16.7409 4
      vertex 23.5702 -20.6705 4
    endloop
  endfacet
  facet normal -0 0 1
    outer loop
      vertex 20.6756 -18.132 4
      vertex 23.5702 -20.6705 4
      vertex 21.8172 -16.7409 4
    endloop
  endfacet
  facet normal 0 0 1
    outer loop
      vertex 23.5702 -20.6705 4
      vertex 20.6756 -18.132 4
      vertex 22.1678 -22.1678 4
    endloop
  endfacet
  facet normal -0 0 1
    outer loop
      vertex 19.4454 -19.4454 4
      vertex 22.1678 -22.1678 4
      vertex 20.6756 -18.132 4
    endloop
  endfacet
  facet normal 0 0 1
    outer loop
      vertex 22.1678 -22.1678 4
      vertex 19.4454 -19.4454 4
      vertex 20.6705 -23.5702 4
    endloop
  endfacet
  facet normal -0 0 1
    outer loop
      vertex 18.132 -20.6756 4
      vertex 20.6705 -23.5702 4
      vertex 19.4454 -19.4454 4
    endloop
  endfacet
  facet normal 0 0 1
    outer loop
      vertex 20.6705 -23.5702 4
      vertex 18.132 -20.6756 4
      vertex 19.0847 -24.8716 4
    endloop
  endfacet
  facet normal -0 0 1
    outer loop
      vertex 16.7409 -21.8172 4
      vertex 19.0847 -24.8716 4
      vertex 18.132 -20.6756 4
    endloop
  endfacet
  facet normal 0 0 1
    outer loop
      vertex 19.0847 -24.8716 4
      vertex 16.7409 -21.8172 4
      vertex 17.4171 -26.0666 4
    endloop
  endfacet
  facet normal -0 0 1
    outer loop
      vertex 15.2782 -22.8654 4
      vertex 17.4171 -26.0666 4
      vertex 16.7409 -21.8172 4
    endloop
  endfacet
  facet normal 0 0 1
    outer loop
      vertex 17.4171 -26.0666 4
      vertex 15.2782 -22.8654 4
      vertex 15.675 -27.1499 4
    endloop
  endfacet
  facet normal -0 0 1
    outer loop
      vertex 13.75 -23.8157 4
      vertex 15.675 -27.1499 4
      vertex 15.2782 -22.8654 4
    endloop
  endfacet
  facet normal 0 0 1
    outer loop
      vertex 15.675 -27.1499 4
      vertex 13.75 -23.8157 4
      vertex 13.8658 -28.117 4
    endloop
  endfacet
  facet normal -0 0 1
    outer loop
      vertex 12.1629 -24.664 4
      vertex 13.8658 -28.117 4
      vertex 13.75 -23.8157 4
    endloop
  endfacet
  facet normal 0 0 1
    outer loop
      vertex 12.1629 -24.664 4
      vertex 11.9971 -28.9636 4
      vertex 13.8658 -28.117 4
    endloop
  endfacet
  facet normal -0 0 1
    outer loop
      vertex 10.5238 -25.4067 4
      vertex 11.9971 -28.9636 4
      vertex 12.1629 -24.664 4
    endloop
  endfacet
  facet normal 0 0 1
    outer loop
      vertex 10.5238 -25.4067 4
      vertex 10.0771 -29.6863 4
      vertex 11.9971 -28.9636 4
    endloop
  endfacet
  facet normal -0 0 1
    outer loop
      vertex 8.83958 -26.0406 4
      vertex 10.0771 -29.6863 4
      vertex 10.5238 -25.4067 4
    endloop
  endfacet
  facet normal 0 0 1
    outer loop
      vertex 8.83958 -26.0406 4
      vertex 8.11398 -30.2818 4
      vertex 10.0771 -29.6863 4
    endloop
  endfacet
  facet normal -0 0 1
    outer loop
      vertex 7.11752 -26.563 4
      vertex 8.11398 -30.2818 4
      vertex 8.83958 -26.0406 4
    endloop
  endfacet
  facet normal -0 0 1
    outer loop
      vertex 7 -30 4
      vertex 8.11398 -30.2818 4
      vertex 7.11752 -26.563 4
    endloop
  endfacet
  facet normal 0 0 1
    outer loop
      vertex 8.11398 -30.2818 4
      vertex 7 -30 4
      vertex 7 -30.5415 4
    endloop
  endfacet
  facet normal 1 0 0
    outer loop
      vertex 7 -30 9
      vertex 7 -30.5415 4
      vertex 7 -30 4
    endloop
  endfacet
  facet normal 1 0 0
    outer loop
      vertex 7 -30.5415 4
      vertex 7 -34.2874 2.5
      vertex 7 -30.5415 2.5
    endloop
  endfacet
  facet normal 1 0 0
    outer loop
      vertex 7 -30 9
      vertex 7 -34.2874 2.5
      vertex 7 -30.5415 4
    endloop
  endfacet
  facet normal 1 -0 0
    outer loop
      vertex 7 -44 9
      vertex 7 -34.2874 2.5
      vertex 7 -30 9
    endloop
  endfacet
  facet normal 1 0 0
    outer loop
      vertex 7 -44 0
      vertex 7 -34.2874 2.5
      vertex 7 -44 9
    endloop
  endfacet
  facet normal 1 0 0
    outer loop
      vertex 7 -34.2874 2.5
      vertex 7 -44 0
      vertex 7 -34.2874 0
    endloop
  endfacet
  facet normal 0 0 1
    outer loop
      vertex 7 -30 9
      vertex 3.6 -37 9
      vertex 7 -44 9
    endloop
  endfacet
  facet normal 0 0 1
    outer loop
      vertex 7 -30 9
      vertex 3.59229 -36.7645 9
      vertex 3.6 -37 9
    endloop
  endfacet
  facet normal 0 0 1
    outer loop
      vertex 7 -30 9
      vertex 3.5692 -36.5301 9
      vertex 3.59229 -36.7645 9
    endloop
  endfacet
  facet normal 0 0 1
    outer loop
      vertex 7 -30 9
      vertex 3.53083 -36.2977 9
      vertex 3.5692 -36.5301 9
    endloop
  endfacet
  facet normal 0 0 1
    outer loop
      vertex 7 -30 9
      vertex 3.47733 -36.0683 9
      vertex 3.53083 -36.2977 9
    endloop
  endfacet
  facet normal 0 0 1
    outer loop
      vertex 7 -30 9
      vertex 3.40895 -35.8428 9
      vertex 3.47733 -36.0683 9
    endloop
  endfacet
  facet normal 0 0 1
    outer loop
      vertex 7 -30 9
      vertex 3.32597 -35.6223 9
      vertex 3.40895 -35.8428 9
    endloop
  endfacet
  facet normal 0 0 1
    outer loop
      vertex 7 -30 9
      vertex 3.22874 -35.4078 9
      vertex 3.32597 -35.6223 9
    endloop
  endfacet
  facet normal 0 0 1
    outer loop
      vertex 7 -30 9
      vertex 3.11769 -35.2 9
      vertex 3.22874 -35.4078 9
    endloop
  endfacet
  facet normal 0 0 1
    outer loop
      vertex 7 -30 9
      vertex 2.99329 -34.9999 9
      vertex 3.11769 -35.2 9
    endloop
  endfacet
  facet normal 0 0 1
    outer loop
      vertex 7 -30 9
      vertex 2.85607 -34.8085 9
      vertex 2.99329 -34.9999 9
    endloop
  endfacet
  facet normal 0 0 1
    outer loop
      vertex 7 -30 9
      vertex 2.70662 -34.6264 9
      vertex 2.85607 -34.8085 9
    endloop
  endfacet
  facet normal 0 0 1
    outer loop
      vertex 7 -30 9
      vertex 2.54558 -34.4544 9
      vertex 2.70662 -34.6264 9
    endloop
  endfacet
  facet normal 0 0 1
    outer loop
      vertex 7 -30 9
      vertex 2.37364 -34.2934 9
      vertex 2.54558 -34.4544 9
    endloop
  endfacet
  facet normal 0 0 1
    outer loop
      vertex 7 -30 9
      vertex 2.19154 -34.1439 9
      vertex 2.37364 -34.2934 9
    endloop
  endfacet
  facet normal 0 0 1
    outer loop
      vertex 7 -30 9
      vertex 2.00005 -34.0067 9
      vertex 2.19154 -34.1439 9
    endloop
  endfacet
  facet normal 0 0 1
    outer loop
      vertex 7 -30 9
      vertex 1.8 -33.8823 9
      vertex 2.00005 -34.0067 9
    endloop
  endfacet
  facet normal 0 0 1
    outer loop
      vertex 7 -30 9
      vertex 1.59224 -33.7713 9
      vertex 1.8 -33.8823 9
    endloop
  endfacet
  facet normal 0 0 1
    outer loop
      vertex 7 -30 9
      vertex 1.37766 -33.674 9
      vertex 1.59224 -33.7713 9
    endloop
  endfacet
  facet normal 0 0 1
    outer loop
      vertex 7 -30 9
      vertex 1.15718 -33.591 9
      vertex 1.37766 -33.674 9
    endloop
  endfacet
  facet normal 0 0 1
    outer loop
      vertex 7 -30 9
      vertex 0.931748 -33.5227 9
      vertex 1.15718 -33.591 9
    endloop
  endfacet
  facet normal 0 0 1
    outer loop
      vertex 7 -30 9
      vertex 0.702325 -33.4692 9
      vertex 0.931748 -33.5227 9
    endloop
  endfacet
  facet normal 0 0 1
    outer loop
      vertex 7 -30 9
      vertex 0.469893 -33.4308 9
      vertex 0.702325 -33.4692 9
    endloop
  endfacet
  facet normal 0 0 1
    outer loop
      vertex 7 -30 9
      vertex 0.235451 -33.4077 9
      vertex 0.469893 -33.4308 9
    endloop
  endfacet
  facet normal 0 0 1
    outer loop
      vertex 7 -30 9
      vertex 0 -33.4 9
      vertex 0.235451 -33.4077 9
    endloop
  endfacet
  facet normal -0 0 1
    outer loop
      vertex -7 -30 9
      vertex 0 -33.4 9
      vertex 7 -30 9
    endloop
  endfacet
  facet normal 0 0 1
    outer loop
      vertex 0 -33.4 9
      vertex -7 -30 9
      vertex -0.235451 -33.4077 9
    endloop
  endfacet
  facet normal 0 0 1
    outer loop
      vertex -0.235451 -33.4077 9
      vertex -7 -30 9
      vertex -0.469893 -33.4308 9
    endloop
  endfacet
  facet normal 0 0 1
    outer loop
      vertex -0.469893 -33.4308 9
      vertex -7 -30 9
      vertex -0.702325 -33.4692 9
    endloop
  endfacet
  facet normal 0 0 1
    outer loop
      vertex -0.702325 -33.4692 9
      vertex -7 -30 9
      vertex -0.931748 -33.5227 9
    endloop
  endfacet
  facet normal 0 0 1
    outer loop
      vertex -0.931748 -33.5227 9
      vertex -7 -30 9
      vertex -1.15718 -33.591 9
    endloop
  endfacet
  facet normal 0 0 1
    outer loop
      vertex -3.59229 -36.7645 9
      vertex -7 -30 9
      vertex -3.6 -37 9
    endloop
  endfacet
  facet normal 0 0 1
    outer loop
      vertex -3.5692 -36.5301 9
      vertex -7 -30 9
      vertex -3.59229 -36.7645 9
    endloop
  endfacet
  facet normal 0 0 1
    outer loop
      vertex -3.53083 -36.2977 9
      vertex -7 -30 9
      vertex -3.5692 -36.5301 9
    endloop
  endfacet
  facet normal 0 0 1
    outer loop
      vertex -3.47733 -36.0683 9
      vertex -7 -30 9
      vertex -3.53083 -36.2977 9
    endloop
  endfacet
  facet normal 0 0 1
    outer loop
      vertex -3.40895 -35.8428 9
      vertex -7 -30 9
      vertex -3.47733 -36.0683 9
    endloop
  endfacet
  facet normal 0 0 1
    outer loop
      vertex -3.32597 -35.6223 9
      vertex -7 -30 9
      vertex -3.40895 -35.8428 9
    endloop
  endfacet
  facet normal 0 0 1
    outer loop
      vertex -3.22874 -35.4078 9
      vertex -7 -30 9
      vertex -3.32597 -35.6223 9
    endloop
  endfacet
  facet normal 0 0 1
    outer loop
      vertex -3.11769 -35.2 9
      vertex -7 -30 9
      vertex -3.22874 -35.4078 9
    endloop
  endfacet
  facet normal 0 0 1
    outer loop
      vertex -2.99329 -34.9999 9
      vertex -7 -30 9
      vertex -3.11769 -35.2 9
    endloop
  endfacet
  facet normal 0 0 1
    outer loop
      vertex -2.85607 -34.8085 9
      vertex -7 -30 9
      vertex -2.99329 -34.9999 9
    endloop
  endfacet
  facet normal 0 0 1
    outer loop
      vertex -2.70662 -34.6264 9
      vertex -7 -30 9
      vertex -2.85607 -34.8085 9
    endloop
  endfacet
  facet normal 0 0 1
    outer loop
      vertex -2.54558 -34.4544 9
      vertex -7 -30 9
      vertex -2.70662 -34.6264 9
    endloop
  endfacet
  facet normal 0 0 1
    outer loop
      vertex -2.37364 -34.2934 9
      vertex -7 -30 9
      vertex -2.54558 -34.4544 9
    endloop
  endfacet
  facet normal 0 0 1
    outer loop
      vertex -2.19154 -34.1439 9
      vertex -7 -30 9
      vertex -2.37364 -34.2934 9
    endloop
  endfacet
  facet normal 0 0 1
    outer loop
      vertex -2.00005 -34.0067 9
      vertex -7 -30 9
      vertex -2.19154 -34.1439 9
    endloop
  endfacet
  facet normal 0 0 1
    outer loop
      vertex -1.8 -33.8823 9
      vertex -7 -30 9
      vertex -2.00005 -34.0067 9
    endloop
  endfacet
  facet normal 0 0 1
    outer loop
      vertex -1.59224 -33.7713 9
      vertex -7 -30 9
      vertex -1.8 -33.8823 9
    endloop
  endfacet
  facet normal 0 0 1
    outer loop
      vertex -1.37766 -33.674 9
      vertex -7 -30 9
      vertex -1.59224 -33.7713 9
    endloop
  endfacet
  facet normal 0 0 1
    outer loop
      vertex -1.15718 -33.591 9
      vertex -7 -30 9
      vertex -1.37766 -33.674 9
    endloop
  endfacet
  facet normal -0 0 1
    outer loop
      vertex 3.59229 -37.2355 9
      vertex 7 -44 9
      vertex 3.6 -37 9
    endloop
  endfacet
  facet normal -0 0 1
    outer loop
      vertex 3.5692 -37.4699 9
      vertex 7 -44 9
      vertex 3.59229 -37.2355 9
    endloop
  endfacet
  facet normal -0 0 1
    outer loop
      vertex 3.53083 -37.7023 9
      vertex 7 -44 9
      vertex 3.5692 -37.4699 9
    endloop
  endfacet
  facet normal -0 0 1
    outer loop
      vertex 3.47733 -37.9317 9
      vertex 7 -44 9
      vertex 3.53083 -37.7023 9
    endloop
  endfacet
  facet normal -0 0 1
    outer loop
      vertex 3.40895 -38.1572 9
      vertex 7 -44 9
      vertex 3.47733 -37.9317 9
    endloop
  endfacet
  facet normal -0 0 1
    outer loop
      vertex 3.32597 -38.3777 9
      vertex 7 -44 9
      vertex 3.40895 -38.1572 9
    endloop
  endfacet
  facet normal -0 0 1
    outer loop
      vertex 3.22874 -38.5922 9
      vertex 7 -44 9
      vertex 3.32597 -38.3777 9
    endloop
  endfacet
  facet normal -0 0 1
    outer loop
      vertex 3.11769 -38.8 9
      vertex 7 -44 9
      vertex 3.22874 -38.5922 9
    endloop
  endfacet
  facet normal -0 0 1
    outer loop
      vertex 2.99329 -39.0001 9
      vertex 7 -44 9
      vertex 3.11769 -38.8 9
    endloop
  endfacet
  facet normal -0 0 1
    outer loop
      vertex 2.85607 -39.1915 9
      vertex 7 -44 9
      vertex 2.99329 -39.0001 9
    endloop
  endfacet
  facet normal -0 0 1
    outer loop
      vertex 2.70662 -39.3736 9
      vertex 7 -44 9
      vertex 2.85607 -39.1915 9
    endloop
  endfacet
  facet normal -0 0 1
    outer loop
      vertex 2.54558 -39.5456 9
      vertex 7 -44 9
      vertex 2.70662 -39.3736 9
    endloop
  endfacet
  facet normal -0 0 1
    outer loop
      vertex 2.37364 -39.7066 9
      vertex 7 -44 9
      vertex 2.54558 -39.5456 9
    endloop
  endfacet
  facet normal -0 0 1
    outer loop
      vertex 2.19154 -39.8561 9
      vertex 7 -44 9
      vertex 2.37364 -39.7066 9
    endloop
  endfacet
  facet normal -0 0 1
    outer loop
      vertex 2.00005 -39.9933 9
      vertex 7 -44 9
      vertex 2.19154 -39.8561 9
    endloop
  endfacet
  facet normal -0 0 1
    outer loop
      vertex 1.8 -40.1177 9
      vertex 7 -44 9
      vertex 2.00005 -39.9933 9
    endloop
  endfacet
  facet normal -0 0 1
    outer loop
      vertex 1.59224 -40.2287 9
      vertex 7 -44 9
      vertex 1.8 -40.1177 9
    endloop
  endfacet
  facet normal -0 0 1
    outer loop
      vertex 1.37766 -40.326 9
      vertex 7 -44 9
      vertex 1.59224 -40.2287 9
    endloop
  endfacet
  facet normal -0 0 1
    outer loop
      vertex 1.15718 -40.4089 9
      vertex 7 -44 9
      vertex 1.37766 -40.326 9
    endloop
  endfacet
  facet normal -0 0 1
    outer loop
      vertex 0.931748 -40.4773 9
      vertex 7 -44 9
      vertex 1.15718 -40.4089 9
    endloop
  endfacet
  facet normal -0 0 1
    outer loop
      vertex 0.702325 -40.5308 9
      vertex 7 -44 9
      vertex 0.931748 -40.4773 9
    endloop
  endfacet
  facet normal -0 0 1
    outer loop
      vertex 0.469893 -40.5692 9
      vertex 7 -44 9
      vertex 0.702325 -40.5308 9
    endloop
  endfacet
  facet normal -0 0 1
    outer loop
      vertex 0.235451 -40.5923 9
      vertex 7 -44 9
      vertex 0.469893 -40.5692 9
    endloop
  endfacet
  facet normal -0 0 1
    outer loop
      vertex 0 -40.6 9
      vertex 7 -44 9
      vertex 0.235451 -40.5923 9
    endloop
  endfacet
  facet normal 0 0 1
    outer loop
      vertex -7 -44 9
      vertex 0 -40.6 9
      vertex -0.235451 -40.5923 9
    endloop
  endfacet
  facet normal 0 0 1
    outer loop
      vertex -7 -44 9
      vertex -0.235451 -40.5923 9
      vertex -0.469893 -40.5692 9
    endloop
  endfacet
  facet normal 0 0 1
    outer loop
      vertex -7 -44 9
      vertex -0.469893 -40.5692 9
      vertex -0.702325 -40.5308 9
    endloop
  endfacet
  facet normal 0 0 1
    outer loop
      vertex -7 -44 9
      vertex -0.702325 -40.5308 9
      vertex -0.931748 -40.4773 9
    endloop
  endfacet
  facet normal 0 0 1
    outer loop
      vertex -7 -44 9
      vertex -0.931748 -40.4773 9
      vertex -1.15718 -40.4089 9
    endloop
  endfacet
  facet normal 0 0 1
    outer loop
      vertex -7 -44 9
      vertex -1.15718 -40.4089 9
      vertex -1.37766 -40.326 9
    endloop
  endfacet
  facet normal 0 0 1
    outer loop
      vertex -7 -44 9
      vertex -3.6 -37 9
      vertex -7 -30 9
    endloop
  endfacet
  facet normal 0 0 1
    outer loop
      vertex -3.6 -37 9
      vertex -7 -44 9
      vertex -3.59229 -37.2355 9
    endloop
  endfacet
  facet normal 0 0 1
    outer loop
      vertex -3.59229 -37.2355 9
      vertex -7 -44 9
      vertex -3.5692 -37.4699 9
    endloop
  endfacet
  facet normal 0 0 1
    outer loop
      vertex -3.5692 -37.4699 9
      vertex -7 -44 9
      vertex -3.53083 -37.7023 9
    endloop
  endfacet
  facet normal 0 0 1
    outer loop
      vertex -3.53083 -37.7023 9
      vertex -7 -44 9
      vertex -3.47733 -37.9317 9
    endloop
  endfacet
  facet normal 0 0 1
    outer loop
      vertex -3.47733 -37.9317 9
      vertex -7 -44 9
      vertex -3.40895 -38.1572 9
    endloop
  endfacet
  facet normal 0 0 1
    outer loop
      vertex 0 -40.6 9
      vertex -7 -44 9
      vertex 7 -44 9
    endloop
  endfacet
  facet normal 0 0 1
    outer loop
      vertex -1.59224 -40.2287 9
      vertex -7 -44 9
      vertex -1.37766 -40.326 9
    endloop
  endfacet
  facet normal 0 0 1
    outer loop
      vertex -1.8 -40.1177 9
      vertex -7 -44 9
      vertex -1.59224 -40.2287 9
    endloop
  endfacet
  facet normal 0 0 1
    outer loop
      vertex -2.00005 -39.9933 9
      vertex -7 -44 9
      vertex -1.8 -40.1177 9
    endloop
  endfacet
  facet normal 0 0 1
    outer loop
      vertex -2.19154 -39.8561 9
      vertex -7 -44 9
      vertex -2.00005 -39.9933 9
    endloop
  endfacet
  facet normal 0 0 1
    outer loop
      vertex -2.37364 -39.7066 9
      vertex -7 -44 9
      vertex -2.19154 -39.8561 9
    endloop
  endfacet
  facet normal 0 0 1
    outer loop
      vertex -2.54558 -39.5456 9
      vertex -7 -44 9
      vertex -2.37364 -39.7066 9
    endloop
  endfacet
  facet normal 0 0 1
    outer loop
      vertex -2.70662 -39.3736 9
      vertex -7 -44 9
      vertex -2.54558 -39.5456 9
    endloop
  endfacet
  facet normal 0 0 1
    outer loop
      vertex -2.85607 -39.1915 9
      vertex -7 -44 9
      vertex -2.70662 -39.3736 9
    endloop
  endfacet
  facet normal 0 0 1
    outer loop
      vertex -2.99329 -39.0001 9
      vertex -7 -44 9
      vertex -2.85607 -39.1915 9
    endloop
  endfacet
  facet normal 0 0 1
    outer loop
      vertex -3.11769 -38.8 9
      vertex -7 -44 9
      vertex -2.99329 -39.0001 9
    endloop
  endfacet
  facet normal 0 0 1
    outer loop
      vertex -3.22874 -38.5922 9
      vertex -7 -44 9
      vertex -3.11769 -38.8 9
    endloop
  endfacet
  facet normal 0 0 1
    outer loop
      vertex -3.32597 -38.3777 9
      vertex -7 -44 9
      vertex -3.22874 -38.5922 9
    endloop
  endfacet
  facet normal 0 0 1
    outer loop
      vertex -3.40895 -38.1572 9
      vertex -7 -44 9
      vertex -3.32597 -38.3777 9
    endloop
  endfacet
  facet normal -1 0 0
    outer loop
      vertex -7 -34.2874 0
      vertex -7 -44 0
      vertex -7 -34.2874 2.5
    endloop
  endfacet
  facet normal -1 0 0
    outer loop
      vertex -7 -30.5415 2.5
      vertex -7 -34.2874 2.5
      vertex -7 -30.5415 4
    endloop
  endfacet
  facet normal -1 0 0
    outer loop
      vertex -7 -30.5415 4
      vertex -7 -30 9
      vertex -7 -30 4
    endloop
  endfacet
  facet normal -1 0 0
    outer loop
      vertex -7 -34.2874 2.5
      vertex -7 -30 9
      vertex -7 -30.5415 4
    endloop
  endfacet
  facet normal -1 0 0
    outer loop
      vertex -7 -44 9
      vertex -7 -34.2874 2.5
      vertex -7 -44 0
    endloop
  endfacet
  facet normal -1 0 0
    outer loop
      vertex -7 -34.2874 2.5
      vertex -7 -44 9
      vertex -7 -30 9
    endloop
  endfacet
  facet normal 0 1 -0
    outer loop
      vertex 7 -30 4
      vertex -7 -30 9
      vertex 7 -30 9
    endloop
  endfacet
  facet normal 0 1 0
    outer loop
      vertex -7 -30 9
      vertex 7 -30 4
      vertex -7 -30 4
    endloop
  endfacet
  facet normal 0 -1 0
    outer loop
      vertex -7 -44 0
      vertex 7 -44 9
      vertex -7 -44 9
    endloop
  endfacet
  facet normal 0 -1 -0
    outer loop
      vertex 7 -44 9
      vertex -7 -44 0
      vertex 7 -44 0
    endloop
  endfacet
  facet normal -0.99526 -0.0972534 0
    outer loop
      vertex 34.5976 0.0719433 0
      vertex 34.5906 0.143579 2.5
      vertex 34.5906 0.143579 0
    endloop
  endfacet
  facet normal -0.99526 -0.0972534 0
    outer loop
      vertex 34.5906 0.143579 2.5
      vertex 34.5976 0.0719433 0
      vertex 34.5976 0.0719433 2.5
    endloop
  endfacet
  facet normal -0.999444 -0.0333411 0
    outer loop
      vertex 34.6 0 0
      vertex 34.5976 0.0719433 2.5
      vertex 34.5976 0.0719433 0
    endloop
  endfacet
  facet normal -0.999444 -0.0333411 0
    outer loop
      vertex 34.5976 0.0719433 2.5
      vertex 34.6 0 0
      vertex 34.6 0 2.5
    endloop
  endfacet
  facet normal -0.9867 -0.162551 0
    outer loop
      vertex 34.5906 0.143579 0
      vertex 34.5789 0.214599 2.5
      vertex 34.5789 0.214599 0
    endloop
  endfacet
  facet normal -0.9867 -0.162551 0
    outer loop
      vertex 34.5789 0.214599 2.5
      vertex 34.5906 0.143579 0
      vertex 34.5906 0.143579 2.5
    endloop
  endfacet
  facet normal -0.973709 -0.227797 0
    outer loop
      vertex 34.5789 0.214599 0
      vertex 34.5625 0.2847 2.5
      vertex 34.5625 0.2847 0
    endloop
  endfacet
  facet normal -0.973709 -0.227797 0
    outer loop
      vertex 34.5625 0.2847 2.5
      vertex 34.5789 0.214599 0
      vertex 34.5789 0.214599 2.5
    endloop
  endfacet
  facet normal 0.633997 -0.773336 0
    outer loop
      vertex 32.7747 0.827024 0
      vertex 32.8304 0.872688 2.5
      vertex 32.7747 0.827024 2.5
    endloop
  endfacet
  facet normal 0.633997 -0.773336 0
    outer loop
      vertex 32.8304 0.872688 2.5
      vertex 32.7747 0.827024 0
      vertex 32.8304 0.872688 0
    endloop
  endfacet
  facet normal 0.582546 -0.812797 0
    outer loop
      vertex 32.8304 0.872688 0
      vertex 32.8889 0.914616 2.5
      vertex 32.8304 0.872688 2.5
    endloop
  endfacet
  facet normal 0.582546 -0.812797 0
    outer loop
      vertex 32.8889 0.914616 2.5
      vertex 32.8304 0.872688 0
      vertex 32.8889 0.914616 0
    endloop
  endfacet
  facet normal 0.22701 -0.973892 0
    outer loop
      vertex 33.2153 1.06252 0
      vertex 33.2854 1.07886 2.5
      vertex 33.2153 1.06252 2.5
    endloop
  endfacet
  facet normal 0.22701 -0.973892 0
    outer loop
      vertex 33.2854 1.07886 2.5
      vertex 33.2153 1.06252 0
      vertex 33.2854 1.07886 0
    endloop
  endfacet
  facet normal -0.0328057 0.999462 0
    outer loop
      vertex 33.5719 -1.09764 0
      vertex 33.5 -1.1 2.5
      vertex 33.5719 -1.09764 2.5
    endloop
  endfacet
  facet normal -0.0328057 0.999462 0
    outer loop
      vertex 33.5 -1.1 2.5
      vertex 33.5719 -1.09764 0
      vertex 33.5 -1.1 0
    endloop
  endfacet
  facet normal 0.290277 0.956943 -0
    outer loop
      vertex 33.2153 -1.06252 0
      vertex 33.1464 -1.04162 2.5
      vertex 33.2153 -1.06252 2.5
    endloop
  endfacet
  facet normal 0.290277 0.956943 0
    outer loop
      vertex 33.1464 -1.04162 2.5
      vertex 33.2153 -1.06252 0
      vertex 33.1464 -1.04162 0
    endloop
  endfacet
  facet normal -0.772772 0.634683 0
    outer loop
      vertex 34.327 -0.72528 0
      vertex 34.3727 -0.669637 2.5
      vertex 34.3727 -0.669637 0
    endloop
  endfacet
  facet normal -0.772772 0.634683 0
    outer loop
      vertex 34.3727 -0.669637 2.5
      vertex 34.327 -0.72528 0
      vertex 34.327 -0.72528 2.5
    endloop
  endfacet
  facet normal 0.290277 -0.956943 0
    outer loop
      vertex 33.1464 1.04162 0
      vertex 33.2153 1.06252 2.5
      vertex 33.1464 1.04162 2.5
    endloop
  endfacet
  facet normal 0.290277 -0.956943 0
    outer loop
      vertex 33.2153 1.06252 2.5
      vertex 33.1464 1.04162 0
      vertex 33.2153 1.06252 0
    endloop
  endfacet
  facet normal -0.729908 0.683546 0
    outer loop
      vertex 34.2778 -0.777817 0
      vertex 34.327 -0.72528 2.5
      vertex 34.327 -0.72528 0
    endloop
  endfacet
  facet normal -0.729908 0.683546 0
    outer loop
      vertex 34.327 -0.72528 2.5
      vertex 34.2778 -0.777817 0
      vertex 34.2778 -0.777817 2.5
    endloop
  endfacet
  facet normal 0.471305 -0.88197 0
    outer loop
      vertex 32.95 0.952627 0
      vertex 33.0135 0.98656 2.5
      vertex 32.95 0.952627 2.5
    endloop
  endfacet
  facet normal 0.471305 -0.88197 0
    outer loop
      vertex 33.0135 0.98656 2.5
      vertex 32.95 0.952627 0
      vertex 33.0135 0.98656 0
    endloop
  endfacet
  facet normal 0.0328057 -0.999462 0
    outer loop
      vertex 33.4281 1.09764 0
      vertex 33.5 1.1 2.5
      vertex 33.4281 1.09764 2.5
    endloop
  endfacet
  facet normal 0.0328057 -0.999462 0
    outer loop
      vertex 33.5 1.1 2.5
      vertex 33.4281 1.09764 0
      vertex 33.5 1.1 0
    endloop
  endfacet
  facet normal -0.0328057 -0.999462 0
    outer loop
      vertex 33.5 1.1 0
      vertex 33.5719 1.09764 2.5
      vertex 33.5 1.1 2.5
    endloop
  endfacet
  facet normal -0.0328057 -0.999462 -0
    outer loop
      vertex 33.5719 1.09764 2.5
      vertex 33.5 1.1 0
      vertex 33.5719 1.09764 0
    endloop
  endfacet
  facet normal -0.849276 0.527949 0
    outer loop
      vertex 34.4146 -0.611127 0
      vertex 34.4526 -0.549999 2.5
      vertex 34.4526 -0.549999 0
    endloop
  endfacet
  facet normal -0.849276 0.527949 0
    outer loop
      vertex 34.4526 -0.549999 2.5
      vertex 34.4146 -0.611127 0
      vertex 34.4146 -0.611127 2.5
    endloop
  endfacet
  facet normal -0.41308 -0.910695 0
    outer loop
      vertex 33.921 1.01627 0
      vertex 33.9865 0.98656 2.5
      vertex 33.921 1.01627 2.5
    endloop
  endfacet
  facet normal -0.41308 -0.910695 -0
    outer loop
      vertex 33.9865 0.98656 2.5
      vertex 33.921 1.01627 0
      vertex 33.9865 0.98656 0
    endloop
  endfacet
  facet normal -0.471305 0.88197 0
    outer loop
      vertex 34.05 -0.952627 0
      vertex 33.9865 -0.98656 2.5
      vertex 34.05 -0.952627 2.5
    endloop
  endfacet
  facet normal -0.471305 0.88197 0
    outer loop
      vertex 33.9865 -0.98656 2.5
      vertex 34.05 -0.952627 0
      vertex 33.9865 -0.98656 0
    endloop
  endfacet
  facet normal -0.93616 0.351574 0
    outer loop
      vertex 34.5163 -0.420951 0
      vertex 34.5416 -0.353583 2.5
      vertex 34.5416 -0.353583 0
    endloop
  endfacet
  facet normal -0.93616 0.351574 0
    outer loop
      vertex 34.5416 -0.353583 2.5
      vertex 34.5163 -0.420951 0
      vertex 34.5163 -0.420951 2.5
    endloop
  endfacet
  facet normal -0.93616 -0.351574 0
    outer loop
      vertex 34.5416 0.353583 0
      vertex 34.5163 0.420951 2.5
      vertex 34.5163 0.420951 0
    endloop
  endfacet
  facet normal -0.93616 -0.351574 0
    outer loop
      vertex 34.5163 0.420951 2.5
      vertex 34.5416 0.353583 0
      vertex 34.5416 0.353583 2.5
    endloop
  endfacet
  facet normal -0.352036 -0.935986 0
    outer loop
      vertex 33.8536 1.04162 0
      vertex 33.921 1.01627 2.5
      vertex 33.8536 1.04162 2.5
    endloop
  endfacet
  facet normal -0.352036 -0.935986 -0
    outer loop
      vertex 33.921 1.01627 2.5
      vertex 33.8536 1.04162 0
      vertex 33.921 1.01627 0
    endloop
  endfacet
  facet normal -0.999444 0.0333411 0
    outer loop
      vertex 34.5976 -0.0719433 0
      vertex 34.6 0 2.5
      vertex 34.6 0 0
    endloop
  endfacet
  facet normal -0.999444 0.0333411 0
    outer loop
      vertex 34.6 0 2.5
      vertex 34.5976 -0.0719433 0
      vertex 34.5976 -0.0719433 2.5
    endloop
  endfacet
  facet normal -0.772772 -0.634683 0
    outer loop
      vertex 34.3727 0.669637 0
      vertex 34.327 0.72528 2.5
      vertex 34.327 0.72528 0
    endloop
  endfacet
  facet normal -0.772772 -0.634683 0
    outer loop
      vertex 34.327 0.72528 2.5
      vertex 34.3727 0.669637 0
      vertex 34.3727 0.669637 2.5
    endloop
  endfacet
  facet normal -0.582546 0.812797 0
    outer loop
      vertex 34.1696 -0.872688 0
      vertex 34.1111 -0.914616 2.5
      vertex 34.1696 -0.872688 2.5
    endloop
  endfacet
  facet normal -0.582546 0.812797 0
    outer loop
      vertex 34.1111 -0.914616 2.5
      vertex 34.1696 -0.872688 0
      vertex 34.1111 -0.914616 0
    endloop
  endfacet
  facet normal -0.813029 -0.582224 0
    outer loop
      vertex 34.4146 0.611127 0
      vertex 34.3727 0.669637 2.5
      vertex 34.3727 0.669637 0
    endloop
  endfacet
  facet normal -0.813029 -0.582224 0
    outer loop
      vertex 34.3727 0.669637 2.5
      vertex 34.4146 0.611127 0
      vertex 34.4146 0.611127 2.5
    endloop
  endfacet
  facet normal -0.633997 -0.773336 0
    outer loop
      vertex 34.1696 0.872688 0
      vertex 34.2253 0.827024 2.5
      vertex 34.1696 0.872688 2.5
    endloop
  endfacet
  facet normal -0.633997 -0.773336 -0
    outer loop
      vertex 34.2253 0.827024 2.5
      vertex 34.1696 0.872688 0
      vertex 34.2253 0.827024 0
    endloop
  endfacet
  facet normal 0.956923 -0.290343 0
    outer loop
      vertex 32.4375 0.2847 2.5
      vertex 32.4584 0.353583 0
      vertex 32.4584 0.353583 2.5
    endloop
  endfacet
  facet normal 0.956923 -0.290343 0
    outer loop
      vertex 32.4584 0.353583 0
      vertex 32.4375 0.2847 2.5
      vertex 32.4375 0.2847 0
    endloop
  endfacet
  facet normal -0.0978545 0.995201 0
    outer loop
      vertex 33.6436 -1.09059 0
      vertex 33.5719 -1.09764 2.5
      vertex 33.6436 -1.09059 2.5
    endloop
  endfacet
  facet normal -0.0978545 0.995201 0
    outer loop
      vertex 33.5719 -1.09764 2.5
      vertex 33.6436 -1.09059 0
      vertex 33.5719 -1.09764 0
    endloop
  endfacet
  facet normal 0.41308 0.910695 -0
    outer loop
      vertex 33.079 -1.01627 0
      vertex 33.0135 -0.98656 2.5
      vertex 33.079 -1.01627 2.5
    endloop
  endfacet
  facet normal 0.41308 0.910695 0
    outer loop
      vertex 33.0135 -0.98656 2.5
      vertex 33.079 -1.01627 0
      vertex 33.0135 -0.98656 0
    endloop
  endfacet
  facet normal -0.956923 0.290343 0
    outer loop
      vertex 34.5416 -0.353583 0
      vertex 34.5625 -0.2847 2.5
      vertex 34.5625 -0.2847 0
    endloop
  endfacet
  facet normal -0.956923 0.290343 0
    outer loop
      vertex 34.5625 -0.2847 2.5
      vertex 34.5416 -0.353583 0
      vertex 34.5416 -0.353583 2.5
    endloop
  endfacet
  facet normal 0.41308 -0.910695 0
    outer loop
      vertex 33.0135 0.98656 0
      vertex 33.079 1.01627 2.5
      vertex 33.0135 0.98656 2.5
    endloop
  endfacet
  facet normal 0.41308 -0.910695 0
    outer loop
      vertex 33.079 1.01627 2.5
      vertex 33.0135 0.98656 0
      vertex 33.079 1.01627 0
    endloop
  endfacet
  facet normal 0.683854 -0.729619 0
    outer loop
      vertex 32.7222 0.777817 0
      vertex 32.7747 0.827024 2.5
      vertex 32.7222 0.777817 2.5
    endloop
  endfacet
  facet normal 0.683854 -0.729619 0
    outer loop
      vertex 32.7747 0.827024 2.5
      vertex 32.7222 0.777817 0
      vertex 32.7747 0.827024 0
    endloop
  endfacet
  facet normal -0.528234 0.849099 0
    outer loop
      vertex 34.1111 -0.914616 0
      vertex 34.05 -0.952627 2.5
      vertex 34.1111 -0.914616 2.5
    endloop
  endfacet
  facet normal -0.528234 0.849099 0
    outer loop
      vertex 34.05 -0.952627 2.5
      vertex 34.1111 -0.914616 0
      vertex 34.05 -0.952627 0
    endloop
  endfacet
  facet normal 0.163002 -0.986626 0
    outer loop
      vertex 33.2854 1.07886 0
      vertex 33.3564 1.09059 2.5
      vertex 33.2854 1.07886 2.5
    endloop
  endfacet
  facet normal 0.163002 -0.986626 0
    outer loop
      vertex 33.3564 1.09059 2.5
      vertex 33.2854 1.07886 0
      vertex 33.3564 1.09059 0
    endloop
  endfacet
  facet normal -0.41308 0.910695 0
    outer loop
      vertex 33.9865 -0.98656 0
      vertex 33.921 -1.01627 2.5
      vertex 33.9865 -0.98656 2.5
    endloop
  endfacet
  facet normal -0.41308 0.910695 0
    outer loop
      vertex 33.921 -1.01627 2.5
      vertex 33.9865 -0.98656 0
      vertex 33.921 -1.01627 0
    endloop
  endfacet
  facet normal -0.849276 -0.527949 0
    outer loop
      vertex 34.4526 0.549999 0
      vertex 34.4146 0.611127 2.5
      vertex 34.4146 0.611127 0
    endloop
  endfacet
  facet normal -0.849276 -0.527949 0
    outer loop
      vertex 34.4146 0.611127 2.5
      vertex 34.4526 0.549999 0
      vertex 34.4526 0.549999 2.5
    endloop
  endfacet
  facet normal -0.683854 0.729619 0
    outer loop
      vertex 34.2778 -0.777817 0
      vertex 34.2253 -0.827024 2.5
      vertex 34.2778 -0.777817 2.5
    endloop
  endfacet
  facet normal -0.683854 0.729619 0
    outer loop
      vertex 34.2253 -0.827024 2.5
      vertex 34.2778 -0.777817 0
      vertex 34.2253 -0.827024 0
    endloop
  endfacet
  facet normal -0.471305 -0.88197 0
    outer loop
      vertex 33.9865 0.98656 0
      vertex 34.05 0.952627 2.5
      vertex 33.9865 0.98656 2.5
    endloop
  endfacet
  facet normal -0.471305 -0.88197 -0
    outer loop
      vertex 34.05 0.952627 2.5
      vertex 33.9865 0.98656 0
      vertex 34.05 0.952627 0
    endloop
  endfacet
  facet normal -0.22701 -0.973892 0
    outer loop
      vertex 33.7146 1.07886 0
      vertex 33.7847 1.06252 2.5
      vertex 33.7146 1.07886 2.5
    endloop
  endfacet
  facet normal -0.22701 -0.973892 -0
    outer loop
      vertex 33.7847 1.06252 2.5
      vertex 33.7146 1.07886 0
      vertex 33.7847 1.06252 0
    endloop
  endfacet
  facet normal -0.290277 0.956943 0
    outer loop
      vertex 33.8536 -1.04162 0
      vertex 33.7847 -1.06252 2.5
      vertex 33.8536 -1.04162 2.5
    endloop
  endfacet
  facet normal -0.290277 0.956943 0
    outer loop
      vertex 33.7847 -1.06252 2.5
      vertex 33.8536 -1.04162 0
      vertex 33.7847 -1.06252 0
    endloop
  endfacet
  facet normal 0.633997 0.773336 -0
    outer loop
      vertex 32.8304 -0.872688 0
      vertex 32.7747 -0.827024 2.5
      vertex 32.8304 -0.872688 2.5
    endloop
  endfacet
  facet normal 0.633997 0.773336 0
    outer loop
      vertex 32.7747 -0.827024 2.5
      vertex 32.8304 -0.872688 0
      vertex 32.7747 -0.827024 0
    endloop
  endfacet
  facet normal -0.910903 0.41262 0
    outer loop
      vertex 34.4866 -0.486517 0
      vertex 34.5163 -0.420951 2.5
      vertex 34.5163 -0.420951 0
    endloop
  endfacet
  facet normal -0.910903 0.41262 0
    outer loop
      vertex 34.5163 -0.420951 2.5
      vertex 34.4866 -0.486517 0
      vertex 34.4866 -0.486517 2.5
    endloop
  endfacet
  facet normal -0.9867 0.162551 0
    outer loop
      vertex 34.5789 -0.214599 0
      vertex 34.5906 -0.143579 2.5
      vertex 34.5906 -0.143579 0
    endloop
  endfacet
  facet normal -0.9867 0.162551 0
    outer loop
      vertex 34.5906 -0.143579 2.5
      vertex 34.5789 -0.214599 0
      vertex 34.5789 -0.214599 2.5
    endloop
  endfacet
  facet normal 0.99526 0.0972534 0
    outer loop
      vertex 32.4094 -0.143579 2.5
      vertex 32.4024 -0.0719433 0
      vertex 32.4024 -0.0719433 2.5
    endloop
  endfacet
  facet normal 0.99526 0.0972534 0
    outer loop
      vertex 32.4024 -0.0719433 0
      vertex 32.4094 -0.143579 2.5
      vertex 32.4094 -0.143579 0
    endloop
  endfacet
  facet normal -0.0978545 -0.995201 0
    outer loop
      vertex 33.5719 1.09764 0
      vertex 33.6436 1.09059 2.5
      vertex 33.5719 1.09764 2.5
    endloop
  endfacet
  facet normal -0.0978545 -0.995201 -0
    outer loop
      vertex 33.6436 1.09059 2.5
      vertex 33.5719 1.09764 0
      vertex 33.6436 1.09059 0
    endloop
  endfacet
  facet normal -0.956923 -0.290343 0
    outer loop
      vertex 34.5625 0.2847 0
      vertex 34.5416 0.353583 2.5
      vertex 34.5416 0.353583 0
    endloop
  endfacet
  facet normal -0.956923 -0.290343 0
    outer loop
      vertex 34.5416 0.353583 2.5
      vertex 34.5625 0.2847 0
      vertex 34.5625 0.2847 2.5
    endloop
  endfacet
  facet normal -0.290277 -0.956943 0
    outer loop
      vertex 33.7847 1.06252 0
      vertex 33.8536 1.04162 2.5
      vertex 33.7847 1.06252 2.5
    endloop
  endfacet
  facet normal -0.290277 -0.956943 -0
    outer loop
      vertex 33.8536 1.04162 2.5
      vertex 33.7847 1.06252 0
      vertex 33.8536 1.04162 0
    endloop
  endfacet
  facet normal 0.999444 -0.0333411 0
    outer loop
      vertex 32.4 0 2.5
      vertex 32.4024 0.0719433 0
      vertex 32.4024 0.0719433 2.5
    endloop
  endfacet
  facet normal 0.999444 -0.0333411 0
    outer loop
      vertex 32.4024 0.0719433 0
      vertex 32.4 0 2.5
      vertex 32.4 0 0
    endloop
  endfacet
  facet normal 0.22701 0.973892 -0
    outer loop
      vertex 33.2854 -1.07886 0
      vertex 33.2153 -1.06252 2.5
      vertex 33.2854 -1.07886 2.5
    endloop
  endfacet
  facet normal 0.22701 0.973892 0
    outer loop
      vertex 33.2153 -1.06252 2.5
      vertex 33.2854 -1.07886 0
      vertex 33.2153 -1.06252 0
    endloop
  endfacet
  facet normal -0.813029 0.582224 0
    outer loop
      vertex 34.3727 -0.669637 0
      vertex 34.4146 -0.611127 2.5
      vertex 34.4146 -0.611127 0
    endloop
  endfacet
  facet normal -0.813029 0.582224 0
    outer loop
      vertex 34.4146 -0.611127 2.5
      vertex 34.3727 -0.669637 0
      vertex 34.3727 -0.669637 2.5
    endloop
  endfacet
  facet normal 0.999444 0.0333411 0
    outer loop
      vertex 32.4024 -0.0719433 2.5
      vertex 32.4 0 0
      vertex 32.4 0 2.5
    endloop
  endfacet
  facet normal 0.999444 0.0333411 0
    outer loop
      vertex 32.4 0 0
      vertex 32.4024 -0.0719433 2.5
      vertex 32.4024 -0.0719433 0
    endloop
  endfacet
  facet normal 0.910903 0.41262 0
    outer loop
      vertex 32.5134 -0.486517 2.5
      vertex 32.4837 -0.420951 0
      vertex 32.4837 -0.420951 2.5
    endloop
  endfacet
  facet normal 0.910903 0.41262 0
    outer loop
      vertex 32.4837 -0.420951 0
      vertex 32.5134 -0.486517 2.5
      vertex 32.5134 -0.486517 0
    endloop
  endfacet
  facet normal -0.582546 -0.812797 0
    outer loop
      vertex 34.1111 0.914616 0
      vertex 34.1696 0.872688 2.5
      vertex 34.1111 0.914616 2.5
    endloop
  endfacet
  facet normal -0.582546 -0.812797 -0
    outer loop
      vertex 34.1696 0.872688 2.5
      vertex 34.1111 0.914616 0
      vertex 34.1696 0.872688 0
    endloop
  endfacet
  facet normal 0.813029 -0.582224 0
    outer loop
      vertex 32.5854 0.611127 2.5
      vertex 32.6273 0.669637 0
      vertex 32.6273 0.669637 2.5
    endloop
  endfacet
  facet normal 0.813029 -0.582224 0
    outer loop
      vertex 32.6273 0.669637 0
      vertex 32.5854 0.611127 2.5
      vertex 32.5854 0.611127 0
    endloop
  endfacet
  facet normal 0.772772 0.634683 0
    outer loop
      vertex 32.673 -0.72528 2.5
      vertex 32.6273 -0.669637 0
      vertex 32.6273 -0.669637 2.5
    endloop
  endfacet
  facet normal 0.772772 0.634683 0
    outer loop
      vertex 32.6273 -0.669637 0
      vertex 32.673 -0.72528 2.5
      vertex 32.673 -0.72528 0
    endloop
  endfacet
  facet normal 0.0978545 0.995201 -0
    outer loop
      vertex 33.4281 -1.09764 0
      vertex 33.3564 -1.09059 2.5
      vertex 33.4281 -1.09764 2.5
    endloop
  endfacet
  facet normal 0.0978545 0.995201 0
    outer loop
      vertex 33.3564 -1.09059 2.5
      vertex 33.4281 -1.09764 0
      vertex 33.3564 -1.09059 0
    endloop
  endfacet
  facet normal -0.973709 0.227797 0
    outer loop
      vertex 34.5625 -0.2847 0
      vertex 34.5789 -0.214599 2.5
      vertex 34.5789 -0.214599 0
    endloop
  endfacet
  facet normal -0.973709 0.227797 0
    outer loop
      vertex 34.5789 -0.214599 2.5
      vertex 34.5625 -0.2847 0
      vertex 34.5625 -0.2847 2.5
    endloop
  endfacet
  facet normal -0.163002 -0.986626 0
    outer loop
      vertex 33.6436 1.09059 0
      vertex 33.7146 1.07886 2.5
      vertex 33.6436 1.09059 2.5
    endloop
  endfacet
  facet normal -0.163002 -0.986626 -0
    outer loop
      vertex 33.7146 1.07886 2.5
      vertex 33.6436 1.09059 0
      vertex 33.7146 1.07886 0
    endloop
  endfacet
  facet normal -0.22701 0.973892 0
    outer loop
      vertex 33.7847 -1.06252 0
      vertex 33.7146 -1.07886 2.5
      vertex 33.7847 -1.06252 2.5
    endloop
  endfacet
  facet normal -0.22701 0.973892 0
    outer loop
      vertex 33.7146 -1.07886 2.5
      vertex 33.7847 -1.06252 0
      vertex 33.7146 -1.07886 0
    endloop
  endfacet
  facet normal -0.729908 -0.683546 0
    outer loop
      vertex 34.327 0.72528 0
      vertex 34.2778 0.777817 2.5
      vertex 34.2778 0.777817 0
    endloop
  endfacet
  facet normal -0.729908 -0.683546 0
    outer loop
      vertex 34.2778 0.777817 2.5
      vertex 34.327 0.72528 0
      vertex 34.327 0.72528 2.5
    endloop
  endfacet
  facet normal -0.99526 0.0972534 0
    outer loop
      vertex 34.5906 -0.143579 0
      vertex 34.5976 -0.0719433 2.5
      vertex 34.5976 -0.0719433 0
    endloop
  endfacet
  facet normal -0.99526 0.0972534 0
    outer loop
      vertex 34.5976 -0.0719433 2.5
      vertex 34.5906 -0.143579 0
      vertex 34.5906 -0.143579 2.5
    endloop
  endfacet
  facet normal -0.683854 -0.729619 0
    outer loop
      vertex 34.2253 0.827024 0
      vertex 34.2778 0.777817 2.5
      vertex 34.2253 0.827024 2.5
    endloop
  endfacet
  facet normal -0.683854 -0.729619 -0
    outer loop
      vertex 34.2778 0.777817 2.5
      vertex 34.2253 0.827024 0
      vertex 34.2778 0.777817 0
    endloop
  endfacet
  facet normal -0.528234 -0.849099 0
    outer loop
      vertex 34.05 0.952627 0
      vertex 34.1111 0.914616 2.5
      vertex 34.05 0.952627 2.5
    endloop
  endfacet
  facet normal -0.528234 -0.849099 -0
    outer loop
      vertex 34.1111 0.914616 2.5
      vertex 34.05 0.952627 0
      vertex 34.1111 0.914616 0
    endloop
  endfacet
  facet normal 0.772772 -0.634683 0
    outer loop
      vertex 32.6273 0.669637 2.5
      vertex 32.673 0.72528 0
      vertex 32.673 0.72528 2.5
    endloop
  endfacet
  facet normal 0.772772 -0.634683 0
    outer loop
      vertex 32.673 0.72528 0
      vertex 32.6273 0.669637 2.5
      vertex 32.6273 0.669637 0
    endloop
  endfacet
  facet normal 0.0328057 0.999462 -0
    outer loop
      vertex 33.5 -1.1 0
      vertex 33.4281 -1.09764 2.5
      vertex 33.5 -1.1 2.5
    endloop
  endfacet
  facet normal 0.0328057 0.999462 0
    outer loop
      vertex 33.4281 -1.09764 2.5
      vertex 33.5 -1.1 0
      vertex 33.4281 -1.09764 0
    endloop
  endfacet
  facet normal -0.352036 0.935986 0
    outer loop
      vertex 33.921 -1.01627 0
      vertex 33.8536 -1.04162 2.5
      vertex 33.921 -1.01627 2.5
    endloop
  endfacet
  facet normal -0.352036 0.935986 0
    outer loop
      vertex 33.8536 -1.04162 2.5
      vertex 33.921 -1.01627 0
      vertex 33.8536 -1.04162 0
    endloop
  endfacet
  facet normal 0.683854 0.729619 -0
    outer loop
      vertex 32.7747 -0.827024 0
      vertex 32.7222 -0.777817 2.5
      vertex 32.7747 -0.827024 2.5
    endloop
  endfacet
  facet normal 0.683854 0.729619 0
    outer loop
      vertex 32.7222 -0.777817 2.5
      vertex 32.7747 -0.827024 0
      vertex 32.7222 -0.777817 0
    endloop
  endfacet
  facet normal 0.352036 -0.935986 0
    outer loop
      vertex 33.079 1.01627 0
      vertex 33.1464 1.04162 2.5
      vertex 33.079 1.01627 2.5
    endloop
  endfacet
  facet normal 0.352036 -0.935986 0
    outer loop
      vertex 33.1464 1.04162 2.5
      vertex 33.079 1.01627 0
      vertex 33.1464 1.04162 0
    endloop
  endfacet
  facet normal -0.881527 -0.472133 0
    outer loop
      vertex 34.4866 0.486517 0
      vertex 34.4526 0.549999 2.5
      vertex 34.4526 0.549999 0
    endloop
  endfacet
  facet normal -0.881527 -0.472133 0
    outer loop
      vertex 34.4526 0.549999 2.5
      vertex 34.4866 0.486517 0
      vertex 34.4866 0.486517 2.5
    endloop
  endfacet
  facet normal 0.93616 0.351574 0
    outer loop
      vertex 32.4837 -0.420951 2.5
      vertex 32.4584 -0.353583 0
      vertex 32.4584 -0.353583 2.5
    endloop
  endfacet
  facet normal 0.93616 0.351574 0
    outer loop
      vertex 32.4584 -0.353583 0
      vertex 32.4837 -0.420951 2.5
      vertex 32.4837 -0.420951 0
    endloop
  endfacet
  facet normal 0.0978545 -0.995201 0
    outer loop
      vertex 33.3564 1.09059 0
      vertex 33.4281 1.09764 2.5
      vertex 33.3564 1.09059 2.5
    endloop
  endfacet
  facet normal 0.0978545 -0.995201 0
    outer loop
      vertex 33.4281 1.09764 2.5
      vertex 33.3564 1.09059 0
      vertex 33.4281 1.09764 0
    endloop
  endfacet
  facet normal 0.881527 0.472133 0
    outer loop
      vertex 32.5474 -0.549999 2.5
      vertex 32.5134 -0.486517 0
      vertex 32.5134 -0.486517 2.5
    endloop
  endfacet
  facet normal 0.881527 0.472133 0
    outer loop
      vertex 32.5134 -0.486517 0
      vertex 32.5474 -0.549999 2.5
      vertex 32.5474 -0.549999 0
    endloop
  endfacet
  facet normal 0.9867 -0.162551 0
    outer loop
      vertex 32.4094 0.143579 2.5
      vertex 32.4211 0.214599 0
      vertex 32.4211 0.214599 2.5
    endloop
  endfacet
  facet normal 0.9867 -0.162551 0
    outer loop
      vertex 32.4211 0.214599 0
      vertex 32.4094 0.143579 2.5
      vertex 32.4094 0.143579 0
    endloop
  endfacet
  facet normal -0.633997 0.773336 0
    outer loop
      vertex 34.2253 -0.827024 0
      vertex 34.1696 -0.872688 2.5
      vertex 34.2253 -0.827024 2.5
    endloop
  endfacet
  facet normal -0.633997 0.773336 0
    outer loop
      vertex 34.1696 -0.872688 2.5
      vertex 34.2253 -0.827024 0
      vertex 34.1696 -0.872688 0
    endloop
  endfacet
  facet normal 0.973709 0.227797 0
    outer loop
      vertex 32.4375 -0.2847 2.5
      vertex 32.4211 -0.214599 0
      vertex 32.4211 -0.214599 2.5
    endloop
  endfacet
  facet normal 0.973709 0.227797 0
    outer loop
      vertex 32.4211 -0.214599 0
      vertex 32.4375 -0.2847 2.5
      vertex 32.4375 -0.2847 0
    endloop
  endfacet
  facet normal 0.729908 -0.683546 0
    outer loop
      vertex 32.673 0.72528 2.5
      vertex 32.7222 0.777817 0
      vertex 32.7222 0.777817 2.5
    endloop
  endfacet
  facet normal 0.729908 -0.683546 0
    outer loop
      vertex 32.7222 0.777817 0
      vertex 32.673 0.72528 2.5
      vertex 32.673 0.72528 0
    endloop
  endfacet
  facet normal 0.99526 -0.0972534 0
    outer loop
      vertex 32.4024 0.0719433 2.5
      vertex 32.4094 0.143579 0
      vertex 32.4094 0.143579 2.5
    endloop
  endfacet
  facet normal 0.99526 -0.0972534 0
    outer loop
      vertex 32.4094 0.143579 0
      vertex 32.4024 0.0719433 2.5
      vertex 32.4024 0.0719433 0
    endloop
  endfacet
  facet normal -0.163002 0.986626 0
    outer loop
      vertex 33.7146 -1.07886 0
      vertex 33.6436 -1.09059 2.5
      vertex 33.7146 -1.07886 2.5
    endloop
  endfacet
  facet normal -0.163002 0.986626 0
    outer loop
      vertex 33.6436 -1.09059 2.5
      vertex 33.7146 -1.07886 0
      vertex 33.6436 -1.09059 0
    endloop
  endfacet
  facet normal -0.881527 0.472133 0
    outer loop
      vertex 34.4526 -0.549999 0
      vertex 34.4866 -0.486517 2.5
      vertex 34.4866 -0.486517 0
    endloop
  endfacet
  facet normal -0.881527 0.472133 0
    outer loop
      vertex 34.4866 -0.486517 2.5
      vertex 34.4526 -0.549999 0
      vertex 34.4526 -0.549999 2.5
    endloop
  endfacet
  facet normal 0.582546 0.812797 -0
    outer loop
      vertex 32.8889 -0.914616 0
      vertex 32.8304 -0.872688 2.5
      vertex 32.8889 -0.914616 2.5
    endloop
  endfacet
  facet normal 0.582546 0.812797 0
    outer loop
      vertex 32.8304 -0.872688 2.5
      vertex 32.8889 -0.914616 0
      vertex 32.8304 -0.872688 0
    endloop
  endfacet
  facet normal 0.849276 -0.527949 0
    outer loop
      vertex 32.5474 0.549999 2.5
      vertex 32.5854 0.611127 0
      vertex 32.5854 0.611127 2.5
    endloop
  endfacet
  facet normal 0.849276 -0.527949 0
    outer loop
      vertex 32.5854 0.611127 0
      vertex 32.5474 0.549999 2.5
      vertex 32.5474 0.549999 0
    endloop
  endfacet
  facet normal 0.813029 0.582224 0
    outer loop
      vertex 32.6273 -0.669637 2.5
      vertex 32.5854 -0.611127 0
      vertex 32.5854 -0.611127 2.5
    endloop
  endfacet
  facet normal 0.813029 0.582224 0
    outer loop
      vertex 32.5854 -0.611127 0
      vertex 32.6273 -0.669637 2.5
      vertex 32.6273 -0.669637 0
    endloop
  endfacet
  facet normal 0.93616 -0.351574 0
    outer loop
      vertex 32.4584 0.353583 2.5
      vertex 32.4837 0.420951 0
      vertex 32.4837 0.420951 2.5
    endloop
  endfacet
  facet normal 0.93616 -0.351574 0
    outer loop
      vertex 32.4837 0.420951 0
      vertex 32.4584 0.353583 2.5
      vertex 32.4584 0.353583 0
    endloop
  endfacet
  facet normal 0.9867 0.162551 0
    outer loop
      vertex 32.4211 -0.214599 2.5
      vertex 32.4094 -0.143579 0
      vertex 32.4094 -0.143579 2.5
    endloop
  endfacet
  facet normal 0.9867 0.162551 0
    outer loop
      vertex 32.4094 -0.143579 0
      vertex 32.4211 -0.214599 2.5
      vertex 32.4211 -0.214599 0
    endloop
  endfacet
  facet normal -0.910903 -0.41262 0
    outer loop
      vertex 34.5163 0.420951 0
      vertex 34.4866 0.486517 2.5
      vertex 34.4866 0.486517 0
    endloop
  endfacet
  facet normal -0.910903 -0.41262 0
    outer loop
      vertex 34.4866 0.486517 2.5
      vertex 34.5163 0.420951 0
      vertex 34.5163 0.420951 2.5
    endloop
  endfacet
  facet normal 0.729908 0.683546 0
    outer loop
      vertex 32.7222 -0.777817 2.5
      vertex 32.673 -0.72528 0
      vertex 32.673 -0.72528 2.5
    endloop
  endfacet
  facet normal 0.729908 0.683546 0
    outer loop
      vertex 32.673 -0.72528 0
      vertex 32.7222 -0.777817 2.5
      vertex 32.7222 -0.777817 0
    endloop
  endfacet
  facet normal 0.528234 0.849099 -0
    outer loop
      vertex 32.95 -0.952627 0
      vertex 32.8889 -0.914616 2.5
      vertex 32.95 -0.952627 2.5
    endloop
  endfacet
  facet normal 0.528234 0.849099 0
    outer loop
      vertex 32.8889 -0.914616 2.5
      vertex 32.95 -0.952627 0
      vertex 32.8889 -0.914616 0
    endloop
  endfacet
  facet normal 0.956923 0.290343 0
    outer loop
      vertex 32.4584 -0.353583 2.5
      vertex 32.4375 -0.2847 0
      vertex 32.4375 -0.2847 2.5
    endloop
  endfacet
  facet normal 0.956923 0.290343 0
    outer loop
      vertex 32.4375 -0.2847 0
      vertex 32.4584 -0.353583 2.5
      vertex 32.4584 -0.353583 0
    endloop
  endfacet
  facet normal 0.849276 0.527949 0
    outer loop
      vertex 32.5854 -0.611127 2.5
      vertex 32.5474 -0.549999 0
      vertex 32.5474 -0.549999 2.5
    endloop
  endfacet
  facet normal 0.849276 0.527949 0
    outer loop
      vertex 32.5474 -0.549999 0
      vertex 32.5854 -0.611127 2.5
      vertex 32.5854 -0.611127 0
    endloop
  endfacet
  facet normal 0.973709 -0.227797 0
    outer loop
      vertex 32.4211 0.214599 2.5
      vertex 32.4375 0.2847 0
      vertex 32.4375 0.2847 2.5
    endloop
  endfacet
  facet normal 0.973709 -0.227797 0
    outer loop
      vertex 32.4375 0.2847 0
      vertex 32.4211 0.214599 2.5
      vertex 32.4211 0.214599 0
    endloop
  endfacet
  facet normal 0.881527 -0.472133 0
    outer loop
      vertex 32.5134 0.486517 2.5
      vertex 32.5474 0.549999 0
      vertex 32.5474 0.549999 2.5
    endloop
  endfacet
  facet normal 0.881527 -0.472133 0
    outer loop
      vertex 32.5474 0.549999 0
      vertex 32.5134 0.486517 2.5
      vertex 32.5134 0.486517 0
    endloop
  endfacet
  facet normal 0.910903 -0.41262 0
    outer loop
      vertex 32.4837 0.420951 2.5
      vertex 32.5134 0.486517 0
      vertex 32.5134 0.486517 2.5
    endloop
  endfacet
  facet normal 0.910903 -0.41262 0
    outer loop
      vertex 32.5134 0.486517 0
      vertex 32.4837 0.420951 2.5
      vertex 32.4837 0.420951 0
    endloop
  endfacet
  facet normal 0.528234 -0.849099 0
    outer loop
      vertex 32.8889 0.914616 0
      vertex 32.95 0.952627 2.5
      vertex 32.8889 0.914616 2.5
    endloop
  endfacet
  facet normal 0.528234 -0.849099 0
    outer loop
      vertex 32.95 0.952627 2.5
      vertex 32.8889 0.914616 0
      vertex 32.95 0.952627 0
    endloop
  endfacet
  facet normal 0.163002 0.986626 -0
    outer loop
      vertex 33.3564 -1.09059 0
      vertex 33.2854 -1.07886 2.5
      vertex 33.3564 -1.09059 2.5
    endloop
  endfacet
  facet normal 0.163002 0.986626 0
    outer loop
      vertex 33.2854 -1.07886 2.5
      vertex 33.3564 -1.09059 0
      vertex 33.2854 -1.07886 0
    endloop
  endfacet
  facet normal 0.352036 0.935986 -0
    outer loop
      vertex 33.1464 -1.04162 0
      vertex 33.079 -1.01627 2.5
      vertex 33.1464 -1.04162 2.5
    endloop
  endfacet
  facet normal 0.352036 0.935986 0
    outer loop
      vertex 33.079 -1.01627 2.5
      vertex 33.1464 -1.04162 0
      vertex 33.079 -1.01627 0
    endloop
  endfacet
  facet normal 0.471305 0.88197 -0
    outer loop
      vertex 33.0135 -0.98656 0
      vertex 32.95 -0.952627 2.5
      vertex 33.0135 -0.98656 2.5
    endloop
  endfacet
  facet normal 0.471305 0.88197 0
    outer loop
      vertex 32.95 -0.952627 2.5
      vertex 33.0135 -0.98656 0
      vertex 32.95 -0.952627 0
    endloop
  endfacet
  facet normal -0.995201 -0.0978545 0
    outer loop
      vertex 1.09764 33.5719 0
      vertex 1.09059 33.6436 2.5
      vertex 1.09059 33.6436 0
    endloop
  endfacet
  facet normal -0.995201 -0.0978545 0
    outer loop
      vertex 1.09059 33.6436 2.5
      vertex 1.09764 33.5719 0
      vertex 1.09764 33.5719 2.5
    endloop
  endfacet
  facet normal -0.999462 -0.0328057 0
    outer loop
      vertex 1.1 33.5 0
      vertex 1.09764 33.5719 2.5
      vertex 1.09764 33.5719 0
    endloop
  endfacet
  facet normal -0.999462 -0.0328057 0
    outer loop
      vertex 1.09764 33.5719 2.5
      vertex 1.1 33.5 0
      vertex 1.1 33.5 2.5
    endloop
  endfacet
  facet normal -0.986626 -0.163002 0
    outer loop
      vertex 1.09059 33.6436 0
      vertex 1.07886 33.7146 2.5
      vertex 1.07886 33.7146 0
    endloop
  endfacet
  facet normal -0.986626 -0.163002 0
    outer loop
      vertex 1.07886 33.7146 2.5
      vertex 1.09059 33.6436 0
      vertex 1.09059 33.6436 2.5
    endloop
  endfacet
  facet normal -0.812797 -0.582546 0
    outer loop
      vertex 0.914616 34.1111 0
      vertex 0.872688 34.1696 2.5
      vertex 0.872688 34.1696 0
    endloop
  endfacet
  facet normal -0.812797 -0.582546 0
    outer loop
      vertex 0.872688 34.1696 2.5
      vertex 0.914616 34.1111 0
      vertex 0.914616 34.1111 2.5
    endloop
  endfacet
  facet normal -0.910695 -0.41308 0
    outer loop
      vertex 1.01627 33.921 0
      vertex 0.98656 33.9865 2.5
      vertex 0.98656 33.9865 0
    endloop
  endfacet
  facet normal -0.910695 -0.41308 0
    outer loop
      vertex 0.98656 33.9865 2.5
      vertex 1.01627 33.921 0
      vertex 1.01627 33.921 2.5
    endloop
  endfacet
  facet normal 0.935986 0.352036 0
    outer loop
      vertex -1.01627 33.079 2.5
      vertex -1.04162 33.1464 0
      vertex -1.04162 33.1464 2.5
    endloop
  endfacet
  facet normal 0.935986 0.352036 0
    outer loop
      vertex -1.04162 33.1464 0
      vertex -1.01627 33.079 2.5
      vertex -1.01627 33.079 0
    endloop
  endfacet
  facet normal 0.290343 -0.956923 0
    outer loop
      vertex -0.353583 34.5416 0
      vertex -0.2847 34.5625 2.5
      vertex -0.353583 34.5416 2.5
    endloop
  endfacet
  facet normal 0.290343 -0.956923 0
    outer loop
      vertex -0.2847 34.5625 2.5
      vertex -0.353583 34.5416 0
      vertex -0.2847 34.5625 0
    endloop
  endfacet
  facet normal -0.472133 -0.881527 0
    outer loop
      vertex 0.486517 34.4866 0
      vertex 0.549999 34.4526 2.5
      vertex 0.486517 34.4866 2.5
    endloop
  endfacet
  facet normal -0.472133 -0.881527 -0
    outer loop
      vertex 0.549999 34.4526 2.5
      vertex 0.486517 34.4866 0
      vertex 0.549999 34.4526 0
    endloop
  endfacet
  facet normal -0.227797 0.973709 0
    outer loop
      vertex 0.2847 32.4375 0
      vertex 0.214599 32.4211 2.5
      vertex 0.2847 32.4375 2.5
    endloop
  endfacet
  facet normal -0.227797 0.973709 0
    outer loop
      vertex 0.214599 32.4211 2.5
      vertex 0.2847 32.4375 0
      vertex 0.214599 32.4211 0
    endloop
  endfacet
  facet normal -0.582224 0.813029 0
    outer loop
      vertex 0.669637 32.6273 0
      vertex 0.611127 32.5854 2.5
      vertex 0.669637 32.6273 2.5
    endloop
  endfacet
  facet normal -0.582224 0.813029 0
    outer loop
      vertex 0.611127 32.5854 2.5
      vertex 0.669637 32.6273 0
      vertex 0.611127 32.5854 0
    endloop
  endfacet
  facet normal 0.472133 0.881527 -0
    outer loop
      vertex -0.486517 32.5134 0
      vertex -0.549999 32.5474 2.5
      vertex -0.486517 32.5134 2.5
    endloop
  endfacet
  facet normal 0.472133 0.881527 0
    outer loop
      vertex -0.549999 32.5474 2.5
      vertex -0.486517 32.5134 0
      vertex -0.549999 32.5474 0
    endloop
  endfacet
  facet normal 0.227797 -0.973709 0
    outer loop
      vertex -0.2847 34.5625 0
      vertex -0.214599 34.5789 2.5
      vertex -0.2847 34.5625 2.5
    endloop
  endfacet
  facet normal 0.227797 -0.973709 0
    outer loop
      vertex -0.214599 34.5789 2.5
      vertex -0.2847 34.5625 0
      vertex -0.214599 34.5789 0
    endloop
  endfacet
  facet normal -0.999462 0.0328057 0
    outer loop
      vertex 1.09764 33.4281 0
      vertex 1.1 33.5 2.5
      vertex 1.1 33.5 0
    endloop
  endfacet
  facet normal -0.999462 0.0328057 0
    outer loop
      vertex 1.1 33.5 2.5
      vertex 1.09764 33.4281 0
      vertex 1.09764 33.4281 2.5
    endloop
  endfacet
  facet normal -0.773336 0.633997 0
    outer loop
      vertex 0.827024 32.7747 0
      vertex 0.872688 32.8304 2.5
      vertex 0.872688 32.8304 0
    endloop
  endfacet
  facet normal -0.773336 0.633997 0
    outer loop
      vertex 0.872688 32.8304 2.5
      vertex 0.827024 32.7747 0
      vertex 0.827024 32.7747 2.5
    endloop
  endfacet
  facet normal 0.999462 0.0328057 0
    outer loop
      vertex -1.09764 33.4281 2.5
      vertex -1.1 33.5 0
      vertex -1.1 33.5 2.5
    endloop
  endfacet
  facet normal 0.999462 0.0328057 0
    outer loop
      vertex -1.1 33.5 0
      vertex -1.09764 33.4281 2.5
      vertex -1.09764 33.4281 0
    endloop
  endfacet
  facet normal -0.0333411 0.999444 0
    outer loop
      vertex 0.0719433 32.4024 0
      vertex 0 32.4 2.5
      vertex 0.0719433 32.4024 2.5
    endloop
  endfacet
  facet normal -0.0333411 0.999444 0
    outer loop
      vertex 0 32.4 2.5
      vertex 0.0719433 32.4024 0
      vertex 0 32.4 0
    endloop
  endfacet
  facet normal -0.973892 -0.22701 0
    outer loop
      vertex 1.07886 33.7146 0
      vertex 1.06252 33.7847 2.5
      vertex 1.06252 33.7847 0
    endloop
  endfacet
  facet normal -0.973892 -0.22701 0
    outer loop
      vertex 1.06252 33.7847 2.5
      vertex 1.07886 33.7146 0
      vertex 1.07886 33.7146 2.5
    endloop
  endfacet
  facet normal -0.956943 -0.290277 0
    outer loop
      vertex 1.06252 33.7847 0
      vertex 1.04162 33.8536 2.5
      vertex 1.04162 33.8536 0
    endloop
  endfacet
  facet normal -0.956943 -0.290277 0
    outer loop
      vertex 1.04162 33.8536 2.5
      vertex 1.06252 33.7847 0
      vertex 1.06252 33.7847 2.5
    endloop
  endfacet
  facet normal -0.683546 0.729908 0
    outer loop
      vertex 0.777817 32.7222 0
      vertex 0.72528 32.673 2.5
      vertex 0.777817 32.7222 2.5
    endloop
  endfacet
  facet normal -0.683546 0.729908 0
    outer loop
      vertex 0.72528 32.673 2.5
      vertex 0.777817 32.7222 0
      vertex 0.72528 32.673 0
    endloop
  endfacet
  facet normal 0.956943 0.290277 0
    outer loop
      vertex -1.04162 33.1464 2.5
      vertex -1.06252 33.2153 0
      vertex -1.06252 33.2153 2.5
    endloop
  endfacet
  facet normal 0.956943 0.290277 0
    outer loop
      vertex -1.06252 33.2153 0
      vertex -1.04162 33.1464 2.5
      vertex -1.04162 33.1464 0
    endloop
  endfacet
  facet normal -0.472133 0.881527 0
    outer loop
      vertex 0.549999 32.5474 0
      vertex 0.486517 32.5134 2.5
      vertex 0.549999 32.5474 2.5
    endloop
  endfacet
  facet normal -0.472133 0.881527 0
    outer loop
      vertex 0.486517 32.5134 2.5
      vertex 0.549999 32.5474 0
      vertex 0.486517 32.5134 0
    endloop
  endfacet
  facet normal -0.0972534 0.99526 0
    outer loop
      vertex 0.143579 32.4094 0
      vertex 0.0719433 32.4024 2.5
      vertex 0.143579 32.4094 2.5
    endloop
  endfacet
  facet normal -0.0972534 0.99526 0
    outer loop
      vertex 0.0719433 32.4024 2.5
      vertex 0.143579 32.4094 0
      vertex 0.0719433 32.4024 0
    endloop
  endfacet
  facet normal 0.995201 0.0978545 0
    outer loop
      vertex -1.09059 33.3564 2.5
      vertex -1.09764 33.4281 0
      vertex -1.09764 33.4281 2.5
    endloop
  endfacet
  facet normal 0.995201 0.0978545 0
    outer loop
      vertex -1.09764 33.4281 0
      vertex -1.09059 33.3564 2.5
      vertex -1.09059 33.3564 0
    endloop
  endfacet
  facet normal 0.351574 0.93616 -0
    outer loop
      vertex -0.353583 32.4584 0
      vertex -0.420951 32.4837 2.5
      vertex -0.353583 32.4584 2.5
    endloop
  endfacet
  facet normal 0.351574 0.93616 0
    outer loop
      vertex -0.420951 32.4837 2.5
      vertex -0.353583 32.4584 0
      vertex -0.420951 32.4837 0
    endloop
  endfacet
  facet normal -0.227797 -0.973709 0
    outer loop
      vertex 0.214599 34.5789 0
      vertex 0.2847 34.5625 2.5
      vertex 0.214599 34.5789 2.5
    endloop
  endfacet
  facet normal -0.227797 -0.973709 -0
    outer loop
      vertex 0.2847 34.5625 2.5
      vertex 0.214599 34.5789 0
      vertex 0.2847 34.5625 0
    endloop
  endfacet
  facet normal 0.634683 0.772772 -0
    outer loop
      vertex -0.669637 32.6273 0
      vertex -0.72528 32.673 2.5
      vertex -0.669637 32.6273 2.5
    endloop
  endfacet
  facet normal 0.634683 0.772772 0
    outer loop
      vertex -0.72528 32.673 2.5
      vertex -0.669637 32.6273 0
      vertex -0.72528 32.673 0
    endloop
  endfacet
  facet normal -0.634683 -0.772772 0
    outer loop
      vertex 0.669637 34.3727 0
      vertex 0.72528 34.327 2.5
      vertex 0.669637 34.3727 2.5
    endloop
  endfacet
  facet normal -0.634683 -0.772772 -0
    outer loop
      vertex 0.72528 34.327 2.5
      vertex 0.669637 34.3727 0
      vertex 0.72528 34.327 0
    endloop
  endfacet
  facet normal 0.773336 0.633997 0
    outer loop
      vertex -0.827024 32.7747 2.5
      vertex -0.872688 32.8304 0
      vertex -0.872688 32.8304 2.5
    endloop
  endfacet
  facet normal 0.773336 0.633997 0
    outer loop
      vertex -0.872688 32.8304 0
      vertex -0.827024 32.7747 2.5
      vertex -0.827024 32.7747 0
    endloop
  endfacet
  facet normal 0.973892 0.22701 0
    outer loop
      vertex -1.06252 33.2153 2.5
      vertex -1.07886 33.2854 0
      vertex -1.07886 33.2854 2.5
    endloop
  endfacet
  facet normal 0.973892 0.22701 0
    outer loop
      vertex -1.07886 33.2854 0
      vertex -1.06252 33.2153 2.5
      vertex -1.06252 33.2153 0
    endloop
  endfacet
  facet normal -0.41262 0.910903 0
    outer loop
      vertex 0.486517 32.5134 0
      vertex 0.420951 32.4837 2.5
      vertex 0.486517 32.5134 2.5
    endloop
  endfacet
  facet normal -0.41262 0.910903 0
    outer loop
      vertex 0.420951 32.4837 2.5
      vertex 0.486517 32.5134 0
      vertex 0.420951 32.4837 0
    endloop
  endfacet
  facet normal -0.634683 0.772772 0
    outer loop
      vertex 0.72528 32.673 0
      vertex 0.669637 32.6273 2.5
      vertex 0.72528 32.673 2.5
    endloop
  endfacet
  facet normal -0.634683 0.772772 0
    outer loop
      vertex 0.669637 32.6273 2.5
      vertex 0.72528 32.673 0
      vertex 0.669637 32.6273 0
    endloop
  endfacet
  facet normal 0.973892 -0.22701 0
    outer loop
      vertex -1.07886 33.7146 2.5
      vertex -1.06252 33.7847 0
      vertex -1.06252 33.7847 2.5
    endloop
  endfacet
  facet normal 0.973892 -0.22701 0
    outer loop
      vertex -1.06252 33.7847 0
      vertex -1.07886 33.7146 2.5
      vertex -1.07886 33.7146 0
    endloop
  endfacet
  facet normal -0.849099 0.528234 0
    outer loop
      vertex 0.914616 32.8889 0
      vertex 0.952627 32.95 2.5
      vertex 0.952627 32.95 0
    endloop
  endfacet
  facet normal -0.849099 0.528234 0
    outer loop
      vertex 0.952627 32.95 2.5
      vertex 0.914616 32.8889 0
      vertex 0.914616 32.8889 2.5
    endloop
  endfacet
  facet normal -0.956943 0.290277 0
    outer loop
      vertex 1.04162 33.1464 0
      vertex 1.06252 33.2153 2.5
      vertex 1.06252 33.2153 0
    endloop
  endfacet
  facet normal -0.956943 0.290277 0
    outer loop
      vertex 1.06252 33.2153 2.5
      vertex 1.04162 33.1464 0
      vertex 1.04162 33.1464 2.5
    endloop
  endfacet
  facet normal 0.812797 -0.582546 0
    outer loop
      vertex -0.914616 34.1111 2.5
      vertex -0.872688 34.1696 0
      vertex -0.872688 34.1696 2.5
    endloop
  endfacet
  facet normal 0.812797 -0.582546 0
    outer loop
      vertex -0.872688 34.1696 0
      vertex -0.914616 34.1111 2.5
      vertex -0.914616 34.1111 0
    endloop
  endfacet
  facet normal 0.634683 -0.772772 0
    outer loop
      vertex -0.72528 34.327 0
      vertex -0.669637 34.3727 2.5
      vertex -0.72528 34.327 2.5
    endloop
  endfacet
  facet normal 0.634683 -0.772772 0
    outer loop
      vertex -0.669637 34.3727 2.5
      vertex -0.72528 34.327 0
      vertex -0.669637 34.3727 0
    endloop
  endfacet
  facet normal 0.729619 -0.683854 0
    outer loop
      vertex -0.827024 34.2253 2.5
      vertex -0.777817 34.2778 0
      vertex -0.777817 34.2778 2.5
    endloop
  endfacet
  facet normal 0.729619 -0.683854 0
    outer loop
      vertex -0.777817 34.2778 0
      vertex -0.827024 34.2253 2.5
      vertex -0.827024 34.2253 0
    endloop
  endfacet
  facet normal -0.0972534 -0.99526 0
    outer loop
      vertex 0.0719433 34.5976 0
      vertex 0.143579 34.5906 2.5
      vertex 0.0719433 34.5976 2.5
    endloop
  endfacet
  facet normal -0.0972534 -0.99526 -0
    outer loop
      vertex 0.143579 34.5906 2.5
      vertex 0.0719433 34.5976 0
      vertex 0.143579 34.5906 0
    endloop
  endfacet
  facet normal 0.986626 0.163002 0
    outer loop
      vertex -1.07886 33.2854 2.5
      vertex -1.09059 33.3564 0
      vertex -1.09059 33.3564 2.5
    endloop
  endfacet
  facet normal 0.986626 0.163002 0
    outer loop
      vertex -1.09059 33.3564 0
      vertex -1.07886 33.2854 2.5
      vertex -1.07886 33.2854 0
    endloop
  endfacet
  facet normal -0.351574 0.93616 0
    outer loop
      vertex 0.420951 32.4837 0
      vertex 0.353583 32.4584 2.5
      vertex 0.420951 32.4837 2.5
    endloop
  endfacet
  facet normal -0.351574 0.93616 0
    outer loop
      vertex 0.353583 32.4584 2.5
      vertex 0.420951 32.4837 0
      vertex 0.353583 32.4584 0
    endloop
  endfacet
  facet normal -0.973892 0.22701 0
    outer loop
      vertex 1.06252 33.2153 0
      vertex 1.07886 33.2854 2.5
      vertex 1.07886 33.2854 0
    endloop
  endfacet
  facet normal -0.973892 0.22701 0
    outer loop
      vertex 1.07886 33.2854 2.5
      vertex 1.06252 33.2153 0
      vertex 1.06252 33.2153 2.5
    endloop
  endfacet
  facet normal 0.849099 -0.528234 0
    outer loop
      vertex -0.952627 34.05 2.5
      vertex -0.914616 34.1111 0
      vertex -0.914616 34.1111 2.5
    endloop
  endfacet
  facet normal 0.849099 -0.528234 0
    outer loop
      vertex -0.914616 34.1111 0
      vertex -0.952627 34.05 2.5
      vertex -0.952627 34.05 0
    endloop
  endfacet
  facet normal -0.995201 0.0978545 0
    outer loop
      vertex 1.09059 33.3564 0
      vertex 1.09764 33.4281 2.5
      vertex 1.09764 33.4281 0
    endloop
  endfacet
  facet normal -0.995201 0.0978545 0
    outer loop
      vertex 1.09764 33.4281 2.5
      vertex 1.09059 33.3564 0
      vertex 1.09059 33.3564 2.5
    endloop
  endfacet
  facet normal 0.956943 -0.290277 0
    outer loop
      vertex -1.06252 33.7847 2.5
      vertex -1.04162 33.8536 0
      vertex -1.04162 33.8536 2.5
    endloop
  endfacet
  facet normal 0.956943 -0.290277 0
    outer loop
      vertex -1.04162 33.8536 0
      vertex -1.06252 33.7847 2.5
      vertex -1.06252 33.7847 0
    endloop
  endfacet
  facet normal -0.910695 0.41308 0
    outer loop
      vertex 0.98656 33.0135 0
      vertex 1.01627 33.079 2.5
      vertex 1.01627 33.079 0
    endloop
  endfacet
  facet normal -0.910695 0.41308 0
    outer loop
      vertex 1.01627 33.079 2.5
      vertex 0.98656 33.0135 0
      vertex 0.98656 33.0135 2.5
    endloop
  endfacet
  facet normal 0.0333411 0.999444 -0
    outer loop
      vertex 0 32.4 0
      vertex -0.0719433 32.4024 2.5
      vertex 0 32.4 2.5
    endloop
  endfacet
  facet normal 0.0333411 0.999444 0
    outer loop
      vertex -0.0719433 32.4024 2.5
      vertex 0 32.4 0
      vertex -0.0719433 32.4024 0
    endloop
  endfacet
  facet normal -0.729619 0.683854 0
    outer loop
      vertex 0.777817 32.7222 0
      vertex 0.827024 32.7747 2.5
      vertex 0.827024 32.7747 0
    endloop
  endfacet
  facet normal -0.729619 0.683854 0
    outer loop
      vertex 0.827024 32.7747 2.5
      vertex 0.777817 32.7222 0
      vertex 0.777817 32.7222 2.5
    endloop
  endfacet
  facet normal 0.88197 -0.471305 0
    outer loop
      vertex -0.98656 33.9865 2.5
      vertex -0.952627 34.05 0
      vertex -0.952627 34.05 2.5
    endloop
  endfacet
  facet normal 0.88197 -0.471305 0
    outer loop
      vertex -0.952627 34.05 0
      vertex -0.98656 33.9865 2.5
      vertex -0.98656 33.9865 0
    endloop
  endfacet
  facet normal -0.290343 0.956923 0
    outer loop
      vertex 0.353583 32.4584 0
      vertex 0.2847 32.4375 2.5
      vertex 0.353583 32.4584 2.5
    endloop
  endfacet
  facet normal -0.290343 0.956923 0
    outer loop
      vertex 0.2847 32.4375 2.5
      vertex 0.353583 32.4584 0
      vertex 0.2847 32.4375 0
    endloop
  endfacet
  facet normal -0.986626 0.163002 0
    outer loop
      vertex 1.07886 33.2854 0
      vertex 1.09059 33.3564 2.5
      vertex 1.09059 33.3564 0
    endloop
  endfacet
  facet normal -0.986626 0.163002 0
    outer loop
      vertex 1.09059 33.3564 2.5
      vertex 1.07886 33.2854 0
      vertex 1.07886 33.2854 2.5
    endloop
  endfacet
  facet normal -0.683546 -0.729908 0
    outer loop
      vertex 0.72528 34.327 0
      vertex 0.777817 34.2778 2.5
      vertex 0.72528 34.327 2.5
    endloop
  endfacet
  facet normal -0.683546 -0.729908 -0
    outer loop
      vertex 0.777817 34.2778 2.5
      vertex 0.72528 34.327 0
      vertex 0.777817 34.2778 0
    endloop
  endfacet
  facet normal -0.935986 -0.352036 0
    outer loop
      vertex 1.04162 33.8536 0
      vertex 1.01627 33.921 2.5
      vertex 1.01627 33.921 0
    endloop
  endfacet
  facet normal -0.935986 -0.352036 0
    outer loop
      vertex 1.01627 33.921 2.5
      vertex 1.04162 33.8536 0
      vertex 1.04162 33.8536 2.5
    endloop
  endfacet
  facet normal 0.986626 -0.163002 0
    outer loop
      vertex -1.09059 33.6436 2.5
      vertex -1.07886 33.7146 0
      vertex -1.07886 33.7146 2.5
    endloop
  endfacet
  facet normal 0.986626 -0.163002 0
    outer loop
      vertex -1.07886 33.7146 0
      vertex -1.09059 33.6436 2.5
      vertex -1.09059 33.6436 0
    endloop
  endfacet
  facet normal -0.162551 0.9867 0
    outer loop
      vertex 0.214599 32.4211 0
      vertex 0.143579 32.4094 2.5
      vertex 0.214599 32.4211 2.5
    endloop
  endfacet
  facet normal -0.162551 0.9867 0
    outer loop
      vertex 0.143579 32.4094 2.5
      vertex 0.214599 32.4211 0
      vertex 0.143579 32.4094 0
    endloop
  endfacet
  facet normal 0.935986 -0.352036 0
    outer loop
      vertex -1.04162 33.8536 2.5
      vertex -1.01627 33.921 0
      vertex -1.01627 33.921 2.5
    endloop
  endfacet
  facet normal 0.935986 -0.352036 0
    outer loop
      vertex -1.01627 33.921 0
      vertex -1.04162 33.8536 2.5
      vertex -1.04162 33.8536 0
    endloop
  endfacet
  facet normal 0.729619 0.683854 0
    outer loop
      vertex -0.777817 32.7222 2.5
      vertex -0.827024 32.7747 0
      vertex -0.827024 32.7747 2.5
    endloop
  endfacet
  facet normal 0.729619 0.683854 0
    outer loop
      vertex -0.827024 32.7747 0
      vertex -0.777817 32.7222 2.5
      vertex -0.777817 32.7222 0
    endloop
  endfacet
  facet normal 0.162551 -0.9867 0
    outer loop
      vertex -0.214599 34.5789 0
      vertex -0.143579 34.5906 2.5
      vertex -0.214599 34.5789 2.5
    endloop
  endfacet
  facet normal 0.162551 -0.9867 0
    outer loop
      vertex -0.143579 34.5906 2.5
      vertex -0.214599 34.5789 0
      vertex -0.143579 34.5906 0
    endloop
  endfacet
  facet normal -0.41262 -0.910903 0
    outer loop
      vertex 0.420951 34.5163 0
      vertex 0.486517 34.4866 2.5
      vertex 0.420951 34.5163 2.5
    endloop
  endfacet
  facet normal -0.41262 -0.910903 -0
    outer loop
      vertex 0.486517 34.4866 2.5
      vertex 0.420951 34.5163 0
      vertex 0.486517 34.4866 0
    endloop
  endfacet
  facet normal -0.351574 -0.93616 0
    outer loop
      vertex 0.353583 34.5416 0
      vertex 0.420951 34.5163 2.5
      vertex 0.353583 34.5416 2.5
    endloop
  endfacet
  facet normal -0.351574 -0.93616 -0
    outer loop
      vertex 0.420951 34.5163 2.5
      vertex 0.353583 34.5416 0
      vertex 0.420951 34.5163 0
    endloop
  endfacet
  facet normal 0.0972534 -0.99526 0
    outer loop
      vertex -0.143579 34.5906 0
      vertex -0.0719433 34.5976 2.5
      vertex -0.143579 34.5906 2.5
    endloop
  endfacet
  facet normal 0.0972534 -0.99526 0
    outer loop
      vertex -0.0719433 34.5976 2.5
      vertex -0.143579 34.5906 0
      vertex -0.0719433 34.5976 0
    endloop
  endfacet
  facet normal 0.0333411 -0.999444 0
    outer loop
      vertex -0.0719433 34.5976 0
      vertex 0 34.6 2.5
      vertex -0.0719433 34.5976 2.5
    endloop
  endfacet
  facet normal 0.0333411 -0.999444 0
    outer loop
      vertex 0 34.6 2.5
      vertex -0.0719433 34.5976 0
      vertex 0 34.6 0
    endloop
  endfacet
  facet normal 0.582224 -0.813029 0
    outer loop
      vertex -0.669637 34.3727 0
      vertex -0.611127 34.4146 2.5
      vertex -0.669637 34.3727 2.5
    endloop
  endfacet
  facet normal 0.582224 -0.813029 0
    outer loop
      vertex -0.611127 34.4146 2.5
      vertex -0.669637 34.3727 0
      vertex -0.611127 34.4146 0
    endloop
  endfacet
  facet normal -0.849099 -0.528234 0
    outer loop
      vertex 0.952627 34.05 0
      vertex 0.914616 34.1111 2.5
      vertex 0.914616 34.1111 0
    endloop
  endfacet
  facet normal -0.849099 -0.528234 0
    outer loop
      vertex 0.914616 34.1111 2.5
      vertex 0.952627 34.05 0
      vertex 0.952627 34.05 2.5
    endloop
  endfacet
  facet normal 0.683546 -0.729908 0
    outer loop
      vertex -0.777817 34.2778 0
      vertex -0.72528 34.327 2.5
      vertex -0.777817 34.2778 2.5
    endloop
  endfacet
  facet normal 0.683546 -0.729908 0
    outer loop
      vertex -0.72528 34.327 2.5
      vertex -0.777817 34.2778 0
      vertex -0.72528 34.327 0
    endloop
  endfacet
  facet normal -0.88197 0.471305 0
    outer loop
      vertex 0.952627 32.95 0
      vertex 0.98656 33.0135 2.5
      vertex 0.98656 33.0135 0
    endloop
  endfacet
  facet normal -0.88197 0.471305 0
    outer loop
      vertex 0.98656 33.0135 2.5
      vertex 0.952627 32.95 0
      vertex 0.952627 32.95 2.5
    endloop
  endfacet
  facet normal -0.582224 -0.813029 0
    outer loop
      vertex 0.611127 34.4146 0
      vertex 0.669637 34.3727 2.5
      vertex 0.611127 34.4146 2.5
    endloop
  endfacet
  facet normal -0.582224 -0.813029 -0
    outer loop
      vertex 0.669637 34.3727 2.5
      vertex 0.611127 34.4146 0
      vertex 0.669637 34.3727 0
    endloop
  endfacet
  facet normal 0.683546 0.729908 -0
    outer loop
      vertex -0.72528 32.673 0
      vertex -0.777817 32.7222 2.5
      vertex -0.72528 32.673 2.5
    endloop
  endfacet
  facet normal 0.683546 0.729908 0
    outer loop
      vertex -0.777817 32.7222 2.5
      vertex -0.72528 32.673 0
      vertex -0.777817 32.7222 0
    endloop
  endfacet
  facet normal -0.527949 -0.849276 0
    outer loop
      vertex 0.549999 34.4526 0
      vertex 0.611127 34.4146 2.5
      vertex 0.549999 34.4526 2.5
    endloop
  endfacet
  facet normal -0.527949 -0.849276 -0
    outer loop
      vertex 0.611127 34.4146 2.5
      vertex 0.549999 34.4526 0
      vertex 0.611127 34.4146 0
    endloop
  endfacet
  facet normal 0.227797 0.973709 -0
    outer loop
      vertex -0.214599 32.4211 0
      vertex -0.2847 32.4375 2.5
      vertex -0.214599 32.4211 2.5
    endloop
  endfacet
  facet normal 0.227797 0.973709 0
    outer loop
      vertex -0.2847 32.4375 2.5
      vertex -0.214599 32.4211 0
      vertex -0.2847 32.4375 0
    endloop
  endfacet
  facet normal 0.773336 -0.633997 0
    outer loop
      vertex -0.872688 34.1696 2.5
      vertex -0.827024 34.2253 0
      vertex -0.827024 34.2253 2.5
    endloop
  endfacet
  facet normal 0.773336 -0.633997 0
    outer loop
      vertex -0.827024 34.2253 0
      vertex -0.872688 34.1696 2.5
      vertex -0.872688 34.1696 0
    endloop
  endfacet
  facet normal -0.773336 -0.633997 0
    outer loop
      vertex 0.872688 34.1696 0
      vertex 0.827024 34.2253 2.5
      vertex 0.827024 34.2253 0
    endloop
  endfacet
  facet normal -0.773336 -0.633997 0
    outer loop
      vertex 0.827024 34.2253 2.5
      vertex 0.872688 34.1696 0
      vertex 0.872688 34.1696 2.5
    endloop
  endfacet
  facet normal -0.88197 -0.471305 0
    outer loop
      vertex 0.98656 33.9865 0
      vertex 0.952627 34.05 2.5
      vertex 0.952627 34.05 0
    endloop
  endfacet
  facet normal -0.88197 -0.471305 0
    outer loop
      vertex 0.952627 34.05 2.5
      vertex 0.98656 33.9865 0
      vertex 0.98656 33.9865 2.5
    endloop
  endfacet
  facet normal -0.729619 -0.683854 0
    outer loop
      vertex 0.827024 34.2253 0
      vertex 0.777817 34.2778 2.5
      vertex 0.777817 34.2778 0
    endloop
  endfacet
  facet normal -0.729619 -0.683854 0
    outer loop
      vertex 0.777817 34.2778 2.5
      vertex 0.827024 34.2253 0
      vertex 0.827024 34.2253 2.5
    endloop
  endfacet
  facet normal 0.910695 0.41308 0
    outer loop
      vertex -0.98656 33.0135 2.5
      vertex -1.01627 33.079 0
      vertex -1.01627 33.079 2.5
    endloop
  endfacet
  facet normal 0.910695 0.41308 0
    outer loop
      vertex -1.01627 33.079 0
      vertex -0.98656 33.0135 2.5
      vertex -0.98656 33.0135 0
    endloop
  endfacet
  facet normal 0.41262 -0.910903 0
    outer loop
      vertex -0.486517 34.4866 0
      vertex -0.420951 34.5163 2.5
      vertex -0.486517 34.4866 2.5
    endloop
  endfacet
  facet normal 0.41262 -0.910903 0
    outer loop
      vertex -0.420951 34.5163 2.5
      vertex -0.486517 34.4866 0
      vertex -0.420951 34.5163 0
    endloop
  endfacet
  facet normal 0.0972534 0.99526 -0
    outer loop
      vertex -0.0719433 32.4024 0
      vertex -0.143579 32.4094 2.5
      vertex -0.0719433 32.4024 2.5
    endloop
  endfacet
  facet normal 0.0972534 0.99526 0
    outer loop
      vertex -0.143579 32.4094 2.5
      vertex -0.0719433 32.4024 0
      vertex -0.143579 32.4094 0
    endloop
  endfacet
  facet normal 0.351574 -0.93616 0
    outer loop
      vertex -0.420951 34.5163 0
      vertex -0.353583 34.5416 2.5
      vertex -0.420951 34.5163 2.5
    endloop
  endfacet
  facet normal 0.351574 -0.93616 0
    outer loop
      vertex -0.353583 34.5416 2.5
      vertex -0.420951 34.5163 0
      vertex -0.353583 34.5416 0
    endloop
  endfacet
  facet normal 0.849099 0.528234 0
    outer loop
      vertex -0.914616 32.8889 2.5
      vertex -0.952627 32.95 0
      vertex -0.952627 32.95 2.5
    endloop
  endfacet
  facet normal 0.849099 0.528234 0
    outer loop
      vertex -0.952627 32.95 0
      vertex -0.914616 32.8889 2.5
      vertex -0.914616 32.8889 0
    endloop
  endfacet
  facet normal -0.812797 0.582546 0
    outer loop
      vertex 0.872688 32.8304 0
      vertex 0.914616 32.8889 2.5
      vertex 0.914616 32.8889 0
    endloop
  endfacet
  facet normal -0.812797 0.582546 0
    outer loop
      vertex 0.914616 32.8889 2.5
      vertex 0.872688 32.8304 0
      vertex 0.872688 32.8304 2.5
    endloop
  endfacet
  facet normal 0.812797 0.582546 0
    outer loop
      vertex -0.872688 32.8304 2.5
      vertex -0.914616 32.8889 0
      vertex -0.914616 32.8889 2.5
    endloop
  endfacet
  facet normal 0.812797 0.582546 0
    outer loop
      vertex -0.914616 32.8889 0
      vertex -0.872688 32.8304 2.5
      vertex -0.872688 32.8304 0
    endloop
  endfacet
  facet normal 0.88197 0.471305 0
    outer loop
      vertex -0.952627 32.95 2.5
      vertex -0.98656 33.0135 0
      vertex -0.98656 33.0135 2.5
    endloop
  endfacet
  facet normal 0.88197 0.471305 0
    outer loop
      vertex -0.98656 33.0135 0
      vertex -0.952627 32.95 2.5
      vertex -0.952627 32.95 0
    endloop
  endfacet
  facet normal 0.995201 -0.0978545 0
    outer loop
      vertex -1.09764 33.5719 2.5
      vertex -1.09059 33.6436 0
      vertex -1.09059 33.6436 2.5
    endloop
  endfacet
  facet normal 0.995201 -0.0978545 0
    outer loop
      vertex -1.09059 33.6436 0
      vertex -1.09764 33.5719 2.5
      vertex -1.09764 33.5719 0
    endloop
  endfacet
  facet normal 0.290343 0.956923 -0
    outer loop
      vertex -0.2847 32.4375 0
      vertex -0.353583 32.4584 2.5
      vertex -0.2847 32.4375 2.5
    endloop
  endfacet
  facet normal 0.290343 0.956923 0
    outer loop
      vertex -0.353583 32.4584 2.5
      vertex -0.2847 32.4375 0
      vertex -0.353583 32.4584 0
    endloop
  endfacet
  facet normal 0.472133 -0.881527 0
    outer loop
      vertex -0.549999 34.4526 0
      vertex -0.486517 34.4866 2.5
      vertex -0.549999 34.4526 2.5
    endloop
  endfacet
  facet normal 0.472133 -0.881527 0
    outer loop
      vertex -0.486517 34.4866 2.5
      vertex -0.549999 34.4526 0
      vertex -0.486517 34.4866 0
    endloop
  endfacet
  facet normal -0.935986 0.352036 0
    outer loop
      vertex 1.01627 33.079 0
      vertex 1.04162 33.1464 2.5
      vertex 1.04162 33.1464 0
    endloop
  endfacet
  facet normal -0.935986 0.352036 0
    outer loop
      vertex 1.04162 33.1464 2.5
      vertex 1.01627 33.079 0
      vertex 1.01627 33.079 2.5
    endloop
  endfacet
  facet normal -0.290343 -0.956923 0
    outer loop
      vertex 0.2847 34.5625 0
      vertex 0.353583 34.5416 2.5
      vertex 0.2847 34.5625 2.5
    endloop
  endfacet
  facet normal -0.290343 -0.956923 -0
    outer loop
      vertex 0.353583 34.5416 2.5
      vertex 0.2847 34.5625 0
      vertex 0.353583 34.5416 0
    endloop
  endfacet
  facet normal 0.162551 0.9867 -0
    outer loop
      vertex -0.143579 32.4094 0
      vertex -0.214599 32.4211 2.5
      vertex -0.143579 32.4094 2.5
    endloop
  endfacet
  facet normal 0.162551 0.9867 0
    outer loop
      vertex -0.214599 32.4211 2.5
      vertex -0.143579 32.4094 0
      vertex -0.214599 32.4211 0
    endloop
  endfacet
  facet normal -0.0333411 -0.999444 0
    outer loop
      vertex 0 34.6 0
      vertex 0.0719433 34.5976 2.5
      vertex 0 34.6 2.5
    endloop
  endfacet
  facet normal -0.0333411 -0.999444 -0
    outer loop
      vertex 0.0719433 34.5976 2.5
      vertex 0 34.6 0
      vertex 0.0719433 34.5976 0
    endloop
  endfacet
  facet normal -0.527949 0.849276 0
    outer loop
      vertex 0.611127 32.5854 0
      vertex 0.549999 32.5474 2.5
      vertex 0.611127 32.5854 2.5
    endloop
  endfacet
  facet normal -0.527949 0.849276 0
    outer loop
      vertex 0.549999 32.5474 2.5
      vertex 0.611127 32.5854 0
      vertex 0.549999 32.5474 0
    endloop
  endfacet
  facet normal 0.582224 0.813029 -0
    outer loop
      vertex -0.611127 32.5854 0
      vertex -0.669637 32.6273 2.5
      vertex -0.611127 32.5854 2.5
    endloop
  endfacet
  facet normal 0.582224 0.813029 0
    outer loop
      vertex -0.669637 32.6273 2.5
      vertex -0.611127 32.5854 0
      vertex -0.669637 32.6273 0
    endloop
  endfacet
  facet normal -0.162551 -0.9867 0
    outer loop
      vertex 0.143579 34.5906 0
      vertex 0.214599 34.5789 2.5
      vertex 0.143579 34.5906 2.5
    endloop
  endfacet
  facet normal -0.162551 -0.9867 -0
    outer loop
      vertex 0.214599 34.5789 2.5
      vertex 0.143579 34.5906 0
      vertex 0.214599 34.5789 0
    endloop
  endfacet
  facet normal 0.999462 -0.0328057 0
    outer loop
      vertex -1.1 33.5 2.5
      vertex -1.09764 33.5719 0
      vertex -1.09764 33.5719 2.5
    endloop
  endfacet
  facet normal 0.999462 -0.0328057 0
    outer loop
      vertex -1.09764 33.5719 0
      vertex -1.1 33.5 2.5
      vertex -1.1 33.5 0
    endloop
  endfacet
  facet normal 0.910695 -0.41308 0
    outer loop
      vertex -1.01627 33.921 2.5
      vertex -0.98656 33.9865 0
      vertex -0.98656 33.9865 2.5
    endloop
  endfacet
  facet normal 0.910695 -0.41308 0
    outer loop
      vertex -0.98656 33.9865 0
      vertex -1.01627 33.921 2.5
      vertex -1.01627 33.921 0
    endloop
  endfacet
  facet normal 0.527949 -0.849276 0
    outer loop
      vertex -0.611127 34.4146 0
      vertex -0.549999 34.4526 2.5
      vertex -0.611127 34.4146 2.5
    endloop
  endfacet
  facet normal 0.527949 -0.849276 0
    outer loop
      vertex -0.549999 34.4526 2.5
      vertex -0.611127 34.4146 0
      vertex -0.549999 34.4526 0
    endloop
  endfacet
  facet normal 0.527949 0.849276 -0
    outer loop
      vertex -0.549999 32.5474 0
      vertex -0.611127 32.5854 2.5
      vertex -0.549999 32.5474 2.5
    endloop
  endfacet
  facet normal 0.527949 0.849276 0
    outer loop
      vertex -0.611127 32.5854 2.5
      vertex -0.549999 32.5474 0
      vertex -0.611127 32.5854 0
    endloop
  endfacet
  facet normal 0.41262 0.910903 -0
    outer loop
      vertex -0.420951 32.4837 0
      vertex -0.486517 32.5134 2.5
      vertex -0.420951 32.4837 2.5
    endloop
  endfacet
  facet normal 0.41262 0.910903 0
    outer loop
      vertex -0.486517 32.5134 2.5
      vertex -0.420951 32.4837 0
      vertex -0.486517 32.5134 0
    endloop
  endfacet
  facet normal -0.99526 -0.0972534 0
    outer loop
      vertex -32.4024 0.0719433 0
      vertex -32.4094 0.143579 2.5
      vertex -32.4094 0.143579 0
    endloop
  endfacet
  facet normal -0.99526 -0.0972534 0
    outer loop
      vertex -32.4094 0.143579 2.5
      vertex -32.4024 0.0719433 0
      vertex -32.4024 0.0719433 2.5
    endloop
  endfacet
  facet normal -0.999444 -0.0333411 0
    outer loop
      vertex -32.4 0 0
      vertex -32.4024 0.0719433 2.5
      vertex -32.4024 0.0719433 0
    endloop
  endfacet
  facet normal -0.999444 -0.0333411 0
    outer loop
      vertex -32.4024 0.0719433 2.5
      vertex -32.4 0 0
      vertex -32.4 0 2.5
    endloop
  endfacet
  facet normal -0.9867 -0.162551 0
    outer loop
      vertex -32.4094 0.143579 0
      vertex -32.4211 0.214599 2.5
      vertex -32.4211 0.214599 0
    endloop
  endfacet
  facet normal -0.9867 -0.162551 0
    outer loop
      vertex -32.4211 0.214599 2.5
      vertex -32.4094 0.143579 0
      vertex -32.4094 0.143579 2.5
    endloop
  endfacet
  facet normal -0.973709 -0.227797 0
    outer loop
      vertex -32.4211 0.214599 0
      vertex -32.4375 0.2847 2.5
      vertex -32.4375 0.2847 0
    endloop
  endfacet
  facet normal -0.973709 -0.227797 0
    outer loop
      vertex -32.4375 0.2847 2.5
      vertex -32.4211 0.214599 0
      vertex -32.4211 0.214599 2.5
    endloop
  endfacet
  facet normal 0.633997 -0.773336 0
    outer loop
      vertex -34.2253 0.827024 0
      vertex -34.1696 0.872688 2.5
      vertex -34.2253 0.827024 2.5
    endloop
  endfacet
  facet normal 0.633997 -0.773336 0
    outer loop
      vertex -34.1696 0.872688 2.5
      vertex -34.2253 0.827024 0
      vertex -34.1696 0.872688 0
    endloop
  endfacet
  facet normal 0.582546 -0.812797 0
    outer loop
      vertex -34.1696 0.872688 0
      vertex -34.1111 0.914616 2.5
      vertex -34.1696 0.872688 2.5
    endloop
  endfacet
  facet normal 0.582546 -0.812797 0
    outer loop
      vertex -34.1111 0.914616 2.5
      vertex -34.1696 0.872688 0
      vertex -34.1111 0.914616 0
    endloop
  endfacet
  facet normal 0.22701 -0.973892 0
    outer loop
      vertex -33.7847 1.06252 0
      vertex -33.7146 1.07886 2.5
      vertex -33.7847 1.06252 2.5
    endloop
  endfacet
  facet normal 0.22701 -0.973892 0
    outer loop
      vertex -33.7146 1.07886 2.5
      vertex -33.7847 1.06252 0
      vertex -33.7146 1.07886 0
    endloop
  endfacet
  facet normal -0.0328057 0.999462 0
    outer loop
      vertex -33.4281 -1.09764 0
      vertex -33.5 -1.1 2.5
      vertex -33.4281 -1.09764 2.5
    endloop
  endfacet
  facet normal -0.0328057 0.999462 0
    outer loop
      vertex -33.5 -1.1 2.5
      vertex -33.4281 -1.09764 0
      vertex -33.5 -1.1 0
    endloop
  endfacet
  facet normal 0.290277 0.956943 -0
    outer loop
      vertex -33.7847 -1.06252 0
      vertex -33.8536 -1.04162 2.5
      vertex -33.7847 -1.06252 2.5
    endloop
  endfacet
  facet normal 0.290277 0.956943 0
    outer loop
      vertex -33.8536 -1.04162 2.5
      vertex -33.7847 -1.06252 0
      vertex -33.8536 -1.04162 0
    endloop
  endfacet
  facet normal -0.772772 0.634683 0
    outer loop
      vertex -32.673 -0.72528 0
      vertex -32.6273 -0.669637 2.5
      vertex -32.6273 -0.669637 0
    endloop
  endfacet
  facet normal -0.772772 0.634683 0
    outer loop
      vertex -32.6273 -0.669637 2.5
      vertex -32.673 -0.72528 0
      vertex -32.673 -0.72528 2.5
    endloop
  endfacet
  facet normal 0.290277 -0.956943 0
    outer loop
      vertex -33.8536 1.04162 0
      vertex -33.7847 1.06252 2.5
      vertex -33.8536 1.04162 2.5
    endloop
  endfacet
  facet normal 0.290277 -0.956943 0
    outer loop
      vertex -33.7847 1.06252 2.5
      vertex -33.8536 1.04162 0
      vertex -33.7847 1.06252 0
    endloop
  endfacet
  facet normal -0.729908 0.683546 0
    outer loop
      vertex -32.7222 -0.777817 0
      vertex -32.673 -0.72528 2.5
      vertex -32.673 -0.72528 0
    endloop
  endfacet
  facet normal -0.729908 0.683546 0
    outer loop
      vertex -32.673 -0.72528 2.5
      vertex -32.7222 -0.777817 0
      vertex -32.7222 -0.777817 2.5
    endloop
  endfacet
  facet normal 0.471305 -0.88197 0
    outer loop
      vertex -34.05 0.952627 0
      vertex -33.9865 0.98656 2.5
      vertex -34.05 0.952627 2.5
    endloop
  endfacet
  facet normal 0.471305 -0.88197 0
    outer loop
      vertex -33.9865 0.98656 2.5
      vertex -34.05 0.952627 0
      vertex -33.9865 0.98656 0
    endloop
  endfacet
  facet normal 0.0328057 -0.999462 0
    outer loop
      vertex -33.5719 1.09764 0
      vertex -33.5 1.1 2.5
      vertex -33.5719 1.09764 2.5
    endloop
  endfacet
  facet normal 0.0328057 -0.999462 0
    outer loop
      vertex -33.5 1.1 2.5
      vertex -33.5719 1.09764 0
      vertex -33.5 1.1 0
    endloop
  endfacet
  facet normal -0.0328057 -0.999462 0
    outer loop
      vertex -33.5 1.1 0
      vertex -33.4281 1.09764 2.5
      vertex -33.5 1.1 2.5
    endloop
  endfacet
  facet normal -0.0328057 -0.999462 -0
    outer loop
      vertex -33.4281 1.09764 2.5
      vertex -33.5 1.1 0
      vertex -33.4281 1.09764 0
    endloop
  endfacet
  facet normal -0.849276 0.527949 0
    outer loop
      vertex -32.5854 -0.611127 0
      vertex -32.5474 -0.549999 2.5
      vertex -32.5474 -0.549999 0
    endloop
  endfacet
  facet normal -0.849276 0.527949 0
    outer loop
      vertex -32.5474 -0.549999 2.5
      vertex -32.5854 -0.611127 0
      vertex -32.5854 -0.611127 2.5
    endloop
  endfacet
  facet normal -0.41308 -0.910695 0
    outer loop
      vertex -33.079 1.01627 0
      vertex -33.0135 0.98656 2.5
      vertex -33.079 1.01627 2.5
    endloop
  endfacet
  facet normal -0.41308 -0.910695 -0
    outer loop
      vertex -33.0135 0.98656 2.5
      vertex -33.079 1.01627 0
      vertex -33.0135 0.98656 0
    endloop
  endfacet
  facet normal -0.471305 0.88197 0
    outer loop
      vertex -32.95 -0.952627 0
      vertex -33.0135 -0.98656 2.5
      vertex -32.95 -0.952627 2.5
    endloop
  endfacet
  facet normal -0.471305 0.88197 0
    outer loop
      vertex -33.0135 -0.98656 2.5
      vertex -32.95 -0.952627 0
      vertex -33.0135 -0.98656 0
    endloop
  endfacet
  facet normal -0.93616 0.351574 0
    outer loop
      vertex -32.4837 -0.420951 0
      vertex -32.4584 -0.353583 2.5
      vertex -32.4584 -0.353583 0
    endloop
  endfacet
  facet normal -0.93616 0.351574 0
    outer loop
      vertex -32.4584 -0.353583 2.5
      vertex -32.4837 -0.420951 0
      vertex -32.4837 -0.420951 2.5
    endloop
  endfacet
  facet normal -0.93616 -0.351574 0
    outer loop
      vertex -32.4584 0.353583 0
      vertex -32.4837 0.420951 2.5
      vertex -32.4837 0.420951 0
    endloop
  endfacet
  facet normal -0.93616 -0.351574 0
    outer loop
      vertex -32.4837 0.420951 2.5
      vertex -32.4584 0.353583 0
      vertex -32.4584 0.353583 2.5
    endloop
  endfacet
  facet normal -0.352036 -0.935986 0
    outer loop
      vertex -33.1464 1.04162 0
      vertex -33.079 1.01627 2.5
      vertex -33.1464 1.04162 2.5
    endloop
  endfacet
  facet normal -0.352036 -0.935986 -0
    outer loop
      vertex -33.079 1.01627 2.5
      vertex -33.1464 1.04162 0
      vertex -33.079 1.01627 0
    endloop
  endfacet
  facet normal -0.999444 0.0333411 0
    outer loop
      vertex -32.4024 -0.0719433 0
      vertex -32.4 0 2.5
      vertex -32.4 0 0
    endloop
  endfacet
  facet normal -0.999444 0.0333411 0
    outer loop
      vertex -32.4 0 2.5
      vertex -32.4024 -0.0719433 0
      vertex -32.4024 -0.0719433 2.5
    endloop
  endfacet
  facet normal -0.772772 -0.634683 0
    outer loop
      vertex -32.6273 0.669637 0
      vertex -32.673 0.72528 2.5
      vertex -32.673 0.72528 0
    endloop
  endfacet
  facet normal -0.772772 -0.634683 0
    outer loop
      vertex -32.673 0.72528 2.5
      vertex -32.6273 0.669637 0
      vertex -32.6273 0.669637 2.5
    endloop
  endfacet
  facet normal -0.582546 0.812797 0
    outer loop
      vertex -32.8304 -0.872688 0
      vertex -32.8889 -0.914616 2.5
      vertex -32.8304 -0.872688 2.5
    endloop
  endfacet
  facet normal -0.582546 0.812797 0
    outer loop
      vertex -32.8889 -0.914616 2.5
      vertex -32.8304 -0.872688 0
      vertex -32.8889 -0.914616 0
    endloop
  endfacet
  facet normal -0.813029 -0.582224 0
    outer loop
      vertex -32.5854 0.611127 0
      vertex -32.6273 0.669637 2.5
      vertex -32.6273 0.669637 0
    endloop
  endfacet
  facet normal -0.813029 -0.582224 0
    outer loop
      vertex -32.6273 0.669637 2.5
      vertex -32.5854 0.611127 0
      vertex -32.5854 0.611127 2.5
    endloop
  endfacet
  facet normal -0.633997 -0.773336 0
    outer loop
      vertex -32.8304 0.872688 0
      vertex -32.7747 0.827024 2.5
      vertex -32.8304 0.872688 2.5
    endloop
  endfacet
  facet normal -0.633997 -0.773336 -0
    outer loop
      vertex -32.7747 0.827024 2.5
      vertex -32.8304 0.872688 0
      vertex -32.7747 0.827024 0
    endloop
  endfacet
  facet normal 0.956923 -0.290343 0
    outer loop
      vertex -34.5625 0.2847 2.5
      vertex -34.5416 0.353583 0
      vertex -34.5416 0.353583 2.5
    endloop
  endfacet
  facet normal 0.956923 -0.290343 0
    outer loop
      vertex -34.5416 0.353583 0
      vertex -34.5625 0.2847 2.5
      vertex -34.5625 0.2847 0
    endloop
  endfacet
  facet normal -0.0978545 0.995201 0
    outer loop
      vertex -33.3564 -1.09059 0
      vertex -33.4281 -1.09764 2.5
      vertex -33.3564 -1.09059 2.5
    endloop
  endfacet
  facet normal -0.0978545 0.995201 0
    outer loop
      vertex -33.4281 -1.09764 2.5
      vertex -33.3564 -1.09059 0
      vertex -33.4281 -1.09764 0
    endloop
  endfacet
  facet normal 0.41308 0.910695 -0
    outer loop
      vertex -33.921 -1.01627 0
      vertex -33.9865 -0.98656 2.5
      vertex -33.921 -1.01627 2.5
    endloop
  endfacet
  facet normal 0.41308 0.910695 0
    outer loop
      vertex -33.9865 -0.98656 2.5
      vertex -33.921 -1.01627 0
      vertex -33.9865 -0.98656 0
    endloop
  endfacet
  facet normal -0.956923 0.290343 0
    outer loop
      vertex -32.4584 -0.353583 0
      vertex -32.4375 -0.2847 2.5
      vertex -32.4375 -0.2847 0
    endloop
  endfacet
  facet normal -0.956923 0.290343 0
    outer loop
      vertex -32.4375 -0.2847 2.5
      vertex -32.4584 -0.353583 0
      vertex -32.4584 -0.353583 2.5
    endloop
  endfacet
  facet normal 0.41308 -0.910695 0
    outer loop
      vertex -33.9865 0.98656 0
      vertex -33.921 1.01627 2.5
      vertex -33.9865 0.98656 2.5
    endloop
  endfacet
  facet normal 0.41308 -0.910695 0
    outer loop
      vertex -33.921 1.01627 2.5
      vertex -33.9865 0.98656 0
      vertex -33.921 1.01627 0
    endloop
  endfacet
  facet normal 0.683854 -0.729619 0
    outer loop
      vertex -34.2778 0.777817 0
      vertex -34.2253 0.827024 2.5
      vertex -34.2778 0.777817 2.5
    endloop
  endfacet
  facet normal 0.683854 -0.729619 0
    outer loop
      vertex -34.2253 0.827024 2.5
      vertex -34.2778 0.777817 0
      vertex -34.2253 0.827024 0
    endloop
  endfacet
  facet normal -0.528234 0.849099 0
    outer loop
      vertex -32.8889 -0.914616 0
      vertex -32.95 -0.952627 2.5
      vertex -32.8889 -0.914616 2.5
    endloop
  endfacet
  facet normal -0.528234 0.849099 0
    outer loop
      vertex -32.95 -0.952627 2.5
      vertex -32.8889 -0.914616 0
      vertex -32.95 -0.952627 0
    endloop
  endfacet
  facet normal 0.163002 -0.986626 0
    outer loop
      vertex -33.7146 1.07886 0
      vertex -33.6436 1.09059 2.5
      vertex -33.7146 1.07886 2.5
    endloop
  endfacet
  facet normal 0.163002 -0.986626 0
    outer loop
      vertex -33.6436 1.09059 2.5
      vertex -33.7146 1.07886 0
      vertex -33.6436 1.09059 0
    endloop
  endfacet
  facet normal -0.41308 0.910695 0
    outer loop
      vertex -33.0135 -0.98656 0
      vertex -33.079 -1.01627 2.5
      vertex -33.0135 -0.98656 2.5
    endloop
  endfacet
  facet normal -0.41308 0.910695 0
    outer loop
      vertex -33.079 -1.01627 2.5
      vertex -33.0135 -0.98656 0
      vertex -33.079 -1.01627 0
    endloop
  endfacet
  facet normal -0.849276 -0.527949 0
    outer loop
      vertex -32.5474 0.549999 0
      vertex -32.5854 0.611127 2.5
      vertex -32.5854 0.611127 0
    endloop
  endfacet
  facet normal -0.849276 -0.527949 0
    outer loop
      vertex -32.5854 0.611127 2.5
      vertex -32.5474 0.549999 0
      vertex -32.5474 0.549999 2.5
    endloop
  endfacet
  facet normal -0.683854 0.729619 0
    outer loop
      vertex -32.7222 -0.777817 0
      vertex -32.7747 -0.827024 2.5
      vertex -32.7222 -0.777817 2.5
    endloop
  endfacet
  facet normal -0.683854 0.729619 0
    outer loop
      vertex -32.7747 -0.827024 2.5
      vertex -32.7222 -0.777817 0
      vertex -32.7747 -0.827024 0
    endloop
  endfacet
  facet normal -0.471305 -0.88197 0
    outer loop
      vertex -33.0135 0.98656 0
      vertex -32.95 0.952627 2.5
      vertex -33.0135 0.98656 2.5
    endloop
  endfacet
  facet normal -0.471305 -0.88197 -0
    outer loop
      vertex -32.95 0.952627 2.5
      vertex -33.0135 0.98656 0
      vertex -32.95 0.952627 0
    endloop
  endfacet
  facet normal -0.22701 -0.973892 0
    outer loop
      vertex -33.2854 1.07886 0
      vertex -33.2153 1.06252 2.5
      vertex -33.2854 1.07886 2.5
    endloop
  endfacet
  facet normal -0.22701 -0.973892 -0
    outer loop
      vertex -33.2153 1.06252 2.5
      vertex -33.2854 1.07886 0
      vertex -33.2153 1.06252 0
    endloop
  endfacet
  facet normal -0.290277 0.956943 0
    outer loop
      vertex -33.1464 -1.04162 0
      vertex -33.2153 -1.06252 2.5
      vertex -33.1464 -1.04162 2.5
    endloop
  endfacet
  facet normal -0.290277 0.956943 0
    outer loop
      vertex -33.2153 -1.06252 2.5
      vertex -33.1464 -1.04162 0
      vertex -33.2153 -1.06252 0
    endloop
  endfacet
  facet normal 0.633997 0.773336 -0
    outer loop
      vertex -34.1696 -0.872688 0
      vertex -34.2253 -0.827024 2.5
      vertex -34.1696 -0.872688 2.5
    endloop
  endfacet
  facet normal 0.633997 0.773336 0
    outer loop
      vertex -34.2253 -0.827024 2.5
      vertex -34.1696 -0.872688 0
      vertex -34.2253 -0.827024 0
    endloop
  endfacet
  facet normal -0.910903 0.41262 0
    outer loop
      vertex -32.5134 -0.486517 0
      vertex -32.4837 -0.420951 2.5
      vertex -32.4837 -0.420951 0
    endloop
  endfacet
  facet normal -0.910903 0.41262 0
    outer loop
      vertex -32.4837 -0.420951 2.5
      vertex -32.5134 -0.486517 0
      vertex -32.5134 -0.486517 2.5
    endloop
  endfacet
  facet normal 0.163002 0.986626 -0
    outer loop
      vertex -33.6436 -1.09059 0
      vertex -33.7146 -1.07886 2.5
      vertex -33.6436 -1.09059 2.5
    endloop
  endfacet
  facet normal 0.163002 0.986626 0
    outer loop
      vertex -33.7146 -1.07886 2.5
      vertex -33.6436 -1.09059 0
      vertex -33.7146 -1.07886 0
    endloop
  endfacet
  facet normal 0.99526 0.0972534 0
    outer loop
      vertex -34.5906 -0.143579 2.5
      vertex -34.5976 -0.0719433 0
      vertex -34.5976 -0.0719433 2.5
    endloop
  endfacet
  facet normal 0.99526 0.0972534 0
    outer loop
      vertex -34.5976 -0.0719433 0
      vertex -34.5906 -0.143579 2.5
      vertex -34.5906 -0.143579 0
    endloop
  endfacet
  facet normal -0.0978545 -0.995201 0
    outer loop
      vertex -33.4281 1.09764 0
      vertex -33.3564 1.09059 2.5
      vertex -33.4281 1.09764 2.5
    endloop
  endfacet
  facet normal -0.0978545 -0.995201 -0
    outer loop
      vertex -33.3564 1.09059 2.5
      vertex -33.4281 1.09764 0
      vertex -33.3564 1.09059 0
    endloop
  endfacet
  facet normal -0.956923 -0.290343 0
    outer loop
      vertex -32.4375 0.2847 0
      vertex -32.4584 0.353583 2.5
      vertex -32.4584 0.353583 0
    endloop
  endfacet
  facet normal -0.956923 -0.290343 0
    outer loop
      vertex -32.4584 0.353583 2.5
      vertex -32.4375 0.2847 0
      vertex -32.4375 0.2847 2.5
    endloop
  endfacet
  facet normal -0.290277 -0.956943 0
    outer loop
      vertex -33.2153 1.06252 0
      vertex -33.1464 1.04162 2.5
      vertex -33.2153 1.06252 2.5
    endloop
  endfacet
  facet normal -0.290277 -0.956943 -0
    outer loop
      vertex -33.1464 1.04162 2.5
      vertex -33.2153 1.06252 0
      vertex -33.1464 1.04162 0
    endloop
  endfacet
  facet normal 0.999444 -0.0333411 0
    outer loop
      vertex -34.6 0 2.5
      vertex -34.5976 0.0719433 0
      vertex -34.5976 0.0719433 2.5
    endloop
  endfacet
  facet normal 0.999444 -0.0333411 0
    outer loop
      vertex -34.5976 0.0719433 0
      vertex -34.6 0 2.5
      vertex -34.6 0 0
    endloop
  endfacet
  facet normal 0.22701 0.973892 -0
    outer loop
      vertex -33.7146 -1.07886 0
      vertex -33.7847 -1.06252 2.5
      vertex -33.7146 -1.07886 2.5
    endloop
  endfacet
  facet normal 0.22701 0.973892 0
    outer loop
      vertex -33.7847 -1.06252 2.5
      vertex -33.7146 -1.07886 0
      vertex -33.7847 -1.06252 0
    endloop
  endfacet
  facet normal -0.813029 0.582224 0
    outer loop
      vertex -32.6273 -0.669637 0
      vertex -32.5854 -0.611127 2.5
      vertex -32.5854 -0.611127 0
    endloop
  endfacet
  facet normal -0.813029 0.582224 0
    outer loop
      vertex -32.5854 -0.611127 2.5
      vertex -32.6273 -0.669637 0
      vertex -32.6273 -0.669637 2.5
    endloop
  endfacet
  facet normal 0.999444 0.0333411 0
    outer loop
      vertex -34.5976 -0.0719433 2.5
      vertex -34.6 0 0
      vertex -34.6 0 2.5
    endloop
  endfacet
  facet normal 0.999444 0.0333411 0
    outer loop
      vertex -34.6 0 0
      vertex -34.5976 -0.0719433 2.5
      vertex -34.5976 -0.0719433 0
    endloop
  endfacet
  facet normal 0.910903 0.41262 0
    outer loop
      vertex -34.4866 -0.486517 2.5
      vertex -34.5163 -0.420951 0
      vertex -34.5163 -0.420951 2.5
    endloop
  endfacet
  facet normal 0.910903 0.41262 0
    outer loop
      vertex -34.5163 -0.420951 0
      vertex -34.4866 -0.486517 2.5
      vertex -34.4866 -0.486517 0
    endloop
  endfacet
  facet normal -0.582546 -0.812797 0
    outer loop
      vertex -32.8889 0.914616 0
      vertex -32.8304 0.872688 2.5
      vertex -32.8889 0.914616 2.5
    endloop
  endfacet
  facet normal -0.582546 -0.812797 -0
    outer loop
      vertex -32.8304 0.872688 2.5
      vertex -32.8889 0.914616 0
      vertex -32.8304 0.872688 0
    endloop
  endfacet
  facet normal 0.813029 -0.582224 0
    outer loop
      vertex -34.4146 0.611127 2.5
      vertex -34.3727 0.669637 0
      vertex -34.3727 0.669637 2.5
    endloop
  endfacet
  facet normal 0.813029 -0.582224 0
    outer loop
      vertex -34.3727 0.669637 0
      vertex -34.4146 0.611127 2.5
      vertex -34.4146 0.611127 0
    endloop
  endfacet
  facet normal 0.772772 0.634683 0
    outer loop
      vertex -34.327 -0.72528 2.5
      vertex -34.3727 -0.669637 0
      vertex -34.3727 -0.669637 2.5
    endloop
  endfacet
  facet normal 0.772772 0.634683 0
    outer loop
      vertex -34.3727 -0.669637 0
      vertex -34.327 -0.72528 2.5
      vertex -34.327 -0.72528 0
    endloop
  endfacet
  facet normal 0.0978545 0.995201 -0
    outer loop
      vertex -33.5719 -1.09764 0
      vertex -33.6436 -1.09059 2.5
      vertex -33.5719 -1.09764 2.5
    endloop
  endfacet
  facet normal 0.0978545 0.995201 0
    outer loop
      vertex -33.6436 -1.09059 2.5
      vertex -33.5719 -1.09764 0
      vertex -33.6436 -1.09059 0
    endloop
  endfacet
  facet normal -0.973709 0.227797 0
    outer loop
      vertex -32.4375 -0.2847 0
      vertex -32.4211 -0.214599 2.5
      vertex -32.4211 -0.214599 0
    endloop
  endfacet
  facet normal -0.973709 0.227797 0
    outer loop
      vertex -32.4211 -0.214599 2.5
      vertex -32.4375 -0.2847 0
      vertex -32.4375 -0.2847 2.5
    endloop
  endfacet
  facet normal -0.163002 -0.986626 0
    outer loop
      vertex -33.3564 1.09059 0
      vertex -33.2854 1.07886 2.5
      vertex -33.3564 1.09059 2.5
    endloop
  endfacet
  facet normal -0.163002 -0.986626 -0
    outer loop
      vertex -33.2854 1.07886 2.5
      vertex -33.3564 1.09059 0
      vertex -33.2854 1.07886 0
    endloop
  endfacet
  facet normal -0.22701 0.973892 0
    outer loop
      vertex -33.2153 -1.06252 0
      vertex -33.2854 -1.07886 2.5
      vertex -33.2153 -1.06252 2.5
    endloop
  endfacet
  facet normal -0.22701 0.973892 0
    outer loop
      vertex -33.2854 -1.07886 2.5
      vertex -33.2153 -1.06252 0
      vertex -33.2854 -1.07886 0
    endloop
  endfacet
  facet normal -0.729908 -0.683546 0
    outer loop
      vertex -32.673 0.72528 0
      vertex -32.7222 0.777817 2.5
      vertex -32.7222 0.777817 0
    endloop
  endfacet
  facet normal -0.729908 -0.683546 0
    outer loop
      vertex -32.7222 0.777817 2.5
      vertex -32.673 0.72528 0
      vertex -32.673 0.72528 2.5
    endloop
  endfacet
  facet normal -0.99526 0.0972534 0
    outer loop
      vertex -32.4094 -0.143579 0
      vertex -32.4024 -0.0719433 2.5
      vertex -32.4024 -0.0719433 0
    endloop
  endfacet
  facet normal -0.99526 0.0972534 0
    outer loop
      vertex -32.4024 -0.0719433 2.5
      vertex -32.4094 -0.143579 0
      vertex -32.4094 -0.143579 2.5
    endloop
  endfacet
  facet normal -0.683854 -0.729619 0
    outer loop
      vertex -32.7747 0.827024 0
      vertex -32.7222 0.777817 2.5
      vertex -32.7747 0.827024 2.5
    endloop
  endfacet
  facet normal -0.683854 -0.729619 -0
    outer loop
      vertex -32.7222 0.777817 2.5
      vertex -32.7747 0.827024 0
      vertex -32.7222 0.777817 0
    endloop
  endfacet
  facet normal -0.528234 -0.849099 0
    outer loop
      vertex -32.95 0.952627 0
      vertex -32.8889 0.914616 2.5
      vertex -32.95 0.952627 2.5
    endloop
  endfacet
  facet normal -0.528234 -0.849099 -0
    outer loop
      vertex -32.8889 0.914616 2.5
      vertex -32.95 0.952627 0
      vertex -32.8889 0.914616 0
    endloop
  endfacet
  facet normal 0.772772 -0.634683 0
    outer loop
      vertex -34.3727 0.669637 2.5
      vertex -34.327 0.72528 0
      vertex -34.327 0.72528 2.5
    endloop
  endfacet
  facet normal 0.772772 -0.634683 0
    outer loop
      vertex -34.327 0.72528 0
      vertex -34.3727 0.669637 2.5
      vertex -34.3727 0.669637 0
    endloop
  endfacet
  facet normal 0.0328057 0.999462 -0
    outer loop
      vertex -33.5 -1.1 0
      vertex -33.5719 -1.09764 2.5
      vertex -33.5 -1.1 2.5
    endloop
  endfacet
  facet normal 0.0328057 0.999462 0
    outer loop
      vertex -33.5719 -1.09764 2.5
      vertex -33.5 -1.1 0
      vertex -33.5719 -1.09764 0
    endloop
  endfacet
  facet normal -0.352036 0.935986 0
    outer loop
      vertex -33.079 -1.01627 0
      vertex -33.1464 -1.04162 2.5
      vertex -33.079 -1.01627 2.5
    endloop
  endfacet
  facet normal -0.352036 0.935986 0
    outer loop
      vertex -33.1464 -1.04162 2.5
      vertex -33.079 -1.01627 0
      vertex -33.1464 -1.04162 0
    endloop
  endfacet
  facet normal 0.683854 0.729619 -0
    outer loop
      vertex -34.2253 -0.827024 0
      vertex -34.2778 -0.777817 2.5
      vertex -34.2253 -0.827024 2.5
    endloop
  endfacet
  facet normal 0.683854 0.729619 0
    outer loop
      vertex -34.2778 -0.777817 2.5
      vertex -34.2253 -0.827024 0
      vertex -34.2778 -0.777817 0
    endloop
  endfacet
  facet normal 0.352036 -0.935986 0
    outer loop
      vertex -33.921 1.01627 0
      vertex -33.8536 1.04162 2.5
      vertex -33.921 1.01627 2.5
    endloop
  endfacet
  facet normal 0.352036 -0.935986 0
    outer loop
      vertex -33.8536 1.04162 2.5
      vertex -33.921 1.01627 0
      vertex -33.8536 1.04162 0
    endloop
  endfacet
  facet normal -0.881527 -0.472133 0
    outer loop
      vertex -32.5134 0.486517 0
      vertex -32.5474 0.549999 2.5
      vertex -32.5474 0.549999 0
    endloop
  endfacet
  facet normal -0.881527 -0.472133 0
    outer loop
      vertex -32.5474 0.549999 2.5
      vertex -32.5134 0.486517 0
      vertex -32.5134 0.486517 2.5
    endloop
  endfacet
  facet normal 0.352036 0.935986 -0
    outer loop
      vertex -33.8536 -1.04162 0
      vertex -33.921 -1.01627 2.5
      vertex -33.8536 -1.04162 2.5
    endloop
  endfacet
  facet normal 0.352036 0.935986 0
    outer loop
      vertex -33.921 -1.01627 2.5
      vertex -33.8536 -1.04162 0
      vertex -33.921 -1.01627 0
    endloop
  endfacet
  facet normal 0.93616 0.351574 0
    outer loop
      vertex -34.5163 -0.420951 2.5
      vertex -34.5416 -0.353583 0
      vertex -34.5416 -0.353583 2.5
    endloop
  endfacet
  facet normal 0.93616 0.351574 0
    outer loop
      vertex -34.5416 -0.353583 0
      vertex -34.5163 -0.420951 2.5
      vertex -34.5163 -0.420951 0
    endloop
  endfacet
  facet normal 0.0978545 -0.995201 0
    outer loop
      vertex -33.6436 1.09059 0
      vertex -33.5719 1.09764 2.5
      vertex -33.6436 1.09059 2.5
    endloop
  endfacet
  facet normal 0.0978545 -0.995201 0
    outer loop
      vertex -33.5719 1.09764 2.5
      vertex -33.6436 1.09059 0
      vertex -33.5719 1.09764 0
    endloop
  endfacet
  facet normal 0.881527 0.472133 0
    outer loop
      vertex -34.4526 -0.549999 2.5
      vertex -34.4866 -0.486517 0
      vertex -34.4866 -0.486517 2.5
    endloop
  endfacet
  facet normal 0.881527 0.472133 0
    outer loop
      vertex -34.4866 -0.486517 0
      vertex -34.4526 -0.549999 2.5
      vertex -34.4526 -0.549999 0
    endloop
  endfacet
  facet normal 0.9867 -0.162551 0
    outer loop
      vertex -34.5906 0.143579 2.5
      vertex -34.5789 0.214599 0
      vertex -34.5789 0.214599 2.5
    endloop
  endfacet
  facet normal 0.9867 -0.162551 0
    outer loop
      vertex -34.5789 0.214599 0
      vertex -34.5906 0.143579 2.5
      vertex -34.5906 0.143579 0
    endloop
  endfacet
  facet normal -0.633997 0.773336 0
    outer loop
      vertex -32.7747 -0.827024 0
      vertex -32.8304 -0.872688 2.5
      vertex -32.7747 -0.827024 2.5
    endloop
  endfacet
  facet normal -0.633997 0.773336 0
    outer loop
      vertex -32.8304 -0.872688 2.5
      vertex -32.7747 -0.827024 0
      vertex -32.8304 -0.872688 0
    endloop
  endfacet
  facet normal -0.9867 0.162551 0
    outer loop
      vertex -32.4211 -0.214599 0
      vertex -32.4094 -0.143579 2.5
      vertex -32.4094 -0.143579 0
    endloop
  endfacet
  facet normal -0.9867 0.162551 0
    outer loop
      vertex -32.4094 -0.143579 2.5
      vertex -32.4211 -0.214599 0
      vertex -32.4211 -0.214599 2.5
    endloop
  endfacet
  facet normal 0.973709 0.227797 0
    outer loop
      vertex -34.5625 -0.2847 2.5
      vertex -34.5789 -0.214599 0
      vertex -34.5789 -0.214599 2.5
    endloop
  endfacet
  facet normal 0.973709 0.227797 0
    outer loop
      vertex -34.5789 -0.214599 0
      vertex -34.5625 -0.2847 2.5
      vertex -34.5625 -0.2847 0
    endloop
  endfacet
  facet normal 0.729908 -0.683546 0
    outer loop
      vertex -34.327 0.72528 2.5
      vertex -34.2778 0.777817 0
      vertex -34.2778 0.777817 2.5
    endloop
  endfacet
  facet normal 0.729908 -0.683546 0
    outer loop
      vertex -34.2778 0.777817 0
      vertex -34.327 0.72528 2.5
      vertex -34.327 0.72528 0
    endloop
  endfacet
  facet normal 0.99526 -0.0972534 0
    outer loop
      vertex -34.5976 0.0719433 2.5
      vertex -34.5906 0.143579 0
      vertex -34.5906 0.143579 2.5
    endloop
  endfacet
  facet normal 0.99526 -0.0972534 0
    outer loop
      vertex -34.5906 0.143579 0
      vertex -34.5976 0.0719433 2.5
      vertex -34.5976 0.0719433 0
    endloop
  endfacet
  facet normal -0.163002 0.986626 0
    outer loop
      vertex -33.2854 -1.07886 0
      vertex -33.3564 -1.09059 2.5
      vertex -33.2854 -1.07886 2.5
    endloop
  endfacet
  facet normal -0.163002 0.986626 0
    outer loop
      vertex -33.3564 -1.09059 2.5
      vertex -33.2854 -1.07886 0
      vertex -33.3564 -1.09059 0
    endloop
  endfacet
  facet normal -0.881527 0.472133 0
    outer loop
      vertex -32.5474 -0.549999 0
      vertex -32.5134 -0.486517 2.5
      vertex -32.5134 -0.486517 0
    endloop
  endfacet
  facet normal -0.881527 0.472133 0
    outer loop
      vertex -32.5134 -0.486517 2.5
      vertex -32.5474 -0.549999 0
      vertex -32.5474 -0.549999 2.5
    endloop
  endfacet
  facet normal 0.582546 0.812797 -0
    outer loop
      vertex -34.1111 -0.914616 0
      vertex -34.1696 -0.872688 2.5
      vertex -34.1111 -0.914616 2.5
    endloop
  endfacet
  facet normal 0.582546 0.812797 0
    outer loop
      vertex -34.1696 -0.872688 2.5
      vertex -34.1111 -0.914616 0
      vertex -34.1696 -0.872688 0
    endloop
  endfacet
  facet normal 0.849276 -0.527949 0
    outer loop
      vertex -34.4526 0.549999 2.5
      vertex -34.4146 0.611127 0
      vertex -34.4146 0.611127 2.5
    endloop
  endfacet
  facet normal 0.849276 -0.527949 0
    outer loop
      vertex -34.4146 0.611127 0
      vertex -34.4526 0.549999 2.5
      vertex -34.4526 0.549999 0
    endloop
  endfacet
  facet normal 0.813029 0.582224 0
    outer loop
      vertex -34.3727 -0.669637 2.5
      vertex -34.4146 -0.611127 0
      vertex -34.4146 -0.611127 2.5
    endloop
  endfacet
  facet normal 0.813029 0.582224 0
    outer loop
      vertex -34.4146 -0.611127 0
      vertex -34.3727 -0.669637 2.5
      vertex -34.3727 -0.669637 0
    endloop
  endfacet
  facet normal 0.93616 -0.351574 0
    outer loop
      vertex -34.5416 0.353583 2.5
      vertex -34.5163 0.420951 0
      vertex -34.5163 0.420951 2.5
    endloop
  endfacet
  facet normal 0.93616 -0.351574 0
    outer loop
      vertex -34.5163 0.420951 0
      vertex -34.5416 0.353583 2.5
      vertex -34.5416 0.353583 0
    endloop
  endfacet
  facet normal 0.9867 0.162551 0
    outer loop
      vertex -34.5789 -0.214599 2.5
      vertex -34.5906 -0.143579 0
      vertex -34.5906 -0.143579 2.5
    endloop
  endfacet
  facet normal 0.9867 0.162551 0
    outer loop
      vertex -34.5906 -0.143579 0
      vertex -34.5789 -0.214599 2.5
      vertex -34.5789 -0.214599 0
    endloop
  endfacet
  facet normal -0.910903 -0.41262 0
    outer loop
      vertex -32.4837 0.420951 0
      vertex -32.5134 0.486517 2.5
      vertex -32.5134 0.486517 0
    endloop
  endfacet
  facet normal -0.910903 -0.41262 0
    outer loop
      vertex -32.5134 0.486517 2.5
      vertex -32.4837 0.420951 0
      vertex -32.4837 0.420951 2.5
    endloop
  endfacet
  facet normal 0.729908 0.683546 0
    outer loop
      vertex -34.2778 -0.777817 2.5
      vertex -34.327 -0.72528 0
      vertex -34.327 -0.72528 2.5
    endloop
  endfacet
  facet normal 0.729908 0.683546 0
    outer loop
      vertex -34.327 -0.72528 0
      vertex -34.2778 -0.777817 2.5
      vertex -34.2778 -0.777817 0
    endloop
  endfacet
  facet normal 0.528234 0.849099 -0
    outer loop
      vertex -34.05 -0.952627 0
      vertex -34.1111 -0.914616 2.5
      vertex -34.05 -0.952627 2.5
    endloop
  endfacet
  facet normal 0.528234 0.849099 0
    outer loop
      vertex -34.1111 -0.914616 2.5
      vertex -34.05 -0.952627 0
      vertex -34.1111 -0.914616 0
    endloop
  endfacet
  facet normal 0.956923 0.290343 0
    outer loop
      vertex -34.5416 -0.353583 2.5
      vertex -34.5625 -0.2847 0
      vertex -34.5625 -0.2847 2.5
    endloop
  endfacet
  facet normal 0.956923 0.290343 0
    outer loop
      vertex -34.5625 -0.2847 0
      vertex -34.5416 -0.353583 2.5
      vertex -34.5416 -0.353583 0
    endloop
  endfacet
  facet normal 0.849276 0.527949 0
    outer loop
      vertex -34.4146 -0.611127 2.5
      vertex -34.4526 -0.549999 0
      vertex -34.4526 -0.549999 2.5
    endloop
  endfacet
  facet normal 0.849276 0.527949 0
    outer loop
      vertex -34.4526 -0.549999 0
      vertex -34.4146 -0.611127 2.5
      vertex -34.4146 -0.611127 0
    endloop
  endfacet
  facet normal 0.973709 -0.227797 0
    outer loop
      vertex -34.5789 0.214599 2.5
      vertex -34.5625 0.2847 0
      vertex -34.5625 0.2847 2.5
    endloop
  endfacet
  facet normal 0.973709 -0.227797 0
    outer loop
      vertex -34.5625 0.2847 0
      vertex -34.5789 0.214599 2.5
      vertex -34.5789 0.214599 0
    endloop
  endfacet
  facet normal 0.881527 -0.472133 0
    outer loop
      vertex -34.4866 0.486517 2.5
      vertex -34.4526 0.549999 0
      vertex -34.4526 0.549999 2.5
    endloop
  endfacet
  facet normal 0.881527 -0.472133 0
    outer loop
      vertex -34.4526 0.549999 0
      vertex -34.4866 0.486517 2.5
      vertex -34.4866 0.486517 0
    endloop
  endfacet
  facet normal 0.910903 -0.41262 0
    outer loop
      vertex -34.5163 0.420951 2.5
      vertex -34.4866 0.486517 0
      vertex -34.4866 0.486517 2.5
    endloop
  endfacet
  facet normal 0.910903 -0.41262 0
    outer loop
      vertex -34.4866 0.486517 0
      vertex -34.5163 0.420951 2.5
      vertex -34.5163 0.420951 0
    endloop
  endfacet
  facet normal 0.528234 -0.849099 0
    outer loop
      vertex -34.1111 0.914616 0
      vertex -34.05 0.952627 2.5
      vertex -34.1111 0.914616 2.5
    endloop
  endfacet
  facet normal 0.528234 -0.849099 0
    outer loop
      vertex -34.05 0.952627 2.5
      vertex -34.1111 0.914616 0
      vertex -34.05 0.952627 0
    endloop
  endfacet
  facet normal 0.471305 0.88197 -0
    outer loop
      vertex -33.9865 -0.98656 0
      vertex -34.05 -0.952627 2.5
      vertex -33.9865 -0.98656 2.5
    endloop
  endfacet
  facet normal 0.471305 0.88197 0
    outer loop
      vertex -34.05 -0.952627 2.5
      vertex -33.9865 -0.98656 0
      vertex -34.05 -0.952627 0
    endloop
  endfacet
  facet normal -1 0 0
    outer loop
      vertex 5.75 -42.75 0
      vertex 5.75 -31.25 6.5
      vertex 5.75 -31.25 0
    endloop
  endfacet
  facet normal -1 -0 0
    outer loop
      vertex 5.75 -31.25 6.5
      vertex 5.75 -42.75 0
      vertex 5.75 -42.75 6.5
    endloop
  endfacet
  facet normal 0 0 -1
    outer loop
      vertex 5.75 -42.75 6.5
      vertex 3.6 -37 6.5
      vertex 5.75 -31.25 6.5
    endloop
  endfacet
  facet normal 0 0 -1
    outer loop
      vertex 5.75 -42.75 6.5
      vertex 3.59229 -37.2355 6.5
      vertex 3.6 -37 6.5
    endloop
  endfacet
  facet normal 0 0 -1
    outer loop
      vertex 5.75 -42.75 6.5
      vertex 3.5692 -37.4699 6.5
      vertex 3.59229 -37.2355 6.5
    endloop
  endfacet
  facet normal 0 0 -1
    outer loop
      vertex 5.75 -42.75 6.5
      vertex 3.53083 -37.7023 6.5
      vertex 3.5692 -37.4699 6.5
    endloop
  endfacet
  facet normal 0 0 -1
    outer loop
      vertex 5.75 -42.75 6.5
      vertex 3.47733 -37.9317 6.5
      vertex 3.53083 -37.7023 6.5
    endloop
  endfacet
  facet normal 0 0 -1
    outer loop
      vertex 5.75 -42.75 6.5
      vertex 3.40895 -38.1572 6.5
      vertex 3.47733 -37.9317 6.5
    endloop
  endfacet
  facet normal 0 0 -1
    outer loop
      vertex 5.75 -42.75 6.5
      vertex 3.32597 -38.3777 6.5
      vertex 3.40895 -38.1572 6.5
    endloop
  endfacet
  facet normal 0 0 -1
    outer loop
      vertex 5.75 -42.75 6.5
      vertex 3.22874 -38.5922 6.5
      vertex 3.32597 -38.3777 6.5
    endloop
  endfacet
  facet normal 0 0 -1
    outer loop
      vertex 5.75 -42.75 6.5
      vertex 3.11769 -38.8 6.5
      vertex 3.22874 -38.5922 6.5
    endloop
  endfacet
  facet normal 0 0 -1
    outer loop
      vertex 5.75 -42.75 6.5
      vertex 2.99329 -39.0001 6.5
      vertex 3.11769 -38.8 6.5
    endloop
  endfacet
  facet normal 0 0 -1
    outer loop
      vertex 5.75 -42.75 6.5
      vertex 2.85607 -39.1915 6.5
      vertex 2.99329 -39.0001 6.5
    endloop
  endfacet
  facet normal 0 0 -1
    outer loop
      vertex 5.75 -42.75 6.5
      vertex 2.70662 -39.3736 6.5
      vertex 2.85607 -39.1915 6.5
    endloop
  endfacet
  facet normal 0 0 -1
    outer loop
      vertex 5.75 -42.75 6.5
      vertex 2.54558 -39.5456 6.5
      vertex 2.70662 -39.3736 6.5
    endloop
  endfacet
  facet normal 0 0 -1
    outer loop
      vertex 5.75 -42.75 6.5
      vertex 2.37364 -39.7066 6.5
      vertex 2.54558 -39.5456 6.5
    endloop
  endfacet
  facet normal 0 0 -1
    outer loop
      vertex 5.75 -42.75 6.5
      vertex 2.19154 -39.8561 6.5
      vertex 2.37364 -39.7066 6.5
    endloop
  endfacet
  facet normal 0 0 -1
    outer loop
      vertex 5.75 -42.75 6.5
      vertex 2.00005 -39.9933 6.5
      vertex 2.19154 -39.8561 6.5
    endloop
  endfacet
  facet normal 0 0 -1
    outer loop
      vertex 5.75 -42.75 6.5
      vertex 1.8 -40.1177 6.5
      vertex 2.00005 -39.9933 6.5
    endloop
  endfacet
  facet normal 0 0 -1
    outer loop
      vertex 5.75 -42.75 6.5
      vertex 1.59224 -40.2287 6.5
      vertex 1.8 -40.1177 6.5
    endloop
  endfacet
  facet normal 0 0 -1
    outer loop
      vertex 5.75 -42.75 6.5
      vertex 1.37766 -40.326 6.5
      vertex 1.59224 -40.2287 6.5
    endloop
  endfacet
  facet normal 0 0 -1
    outer loop
      vertex 5.75 -42.75 6.5
      vertex 1.15718 -40.4089 6.5
      vertex 1.37766 -40.326 6.5
    endloop
  endfacet
  facet normal 0 0 -1
    outer loop
      vertex 5.75 -42.75 6.5
      vertex 0.931748 -40.4773 6.5
      vertex 1.15718 -40.4089 6.5
    endloop
  endfacet
  facet normal 0 0 -1
    outer loop
      vertex 5.75 -42.75 6.5
      vertex 0.702325 -40.5308 6.5
      vertex 0.931748 -40.4773 6.5
    endloop
  endfacet
  facet normal 0 0 -1
    outer loop
      vertex 5.75 -42.75 6.5
      vertex 0.469893 -40.5692 6.5
      vertex 0.702325 -40.5308 6.5
    endloop
  endfacet
  facet normal 0 0 -1
    outer loop
      vertex 5.75 -42.75 6.5
      vertex 0.235451 -40.5923 6.5
      vertex 0.469893 -40.5692 6.5
    endloop
  endfacet
  facet normal 0 0 -1
    outer loop
      vertex 5.75 -42.75 6.5
      vertex 0 -40.6 6.5
      vertex 0.235451 -40.5923 6.5
    endloop
  endfacet
  facet normal 0 0 -1
    outer loop
      vertex -5.75 -42.75 6.5
      vertex 0 -40.6 6.5
      vertex 5.75 -42.75 6.5
    endloop
  endfacet
  facet normal -0 0 -1
    outer loop
      vertex 0 -40.6 6.5
      vertex -5.75 -42.75 6.5
      vertex -0.235451 -40.5923 6.5
    endloop
  endfacet
  facet normal -0 0 -1
    outer loop
      vertex -0.235451 -40.5923 6.5
      vertex -5.75 -42.75 6.5
      vertex -0.469893 -40.5692 6.5
    endloop
  endfacet
  facet normal -0 0 -1
    outer loop
      vertex -0.469893 -40.5692 6.5
      vertex -5.75 -42.75 6.5
      vertex -0.702325 -40.5308 6.5
    endloop
  endfacet
  facet normal -0 0 -1
    outer loop
      vertex -0.702325 -40.5308 6.5
      vertex -5.75 -42.75 6.5
      vertex -0.931748 -40.4773 6.5
    endloop
  endfacet
  facet normal -0 0 -1
    outer loop
      vertex -3.59229 -37.2355 6.5
      vertex -5.75 -42.75 6.5
      vertex -3.6 -37 6.5
    endloop
  endfacet
  facet normal -0 0 -1
    outer loop
      vertex -3.5692 -37.4699 6.5
      vertex -5.75 -42.75 6.5
      vertex -3.59229 -37.2355 6.5
    endloop
  endfacet
  facet normal -0 0 -1
    outer loop
      vertex -3.53083 -37.7023 6.5
      vertex -5.75 -42.75 6.5
      vertex -3.5692 -37.4699 6.5
    endloop
  endfacet
  facet normal -0 0 -1
    outer loop
      vertex -3.47733 -37.9317 6.5
      vertex -5.75 -42.75 6.5
      vertex -3.53083 -37.7023 6.5
    endloop
  endfacet
  facet normal -0 0 -1
    outer loop
      vertex -3.40895 -38.1572 6.5
      vertex -5.75 -42.75 6.5
      vertex -3.47733 -37.9317 6.5
    endloop
  endfacet
  facet normal -0 0 -1
    outer loop
      vertex -3.32597 -38.3777 6.5
      vertex -5.75 -42.75 6.5
      vertex -3.40895 -38.1572 6.5
    endloop
  endfacet
  facet normal -0 0 -1
    outer loop
      vertex -3.22874 -38.5922 6.5
      vertex -5.75 -42.75 6.5
      vertex -3.32597 -38.3777 6.5
    endloop
  endfacet
  facet normal -0 0 -1
    outer loop
      vertex -3.11769 -38.8 6.5
      vertex -5.75 -42.75 6.5
      vertex -3.22874 -38.5922 6.5
    endloop
  endfacet
  facet normal -0 0 -1
    outer loop
      vertex -2.99329 -39.0001 6.5
      vertex -5.75 -42.75 6.5
      vertex -3.11769 -38.8 6.5
    endloop
  endfacet
  facet normal -0 0 -1
    outer loop
      vertex -2.85607 -39.1915 6.5
      vertex -5.75 -42.75 6.5
      vertex -2.99329 -39.0001 6.5
    endloop
  endfacet
  facet normal -0 0 -1
    outer loop
      vertex -2.70662 -39.3736 6.5
      vertex -5.75 -42.75 6.5
      vertex -2.85607 -39.1915 6.5
    endloop
  endfacet
  facet normal -0 0 -1
    outer loop
      vertex -2.54558 -39.5456 6.5
      vertex -5.75 -42.75 6.5
      vertex -2.70662 -39.3736 6.5
    endloop
  endfacet
  facet normal -0 0 -1
    outer loop
      vertex -2.37364 -39.7066 6.5
      vertex -5.75 -42.75 6.5
      vertex -2.54558 -39.5456 6.5
    endloop
  endfacet
  facet normal -0 0 -1
    outer loop
      vertex -2.19154 -39.8561 6.5
      vertex -5.75 -42.75 6.5
      vertex -2.37364 -39.7066 6.5
    endloop
  endfacet
  facet normal -0 0 -1
    outer loop
      vertex -2.00005 -39.9933 6.5
      vertex -5.75 -42.75 6.5
      vertex -2.19154 -39.8561 6.5
    endloop
  endfacet
  facet normal -0 0 -1
    outer loop
      vertex -1.8 -40.1177 6.5
      vertex -5.75 -42.75 6.5
      vertex -2.00005 -39.9933 6.5
    endloop
  endfacet
  facet normal -0 0 -1
    outer loop
      vertex -1.59224 -40.2287 6.5
      vertex -5.75 -42.75 6.5
      vertex -1.8 -40.1177 6.5
    endloop
  endfacet
  facet normal -0 0 -1
    outer loop
      vertex -1.37766 -40.326 6.5
      vertex -5.75 -42.75 6.5
      vertex -1.59224 -40.2287 6.5
    endloop
  endfacet
  facet normal -0 0 -1
    outer loop
      vertex -1.15718 -40.4089 6.5
      vertex -5.75 -42.75 6.5
      vertex -1.37766 -40.326 6.5
    endloop
  endfacet
  facet normal -0 0 -1
    outer loop
      vertex -0.931748 -40.4773 6.5
      vertex -5.75 -42.75 6.5
      vertex -1.15718 -40.4089 6.5
    endloop
  endfacet
  facet normal 0 0 -1
    outer loop
      vertex 3.59229 -36.7645 6.5
      vertex 5.75 -31.25 6.5
      vertex 3.6 -37 6.5
    endloop
  endfacet
  facet normal 0 0 -1
    outer loop
      vertex 3.5692 -36.5301 6.5
      vertex 5.75 -31.25 6.5
      vertex 3.59229 -36.7645 6.5
    endloop
  endfacet
  facet normal 0 0 -1
    outer loop
      vertex 3.53083 -36.2977 6.5
      vertex 5.75 -31.25 6.5
      vertex 3.5692 -36.5301 6.5
    endloop
  endfacet
  facet normal 0 0 -1
    outer loop
      vertex 3.47733 -36.0683 6.5
      vertex 5.75 -31.25 6.5
      vertex 3.53083 -36.2977 6.5
    endloop
  endfacet
  facet normal 0 0 -1
    outer loop
      vertex 3.40895 -35.8428 6.5
      vertex 5.75 -31.25 6.5
      vertex 3.47733 -36.0683 6.5
    endloop
  endfacet
  facet normal 0 0 -1
    outer loop
      vertex 3.32597 -35.6223 6.5
      vertex 5.75 -31.25 6.5
      vertex 3.40895 -35.8428 6.5
    endloop
  endfacet
  facet normal 0 0 -1
    outer loop
      vertex 3.22874 -35.4078 6.5
      vertex 5.75 -31.25 6.5
      vertex 3.32597 -35.6223 6.5
    endloop
  endfacet
  facet normal 0 0 -1
    outer loop
      vertex 3.11769 -35.2 6.5
      vertex 5.75 -31.25 6.5
      vertex 3.22874 -35.4078 6.5
    endloop
  endfacet
  facet normal 0 0 -1
    outer loop
      vertex 2.99329 -34.9999 6.5
      vertex 5.75 -31.25 6.5
      vertex 3.11769 -35.2 6.5
    endloop
  endfacet
  facet normal 0 0 -1
    outer loop
      vertex 2.85607 -34.8085 6.5
      vertex 5.75 -31.25 6.5
      vertex 2.99329 -34.9999 6.5
    endloop
  endfacet
  facet normal 0 0 -1
    outer loop
      vertex 2.70662 -34.6264 6.5
      vertex 5.75 -31.25 6.5
      vertex 2.85607 -34.8085 6.5
    endloop
  endfacet
  facet normal 0 0 -1
    outer loop
      vertex 2.54558 -34.4544 6.5
      vertex 5.75 -31.25 6.5
      vertex 2.70662 -34.6264 6.5
    endloop
  endfacet
  facet normal 0 0 -1
    outer loop
      vertex 2.37364 -34.2934 6.5
      vertex 5.75 -31.25 6.5
      vertex 2.54558 -34.4544 6.5
    endloop
  endfacet
  facet normal 0 0 -1
    outer loop
      vertex 2.19154 -34.1439 6.5
      vertex 5.75 -31.25 6.5
      vertex 2.37364 -34.2934 6.5
    endloop
  endfacet
  facet normal 0 0 -1
    outer loop
      vertex 2.00005 -34.0067 6.5
      vertex 5.75 -31.25 6.5
      vertex 2.19154 -34.1439 6.5
    endloop
  endfacet
  facet normal 0 0 -1
    outer loop
      vertex 1.8 -33.8823 6.5
      vertex 5.75 -31.25 6.5
      vertex 2.00005 -34.0067 6.5
    endloop
  endfacet
  facet normal 0 0 -1
    outer loop
      vertex 1.59224 -33.7713 6.5
      vertex 5.75 -31.25 6.5
      vertex 1.8 -33.8823 6.5
    endloop
  endfacet
  facet normal 0 0 -1
    outer loop
      vertex 1.37766 -33.674 6.5
      vertex 5.75 -31.25 6.5
      vertex 1.59224 -33.7713 6.5
    endloop
  endfacet
  facet normal 0 0 -1
    outer loop
      vertex 1.15718 -33.591 6.5
      vertex 5.75 -31.25 6.5
      vertex 1.37766 -33.674 6.5
    endloop
  endfacet
  facet normal 0 0 -1
    outer loop
      vertex 0.931748 -33.5227 6.5
      vertex 5.75 -31.25 6.5
      vertex 1.15718 -33.591 6.5
    endloop
  endfacet
  facet normal 0 0 -1
    outer loop
      vertex 0.702325 -33.4692 6.5
      vertex 5.75 -31.25 6.5
      vertex 0.931748 -33.5227 6.5
    endloop
  endfacet
  facet normal 0 0 -1
    outer loop
      vertex 0.469893 -33.4308 6.5
      vertex 5.75 -31.25 6.5
      vertex 0.702325 -33.4692 6.5
    endloop
  endfacet
  facet normal 0 0 -1
    outer loop
      vertex 0.235451 -33.4077 6.5
      vertex 5.75 -31.25 6.5
      vertex 0.469893 -33.4308 6.5
    endloop
  endfacet
  facet normal 0 0 -1
    outer loop
      vertex 0 -33.4 6.5
      vertex 5.75 -31.25 6.5
      vertex 0.235451 -33.4077 6.5
    endloop
  endfacet
  facet normal 0 0 -1
    outer loop
      vertex -5.75 -31.25 6.5
      vertex 0 -33.4 6.5
      vertex -0.235451 -33.4077 6.5
    endloop
  endfacet
  facet normal 0 0 -1
    outer loop
      vertex -5.75 -31.25 6.5
      vertex -0.235451 -33.4077 6.5
      vertex -0.469893 -33.4308 6.5
    endloop
  endfacet
  facet normal 0 0 -1
    outer loop
      vertex -5.75 -31.25 6.5
      vertex -0.469893 -33.4308 6.5
      vertex -0.702325 -33.4692 6.5
    endloop
  endfacet
  facet normal 0 0 -1
    outer loop
      vertex -5.75 -31.25 6.5
      vertex -0.702325 -33.4692 6.5
      vertex -0.931748 -33.5227 6.5
    endloop
  endfacet
  facet normal 0 0 -1
    outer loop
      vertex -5.75 -31.25 6.5
      vertex -0.931748 -33.5227 6.5
      vertex -1.15718 -33.591 6.5
    endloop
  endfacet
  facet normal 0 0 -1
    outer loop
      vertex -5.75 -31.25 6.5
      vertex -3.6 -37 6.5
      vertex -5.75 -42.75 6.5
    endloop
  endfacet
  facet normal 0 0 -1
    outer loop
      vertex -3.6 -37 6.5
      vertex -5.75 -31.25 6.5
      vertex -3.59229 -36.7645 6.5
    endloop
  endfacet
  facet normal 0 0 -1
    outer loop
      vertex -3.59229 -36.7645 6.5
      vertex -5.75 -31.25 6.5
      vertex -3.5692 -36.5301 6.5
    endloop
  endfacet
  facet normal 0 0 -1
    outer loop
      vertex -3.5692 -36.5301 6.5
      vertex -5.75 -31.25 6.5
      vertex -3.53083 -36.2977 6.5
    endloop
  endfacet
  facet normal 0 0 -1
    outer loop
      vertex -3.53083 -36.2977 6.5
      vertex -5.75 -31.25 6.5
      vertex -3.47733 -36.0683 6.5
    endloop
  endfacet
  facet normal 0 0 -1
    outer loop
      vertex 0 -33.4 6.5
      vertex -5.75 -31.25 6.5
      vertex 5.75 -31.25 6.5
    endloop
  endfacet
  facet normal 0 0 -1
    outer loop
      vertex -1.37766 -33.674 6.5
      vertex -5.75 -31.25 6.5
      vertex -1.15718 -33.591 6.5
    endloop
  endfacet
  facet normal 0 0 -1
    outer loop
      vertex -1.59224 -33.7713 6.5
      vertex -5.75 -31.25 6.5
      vertex -1.37766 -33.674 6.5
    endloop
  endfacet
  facet normal 0 0 -1
    outer loop
      vertex -1.8 -33.8823 6.5
      vertex -5.75 -31.25 6.5
      vertex -1.59224 -33.7713 6.5
    endloop
  endfacet
  facet normal 0 0 -1
    outer loop
      vertex -2.00005 -34.0067 6.5
      vertex -5.75 -31.25 6.5
      vertex -1.8 -33.8823 6.5
    endloop
  endfacet
  facet normal 0 0 -1
    outer loop
      vertex -2.19154 -34.1439 6.5
      vertex -5.75 -31.25 6.5
      vertex -2.00005 -34.0067 6.5
    endloop
  endfacet
  facet normal 0 0 -1
    outer loop
      vertex -2.37364 -34.2934 6.5
      vertex -5.75 -31.25 6.5
      vertex -2.19154 -34.1439 6.5
    endloop
  endfacet
  facet normal 0 0 -1
    outer loop
      vertex -2.54558 -34.4544 6.5
      vertex -5.75 -31.25 6.5
      vertex -2.37364 -34.2934 6.5
    endloop
  endfacet
  facet normal 0 0 -1
    outer loop
      vertex -2.70662 -34.6264 6.5
      vertex -5.75 -31.25 6.5
      vertex -2.54558 -34.4544 6.5
    endloop
  endfacet
  facet normal 0 0 -1
    outer loop
      vertex -2.85607 -34.8085 6.5
      vertex -5.75 -31.25 6.5
      vertex -2.70662 -34.6264 6.5
    endloop
  endfacet
  facet normal 0 0 -1
    outer loop
      vertex -2.99329 -34.9999 6.5
      vertex -5.75 -31.25 6.5
      vertex -2.85607 -34.8085 6.5
    endloop
  endfacet
  facet normal 0 0 -1
    outer loop
      vertex -3.11769 -35.2 6.5
      vertex -5.75 -31.25 6.5
      vertex -2.99329 -34.9999 6.5
    endloop
  endfacet
  facet normal 0 0 -1
    outer loop
      vertex -3.22874 -35.4078 6.5
      vertex -5.75 -31.25 6.5
      vertex -3.11769 -35.2 6.5
    endloop
  endfacet
  facet normal 0 0 -1
    outer loop
      vertex -3.32597 -35.6223 6.5
      vertex -5.75 -31.25 6.5
      vertex -3.22874 -35.4078 6.5
    endloop
  endfacet
  facet normal 0 0 -1
    outer loop
      vertex -3.40895 -35.8428 6.5
      vertex -5.75 -31.25 6.5
      vertex -3.32597 -35.6223 6.5
    endloop
  endfacet
  facet normal 0 0 -1
    outer loop
      vertex -3.47733 -36.0683 6.5
      vertex -5.75 -31.25 6.5
      vertex -3.40895 -35.8428 6.5
    endloop
  endfacet
  facet normal 1 -0 0
    outer loop
      vertex -5.75 -42.75 6.5
      vertex -5.75 -31.25 0
      vertex -5.75 -31.25 6.5
    endloop
  endfacet
  facet normal 1 0 0
    outer loop
      vertex -5.75 -31.25 0
      vertex -5.75 -42.75 6.5
      vertex -5.75 -42.75 0
    endloop
  endfacet
  facet normal 0 -1 0
    outer loop
      vertex -5.75 -31.25 0
      vertex 5.75 -31.25 6.5
      vertex -5.75 -31.25 6.5
    endloop
  endfacet
  facet normal 0 -1 -0
    outer loop
      vertex 5.75 -31.25 6.5
      vertex -5.75 -31.25 0
      vertex 5.75 -31.25 0
    endloop
  endfacet
  facet normal 0 1 -0
    outer loop
      vertex 5.75 -42.75 0
      vertex -5.75 -42.75 6.5
      vertex 5.75 -42.75 6.5
    endloop
  endfacet
  facet normal 0 1 0
    outer loop
      vertex -5.75 -42.75 6.5
      vertex 5.75 -42.75 0
      vertex -5.75 -42.75 0
    endloop
  endfacet
  facet normal 0.995183 -0.0980323 0
    outer loop
      vertex -3.59229 -36.7645 9
      vertex -3.5692 -36.5301 6.5
      vertex -3.5692 -36.5301 9
    endloop
  endfacet
  facet normal 0.995183 -0.0980323 0
    outer loop
      vertex -3.5692 -36.5301 6.5
      vertex -3.59229 -36.7645 9
      vertex -3.59229 -36.7645 6.5
    endloop
  endfacet
  facet normal -0.995183 -0.0980323 0
    outer loop
      vertex 3.59229 -36.7645 6.5
      vertex 3.5692 -36.5301 9
      vertex 3.5692 -36.5301 6.5
    endloop
  endfacet
  facet normal -0.995183 -0.0980323 0
    outer loop
      vertex 3.5692 -36.5301 9
      vertex 3.59229 -36.7645 6.5
      vertex 3.59229 -36.7645 9
    endloop
  endfacet
  facet normal -0.999465 -0.0327213 0
    outer loop
      vertex 3.6 -37 6.5
      vertex 3.59229 -36.7645 9
      vertex 3.59229 -36.7645 6.5
    endloop
  endfacet
  facet normal -0.999465 -0.0327213 0
    outer loop
      vertex 3.59229 -36.7645 9
      vertex 3.6 -37 6.5
      vertex 3.6 -37 9
    endloop
  endfacet
  facet normal -0.973866 0.227122 0
    outer loop
      vertex 3.47733 -37.9317 6.5
      vertex 3.53083 -37.7023 9
      vertex 3.53083 -37.7023 6.5
    endloop
  endfacet
  facet normal -0.973866 0.227122 0
    outer loop
      vertex 3.53083 -37.7023 9
      vertex 3.47733 -37.9317 6.5
      vertex 3.47733 -37.9317 9
    endloop
  endfacet
  facet normal -0.683503 0.729947 0
    outer loop
      vertex 2.54558 -39.5456 6.5
      vertex 2.37364 -39.7066 9
      vertex 2.54558 -39.5456 9
    endloop
  endfacet
  facet normal -0.683503 0.729947 0
    outer loop
      vertex 2.37364 -39.7066 9
      vertex 2.54558 -39.5456 6.5
      vertex 2.37364 -39.7066 6.5
    endloop
  endfacet
  facet normal 0.773001 -0.634404 0
    outer loop
      vertex -2.85607 -34.8085 9
      vertex -2.70662 -34.6264 6.5
      vertex -2.70662 -34.6264 9
    endloop
  endfacet
  facet normal 0.773001 -0.634404 0
    outer loop
      vertex -2.70662 -34.6264 6.5
      vertex -2.85607 -34.8085 9
      vertex -2.85607 -34.8085 6.5
    endloop
  endfacet
  facet normal 0.471232 -0.88201 0
    outer loop
      vertex -1.8 -33.8823 6.5
      vertex -1.59224 -33.7713 9
      vertex -1.8 -33.8823 9
    endloop
  endfacet
  facet normal 0.471232 -0.88201 0
    outer loop
      vertex -1.59224 -33.7713 9
      vertex -1.8 -33.8823 6.5
      vertex -1.59224 -33.7713 6.5
    endloop
  endfacet
  facet normal 0.227101 0.973871 -0
    outer loop
      vertex -0.702325 -40.5308 6.5
      vertex -0.931748 -40.4773 9
      vertex -0.702325 -40.5308 9
    endloop
  endfacet
  facet normal 0.227101 0.973871 0
    outer loop
      vertex -0.931748 -40.4773 9
      vertex -0.702325 -40.5308 6.5
      vertex -0.931748 -40.4773 6.5
    endloop
  endfacet
  facet normal -0.471232 -0.88201 0
    outer loop
      vertex 1.59224 -33.7713 6.5
      vertex 1.8 -33.8823 9
      vertex 1.59224 -33.7713 9
    endloop
  endfacet
  facet normal -0.471232 -0.88201 -0
    outer loop
      vertex 1.8 -33.8823 9
      vertex 1.59224 -33.7713 6.5
      vertex 1.8 -33.8823 6.5
    endloop
  endfacet
  facet normal 0.634531 -0.772897 0
    outer loop
      vertex -2.37364 -34.2934 6.5
      vertex -2.19154 -34.1439 9
      vertex -2.37364 -34.2934 9
    endloop
  endfacet
  facet normal 0.634531 -0.772897 0
    outer loop
      vertex -2.19154 -34.1439 9
      vertex -2.37364 -34.2934 6.5
      vertex -2.19154 -34.1439 6.5
    endloop
  endfacet
  facet normal -0.729982 0.683467 0
    outer loop
      vertex 2.54558 -39.5456 6.5
      vertex 2.70662 -39.3736 9
      vertex 2.70662 -39.3736 6.5
    endloop
  endfacet
  facet normal -0.729982 0.683467 0
    outer loop
      vertex 2.70662 -39.3736 9
      vertex 2.54558 -39.5456 6.5
      vertex 2.54558 -39.5456 9
    endloop
  endfacet
  facet normal -0.773001 0.634404 0
    outer loop
      vertex 2.70662 -39.3736 6.5
      vertex 2.85607 -39.1915 9
      vertex 2.85607 -39.1915 6.5
    endloop
  endfacet
  facet normal -0.773001 0.634404 0
    outer loop
      vertex 2.85607 -39.1915 9
      vertex 2.70662 -39.3736 6.5
      vertex 2.70662 -39.3736 9
    endloop
  endfacet
  facet normal 0.881959 -0.471326 0
    outer loop
      vertex -3.22874 -35.4078 9
      vertex -3.11769 -35.2 6.5
      vertex -3.11769 -35.2 9
    endloop
  endfacet
  facet normal 0.881959 -0.471326 0
    outer loop
      vertex -3.11769 -35.2 6.5
      vertex -3.22874 -35.4078 9
      vertex -3.22874 -35.4078 6.5
    endloop
  endfacet
  facet normal 0.986643 -0.162898 0
    outer loop
      vertex -3.5692 -36.5301 9
      vertex -3.53083 -36.2977 6.5
      vertex -3.53083 -36.2977 9
    endloop
  endfacet
  facet normal 0.986643 -0.162898 0
    outer loop
      vertex -3.53083 -36.2977 6.5
      vertex -3.5692 -36.5301 9
      vertex -3.5692 -36.5301 6.5
    endloop
  endfacet
  facet normal -0.973866 -0.227122 0
    outer loop
      vertex 3.53083 -36.2977 6.5
      vertex 3.47733 -36.0683 9
      vertex 3.47733 -36.0683 6.5
    endloop
  endfacet
  facet normal -0.973866 -0.227122 0
    outer loop
      vertex 3.47733 -36.0683 9
      vertex 3.53083 -36.2977 6.5
      vertex 3.53083 -36.2977 9
    endloop
  endfacet
  facet normal -0.227101 0.973871 0
    outer loop
      vertex 0.931748 -40.4773 6.5
      vertex 0.702325 -40.5308 9
      vertex 0.931748 -40.4773 9
    endloop
  endfacet
  facet normal -0.227101 0.973871 0
    outer loop
      vertex 0.702325 -40.5308 9
      vertex 0.931748 -40.4773 6.5
      vertex 0.702325 -40.5308 6.5
    endloop
  endfacet
  facet normal -0.163 -0.986626 0
    outer loop
      vertex 0.469893 -33.4308 6.5
      vertex 0.702325 -33.4692 9
      vertex 0.469893 -33.4308 9
    endloop
  endfacet
  facet normal -0.163 -0.986626 -0
    outer loop
      vertex 0.702325 -33.4692 9
      vertex 0.469893 -33.4308 6.5
      vertex 0.702325 -33.4692 6.5
    endloop
  endfacet
  facet normal 0.471232 0.88201 -0
    outer loop
      vertex -1.59224 -40.2287 6.5
      vertex -1.8 -40.1177 9
      vertex -1.59224 -40.2287 9
    endloop
  endfacet
  facet normal 0.471232 0.88201 0
    outer loop
      vertex -1.8 -40.1177 9
      vertex -1.59224 -40.2287 6.5
      vertex -1.8 -40.1177 6.5
    endloop
  endfacet
  facet normal -0.84926 -0.527975 0
    outer loop
      vertex 3.11769 -35.2 6.5
      vertex 2.99329 -34.9999 9
      vertex 2.99329 -34.9999 6.5
    endloop
  endfacet
  facet normal -0.84926 -0.527975 0
    outer loop
      vertex 2.99329 -34.9999 9
      vertex 3.11769 -35.2 6.5
      vertex 3.11769 -35.2 9
    endloop
  endfacet
  facet normal -0.729982 -0.683467 0
    outer loop
      vertex 2.70662 -34.6264 6.5
      vertex 2.54558 -34.4544 9
      vertex 2.54558 -34.4544 6.5
    endloop
  endfacet
  facet normal -0.729982 -0.683467 0
    outer loop
      vertex 2.54558 -34.4544 9
      vertex 2.70662 -34.6264 6.5
      vertex 2.70662 -34.6264 9
    endloop
  endfacet
  facet normal 0.995183 0.0980323 0
    outer loop
      vertex -3.5692 -37.4699 9
      vertex -3.59229 -37.2355 6.5
      vertex -3.59229 -37.2355 9
    endloop
  endfacet
  facet normal 0.995183 0.0980323 0
    outer loop
      vertex -3.59229 -37.2355 6.5
      vertex -3.5692 -37.4699 9
      vertex -3.5692 -37.4699 6.5
    endloop
  endfacet
  facet normal -0.910798 0.412853 0
    outer loop
      vertex 3.22874 -38.5922 6.5
      vertex 3.32597 -38.3777 9
      vertex 3.32597 -38.3777 6.5
    endloop
  endfacet
  facet normal -0.910798 0.412853 0
    outer loop
      vertex 3.32597 -38.3777 9
      vertex 3.22874 -38.5922 6.5
      vertex 3.22874 -38.5922 9
    endloop
  endfacet
  facet normal -0.582422 0.812886 0
    outer loop
      vertex 2.19154 -39.8561 6.5
      vertex 2.00005 -39.9933 9
      vertex 2.19154 -39.8561 9
    endloop
  endfacet
  facet normal -0.582422 0.812886 0
    outer loop
      vertex 2.00005 -39.9933 9
      vertex 2.19154 -39.8561 6.5
      vertex 2.00005 -39.9933 6.5
    endloop
  endfacet
  facet normal -0.999465 0.0327213 0
    outer loop
      vertex 3.59229 -37.2355 6.5
      vertex 3.6 -37 9
      vertex 3.6 -37 6.5
    endloop
  endfacet
  facet normal -0.999465 0.0327213 0
    outer loop
      vertex 3.6 -37 9
      vertex 3.59229 -37.2355 6.5
      vertex 3.59229 -37.2355 9
    endloop
  endfacet
  facet normal -0.098057 -0.995181 0
    outer loop
      vertex 0.235451 -33.4077 6.5
      vertex 0.469893 -33.4308 9
      vertex 0.235451 -33.4077 9
    endloop
  endfacet
  facet normal -0.098057 -0.995181 -0
    outer loop
      vertex 0.469893 -33.4308 9
      vertex 0.235451 -33.4077 6.5
      vertex 0.469893 -33.4308 6.5
    endloop
  endfacet
  facet normal -0.986643 0.162898 0
    outer loop
      vertex 3.53083 -37.7023 6.5
      vertex 3.5692 -37.4699 9
      vertex 3.5692 -37.4699 6.5
    endloop
  endfacet
  facet normal -0.986643 0.162898 0
    outer loop
      vertex 3.5692 -37.4699 9
      vertex 3.53083 -37.7023 6.5
      vertex 3.53083 -37.7023 9
    endloop
  endfacet
  facet normal -0.227101 -0.973871 0
    outer loop
      vertex 0.702325 -33.4692 6.5
      vertex 0.931748 -33.5227 9
      vertex 0.702325 -33.4692 9
    endloop
  endfacet
  facet normal -0.227101 -0.973871 -0
    outer loop
      vertex 0.931748 -33.5227 9
      vertex 0.702325 -33.4692 6.5
      vertex 0.931748 -33.5227 6.5
    endloop
  endfacet
  facet normal 0.84926 -0.527975 0
    outer loop
      vertex -3.11769 -35.2 9
      vertex -2.99329 -34.9999 6.5
      vertex -2.99329 -34.9999 9
    endloop
  endfacet
  facet normal 0.84926 -0.527975 0
    outer loop
      vertex -2.99329 -34.9999 6.5
      vertex -3.11769 -35.2 9
      vertex -3.11769 -35.2 6.5
    endloop
  endfacet
  facet normal 0.956969 -0.290189 0
    outer loop
      vertex -3.47733 -36.0683 9
      vertex -3.40895 -35.8428 6.5
      vertex -3.40895 -35.8428 9
    endloop
  endfacet
  facet normal 0.956969 -0.290189 0
    outer loop
      vertex -3.40895 -35.8428 6.5
      vertex -3.47733 -36.0683 9
      vertex -3.47733 -36.0683 6.5
    endloop
  endfacet
  facet normal 0.227101 -0.973871 0
    outer loop
      vertex -0.931748 -33.5227 6.5
      vertex -0.702325 -33.4692 9
      vertex -0.931748 -33.5227 9
    endloop
  endfacet
  facet normal 0.227101 -0.973871 0
    outer loop
      vertex -0.702325 -33.4692 9
      vertex -0.931748 -33.5227 6.5
      vertex -0.702325 -33.4692 6.5
    endloop
  endfacet
  facet normal 0.973866 -0.227122 0
    outer loop
      vertex -3.53083 -36.2977 9
      vertex -3.47733 -36.0683 6.5
      vertex -3.47733 -36.0683 9
    endloop
  endfacet
  facet normal 0.973866 -0.227122 0
    outer loop
      vertex -3.47733 -36.0683 6.5
      vertex -3.53083 -36.2977 9
      vertex -3.53083 -36.2977 6.5
    endloop
  endfacet
  facet normal -0.812717 -0.582659 0
    outer loop
      vertex 2.99329 -34.9999 6.5
      vertex 2.85607 -34.8085 9
      vertex 2.85607 -34.8085 6.5
    endloop
  endfacet
  facet normal -0.812717 -0.582659 0
    outer loop
      vertex 2.85607 -34.8085 9
      vertex 2.99329 -34.9999 6.5
      vertex 2.99329 -34.9999 9
    endloop
  endfacet
  facet normal 0.289958 -0.957039 0
    outer loop
      vertex -1.15718 -33.591 6.5
      vertex -0.931748 -33.5227 9
      vertex -1.15718 -33.591 9
    endloop
  endfacet
  facet normal 0.289958 -0.957039 0
    outer loop
      vertex -0.931748 -33.5227 9
      vertex -1.15718 -33.591 6.5
      vertex -0.931748 -33.5227 6.5
    endloop
  endfacet
  facet normal -0.528071 0.8492 0
    outer loop
      vertex 2.00005 -39.9933 6.5
      vertex 1.8 -40.1177 9
      vertex 2.00005 -39.9933 9
    endloop
  endfacet
  facet normal -0.528071 0.8492 0
    outer loop
      vertex 1.8 -40.1177 9
      vertex 2.00005 -39.9933 6.5
      vertex 1.8 -40.1177 6.5
    endloop
  endfacet
  facet normal -0.910798 -0.412853 0
    outer loop
      vertex 3.32597 -35.6223 6.5
      vertex 3.22874 -35.4078 9
      vertex 3.22874 -35.4078 6.5
    endloop
  endfacet
  facet normal -0.910798 -0.412853 0
    outer loop
      vertex 3.22874 -35.4078 9
      vertex 3.32597 -35.6223 6.5
      vertex 3.32597 -35.6223 9
    endloop
  endfacet
  facet normal -0.290347 0.956922 0
    outer loop
      vertex 1.15718 -40.4089 6.5
      vertex 0.931748 -40.4773 9
      vertex 1.15718 -40.4089 9
    endloop
  endfacet
  facet normal -0.290347 0.956922 0
    outer loop
      vertex 0.931748 -40.4773 9
      vertex 1.15718 -40.4089 6.5
      vertex 0.931748 -40.4773 6.5
    endloop
  endfacet
  facet normal -0.528071 -0.8492 0
    outer loop
      vertex 1.8 -33.8823 6.5
      vertex 2.00005 -34.0067 9
      vertex 1.8 -33.8823 9
    endloop
  endfacet
  facet normal -0.528071 -0.8492 -0
    outer loop
      vertex 2.00005 -34.0067 9
      vertex 1.8 -33.8823 6.5
      vertex 2.00005 -34.0067 6.5
    endloop
  endfacet
  facet normal -0.956969 0.290189 0
    outer loop
      vertex 3.40895 -38.1572 6.5
      vertex 3.47733 -37.9317 9
      vertex 3.47733 -37.9317 6.5
    endloop
  endfacet
  facet normal -0.956969 0.290189 0
    outer loop
      vertex 3.47733 -37.9317 9
      vertex 3.40895 -38.1572 6.5
      vertex 3.40895 -38.1572 9
    endloop
  endfacet
  facet normal 0.634531 0.772897 -0
    outer loop
      vertex -2.19154 -39.8561 6.5
      vertex -2.37364 -39.7066 9
      vertex -2.19154 -39.8561 9
    endloop
  endfacet
  facet normal 0.634531 0.772897 0
    outer loop
      vertex -2.37364 -39.7066 9
      vertex -2.19154 -39.8561 6.5
      vertex -2.37364 -39.7066 6.5
    endloop
  endfacet
  facet normal 0.352314 -0.935882 0
    outer loop
      vertex -1.37766 -33.674 6.5
      vertex -1.15718 -33.591 9
      vertex -1.37766 -33.674 9
    endloop
  endfacet
  facet normal 0.352314 -0.935882 0
    outer loop
      vertex -1.15718 -33.591 9
      vertex -1.37766 -33.674 6.5
      vertex -1.15718 -33.591 6.5
    endloop
  endfacet
  facet normal -0.634531 -0.772897 0
    outer loop
      vertex 2.19154 -34.1439 6.5
      vertex 2.37364 -34.2934 9
      vertex 2.19154 -34.1439 9
    endloop
  endfacet
  facet normal -0.634531 -0.772897 -0
    outer loop
      vertex 2.37364 -34.2934 9
      vertex 2.19154 -34.1439 6.5
      vertex 2.37364 -34.2934 6.5
    endloop
  endfacet
  facet normal -0.412971 0.910744 0
    outer loop
      vertex 1.59224 -40.2287 6.5
      vertex 1.37766 -40.326 9
      vertex 1.59224 -40.2287 9
    endloop
  endfacet
  facet normal -0.412971 0.910744 0
    outer loop
      vertex 1.37766 -40.326 9
      vertex 1.59224 -40.2287 6.5
      vertex 1.37766 -40.326 6.5
    endloop
  endfacet
  facet normal -0.773001 -0.634404 0
    outer loop
      vertex 2.85607 -34.8085 6.5
      vertex 2.70662 -34.6264 9
      vertex 2.70662 -34.6264 6.5
    endloop
  endfacet
  facet normal -0.773001 -0.634404 0
    outer loop
      vertex 2.70662 -34.6264 9
      vertex 2.85607 -34.8085 6.5
      vertex 2.85607 -34.8085 9
    endloop
  endfacet
  facet normal -0.351942 0.936022 0
    outer loop
      vertex 1.37766 -40.326 6.5
      vertex 1.15718 -40.4089 9
      vertex 1.37766 -40.326 9
    endloop
  endfacet
  facet normal -0.351942 0.936022 0
    outer loop
      vertex 1.15718 -40.4089 9
      vertex 1.37766 -40.326 6.5
      vertex 1.15718 -40.4089 6.5
    endloop
  endfacet
  facet normal -0.098057 0.995181 0
    outer loop
      vertex 0.469893 -40.5692 6.5
      vertex 0.235451 -40.5923 9
      vertex 0.469893 -40.5692 9
    endloop
  endfacet
  facet normal -0.098057 0.995181 0
    outer loop
      vertex 0.235451 -40.5923 9
      vertex 0.469893 -40.5692 6.5
      vertex 0.235451 -40.5923 6.5
    endloop
  endfacet
  facet normal 0.999465 0.0327213 0
    outer loop
      vertex -3.59229 -37.2355 9
      vertex -3.6 -37 6.5
      vertex -3.6 -37 9
    endloop
  endfacet
  facet normal 0.999465 0.0327213 0
    outer loop
      vertex -3.6 -37 6.5
      vertex -3.59229 -37.2355 9
      vertex -3.59229 -37.2355 6.5
    endloop
  endfacet
  facet normal -0.881959 0.471326 0
    outer loop
      vertex 3.11769 -38.8 6.5
      vertex 3.22874 -38.5922 9
      vertex 3.22874 -38.5922 6.5
    endloop
  endfacet
  facet normal -0.881959 0.471326 0
    outer loop
      vertex 3.22874 -38.5922 9
      vertex 3.11769 -38.8 6.5
      vertex 3.11769 -38.8 9
    endloop
  endfacet
  facet normal -0.956969 -0.290189 0
    outer loop
      vertex 3.47733 -36.0683 6.5
      vertex 3.40895 -35.8428 9
      vertex 3.40895 -35.8428 6.5
    endloop
  endfacet
  facet normal -0.956969 -0.290189 0
    outer loop
      vertex 3.40895 -35.8428 9
      vertex 3.47733 -36.0683 6.5
      vertex 3.47733 -36.0683 9
    endloop
  endfacet
  facet normal -0.84926 0.527975 0
    outer loop
      vertex 2.99329 -39.0001 6.5
      vertex 3.11769 -38.8 9
      vertex 3.11769 -38.8 6.5
    endloop
  endfacet
  facet normal -0.84926 0.527975 0
    outer loop
      vertex 3.11769 -38.8 9
      vertex 2.99329 -39.0001 6.5
      vertex 2.99329 -39.0001 9
    endloop
  endfacet
  facet normal 0.582422 -0.812886 0
    outer loop
      vertex -2.19154 -34.1439 6.5
      vertex -2.00005 -34.0067 9
      vertex -2.19154 -34.1439 9
    endloop
  endfacet
  facet normal 0.582422 -0.812886 0
    outer loop
      vertex -2.00005 -34.0067 9
      vertex -2.19154 -34.1439 6.5
      vertex -2.00005 -34.0067 6.5
    endloop
  endfacet
  facet normal 0.683503 -0.729947 0
    outer loop
      vertex -2.54558 -34.4544 6.5
      vertex -2.37364 -34.2934 9
      vertex -2.54558 -34.4544 9
    endloop
  endfacet
  facet normal 0.683503 -0.729947 0
    outer loop
      vertex -2.37364 -34.2934 9
      vertex -2.54558 -34.4544 6.5
      vertex -2.37364 -34.2934 6.5
    endloop
  endfacet
  facet normal 0.812717 0.582659 0
    outer loop
      vertex -2.85607 -39.1915 9
      vertex -2.99329 -39.0001 6.5
      vertex -2.99329 -39.0001 9
    endloop
  endfacet
  facet normal 0.812717 0.582659 0
    outer loop
      vertex -2.99329 -39.0001 6.5
      vertex -2.85607 -39.1915 9
      vertex -2.85607 -39.1915 6.5
    endloop
  endfacet
  facet normal 0.729982 -0.683467 0
    outer loop
      vertex -2.70662 -34.6264 9
      vertex -2.54558 -34.4544 6.5
      vertex -2.54558 -34.4544 9
    endloop
  endfacet
  facet normal 0.729982 -0.683467 0
    outer loop
      vertex -2.54558 -34.4544 6.5
      vertex -2.70662 -34.6264 9
      vertex -2.70662 -34.6264 6.5
    endloop
  endfacet
  facet normal 0.098057 -0.995181 0
    outer loop
      vertex -0.469893 -33.4308 6.5
      vertex -0.235451 -33.4077 9
      vertex -0.469893 -33.4308 9
    endloop
  endfacet
  facet normal 0.098057 -0.995181 0
    outer loop
      vertex -0.235451 -33.4077 9
      vertex -0.469893 -33.4308 6.5
      vertex -0.235451 -33.4077 6.5
    endloop
  endfacet
  facet normal -0.471232 0.88201 0
    outer loop
      vertex 1.8 -40.1177 6.5
      vertex 1.59224 -40.2287 9
      vertex 1.8 -40.1177 9
    endloop
  endfacet
  facet normal -0.471232 0.88201 0
    outer loop
      vertex 1.59224 -40.2287 9
      vertex 1.8 -40.1177 6.5
      vertex 1.59224 -40.2287 6.5
    endloop
  endfacet
  facet normal -0.93592 -0.352212 0
    outer loop
      vertex 3.40895 -35.8428 6.5
      vertex 3.32597 -35.6223 9
      vertex 3.32597 -35.6223 6.5
    endloop
  endfacet
  facet normal -0.93592 -0.352212 0
    outer loop
      vertex 3.32597 -35.6223 9
      vertex 3.40895 -35.8428 6.5
      vertex 3.40895 -35.8428 9
    endloop
  endfacet
  facet normal -0.881959 -0.471326 0
    outer loop
      vertex 3.22874 -35.4078 6.5
      vertex 3.11769 -35.2 9
      vertex 3.11769 -35.2 6.5
    endloop
  endfacet
  facet normal -0.881959 -0.471326 0
    outer loop
      vertex 3.11769 -35.2 9
      vertex 3.22874 -35.4078 6.5
      vertex 3.22874 -35.4078 9
    endloop
  endfacet
  facet normal -0.995183 0.0980323 0
    outer loop
      vertex 3.5692 -37.4699 6.5
      vertex 3.59229 -37.2355 9
      vertex 3.59229 -37.2355 6.5
    endloop
  endfacet
  facet normal -0.995183 0.0980323 0
    outer loop
      vertex 3.59229 -37.2355 9
      vertex 3.5692 -37.4699 6.5
      vertex 3.5692 -37.4699 9
    endloop
  endfacet
  facet normal -0.683503 -0.729947 0
    outer loop
      vertex 2.37364 -34.2934 6.5
      vertex 2.54558 -34.4544 9
      vertex 2.37364 -34.2934 9
    endloop
  endfacet
  facet normal -0.683503 -0.729947 -0
    outer loop
      vertex 2.54558 -34.4544 9
      vertex 2.37364 -34.2934 6.5
      vertex 2.54558 -34.4544 6.5
    endloop
  endfacet
  facet normal -0.634531 0.772897 0
    outer loop
      vertex 2.37364 -39.7066 6.5
      vertex 2.19154 -39.8561 9
      vertex 2.37364 -39.7066 9
    endloop
  endfacet
  facet normal -0.634531 0.772897 0
    outer loop
      vertex 2.19154 -39.8561 9
      vertex 2.37364 -39.7066 6.5
      vertex 2.19154 -39.8561 6.5
    endloop
  endfacet
  facet normal -0.0326857 -0.999466 0
    outer loop
      vertex 0 -33.4 6.5
      vertex 0.235451 -33.4077 9
      vertex 0 -33.4 9
    endloop
  endfacet
  facet normal -0.0326857 -0.999466 -0
    outer loop
      vertex 0.235451 -33.4077 9
      vertex 0 -33.4 6.5
      vertex 0.235451 -33.4077 6.5
    endloop
  endfacet
  facet normal -0.412971 -0.910744 0
    outer loop
      vertex 1.37766 -33.674 6.5
      vertex 1.59224 -33.7713 9
      vertex 1.37766 -33.674 9
    endloop
  endfacet
  facet normal -0.412971 -0.910744 -0
    outer loop
      vertex 1.59224 -33.7713 9
      vertex 1.37766 -33.674 6.5
      vertex 1.59224 -33.7713 6.5
    endloop
  endfacet
  facet normal 0.098057 0.995181 -0
    outer loop
      vertex -0.235451 -40.5923 6.5
      vertex -0.469893 -40.5692 9
      vertex -0.235451 -40.5923 9
    endloop
  endfacet
  facet normal 0.098057 0.995181 0
    outer loop
      vertex -0.469893 -40.5692 9
      vertex -0.235451 -40.5923 6.5
      vertex -0.469893 -40.5692 6.5
    endloop
  endfacet
  facet normal 0.412971 0.910744 -0
    outer loop
      vertex -1.37766 -40.326 6.5
      vertex -1.59224 -40.2287 9
      vertex -1.37766 -40.326 9
    endloop
  endfacet
  facet normal 0.412971 0.910744 0
    outer loop
      vertex -1.59224 -40.2287 9
      vertex -1.37766 -40.326 6.5
      vertex -1.59224 -40.2287 6.5
    endloop
  endfacet
  facet normal -0.163 0.986626 0
    outer loop
      vertex 0.702325 -40.5308 6.5
      vertex 0.469893 -40.5692 9
      vertex 0.702325 -40.5308 9
    endloop
  endfacet
  facet normal -0.163 0.986626 0
    outer loop
      vertex 0.469893 -40.5692 9
      vertex 0.702325 -40.5308 6.5
      vertex 0.469893 -40.5692 6.5
    endloop
  endfacet
  facet normal -0.93592 0.352212 0
    outer loop
      vertex 3.32597 -38.3777 6.5
      vertex 3.40895 -38.1572 9
      vertex 3.40895 -38.1572 6.5
    endloop
  endfacet
  facet normal -0.93592 0.352212 0
    outer loop
      vertex 3.40895 -38.1572 9
      vertex 3.32597 -38.3777 6.5
      vertex 3.32597 -38.3777 9
    endloop
  endfacet
  facet normal 0.773001 0.634404 0
    outer loop
      vertex -2.70662 -39.3736 9
      vertex -2.85607 -39.1915 6.5
      vertex -2.85607 -39.1915 9
    endloop
  endfacet
  facet normal 0.773001 0.634404 0
    outer loop
      vertex -2.85607 -39.1915 6.5
      vertex -2.70662 -39.3736 9
      vertex -2.70662 -39.3736 6.5
    endloop
  endfacet
  facet normal 0.683503 0.729947 -0
    outer loop
      vertex -2.37364 -39.7066 6.5
      vertex -2.54558 -39.5456 9
      vertex -2.37364 -39.7066 9
    endloop
  endfacet
  facet normal 0.683503 0.729947 0
    outer loop
      vertex -2.54558 -39.5456 9
      vertex -2.37364 -39.7066 6.5
      vertex -2.54558 -39.5456 6.5
    endloop
  endfacet
  facet normal -0.582422 -0.812886 0
    outer loop
      vertex 2.00005 -34.0067 6.5
      vertex 2.19154 -34.1439 9
      vertex 2.00005 -34.0067 9
    endloop
  endfacet
  facet normal -0.582422 -0.812886 -0
    outer loop
      vertex 2.19154 -34.1439 9
      vertex 2.00005 -34.0067 6.5
      vertex 2.19154 -34.1439 6.5
    endloop
  endfacet
  facet normal 0.986643 0.162898 0
    outer loop
      vertex -3.53083 -37.7023 9
      vertex -3.5692 -37.4699 6.5
      vertex -3.5692 -37.4699 9
    endloop
  endfacet
  facet normal 0.986643 0.162898 0
    outer loop
      vertex -3.5692 -37.4699 6.5
      vertex -3.53083 -37.7023 9
      vertex -3.53083 -37.7023 6.5
    endloop
  endfacet
  facet normal -0.352314 -0.935882 0
    outer loop
      vertex 1.15718 -33.591 6.5
      vertex 1.37766 -33.674 9
      vertex 1.15718 -33.591 9
    endloop
  endfacet
  facet normal -0.352314 -0.935882 -0
    outer loop
      vertex 1.37766 -33.674 9
      vertex 1.15718 -33.591 6.5
      vertex 1.37766 -33.674 6.5
    endloop
  endfacet
  facet normal 0.0326857 0.999466 -0
    outer loop
      vertex 0 -40.6 6.5
      vertex -0.235451 -40.5923 9
      vertex 0 -40.6 9
    endloop
  endfacet
  facet normal 0.0326857 0.999466 0
    outer loop
      vertex -0.235451 -40.5923 9
      vertex 0 -40.6 6.5
      vertex -0.235451 -40.5923 6.5
    endloop
  endfacet
  facet normal 0.163 0.986626 -0
    outer loop
      vertex -0.469893 -40.5692 6.5
      vertex -0.702325 -40.5308 9
      vertex -0.469893 -40.5692 9
    endloop
  endfacet
  facet normal 0.163 0.986626 0
    outer loop
      vertex -0.702325 -40.5308 9
      vertex -0.469893 -40.5692 6.5
      vertex -0.702325 -40.5308 6.5
    endloop
  endfacet
  facet normal 0.290347 0.956922 -0
    outer loop
      vertex -0.931748 -40.4773 6.5
      vertex -1.15718 -40.4089 9
      vertex -0.931748 -40.4773 9
    endloop
  endfacet
  facet normal 0.290347 0.956922 0
    outer loop
      vertex -1.15718 -40.4089 9
      vertex -0.931748 -40.4773 6.5
      vertex -1.15718 -40.4089 6.5
    endloop
  endfacet
  facet normal 0.163 -0.986626 0
    outer loop
      vertex -0.702325 -33.4692 6.5
      vertex -0.469893 -33.4308 9
      vertex -0.702325 -33.4692 9
    endloop
  endfacet
  facet normal 0.163 -0.986626 0
    outer loop
      vertex -0.469893 -33.4308 9
      vertex -0.702325 -33.4692 6.5
      vertex -0.469893 -33.4308 6.5
    endloop
  endfacet
  facet normal -0.986643 -0.162898 0
    outer loop
      vertex 3.5692 -36.5301 6.5
      vertex 3.53083 -36.2977 9
      vertex 3.53083 -36.2977 6.5
    endloop
  endfacet
  facet normal -0.986643 -0.162898 0
    outer loop
      vertex 3.53083 -36.2977 9
      vertex 3.5692 -36.5301 6.5
      vertex 3.5692 -36.5301 9
    endloop
  endfacet
  facet normal 0.729982 0.683467 0
    outer loop
      vertex -2.54558 -39.5456 9
      vertex -2.70662 -39.3736 6.5
      vertex -2.70662 -39.3736 9
    endloop
  endfacet
  facet normal 0.729982 0.683467 0
    outer loop
      vertex -2.70662 -39.3736 6.5
      vertex -2.54558 -39.5456 9
      vertex -2.54558 -39.5456 6.5
    endloop
  endfacet
  facet normal 0.812717 -0.582659 0
    outer loop
      vertex -2.99329 -34.9999 9
      vertex -2.85607 -34.8085 6.5
      vertex -2.85607 -34.8085 9
    endloop
  endfacet
  facet normal 0.812717 -0.582659 0
    outer loop
      vertex -2.85607 -34.8085 6.5
      vertex -2.99329 -34.9999 9
      vertex -2.99329 -34.9999 6.5
    endloop
  endfacet
  facet normal 0.351942 0.936022 -0
    outer loop
      vertex -1.15718 -40.4089 6.5
      vertex -1.37766 -40.326 9
      vertex -1.15718 -40.4089 9
    endloop
  endfacet
  facet normal 0.351942 0.936022 0
    outer loop
      vertex -1.37766 -40.326 9
      vertex -1.15718 -40.4089 6.5
      vertex -1.37766 -40.326 6.5
    endloop
  endfacet
  facet normal 0.412971 -0.910744 0
    outer loop
      vertex -1.59224 -33.7713 6.5
      vertex -1.37766 -33.674 9
      vertex -1.59224 -33.7713 9
    endloop
  endfacet
  facet normal 0.412971 -0.910744 0
    outer loop
      vertex -1.37766 -33.674 9
      vertex -1.59224 -33.7713 6.5
      vertex -1.37766 -33.674 6.5
    endloop
  endfacet
  facet normal 0.999465 -0.0327213 0
    outer loop
      vertex -3.6 -37 9
      vertex -3.59229 -36.7645 6.5
      vertex -3.59229 -36.7645 9
    endloop
  endfacet
  facet normal 0.999465 -0.0327213 0
    outer loop
      vertex -3.59229 -36.7645 6.5
      vertex -3.6 -37 9
      vertex -3.6 -37 6.5
    endloop
  endfacet
  facet normal 0.93592 0.352212 0
    outer loop
      vertex -3.32597 -38.3777 9
      vertex -3.40895 -38.1572 6.5
      vertex -3.40895 -38.1572 9
    endloop
  endfacet
  facet normal 0.93592 0.352212 0
    outer loop
      vertex -3.40895 -38.1572 6.5
      vertex -3.32597 -38.3777 9
      vertex -3.32597 -38.3777 6.5
    endloop
  endfacet
  facet normal -0.0326857 0.999466 0
    outer loop
      vertex 0.235451 -40.5923 6.5
      vertex 0 -40.6 9
      vertex 0.235451 -40.5923 9
    endloop
  endfacet
  facet normal -0.0326857 0.999466 0
    outer loop
      vertex 0 -40.6 9
      vertex 0.235451 -40.5923 6.5
      vertex 0 -40.6 6.5
    endloop
  endfacet
  facet normal 0.910798 -0.412853 0
    outer loop
      vertex -3.32597 -35.6223 9
      vertex -3.22874 -35.4078 6.5
      vertex -3.22874 -35.4078 9
    endloop
  endfacet
  facet normal 0.910798 -0.412853 0
    outer loop
      vertex -3.22874 -35.4078 6.5
      vertex -3.32597 -35.6223 9
      vertex -3.32597 -35.6223 6.5
    endloop
  endfacet
  facet normal -0.289958 -0.957039 0
    outer loop
      vertex 0.931748 -33.5227 6.5
      vertex 1.15718 -33.591 9
      vertex 0.931748 -33.5227 9
    endloop
  endfacet
  facet normal -0.289958 -0.957039 -0
    outer loop
      vertex 1.15718 -33.591 9
      vertex 0.931748 -33.5227 6.5
      vertex 1.15718 -33.591 6.5
    endloop
  endfacet
  facet normal 0.910798 0.412853 0
    outer loop
      vertex -3.22874 -38.5922 9
      vertex -3.32597 -38.3777 6.5
      vertex -3.32597 -38.3777 9
    endloop
  endfacet
  facet normal 0.910798 0.412853 0
    outer loop
      vertex -3.32597 -38.3777 6.5
      vertex -3.22874 -38.5922 9
      vertex -3.22874 -38.5922 6.5
    endloop
  endfacet
  facet normal 0.0326857 -0.999466 0
    outer loop
      vertex -0.235451 -33.4077 6.5
      vertex 0 -33.4 9
      vertex -0.235451 -33.4077 9
    endloop
  endfacet
  facet normal 0.0326857 -0.999466 0
    outer loop
      vertex 0 -33.4 9
      vertex -0.235451 -33.4077 6.5
      vertex 0 -33.4 6.5
    endloop
  endfacet
  facet normal 0.528071 0.8492 -0
    outer loop
      vertex -1.8 -40.1177 6.5
      vertex -2.00005 -39.9933 9
      vertex -1.8 -40.1177 9
    endloop
  endfacet
  facet normal 0.528071 0.8492 0
    outer loop
      vertex -2.00005 -39.9933 9
      vertex -1.8 -40.1177 6.5
      vertex -2.00005 -39.9933 6.5
    endloop
  endfacet
  facet normal 0.93592 -0.352212 0
    outer loop
      vertex -3.40895 -35.8428 9
      vertex -3.32597 -35.6223 6.5
      vertex -3.32597 -35.6223 9
    endloop
  endfacet
  facet normal 0.93592 -0.352212 0
    outer loop
      vertex -3.32597 -35.6223 6.5
      vertex -3.40895 -35.8428 9
      vertex -3.40895 -35.8428 6.5
    endloop
  endfacet
  facet normal 0.973866 0.227122 0
    outer loop
      vertex -3.47733 -37.9317 9
      vertex -3.53083 -37.7023 6.5
      vertex -3.53083 -37.7023 9
    endloop
  endfacet
  facet normal 0.973866 0.227122 0
    outer loop
      vertex -3.53083 -37.7023 6.5
      vertex -3.47733 -37.9317 9
      vertex -3.47733 -37.9317 6.5
    endloop
  endfacet
  facet normal 0.956969 0.290189 0
    outer loop
      vertex -3.40895 -38.1572 9
      vertex -3.47733 -37.9317 6.5
      vertex -3.47733 -37.9317 9
    endloop
  endfacet
  facet normal 0.956969 0.290189 0
    outer loop
      vertex -3.47733 -37.9317 6.5
      vertex -3.40895 -38.1572 9
      vertex -3.40895 -38.1572 6.5
    endloop
  endfacet
  facet normal -0.812717 0.582659 0
    outer loop
      vertex 2.85607 -39.1915 6.5
      vertex 2.99329 -39.0001 9
      vertex 2.99329 -39.0001 6.5
    endloop
  endfacet
  facet normal -0.812717 0.582659 0
    outer loop
      vertex 2.99329 -39.0001 9
      vertex 2.85607 -39.1915 6.5
      vertex 2.85607 -39.1915 9
    endloop
  endfacet
  facet normal 0.84926 0.527975 0
    outer loop
      vertex -2.99329 -39.0001 9
      vertex -3.11769 -38.8 6.5
      vertex -3.11769 -38.8 9
    endloop
  endfacet
  facet normal 0.84926 0.527975 0
    outer loop
      vertex -3.11769 -38.8 6.5
      vertex -2.99329 -39.0001 9
      vertex -2.99329 -39.0001 6.5
    endloop
  endfacet
  facet normal 0.528071 -0.8492 0
    outer loop
      vertex -2.00005 -34.0067 6.5
      vertex -1.8 -33.8823 9
      vertex -2.00005 -34.0067 9
    endloop
  endfacet
  facet normal 0.528071 -0.8492 0
    outer loop
      vertex -1.8 -33.8823 9
      vertex -2.00005 -34.0067 6.5
      vertex -1.8 -33.8823 6.5
    endloop
  endfacet
  facet normal 0.881959 0.471326 0
    outer loop
      vertex -3.11769 -38.8 9
      vertex -3.22874 -38.5922 6.5
      vertex -3.22874 -38.5922 9
    endloop
  endfacet
  facet normal 0.881959 0.471326 0
    outer loop
      vertex -3.22874 -38.5922 6.5
      vertex -3.11769 -38.8 9
      vertex -3.11769 -38.8 6.5
    endloop
  endfacet
  facet normal 0.582422 0.812886 -0
    outer loop
      vertex -2.00005 -39.9933 6.5
      vertex -2.19154 -39.8561 9
      vertex -2.00005 -39.9933 9
    endloop
  endfacet
  facet normal 0.582422 0.812886 0
    outer loop
      vertex -2.19154 -39.8561 9
      vertex -2.00005 -39.9933 6.5
      vertex -2.19154 -39.8561 6.5
    endloop
  endfacet
endsolid OpenSCAD_Model
