solid OpenSCAD_Model
  facet normal 0.995184 0.0980204 0
    outer loop
      vertex 34.9251 2.28911 2.5
      vertex 34.7006 4.56842 0
      vertex 34.7006 4.56842 2.5
    endloop
  endfacet
  facet normal 0.995184 0.0980204 0
    outer loop
      vertex 34.7006 4.56842 0
      vertex 34.9251 2.28911 2.5
      vertex 34.9251 2.28911 0
    endloop
  endfacet
  facet normal 0.999465 0.0327026 0
    outer loop
      vertex 35 0 2.5
      vertex 34.9251 2.28911 0
      vertex 34.9251 2.28911 2.5
    endloop
  endfacet
  facet normal 0.999465 0.0327026 0
    outer loop
      vertex 34.9251 2.28911 0
      vertex 35 0 2.5
      vertex 35 0 0
    endloop
  endfacet
  facet normal 0.910855 0.412727 0
    outer loop
      vertex 32.3358 13.3939 2.5
      vertex 31.3905 15.4801 0
      vertex 31.3905 15.4801 2.5
    endloop
  endfacet
  facet normal 0.910855 0.412727 0
    outer loop
      vertex 31.3905 15.4801 0
      vertex 32.3358 13.3939 2.5
      vertex 32.3358 13.3939 0
    endloop
  endfacet
  facet normal -0.471377 -0.881932 0
    outer loop
      vertex -17.5 -30.3109 0
      vertex -15.4801 -31.3905 2.5
      vertex -17.5 -30.3109 2.5
    endloop
  endfacet
  facet normal -0.471377 -0.881932 -0
    outer loop
      vertex -15.4801 -31.3905 2.5
      vertex -17.5 -30.3109 0
      vertex -15.4801 -31.3905 0
    endloop
  endfacet
  facet normal -0.352267 0.9359 0
    outer loop
      vertex -11.2504 33.1426 0
      vertex -13.3939 32.3358 2.5
      vertex -11.2504 33.1426 2.5
    endloop
  endfacet
  facet normal -0.352267 0.9359 0
    outer loop
      vertex -13.3939 32.3358 2.5
      vertex -11.2504 33.1426 0
      vertex -13.3939 32.3358 0
    endloop
  endfacet
  facet normal 0.999465 -0.0327026 0
    outer loop
      vertex 34.9251 -2.28911 2.5
      vertex 35 0 0
      vertex 35 0 2.5
    endloop
  endfacet
  facet normal 0.999465 -0.0327026 0
    outer loop
      vertex 35 0 0
      vertex 34.9251 -2.28911 2.5
      vertex 34.9251 -2.28911 0
    endloop
  endfacet
  facet normal 0.528075 -0.849198 0
    outer loop
      vertex 17.5 -30.3109 0
      vertex 19.445 -29.1014 2.5
      vertex 17.5 -30.3109 2.5
    endloop
  endfacet
  facet normal 0.528075 -0.849198 0
    outer loop
      vertex 19.445 -29.1014 2.5
      vertex 17.5 -30.3109 0
      vertex 19.445 -29.1014 0
    endloop
  endfacet
  facet normal 0.412717 -0.910859 0
    outer loop
      vertex 13.3939 -32.3358 0
      vertex 14.7971 -31.7 2.5
      vertex 13.3939 -32.3358 2.5
    endloop
  endfacet
  facet normal 0.412727 -0.910855 -6.81111e-06
    outer loop
      vertex 15.4801 -31.3905 0
      vertex 14.7971 -31.7 2.5
      vertex 13.3939 -32.3358 0
    endloop
  endfacet
  facet normal 0.412585 -0.910919 -5.36046e-05
    outer loop
      vertex 14.7971 -31.7 2.5
      vertex 15.4801 -31.3905 0
      vertex 15 -31.6081 2.5
    endloop
  endfacet
  facet normal 0.412816 -0.910814 0
    outer loop
      vertex 15 -31.6081 2.5
      vertex 15.4801 -31.3905 0
      vertex 15.4801 -31.3905 2.5
    endloop
  endfacet
  facet normal 0.162902 0.986642 -0
    outer loop
      vertex 6.82816 34.3275 0
      vertex 4.56842 34.7006 2.5
      vertex 6.82816 34.3275 2.5
    endloop
  endfacet
  facet normal 0.162902 0.986642 0
    outer loop
      vertex 4.56842 34.7006 2.5
      vertex 6.82816 34.3275 0
      vertex 4.56842 34.7006 0
    endloop
  endfacet
  facet normal 0 0 1
    outer loop
      vertex -7 -31.7 2.5
      vertex -9.05867 -33.8074 2.5
      vertex -7 -34.2874 2.5
    endloop
  endfacet
  facet normal 0 0 1
    outer loop
      vertex -7 -31.7 2.5
      vertex -11.2504 -33.1426 2.5
      vertex -9.05867 -33.8074 2.5
    endloop
  endfacet
  facet normal -0 0 1
    outer loop
      vertex -13.2 -31.7 2.5
      vertex -11.2504 -33.1426 2.5
      vertex -7 -31.7 2.5
    endloop
  endfacet
  facet normal 0 0 1
    outer loop
      vertex -13.2 -31.7 2.5
      vertex -13.3939 -32.3358 2.5
      vertex -11.2504 -33.1426 2.5
    endloop
  endfacet
  facet normal 0 -0 1
    outer loop
      vertex -13.3939 -32.3358 2.5
      vertex -13.2 -31.7 2.5
      vertex -14.7971 -31.7 2.5
    endloop
  endfacet
  facet normal 0 0 -1
    outer loop
      vertex -15 -31.6081 2.5
      vertex -14.7971 -31.7 2.5
      vertex -15 -31.7 2.5
    endloop
  endfacet
  facet normal 0 0 -1
    outer loop
      vertex -15 31.7 2.5
      vertex -14.7971 31.7 2.5
      vertex -15 31.6081 2.5
    endloop
  endfacet
  facet normal -0 -0 -1
    outer loop
      vertex 15 31.7 2.5
      vertex 15 31.6081 2.5
      vertex 14.7971 31.7 2.5
    endloop
  endfacet
  facet normal 0 -0 -1
    outer loop
      vertex 15 -31.6081 2.5
      vertex 15 -31.7 2.5
      vertex 14.7971 -31.7 2.5
    endloop
  endfacet
  facet normal -0 0 1
    outer loop
      vertex 13.2 -31.7 2.5
      vertex 13.3939 -32.3358 2.5
      vertex 14.7971 -31.7 2.5
    endloop
  endfacet
  facet normal 0 0 1
    outer loop
      vertex 13.2 -31.7 2.5
      vertex 11.2504 -33.1426 2.5
      vertex 13.3939 -32.3358 2.5
    endloop
  endfacet
  facet normal -0 0 1
    outer loop
      vertex 7 -31.7 2.5
      vertex 11.2504 -33.1426 2.5
      vertex 13.2 -31.7 2.5
    endloop
  endfacet
  facet normal 0 0 1
    outer loop
      vertex 11.2504 -33.1426 2.5
      vertex 7 -31.7 2.5
      vertex 9.05867 -33.8074 2.5
    endloop
  endfacet
  facet normal 0 0 1
    outer loop
      vertex 9.05867 -33.8074 2.5
      vertex 7 -31.7 2.5
      vertex 7 -34.2874 2.5
    endloop
  endfacet
  facet normal 0 0 1
    outer loop
      vertex 22.6118 -3.94889 2.5
      vertex 15.9968 -9.40189 2.5
      vertex 16 -9.5 2.5
    endloop
  endfacet
  facet normal 0 0 1
    outer loop
      vertex 16.0489 9.11177 2.5
      vertex 15.9872 -9.30421 2.5
      vertex 15.9968 -9.40189 2.5
    endloop
  endfacet
  facet normal 0 0 1
    outer loop
      vertex 15.9204 -9.01784 2.5
      vertex 16.0204 9.01784 2.5
      vertex 15.9858 8.92597 2.5
    endloop
  endfacet
  facet normal 0 0 1
    outer loop
      vertex 16.0489 9.11177 2.5
      vertex 15.9712 -9.20736 2.5
      vertex 15.9872 -9.30421 2.5
    endloop
  endfacet
  facet normal 0 0 1
    outer loop
      vertex 16.0489 9.11177 2.5
      vertex 15.9489 -9.11177 2.5
      vertex 15.9712 -9.20736 2.5
    endloop
  endfacet
  facet normal 0 0 1
    outer loop
      vertex 15.8858 -8.92597 2.5
      vertex 15.9858 8.92597 2.5
      vertex 15.9453 8.83657 2.5
    endloop
  endfacet
  facet normal 0 0 1
    outer loop
      vertex 16.0204 9.01784 2.5
      vertex 15.9204 -9.01784 2.5
      vertex 15.9489 -9.11177 2.5
    endloop
  endfacet
  facet normal 0 0 1
    outer loop
      vertex 15.8453 -8.83657 2.5
      vertex 15.9453 8.83657 2.5
      vertex 15.899 8.75 2.5
    endloop
  endfacet
  facet normal 0 0 1
    outer loop
      vertex 15.9858 8.92597 2.5
      vertex 15.8858 -8.92597 2.5
      vertex 15.9204 -9.01784 2.5
    endloop
  endfacet
  facet normal 0 0 1
    outer loop
      vertex 15.799 -8.75 2.5
      vertex 15.899 8.75 2.5
      vertex 15.8472 8.66664 2.5
    endloop
  endfacet
  facet normal 0 0 1
    outer loop
      vertex 15.9453 8.83657 2.5
      vertex 15.8453 -8.83657 2.5
      vertex 15.8858 -8.92597 2.5
    endloop
  endfacet
  facet normal 0 0 1
    outer loop
      vertex 15.899 8.75 2.5
      vertex 15.799 -8.75 2.5
      vertex 15.8453 -8.83657 2.5
    endloop
  endfacet
  facet normal 0 0 1
    outer loop
      vertex 15.7472 -8.66664 2.5
      vertex 15.8472 8.66664 2.5
      vertex 15.79 8.58686 2.5
    endloop
  endfacet
  facet normal 0 0 1
    outer loop
      vertex 15.8472 8.66664 2.5
      vertex 15.7472 -8.66664 2.5
      vertex 15.799 -8.75 2.5
    endloop
  endfacet
  facet normal 0 0 1
    outer loop
      vertex 15.69 -8.58686 2.5
      vertex 15.79 8.58686 2.5
      vertex 15.7278 8.51098 2.5
    endloop
  endfacet
  facet normal 0 0 1
    outer loop
      vertex 15.79 8.58686 2.5
      vertex 15.69 -8.58686 2.5
      vertex 15.7472 -8.66664 2.5
    endloop
  endfacet
  facet normal 0 0 1
    outer loop
      vertex 15.6278 -8.51098 2.5
      vertex 15.7278 8.51098 2.5
      vertex 15.6607 8.43934 2.5
    endloop
  endfacet
  facet normal 0 0 1
    outer loop
      vertex 15.7278 8.51098 2.5
      vertex 15.6278 -8.51098 2.5
      vertex 15.69 -8.58686 2.5
    endloop
  endfacet
  facet normal 0 0 1
    outer loop
      vertex 15.5607 -8.43934 2.5
      vertex 15.6607 8.43934 2.5
      vertex 15.589 8.37224 2.5
    endloop
  endfacet
  facet normal 0 0 1
    outer loop
      vertex 15.6607 8.43934 2.5
      vertex 15.5607 -8.43934 2.5
      vertex 15.6278 -8.51098 2.5
    endloop
  endfacet
  facet normal 0 0 1
    outer loop
      vertex 15.489 -8.37224 2.5
      vertex 15.589 8.37224 2.5
      vertex 15.5131 8.30997 2.5
    endloop
  endfacet
  facet normal 0 0 1
    outer loop
      vertex 15.589 8.37224 2.5
      vertex 15.489 -8.37224 2.5
      vertex 15.5607 -8.43934 2.5
    endloop
  endfacet
  facet normal 0 0 1
    outer loop
      vertex 15.4131 -8.30997 2.5
      vertex 15.5131 8.30997 2.5
      vertex 15.4334 8.2528 2.5
    endloop
  endfacet
  facet normal 0 0 1
    outer loop
      vertex 15.5131 8.30997 2.5
      vertex 15.4131 -8.30997 2.5
      vertex 15.489 -8.37224 2.5
    endloop
  endfacet
  facet normal 0 0 1
    outer loop
      vertex 15.3334 -8.2528 2.5
      vertex 15.4334 8.2528 2.5
      vertex 15.35 8.20096 2.5
    endloop
  endfacet
  facet normal 0 0 1
    outer loop
      vertex 15.4334 8.2528 2.5
      vertex 15.3334 -8.2528 2.5
      vertex 15.4131 -8.30997 2.5
    endloop
  endfacet
  facet normal 0 0 1
    outer loop
      vertex 15.25 -8.20096 2.5
      vertex 15.35 8.20096 2.5
      vertex 15.2634 8.15469 2.5
    endloop
  endfacet
  facet normal 0 0 1
    outer loop
      vertex 15.35 8.20096 2.5
      vertex 15.25 -8.20096 2.5
      vertex 15.3334 -8.2528 2.5
    endloop
  endfacet
  facet normal 0 0 1
    outer loop
      vertex 15.1634 -8.15469 2.5
      vertex 15.2634 8.15469 2.5
      vertex 15.174 8.11418 2.5
    endloop
  endfacet
  facet normal 0 0 1
    outer loop
      vertex 15.2634 8.15469 2.5
      vertex 15.1634 -8.15469 2.5
      vertex 15.25 -8.20096 2.5
    endloop
  endfacet
  facet normal 0 0 1
    outer loop
      vertex 15.074 -8.11418 2.5
      vertex 15.174 8.11418 2.5
      vertex 15.0822 8.0796 2.5
    endloop
  endfacet
  facet normal 0 0 1
    outer loop
      vertex 15.174 8.11418 2.5
      vertex 15.074 -8.11418 2.5
      vertex 15.1634 -8.15469 2.5
    endloop
  endfacet
  facet normal 0 0 1
    outer loop
      vertex 15 -8.08632 2.5
      vertex 15.0822 8.0796 2.5
      vertex 15 8.05468 2.5
    endloop
  endfacet
  facet normal 0 0 1
    outer loop
      vertex 15.0822 8.0796 2.5
      vertex 15 -8.08632 2.5
      vertex 15.074 -8.11418 2.5
    endloop
  endfacet
  facet normal -0 0 1
    outer loop
      vertex 15.7472 -15.3334 2.5
      vertex 20.5382 -20.0441 2.5
      vertex 15.799 -15.25 2.5
    endloop
  endfacet
  facet normal 0 0 1
    outer loop
      vertex 20.5382 -20.0441 2.5
      vertex 15.7472 -15.3334 2.5
      vertex 20.4632 -20.0907 2.5
    endloop
  endfacet
  facet normal 0 0 1
    outer loop
      vertex 20.4632 -20.0907 2.5
      vertex 15.7472 -15.3334 2.5
      vertex 20.3914 -20.1422 2.5
    endloop
  endfacet
  facet normal -0 0 1
    outer loop
      vertex 15.69 -15.4131 2.5
      vertex 20.3914 -20.1422 2.5
      vertex 15.7472 -15.3334 2.5
    endloop
  endfacet
  facet normal 0 0 1
    outer loop
      vertex 15.9968 -9.40189 2.5
      vertex 16.0712 9.20736 2.5
      vertex 16.0489 9.11177 2.5
    endloop
  endfacet
  facet normal 0 0 1
    outer loop
      vertex 15.9489 -9.11177 2.5
      vertex 16.0489 9.11177 2.5
      vertex 16.0204 9.01784 2.5
    endloop
  endfacet
  facet normal 0 0 1
    outer loop
      vertex 20.3914 -20.1422 2.5
      vertex 15.69 -15.4131 2.5
      vertex 20.3231 -20.1982 2.5
    endloop
  endfacet
  facet normal -0 0 1
    outer loop
      vertex 15.6278 -15.489 2.5
      vertex 20.3231 -20.1982 2.5
      vertex 15.69 -15.4131 2.5
    endloop
  endfacet
  facet normal 0 0 1
    outer loop
      vertex 20.3231 -20.1982 2.5
      vertex 15.6278 -15.489 2.5
      vertex 20.2586 -20.2586 2.5
    endloop
  endfacet
  facet normal -0 0 1
    outer loop
      vertex 15.5607 -15.5607 2.5
      vertex 20.2586 -20.2586 2.5
      vertex 15.6278 -15.489 2.5
    endloop
  endfacet
  facet normal 0 0 1
    outer loop
      vertex 20.2586 -20.2586 2.5
      vertex 15.5607 -15.5607 2.5
      vertex 20.1982 -20.3231 2.5
    endloop
  endfacet
  facet normal -0 0 1
    outer loop
      vertex 15.489 -15.6278 2.5
      vertex 20.1982 -20.3231 2.5
      vertex 15.5607 -15.5607 2.5
    endloop
  endfacet
  facet normal 0 0 1
    outer loop
      vertex 20.1982 -20.3231 2.5
      vertex 15.489 -15.6278 2.5
      vertex 20.1422 -20.3914 2.5
    endloop
  endfacet
  facet normal -0 0 1
    outer loop
      vertex 15.4131 -15.69 2.5
      vertex 20.1422 -20.3914 2.5
      vertex 15.489 -15.6278 2.5
    endloop
  endfacet
  facet normal 0 0 1
    outer loop
      vertex 20.1422 -20.3914 2.5
      vertex 15.4131 -15.69 2.5
      vertex 20.0907 -20.4632 2.5
    endloop
  endfacet
  facet normal -0 0 1
    outer loop
      vertex 15.3334 -15.7472 2.5
      vertex 20.0907 -20.4632 2.5
      vertex 15.4131 -15.69 2.5
    endloop
  endfacet
  facet normal 0 0 1
    outer loop
      vertex 20.0907 -20.4632 2.5
      vertex 15.3334 -15.7472 2.5
      vertex 20.0441 -20.5382 2.5
    endloop
  endfacet
  facet normal -0 0 1
    outer loop
      vertex 15.25 -15.799 2.5
      vertex 20.0441 -20.5382 2.5
      vertex 15.3334 -15.7472 2.5
    endloop
  endfacet
  facet normal 0 0 1
    outer loop
      vertex 20.0441 -20.5382 2.5
      vertex 15.25 -15.799 2.5
      vertex 20.0024 -20.6161 2.5
    endloop
  endfacet
  facet normal -0 0 1
    outer loop
      vertex 15.1634 -15.8453 2.5
      vertex 20.0024 -20.6161 2.5
      vertex 15.25 -15.799 2.5
    endloop
  endfacet
  facet normal 0 0 1
    outer loop
      vertex 20.0024 -20.6161 2.5
      vertex 15.1634 -15.8453 2.5
      vertex 19.966 -20.6966 2.5
    endloop
  endfacet
  facet normal -0 0 1
    outer loop
      vertex 15.074 -15.8858 2.5
      vertex 19.966 -20.6966 2.5
      vertex 15.1634 -15.8453 2.5
    endloop
  endfacet
  facet normal 0 0 1
    outer loop
      vertex 19.966 -20.6966 2.5
      vertex 15.074 -15.8858 2.5
      vertex 19.9348 -20.7793 2.5
    endloop
  endfacet
  facet normal -0 0 1
    outer loop
      vertex 15 -15.9137 2.5
      vertex 19.9348 -20.7793 2.5
      vertex 15.074 -15.8858 2.5
    endloop
  endfacet
  facet normal 0 0 1
    outer loop
      vertex 19.9348 -20.7793 2.5
      vertex 15 -15.9137 2.5
      vertex 19.9092 -20.8638 2.5
    endloop
  endfacet
  facet normal 0 0 1
    outer loop
      vertex 19.9092 -20.8638 2.5
      vertex 15 -15.9137 2.5
      vertex 19.8891 -20.9498 2.5
    endloop
  endfacet
  facet normal 0 -0 1
    outer loop
      vertex 15.4801 -31.3905 2.5
      vertex 19.8891 -20.9498 2.5
      vertex 15 -15.9137 2.5
    endloop
  endfacet
  facet normal 0 0 1
    outer loop
      vertex 19.8891 -20.9498 2.5
      vertex 15.4801 -31.3905 2.5
      vertex 17.5 -30.3109 2.5
    endloop
  endfacet
  facet normal 0 0 1
    outer loop
      vertex 15.4801 -31.3905 2.5
      vertex 15 -15.9137 2.5
      vertex 15 -31.6081 2.5
    endloop
  endfacet
  facet normal 0 0 1
    outer loop
      vertex 26.3144 -23.0771 2.5
      vertex 22.5603 -21.1249 2.5
      vertex 22.5632 -21.2132 2.5
    endloop
  endfacet
  facet normal 0 0 1
    outer loop
      vertex 22.7074 -3.97118 2.5
      vertex 22.5517 -21.037 2.5
      vertex 22.5603 -21.1249 2.5
    endloop
  endfacet
  facet normal 0 0 1
    outer loop
      vertex 22.7074 -3.97118 2.5
      vertex 22.5373 -20.9498 2.5
      vertex 22.5517 -21.037 2.5
    endloop
  endfacet
  facet normal 0 0 1
    outer loop
      vertex 15.9968 -9.40189 2.5
      vertex 22.6118 -3.94889 2.5
      vertex 22.5178 -3.92039 2.5
    endloop
  endfacet
  facet normal 0 0 1
    outer loop
      vertex 22.7074 -3.97118 2.5
      vertex 22.5172 -20.8638 2.5
      vertex 22.5373 -20.9498 2.5
    endloop
  endfacet
  facet normal 0 0 1
    outer loop
      vertex 22.7074 -3.97118 2.5
      vertex 22.4916 -20.7793 2.5
      vertex 22.5172 -20.8638 2.5
    endloop
  endfacet
  facet normal 0 0 1
    outer loop
      vertex 22.7074 -3.97118 2.5
      vertex 22.4604 -20.6966 2.5
      vertex 22.4916 -20.7793 2.5
    endloop
  endfacet
  facet normal 0 0 1
    outer loop
      vertex 15.9968 -9.40189 2.5
      vertex 22.5178 -3.92039 2.5
      vertex 22.426 -3.88582 2.5
    endloop
  endfacet
  facet normal 0 0 1
    outer loop
      vertex 22.7074 -3.97118 2.5
      vertex 22.424 -20.6161 2.5
      vertex 22.4604 -20.6966 2.5
    endloop
  endfacet
  facet normal 0 0 1
    outer loop
      vertex 22.7074 -3.97118 2.5
      vertex 22.3823 -20.5382 2.5
      vertex 22.424 -20.6161 2.5
    endloop
  endfacet
  facet normal 0 0 1
    outer loop
      vertex 15.9968 -9.40189 2.5
      vertex 22.426 -3.88582 2.5
      vertex 22.3366 -3.84531 2.5
    endloop
  endfacet
  facet normal 0 0 1
    outer loop
      vertex 22.7074 -3.97118 2.5
      vertex 22.3357 -20.4632 2.5
      vertex 22.3823 -20.5382 2.5
    endloop
  endfacet
  facet normal 0 0 1
    outer loop
      vertex 22.7074 -3.97118 2.5
      vertex 22.2842 -20.3914 2.5
      vertex 22.3357 -20.4632 2.5
    endloop
  endfacet
  facet normal 0 0 1
    outer loop
      vertex 15.9968 -9.40189 2.5
      vertex 22.3366 -3.84531 2.5
      vertex 22.25 -3.79904 2.5
    endloop
  endfacet
  facet normal 0 0 1
    outer loop
      vertex 22.7074 -3.97118 2.5
      vertex 22.2282 -20.3231 2.5
      vertex 22.2842 -20.3914 2.5
    endloop
  endfacet
  facet normal 0 0 1
    outer loop
      vertex 22.7074 -3.97118 2.5
      vertex 22.1678 -20.2586 2.5
      vertex 22.2282 -20.3231 2.5
    endloop
  endfacet
  facet normal 0 0 1
    outer loop
      vertex 15.9968 -9.40189 2.5
      vertex 22.25 -3.79904 2.5
      vertex 22.1666 -3.7472 2.5
    endloop
  endfacet
  facet normal 0 0 1
    outer loop
      vertex 22.7074 -3.97118 2.5
      vertex 22.1033 -20.1982 2.5
      vertex 22.1678 -20.2586 2.5
    endloop
  endfacet
  facet normal 0 0 1
    outer loop
      vertex 15.9968 -9.40189 2.5
      vertex 22.1666 -3.7472 2.5
      vertex 22.0869 -3.69003 2.5
    endloop
  endfacet
  facet normal 0 0 1
    outer loop
      vertex 22.7074 -3.97118 2.5
      vertex 22.035 -20.1422 2.5
      vertex 22.1033 -20.1982 2.5
    endloop
  endfacet
  facet normal 0 0 1
    outer loop
      vertex 15.9968 -9.40189 2.5
      vertex 22.0869 -3.69003 2.5
      vertex 22.011 -3.62776 2.5
    endloop
  endfacet
  facet normal 0 0 1
    outer loop
      vertex 22.7074 -3.97118 2.5
      vertex 21.9632 -20.0907 2.5
      vertex 22.035 -20.1422 2.5
    endloop
  endfacet
  facet normal 0 0 1
    outer loop
      vertex 15.9968 -9.40189 2.5
      vertex 22.011 -3.62776 2.5
      vertex 21.9393 -3.56066 2.5
    endloop
  endfacet
  facet normal 0 0 1
    outer loop
      vertex 22.7074 -3.97118 2.5
      vertex 21.8882 -20.0441 2.5
      vertex 21.9632 -20.0907 2.5
    endloop
  endfacet
  facet normal 0 0 1
    outer loop
      vertex 15.9968 -9.40189 2.5
      vertex 21.9393 -3.56066 2.5
      vertex 21.8722 -3.48902 2.5
    endloop
  endfacet
  facet normal 0 0 1
    outer loop
      vertex 22.7074 -3.97118 2.5
      vertex 21.8103 -20.0024 2.5
      vertex 21.8882 -20.0441 2.5
    endloop
  endfacet
  facet normal 0 0 1
    outer loop
      vertex 15.9968 -9.40189 2.5
      vertex 21.8722 -3.48902 2.5
      vertex 21.81 -3.41314 2.5
    endloop
  endfacet
  facet normal 0 0 1
    outer loop
      vertex 15.9968 -9.40189 2.5
      vertex 21.81 -3.41314 2.5
      vertex 21.7528 -3.33335 2.5
    endloop
  endfacet
  facet normal 0 0 1
    outer loop
      vertex 22.7074 -3.97118 2.5
      vertex 21.7298 -19.966 2.5
      vertex 21.8103 -20.0024 2.5
    endloop
  endfacet
  facet normal 0 0 1
    outer loop
      vertex 15.9968 -9.40189 2.5
      vertex 21.7528 -3.33335 2.5
      vertex 21.701 -3.25 2.5
    endloop
  endfacet
  facet normal 0 0 1
    outer loop
      vertex 15.9968 -9.40189 2.5
      vertex 21.701 -3.25 2.5
      vertex 21.6547 -3.16343 2.5
    endloop
  endfacet
  facet normal 0 0 1
    outer loop
      vertex 22.7074 -3.97118 2.5
      vertex 21.6471 -19.9348 2.5
      vertex 21.7298 -19.966 2.5
    endloop
  endfacet
  facet normal 0 0 1
    outer loop
      vertex 15.9968 -9.40189 2.5
      vertex 21.6547 -3.16343 2.5
      vertex 21.6142 -3.07402 2.5
    endloop
  endfacet
  facet normal 0 0 1
    outer loop
      vertex 15.9968 -9.40189 2.5
      vertex 21.6142 -3.07402 2.5
      vertex 21.5796 -2.98216 2.5
    endloop
  endfacet
  facet normal 0 0 1
    outer loop
      vertex 22.7074 -3.97118 2.5
      vertex 21.5626 -19.9092 2.5
      vertex 21.6471 -19.9348 2.5
    endloop
  endfacet
  facet normal 0 0 1
    outer loop
      vertex 15.9968 -9.40189 2.5
      vertex 21.5796 -2.98216 2.5
      vertex 21.5511 -2.88823 2.5
    endloop
  endfacet
  facet normal 0 0 1
    outer loop
      vertex 15.9968 -9.40189 2.5
      vertex 21.5511 -2.88823 2.5
      vertex 21.5288 -2.79263 2.5
    endloop
  endfacet
  facet normal 0 0 1
    outer loop
      vertex 21.5 2.5 2.5
      vertex 16.0712 9.20736 2.5
      vertex 21.5 -2.5 2.5
    endloop
  endfacet
  facet normal 0 0 1
    outer loop
      vertex 21.5128 2.69579 2.5
      vertex 16.0712 9.20736 2.5
      vertex 21.5032 2.5981 2.5
    endloop
  endfacet
  facet normal 0 0 1
    outer loop
      vertex 21.5288 2.79263 2.5
      vertex 16.0712 9.20736 2.5
      vertex 21.5128 2.69579 2.5
    endloop
  endfacet
  facet normal 0 0 1
    outer loop
      vertex 16 -14.5 2.5
      vertex 22.7074 -3.97118 2.5
      vertex 16 -9.5 2.5
    endloop
  endfacet
  facet normal 0 0 1
    outer loop
      vertex 21.5511 2.88823 2.5
      vertex 16.0712 9.20736 2.5
      vertex 21.5288 2.79263 2.5
    endloop
  endfacet
  facet normal 0 0 1
    outer loop
      vertex 16.1 14.5 2.5
      vertex 21.4766 19.8891 2.5
      vertex 21.3894 19.8748 2.5
    endloop
  endfacet
  facet normal 0 0 1
    outer loop
      vertex 21.5032 2.5981 2.5
      vertex 16.0712 9.20736 2.5
      vertex 21.5 2.5 2.5
    endloop
  endfacet
  facet normal 0 0 1
    outer loop
      vertex 16.1 14.5 2.5
      vertex 21.3894 19.8748 2.5
      vertex 21.3015 19.8661 2.5
    endloop
  endfacet
  facet normal 0 0 1
    outer loop
      vertex 22.7074 -3.97118 2.5
      vertex 16 -14.5 2.5
      vertex 21.5626 -19.9092 2.5
    endloop
  endfacet
  facet normal 0 0 1
    outer loop
      vertex 16.1 14.5 2.5
      vertex 21.3015 19.8661 2.5
      vertex 21.2132 19.8632 2.5
    endloop
  endfacet
  facet normal 0 0 1
    outer loop
      vertex 21.5626 -19.9092 2.5
      vertex 16 -14.5 2.5
      vertex 21.4766 -19.8891 2.5
    endloop
  endfacet
  facet normal 0 0 1
    outer loop
      vertex 16.0968 14.5981 2.5
      vertex 21.2132 19.8632 2.5
      vertex 21.1249 19.8661 2.5
    endloop
  endfacet
  facet normal 0 0 1
    outer loop
      vertex 21.4766 -19.8891 2.5
      vertex 16 -14.5 2.5
      vertex 21.3894 -19.8748 2.5
    endloop
  endfacet
  facet normal 0 0 1
    outer loop
      vertex 16.0872 14.6958 2.5
      vertex 21.1249 19.8661 2.5
      vertex 21.037 19.8748 2.5
    endloop
  endfacet
  facet normal 0 0 1
    outer loop
      vertex 21.3894 -19.8748 2.5
      vertex 16 -14.5 2.5
      vertex 21.3015 -19.8661 2.5
    endloop
  endfacet
  facet normal 0 0 1
    outer loop
      vertex 16.0712 14.7926 2.5
      vertex 21.037 19.8748 2.5
      vertex 20.9498 19.8891 2.5
    endloop
  endfacet
  facet normal 0 0 1
    outer loop
      vertex 21.3015 -19.8661 2.5
      vertex 16 -14.5 2.5
      vertex 21.2132 -19.8632 2.5
    endloop
  endfacet
  facet normal 0 0 1
    outer loop
      vertex 16.0489 14.8882 2.5
      vertex 20.9498 19.8891 2.5
      vertex 20.8638 19.9092 2.5
    endloop
  endfacet
  facet normal -0 0 1
    outer loop
      vertex 15.9968 -14.5981 2.5
      vertex 21.2132 -19.8632 2.5
      vertex 16 -14.5 2.5
    endloop
  endfacet
  facet normal 0 0 1
    outer loop
      vertex 16.0204 14.9822 2.5
      vertex 20.8638 19.9092 2.5
      vertex 20.7793 19.9348 2.5
    endloop
  endfacet
  facet normal 0 0 1
    outer loop
      vertex 21.2132 -19.8632 2.5
      vertex 15.9968 -14.5981 2.5
      vertex 21.1249 -19.8661 2.5
    endloop
  endfacet
  facet normal 0 0 1
    outer loop
      vertex 15.9858 15.074 2.5
      vertex 20.7793 19.9348 2.5
      vertex 20.6966 19.966 2.5
    endloop
  endfacet
  facet normal -0 0 1
    outer loop
      vertex 15.9872 -14.6958 2.5
      vertex 21.1249 -19.8661 2.5
      vertex 15.9968 -14.5981 2.5
    endloop
  endfacet
  facet normal 0 0 1
    outer loop
      vertex 15.9453 15.1634 2.5
      vertex 20.6966 19.966 2.5
      vertex 20.6161 20.0024 2.5
    endloop
  endfacet
  facet normal 0 0 1
    outer loop
      vertex 21.1249 -19.8661 2.5
      vertex 15.9872 -14.6958 2.5
      vertex 21.037 -19.8748 2.5
    endloop
  endfacet
  facet normal 0 0 1
    outer loop
      vertex 15.899 15.25 2.5
      vertex 20.6161 20.0024 2.5
      vertex 20.5382 20.0441 2.5
    endloop
  endfacet
  facet normal -0 0 1
    outer loop
      vertex 15.9712 -14.7926 2.5
      vertex 21.037 -19.8748 2.5
      vertex 15.9872 -14.6958 2.5
    endloop
  endfacet
  facet normal 0 0 1
    outer loop
      vertex 15.8472 15.3334 2.5
      vertex 20.5382 20.0441 2.5
      vertex 20.4632 20.0907 2.5
    endloop
  endfacet
  facet normal 0 0 1
    outer loop
      vertex 21.037 -19.8748 2.5
      vertex 15.9712 -14.7926 2.5
      vertex 20.9498 -19.8891 2.5
    endloop
  endfacet
  facet normal 0 0 1
    outer loop
      vertex 15.79 15.4131 2.5
      vertex 20.4632 20.0907 2.5
      vertex 20.3914 20.1422 2.5
    endloop
  endfacet
  facet normal -0 0 1
    outer loop
      vertex 15.9489 -14.8882 2.5
      vertex 20.9498 -19.8891 2.5
      vertex 15.9712 -14.7926 2.5
    endloop
  endfacet
  facet normal 0 0 1
    outer loop
      vertex 15.7278 15.489 2.5
      vertex 20.3914 20.1422 2.5
      vertex 20.3231 20.1982 2.5
    endloop
  endfacet
  facet normal 0 0 1
    outer loop
      vertex 20.9498 -19.8891 2.5
      vertex 15.9489 -14.8882 2.5
      vertex 20.8638 -19.9092 2.5
    endloop
  endfacet
  facet normal 0 0 1
    outer loop
      vertex 15.6607 15.5607 2.5
      vertex 20.3231 20.1982 2.5
      vertex 20.2586 20.2586 2.5
    endloop
  endfacet
  facet normal -0 0 1
    outer loop
      vertex 15.9204 -14.9822 2.5
      vertex 20.8638 -19.9092 2.5
      vertex 15.9489 -14.8882 2.5
    endloop
  endfacet
  facet normal 0 0 1
    outer loop
      vertex 15.589 15.6278 2.5
      vertex 20.2586 20.2586 2.5
      vertex 20.1982 20.3231 2.5
    endloop
  endfacet
  facet normal 0 0 1
    outer loop
      vertex 20.8638 -19.9092 2.5
      vertex 15.9204 -14.9822 2.5
      vertex 20.7793 -19.9348 2.5
    endloop
  endfacet
  facet normal 0 0 1
    outer loop
      vertex 15.5131 15.69 2.5
      vertex 20.1982 20.3231 2.5
      vertex 20.1422 20.3914 2.5
    endloop
  endfacet
  facet normal -0 0 1
    outer loop
      vertex 15.8858 -15.074 2.5
      vertex 20.7793 -19.9348 2.5
      vertex 15.9204 -14.9822 2.5
    endloop
  endfacet
  facet normal 0 0 1
    outer loop
      vertex 15.4334 15.7472 2.5
      vertex 20.1422 20.3914 2.5
      vertex 20.0907 20.4632 2.5
    endloop
  endfacet
  facet normal 0 0 1
    outer loop
      vertex 20.7793 -19.9348 2.5
      vertex 15.8858 -15.074 2.5
      vertex 20.6966 -19.966 2.5
    endloop
  endfacet
  facet normal 0 0 1
    outer loop
      vertex 15.35 15.799 2.5
      vertex 20.0907 20.4632 2.5
      vertex 20.0441 20.5382 2.5
    endloop
  endfacet
  facet normal -0 0 1
    outer loop
      vertex 15.8453 -15.1634 2.5
      vertex 20.6966 -19.966 2.5
      vertex 15.8858 -15.074 2.5
    endloop
  endfacet
  facet normal 0 0 1
    outer loop
      vertex 15.35 15.799 2.5
      vertex 20.0441 20.5382 2.5
      vertex 20.0024 20.6161 2.5
    endloop
  endfacet
  facet normal 0 0 1
    outer loop
      vertex 20.6966 -19.966 2.5
      vertex 15.8453 -15.1634 2.5
      vertex 20.6161 -20.0024 2.5
    endloop
  endfacet
  facet normal 0 0 1
    outer loop
      vertex 15.2634 15.8453 2.5
      vertex 20.0024 20.6161 2.5
      vertex 19.966 20.6966 2.5
    endloop
  endfacet
  facet normal -0 0 1
    outer loop
      vertex 15.799 -15.25 2.5
      vertex 20.6161 -20.0024 2.5
      vertex 15.8453 -15.1634 2.5
    endloop
  endfacet
  facet normal 0 0 1
    outer loop
      vertex 15.174 15.8858 2.5
      vertex 19.966 20.6966 2.5
      vertex 19.9348 20.7793 2.5
    endloop
  endfacet
  facet normal 0 0 1
    outer loop
      vertex 20.6161 -20.0024 2.5
      vertex 15.799 -15.25 2.5
      vertex 20.5382 -20.0441 2.5
    endloop
  endfacet
  facet normal 0 0 1
    outer loop
      vertex 15.0822 15.9204 2.5
      vertex 19.9348 20.7793 2.5
      vertex 19.9092 20.8638 2.5
    endloop
  endfacet
  facet normal 0 0 1
    outer loop
      vertex 15.9968 -9.40189 2.5
      vertex 21.5 -2.5 2.5
      vertex 16.0712 9.20736 2.5
    endloop
  endfacet
  facet normal 0 0 1
    outer loop
      vertex 15 15.9453 2.5
      vertex 19.9092 20.8638 2.5
      vertex 19.8891 20.9498 2.5
    endloop
  endfacet
  facet normal 0 0 1
    outer loop
      vertex 15.9968 -9.40189 2.5
      vertex 21.5032 -2.5981 2.5
      vertex 21.5 -2.5 2.5
    endloop
  endfacet
  facet normal 0 0 1
    outer loop
      vertex 15 15.9453 2.5
      vertex 19.8891 20.9498 2.5
      vertex 19.8748 21.037 2.5
    endloop
  endfacet
  facet normal 0 0 1
    outer loop
      vertex 15.9968 -9.40189 2.5
      vertex 21.5128 -2.69579 2.5
      vertex 21.5032 -2.5981 2.5
    endloop
  endfacet
  facet normal 0 0 1
    outer loop
      vertex 15 15.9453 2.5
      vertex 19.8748 21.037 2.5
      vertex 19.8661 21.1249 2.5
    endloop
  endfacet
  facet normal 0 0 1
    outer loop
      vertex 15.9968 -9.40189 2.5
      vertex 21.5288 -2.79263 2.5
      vertex 21.5128 -2.69579 2.5
    endloop
  endfacet
  facet normal 0 0 1
    outer loop
      vertex 15 15.9453 2.5
      vertex 19.8661 21.1249 2.5
      vertex 19.8632 21.2132 2.5
    endloop
  endfacet
  facet normal 0 0 1
    outer loop
      vertex 19.8891 -20.9498 2.5
      vertex 17.5 -30.3109 2.5
      vertex 19.8748 -21.037 2.5
    endloop
  endfacet
  facet normal 0 0 1
    outer loop
      vertex 24.5 2.5 2.5
      vertex 35 0 2.5
      vertex 34.9251 2.28911 2.5
    endloop
  endfacet
  facet normal -0 0 1
    outer loop
      vertex 24.4968 2.5981 2.5
      vertex 34.9251 2.28911 2.5
      vertex 34.7006 4.56842 2.5
    endloop
  endfacet
  facet normal 0 0 1
    outer loop
      vertex 24.5 -2.5 2.5
      vertex 35 0 2.5
      vertex 24.5 2.5 2.5
    endloop
  endfacet
  facet normal 0 0 1
    outer loop
      vertex 24.4204 2.98216 2.5
      vertex 34.7006 4.56842 2.5
      vertex 34.3275 6.82816 2.5
    endloop
  endfacet
  facet normal 0 0 1
    outer loop
      vertex 35 0 2.5
      vertex 24.5 -2.5 2.5
      vertex 34.9251 -2.28911 2.5
    endloop
  endfacet
  facet normal 0 0 1
    outer loop
      vertex 24.19 3.41314 2.5
      vertex 34.3275 6.82816 2.5
      vertex 33.8074 9.05867 2.5
    endloop
  endfacet
  facet normal 0 0 1
    outer loop
      vertex 24.4968 -2.5981 2.5
      vertex 34.9251 -2.28911 2.5
      vertex 24.5 -2.5 2.5
    endloop
  endfacet
  facet normal 0 0 1
    outer loop
      vertex 23.9131 3.69003 2.5
      vertex 33.8074 9.05867 2.5
      vertex 33.1426 11.2504 2.5
    endloop
  endfacet
  facet normal 0 0 1
    outer loop
      vertex 34.9251 -2.28911 2.5
      vertex 24.4968 -2.5981 2.5
      vertex 34.7006 -4.56842 2.5
    endloop
  endfacet
  facet normal 0 0 1
    outer loop
      vertex 23.6634 3.84531 2.5
      vertex 33.1426 11.2504 2.5
      vertex 32.3358 13.3939 2.5
    endloop
  endfacet
  facet normal -0 0 1
    outer loop
      vertex 24.4872 -2.69579 2.5
      vertex 34.7006 -4.56842 2.5
      vertex 24.4968 -2.5981 2.5
    endloop
  endfacet
  facet normal 0 0 1
    outer loop
      vertex 23.3882 3.94889 2.5
      vertex 32.3358 13.3939 2.5
      vertex 31.3905 15.4801 2.5
    endloop
  endfacet
  facet normal -0 0 1
    outer loop
      vertex 24.4712 -2.79263 2.5
      vertex 34.7006 -4.56842 2.5
      vertex 24.4872 -2.69579 2.5
    endloop
  endfacet
  facet normal 0 0 1
    outer loop
      vertex 21.7298 19.966 2.5
      vertex 31.3905 15.4801 2.5
      vertex 30.3109 17.5 2.5
    endloop
  endfacet
  facet normal -0 0 1
    outer loop
      vertex 24.4489 -2.88823 2.5
      vertex 34.7006 -4.56842 2.5
      vertex 24.4712 -2.79263 2.5
    endloop
  endfacet
  facet normal 0 0 1
    outer loop
      vertex 21.9632 20.0907 2.5
      vertex 30.3109 17.5 2.5
      vertex 29.1014 19.445 2.5
    endloop
  endfacet
  facet normal -0 0 1
    outer loop
      vertex 24.4204 -2.98216 2.5
      vertex 34.7006 -4.56842 2.5
      vertex 24.4489 -2.88823 2.5
    endloop
  endfacet
  facet normal -0 0 1
    outer loop
      vertex 22.3357 20.4632 2.5
      vertex 29.1014 19.445 2.5
      vertex 27.7674 21.3066 2.5
    endloop
  endfacet
  facet normal 0 0 1
    outer loop
      vertex 34.7006 -4.56842 2.5
      vertex 24.4204 -2.98216 2.5
      vertex 34.3275 -6.82816 2.5
    endloop
  endfacet
  facet normal 0 0 1
    outer loop
      vertex 22.5517 21.037 2.5
      vertex 27.7674 21.3066 2.5
      vertex 26.3144 23.0771 2.5
    endloop
  endfacet
  facet normal -0 0 1
    outer loop
      vertex 24.3858 -3.07402 2.5
      vertex 34.3275 -6.82816 2.5
      vertex 24.4204 -2.98216 2.5
    endloop
  endfacet
  facet normal 0 0 1
    outer loop
      vertex 22.424 21.8103 2.5
      vertex 26.3144 23.0771 2.5
      vertex 24.7487 24.7487 2.5
    endloop
  endfacet
  facet normal -0 0 1
    outer loop
      vertex 24.3453 -3.16343 2.5
      vertex 34.3275 -6.82816 2.5
      vertex 24.3858 -3.07402 2.5
    endloop
  endfacet
  facet normal -0 0 1
    outer loop
      vertex 24.299 -3.25 2.5
      vertex 34.3275 -6.82816 2.5
      vertex 24.3453 -3.16343 2.5
    endloop
  endfacet
  facet normal 0 0 1
    outer loop
      vertex 34.9251 2.28911 2.5
      vertex 24.4968 2.5981 2.5
      vertex 24.5 2.5 2.5
    endloop
  endfacet
  facet normal 0 0 1
    outer loop
      vertex 34.7006 4.56842 2.5
      vertex 24.4872 2.69579 2.5
      vertex 24.4968 2.5981 2.5
    endloop
  endfacet
  facet normal 0 0 1
    outer loop
      vertex 34.7006 4.56842 2.5
      vertex 24.4712 2.79263 2.5
      vertex 24.4872 2.69579 2.5
    endloop
  endfacet
  facet normal 0 0 1
    outer loop
      vertex 34.7006 4.56842 2.5
      vertex 24.4489 2.88823 2.5
      vertex 24.4712 2.79263 2.5
    endloop
  endfacet
  facet normal 0 0 1
    outer loop
      vertex 34.7006 4.56842 2.5
      vertex 24.4204 2.98216 2.5
      vertex 24.4489 2.88823 2.5
    endloop
  endfacet
  facet normal 0 0 1
    outer loop
      vertex 34.3275 6.82816 2.5
      vertex 24.3858 3.07402 2.5
      vertex 24.4204 2.98216 2.5
    endloop
  endfacet
  facet normal 0 0 1
    outer loop
      vertex 34.3275 6.82816 2.5
      vertex 24.3453 3.16343 2.5
      vertex 24.3858 3.07402 2.5
    endloop
  endfacet
  facet normal 0 0 1
    outer loop
      vertex 34.3275 6.82816 2.5
      vertex 24.299 3.25 2.5
      vertex 24.3453 3.16343 2.5
    endloop
  endfacet
  facet normal 0 0 1
    outer loop
      vertex 34.3275 6.82816 2.5
      vertex 24.2472 3.33335 2.5
      vertex 24.299 3.25 2.5
    endloop
  endfacet
  facet normal 0 0 1
    outer loop
      vertex 27.7674 21.3066 2.5
      vertex 22.4604 20.6966 2.5
      vertex 22.424 20.6161 2.5
    endloop
  endfacet
  facet normal 0 0 1
    outer loop
      vertex 34.3275 6.82816 2.5
      vertex 24.19 3.41314 2.5
      vertex 24.2472 3.33335 2.5
    endloop
  endfacet
  facet normal 0 0 1
    outer loop
      vertex 27.7674 21.3066 2.5
      vertex 22.424 20.6161 2.5
      vertex 22.3823 20.5382 2.5
    endloop
  endfacet
  facet normal 0 0 1
    outer loop
      vertex 33.8074 9.05867 2.5
      vertex 24.1278 3.48902 2.5
      vertex 24.19 3.41314 2.5
    endloop
  endfacet
  facet normal 0 0 1
    outer loop
      vertex 27.7674 21.3066 2.5
      vertex 22.3823 20.5382 2.5
      vertex 22.3357 20.4632 2.5
    endloop
  endfacet
  facet normal 0 0 1
    outer loop
      vertex 33.8074 9.05867 2.5
      vertex 24.0607 3.56066 2.5
      vertex 24.1278 3.48902 2.5
    endloop
  endfacet
  facet normal 0 0 1
    outer loop
      vertex 29.1014 19.445 2.5
      vertex 22.3357 20.4632 2.5
      vertex 22.2842 20.3914 2.5
    endloop
  endfacet
  facet normal 0 0 1
    outer loop
      vertex 33.8074 9.05867 2.5
      vertex 23.989 3.62776 2.5
      vertex 24.0607 3.56066 2.5
    endloop
  endfacet
  facet normal 0 0 1
    outer loop
      vertex 29.1014 19.445 2.5
      vertex 22.2842 20.3914 2.5
      vertex 22.2282 20.3231 2.5
    endloop
  endfacet
  facet normal 0 0 1
    outer loop
      vertex 33.8074 9.05867 2.5
      vertex 23.9131 3.69003 2.5
      vertex 23.989 3.62776 2.5
    endloop
  endfacet
  facet normal 0 0 1
    outer loop
      vertex 29.1014 19.445 2.5
      vertex 22.2282 20.3231 2.5
      vertex 22.1678 20.2586 2.5
    endloop
  endfacet
  facet normal 0 0 1
    outer loop
      vertex 33.1426 11.2504 2.5
      vertex 23.8334 3.7472 2.5
      vertex 23.9131 3.69003 2.5
    endloop
  endfacet
  facet normal 0 0 1
    outer loop
      vertex 29.1014 19.445 2.5
      vertex 22.1678 20.2586 2.5
      vertex 22.1033 20.1982 2.5
    endloop
  endfacet
  facet normal 0 0 1
    outer loop
      vertex 33.1426 11.2504 2.5
      vertex 23.75 3.79904 2.5
      vertex 23.8334 3.7472 2.5
    endloop
  endfacet
  facet normal 0 0 1
    outer loop
      vertex 21.8103 22.424 2.5
      vertex 24.7487 24.7487 2.5
      vertex 23.0771 26.3144 2.5
    endloop
  endfacet
  facet normal 0 0 1
    outer loop
      vertex 26.3144 23.0771 2.5
      vertex 22.5603 21.1249 2.5
      vertex 22.5517 21.037 2.5
    endloop
  endfacet
  facet normal 0 0 1
    outer loop
      vertex 27.7674 21.3066 2.5
      vertex 22.5517 21.037 2.5
      vertex 22.5373 20.9498 2.5
    endloop
  endfacet
  facet normal 0 0 1
    outer loop
      vertex 27.7674 21.3066 2.5
      vertex 22.5373 20.9498 2.5
      vertex 22.5172 20.8638 2.5
    endloop
  endfacet
  facet normal 0 0 1
    outer loop
      vertex 27.7674 21.3066 2.5
      vertex 22.5172 20.8638 2.5
      vertex 22.4916 20.7793 2.5
    endloop
  endfacet
  facet normal 0 0 1
    outer loop
      vertex 27.7674 21.3066 2.5
      vertex 22.4916 20.7793 2.5
      vertex 22.4604 20.6966 2.5
    endloop
  endfacet
  facet normal 0 0 1
    outer loop
      vertex 26.3144 23.0771 2.5
      vertex 22.5632 21.2132 2.5
      vertex 22.5603 21.1249 2.5
    endloop
  endfacet
  facet normal 0 0 1
    outer loop
      vertex 26.3144 23.0771 2.5
      vertex 22.5603 21.3015 2.5
      vertex 22.5632 21.2132 2.5
    endloop
  endfacet
  facet normal 0 0 1
    outer loop
      vertex 26.3144 23.0771 2.5
      vertex 22.5517 21.3894 2.5
      vertex 22.5603 21.3015 2.5
    endloop
  endfacet
  facet normal 0 0 1
    outer loop
      vertex 26.3144 23.0771 2.5
      vertex 22.5373 21.4766 2.5
      vertex 22.5517 21.3894 2.5
    endloop
  endfacet
  facet normal 0 0 1
    outer loop
      vertex 26.3144 23.0771 2.5
      vertex 22.5172 21.5626 2.5
      vertex 22.5373 21.4766 2.5
    endloop
  endfacet
  facet normal 0 0 1
    outer loop
      vertex 26.3144 23.0771 2.5
      vertex 22.4916 21.6471 2.5
      vertex 22.5172 21.5626 2.5
    endloop
  endfacet
  facet normal 0 0 1
    outer loop
      vertex 26.3144 23.0771 2.5
      vertex 22.4604 21.7298 2.5
      vertex 22.4916 21.6471 2.5
    endloop
  endfacet
  facet normal 0 0 1
    outer loop
      vertex 26.3144 23.0771 2.5
      vertex 22.424 21.8103 2.5
      vertex 22.4604 21.7298 2.5
    endloop
  endfacet
  facet normal 0 0 1
    outer loop
      vertex 24.7487 24.7487 2.5
      vertex 22.3823 21.8882 2.5
      vertex 22.424 21.8103 2.5
    endloop
  endfacet
  facet normal 0 0 1
    outer loop
      vertex 24.7487 24.7487 2.5
      vertex 22.3357 21.9632 2.5
      vertex 22.3823 21.8882 2.5
    endloop
  endfacet
  facet normal 0 0 1
    outer loop
      vertex 24.7487 24.7487 2.5
      vertex 22.2842 22.035 2.5
      vertex 22.3357 21.9632 2.5
    endloop
  endfacet
  facet normal 0 0 1
    outer loop
      vertex 24.7487 24.7487 2.5
      vertex 22.2282 22.1033 2.5
      vertex 22.2842 22.035 2.5
    endloop
  endfacet
  facet normal 0 0 1
    outer loop
      vertex 24.7487 24.7487 2.5
      vertex 22.1678 22.1678 2.5
      vertex 22.2282 22.1033 2.5
    endloop
  endfacet
  facet normal 0 0 1
    outer loop
      vertex 24.7487 24.7487 2.5
      vertex 22.1033 22.2282 2.5
      vertex 22.1678 22.1678 2.5
    endloop
  endfacet
  facet normal 0 0 1
    outer loop
      vertex 24.7487 24.7487 2.5
      vertex 22.035 22.2842 2.5
      vertex 22.1033 22.2282 2.5
    endloop
  endfacet
  facet normal 0 0 1
    outer loop
      vertex 24.7487 24.7487 2.5
      vertex 21.9632 22.3357 2.5
      vertex 22.035 22.2842 2.5
    endloop
  endfacet
  facet normal 0 0 1
    outer loop
      vertex 24.7487 24.7487 2.5
      vertex 21.8882 22.3823 2.5
      vertex 21.9632 22.3357 2.5
    endloop
  endfacet
  facet normal 0 0 1
    outer loop
      vertex 24.7487 24.7487 2.5
      vertex 21.8103 22.424 2.5
      vertex 21.8882 22.3823 2.5
    endloop
  endfacet
  facet normal 0 0 1
    outer loop
      vertex 23.0771 26.3144 2.5
      vertex 21.7298 22.4604 2.5
      vertex 21.8103 22.424 2.5
    endloop
  endfacet
  facet normal 0 0 1
    outer loop
      vertex 23.0771 26.3144 2.5
      vertex 21.6471 22.4916 2.5
      vertex 21.7298 22.4604 2.5
    endloop
  endfacet
  facet normal 0 0 1
    outer loop
      vertex 23.0771 26.3144 2.5
      vertex 21.5626 22.5172 2.5
      vertex 21.6471 22.4916 2.5
    endloop
  endfacet
  facet normal 0 0 1
    outer loop
      vertex 23.0771 26.3144 2.5
      vertex 21.4766 22.5373 2.5
      vertex 21.5626 22.5172 2.5
    endloop
  endfacet
  facet normal 0 0 1
    outer loop
      vertex 23.0771 26.3144 2.5
      vertex 21.3894 22.5517 2.5
      vertex 21.4766 22.5373 2.5
    endloop
  endfacet
  facet normal 0 0 1
    outer loop
      vertex 21.037 22.5517 2.5
      vertex 23.0771 26.3144 2.5
      vertex 21.3066 27.7674 2.5
    endloop
  endfacet
  facet normal 0 0 1
    outer loop
      vertex 23.0771 26.3144 2.5
      vertex 21.3015 22.5603 2.5
      vertex 21.3894 22.5517 2.5
    endloop
  endfacet
  facet normal 0 0 1
    outer loop
      vertex 23.0771 26.3144 2.5
      vertex 21.2132 22.5632 2.5
      vertex 21.3015 22.5603 2.5
    endloop
  endfacet
  facet normal 0 0 1
    outer loop
      vertex 23.0771 26.3144 2.5
      vertex 21.1249 22.5603 2.5
      vertex 21.2132 22.5632 2.5
    endloop
  endfacet
  facet normal 0 0 1
    outer loop
      vertex 23.0771 26.3144 2.5
      vertex 21.037 22.5517 2.5
      vertex 21.1249 22.5603 2.5
    endloop
  endfacet
  facet normal 0 0 1
    outer loop
      vertex 21.3066 27.7674 2.5
      vertex 20.9498 22.5373 2.5
      vertex 21.037 22.5517 2.5
    endloop
  endfacet
  facet normal 0 0 1
    outer loop
      vertex 21.3066 27.7674 2.5
      vertex 20.8638 22.5172 2.5
      vertex 20.9498 22.5373 2.5
    endloop
  endfacet
  facet normal 0 0 1
    outer loop
      vertex 21.3066 27.7674 2.5
      vertex 20.7793 22.4916 2.5
      vertex 20.8638 22.5172 2.5
    endloop
  endfacet
  facet normal 0 0 1
    outer loop
      vertex 21.3066 27.7674 2.5
      vertex 20.6966 22.4604 2.5
      vertex 20.7793 22.4916 2.5
    endloop
  endfacet
  facet normal 0 0 1
    outer loop
      vertex 21.3066 27.7674 2.5
      vertex 20.6161 22.424 2.5
      vertex 20.6966 22.4604 2.5
    endloop
  endfacet
  facet normal 0 0 1
    outer loop
      vertex 21.3066 27.7674 2.5
      vertex 20.5382 22.3823 2.5
      vertex 20.6161 22.424 2.5
    endloop
  endfacet
  facet normal 0 0 1
    outer loop
      vertex 21.3066 27.7674 2.5
      vertex 20.4632 22.3357 2.5
      vertex 20.5382 22.3823 2.5
    endloop
  endfacet
  facet normal 0 0 1
    outer loop
      vertex 19.445 29.1014 2.5
      vertex 20.4632 22.3357 2.5
      vertex 21.3066 27.7674 2.5
    endloop
  endfacet
  facet normal 0 0 1
    outer loop
      vertex 20.4632 22.3357 2.5
      vertex 19.445 29.1014 2.5
      vertex 20.3914 22.2842 2.5
    endloop
  endfacet
  facet normal 0 0 1
    outer loop
      vertex 20.3914 22.2842 2.5
      vertex 19.445 29.1014 2.5
      vertex 20.3231 22.2282 2.5
    endloop
  endfacet
  facet normal 0 0 1
    outer loop
      vertex 20.3231 22.2282 2.5
      vertex 19.445 29.1014 2.5
      vertex 20.2586 22.1678 2.5
    endloop
  endfacet
  facet normal 0 0 1
    outer loop
      vertex 20.2586 22.1678 2.5
      vertex 19.445 29.1014 2.5
      vertex 20.1982 22.1033 2.5
    endloop
  endfacet
  facet normal 0 0 1
    outer loop
      vertex 20.1982 22.1033 2.5
      vertex 19.445 29.1014 2.5
      vertex 20.1422 22.035 2.5
    endloop
  endfacet
  facet normal 0 0 1
    outer loop
      vertex 20.1422 22.035 2.5
      vertex 19.445 29.1014 2.5
      vertex 20.0907 21.9632 2.5
    endloop
  endfacet
  facet normal 0 0 1
    outer loop
      vertex 17.5 30.3109 2.5
      vertex 20.0907 21.9632 2.5
      vertex 19.445 29.1014 2.5
    endloop
  endfacet
  facet normal 0 0 1
    outer loop
      vertex 20.0907 21.9632 2.5
      vertex 17.5 30.3109 2.5
      vertex 20.0441 21.8882 2.5
    endloop
  endfacet
  facet normal 0 0 1
    outer loop
      vertex 20.0441 21.8882 2.5
      vertex 17.5 30.3109 2.5
      vertex 20.0024 21.8103 2.5
    endloop
  endfacet
  facet normal 0 0 1
    outer loop
      vertex 20.0024 21.8103 2.5
      vertex 17.5 30.3109 2.5
      vertex 19.966 21.7298 2.5
    endloop
  endfacet
  facet normal 0 0 1
    outer loop
      vertex 15.4801 31.3905 2.5
      vertex 19.966 21.7298 2.5
      vertex 17.5 30.3109 2.5
    endloop
  endfacet
  facet normal 0 0 1
    outer loop
      vertex 19.8891 21.4766 2.5
      vertex 15 15.9453 2.5
      vertex 19.8748 21.3894 2.5
    endloop
  endfacet
  facet normal 0 0 1
    outer loop
      vertex 19.9092 21.5626 2.5
      vertex 15 15.9453 2.5
      vertex 19.8891 21.4766 2.5
    endloop
  endfacet
  facet normal 0 0 1
    outer loop
      vertex 15 15.9453 2.5
      vertex 19.9092 21.5626 2.5
      vertex 15.4801 31.3905 2.5
    endloop
  endfacet
  facet normal 0 0 1
    outer loop
      vertex 19.9348 21.6471 2.5
      vertex 15.4801 31.3905 2.5
      vertex 19.9092 21.5626 2.5
    endloop
  endfacet
  facet normal 0 0 1
    outer loop
      vertex 19.966 21.7298 2.5
      vertex 15.4801 31.3905 2.5
      vertex 19.9348 21.6471 2.5
    endloop
  endfacet
  facet normal -0 0 1
    outer loop
      vertex 24.2472 -3.33335 2.5
      vertex 34.3275 -6.82816 2.5
      vertex 24.299 -3.25 2.5
    endloop
  endfacet
  facet normal -0 0 1
    outer loop
      vertex 24.19 -3.41314 2.5
      vertex 34.3275 -6.82816 2.5
      vertex 24.2472 -3.33335 2.5
    endloop
  endfacet
  facet normal 0 0 1
    outer loop
      vertex 34.3275 -6.82816 2.5
      vertex 24.19 -3.41314 2.5
      vertex 33.8074 -9.05867 2.5
    endloop
  endfacet
  facet normal -0 0 1
    outer loop
      vertex 24.1278 -3.48902 2.5
      vertex 33.8074 -9.05867 2.5
      vertex 24.19 -3.41314 2.5
    endloop
  endfacet
  facet normal -0 0 1
    outer loop
      vertex 24.0607 -3.56066 2.5
      vertex 33.8074 -9.05867 2.5
      vertex 24.1278 -3.48902 2.5
    endloop
  endfacet
  facet normal -0 0 1
    outer loop
      vertex 23.989 -3.62776 2.5
      vertex 33.8074 -9.05867 2.5
      vertex 24.0607 -3.56066 2.5
    endloop
  endfacet
  facet normal -0 0 1
    outer loop
      vertex 23.9131 -3.69003 2.5
      vertex 33.8074 -9.05867 2.5
      vertex 23.989 -3.62776 2.5
    endloop
  endfacet
  facet normal 0 0 1
    outer loop
      vertex 33.8074 -9.05867 2.5
      vertex 23.9131 -3.69003 2.5
      vertex 33.1426 -11.2504 2.5
    endloop
  endfacet
  facet normal -0 0 1
    outer loop
      vertex 23.8334 -3.7472 2.5
      vertex 33.1426 -11.2504 2.5
      vertex 23.9131 -3.69003 2.5
    endloop
  endfacet
  facet normal -0 0 1
    outer loop
      vertex 23.75 -3.79904 2.5
      vertex 33.1426 -11.2504 2.5
      vertex 23.8334 -3.7472 2.5
    endloop
  endfacet
  facet normal -0 0 1
    outer loop
      vertex 23.6634 -3.84531 2.5
      vertex 33.1426 -11.2504 2.5
      vertex 23.75 -3.79904 2.5
    endloop
  endfacet
  facet normal 0 0 1
    outer loop
      vertex 33.1426 -11.2504 2.5
      vertex 23.6634 -3.84531 2.5
      vertex 32.3358 -13.3939 2.5
    endloop
  endfacet
  facet normal -0 0 1
    outer loop
      vertex 23.574 -3.88582 2.5
      vertex 32.3358 -13.3939 2.5
      vertex 23.6634 -3.84531 2.5
    endloop
  endfacet
  facet normal -0 0 1
    outer loop
      vertex 23.4822 -3.92039 2.5
      vertex 32.3358 -13.3939 2.5
      vertex 23.574 -3.88582 2.5
    endloop
  endfacet
  facet normal -0 0 1
    outer loop
      vertex 23.3882 -3.94889 2.5
      vertex 32.3358 -13.3939 2.5
      vertex 23.4822 -3.92039 2.5
    endloop
  endfacet
  facet normal 0 0 1
    outer loop
      vertex 32.3358 -13.3939 2.5
      vertex 23.3882 -3.94889 2.5
      vertex 31.3905 -15.4801 2.5
    endloop
  endfacet
  facet normal 0 0 1
    outer loop
      vertex 22.5603 -21.1249 2.5
      vertex 26.3144 -23.0771 2.5
      vertex 27.7674 -21.3066 2.5
    endloop
  endfacet
  facet normal -0 0 1
    outer loop
      vertex 23.2926 -3.97118 2.5
      vertex 31.3905 -15.4801 2.5
      vertex 23.3882 -3.94889 2.5
    endloop
  endfacet
  facet normal -0 0 1
    outer loop
      vertex 23.1958 -3.98717 2.5
      vertex 31.3905 -15.4801 2.5
      vertex 23.2926 -3.97118 2.5
    endloop
  endfacet
  facet normal -0 0 1
    outer loop
      vertex 23.0981 -3.99679 2.5
      vertex 31.3905 -15.4801 2.5
      vertex 23.1958 -3.98717 2.5
    endloop
  endfacet
  facet normal -0 0 1
    outer loop
      vertex 22.5603 -21.1249 2.5
      vertex 27.7674 -21.3066 2.5
      vertex 29.1014 -19.445 2.5
    endloop
  endfacet
  facet normal 0 0 1
    outer loop
      vertex 31.3905 -15.4801 2.5
      vertex 23.0981 -3.99679 2.5
      vertex 30.3109 -17.5 2.5
    endloop
  endfacet
  facet normal -0 0 1
    outer loop
      vertex 23 -4 2.5
      vertex 30.3109 -17.5 2.5
      vertex 23.0981 -3.99679 2.5
    endloop
  endfacet
  facet normal 0 0 1
    outer loop
      vertex 22.5603 -21.1249 2.5
      vertex 29.1014 -19.445 2.5
      vertex 30.3109 -17.5 2.5
    endloop
  endfacet
  facet normal -0 0 1
    outer loop
      vertex 22.5603 -21.3015 2.5
      vertex 26.3144 -23.0771 2.5
      vertex 22.5632 -21.2132 2.5
    endloop
  endfacet
  facet normal 0 0 1
    outer loop
      vertex 22.5603 -21.1249 2.5
      vertex 30.3109 -17.5 2.5
      vertex 23 -4 2.5
    endloop
  endfacet
  facet normal 0 0 1
    outer loop
      vertex 22.5603 -21.1249 2.5
      vertex 23 -4 2.5
      vertex 22.9019 -3.99679 2.5
    endloop
  endfacet
  facet normal 0 0 1
    outer loop
      vertex 22.5603 -21.1249 2.5
      vertex 22.9019 -3.99679 2.5
      vertex 22.8042 -3.98717 2.5
    endloop
  endfacet
  facet normal 0 0 1
    outer loop
      vertex 22.5603 -21.1249 2.5
      vertex 22.8042 -3.98717 2.5
      vertex 22.7074 -3.97118 2.5
    endloop
  endfacet
  facet normal 0 0 1
    outer loop
      vertex 16 -9.5 2.5
      vertex 22.7074 -3.97118 2.5
      vertex 22.6118 -3.94889 2.5
    endloop
  endfacet
  facet normal -0 0 1
    outer loop
      vertex 22.5517 -21.3894 2.5
      vertex 26.3144 -23.0771 2.5
      vertex 22.5603 -21.3015 2.5
    endloop
  endfacet
  facet normal -0 0 1
    outer loop
      vertex 22.5373 -21.4766 2.5
      vertex 26.3144 -23.0771 2.5
      vertex 22.5517 -21.3894 2.5
    endloop
  endfacet
  facet normal -0 0 1
    outer loop
      vertex 22.5172 -21.5626 2.5
      vertex 26.3144 -23.0771 2.5
      vertex 22.5373 -21.4766 2.5
    endloop
  endfacet
  facet normal -0 0 1
    outer loop
      vertex 22.4916 -21.6471 2.5
      vertex 26.3144 -23.0771 2.5
      vertex 22.5172 -21.5626 2.5
    endloop
  endfacet
  facet normal -0 0 1
    outer loop
      vertex 22.4604 -21.7298 2.5
      vertex 26.3144 -23.0771 2.5
      vertex 22.4916 -21.6471 2.5
    endloop
  endfacet
  facet normal -0 0 1
    outer loop
      vertex 22.424 -21.8103 2.5
      vertex 26.3144 -23.0771 2.5
      vertex 22.4604 -21.7298 2.5
    endloop
  endfacet
  facet normal 0 0 1
    outer loop
      vertex 26.3144 -23.0771 2.5
      vertex 22.424 -21.8103 2.5
      vertex 24.7487 -24.7487 2.5
    endloop
  endfacet
  facet normal -0 0 1
    outer loop
      vertex 22.3823 -21.8882 2.5
      vertex 24.7487 -24.7487 2.5
      vertex 22.424 -21.8103 2.5
    endloop
  endfacet
  facet normal -0 0 1
    outer loop
      vertex 22.3357 -21.9632 2.5
      vertex 24.7487 -24.7487 2.5
      vertex 22.3823 -21.8882 2.5
    endloop
  endfacet
  facet normal -0 0 1
    outer loop
      vertex 22.2842 -22.035 2.5
      vertex 24.7487 -24.7487 2.5
      vertex 22.3357 -21.9632 2.5
    endloop
  endfacet
  facet normal -0 0 1
    outer loop
      vertex 22.2282 -22.1033 2.5
      vertex 24.7487 -24.7487 2.5
      vertex 22.2842 -22.035 2.5
    endloop
  endfacet
  facet normal -0 0 1
    outer loop
      vertex 22.1678 -22.1678 2.5
      vertex 24.7487 -24.7487 2.5
      vertex 22.2282 -22.1033 2.5
    endloop
  endfacet
  facet normal -0 0 1
    outer loop
      vertex 22.1033 -22.2282 2.5
      vertex 24.7487 -24.7487 2.5
      vertex 22.1678 -22.1678 2.5
    endloop
  endfacet
  facet normal -0 0 1
    outer loop
      vertex 22.035 -22.2842 2.5
      vertex 24.7487 -24.7487 2.5
      vertex 22.1033 -22.2282 2.5
    endloop
  endfacet
  facet normal -0 0 1
    outer loop
      vertex 21.9632 -22.3357 2.5
      vertex 24.7487 -24.7487 2.5
      vertex 22.035 -22.2842 2.5
    endloop
  endfacet
  facet normal -0 0 1
    outer loop
      vertex 21.8882 -22.3823 2.5
      vertex 24.7487 -24.7487 2.5
      vertex 21.9632 -22.3357 2.5
    endloop
  endfacet
  facet normal -0 0 1
    outer loop
      vertex 21.8103 -22.424 2.5
      vertex 24.7487 -24.7487 2.5
      vertex 21.8882 -22.3823 2.5
    endloop
  endfacet
  facet normal 0 0 1
    outer loop
      vertex 24.7487 -24.7487 2.5
      vertex 21.8103 -22.424 2.5
      vertex 23.0771 -26.3144 2.5
    endloop
  endfacet
  facet normal -0 0 1
    outer loop
      vertex 21.7298 -22.4604 2.5
      vertex 23.0771 -26.3144 2.5
      vertex 21.8103 -22.424 2.5
    endloop
  endfacet
  facet normal -0 0 1
    outer loop
      vertex 21.6471 -22.4916 2.5
      vertex 23.0771 -26.3144 2.5
      vertex 21.7298 -22.4604 2.5
    endloop
  endfacet
  facet normal -0 0 1
    outer loop
      vertex 21.5626 -22.5172 2.5
      vertex 23.0771 -26.3144 2.5
      vertex 21.6471 -22.4916 2.5
    endloop
  endfacet
  facet normal -0 0 1
    outer loop
      vertex 21.4766 -22.5373 2.5
      vertex 23.0771 -26.3144 2.5
      vertex 21.5626 -22.5172 2.5
    endloop
  endfacet
  facet normal -0 0 1
    outer loop
      vertex 21.3894 -22.5517 2.5
      vertex 23.0771 -26.3144 2.5
      vertex 21.4766 -22.5373 2.5
    endloop
  endfacet
  facet normal -0 0 1
    outer loop
      vertex 21.3015 -22.5603 2.5
      vertex 23.0771 -26.3144 2.5
      vertex 21.3894 -22.5517 2.5
    endloop
  endfacet
  facet normal -0 0 1
    outer loop
      vertex 21.2132 -22.5632 2.5
      vertex 23.0771 -26.3144 2.5
      vertex 21.3015 -22.5603 2.5
    endloop
  endfacet
  facet normal 0 0 1
    outer loop
      vertex 21.1249 -22.5603 2.5
      vertex 23.0771 -26.3144 2.5
      vertex 21.2132 -22.5632 2.5
    endloop
  endfacet
  facet normal 0 0 1
    outer loop
      vertex 21.037 -22.5517 2.5
      vertex 23.0771 -26.3144 2.5
      vertex 21.1249 -22.5603 2.5
    endloop
  endfacet
  facet normal 0 0 1
    outer loop
      vertex 23.0771 -26.3144 2.5
      vertex 21.037 -22.5517 2.5
      vertex 21.3066 -27.7674 2.5
    endloop
  endfacet
  facet normal 0 0 1
    outer loop
      vertex 20.9498 -22.5373 2.5
      vertex 21.3066 -27.7674 2.5
      vertex 21.037 -22.5517 2.5
    endloop
  endfacet
  facet normal 0 0 1
    outer loop
      vertex 20.8638 -22.5172 2.5
      vertex 21.3066 -27.7674 2.5
      vertex 20.9498 -22.5373 2.5
    endloop
  endfacet
  facet normal 0 0 1
    outer loop
      vertex 20.7793 -22.4916 2.5
      vertex 21.3066 -27.7674 2.5
      vertex 20.8638 -22.5172 2.5
    endloop
  endfacet
  facet normal 0 0 1
    outer loop
      vertex 20.6966 -22.4604 2.5
      vertex 21.3066 -27.7674 2.5
      vertex 20.7793 -22.4916 2.5
    endloop
  endfacet
  facet normal 0 0 1
    outer loop
      vertex 20.6161 -22.424 2.5
      vertex 21.3066 -27.7674 2.5
      vertex 20.6966 -22.4604 2.5
    endloop
  endfacet
  facet normal 0 0 1
    outer loop
      vertex 20.5382 -22.3823 2.5
      vertex 21.3066 -27.7674 2.5
      vertex 20.6161 -22.424 2.5
    endloop
  endfacet
  facet normal 0 0 1
    outer loop
      vertex 20.4632 -22.3357 2.5
      vertex 21.3066 -27.7674 2.5
      vertex 20.5382 -22.3823 2.5
    endloop
  endfacet
  facet normal 0 0 1
    outer loop
      vertex 19.445 -29.1014 2.5
      vertex 20.4632 -22.3357 2.5
      vertex 20.3914 -22.2842 2.5
    endloop
  endfacet
  facet normal 0 0 1
    outer loop
      vertex 19.445 -29.1014 2.5
      vertex 20.3914 -22.2842 2.5
      vertex 20.3231 -22.2282 2.5
    endloop
  endfacet
  facet normal 0 0 1
    outer loop
      vertex 19.445 -29.1014 2.5
      vertex 20.3231 -22.2282 2.5
      vertex 20.2586 -22.1678 2.5
    endloop
  endfacet
  facet normal 0 0 1
    outer loop
      vertex 19.445 -29.1014 2.5
      vertex 20.2586 -22.1678 2.5
      vertex 20.1982 -22.1033 2.5
    endloop
  endfacet
  facet normal 0 0 1
    outer loop
      vertex 19.445 -29.1014 2.5
      vertex 20.1982 -22.1033 2.5
      vertex 20.1422 -22.035 2.5
    endloop
  endfacet
  facet normal 0 0 1
    outer loop
      vertex 19.445 -29.1014 2.5
      vertex 20.1422 -22.035 2.5
      vertex 20.0907 -21.9632 2.5
    endloop
  endfacet
  facet normal 0 0 1
    outer loop
      vertex 17.5 -30.3109 2.5
      vertex 20.0907 -21.9632 2.5
      vertex 20.0441 -21.8882 2.5
    endloop
  endfacet
  facet normal 0 0 1
    outer loop
      vertex 17.5 -30.3109 2.5
      vertex 20.0441 -21.8882 2.5
      vertex 20.0024 -21.8103 2.5
    endloop
  endfacet
  facet normal 0 0 1
    outer loop
      vertex 17.5 -30.3109 2.5
      vertex 20.0024 -21.8103 2.5
      vertex 19.966 -21.7298 2.5
    endloop
  endfacet
  facet normal 0 0 1
    outer loop
      vertex 17.5 -30.3109 2.5
      vertex 19.966 -21.7298 2.5
      vertex 19.9348 -21.6471 2.5
    endloop
  endfacet
  facet normal 0 0 1
    outer loop
      vertex 17.5 -30.3109 2.5
      vertex 19.9348 -21.6471 2.5
      vertex 19.9092 -21.5626 2.5
    endloop
  endfacet
  facet normal 0 0 1
    outer loop
      vertex 17.5 -30.3109 2.5
      vertex 19.9092 -21.5626 2.5
      vertex 19.8891 -21.4766 2.5
    endloop
  endfacet
  facet normal 0 0 1
    outer loop
      vertex 20.4632 -22.3357 2.5
      vertex 19.445 -29.1014 2.5
      vertex 21.3066 -27.7674 2.5
    endloop
  endfacet
  facet normal 0 0 1
    outer loop
      vertex 17.5 -30.3109 2.5
      vertex 19.8891 -21.4766 2.5
      vertex 19.8748 -21.3894 2.5
    endloop
  endfacet
  facet normal 0 0 1
    outer loop
      vertex 17.5 -30.3109 2.5
      vertex 19.8748 -21.3894 2.5
      vertex 19.8661 -21.3015 2.5
    endloop
  endfacet
  facet normal 0 0 1
    outer loop
      vertex 17.5 -30.3109 2.5
      vertex 19.8661 -21.3015 2.5
      vertex 19.8632 -21.2132 2.5
    endloop
  endfacet
  facet normal 0 0 1
    outer loop
      vertex 19.8748 -21.037 2.5
      vertex 17.5 -30.3109 2.5
      vertex 19.8661 -21.1249 2.5
    endloop
  endfacet
  facet normal 0 0 1
    outer loop
      vertex 19.8748 21.3894 2.5
      vertex 15 15.9453 2.5
      vertex 19.8661 21.3015 2.5
    endloop
  endfacet
  facet normal 0 0 1
    outer loop
      vertex 19.8661 -21.1249 2.5
      vertex 17.5 -30.3109 2.5
      vertex 19.8632 -21.2132 2.5
    endloop
  endfacet
  facet normal 0 0 1
    outer loop
      vertex 20.0907 -21.9632 2.5
      vertex 17.5 -30.3109 2.5
      vertex 19.445 -29.1014 2.5
    endloop
  endfacet
  facet normal 0 0 1
    outer loop
      vertex 21.2132 19.8632 2.5
      vertex 16.0968 14.5981 2.5
      vertex 16.1 14.5 2.5
    endloop
  endfacet
  facet normal 0 0 1
    outer loop
      vertex 21.1249 19.8661 2.5
      vertex 16.0872 14.6958 2.5
      vertex 16.0968 14.5981 2.5
    endloop
  endfacet
  facet normal 0 0 1
    outer loop
      vertex 21.037 19.8748 2.5
      vertex 16.0712 14.7926 2.5
      vertex 16.0872 14.6958 2.5
    endloop
  endfacet
  facet normal 0 0 1
    outer loop
      vertex 20.9498 19.8891 2.5
      vertex 16.0489 14.8882 2.5
      vertex 16.0712 14.7926 2.5
    endloop
  endfacet
  facet normal 0 0 1
    outer loop
      vertex 20.8638 19.9092 2.5
      vertex 16.0204 14.9822 2.5
      vertex 16.0489 14.8882 2.5
    endloop
  endfacet
  facet normal 0 0 1
    outer loop
      vertex 20.7793 19.9348 2.5
      vertex 15.9858 15.074 2.5
      vertex 16.0204 14.9822 2.5
    endloop
  endfacet
  facet normal 0 0 1
    outer loop
      vertex 20.6966 19.966 2.5
      vertex 15.9453 15.1634 2.5
      vertex 15.9858 15.074 2.5
    endloop
  endfacet
  facet normal 0 0 1
    outer loop
      vertex 20.6161 20.0024 2.5
      vertex 15.899 15.25 2.5
      vertex 15.9453 15.1634 2.5
    endloop
  endfacet
  facet normal 0 0 1
    outer loop
      vertex 20.5382 20.0441 2.5
      vertex 15.8472 15.3334 2.5
      vertex 15.899 15.25 2.5
    endloop
  endfacet
  facet normal 0 0 1
    outer loop
      vertex 20.4632 20.0907 2.5
      vertex 15.79 15.4131 2.5
      vertex 15.8472 15.3334 2.5
    endloop
  endfacet
  facet normal 0 0 1
    outer loop
      vertex 20.3914 20.1422 2.5
      vertex 15.7278 15.489 2.5
      vertex 15.79 15.4131 2.5
    endloop
  endfacet
  facet normal 0 0 1
    outer loop
      vertex 20.3231 20.1982 2.5
      vertex 15.6607 15.5607 2.5
      vertex 15.7278 15.489 2.5
    endloop
  endfacet
  facet normal 0 0 1
    outer loop
      vertex 20.2586 20.2586 2.5
      vertex 15.589 15.6278 2.5
      vertex 15.6607 15.5607 2.5
    endloop
  endfacet
  facet normal 0 0 1
    outer loop
      vertex 20.1982 20.3231 2.5
      vertex 15.5131 15.69 2.5
      vertex 15.589 15.6278 2.5
    endloop
  endfacet
  facet normal 0 0 1
    outer loop
      vertex 19.8661 21.3015 2.5
      vertex 15 15.9453 2.5
      vertex 19.8632 21.2132 2.5
    endloop
  endfacet
  facet normal 0 0 1
    outer loop
      vertex 20.1422 20.3914 2.5
      vertex 15.4334 15.7472 2.5
      vertex 15.5131 15.69 2.5
    endloop
  endfacet
  facet normal 0 0 1
    outer loop
      vertex 20.0907 20.4632 2.5
      vertex 15.35 15.799 2.5
      vertex 15.4334 15.7472 2.5
    endloop
  endfacet
  facet normal 0 0 1
    outer loop
      vertex 20.0024 20.6161 2.5
      vertex 15.2634 15.8453 2.5
      vertex 15.35 15.799 2.5
    endloop
  endfacet
  facet normal 0 0 1
    outer loop
      vertex 19.966 20.6966 2.5
      vertex 15.174 15.8858 2.5
      vertex 15.2634 15.8453 2.5
    endloop
  endfacet
  facet normal 0 0 1
    outer loop
      vertex 19.9348 20.7793 2.5
      vertex 15.0822 15.9204 2.5
      vertex 15.174 15.8858 2.5
    endloop
  endfacet
  facet normal 0 0 1
    outer loop
      vertex 15 15.9453 2.5
      vertex 15.4801 31.3905 2.5
      vertex 15 31.6081 2.5
    endloop
  endfacet
  facet normal 0 0 1
    outer loop
      vertex 19.9092 20.8638 2.5
      vertex 15 15.9453 2.5
      vertex 15.0822 15.9204 2.5
    endloop
  endfacet
  facet normal 0 0 1
    outer loop
      vertex 29.1014 19.445 2.5
      vertex 22.1033 20.1982 2.5
      vertex 22.035 20.1422 2.5
    endloop
  endfacet
  facet normal 0 0 1
    outer loop
      vertex 33.1426 11.2504 2.5
      vertex 23.6634 3.84531 2.5
      vertex 23.75 3.79904 2.5
    endloop
  endfacet
  facet normal 0 0 1
    outer loop
      vertex 29.1014 19.445 2.5
      vertex 22.035 20.1422 2.5
      vertex 21.9632 20.0907 2.5
    endloop
  endfacet
  facet normal 0 0 1
    outer loop
      vertex 32.3358 13.3939 2.5
      vertex 23.574 3.88582 2.5
      vertex 23.6634 3.84531 2.5
    endloop
  endfacet
  facet normal 0 0 1
    outer loop
      vertex 30.3109 17.5 2.5
      vertex 21.9632 20.0907 2.5
      vertex 21.8882 20.0441 2.5
    endloop
  endfacet
  facet normal 0 0 1
    outer loop
      vertex 32.3358 13.3939 2.5
      vertex 23.4822 3.92039 2.5
      vertex 23.574 3.88582 2.5
    endloop
  endfacet
  facet normal 0 0 1
    outer loop
      vertex 30.3109 17.5 2.5
      vertex 21.8882 20.0441 2.5
      vertex 21.8103 20.0024 2.5
    endloop
  endfacet
  facet normal 0 0 1
    outer loop
      vertex 32.3358 13.3939 2.5
      vertex 23.3882 3.94889 2.5
      vertex 23.4822 3.92039 2.5
    endloop
  endfacet
  facet normal 0 0 1
    outer loop
      vertex 30.3109 17.5 2.5
      vertex 21.8103 20.0024 2.5
      vertex 21.7298 19.966 2.5
    endloop
  endfacet
  facet normal 0 0 1
    outer loop
      vertex 31.3905 15.4801 2.5
      vertex 23.2926 3.97118 2.5
      vertex 23.3882 3.94889 2.5
    endloop
  endfacet
  facet normal 0 0 1
    outer loop
      vertex 31.3905 15.4801 2.5
      vertex 21.7298 19.966 2.5
      vertex 21.6471 19.9348 2.5
    endloop
  endfacet
  facet normal 0 0 1
    outer loop
      vertex 31.3905 15.4801 2.5
      vertex 23.1958 3.98717 2.5
      vertex 23.2926 3.97118 2.5
    endloop
  endfacet
  facet normal 0 0 1
    outer loop
      vertex 31.3905 15.4801 2.5
      vertex 21.6471 19.9348 2.5
      vertex 23.1958 3.98717 2.5
    endloop
  endfacet
  facet normal 0 0 1
    outer loop
      vertex 23.1958 3.98717 2.5
      vertex 21.6471 19.9348 2.5
      vertex 23.0981 3.99679 2.5
    endloop
  endfacet
  facet normal -0 0 1
    outer loop
      vertex 21.5626 19.9092 2.5
      vertex 23.0981 3.99679 2.5
      vertex 21.6471 19.9348 2.5
    endloop
  endfacet
  facet normal -0 0 1
    outer loop
      vertex 16.1 14.5 2.5
      vertex 23.0981 3.99679 2.5
      vertex 21.5626 19.9092 2.5
    endloop
  endfacet
  facet normal 0 0 1
    outer loop
      vertex 16.1 14.5 2.5
      vertex 21.5626 19.9092 2.5
      vertex 21.4766 19.8891 2.5
    endloop
  endfacet
  facet normal -0 0 1
    outer loop
      vertex 16.1 9.5 2.5
      vertex 23.0981 3.99679 2.5
      vertex 16.1 14.5 2.5
    endloop
  endfacet
  facet normal 0 0 1
    outer loop
      vertex 23.0981 3.99679 2.5
      vertex 16.1 9.5 2.5
      vertex 23 4 2.5
    endloop
  endfacet
  facet normal 0 0 1
    outer loop
      vertex 23 4 2.5
      vertex 16.1 9.5 2.5
      vertex 22.9019 3.99679 2.5
    endloop
  endfacet
  facet normal 0 0 1
    outer loop
      vertex 22.9019 3.99679 2.5
      vertex 16.1 9.5 2.5
      vertex 22.8042 3.98717 2.5
    endloop
  endfacet
  facet normal 0 0 1
    outer loop
      vertex 22.8042 3.98717 2.5
      vertex 16.1 9.5 2.5
      vertex 22.7074 3.97118 2.5
    endloop
  endfacet
  facet normal -0 0 1
    outer loop
      vertex 16.0968 9.40189 2.5
      vertex 22.7074 3.97118 2.5
      vertex 16.1 9.5 2.5
    endloop
  endfacet
  facet normal 0 0 1
    outer loop
      vertex 22.7074 3.97118 2.5
      vertex 16.0968 9.40189 2.5
      vertex 22.6118 3.94889 2.5
    endloop
  endfacet
  facet normal -0 0 1
    outer loop
      vertex 16.0872 9.30421 2.5
      vertex 22.6118 3.94889 2.5
      vertex 16.0968 9.40189 2.5
    endloop
  endfacet
  facet normal 0 0 1
    outer loop
      vertex 22.6118 3.94889 2.5
      vertex 16.0872 9.30421 2.5
      vertex 22.5178 3.92039 2.5
    endloop
  endfacet
  facet normal -0 0 1
    outer loop
      vertex 16.0712 9.20736 2.5
      vertex 22.5178 3.92039 2.5
      vertex 16.0872 9.30421 2.5
    endloop
  endfacet
  facet normal 0 0 1
    outer loop
      vertex 22.5178 3.92039 2.5
      vertex 16.0712 9.20736 2.5
      vertex 22.426 3.88582 2.5
    endloop
  endfacet
  facet normal 0 0 1
    outer loop
      vertex 22.426 3.88582 2.5
      vertex 16.0712 9.20736 2.5
      vertex 22.3366 3.84531 2.5
    endloop
  endfacet
  facet normal 0 0 1
    outer loop
      vertex 22.3366 3.84531 2.5
      vertex 16.0712 9.20736 2.5
      vertex 22.25 3.79904 2.5
    endloop
  endfacet
  facet normal 0 0 1
    outer loop
      vertex 22.25 3.79904 2.5
      vertex 16.0712 9.20736 2.5
      vertex 22.1666 3.7472 2.5
    endloop
  endfacet
  facet normal 0 0 1
    outer loop
      vertex 22.1666 3.7472 2.5
      vertex 16.0712 9.20736 2.5
      vertex 22.0869 3.69003 2.5
    endloop
  endfacet
  facet normal 0 0 1
    outer loop
      vertex 22.0869 3.69003 2.5
      vertex 16.0712 9.20736 2.5
      vertex 22.011 3.62776 2.5
    endloop
  endfacet
  facet normal 0 0 1
    outer loop
      vertex 22.011 3.62776 2.5
      vertex 16.0712 9.20736 2.5
      vertex 21.9393 3.56066 2.5
    endloop
  endfacet
  facet normal 0 0 1
    outer loop
      vertex 21.9393 3.56066 2.5
      vertex 16.0712 9.20736 2.5
      vertex 21.8722 3.48902 2.5
    endloop
  endfacet
  facet normal 0 0 1
    outer loop
      vertex 21.8722 3.48902 2.5
      vertex 16.0712 9.20736 2.5
      vertex 21.81 3.41314 2.5
    endloop
  endfacet
  facet normal 0 0 1
    outer loop
      vertex 21.81 3.41314 2.5
      vertex 16.0712 9.20736 2.5
      vertex 21.7528 3.33335 2.5
    endloop
  endfacet
  facet normal 0 0 1
    outer loop
      vertex 21.7528 3.33335 2.5
      vertex 16.0712 9.20736 2.5
      vertex 21.701 3.25 2.5
    endloop
  endfacet
  facet normal 0 0 1
    outer loop
      vertex 21.701 3.25 2.5
      vertex 16.0712 9.20736 2.5
      vertex 21.6547 3.16343 2.5
    endloop
  endfacet
  facet normal 0 0 1
    outer loop
      vertex 21.6547 3.16343 2.5
      vertex 16.0712 9.20736 2.5
      vertex 21.6142 3.07402 2.5
    endloop
  endfacet
  facet normal 0 0 1
    outer loop
      vertex 21.5796 2.98216 2.5
      vertex 16.0712 9.20736 2.5
      vertex 21.5511 2.88823 2.5
    endloop
  endfacet
  facet normal 0 0 1
    outer loop
      vertex 21.6142 3.07402 2.5
      vertex 16.0712 9.20736 2.5
      vertex 21.5796 2.98216 2.5
    endloop
  endfacet
  facet normal -0 0 1
    outer loop
      vertex -19.8748 21.3894 2.5
      vertex -15 15.9453 2.5
      vertex -15 31.6081 2.5
    endloop
  endfacet
  facet normal -0 -0 1
    outer loop
      vertex -19.8661 21.3015 2.5
      vertex -15 15.9453 2.5
      vertex -19.8748 21.3894 2.5
    endloop
  endfacet
  facet normal -0 -0 1
    outer loop
      vertex -19.8632 21.2132 2.5
      vertex -15 15.9453 2.5
      vertex -19.8661 21.3015 2.5
    endloop
  endfacet
  facet normal -0 0 1
    outer loop
      vertex -19.8661 21.1249 2.5
      vertex -15 15.9453 2.5
      vertex -19.8632 21.2132 2.5
    endloop
  endfacet
  facet normal -0 0 1
    outer loop
      vertex -19.8748 21.037 2.5
      vertex -15 15.9453 2.5
      vertex -19.8661 21.1249 2.5
    endloop
  endfacet
  facet normal 0 0 1
    outer loop
      vertex -19.8748 21.3894 2.5
      vertex -15 31.6081 2.5
      vertex -15.4801 31.3905 2.5
    endloop
  endfacet
  facet normal -0 0 1
    outer loop
      vertex -19.8891 20.9498 2.5
      vertex -15 15.9453 2.5
      vertex -19.8748 21.037 2.5
    endloop
  endfacet
  facet normal -0 0 1
    outer loop
      vertex -19.9092 20.8638 2.5
      vertex -15 15.9453 2.5
      vertex -19.8891 20.9498 2.5
    endloop
  endfacet
  facet normal 0 0 1
    outer loop
      vertex -15 15.9453 2.5
      vertex -19.9092 20.8638 2.5
      vertex -15.0822 15.9204 2.5
    endloop
  endfacet
  facet normal -0 0 1
    outer loop
      vertex -19.9348 20.7793 2.5
      vertex -15.0822 15.9204 2.5
      vertex -19.9092 20.8638 2.5
    endloop
  endfacet
  facet normal 0 0 1
    outer loop
      vertex -15.0822 15.9204 2.5
      vertex -19.9348 20.7793 2.5
      vertex -15.174 15.8858 2.5
    endloop
  endfacet
  facet normal -0 0 1
    outer loop
      vertex -19.966 20.6966 2.5
      vertex -15.174 15.8858 2.5
      vertex -19.9348 20.7793 2.5
    endloop
  endfacet
  facet normal 0 0 1
    outer loop
      vertex -15.174 15.8858 2.5
      vertex -19.966 20.6966 2.5
      vertex -15.2634 15.8453 2.5
    endloop
  endfacet
  facet normal -0 0 1
    outer loop
      vertex -20.0024 20.6161 2.5
      vertex -15.2634 15.8453 2.5
      vertex -19.966 20.6966 2.5
    endloop
  endfacet
  facet normal 0 0 1
    outer loop
      vertex -15.2634 15.8453 2.5
      vertex -20.0024 20.6161 2.5
      vertex -15.35 15.799 2.5
    endloop
  endfacet
  facet normal -0 0 1
    outer loop
      vertex -20.0441 20.5382 2.5
      vertex -15.35 15.799 2.5
      vertex -20.0024 20.6161 2.5
    endloop
  endfacet
  facet normal -0 0 1
    outer loop
      vertex -20.0907 20.4632 2.5
      vertex -15.35 15.799 2.5
      vertex -20.0441 20.5382 2.5
    endloop
  endfacet
  facet normal 0 0 1
    outer loop
      vertex -15.35 15.799 2.5
      vertex -20.0907 20.4632 2.5
      vertex -15.4334 15.7472 2.5
    endloop
  endfacet
  facet normal -0 0 1
    outer loop
      vertex -20.1422 20.3914 2.5
      vertex -15.4334 15.7472 2.5
      vertex -20.0907 20.4632 2.5
    endloop
  endfacet
  facet normal 0 0 1
    outer loop
      vertex -15.4334 15.7472 2.5
      vertex -20.1422 20.3914 2.5
      vertex -15.5131 15.69 2.5
    endloop
  endfacet
  facet normal 0 0 1
    outer loop
      vertex -15.5131 15.69 2.5
      vertex -20.1982 20.3231 2.5
      vertex -15.589 15.6278 2.5
    endloop
  endfacet
  facet normal -0 0 1
    outer loop
      vertex -20.1982 20.3231 2.5
      vertex -15.5131 15.69 2.5
      vertex -20.1422 20.3914 2.5
    endloop
  endfacet
  facet normal 0 0 1
    outer loop
      vertex -19.8748 21.3894 2.5
      vertex -15.4801 31.3905 2.5
      vertex -17.5 30.3109 2.5
    endloop
  endfacet
  facet normal -0 0 1
    outer loop
      vertex -21.5 -2.5 2.5
      vertex -15 -8.08632 2.5
      vertex -15 8.05468 2.5
    endloop
  endfacet
  facet normal 0 0 1
    outer loop
      vertex -21.5 -2.5 2.5
      vertex -15 8.05468 2.5
      vertex -15.0822 8.0796 2.5
    endloop
  endfacet
  facet normal -0 0 1
    outer loop
      vertex -21.5032 -2.5981 2.5
      vertex -15 -8.08632 2.5
      vertex -21.5 -2.5 2.5
    endloop
  endfacet
  facet normal 0 0 1
    outer loop
      vertex -21.5 -2.5 2.5
      vertex -15.0822 8.0796 2.5
      vertex -15.174 8.11418 2.5
    endloop
  endfacet
  facet normal -0 0 1
    outer loop
      vertex -21.5128 -2.69579 2.5
      vertex -15 -8.08632 2.5
      vertex -21.5032 -2.5981 2.5
    endloop
  endfacet
  facet normal 0 0 1
    outer loop
      vertex -21.5 -2.5 2.5
      vertex -15.174 8.11418 2.5
      vertex -15.2634 8.15469 2.5
    endloop
  endfacet
  facet normal 0 0 1
    outer loop
      vertex -15 -8.08632 2.5
      vertex -21.5128 -2.69579 2.5
      vertex -15.074 -8.11418 2.5
    endloop
  endfacet
  facet normal 0 0 1
    outer loop
      vertex -21.5 -2.5 2.5
      vertex -15.2634 8.15469 2.5
      vertex -15.35 8.20096 2.5
    endloop
  endfacet
  facet normal -0 0 1
    outer loop
      vertex -21.5288 -2.79263 2.5
      vertex -15.074 -8.11418 2.5
      vertex -21.5128 -2.69579 2.5
    endloop
  endfacet
  facet normal 0 0 1
    outer loop
      vertex -21.5 -2.5 2.5
      vertex -15.35 8.20096 2.5
      vertex -15.4334 8.2528 2.5
    endloop
  endfacet
  facet normal 0 0 1
    outer loop
      vertex -15.074 -8.11418 2.5
      vertex -21.5288 -2.79263 2.5
      vertex -15.1634 -8.15469 2.5
    endloop
  endfacet
  facet normal 0 0 1
    outer loop
      vertex -21.5 -2.5 2.5
      vertex -15.4334 8.2528 2.5
      vertex -15.5131 8.30997 2.5
    endloop
  endfacet
  facet normal -0 0 1
    outer loop
      vertex -21.5511 -2.88823 2.5
      vertex -15.1634 -8.15469 2.5
      vertex -21.5288 -2.79263 2.5
    endloop
  endfacet
  facet normal 0 0 1
    outer loop
      vertex -21.5 -2.5 2.5
      vertex -15.5131 8.30997 2.5
      vertex -15.589 8.37224 2.5
    endloop
  endfacet
  facet normal 0 0 1
    outer loop
      vertex -15.1634 -8.15469 2.5
      vertex -21.5511 -2.88823 2.5
      vertex -15.25 -8.20096 2.5
    endloop
  endfacet
  facet normal 0 0 1
    outer loop
      vertex -21.5 -2.5 2.5
      vertex -15.589 8.37224 2.5
      vertex -15.6607 8.43934 2.5
    endloop
  endfacet
  facet normal -0 0 1
    outer loop
      vertex -21.5796 -2.98216 2.5
      vertex -15.25 -8.20096 2.5
      vertex -21.5511 -2.88823 2.5
    endloop
  endfacet
  facet normal 0 0 1
    outer loop
      vertex -21.5 -2.5 2.5
      vertex -15.6607 8.43934 2.5
      vertex -15.7278 8.51098 2.5
    endloop
  endfacet
  facet normal 0 0 1
    outer loop
      vertex -15.25 -8.20096 2.5
      vertex -21.5796 -2.98216 2.5
      vertex -15.3334 -8.2528 2.5
    endloop
  endfacet
  facet normal 0 0 1
    outer loop
      vertex -21.5 -2.5 2.5
      vertex -15.7278 8.51098 2.5
      vertex -15.79 8.58686 2.5
    endloop
  endfacet
  facet normal -0 0 1
    outer loop
      vertex -21.6142 -3.07402 2.5
      vertex -15.3334 -8.2528 2.5
      vertex -21.5796 -2.98216 2.5
    endloop
  endfacet
  facet normal 0 0 1
    outer loop
      vertex -15.3334 -8.2528 2.5
      vertex -21.6142 -3.07402 2.5
      vertex -15.4131 -8.30997 2.5
    endloop
  endfacet
  facet normal 0 0 1
    outer loop
      vertex -21.5 -2.5 2.5
      vertex -15.79 8.58686 2.5
      vertex -15.8472 8.66664 2.5
    endloop
  endfacet
  facet normal -0 0 1
    outer loop
      vertex -21.6547 -3.16343 2.5
      vertex -15.4131 -8.30997 2.5
      vertex -21.6142 -3.07402 2.5
    endloop
  endfacet
  facet normal 0 0 1
    outer loop
      vertex -21.5 -2.5 2.5
      vertex -15.8472 8.66664 2.5
      vertex -15.899 8.75 2.5
    endloop
  endfacet
  facet normal 0 0 1
    outer loop
      vertex -15.4131 -8.30997 2.5
      vertex -21.6547 -3.16343 2.5
      vertex -15.489 -8.37224 2.5
    endloop
  endfacet
  facet normal 0 0 1
    outer loop
      vertex -21.5 -2.5 2.5
      vertex -15.899 8.75 2.5
      vertex -15.9453 8.83657 2.5
    endloop
  endfacet
  facet normal -0 0 1
    outer loop
      vertex -21.701 -3.25 2.5
      vertex -15.489 -8.37224 2.5
      vertex -21.6547 -3.16343 2.5
    endloop
  endfacet
  facet normal 0 0 1
    outer loop
      vertex -15.489 -8.37224 2.5
      vertex -21.701 -3.25 2.5
      vertex -15.5607 -8.43934 2.5
    endloop
  endfacet
  facet normal 0 0 1
    outer loop
      vertex -21.5 -2.5 2.5
      vertex -15.9453 8.83657 2.5
      vertex -15.9858 8.92597 2.5
    endloop
  endfacet
  facet normal -0 0 1
    outer loop
      vertex -21.7528 -3.33335 2.5
      vertex -15.5607 -8.43934 2.5
      vertex -21.701 -3.25 2.5
    endloop
  endfacet
  facet normal 0 0 1
    outer loop
      vertex -15.5607 -8.43934 2.5
      vertex -21.7528 -3.33335 2.5
      vertex -15.6278 -8.51098 2.5
    endloop
  endfacet
  facet normal -0 0 1
    outer loop
      vertex -21.81 -3.41314 2.5
      vertex -15.6278 -8.51098 2.5
      vertex -21.7528 -3.33335 2.5
    endloop
  endfacet
  facet normal 0 0 1
    outer loop
      vertex -15.6278 -8.51098 2.5
      vertex -21.81 -3.41314 2.5
      vertex -15.69 -8.58686 2.5
    endloop
  endfacet
  facet normal 0 0 1
    outer loop
      vertex -21.5 -2.5 2.5
      vertex -15.9858 8.92597 2.5
      vertex -16.0204 9.01784 2.5
    endloop
  endfacet
  facet normal 0 0 1
    outer loop
      vertex -19.9348 -20.7793 2.5
      vertex -15 -15.9137 2.5
      vertex -15.074 -15.8858 2.5
    endloop
  endfacet
  facet normal 0 0 1
    outer loop
      vertex -19.966 -20.6966 2.5
      vertex -15.074 -15.8858 2.5
      vertex -15.1634 -15.8453 2.5
    endloop
  endfacet
  facet normal 0 0 1
    outer loop
      vertex -20.0024 -20.6161 2.5
      vertex -15.1634 -15.8453 2.5
      vertex -15.25 -15.799 2.5
    endloop
  endfacet
  facet normal 0 0 1
    outer loop
      vertex -20.0441 -20.5382 2.5
      vertex -15.25 -15.799 2.5
      vertex -15.3334 -15.7472 2.5
    endloop
  endfacet
  facet normal 0 0 1
    outer loop
      vertex -20.0907 -20.4632 2.5
      vertex -15.3334 -15.7472 2.5
      vertex -15.4131 -15.69 2.5
    endloop
  endfacet
  facet normal 0 0 1
    outer loop
      vertex -15 -15.9137 2.5
      vertex -19.8891 -21.4766 2.5
      vertex -19.9092 -21.5626 2.5
    endloop
  endfacet
  facet normal 0 0 1
    outer loop
      vertex -20.1422 -20.3914 2.5
      vertex -15.4131 -15.69 2.5
      vertex -15.489 -15.6278 2.5
    endloop
  endfacet
  facet normal 0 0 1
    outer loop
      vertex -20.1982 -20.3231 2.5
      vertex -15.489 -15.6278 2.5
      vertex -15.5607 -15.5607 2.5
    endloop
  endfacet
  facet normal 0 0 1
    outer loop
      vertex -20.2586 -20.2586 2.5
      vertex -15.5607 -15.5607 2.5
      vertex -15.6278 -15.489 2.5
    endloop
  endfacet
  facet normal 0 0 1
    outer loop
      vertex -20.3231 -20.1982 2.5
      vertex -15.6278 -15.489 2.5
      vertex -15.69 -15.4131 2.5
    endloop
  endfacet
  facet normal 0 0 1
    outer loop
      vertex -20.3914 -20.1422 2.5
      vertex -15.69 -15.4131 2.5
      vertex -15.7472 -15.3334 2.5
    endloop
  endfacet
  facet normal 0 0 1
    outer loop
      vertex -20.5382 -20.0441 2.5
      vertex -15.7472 -15.3334 2.5
      vertex -15.799 -15.25 2.5
    endloop
  endfacet
  facet normal 0 0 1
    outer loop
      vertex -20.6161 -20.0024 2.5
      vertex -15.799 -15.25 2.5
      vertex -15.8453 -15.1634 2.5
    endloop
  endfacet
  facet normal 0 0 1
    outer loop
      vertex -20.6966 -19.966 2.5
      vertex -15.8453 -15.1634 2.5
      vertex -15.8858 -15.074 2.5
    endloop
  endfacet
  facet normal 0 0 1
    outer loop
      vertex -20.7793 -19.9348 2.5
      vertex -15.8858 -15.074 2.5
      vertex -15.9204 -14.9822 2.5
    endloop
  endfacet
  facet normal 0 0 1
    outer loop
      vertex -20.8638 -19.9092 2.5
      vertex -15.9204 -14.9822 2.5
      vertex -15.9489 -14.8882 2.5
    endloop
  endfacet
  facet normal 0 0 1
    outer loop
      vertex -20.9498 -19.8891 2.5
      vertex -15.9489 -14.8882 2.5
      vertex -15.9712 -14.7926 2.5
    endloop
  endfacet
  facet normal 0 0 1
    outer loop
      vertex -21.037 -19.8748 2.5
      vertex -15.9712 -14.7926 2.5
      vertex -15.9872 -14.6958 2.5
    endloop
  endfacet
  facet normal 0 0 1
    outer loop
      vertex -21.1249 -19.8661 2.5
      vertex -15.9872 -14.6958 2.5
      vertex -15.9968 -14.5981 2.5
    endloop
  endfacet
  facet normal 0 0 1
    outer loop
      vertex -21.2132 -19.8632 2.5
      vertex -15.9968 -14.5981 2.5
      vertex -16 -14.5 2.5
    endloop
  endfacet
  facet normal 0 0 1
    outer loop
      vertex -22.3366 3.84531 2.5
      vertex -16.0204 9.01784 2.5
      vertex -16.0489 9.11177 2.5
    endloop
  endfacet
  facet normal 0 0 1
    outer loop
      vertex -22.426 3.88582 2.5
      vertex -16.0489 9.11177 2.5
      vertex -16.0712 9.20736 2.5
    endloop
  endfacet
  facet normal 0 0 1
    outer loop
      vertex -22.5178 3.92039 2.5
      vertex -16.0712 9.20736 2.5
      vertex -16.0872 9.30421 2.5
    endloop
  endfacet
  facet normal 0 0 1
    outer loop
      vertex -22.6118 3.94889 2.5
      vertex -16.0872 9.30421 2.5
      vertex -16.0968 9.40189 2.5
    endloop
  endfacet
  facet normal 0 0 1
    outer loop
      vertex -22.7074 3.97118 2.5
      vertex -16.0968 9.40189 2.5
      vertex -16.1 9.5 2.5
    endloop
  endfacet
  facet normal -0 0 1
    outer loop
      vertex -20.3231 20.1982 2.5
      vertex -15.6607 15.5607 2.5
      vertex -20.2586 20.2586 2.5
    endloop
  endfacet
  facet normal -0 0 1
    outer loop
      vertex -20.4632 20.0907 2.5
      vertex -15.79 15.4131 2.5
      vertex -20.3914 20.1422 2.5
    endloop
  endfacet
  facet normal -0 0 1
    outer loop
      vertex -21.8722 -3.48902 2.5
      vertex -15.69 -8.58686 2.5
      vertex -21.81 -3.41314 2.5
    endloop
  endfacet
  facet normal 0 0 1
    outer loop
      vertex -20.0907 21.9632 2.5
      vertex -17.5 30.3109 2.5
      vertex -19.445 29.1014 2.5
    endloop
  endfacet
  facet normal -0 0 1
    outer loop
      vertex -20.3914 20.1422 2.5
      vertex -15.7278 15.489 2.5
      vertex -20.3231 20.1982 2.5
    endloop
  endfacet
  facet normal 0 0 1
    outer loop
      vertex -15.6607 15.5607 2.5
      vertex -20.3231 20.1982 2.5
      vertex -15.7278 15.489 2.5
    endloop
  endfacet
  facet normal 0 0 1
    outer loop
      vertex -15.589 15.6278 2.5
      vertex -20.2586 20.2586 2.5
      vertex -15.6607 15.5607 2.5
    endloop
  endfacet
  facet normal -0 0 1
    outer loop
      vertex -20.2586 20.2586 2.5
      vertex -15.589 15.6278 2.5
      vertex -20.1982 20.3231 2.5
    endloop
  endfacet
  facet normal 0 0 1
    outer loop
      vertex -17.5 30.3109 2.5
      vertex -19.8891 21.4766 2.5
      vertex -19.8748 21.3894 2.5
    endloop
  endfacet
  facet normal 0 0 1
    outer loop
      vertex -17.5 30.3109 2.5
      vertex -19.9092 21.5626 2.5
      vertex -19.8891 21.4766 2.5
    endloop
  endfacet
  facet normal 0 0 1
    outer loop
      vertex -17.5 30.3109 2.5
      vertex -19.9348 21.6471 2.5
      vertex -19.9092 21.5626 2.5
    endloop
  endfacet
  facet normal 0 0 1
    outer loop
      vertex -17.5 30.3109 2.5
      vertex -19.966 21.7298 2.5
      vertex -19.9348 21.6471 2.5
    endloop
  endfacet
  facet normal 0 0 1
    outer loop
      vertex -17.5 30.3109 2.5
      vertex -20.0024 21.8103 2.5
      vertex -19.966 21.7298 2.5
    endloop
  endfacet
  facet normal 0 0 1
    outer loop
      vertex -17.5 30.3109 2.5
      vertex -20.0441 21.8882 2.5
      vertex -20.0024 21.8103 2.5
    endloop
  endfacet
  facet normal 0 0 1
    outer loop
      vertex -17.5 30.3109 2.5
      vertex -20.0907 21.9632 2.5
      vertex -20.0441 21.8882 2.5
    endloop
  endfacet
  facet normal 0 0 1
    outer loop
      vertex -19.445 29.1014 2.5
      vertex -20.1422 22.035 2.5
      vertex -20.0907 21.9632 2.5
    endloop
  endfacet
  facet normal 0 0 1
    outer loop
      vertex -19.445 29.1014 2.5
      vertex -20.1982 22.1033 2.5
      vertex -20.1422 22.035 2.5
    endloop
  endfacet
  facet normal 0 0 1
    outer loop
      vertex -19.445 29.1014 2.5
      vertex -20.2586 22.1678 2.5
      vertex -20.1982 22.1033 2.5
    endloop
  endfacet
  facet normal 0 0 1
    outer loop
      vertex -19.445 29.1014 2.5
      vertex -20.3231 22.2282 2.5
      vertex -20.2586 22.1678 2.5
    endloop
  endfacet
  facet normal 0 0 1
    outer loop
      vertex -19.445 29.1014 2.5
      vertex -20.3914 22.2842 2.5
      vertex -20.3231 22.2282 2.5
    endloop
  endfacet
  facet normal 0 0 1
    outer loop
      vertex -19.445 29.1014 2.5
      vertex -20.4632 22.3357 2.5
      vertex -20.3914 22.2842 2.5
    endloop
  endfacet
  facet normal -0 0 1
    outer loop
      vertex -21.3066 27.7674 2.5
      vertex -20.4632 22.3357 2.5
      vertex -19.445 29.1014 2.5
    endloop
  endfacet
  facet normal 0 0 1
    outer loop
      vertex -20.4632 22.3357 2.5
      vertex -21.3066 27.7674 2.5
      vertex -20.5382 22.3823 2.5
    endloop
  endfacet
  facet normal 0 0 1
    outer loop
      vertex -20.5382 22.3823 2.5
      vertex -21.3066 27.7674 2.5
      vertex -20.6161 22.424 2.5
    endloop
  endfacet
  facet normal 0 0 1
    outer loop
      vertex -20.6161 22.424 2.5
      vertex -21.3066 27.7674 2.5
      vertex -20.6966 22.4604 2.5
    endloop
  endfacet
  facet normal 0 0 1
    outer loop
      vertex -20.6966 22.4604 2.5
      vertex -21.3066 27.7674 2.5
      vertex -20.7793 22.4916 2.5
    endloop
  endfacet
  facet normal 0 0 1
    outer loop
      vertex -20.7793 22.4916 2.5
      vertex -21.3066 27.7674 2.5
      vertex -20.8638 22.5172 2.5
    endloop
  endfacet
  facet normal 0 0 1
    outer loop
      vertex -20.8638 22.5172 2.5
      vertex -21.3066 27.7674 2.5
      vertex -20.9498 22.5373 2.5
    endloop
  endfacet
  facet normal 0 0 1
    outer loop
      vertex -20.9498 22.5373 2.5
      vertex -21.3066 27.7674 2.5
      vertex -21.037 22.5517 2.5
    endloop
  endfacet
  facet normal -0 0 1
    outer loop
      vertex -23.0771 26.3144 2.5
      vertex -21.037 22.5517 2.5
      vertex -21.3066 27.7674 2.5
    endloop
  endfacet
  facet normal 0 0 1
    outer loop
      vertex -21.037 22.5517 2.5
      vertex -23.0771 26.3144 2.5
      vertex -21.1249 22.5603 2.5
    endloop
  endfacet
  facet normal 0 0 1
    outer loop
      vertex -21.1249 22.5603 2.5
      vertex -23.0771 26.3144 2.5
      vertex -21.2132 22.5632 2.5
    endloop
  endfacet
  facet normal 0 0 1
    outer loop
      vertex -21.2132 22.5632 2.5
      vertex -23.0771 26.3144 2.5
      vertex -21.3015 22.5603 2.5
    endloop
  endfacet
  facet normal 0 0 1
    outer loop
      vertex -21.3015 22.5603 2.5
      vertex -23.0771 26.3144 2.5
      vertex -21.3894 22.5517 2.5
    endloop
  endfacet
  facet normal 0 0 1
    outer loop
      vertex -21.3894 22.5517 2.5
      vertex -23.0771 26.3144 2.5
      vertex -21.4766 22.5373 2.5
    endloop
  endfacet
  facet normal 0 0 1
    outer loop
      vertex -21.4766 22.5373 2.5
      vertex -23.0771 26.3144 2.5
      vertex -21.5626 22.5172 2.5
    endloop
  endfacet
  facet normal 0 0 1
    outer loop
      vertex -21.5626 22.5172 2.5
      vertex -23.0771 26.3144 2.5
      vertex -21.6471 22.4916 2.5
    endloop
  endfacet
  facet normal 0 0 1
    outer loop
      vertex -21.6471 22.4916 2.5
      vertex -23.0771 26.3144 2.5
      vertex -21.7298 22.4604 2.5
    endloop
  endfacet
  facet normal 0 0 1
    outer loop
      vertex -21.7298 22.4604 2.5
      vertex -23.0771 26.3144 2.5
      vertex -21.8103 22.424 2.5
    endloop
  endfacet
  facet normal -0 0 1
    outer loop
      vertex -24.7487 24.7487 2.5
      vertex -21.8103 22.424 2.5
      vertex -23.0771 26.3144 2.5
    endloop
  endfacet
  facet normal 0 0 1
    outer loop
      vertex -21.8103 22.424 2.5
      vertex -24.7487 24.7487 2.5
      vertex -21.8882 22.3823 2.5
    endloop
  endfacet
  facet normal 0 0 1
    outer loop
      vertex -21.8882 22.3823 2.5
      vertex -24.7487 24.7487 2.5
      vertex -21.9632 22.3357 2.5
    endloop
  endfacet
  facet normal 0 0 1
    outer loop
      vertex -21.9632 22.3357 2.5
      vertex -24.7487 24.7487 2.5
      vertex -22.035 22.2842 2.5
    endloop
  endfacet
  facet normal 0 0 1
    outer loop
      vertex -22.035 22.2842 2.5
      vertex -24.7487 24.7487 2.5
      vertex -22.1033 22.2282 2.5
    endloop
  endfacet
  facet normal 0 0 1
    outer loop
      vertex -22.1033 22.2282 2.5
      vertex -24.7487 24.7487 2.5
      vertex -22.1678 22.1678 2.5
    endloop
  endfacet
  facet normal 0 0 1
    outer loop
      vertex -22.1678 22.1678 2.5
      vertex -24.7487 24.7487 2.5
      vertex -22.2282 22.1033 2.5
    endloop
  endfacet
  facet normal 0 0 1
    outer loop
      vertex -22.2282 22.1033 2.5
      vertex -24.7487 24.7487 2.5
      vertex -22.2842 22.035 2.5
    endloop
  endfacet
  facet normal 0 0 1
    outer loop
      vertex -22.2842 22.035 2.5
      vertex -24.7487 24.7487 2.5
      vertex -22.3357 21.9632 2.5
    endloop
  endfacet
  facet normal 0 0 1
    outer loop
      vertex -22.3357 21.9632 2.5
      vertex -24.7487 24.7487 2.5
      vertex -22.3823 21.8882 2.5
    endloop
  endfacet
  facet normal 0 0 1
    outer loop
      vertex -22.3823 21.8882 2.5
      vertex -24.7487 24.7487 2.5
      vertex -22.424 21.8103 2.5
    endloop
  endfacet
  facet normal -0 0 1
    outer loop
      vertex -26.3144 23.0771 2.5
      vertex -22.424 21.8103 2.5
      vertex -24.7487 24.7487 2.5
    endloop
  endfacet
  facet normal 0 0 1
    outer loop
      vertex -22.424 21.8103 2.5
      vertex -26.3144 23.0771 2.5
      vertex -22.4604 21.7298 2.5
    endloop
  endfacet
  facet normal 0 0 1
    outer loop
      vertex -16.0968 9.40189 2.5
      vertex -22.7074 3.97118 2.5
      vertex -22.6118 3.94889 2.5
    endloop
  endfacet
  facet normal 0 0 1
    outer loop
      vertex -22.5603 21.1249 2.5
      vertex -22.8042 3.98717 2.5
      vertex -22.7074 3.97118 2.5
    endloop
  endfacet
  facet normal 0 0 1
    outer loop
      vertex -22.5603 21.1249 2.5
      vertex -22.9019 3.99679 2.5
      vertex -22.8042 3.98717 2.5
    endloop
  endfacet
  facet normal 0 0 1
    outer loop
      vertex -22.5603 21.1249 2.5
      vertex -23 4 2.5
      vertex -22.9019 3.99679 2.5
    endloop
  endfacet
  facet normal 0 0 1
    outer loop
      vertex -22.4604 21.7298 2.5
      vertex -26.3144 23.0771 2.5
      vertex -22.4916 21.6471 2.5
    endloop
  endfacet
  facet normal 0 0 1
    outer loop
      vertex -22.4916 21.6471 2.5
      vertex -26.3144 23.0771 2.5
      vertex -22.5172 21.5626 2.5
    endloop
  endfacet
  facet normal 0 0 1
    outer loop
      vertex -22.5172 21.5626 2.5
      vertex -26.3144 23.0771 2.5
      vertex -22.5373 21.4766 2.5
    endloop
  endfacet
  facet normal 0 0 1
    outer loop
      vertex -22.5373 21.4766 2.5
      vertex -26.3144 23.0771 2.5
      vertex -22.5517 21.3894 2.5
    endloop
  endfacet
  facet normal 0 0 1
    outer loop
      vertex -22.5517 21.3894 2.5
      vertex -26.3144 23.0771 2.5
      vertex -22.5603 21.3015 2.5
    endloop
  endfacet
  facet normal 0 0 1
    outer loop
      vertex -22.5603 21.3015 2.5
      vertex -26.3144 23.0771 2.5
      vertex -22.5632 21.2132 2.5
    endloop
  endfacet
  facet normal 0 0 1
    outer loop
      vertex -22.5603 21.1249 2.5
      vertex -26.3144 23.0771 2.5
      vertex -27.7674 21.3066 2.5
    endloop
  endfacet
  facet normal 0 0 1
    outer loop
      vertex -22.5603 21.1249 2.5
      vertex -27.7674 21.3066 2.5
      vertex -29.1014 19.445 2.5
    endloop
  endfacet
  facet normal 0 0 1
    outer loop
      vertex -22.5603 21.1249 2.5
      vertex -29.1014 19.445 2.5
      vertex -30.3109 17.5 2.5
    endloop
  endfacet
  facet normal 0 0 1
    outer loop
      vertex -22.5603 21.1249 2.5
      vertex -30.3109 17.5 2.5
      vertex -23 4 2.5
    endloop
  endfacet
  facet normal 0 0 1
    outer loop
      vertex -23 4 2.5
      vertex -30.3109 17.5 2.5
      vertex -23.0981 3.99679 2.5
    endloop
  endfacet
  facet normal -0 0 1
    outer loop
      vertex -31.3905 15.4801 2.5
      vertex -23.0981 3.99679 2.5
      vertex -30.3109 17.5 2.5
    endloop
  endfacet
  facet normal 0 0 1
    outer loop
      vertex -23.0981 3.99679 2.5
      vertex -31.3905 15.4801 2.5
      vertex -23.1958 3.98717 2.5
    endloop
  endfacet
  facet normal 0 0 1
    outer loop
      vertex -23.1958 3.98717 2.5
      vertex -31.3905 15.4801 2.5
      vertex -23.2926 3.97118 2.5
    endloop
  endfacet
  facet normal 0 0 1
    outer loop
      vertex -23.2926 3.97118 2.5
      vertex -31.3905 15.4801 2.5
      vertex -23.3882 3.94889 2.5
    endloop
  endfacet
  facet normal -0 0 1
    outer loop
      vertex -32.3358 13.3939 2.5
      vertex -23.3882 3.94889 2.5
      vertex -31.3905 15.4801 2.5
    endloop
  endfacet
  facet normal 0 0 1
    outer loop
      vertex -23.3882 3.94889 2.5
      vertex -32.3358 13.3939 2.5
      vertex -23.4822 3.92039 2.5
    endloop
  endfacet
  facet normal 0 0 1
    outer loop
      vertex -23.4822 3.92039 2.5
      vertex -32.3358 13.3939 2.5
      vertex -23.574 3.88582 2.5
    endloop
  endfacet
  facet normal 0 0 1
    outer loop
      vertex -23.574 3.88582 2.5
      vertex -32.3358 13.3939 2.5
      vertex -23.6634 3.84531 2.5
    endloop
  endfacet
  facet normal -0 0 1
    outer loop
      vertex -33.1426 11.2504 2.5
      vertex -23.6634 3.84531 2.5
      vertex -32.3358 13.3939 2.5
    endloop
  endfacet
  facet normal 0 0 1
    outer loop
      vertex -23.6634 3.84531 2.5
      vertex -33.1426 11.2504 2.5
      vertex -23.75 3.79904 2.5
    endloop
  endfacet
  facet normal 0 0 1
    outer loop
      vertex -23.75 3.79904 2.5
      vertex -33.1426 11.2504 2.5
      vertex -23.8334 3.7472 2.5
    endloop
  endfacet
  facet normal 0 0 1
    outer loop
      vertex -23.8334 3.7472 2.5
      vertex -33.1426 11.2504 2.5
      vertex -23.9131 3.69003 2.5
    endloop
  endfacet
  facet normal -0 0 1
    outer loop
      vertex -33.8074 9.05867 2.5
      vertex -23.9131 3.69003 2.5
      vertex -33.1426 11.2504 2.5
    endloop
  endfacet
  facet normal 0 0 1
    outer loop
      vertex -23.9131 3.69003 2.5
      vertex -33.8074 9.05867 2.5
      vertex -23.989 3.62776 2.5
    endloop
  endfacet
  facet normal 0 0 1
    outer loop
      vertex -23.989 3.62776 2.5
      vertex -33.8074 9.05867 2.5
      vertex -24.0607 3.56066 2.5
    endloop
  endfacet
  facet normal 0 0 1
    outer loop
      vertex -24.0607 3.56066 2.5
      vertex -33.8074 9.05867 2.5
      vertex -24.1278 3.48902 2.5
    endloop
  endfacet
  facet normal 0 0 1
    outer loop
      vertex -24.1278 3.48902 2.5
      vertex -33.8074 9.05867 2.5
      vertex -24.19 3.41314 2.5
    endloop
  endfacet
  facet normal 0 0 1
    outer loop
      vertex -24.2472 3.33335 2.5
      vertex -34.3275 6.82816 2.5
      vertex -24.299 3.25 2.5
    endloop
  endfacet
  facet normal 0 0 1
    outer loop
      vertex -24.19 3.41314 2.5
      vertex -34.3275 6.82816 2.5
      vertex -24.2472 3.33335 2.5
    endloop
  endfacet
  facet normal -0 0 1
    outer loop
      vertex -34.3275 6.82816 2.5
      vertex -24.19 3.41314 2.5
      vertex -33.8074 9.05867 2.5
    endloop
  endfacet
  facet normal 0 0 1
    outer loop
      vertex -15 -15.9137 2.5
      vertex -19.8661 -21.3015 2.5
      vertex -19.8748 -21.3894 2.5
    endloop
  endfacet
  facet normal 0 0 1
    outer loop
      vertex -15 -15.9137 2.5
      vertex -19.8748 -21.3894 2.5
      vertex -19.8891 -21.4766 2.5
    endloop
  endfacet
  facet normal 0 0 1
    outer loop
      vertex -15.79 15.4131 2.5
      vertex -20.4632 20.0907 2.5
      vertex -15.8472 15.3334 2.5
    endloop
  endfacet
  facet normal 0 0 1
    outer loop
      vertex -15 -15.9137 2.5
      vertex -19.8632 -21.2132 2.5
      vertex -19.8661 -21.3015 2.5
    endloop
  endfacet
  facet normal 0 0 1
    outer loop
      vertex -15.69 -8.58686 2.5
      vertex -21.8722 -3.48902 2.5
      vertex -15.7472 -8.66664 2.5
    endloop
  endfacet
  facet normal 0 0 1
    outer loop
      vertex -15 -15.9137 2.5
      vertex -19.8661 -21.1249 2.5
      vertex -19.8632 -21.2132 2.5
    endloop
  endfacet
  facet normal 0 0 1
    outer loop
      vertex -16.0204 9.01784 2.5
      vertex -21.5128 2.69579 2.5
      vertex -21.5032 2.5981 2.5
    endloop
  endfacet
  facet normal -0 0 1
    outer loop
      vertex -21.9393 -3.56066 2.5
      vertex -15.7472 -8.66664 2.5
      vertex -21.8722 -3.48902 2.5
    endloop
  endfacet
  facet normal -0 0 1
    outer loop
      vertex -20.5382 20.0441 2.5
      vertex -15.8472 15.3334 2.5
      vertex -20.4632 20.0907 2.5
    endloop
  endfacet
  facet normal 0 0 1
    outer loop
      vertex -15 -15.9137 2.5
      vertex -19.8748 -21.037 2.5
      vertex -19.8661 -21.1249 2.5
    endloop
  endfacet
  facet normal 0 0 1
    outer loop
      vertex -15.8472 15.3334 2.5
      vertex -20.5382 20.0441 2.5
      vertex -15.899 15.25 2.5
    endloop
  endfacet
  facet normal 0 0 1
    outer loop
      vertex -15 -15.9137 2.5
      vertex -19.9092 -20.8638 2.5
      vertex -19.8891 -20.9498 2.5
    endloop
  endfacet
  facet normal -0 0 1
    outer loop
      vertex -20.6161 20.0024 2.5
      vertex -15.899 15.25 2.5
      vertex -20.5382 20.0441 2.5
    endloop
  endfacet
  facet normal 0 0 1
    outer loop
      vertex -15 -15.9137 2.5
      vertex -19.8891 -20.9498 2.5
      vertex -19.8748 -21.037 2.5
    endloop
  endfacet
  facet normal 0 0 1
    outer loop
      vertex -15.899 15.25 2.5
      vertex -20.6161 20.0024 2.5
      vertex -15.9453 15.1634 2.5
    endloop
  endfacet
  facet normal 0 0 1
    outer loop
      vertex -15.7472 -8.66664 2.5
      vertex -21.9393 -3.56066 2.5
      vertex -15.799 -8.75 2.5
    endloop
  endfacet
  facet normal -0 0 1
    outer loop
      vertex -20.6966 19.966 2.5
      vertex -15.9453 15.1634 2.5
      vertex -20.6161 20.0024 2.5
    endloop
  endfacet
  facet normal 0 0 1
    outer loop
      vertex -15 -15.9137 2.5
      vertex -19.9348 -20.7793 2.5
      vertex -19.9092 -20.8638 2.5
    endloop
  endfacet
  facet normal 0 0 1
    outer loop
      vertex -15.9453 15.1634 2.5
      vertex -20.6966 19.966 2.5
      vertex -15.9858 15.074 2.5
    endloop
  endfacet
  facet normal -0 0 1
    outer loop
      vertex -22.011 -3.62776 2.5
      vertex -15.799 -8.75 2.5
      vertex -21.9393 -3.56066 2.5
    endloop
  endfacet
  facet normal -0 0 1
    outer loop
      vertex -20.7793 19.9348 2.5
      vertex -15.9858 15.074 2.5
      vertex -20.6966 19.966 2.5
    endloop
  endfacet
  facet normal 0 0 1
    outer loop
      vertex -15.074 -15.8858 2.5
      vertex -19.966 -20.6966 2.5
      vertex -19.9348 -20.7793 2.5
    endloop
  endfacet
  facet normal 0 0 1
    outer loop
      vertex -15.9858 15.074 2.5
      vertex -20.7793 19.9348 2.5
      vertex -16.0204 14.9822 2.5
    endloop
  endfacet
  facet normal 0 0 1
    outer loop
      vertex -15.799 -8.75 2.5
      vertex -22.011 -3.62776 2.5
      vertex -15.8453 -8.83657 2.5
    endloop
  endfacet
  facet normal -0 0 1
    outer loop
      vertex -20.8638 19.9092 2.5
      vertex -16.0204 14.9822 2.5
      vertex -20.7793 19.9348 2.5
    endloop
  endfacet
  facet normal 0 0 1
    outer loop
      vertex -15.1634 -15.8453 2.5
      vertex -20.0024 -20.6161 2.5
      vertex -19.966 -20.6966 2.5
    endloop
  endfacet
  facet normal 0 0 1
    outer loop
      vertex -16.0204 14.9822 2.5
      vertex -20.8638 19.9092 2.5
      vertex -16.0489 14.8882 2.5
    endloop
  endfacet
  facet normal -0 0 1
    outer loop
      vertex -22.0869 -3.69003 2.5
      vertex -15.8453 -8.83657 2.5
      vertex -22.011 -3.62776 2.5
    endloop
  endfacet
  facet normal -0 0 1
    outer loop
      vertex -20.9498 19.8891 2.5
      vertex -16.0489 14.8882 2.5
      vertex -20.8638 19.9092 2.5
    endloop
  endfacet
  facet normal 0 0 1
    outer loop
      vertex -15.25 -15.799 2.5
      vertex -20.0441 -20.5382 2.5
      vertex -20.0024 -20.6161 2.5
    endloop
  endfacet
  facet normal 0 0 1
    outer loop
      vertex -16.0489 14.8882 2.5
      vertex -20.9498 19.8891 2.5
      vertex -16.0712 14.7926 2.5
    endloop
  endfacet
  facet normal 0 0 1
    outer loop
      vertex -15.8453 -8.83657 2.5
      vertex -22.0869 -3.69003 2.5
      vertex -15.8858 -8.92597 2.5
    endloop
  endfacet
  facet normal -0 0 1
    outer loop
      vertex -21.037 19.8748 2.5
      vertex -16.0712 14.7926 2.5
      vertex -20.9498 19.8891 2.5
    endloop
  endfacet
  facet normal 0 0 1
    outer loop
      vertex -15.3334 -15.7472 2.5
      vertex -20.0907 -20.4632 2.5
      vertex -20.0441 -20.5382 2.5
    endloop
  endfacet
  facet normal 0 0 1
    outer loop
      vertex -16.0712 14.7926 2.5
      vertex -21.037 19.8748 2.5
      vertex -16.0872 14.6958 2.5
    endloop
  endfacet
  facet normal -0 0 1
    outer loop
      vertex -22.1666 -3.7472 2.5
      vertex -15.8858 -8.92597 2.5
      vertex -22.0869 -3.69003 2.5
    endloop
  endfacet
  facet normal -0 0 1
    outer loop
      vertex -21.1249 19.8661 2.5
      vertex -16.0872 14.6958 2.5
      vertex -21.037 19.8748 2.5
    endloop
  endfacet
  facet normal 0 0 1
    outer loop
      vertex -15.4131 -15.69 2.5
      vertex -20.1422 -20.3914 2.5
      vertex -20.0907 -20.4632 2.5
    endloop
  endfacet
  facet normal 0 0 1
    outer loop
      vertex -16.0872 14.6958 2.5
      vertex -21.1249 19.8661 2.5
      vertex -16.0968 14.5981 2.5
    endloop
  endfacet
  facet normal 0 0 1
    outer loop
      vertex -15.8858 -8.92597 2.5
      vertex -22.1666 -3.7472 2.5
      vertex -15.9204 -9.01784 2.5
    endloop
  endfacet
  facet normal -0 0 1
    outer loop
      vertex -21.2132 19.8632 2.5
      vertex -16.0968 14.5981 2.5
      vertex -21.1249 19.8661 2.5
    endloop
  endfacet
  facet normal 0 0 1
    outer loop
      vertex -15.489 -15.6278 2.5
      vertex -20.1982 -20.3231 2.5
      vertex -20.1422 -20.3914 2.5
    endloop
  endfacet
  facet normal 0 0 1
    outer loop
      vertex -16.0968 14.5981 2.5
      vertex -21.2132 19.8632 2.5
      vertex -16.1 14.5 2.5
    endloop
  endfacet
  facet normal -0 0 1
    outer loop
      vertex -22.25 -3.79904 2.5
      vertex -15.9204 -9.01784 2.5
      vertex -22.1666 -3.7472 2.5
    endloop
  endfacet
  facet normal 0 0 1
    outer loop
      vertex -21.3015 19.8661 2.5
      vertex -16.1 14.5 2.5
      vertex -21.2132 19.8632 2.5
    endloop
  endfacet
  facet normal 0 0 1
    outer loop
      vertex -15.5607 -15.5607 2.5
      vertex -20.2586 -20.2586 2.5
      vertex -20.1982 -20.3231 2.5
    endloop
  endfacet
  facet normal 0 0 1
    outer loop
      vertex -21.3894 19.8748 2.5
      vertex -16.1 14.5 2.5
      vertex -21.3015 19.8661 2.5
    endloop
  endfacet
  facet normal 0 0 1
    outer loop
      vertex -15.9204 -9.01784 2.5
      vertex -22.25 -3.79904 2.5
      vertex -15.9489 -9.11177 2.5
    endloop
  endfacet
  facet normal 0 0 1
    outer loop
      vertex -21.4766 19.8891 2.5
      vertex -16.1 14.5 2.5
      vertex -21.3894 19.8748 2.5
    endloop
  endfacet
  facet normal 0 0 1
    outer loop
      vertex -15.6278 -15.489 2.5
      vertex -20.3231 -20.1982 2.5
      vertex -20.2586 -20.2586 2.5
    endloop
  endfacet
  facet normal 0 0 1
    outer loop
      vertex -21.5626 19.9092 2.5
      vertex -16.1 14.5 2.5
      vertex -21.4766 19.8891 2.5
    endloop
  endfacet
  facet normal -0 0 1
    outer loop
      vertex -22.3366 -3.84531 2.5
      vertex -15.9489 -9.11177 2.5
      vertex -22.25 -3.79904 2.5
    endloop
  endfacet
  facet normal 0 0 1
    outer loop
      vertex -22.7074 3.97118 2.5
      vertex -16.1 14.5 2.5
      vertex -21.5626 19.9092 2.5
    endloop
  endfacet
  facet normal 0 0 1
    outer loop
      vertex -15.69 -15.4131 2.5
      vertex -20.3914 -20.1422 2.5
      vertex -20.3231 -20.1982 2.5
    endloop
  endfacet
  facet normal 0 0 1
    outer loop
      vertex -15.9489 -9.11177 2.5
      vertex -22.3366 -3.84531 2.5
      vertex -15.9712 -9.20736 2.5
    endloop
  endfacet
  facet normal 0 0 1
    outer loop
      vertex -16.0204 9.01784 2.5
      vertex -21.5 2.5 2.5
      vertex -21.5 -2.5 2.5
    endloop
  endfacet
  facet normal 0 0 1
    outer loop
      vertex -16.0204 9.01784 2.5
      vertex -21.5032 2.5981 2.5
      vertex -21.5 2.5 2.5
    endloop
  endfacet
  facet normal 0 0 1
    outer loop
      vertex -16.0204 9.01784 2.5
      vertex -21.5288 2.79263 2.5
      vertex -21.5128 2.69579 2.5
    endloop
  endfacet
  facet normal 0 0 1
    outer loop
      vertex -16.0204 9.01784 2.5
      vertex -21.5511 2.88823 2.5
      vertex -21.5288 2.79263 2.5
    endloop
  endfacet
  facet normal 0 0 1
    outer loop
      vertex -16.1 14.5 2.5
      vertex -22.7074 3.97118 2.5
      vertex -16.1 9.5 2.5
    endloop
  endfacet
  facet normal 0 0 1
    outer loop
      vertex -16.0204 9.01784 2.5
      vertex -21.5796 2.98216 2.5
      vertex -21.5511 2.88823 2.5
    endloop
  endfacet
  facet normal 0 0 1
    outer loop
      vertex -16.0204 9.01784 2.5
      vertex -21.6142 3.07402 2.5
      vertex -21.5796 2.98216 2.5
    endloop
  endfacet
  facet normal 0 0 1
    outer loop
      vertex -22.7074 3.97118 2.5
      vertex -21.5626 19.9092 2.5
      vertex -21.6471 19.9348 2.5
    endloop
  endfacet
  facet normal 0 0 1
    outer loop
      vertex -16.0204 9.01784 2.5
      vertex -21.6547 3.16343 2.5
      vertex -21.6142 3.07402 2.5
    endloop
  endfacet
  facet normal 0 0 1
    outer loop
      vertex -16.0204 9.01784 2.5
      vertex -21.701 3.25 2.5
      vertex -21.6547 3.16343 2.5
    endloop
  endfacet
  facet normal 0 0 1
    outer loop
      vertex -22.7074 3.97118 2.5
      vertex -21.6471 19.9348 2.5
      vertex -21.7298 19.966 2.5
    endloop
  endfacet
  facet normal 0 0 1
    outer loop
      vertex -16.0204 9.01784 2.5
      vertex -21.7528 3.33335 2.5
      vertex -21.701 3.25 2.5
    endloop
  endfacet
  facet normal 0 0 1
    outer loop
      vertex -16.0204 9.01784 2.5
      vertex -21.81 3.41314 2.5
      vertex -21.7528 3.33335 2.5
    endloop
  endfacet
  facet normal 0 0 1
    outer loop
      vertex -22.7074 3.97118 2.5
      vertex -21.7298 19.966 2.5
      vertex -21.8103 20.0024 2.5
    endloop
  endfacet
  facet normal 0 0 1
    outer loop
      vertex -16.0204 9.01784 2.5
      vertex -21.8722 3.48902 2.5
      vertex -21.81 3.41314 2.5
    endloop
  endfacet
  facet normal 0 0 1
    outer loop
      vertex -22.7074 3.97118 2.5
      vertex -21.8103 20.0024 2.5
      vertex -21.8882 20.0441 2.5
    endloop
  endfacet
  facet normal 0 0 1
    outer loop
      vertex -16.0204 9.01784 2.5
      vertex -21.9393 3.56066 2.5
      vertex -21.8722 3.48902 2.5
    endloop
  endfacet
  facet normal 0 0 1
    outer loop
      vertex -22.7074 3.97118 2.5
      vertex -21.8882 20.0441 2.5
      vertex -21.9632 20.0907 2.5
    endloop
  endfacet
  facet normal 0 0 1
    outer loop
      vertex -16.0204 9.01784 2.5
      vertex -22.011 3.62776 2.5
      vertex -21.9393 3.56066 2.5
    endloop
  endfacet
  facet normal 0 0 1
    outer loop
      vertex -22.7074 3.97118 2.5
      vertex -21.9632 20.0907 2.5
      vertex -22.035 20.1422 2.5
    endloop
  endfacet
  facet normal 0 0 1
    outer loop
      vertex -16.0204 9.01784 2.5
      vertex -22.0869 3.69003 2.5
      vertex -22.011 3.62776 2.5
    endloop
  endfacet
  facet normal 0 0 1
    outer loop
      vertex -22.7074 3.97118 2.5
      vertex -22.035 20.1422 2.5
      vertex -22.1033 20.1982 2.5
    endloop
  endfacet
  facet normal 0 0 1
    outer loop
      vertex -16.0204 9.01784 2.5
      vertex -22.1666 3.7472 2.5
      vertex -22.0869 3.69003 2.5
    endloop
  endfacet
  facet normal 0 0 1
    outer loop
      vertex -22.7074 3.97118 2.5
      vertex -22.1033 20.1982 2.5
      vertex -22.1678 20.2586 2.5
    endloop
  endfacet
  facet normal 0 0 1
    outer loop
      vertex -22.7074 3.97118 2.5
      vertex -22.1678 20.2586 2.5
      vertex -22.2282 20.3231 2.5
    endloop
  endfacet
  facet normal 0 0 1
    outer loop
      vertex -16.0204 9.01784 2.5
      vertex -22.25 3.79904 2.5
      vertex -22.1666 3.7472 2.5
    endloop
  endfacet
  facet normal 0 0 1
    outer loop
      vertex -22.7074 3.97118 2.5
      vertex -22.2282 20.3231 2.5
      vertex -22.2842 20.3914 2.5
    endloop
  endfacet
  facet normal 0 0 1
    outer loop
      vertex -22.7074 3.97118 2.5
      vertex -22.2842 20.3914 2.5
      vertex -22.3357 20.4632 2.5
    endloop
  endfacet
  facet normal 0 0 1
    outer loop
      vertex -16.0204 9.01784 2.5
      vertex -22.3366 3.84531 2.5
      vertex -22.25 3.79904 2.5
    endloop
  endfacet
  facet normal 0 0 1
    outer loop
      vertex -22.7074 3.97118 2.5
      vertex -22.3357 20.4632 2.5
      vertex -22.3823 20.5382 2.5
    endloop
  endfacet
  facet normal 0 0 1
    outer loop
      vertex -22.7074 3.97118 2.5
      vertex -22.3823 20.5382 2.5
      vertex -22.424 20.6161 2.5
    endloop
  endfacet
  facet normal 0 0 1
    outer loop
      vertex -16.0489 9.11177 2.5
      vertex -22.426 3.88582 2.5
      vertex -22.3366 3.84531 2.5
    endloop
  endfacet
  facet normal 0 0 1
    outer loop
      vertex -22.7074 3.97118 2.5
      vertex -22.424 20.6161 2.5
      vertex -22.4604 20.6966 2.5
    endloop
  endfacet
  facet normal 0 0 1
    outer loop
      vertex -22.7074 3.97118 2.5
      vertex -22.4604 20.6966 2.5
      vertex -22.4916 20.7793 2.5
    endloop
  endfacet
  facet normal 0 0 1
    outer loop
      vertex -22.7074 3.97118 2.5
      vertex -22.4916 20.7793 2.5
      vertex -22.5172 20.8638 2.5
    endloop
  endfacet
  facet normal 0 0 1
    outer loop
      vertex -16.0712 9.20736 2.5
      vertex -22.5178 3.92039 2.5
      vertex -22.426 3.88582 2.5
    endloop
  endfacet
  facet normal 0 0 1
    outer loop
      vertex -22.7074 3.97118 2.5
      vertex -22.5172 20.8638 2.5
      vertex -22.5373 20.9498 2.5
    endloop
  endfacet
  facet normal 0 0 1
    outer loop
      vertex -22.7074 3.97118 2.5
      vertex -22.5373 20.9498 2.5
      vertex -22.5517 21.037 2.5
    endloop
  endfacet
  facet normal 0 0 1
    outer loop
      vertex -22.7074 3.97118 2.5
      vertex -22.5517 21.037 2.5
      vertex -22.5603 21.1249 2.5
    endloop
  endfacet
  facet normal 0 0 1
    outer loop
      vertex -26.3144 23.0771 2.5
      vertex -22.5603 21.1249 2.5
      vertex -22.5632 21.2132 2.5
    endloop
  endfacet
  facet normal 0 0 1
    outer loop
      vertex -16.0872 9.30421 2.5
      vertex -22.6118 3.94889 2.5
      vertex -22.5178 3.92039 2.5
    endloop
  endfacet
  facet normal 0 0 1
    outer loop
      vertex -15.7278 15.489 2.5
      vertex -20.3914 20.1422 2.5
      vertex -15.79 15.4131 2.5
    endloop
  endfacet
  facet normal 0 0 1
    outer loop
      vertex -15 -15.9137 2.5
      vertex -19.9092 -21.5626 2.5
      vertex -15 -31.6081 2.5
    endloop
  endfacet
  facet normal 0 0 1
    outer loop
      vertex -15 -31.6081 2.5
      vertex -19.9092 -21.5626 2.5
      vertex -15.4801 -31.3905 2.5
    endloop
  endfacet
  facet normal -0 0 1
    outer loop
      vertex -19.9348 -21.6471 2.5
      vertex -15.4801 -31.3905 2.5
      vertex -19.9092 -21.5626 2.5
    endloop
  endfacet
  facet normal -0 0 1
    outer loop
      vertex -19.966 -21.7298 2.5
      vertex -15.4801 -31.3905 2.5
      vertex -19.9348 -21.6471 2.5
    endloop
  endfacet
  facet normal 0 0 1
    outer loop
      vertex -15.4801 -31.3905 2.5
      vertex -19.966 -21.7298 2.5
      vertex -17.5 -30.3109 2.5
    endloop
  endfacet
  facet normal -0 0 1
    outer loop
      vertex -20.0024 -21.8103 2.5
      vertex -17.5 -30.3109 2.5
      vertex -19.966 -21.7298 2.5
    endloop
  endfacet
  facet normal -0 0 1
    outer loop
      vertex -20.0441 -21.8882 2.5
      vertex -17.5 -30.3109 2.5
      vertex -20.0024 -21.8103 2.5
    endloop
  endfacet
  facet normal -0 0 1
    outer loop
      vertex -20.0907 -21.9632 2.5
      vertex -17.5 -30.3109 2.5
      vertex -20.0441 -21.8882 2.5
    endloop
  endfacet
  facet normal 0 0 1
    outer loop
      vertex -17.5 -30.3109 2.5
      vertex -20.0907 -21.9632 2.5
      vertex -19.445 -29.1014 2.5
    endloop
  endfacet
  facet normal -0 0 1
    outer loop
      vertex -20.1422 -22.035 2.5
      vertex -19.445 -29.1014 2.5
      vertex -20.0907 -21.9632 2.5
    endloop
  endfacet
  facet normal -0 0 1
    outer loop
      vertex -20.1982 -22.1033 2.5
      vertex -19.445 -29.1014 2.5
      vertex -20.1422 -22.035 2.5
    endloop
  endfacet
  facet normal -0 0 1
    outer loop
      vertex -20.2586 -22.1678 2.5
      vertex -19.445 -29.1014 2.5
      vertex -20.1982 -22.1033 2.5
    endloop
  endfacet
  facet normal -0 0 1
    outer loop
      vertex -20.3231 -22.2282 2.5
      vertex -19.445 -29.1014 2.5
      vertex -20.2586 -22.1678 2.5
    endloop
  endfacet
  facet normal -0 0 1
    outer loop
      vertex -20.3914 -22.2842 2.5
      vertex -19.445 -29.1014 2.5
      vertex -20.3231 -22.2282 2.5
    endloop
  endfacet
  facet normal -0 0 1
    outer loop
      vertex -20.4632 -22.3357 2.5
      vertex -19.445 -29.1014 2.5
      vertex -20.3914 -22.2842 2.5
    endloop
  endfacet
  facet normal 0 0 1
    outer loop
      vertex -21.3066 -27.7674 2.5
      vertex -20.4632 -22.3357 2.5
      vertex -20.5382 -22.3823 2.5
    endloop
  endfacet
  facet normal 0 0 1
    outer loop
      vertex -21.3066 -27.7674 2.5
      vertex -20.5382 -22.3823 2.5
      vertex -20.6161 -22.424 2.5
    endloop
  endfacet
  facet normal 0 0 1
    outer loop
      vertex -21.3066 -27.7674 2.5
      vertex -20.6161 -22.424 2.5
      vertex -20.6966 -22.4604 2.5
    endloop
  endfacet
  facet normal 0 0 1
    outer loop
      vertex -21.3066 -27.7674 2.5
      vertex -20.6966 -22.4604 2.5
      vertex -20.7793 -22.4916 2.5
    endloop
  endfacet
  facet normal 0 0 1
    outer loop
      vertex -21.3066 -27.7674 2.5
      vertex -20.7793 -22.4916 2.5
      vertex -20.8638 -22.5172 2.5
    endloop
  endfacet
  facet normal 0 0 1
    outer loop
      vertex -21.3066 -27.7674 2.5
      vertex -20.8638 -22.5172 2.5
      vertex -20.9498 -22.5373 2.5
    endloop
  endfacet
  facet normal 0 0 1
    outer loop
      vertex -21.3066 -27.7674 2.5
      vertex -20.9498 -22.5373 2.5
      vertex -21.037 -22.5517 2.5
    endloop
  endfacet
  facet normal 0 0 1
    outer loop
      vertex -23.0771 -26.3144 2.5
      vertex -21.037 -22.5517 2.5
      vertex -21.1249 -22.5603 2.5
    endloop
  endfacet
  facet normal 0 0 1
    outer loop
      vertex -23.0771 -26.3144 2.5
      vertex -21.1249 -22.5603 2.5
      vertex -21.2132 -22.5632 2.5
    endloop
  endfacet
  facet normal 0 0 1
    outer loop
      vertex -23.0771 -26.3144 2.5
      vertex -21.2132 -22.5632 2.5
      vertex -21.3015 -22.5603 2.5
    endloop
  endfacet
  facet normal 0 0 1
    outer loop
      vertex -20.4632 -22.3357 2.5
      vertex -21.3066 -27.7674 2.5
      vertex -19.445 -29.1014 2.5
    endloop
  endfacet
  facet normal 0 0 1
    outer loop
      vertex -23.0771 -26.3144 2.5
      vertex -21.3015 -22.5603 2.5
      vertex -21.3894 -22.5517 2.5
    endloop
  endfacet
  facet normal 0 0 1
    outer loop
      vertex -23.0771 -26.3144 2.5
      vertex -21.3894 -22.5517 2.5
      vertex -21.4766 -22.5373 2.5
    endloop
  endfacet
  facet normal 0 0 1
    outer loop
      vertex -23.0771 -26.3144 2.5
      vertex -21.4766 -22.5373 2.5
      vertex -21.5626 -22.5172 2.5
    endloop
  endfacet
  facet normal 0 0 1
    outer loop
      vertex -23.0771 -26.3144 2.5
      vertex -21.5626 -22.5172 2.5
      vertex -21.6471 -22.4916 2.5
    endloop
  endfacet
  facet normal 0 0 1
    outer loop
      vertex -23.0771 -26.3144 2.5
      vertex -21.6471 -22.4916 2.5
      vertex -21.7298 -22.4604 2.5
    endloop
  endfacet
  facet normal 0 0 1
    outer loop
      vertex -23.0771 -26.3144 2.5
      vertex -21.7298 -22.4604 2.5
      vertex -21.8103 -22.424 2.5
    endloop
  endfacet
  facet normal 0 0 1
    outer loop
      vertex -24.7487 -24.7487 2.5
      vertex -21.8103 -22.424 2.5
      vertex -21.8882 -22.3823 2.5
    endloop
  endfacet
  facet normal 0 0 1
    outer loop
      vertex -24.7487 -24.7487 2.5
      vertex -21.8882 -22.3823 2.5
      vertex -21.9632 -22.3357 2.5
    endloop
  endfacet
  facet normal 0 0 1
    outer loop
      vertex -24.7487 -24.7487 2.5
      vertex -21.9632 -22.3357 2.5
      vertex -22.035 -22.2842 2.5
    endloop
  endfacet
  facet normal 0 0 1
    outer loop
      vertex -24.7487 -24.7487 2.5
      vertex -22.035 -22.2842 2.5
      vertex -22.1033 -22.2282 2.5
    endloop
  endfacet
  facet normal 0 0 1
    outer loop
      vertex -24.7487 -24.7487 2.5
      vertex -22.1033 -22.2282 2.5
      vertex -22.1678 -22.1678 2.5
    endloop
  endfacet
  facet normal 0 0 1
    outer loop
      vertex -24.7487 -24.7487 2.5
      vertex -22.1678 -22.1678 2.5
      vertex -22.2282 -22.1033 2.5
    endloop
  endfacet
  facet normal 0 0 1
    outer loop
      vertex -24.7487 -24.7487 2.5
      vertex -22.2282 -22.1033 2.5
      vertex -22.2842 -22.035 2.5
    endloop
  endfacet
  facet normal 0 0 1
    outer loop
      vertex -24.7487 -24.7487 2.5
      vertex -22.2842 -22.035 2.5
      vertex -22.3357 -21.9632 2.5
    endloop
  endfacet
  facet normal 0 0 1
    outer loop
      vertex -24.7487 -24.7487 2.5
      vertex -22.3357 -21.9632 2.5
      vertex -22.3823 -21.8882 2.5
    endloop
  endfacet
  facet normal 0 0 1
    outer loop
      vertex -24.7487 -24.7487 2.5
      vertex -22.3823 -21.8882 2.5
      vertex -22.424 -21.8103 2.5
    endloop
  endfacet
  facet normal 0 0 1
    outer loop
      vertex -26.3144 -23.0771 2.5
      vertex -22.424 -21.8103 2.5
      vertex -22.4604 -21.7298 2.5
    endloop
  endfacet
  facet normal 0 0 1
    outer loop
      vertex -26.3144 -23.0771 2.5
      vertex -22.4604 -21.7298 2.5
      vertex -22.4916 -21.6471 2.5
    endloop
  endfacet
  facet normal 0 0 1
    outer loop
      vertex -26.3144 -23.0771 2.5
      vertex -22.4916 -21.6471 2.5
      vertex -22.5172 -21.5626 2.5
    endloop
  endfacet
  facet normal 0 0 1
    outer loop
      vertex -26.3144 -23.0771 2.5
      vertex -22.5172 -21.5626 2.5
      vertex -22.5373 -21.4766 2.5
    endloop
  endfacet
  facet normal 0 0 1
    outer loop
      vertex -22.3357 -20.4632 2.5
      vertex -27.7674 -21.3066 2.5
      vertex -22.3823 -20.5382 2.5
    endloop
  endfacet
  facet normal 0 0 1
    outer loop
      vertex -22.3823 -20.5382 2.5
      vertex -27.7674 -21.3066 2.5
      vertex -22.424 -20.6161 2.5
    endloop
  endfacet
  facet normal 0 0 1
    outer loop
      vertex -22.4916 -20.7793 2.5
      vertex -27.7674 -21.3066 2.5
      vertex -22.5172 -20.8638 2.5
    endloop
  endfacet
  facet normal 0 0 1
    outer loop
      vertex -22.5172 -20.8638 2.5
      vertex -27.7674 -21.3066 2.5
      vertex -22.5373 -20.9498 2.5
    endloop
  endfacet
  facet normal 0 0 1
    outer loop
      vertex -21.037 -22.5517 2.5
      vertex -23.0771 -26.3144 2.5
      vertex -21.3066 -27.7674 2.5
    endloop
  endfacet
  facet normal 0 0 1
    outer loop
      vertex -26.3144 -23.0771 2.5
      vertex -22.5373 -21.4766 2.5
      vertex -22.5517 -21.3894 2.5
    endloop
  endfacet
  facet normal 0 0 1
    outer loop
      vertex -26.3144 -23.0771 2.5
      vertex -22.5517 -21.3894 2.5
      vertex -22.5603 -21.3015 2.5
    endloop
  endfacet
  facet normal 0 0 1
    outer loop
      vertex -26.3144 -23.0771 2.5
      vertex -22.5603 -21.3015 2.5
      vertex -22.5632 -21.2132 2.5
    endloop
  endfacet
  facet normal 0 0 1
    outer loop
      vertex -22.5373 -20.9498 2.5
      vertex -27.7674 -21.3066 2.5
      vertex -22.5517 -21.037 2.5
    endloop
  endfacet
  facet normal 0 0 1
    outer loop
      vertex -22.4604 -20.6966 2.5
      vertex -27.7674 -21.3066 2.5
      vertex -22.4916 -20.7793 2.5
    endloop
  endfacet
  facet normal 0 0 1
    outer loop
      vertex -31.3905 -15.4801 2.5
      vertex -23.0981 -3.99679 2.5
      vertex -23.1958 -3.98717 2.5
    endloop
  endfacet
  facet normal 0 0 1
    outer loop
      vertex -31.3905 -15.4801 2.5
      vertex -23.1958 -3.98717 2.5
      vertex -23.2926 -3.97118 2.5
    endloop
  endfacet
  facet normal 0 0 1
    outer loop
      vertex -31.3905 -15.4801 2.5
      vertex -23.2926 -3.97118 2.5
      vertex -23.3882 -3.94889 2.5
    endloop
  endfacet
  facet normal 0 0 1
    outer loop
      vertex -32.3358 -13.3939 2.5
      vertex -23.3882 -3.94889 2.5
      vertex -23.4822 -3.92039 2.5
    endloop
  endfacet
  facet normal 0 0 1
    outer loop
      vertex -32.3358 -13.3939 2.5
      vertex -23.4822 -3.92039 2.5
      vertex -23.574 -3.88582 2.5
    endloop
  endfacet
  facet normal 0 0 1
    outer loop
      vertex -32.3358 -13.3939 2.5
      vertex -23.574 -3.88582 2.5
      vertex -23.6634 -3.84531 2.5
    endloop
  endfacet
  facet normal 0 0 1
    outer loop
      vertex -33.1426 -11.2504 2.5
      vertex -23.6634 -3.84531 2.5
      vertex -23.75 -3.79904 2.5
    endloop
  endfacet
  facet normal 0 0 1
    outer loop
      vertex -33.1426 -11.2504 2.5
      vertex -23.75 -3.79904 2.5
      vertex -23.8334 -3.7472 2.5
    endloop
  endfacet
  facet normal 0 0 1
    outer loop
      vertex -33.1426 -11.2504 2.5
      vertex -23.8334 -3.7472 2.5
      vertex -23.9131 -3.69003 2.5
    endloop
  endfacet
  facet normal 0 0 1
    outer loop
      vertex -33.8074 -9.05867 2.5
      vertex -23.9131 -3.69003 2.5
      vertex -23.989 -3.62776 2.5
    endloop
  endfacet
  facet normal 0 0 1
    outer loop
      vertex -33.8074 -9.05867 2.5
      vertex -23.989 -3.62776 2.5
      vertex -24.0607 -3.56066 2.5
    endloop
  endfacet
  facet normal 0 0 1
    outer loop
      vertex -33.8074 -9.05867 2.5
      vertex -24.0607 -3.56066 2.5
      vertex -24.1278 -3.48902 2.5
    endloop
  endfacet
  facet normal 0 0 1
    outer loop
      vertex -33.8074 -9.05867 2.5
      vertex -24.1278 -3.48902 2.5
      vertex -24.19 -3.41314 2.5
    endloop
  endfacet
  facet normal 0 0 1
    outer loop
      vertex -34.3275 -6.82816 2.5
      vertex -24.19 -3.41314 2.5
      vertex -24.2472 -3.33335 2.5
    endloop
  endfacet
  facet normal 0 0 1
    outer loop
      vertex -34.3275 -6.82816 2.5
      vertex -24.2472 -3.33335 2.5
      vertex -24.299 -3.25 2.5
    endloop
  endfacet
  facet normal 0 0 1
    outer loop
      vertex -34.3275 -6.82816 2.5
      vertex -24.299 -3.25 2.5
      vertex -24.3453 -3.16343 2.5
    endloop
  endfacet
  facet normal 0 0 1
    outer loop
      vertex -34.3275 -6.82816 2.5
      vertex -24.3453 -3.16343 2.5
      vertex -24.3858 -3.07402 2.5
    endloop
  endfacet
  facet normal 0 0 1
    outer loop
      vertex -34.3275 -6.82816 2.5
      vertex -24.3858 -3.07402 2.5
      vertex -24.4204 -2.98216 2.5
    endloop
  endfacet
  facet normal 0 0 1
    outer loop
      vertex -34.7006 -4.56842 2.5
      vertex -24.4204 -2.98216 2.5
      vertex -24.4489 -2.88823 2.5
    endloop
  endfacet
  facet normal 0 0 1
    outer loop
      vertex -34.7006 -4.56842 2.5
      vertex -24.4489 -2.88823 2.5
      vertex -24.4712 -2.79263 2.5
    endloop
  endfacet
  facet normal 0 0 1
    outer loop
      vertex -34.7006 -4.56842 2.5
      vertex -24.4712 -2.79263 2.5
      vertex -24.4872 -2.69579 2.5
    endloop
  endfacet
  facet normal 0 0 1
    outer loop
      vertex -34.7006 -4.56842 2.5
      vertex -24.4872 -2.69579 2.5
      vertex -24.4968 -2.5981 2.5
    endloop
  endfacet
  facet normal 0 0 1
    outer loop
      vertex -21.8103 -22.424 2.5
      vertex -24.7487 -24.7487 2.5
      vertex -23.0771 -26.3144 2.5
    endloop
  endfacet
  facet normal 0 0 1
    outer loop
      vertex -34.9251 -2.28911 2.5
      vertex -24.4968 -2.5981 2.5
      vertex -24.5 -2.5 2.5
    endloop
  endfacet
  facet normal 0 0 1
    outer loop
      vertex -24.299 3.25 2.5
      vertex -34.3275 6.82816 2.5
      vertex -24.3453 3.16343 2.5
    endloop
  endfacet
  facet normal 0 0 1
    outer loop
      vertex -24.3453 3.16343 2.5
      vertex -34.3275 6.82816 2.5
      vertex -24.3858 3.07402 2.5
    endloop
  endfacet
  facet normal 0 0 1
    outer loop
      vertex -22.424 -21.8103 2.5
      vertex -26.3144 -23.0771 2.5
      vertex -24.7487 -24.7487 2.5
    endloop
  endfacet
  facet normal 0 0 1
    outer loop
      vertex -24.3858 3.07402 2.5
      vertex -34.3275 6.82816 2.5
      vertex -24.4204 2.98216 2.5
    endloop
  endfacet
  facet normal 0 0 1
    outer loop
      vertex -22.5603 -21.1249 2.5
      vertex -26.3144 -23.0771 2.5
      vertex -22.5632 -21.2132 2.5
    endloop
  endfacet
  facet normal -0 0 1
    outer loop
      vertex -34.7006 4.56842 2.5
      vertex -24.4204 2.98216 2.5
      vertex -34.3275 6.82816 2.5
    endloop
  endfacet
  facet normal 0 0 1
    outer loop
      vertex -22.5517 -21.037 2.5
      vertex -26.3144 -23.0771 2.5
      vertex -22.5603 -21.1249 2.5
    endloop
  endfacet
  facet normal 0 0 1
    outer loop
      vertex -24.4204 2.98216 2.5
      vertex -34.7006 4.56842 2.5
      vertex -24.4489 2.88823 2.5
    endloop
  endfacet
  facet normal 0 -0 1
    outer loop
      vertex -26.3144 -23.0771 2.5
      vertex -22.5517 -21.037 2.5
      vertex -27.7674 -21.3066 2.5
    endloop
  endfacet
  facet normal 0 0 1
    outer loop
      vertex -24.4489 2.88823 2.5
      vertex -34.7006 4.56842 2.5
      vertex -24.4712 2.79263 2.5
    endloop
  endfacet
  facet normal 0 0 1
    outer loop
      vertex -22.424 -20.6161 2.5
      vertex -27.7674 -21.3066 2.5
      vertex -22.4604 -20.6966 2.5
    endloop
  endfacet
  facet normal 0 0 1
    outer loop
      vertex -24.4712 2.79263 2.5
      vertex -34.7006 4.56842 2.5
      vertex -24.4872 2.69579 2.5
    endloop
  endfacet
  facet normal 0 0 1
    outer loop
      vertex -23.3882 -3.94889 2.5
      vertex -32.3358 -13.3939 2.5
      vertex -31.3905 -15.4801 2.5
    endloop
  endfacet
  facet normal 0 0 1
    outer loop
      vertex -24.4872 2.69579 2.5
      vertex -34.7006 4.56842 2.5
      vertex -24.4968 2.5981 2.5
    endloop
  endfacet
  facet normal 0 0 1
    outer loop
      vertex -23.6634 -3.84531 2.5
      vertex -33.1426 -11.2504 2.5
      vertex -32.3358 -13.3939 2.5
    endloop
  endfacet
  facet normal 0 0 1
    outer loop
      vertex -34.9251 2.28911 2.5
      vertex -24.4968 2.5981 2.5
      vertex -34.7006 4.56842 2.5
    endloop
  endfacet
  facet normal 0 0 1
    outer loop
      vertex -23.9131 -3.69003 2.5
      vertex -33.8074 -9.05867 2.5
      vertex -33.1426 -11.2504 2.5
    endloop
  endfacet
  facet normal 0 0 1
    outer loop
      vertex -24.4968 2.5981 2.5
      vertex -34.9251 2.28911 2.5
      vertex -24.5 2.5 2.5
    endloop
  endfacet
  facet normal 0 0 1
    outer loop
      vertex -24.19 -3.41314 2.5
      vertex -34.3275 -6.82816 2.5
      vertex -33.8074 -9.05867 2.5
    endloop
  endfacet
  facet normal 0 0 1
    outer loop
      vertex -35 0 2.5
      vertex -24.5 2.5 2.5
      vertex -34.9251 2.28911 2.5
    endloop
  endfacet
  facet normal 0 0 1
    outer loop
      vertex -24.4204 -2.98216 2.5
      vertex -34.7006 -4.56842 2.5
      vertex -34.3275 -6.82816 2.5
    endloop
  endfacet
  facet normal 0 0 1
    outer loop
      vertex -24.5 2.5 2.5
      vertex -35 0 2.5
      vertex -24.5 -2.5 2.5
    endloop
  endfacet
  facet normal 0 0 1
    outer loop
      vertex -24.4968 -2.5981 2.5
      vertex -34.9251 -2.28911 2.5
      vertex -34.7006 -4.56842 2.5
    endloop
  endfacet
  facet normal 0 0 1
    outer loop
      vertex -24.5 -2.5 2.5
      vertex -35 0 2.5
      vertex -34.9251 -2.28911 2.5
    endloop
  endfacet
  facet normal 0 0 1
    outer loop
      vertex -15.7472 -15.3334 2.5
      vertex -20.4632 -20.0907 2.5
      vertex -20.3914 -20.1422 2.5
    endloop
  endfacet
  facet normal -0 0 1
    outer loop
      vertex -22.426 -3.88582 2.5
      vertex -15.9712 -9.20736 2.5
      vertex -22.3366 -3.84531 2.5
    endloop
  endfacet
  facet normal 0 0 1
    outer loop
      vertex -15.7472 -15.3334 2.5
      vertex -20.5382 -20.0441 2.5
      vertex -20.4632 -20.0907 2.5
    endloop
  endfacet
  facet normal 0 0 1
    outer loop
      vertex -15.9712 -9.20736 2.5
      vertex -22.426 -3.88582 2.5
      vertex -15.9872 -9.30421 2.5
    endloop
  endfacet
  facet normal 0 0 1
    outer loop
      vertex -15.799 -15.25 2.5
      vertex -20.6161 -20.0024 2.5
      vertex -20.5382 -20.0441 2.5
    endloop
  endfacet
  facet normal -0 0 1
    outer loop
      vertex -22.5178 -3.92039 2.5
      vertex -15.9872 -9.30421 2.5
      vertex -22.426 -3.88582 2.5
    endloop
  endfacet
  facet normal 0 0 1
    outer loop
      vertex -15.8453 -15.1634 2.5
      vertex -20.6966 -19.966 2.5
      vertex -20.6161 -20.0024 2.5
    endloop
  endfacet
  facet normal 0 0 1
    outer loop
      vertex -15.9872 -9.30421 2.5
      vertex -22.5178 -3.92039 2.5
      vertex -15.9968 -9.40189 2.5
    endloop
  endfacet
  facet normal 0 0 1
    outer loop
      vertex -15.8858 -15.074 2.5
      vertex -20.7793 -19.9348 2.5
      vertex -20.6966 -19.966 2.5
    endloop
  endfacet
  facet normal -0 0 1
    outer loop
      vertex -22.6118 -3.94889 2.5
      vertex -15.9968 -9.40189 2.5
      vertex -22.5178 -3.92039 2.5
    endloop
  endfacet
  facet normal 0 0 1
    outer loop
      vertex -15.9204 -14.9822 2.5
      vertex -20.8638 -19.9092 2.5
      vertex -20.7793 -19.9348 2.5
    endloop
  endfacet
  facet normal 0 0 1
    outer loop
      vertex -15.9968 -9.40189 2.5
      vertex -22.6118 -3.94889 2.5
      vertex -16 -9.5 2.5
    endloop
  endfacet
  facet normal 0 0 1
    outer loop
      vertex -15.9489 -14.8882 2.5
      vertex -20.9498 -19.8891 2.5
      vertex -20.8638 -19.9092 2.5
    endloop
  endfacet
  facet normal -0 0 1
    outer loop
      vertex -22.7074 -3.97118 2.5
      vertex -16 -9.5 2.5
      vertex -22.6118 -3.94889 2.5
    endloop
  endfacet
  facet normal 0 0 1
    outer loop
      vertex -15.9712 -14.7926 2.5
      vertex -21.037 -19.8748 2.5
      vertex -20.9498 -19.8891 2.5
    endloop
  endfacet
  facet normal -0 0 1
    outer loop
      vertex -22.8042 -3.98717 2.5
      vertex -16 -9.5 2.5
      vertex -22.7074 -3.97118 2.5
    endloop
  endfacet
  facet normal 0 0 1
    outer loop
      vertex -15.9872 -14.6958 2.5
      vertex -21.1249 -19.8661 2.5
      vertex -21.037 -19.8748 2.5
    endloop
  endfacet
  facet normal 0 0 1
    outer loop
      vertex -15.9968 -14.5981 2.5
      vertex -21.2132 -19.8632 2.5
      vertex -21.1249 -19.8661 2.5
    endloop
  endfacet
  facet normal -0 0 1
    outer loop
      vertex -22.9019 -3.99679 2.5
      vertex -16 -9.5 2.5
      vertex -22.8042 -3.98717 2.5
    endloop
  endfacet
  facet normal 0 0 1
    outer loop
      vertex -16 -14.5 2.5
      vertex -21.3015 -19.8661 2.5
      vertex -21.2132 -19.8632 2.5
    endloop
  endfacet
  facet normal -0 0 1
    outer loop
      vertex -23 -4 2.5
      vertex -16 -9.5 2.5
      vertex -22.9019 -3.99679 2.5
    endloop
  endfacet
  facet normal 0 0 1
    outer loop
      vertex -16 -14.5 2.5
      vertex -21.3894 -19.8748 2.5
      vertex -21.3015 -19.8661 2.5
    endloop
  endfacet
  facet normal 0 0 1
    outer loop
      vertex -23.0981 -3.99679 2.5
      vertex -16 -9.5 2.5
      vertex -23 -4 2.5
    endloop
  endfacet
  facet normal 0 0 1
    outer loop
      vertex -16 -14.5 2.5
      vertex -21.4766 -19.8891 2.5
      vertex -21.3894 -19.8748 2.5
    endloop
  endfacet
  facet normal 0 0 1
    outer loop
      vertex -16 -9.5 2.5
      vertex -23.0981 -3.99679 2.5
      vertex -16 -14.5 2.5
    endloop
  endfacet
  facet normal 0 0 1
    outer loop
      vertex -16 -14.5 2.5
      vertex -21.5626 -19.9092 2.5
      vertex -21.4766 -19.8891 2.5
    endloop
  endfacet
  facet normal 0 0 1
    outer loop
      vertex -16 -14.5 2.5
      vertex -23.0981 -3.99679 2.5
      vertex -21.5626 -19.9092 2.5
    endloop
  endfacet
  facet normal 0 0 1
    outer loop
      vertex -21.5626 -19.9092 2.5
      vertex -23.0981 -3.99679 2.5
      vertex -21.6471 -19.9348 2.5
    endloop
  endfacet
  facet normal -0 0 1
    outer loop
      vertex -31.3905 -15.4801 2.5
      vertex -21.6471 -19.9348 2.5
      vertex -23.0981 -3.99679 2.5
    endloop
  endfacet
  facet normal 0 0 1
    outer loop
      vertex -21.6471 -19.9348 2.5
      vertex -31.3905 -15.4801 2.5
      vertex -21.7298 -19.966 2.5
    endloop
  endfacet
  facet normal -0 -0 1
    outer loop
      vertex -30.3109 -17.5 2.5
      vertex -21.7298 -19.966 2.5
      vertex -31.3905 -15.4801 2.5
    endloop
  endfacet
  facet normal 0 0 1
    outer loop
      vertex -21.7298 -19.966 2.5
      vertex -30.3109 -17.5 2.5
      vertex -21.8103 -20.0024 2.5
    endloop
  endfacet
  facet normal 0 0 1
    outer loop
      vertex -21.8103 -20.0024 2.5
      vertex -30.3109 -17.5 2.5
      vertex -21.8882 -20.0441 2.5
    endloop
  endfacet
  facet normal 0 0 1
    outer loop
      vertex -21.8882 -20.0441 2.5
      vertex -30.3109 -17.5 2.5
      vertex -21.9632 -20.0907 2.5
    endloop
  endfacet
  facet normal 0 0 1
    outer loop
      vertex -21.9632 -20.0907 2.5
      vertex -30.3109 -17.5 2.5
      vertex -22.035 -20.1422 2.5
    endloop
  endfacet
  facet normal -0 -0 1
    outer loop
      vertex -29.1014 -19.445 2.5
      vertex -22.035 -20.1422 2.5
      vertex -30.3109 -17.5 2.5
    endloop
  endfacet
  facet normal 0 0 1
    outer loop
      vertex -22.035 -20.1422 2.5
      vertex -29.1014 -19.445 2.5
      vertex -22.1033 -20.1982 2.5
    endloop
  endfacet
  facet normal 0 0 1
    outer loop
      vertex -22.1033 -20.1982 2.5
      vertex -29.1014 -19.445 2.5
      vertex -22.1678 -20.2586 2.5
    endloop
  endfacet
  facet normal 0 0 1
    outer loop
      vertex -22.1678 -20.2586 2.5
      vertex -29.1014 -19.445 2.5
      vertex -22.2282 -20.3231 2.5
    endloop
  endfacet
  facet normal 0 0 1
    outer loop
      vertex -22.2282 -20.3231 2.5
      vertex -29.1014 -19.445 2.5
      vertex -22.2842 -20.3914 2.5
    endloop
  endfacet
  facet normal 0 0 1
    outer loop
      vertex -22.2842 -20.3914 2.5
      vertex -29.1014 -19.445 2.5
      vertex -22.3357 -20.4632 2.5
    endloop
  endfacet
  facet normal 0 -0 1
    outer loop
      vertex -27.7674 -21.3066 2.5
      vertex -22.3357 -20.4632 2.5
      vertex -29.1014 -19.445 2.5
    endloop
  endfacet
  facet normal 0 0 1
    outer loop
      vertex 13.3939 32.3358 2.5
      vertex 13.2 31.7 2.5
      vertex 14.7971 31.7 2.5
    endloop
  endfacet
  facet normal 0 0 1
    outer loop
      vertex 11.2504 33.1426 2.5
      vertex 13.2 31.7 2.5
      vertex 13.3939 32.3358 2.5
    endloop
  endfacet
  facet normal 0 0 1
    outer loop
      vertex 9.05867 33.8074 2.5
      vertex 13.2 31.7 2.5
      vertex 11.2504 33.1426 2.5
    endloop
  endfacet
  facet normal 0 0 1
    outer loop
      vertex 6.82816 34.3275 2.5
      vertex 13.2 31.7 2.5
      vertex 9.05867 33.8074 2.5
    endloop
  endfacet
  facet normal 0 0 1
    outer loop
      vertex 4.56842 34.7006 2.5
      vertex 13.2 31.7 2.5
      vertex 6.82816 34.3275 2.5
    endloop
  endfacet
  facet normal 0 0 1
    outer loop
      vertex 2.28911 34.9251 2.5
      vertex 13.2 31.7 2.5
      vertex 4.56842 34.7006 2.5
    endloop
  endfacet
  facet normal 0 0 1
    outer loop
      vertex 0 35 2.5
      vertex 13.2 31.7 2.5
      vertex 2.28911 34.9251 2.5
    endloop
  endfacet
  facet normal -0 0 1
    outer loop
      vertex -2.28911 34.9251 2.5
      vertex 13.2 31.7 2.5
      vertex 0 35 2.5
    endloop
  endfacet
  facet normal 0 0 1
    outer loop
      vertex -13.2 31.7 2.5
      vertex -2.28911 34.9251 2.5
      vertex -4.56842 34.7006 2.5
    endloop
  endfacet
  facet normal 0 0 1
    outer loop
      vertex -13.2 31.7 2.5
      vertex -4.56842 34.7006 2.5
      vertex -6.82816 34.3275 2.5
    endloop
  endfacet
  facet normal 0 0 1
    outer loop
      vertex -13.2 31.7 2.5
      vertex -6.82816 34.3275 2.5
      vertex -9.05867 33.8074 2.5
    endloop
  endfacet
  facet normal 0 0 1
    outer loop
      vertex -13.2 31.7 2.5
      vertex -9.05867 33.8074 2.5
      vertex -11.2504 33.1426 2.5
    endloop
  endfacet
  facet normal 0 0 1
    outer loop
      vertex -2.28911 34.9251 2.5
      vertex -13.2 31.7 2.5
      vertex 13.2 31.7 2.5
    endloop
  endfacet
  facet normal -0 0 1
    outer loop
      vertex -13.3939 32.3358 2.5
      vertex -13.2 31.7 2.5
      vertex -11.2504 33.1426 2.5
    endloop
  endfacet
  facet normal 0 0 1
    outer loop
      vertex -13.2 31.7 2.5
      vertex -13.3939 32.3358 2.5
      vertex -14.7971 31.7 2.5
    endloop
  endfacet
  facet normal -0.68361 -0.729848 0
    outer loop
      vertex -24.7487 -24.7487 0
      vertex -23.0771 -26.3144 2.5
      vertex -24.7487 -24.7487 2.5
    endloop
  endfacet
  facet normal -0.68361 -0.729848 -0
    outer loop
      vertex -23.0771 -26.3144 2.5
      vertex -24.7487 -24.7487 0
      vertex -23.0771 -26.3144 0
    endloop
  endfacet
  facet normal 0.986642 -0.162902 0
    outer loop
      vertex 34.3275 -6.82816 2.5
      vertex 34.7006 -4.56842 0
      vertex 34.7006 -4.56842 2.5
    endloop
  endfacet
  facet normal 0.986642 -0.162902 0
    outer loop
      vertex 34.7006 -4.56842 0
      vertex 34.3275 -6.82816 2.5
      vertex 34.3275 -6.82816 0
    endloop
  endfacet
  facet normal 0.9359 -0.352267 0
    outer loop
      vertex 32.3358 -13.3939 2.5
      vertex 33.1426 -11.2504 0
      vertex 33.1426 -11.2504 2.5
    endloop
  endfacet
  facet normal 0.9359 -0.352267 0
    outer loop
      vertex 33.1426 -11.2504 0
      vertex 32.3358 -13.3939 2.5
      vertex 32.3358 -13.3939 0
    endloop
  endfacet
  facet normal 0.973875 0.227084 0
    outer loop
      vertex 34.3275 6.82816 2.5
      vertex 33.8074 9.05867 0
      vertex 33.8074 9.05867 2.5
    endloop
  endfacet
  facet normal 0.973875 0.227084 0
    outer loop
      vertex 33.8074 9.05867 0
      vertex 34.3275 6.82816 2.5
      vertex 34.3275 6.82816 0
    endloop
  endfacet
  facet normal 0.773013 -0.63439 0
    outer loop
      vertex 26.3144 -23.0771 2.5
      vertex 27.7674 -21.3066 0
      vertex 27.7674 -21.3066 2.5
    endloop
  endfacet
  facet normal 0.773013 -0.63439 0
    outer loop
      vertex 27.7674 -21.3066 0
      vertex 26.3144 -23.0771 2.5
      vertex 26.3144 -23.0771 0
    endloop
  endfacet
  facet normal 0.582477 0.812847 -0
    outer loop
      vertex 21.3066 27.7674 0
      vertex 19.445 29.1014 2.5
      vertex 21.3066 27.7674 2.5
    endloop
  endfacet
  facet normal 0.582477 0.812847 0
    outer loop
      vertex 19.445 29.1014 2.5
      vertex 21.3066 27.7674 0
      vertex 19.445 29.1014 0
    endloop
  endfacet
  facet normal -0.22707 -0.973878 0
    outer loop
      vertex -9.05867 -33.8074 0
      vertex -7 -34.2874 2.5
      vertex -9.05867 -33.8074 2.5
    endloop
  endfacet
  facet normal -0.22707 -0.973878 -0
    outer loop
      vertex -7 -34.2874 2.5
      vertex -9.05867 -33.8074 0
      vertex -7 -34.2874 0
    endloop
  endfacet
  facet normal -0.986642 0.162902 0
    outer loop
      vertex -34.7006 4.56842 0
      vertex -34.3275 6.82816 2.5
      vertex -34.3275 6.82816 0
    endloop
  endfacet
  facet normal -0.986642 0.162902 0
    outer loop
      vertex -34.3275 6.82816 2.5
      vertex -34.7006 4.56842 0
      vertex -34.7006 4.56842 2.5
    endloop
  endfacet
  facet normal 0.729848 0.68361 0
    outer loop
      vertex 26.3144 23.0771 2.5
      vertex 24.7487 24.7487 0
      vertex 24.7487 24.7487 2.5
    endloop
  endfacet
  facet normal 0.729848 0.68361 0
    outer loop
      vertex 24.7487 24.7487 0
      vertex 26.3144 23.0771 2.5
      vertex 26.3144 23.0771 0
    endloop
  endfacet
  facet normal 0.412816 0.910814 -0
    outer loop
      vertex 15.4801 31.3905 0
      vertex 15 31.6081 2.5
      vertex 15.4801 31.3905 2.5
    endloop
  endfacet
  facet normal 0.412585 0.910919 -5.36046e-05
    outer loop
      vertex 15 31.6081 2.5
      vertex 15.4801 31.3905 0
      vertex 14.7971 31.7 2.5
    endloop
  endfacet
  facet normal 0.412727 0.910855 -6.81111e-06
    outer loop
      vertex 13.3939 32.3358 0
      vertex 14.7971 31.7 2.5
      vertex 15.4801 31.3905 0
    endloop
  endfacet
  facet normal 0.412717 0.910859 0
    outer loop
      vertex 14.7971 31.7 2.5
      vertex 13.3939 32.3358 0
      vertex 13.3939 32.3358 2.5
    endloop
  endfacet
  facet normal -0.9359 0.352267 0
    outer loop
      vertex -33.1426 11.2504 0
      vertex -32.3358 13.3939 2.5
      vertex -32.3358 13.3939 0
    endloop
  endfacet
  facet normal -0.9359 0.352267 0
    outer loop
      vertex -32.3358 13.3939 2.5
      vertex -33.1426 11.2504 0
      vertex -33.1426 11.2504 2.5
    endloop
  endfacet
  facet normal 0.0980204 0.995184 -0
    outer loop
      vertex 4.56842 34.7006 0
      vertex 2.28911 34.9251 2.5
      vertex 4.56842 34.7006 2.5
    endloop
  endfacet
  facet normal 0.0980204 0.995184 0
    outer loop
      vertex 2.28911 34.9251 2.5
      vertex 4.56842 34.7006 0
      vertex 2.28911 34.9251 0
    endloop
  endfacet
  facet normal -0.881932 -0.471377 0
    outer loop
      vertex -30.3109 -17.5 0
      vertex -31.3905 -15.4801 2.5
      vertex -31.3905 -15.4801 0
    endloop
  endfacet
  facet normal -0.881932 -0.471377 0
    outer loop
      vertex -31.3905 -15.4801 2.5
      vertex -30.3109 -17.5 0
      vertex -30.3109 -17.5 2.5
    endloop
  endfacet
  facet normal -0.995184 0.0980204 0
    outer loop
      vertex -34.9251 2.28911 0
      vertex -34.7006 4.56842 2.5
      vertex -34.7006 4.56842 0
    endloop
  endfacet
  facet normal -0.995184 0.0980204 0
    outer loop
      vertex -34.7006 4.56842 2.5
      vertex -34.9251 2.28911 0
      vertex -34.9251 2.28911 2.5
    endloop
  endfacet
  facet normal -0.910855 -0.412727 0
    outer loop
      vertex -31.3905 -15.4801 0
      vertex -32.3358 -13.3939 2.5
      vertex -32.3358 -13.3939 0
    endloop
  endfacet
  facet normal -0.910855 -0.412727 0
    outer loop
      vertex -32.3358 -13.3939 2.5
      vertex -31.3905 -15.4801 0
      vertex -31.3905 -15.4801 2.5
    endloop
  endfacet
  facet normal 0.956947 -0.290263 0
    outer loop
      vertex 33.1426 -11.2504 2.5
      vertex 33.8074 -9.05867 0
      vertex 33.8074 -9.05867 2.5
    endloop
  endfacet
  facet normal 0.956947 -0.290263 0
    outer loop
      vertex 33.8074 -9.05867 0
      vertex 33.1426 -11.2504 2.5
      vertex 33.1426 -11.2504 0
    endloop
  endfacet
  facet normal 0.22707 -0.973878 0
    outer loop
      vertex 7 -34.2874 0
      vertex 9.05867 -33.8074 2.5
      vertex 7 -34.2874 2.5
    endloop
  endfacet
  facet normal 0.22707 -0.973878 0
    outer loop
      vertex 9.05867 -33.8074 2.5
      vertex 7 -34.2874 0
      vertex 9.05867 -33.8074 0
    endloop
  endfacet
  facet normal -0.528075 0.849198 0
    outer loop
      vertex -17.5 30.3109 0
      vertex -19.445 29.1014 2.5
      vertex -17.5 30.3109 2.5
    endloop
  endfacet
  facet normal -0.528075 0.849198 0
    outer loop
      vertex -19.445 29.1014 2.5
      vertex -17.5 30.3109 0
      vertex -19.445 29.1014 0
    endloop
  endfacet
  facet normal -0.773013 0.63439 0
    outer loop
      vertex -27.7674 21.3066 0
      vertex -26.3144 23.0771 2.5
      vertex -26.3144 23.0771 0
    endloop
  endfacet
  facet normal -0.773013 0.63439 0
    outer loop
      vertex -26.3144 23.0771 2.5
      vertex -27.7674 21.3066 0
      vertex -27.7674 21.3066 2.5
    endloop
  endfacet
  facet normal -0.773013 -0.63439 0
    outer loop
      vertex -26.3144 -23.0771 0
      vertex -27.7674 -21.3066 2.5
      vertex -27.7674 -21.3066 0
    endloop
  endfacet
  facet normal -0.773013 -0.63439 0
    outer loop
      vertex -27.7674 -21.3066 2.5
      vertex -26.3144 -23.0771 0
      vertex -26.3144 -23.0771 2.5
    endloop
  endfacet
  facet normal -0.290263 0.956947 0
    outer loop
      vertex -9.05867 33.8074 0
      vertex -11.2504 33.1426 2.5
      vertex -9.05867 33.8074 2.5
    endloop
  endfacet
  facet normal -0.290263 0.956947 0
    outer loop
      vertex -11.2504 33.1426 2.5
      vertex -9.05867 33.8074 0
      vertex -11.2504 33.1426 0
    endloop
  endfacet
  facet normal 0.290263 0.956947 -0
    outer loop
      vertex 11.2504 33.1426 0
      vertex 9.05867 33.8074 2.5
      vertex 11.2504 33.1426 2.5
    endloop
  endfacet
  facet normal 0.290263 0.956947 0
    outer loop
      vertex 9.05867 33.8074 2.5
      vertex 11.2504 33.1426 0
      vertex 9.05867 33.8074 0
    endloop
  endfacet
  facet normal 0.582477 -0.812847 0
    outer loop
      vertex 19.445 -29.1014 0
      vertex 21.3066 -27.7674 2.5
      vertex 19.445 -29.1014 2.5
    endloop
  endfacet
  facet normal 0.582477 -0.812847 0
    outer loop
      vertex 21.3066 -27.7674 2.5
      vertex 19.445 -29.1014 0
      vertex 21.3066 -27.7674 0
    endloop
  endfacet
  facet normal -0.63439 -0.773013 0
    outer loop
      vertex -23.0771 -26.3144 0
      vertex -21.3066 -27.7674 2.5
      vertex -23.0771 -26.3144 2.5
    endloop
  endfacet
  facet normal -0.63439 -0.773013 -0
    outer loop
      vertex -21.3066 -27.7674 2.5
      vertex -23.0771 -26.3144 0
      vertex -21.3066 -27.7674 0
    endloop
  endfacet
  facet normal 0.849198 0.528075 0
    outer loop
      vertex 30.3109 17.5 2.5
      vertex 29.1014 19.445 0
      vertex 29.1014 19.445 2.5
    endloop
  endfacet
  facet normal 0.849198 0.528075 0
    outer loop
      vertex 29.1014 19.445 0
      vertex 30.3109 17.5 2.5
      vertex 30.3109 17.5 0
    endloop
  endfacet
  facet normal 0.849198 -0.528075 0
    outer loop
      vertex 29.1014 -19.445 2.5
      vertex 30.3109 -17.5 0
      vertex 30.3109 -17.5 2.5
    endloop
  endfacet
  facet normal 0.849198 -0.528075 0
    outer loop
      vertex 30.3109 -17.5 0
      vertex 29.1014 -19.445 2.5
      vertex 29.1014 -19.445 0
    endloop
  endfacet
  facet normal -0.352267 -0.9359 0
    outer loop
      vertex -13.3939 -32.3358 0
      vertex -11.2504 -33.1426 2.5
      vertex -13.3939 -32.3358 2.5
    endloop
  endfacet
  facet normal -0.352267 -0.9359 -0
    outer loop
      vertex -11.2504 -33.1426 2.5
      vertex -13.3939 -32.3358 0
      vertex -11.2504 -33.1426 0
    endloop
  endfacet
  facet normal -0.162902 0.986642 0
    outer loop
      vertex -4.56842 34.7006 0
      vertex -6.82816 34.3275 2.5
      vertex -4.56842 34.7006 2.5
    endloop
  endfacet
  facet normal -0.162902 0.986642 0
    outer loop
      vertex -6.82816 34.3275 2.5
      vertex -4.56842 34.7006 0
      vertex -6.82816 34.3275 0
    endloop
  endfacet
  facet normal 0.0327026 0.999465 -0
    outer loop
      vertex 2.28911 34.9251 0
      vertex 0 35 2.5
      vertex 2.28911 34.9251 2.5
    endloop
  endfacet
  facet normal 0.0327026 0.999465 0
    outer loop
      vertex 0 35 2.5
      vertex 2.28911 34.9251 0
      vertex 0 35 0
    endloop
  endfacet
  facet normal -0.956947 0.290263 0
    outer loop
      vertex -33.8074 9.05867 0
      vertex -33.1426 11.2504 2.5
      vertex -33.1426 11.2504 0
    endloop
  endfacet
  facet normal -0.956947 0.290263 0
    outer loop
      vertex -33.1426 11.2504 2.5
      vertex -33.8074 9.05867 0
      vertex -33.8074 9.05867 2.5
    endloop
  endfacet
  facet normal -0.412816 -0.910814 0
    outer loop
      vertex -15.4801 -31.3905 0
      vertex -15 -31.6081 2.5
      vertex -15.4801 -31.3905 2.5
    endloop
  endfacet
  facet normal -0.412585 -0.910919 -5.36046e-05
    outer loop
      vertex -15 -31.6081 2.5
      vertex -15.4801 -31.3905 0
      vertex -14.7971 -31.7 2.5
    endloop
  endfacet
  facet normal -0.412727 -0.910855 -6.81111e-06
    outer loop
      vertex -13.3939 -32.3358 0
      vertex -14.7971 -31.7 2.5
      vertex -15.4801 -31.3905 0
    endloop
  endfacet
  facet normal -0.412717 -0.910859 0
    outer loop
      vertex -14.7971 -31.7 2.5
      vertex -13.3939 -32.3358 0
      vertex -13.3939 -32.3358 2.5
    endloop
  endfacet
  facet normal 0.881932 -0.471377 0
    outer loop
      vertex 30.3109 -17.5 2.5
      vertex 31.3905 -15.4801 0
      vertex 31.3905 -15.4801 2.5
    endloop
  endfacet
  facet normal 0.881932 -0.471377 0
    outer loop
      vertex 31.3905 -15.4801 0
      vertex 30.3109 -17.5 2.5
      vertex 30.3109 -17.5 0
    endloop
  endfacet
  facet normal -0.412717 0.910859 0
    outer loop
      vertex -13.3939 32.3358 0
      vertex -14.7971 31.7 2.5
      vertex -13.3939 32.3358 2.5
    endloop
  endfacet
  facet normal -0.412727 0.910855 -6.81111e-06
    outer loop
      vertex -15.4801 31.3905 0
      vertex -14.7971 31.7 2.5
      vertex -13.3939 32.3358 0
    endloop
  endfacet
  facet normal -0.412585 0.910919 -5.36046e-05
    outer loop
      vertex -14.7971 31.7 2.5
      vertex -15.4801 31.3905 0
      vertex -15 31.6081 2.5
    endloop
  endfacet
  facet normal -0.412816 0.910814 0
    outer loop
      vertex -15 31.6081 2.5
      vertex -15.4801 31.3905 0
      vertex -15.4801 31.3905 2.5
    endloop
  endfacet
  facet normal 0.956947 0.290263 0
    outer loop
      vertex 33.8074 9.05867 2.5
      vertex 33.1426 11.2504 0
      vertex 33.1426 11.2504 2.5
    endloop
  endfacet
  facet normal 0.956947 0.290263 0
    outer loop
      vertex 33.1426 11.2504 0
      vertex 33.8074 9.05867 2.5
      vertex 33.8074 9.05867 0
    endloop
  endfacet
  facet normal 0.995184 -0.0980204 0
    outer loop
      vertex 34.7006 -4.56842 2.5
      vertex 34.9251 -2.28911 0
      vertex 34.9251 -2.28911 2.5
    endloop
  endfacet
  facet normal 0.995184 -0.0980204 0
    outer loop
      vertex 34.9251 -2.28911 0
      vertex 34.7006 -4.56842 2.5
      vertex 34.7006 -4.56842 0
    endloop
  endfacet
  facet normal -0.0327026 0.999465 0
    outer loop
      vertex 0 35 0
      vertex -2.28911 34.9251 2.5
      vertex 0 35 2.5
    endloop
  endfacet
  facet normal -0.0327026 0.999465 0
    outer loop
      vertex -2.28911 34.9251 2.5
      vertex 0 35 0
      vertex -2.28911 34.9251 0
    endloop
  endfacet
  facet normal -0.729848 -0.68361 0
    outer loop
      vertex -24.7487 -24.7487 0
      vertex -26.3144 -23.0771 2.5
      vertex -26.3144 -23.0771 0
    endloop
  endfacet
  facet normal -0.729848 -0.68361 0
    outer loop
      vertex -26.3144 -23.0771 2.5
      vertex -24.7487 -24.7487 0
      vertex -24.7487 -24.7487 2.5
    endloop
  endfacet
  facet normal -0.582477 0.812847 0
    outer loop
      vertex -19.445 29.1014 0
      vertex -21.3066 27.7674 2.5
      vertex -19.445 29.1014 2.5
    endloop
  endfacet
  facet normal -0.582477 0.812847 0
    outer loop
      vertex -21.3066 27.7674 2.5
      vertex -19.445 29.1014 0
      vertex -21.3066 27.7674 0
    endloop
  endfacet
  facet normal 0.471377 -0.881932 0
    outer loop
      vertex 15.4801 -31.3905 0
      vertex 17.5 -30.3109 2.5
      vertex 15.4801 -31.3905 2.5
    endloop
  endfacet
  facet normal 0.471377 -0.881932 0
    outer loop
      vertex 17.5 -30.3109 2.5
      vertex 15.4801 -31.3905 0
      vertex 17.5 -30.3109 0
    endloop
  endfacet
  facet normal 0.352267 0.9359 -0
    outer loop
      vertex 13.3939 32.3358 0
      vertex 11.2504 33.1426 2.5
      vertex 13.3939 32.3358 2.5
    endloop
  endfacet
  facet normal 0.352267 0.9359 0
    outer loop
      vertex 11.2504 33.1426 2.5
      vertex 13.3939 32.3358 0
      vertex 11.2504 33.1426 0
    endloop
  endfacet
  facet normal -0.290263 -0.956947 0
    outer loop
      vertex -11.2504 -33.1426 0
      vertex -9.05867 -33.8074 2.5
      vertex -11.2504 -33.1426 2.5
    endloop
  endfacet
  facet normal -0.290263 -0.956947 -0
    outer loop
      vertex -9.05867 -33.8074 2.5
      vertex -11.2504 -33.1426 0
      vertex -9.05867 -33.8074 0
    endloop
  endfacet
  facet normal -0.528075 -0.849198 0
    outer loop
      vertex -19.445 -29.1014 0
      vertex -17.5 -30.3109 2.5
      vertex -19.445 -29.1014 2.5
    endloop
  endfacet
  facet normal -0.528075 -0.849198 -0
    outer loop
      vertex -17.5 -30.3109 2.5
      vertex -19.445 -29.1014 0
      vertex -17.5 -30.3109 0
    endloop
  endfacet
  facet normal -0.986642 -0.162902 0
    outer loop
      vertex -34.3275 -6.82816 0
      vertex -34.7006 -4.56842 2.5
      vertex -34.7006 -4.56842 0
    endloop
  endfacet
  facet normal -0.986642 -0.162902 0
    outer loop
      vertex -34.7006 -4.56842 2.5
      vertex -34.3275 -6.82816 0
      vertex -34.3275 -6.82816 2.5
    endloop
  endfacet
  facet normal 0.881932 0.471377 0
    outer loop
      vertex 31.3905 15.4801 2.5
      vertex 30.3109 17.5 0
      vertex 30.3109 17.5 2.5
    endloop
  endfacet
  facet normal 0.881932 0.471377 0
    outer loop
      vertex 30.3109 17.5 0
      vertex 31.3905 15.4801 2.5
      vertex 31.3905 15.4801 0
    endloop
  endfacet
  facet normal 0.63439 -0.773013 0
    outer loop
      vertex 21.3066 -27.7674 0
      vertex 23.0771 -26.3144 2.5
      vertex 21.3066 -27.7674 2.5
    endloop
  endfacet
  facet normal 0.63439 -0.773013 0
    outer loop
      vertex 23.0771 -26.3144 2.5
      vertex 21.3066 -27.7674 0
      vertex 23.0771 -26.3144 0
    endloop
  endfacet
  facet normal -0.227084 0.973875 0
    outer loop
      vertex -6.82816 34.3275 0
      vertex -9.05867 33.8074 2.5
      vertex -6.82816 34.3275 2.5
    endloop
  endfacet
  facet normal -0.227084 0.973875 0
    outer loop
      vertex -9.05867 33.8074 2.5
      vertex -6.82816 34.3275 0
      vertex -9.05867 33.8074 0
    endloop
  endfacet
  facet normal 0.352267 -0.9359 0
    outer loop
      vertex 11.2504 -33.1426 0
      vertex 13.3939 -32.3358 2.5
      vertex 11.2504 -33.1426 2.5
    endloop
  endfacet
  facet normal 0.352267 -0.9359 0
    outer loop
      vertex 13.3939 -32.3358 2.5
      vertex 11.2504 -33.1426 0
      vertex 13.3939 -32.3358 0
    endloop
  endfacet
  facet normal -0.68361 0.729848 0
    outer loop
      vertex -23.0771 26.3144 0
      vertex -24.7487 24.7487 2.5
      vertex -23.0771 26.3144 2.5
    endloop
  endfacet
  facet normal -0.68361 0.729848 0
    outer loop
      vertex -24.7487 24.7487 2.5
      vertex -23.0771 26.3144 0
      vertex -24.7487 24.7487 0
    endloop
  endfacet
  facet normal -0.973875 -0.227084 0
    outer loop
      vertex -33.8074 -9.05867 0
      vertex -34.3275 -6.82816 2.5
      vertex -34.3275 -6.82816 0
    endloop
  endfacet
  facet normal -0.973875 -0.227084 0
    outer loop
      vertex -34.3275 -6.82816 2.5
      vertex -33.8074 -9.05867 0
      vertex -33.8074 -9.05867 2.5
    endloop
  endfacet
  facet normal -0.812847 -0.582477 0
    outer loop
      vertex -27.7674 -21.3066 0
      vertex -29.1014 -19.445 2.5
      vertex -29.1014 -19.445 0
    endloop
  endfacet
  facet normal -0.812847 -0.582477 0
    outer loop
      vertex -29.1014 -19.445 2.5
      vertex -27.7674 -21.3066 0
      vertex -27.7674 -21.3066 2.5
    endloop
  endfacet
  facet normal -0.812847 0.582477 0
    outer loop
      vertex -29.1014 19.445 0
      vertex -27.7674 21.3066 2.5
      vertex -27.7674 21.3066 0
    endloop
  endfacet
  facet normal -0.812847 0.582477 0
    outer loop
      vertex -27.7674 21.3066 2.5
      vertex -29.1014 19.445 0
      vertex -29.1014 19.445 2.5
    endloop
  endfacet
  facet normal 0.68361 0.729848 -0
    outer loop
      vertex 24.7487 24.7487 0
      vertex 23.0771 26.3144 2.5
      vertex 24.7487 24.7487 2.5
    endloop
  endfacet
  facet normal 0.68361 0.729848 0
    outer loop
      vertex 23.0771 26.3144 2.5
      vertex 24.7487 24.7487 0
      vertex 23.0771 26.3144 0
    endloop
  endfacet
  facet normal 0.812847 -0.582477 0
    outer loop
      vertex 27.7674 -21.3066 2.5
      vertex 29.1014 -19.445 0
      vertex 29.1014 -19.445 2.5
    endloop
  endfacet
  facet normal 0.812847 -0.582477 0
    outer loop
      vertex 29.1014 -19.445 0
      vertex 27.7674 -21.3066 2.5
      vertex 27.7674 -21.3066 0
    endloop
  endfacet
  facet normal -0.973875 0.227084 0
    outer loop
      vertex -34.3275 6.82816 0
      vertex -33.8074 9.05867 2.5
      vertex -33.8074 9.05867 0
    endloop
  endfacet
  facet normal -0.973875 0.227084 0
    outer loop
      vertex -33.8074 9.05867 2.5
      vertex -34.3275 6.82816 0
      vertex -34.3275 6.82816 2.5
    endloop
  endfacet
  facet normal 0.63439 0.773013 -0
    outer loop
      vertex 23.0771 26.3144 0
      vertex 21.3066 27.7674 2.5
      vertex 23.0771 26.3144 2.5
    endloop
  endfacet
  facet normal 0.63439 0.773013 0
    outer loop
      vertex 21.3066 27.7674 2.5
      vertex 23.0771 26.3144 0
      vertex 21.3066 27.7674 0
    endloop
  endfacet
  facet normal 0.729848 -0.68361 0
    outer loop
      vertex 24.7487 -24.7487 2.5
      vertex 26.3144 -23.0771 0
      vertex 26.3144 -23.0771 2.5
    endloop
  endfacet
  facet normal 0.729848 -0.68361 0
    outer loop
      vertex 26.3144 -23.0771 0
      vertex 24.7487 -24.7487 2.5
      vertex 24.7487 -24.7487 0
    endloop
  endfacet
  facet normal 0.973875 -0.227084 0
    outer loop
      vertex 33.8074 -9.05867 2.5
      vertex 34.3275 -6.82816 0
      vertex 34.3275 -6.82816 2.5
    endloop
  endfacet
  facet normal 0.973875 -0.227084 0
    outer loop
      vertex 34.3275 -6.82816 0
      vertex 33.8074 -9.05867 2.5
      vertex 33.8074 -9.05867 0
    endloop
  endfacet
  facet normal -0.63439 0.773013 0
    outer loop
      vertex -21.3066 27.7674 0
      vertex -23.0771 26.3144 2.5
      vertex -21.3066 27.7674 2.5
    endloop
  endfacet
  facet normal -0.63439 0.773013 0
    outer loop
      vertex -23.0771 26.3144 2.5
      vertex -21.3066 27.7674 0
      vertex -23.0771 26.3144 0
    endloop
  endfacet
  facet normal -0.729848 0.68361 0
    outer loop
      vertex -26.3144 23.0771 0
      vertex -24.7487 24.7487 2.5
      vertex -24.7487 24.7487 0
    endloop
  endfacet
  facet normal -0.729848 0.68361 0
    outer loop
      vertex -24.7487 24.7487 2.5
      vertex -26.3144 23.0771 0
      vertex -26.3144 23.0771 2.5
    endloop
  endfacet
  facet normal -0.471377 0.881932 0
    outer loop
      vertex -15.4801 31.3905 0
      vertex -17.5 30.3109 2.5
      vertex -15.4801 31.3905 2.5
    endloop
  endfacet
  facet normal -0.471377 0.881932 0
    outer loop
      vertex -17.5 30.3109 2.5
      vertex -15.4801 31.3905 0
      vertex -17.5 30.3109 0
    endloop
  endfacet
  facet normal -0.9359 -0.352267 0
    outer loop
      vertex -32.3358 -13.3939 0
      vertex -33.1426 -11.2504 2.5
      vertex -33.1426 -11.2504 0
    endloop
  endfacet
  facet normal -0.9359 -0.352267 0
    outer loop
      vertex -33.1426 -11.2504 2.5
      vertex -32.3358 -13.3939 0
      vertex -32.3358 -13.3939 2.5
    endloop
  endfacet
  facet normal 0.812847 0.582477 0
    outer loop
      vertex 29.1014 19.445 2.5
      vertex 27.7674 21.3066 0
      vertex 27.7674 21.3066 2.5
    endloop
  endfacet
  facet normal 0.812847 0.582477 0
    outer loop
      vertex 27.7674 21.3066 0
      vertex 29.1014 19.445 2.5
      vertex 29.1014 19.445 0
    endloop
  endfacet
  facet normal 0.9359 0.352267 0
    outer loop
      vertex 33.1426 11.2504 2.5
      vertex 32.3358 13.3939 0
      vertex 32.3358 13.3939 2.5
    endloop
  endfacet
  facet normal 0.9359 0.352267 0
    outer loop
      vertex 32.3358 13.3939 0
      vertex 33.1426 11.2504 2.5
      vertex 33.1426 11.2504 0
    endloop
  endfacet
  facet normal 0.986642 0.162902 0
    outer loop
      vertex 34.7006 4.56842 2.5
      vertex 34.3275 6.82816 0
      vertex 34.3275 6.82816 2.5
    endloop
  endfacet
  facet normal 0.986642 0.162902 0
    outer loop
      vertex 34.3275 6.82816 0
      vertex 34.7006 4.56842 2.5
      vertex 34.7006 4.56842 0
    endloop
  endfacet
  facet normal -0.0980204 0.995184 0
    outer loop
      vertex -2.28911 34.9251 0
      vertex -4.56842 34.7006 2.5
      vertex -2.28911 34.9251 2.5
    endloop
  endfacet
  facet normal -0.0980204 0.995184 0
    outer loop
      vertex -4.56842 34.7006 2.5
      vertex -2.28911 34.9251 0
      vertex -4.56842 34.7006 0
    endloop
  endfacet
  facet normal -0.956947 -0.290263 0
    outer loop
      vertex -33.1426 -11.2504 0
      vertex -33.8074 -9.05867 2.5
      vertex -33.8074 -9.05867 0
    endloop
  endfacet
  facet normal -0.956947 -0.290263 0
    outer loop
      vertex -33.8074 -9.05867 2.5
      vertex -33.1426 -11.2504 0
      vertex -33.1426 -11.2504 2.5
    endloop
  endfacet
  facet normal -0.849198 0.528075 0
    outer loop
      vertex -30.3109 17.5 0
      vertex -29.1014 19.445 2.5
      vertex -29.1014 19.445 0
    endloop
  endfacet
  facet normal -0.849198 0.528075 0
    outer loop
      vertex -29.1014 19.445 2.5
      vertex -30.3109 17.5 0
      vertex -30.3109 17.5 2.5
    endloop
  endfacet
  facet normal 0.528075 0.849198 -0
    outer loop
      vertex 19.445 29.1014 0
      vertex 17.5 30.3109 2.5
      vertex 19.445 29.1014 2.5
    endloop
  endfacet
  facet normal 0.528075 0.849198 0
    outer loop
      vertex 17.5 30.3109 2.5
      vertex 19.445 29.1014 0
      vertex 17.5 30.3109 0
    endloop
  endfacet
  facet normal -0.999465 -0.0327026 0
    outer loop
      vertex -34.9251 -2.28911 0
      vertex -35 0 2.5
      vertex -35 0 0
    endloop
  endfacet
  facet normal -0.999465 -0.0327026 0
    outer loop
      vertex -35 0 2.5
      vertex -34.9251 -2.28911 0
      vertex -34.9251 -2.28911 2.5
    endloop
  endfacet
  facet normal 0.227084 0.973875 -0
    outer loop
      vertex 9.05867 33.8074 0
      vertex 6.82816 34.3275 2.5
      vertex 9.05867 33.8074 2.5
    endloop
  endfacet
  facet normal 0.227084 0.973875 0
    outer loop
      vertex 6.82816 34.3275 2.5
      vertex 9.05867 33.8074 0
      vertex 6.82816 34.3275 0
    endloop
  endfacet
  facet normal -0.910855 0.412727 0
    outer loop
      vertex -32.3358 13.3939 0
      vertex -31.3905 15.4801 2.5
      vertex -31.3905 15.4801 0
    endloop
  endfacet
  facet normal -0.910855 0.412727 0
    outer loop
      vertex -31.3905 15.4801 2.5
      vertex -32.3358 13.3939 0
      vertex -32.3358 13.3939 2.5
    endloop
  endfacet
  facet normal -0.582477 -0.812847 0
    outer loop
      vertex -21.3066 -27.7674 0
      vertex -19.445 -29.1014 2.5
      vertex -21.3066 -27.7674 2.5
    endloop
  endfacet
  facet normal -0.582477 -0.812847 -0
    outer loop
      vertex -19.445 -29.1014 2.5
      vertex -21.3066 -27.7674 0
      vertex -19.445 -29.1014 0
    endloop
  endfacet
  facet normal -0.995184 -0.0980204 0
    outer loop
      vertex -34.7006 -4.56842 0
      vertex -34.9251 -2.28911 2.5
      vertex -34.9251 -2.28911 0
    endloop
  endfacet
  facet normal -0.995184 -0.0980204 0
    outer loop
      vertex -34.9251 -2.28911 2.5
      vertex -34.7006 -4.56842 0
      vertex -34.7006 -4.56842 2.5
    endloop
  endfacet
  facet normal 0.471377 0.881932 -0
    outer loop
      vertex 17.5 30.3109 0
      vertex 15.4801 31.3905 2.5
      vertex 17.5 30.3109 2.5
    endloop
  endfacet
  facet normal 0.471377 0.881932 0
    outer loop
      vertex 15.4801 31.3905 2.5
      vertex 17.5 30.3109 0
      vertex 15.4801 31.3905 0
    endloop
  endfacet
  facet normal -0.849198 -0.528075 0
    outer loop
      vertex -29.1014 -19.445 0
      vertex -30.3109 -17.5 2.5
      vertex -30.3109 -17.5 0
    endloop
  endfacet
  facet normal -0.849198 -0.528075 0
    outer loop
      vertex -30.3109 -17.5 2.5
      vertex -29.1014 -19.445 0
      vertex -29.1014 -19.445 2.5
    endloop
  endfacet
  facet normal 0.773013 0.63439 0
    outer loop
      vertex 27.7674 21.3066 2.5
      vertex 26.3144 23.0771 0
      vertex 26.3144 23.0771 2.5
    endloop
  endfacet
  facet normal 0.773013 0.63439 0
    outer loop
      vertex 26.3144 23.0771 0
      vertex 27.7674 21.3066 2.5
      vertex 27.7674 21.3066 0
    endloop
  endfacet
  facet normal 0.290263 -0.956947 0
    outer loop
      vertex 9.05867 -33.8074 0
      vertex 11.2504 -33.1426 2.5
      vertex 9.05867 -33.8074 2.5
    endloop
  endfacet
  facet normal 0.290263 -0.956947 0
    outer loop
      vertex 11.2504 -33.1426 2.5
      vertex 9.05867 -33.8074 0
      vertex 11.2504 -33.1426 0
    endloop
  endfacet
  facet normal -0.881932 0.471377 0
    outer loop
      vertex -31.3905 15.4801 0
      vertex -30.3109 17.5 2.5
      vertex -30.3109 17.5 0
    endloop
  endfacet
  facet normal -0.881932 0.471377 0
    outer loop
      vertex -30.3109 17.5 2.5
      vertex -31.3905 15.4801 0
      vertex -31.3905 15.4801 2.5
    endloop
  endfacet
  facet normal 0 0 -1
    outer loop
      vertex -7 -34.2874 0
      vertex -9.05867 -33.8074 0
      vertex -7 -25.1 0
    endloop
  endfacet
  facet normal 0 0 -1
    outer loop
      vertex -3.99679 23.9019 0
      vertex -4.56842 34.7006 0
      vertex -4 24 0
    endloop
  endfacet
  facet normal 0 0 -1
    outer loop
      vertex -3.99679 -23.9019 0
      vertex -13.1032 9.40189 0
      vertex -4.56842 34.7006 0
    endloop
  endfacet
  facet normal 0 0 -1
    outer loop
      vertex -7 -25.1 0
      vertex -4 -24 0
      vertex -3.99679 -24.0981 0
    endloop
  endfacet
  facet normal 0 0 -1
    outer loop
      vertex -7 -25.1 0
      vertex -3.56066 -25.0607 0
      vertex -3.51866 -25.1 0
    endloop
  endfacet
  facet normal 0 0 -1
    outer loop
      vertex -7 -25.1 0
      vertex -3.62776 -24.989 0
      vertex -3.56066 -25.0607 0
    endloop
  endfacet
  facet normal 0 0 -1
    outer loop
      vertex -7 -25.1 0
      vertex -3.69003 -24.9131 0
      vertex -3.62776 -24.989 0
    endloop
  endfacet
  facet normal 0 0 -1
    outer loop
      vertex -7 -25.1 0
      vertex -3.7472 -24.8334 0
      vertex -3.69003 -24.9131 0
    endloop
  endfacet
  facet normal 0 0 -1
    outer loop
      vertex -7 -25.1 0
      vertex -3.79904 -24.75 0
      vertex -3.7472 -24.8334 0
    endloop
  endfacet
  facet normal 0 0 -1
    outer loop
      vertex -7 -25.1 0
      vertex -3.84531 -24.6634 0
      vertex -3.79904 -24.75 0
    endloop
  endfacet
  facet normal 0 0 -1
    outer loop
      vertex -7 -25.1 0
      vertex -3.88582 -24.574 0
      vertex -3.84531 -24.6634 0
    endloop
  endfacet
  facet normal 0 0 -1
    outer loop
      vertex -7 -25.1 0
      vertex -3.92039 -24.4822 0
      vertex -3.88582 -24.574 0
    endloop
  endfacet
  facet normal 0 0 -1
    outer loop
      vertex -7 -25.1 0
      vertex -3.94889 -24.3882 0
      vertex -3.92039 -24.4822 0
    endloop
  endfacet
  facet normal 0 0 -1
    outer loop
      vertex -7 -25.1 0
      vertex -3.97118 -24.2926 0
      vertex -3.94889 -24.3882 0
    endloop
  endfacet
  facet normal 0 0 -1
    outer loop
      vertex -7 -25.1 0
      vertex -3.98717 -24.1958 0
      vertex -3.97118 -24.2926 0
    endloop
  endfacet
  facet normal 0 0 -1
    outer loop
      vertex -7 -25.1 0
      vertex -3.99679 -24.0981 0
      vertex -3.98717 -24.1958 0
    endloop
  endfacet
  facet normal -0 0 -1
    outer loop
      vertex -3.99679 -23.9019 0
      vertex -7 -25.1 0
      vertex -13.201 -15.25 0
    endloop
  endfacet
  facet normal 0 0 -1
    outer loop
      vertex -11.2504 -33.1426 0
      vertex -7 -25.1 0
      vertex -9.05867 -33.8074 0
    endloop
  endfacet
  facet normal 0 0 -1
    outer loop
      vertex -3.99679 -23.9019 0
      vertex -13.0032 -9.40189 0
      vertex -13.0128 -9.30421 0
    endloop
  endfacet
  facet normal 0 0 -1
    outer loop
      vertex -13.3939 -32.3358 0
      vertex -7 -25.1 0
      vertex -11.2504 -33.1426 0
    endloop
  endfacet
  facet normal 0 0 -1
    outer loop
      vertex -3.99679 -23.9019 0
      vertex -13 -9.5 0
      vertex -13.0032 -9.40189 0
    endloop
  endfacet
  facet normal 0 0 -1
    outer loop
      vertex -3.99679 -23.9019 0
      vertex -13 -14.5 0
      vertex -13 -9.5 0
    endloop
  endfacet
  facet normal 0 0 -1
    outer loop
      vertex -3.99679 -23.9019 0
      vertex -13.0032 -14.5981 0
      vertex -13 -14.5 0
    endloop
  endfacet
  facet normal 0 0 -1
    outer loop
      vertex -3.99679 -23.9019 0
      vertex -13.0128 -14.6958 0
      vertex -13.0032 -14.5981 0
    endloop
  endfacet
  facet normal 0 0 -1
    outer loop
      vertex -3.99679 -23.9019 0
      vertex -13.0288 -14.7926 0
      vertex -13.0128 -14.6958 0
    endloop
  endfacet
  facet normal 0 0 -1
    outer loop
      vertex -3.99679 -23.9019 0
      vertex -13.0511 -14.8882 0
      vertex -13.0288 -14.7926 0
    endloop
  endfacet
  facet normal 0 0 -1
    outer loop
      vertex -3.99679 -23.9019 0
      vertex -13.0796 -14.9822 0
      vertex -13.0511 -14.8882 0
    endloop
  endfacet
  facet normal 0 0 -1
    outer loop
      vertex -3.99679 -23.9019 0
      vertex -13.1142 -15.074 0
      vertex -13.0796 -14.9822 0
    endloop
  endfacet
  facet normal 0 0 -1
    outer loop
      vertex -3.99679 -23.9019 0
      vertex -13.1547 -15.1634 0
      vertex -13.1142 -15.074 0
    endloop
  endfacet
  facet normal 0 0 -1
    outer loop
      vertex -3.99679 -23.9019 0
      vertex -13.201 -15.25 0
      vertex -13.1547 -15.1634 0
    endloop
  endfacet
  facet normal 0 0 -1
    outer loop
      vertex -7 -25.1 0
      vertex -13.2528 -15.3334 0
      vertex -13.201 -15.25 0
    endloop
  endfacet
  facet normal 0 0 -1
    outer loop
      vertex -7 -25.1 0
      vertex -13.31 -15.4131 0
      vertex -13.2528 -15.3334 0
    endloop
  endfacet
  facet normal 0 0 -1
    outer loop
      vertex -7 -25.1 0
      vertex -13.3722 -15.489 0
      vertex -13.31 -15.4131 0
    endloop
  endfacet
  facet normal 0 0 -1
    outer loop
      vertex -15.4801 -31.3905 0
      vertex -7 -25.1 0
      vertex -13.3939 -32.3358 0
    endloop
  endfacet
  facet normal 0 0 -1
    outer loop
      vertex -7 -25.1 0
      vertex -13.4393 -15.5607 0
      vertex -13.3722 -15.489 0
    endloop
  endfacet
  facet normal 0 0 -1
    outer loop
      vertex -7 -25.1 0
      vertex -13.511 -15.6278 0
      vertex -13.4393 -15.5607 0
    endloop
  endfacet
  facet normal 0 0 -1
    outer loop
      vertex -7 -25.1 0
      vertex -13.5869 -15.69 0
      vertex -13.511 -15.6278 0
    endloop
  endfacet
  facet normal 0 0 -1
    outer loop
      vertex -7 -25.1 0
      vertex -13.6666 -15.7472 0
      vertex -13.5869 -15.69 0
    endloop
  endfacet
  facet normal 0 0 -1
    outer loop
      vertex -7 -25.1 0
      vertex -13.75 -15.799 0
      vertex -13.6666 -15.7472 0
    endloop
  endfacet
  facet normal 0 0 -1
    outer loop
      vertex -7 -25.1 0
      vertex -13.8366 -15.8453 0
      vertex -13.75 -15.799 0
    endloop
  endfacet
  facet normal 0 0 -1
    outer loop
      vertex -7 -25.1 0
      vertex -13.926 -15.8858 0
      vertex -13.8366 -15.8453 0
    endloop
  endfacet
  facet normal 0 0 -1
    outer loop
      vertex -7 -25.1 0
      vertex -14.0178 -15.9204 0
      vertex -13.926 -15.8858 0
    endloop
  endfacet
  facet normal 0 0 -1
    outer loop
      vertex -17.5 -30.3109 0
      vertex -7 -25.1 0
      vertex -15.4801 -31.3905 0
    endloop
  endfacet
  facet normal 0 0 -1
    outer loop
      vertex -7 -25.1 0
      vertex -14.1118 -15.9489 0
      vertex -14.0178 -15.9204 0
    endloop
  endfacet
  facet normal 0 0 -1
    outer loop
      vertex -7 -25.1 0
      vertex -14.2074 -15.9712 0
      vertex -14.1118 -15.9489 0
    endloop
  endfacet
  facet normal 0 -0 -1
    outer loop
      vertex -14.3042 -15.9872 0
      vertex -7 -25.1 0
      vertex -19.8891 -20.9498 0
    endloop
  endfacet
  facet normal 0 0 -1
    outer loop
      vertex -7 -25.1 0
      vertex -14.3042 -15.9872 0
      vertex -14.2074 -15.9712 0
    endloop
  endfacet
  facet normal 0 0 -1
    outer loop
      vertex -14.3042 -15.9872 0
      vertex -19.8891 -20.9498 0
      vertex -14.4019 -15.9968 0
    endloop
  endfacet
  facet normal 0 0 -1
    outer loop
      vertex -14.4019 -15.9968 0
      vertex -19.8891 -20.9498 0
      vertex -14.5 -16 0
    endloop
  endfacet
  facet normal -0 0 -1
    outer loop
      vertex -14.5 -16 0
      vertex -19.8891 -20.9498 0
      vertex -14.5981 -15.9968 0
    endloop
  endfacet
  facet normal -0 0 -1
    outer loop
      vertex -14.5981 -15.9968 0
      vertex -19.8891 -20.9498 0
      vertex -14.6958 -15.9872 0
    endloop
  endfacet
  facet normal -0 0 -1
    outer loop
      vertex -14.6958 -15.9872 0
      vertex -19.8891 -20.9498 0
      vertex -14.7926 -15.9712 0
    endloop
  endfacet
  facet normal -0 0 -1
    outer loop
      vertex -14.7926 -15.9712 0
      vertex -19.8891 -20.9498 0
      vertex -14.8882 -15.9489 0
    endloop
  endfacet
  facet normal 0 0 -1
    outer loop
      vertex -19.9092 -20.8638 0
      vertex -14.8882 -15.9489 0
      vertex -19.8891 -20.9498 0
    endloop
  endfacet
  facet normal -0 0 -1
    outer loop
      vertex -14.8882 -15.9489 0
      vertex -19.9092 -20.8638 0
      vertex -14.9822 -15.9204 0
    endloop
  endfacet
  facet normal 0 0 -1
    outer loop
      vertex -19.9348 -20.7793 0
      vertex -14.9822 -15.9204 0
      vertex -19.9092 -20.8638 0
    endloop
  endfacet
  facet normal -0 0 -1
    outer loop
      vertex -14.9822 -15.9204 0
      vertex -19.9348 -20.7793 0
      vertex -15.074 -15.8858 0
    endloop
  endfacet
  facet normal 0 0 -1
    outer loop
      vertex -19.966 -20.6966 0
      vertex -15.074 -15.8858 0
      vertex -19.9348 -20.7793 0
    endloop
  endfacet
  facet normal -0 0 -1
    outer loop
      vertex -15.074 -15.8858 0
      vertex -19.966 -20.6966 0
      vertex -15.1634 -15.8453 0
    endloop
  endfacet
  facet normal 0 0 -1
    outer loop
      vertex -20.0024 -20.6161 0
      vertex -15.1634 -15.8453 0
      vertex -19.966 -20.6966 0
    endloop
  endfacet
  facet normal -0 0 -1
    outer loop
      vertex -15.1634 -15.8453 0
      vertex -20.0024 -20.6161 0
      vertex -15.25 -15.799 0
    endloop
  endfacet
  facet normal 0 0 -1
    outer loop
      vertex -20.0441 -20.5382 0
      vertex -15.25 -15.799 0
      vertex -20.0024 -20.6161 0
    endloop
  endfacet
  facet normal -0 0 -1
    outer loop
      vertex -15.25 -15.799 0
      vertex -20.0441 -20.5382 0
      vertex -15.3334 -15.7472 0
    endloop
  endfacet
  facet normal 0 0 -1
    outer loop
      vertex -20.0907 -20.4632 0
      vertex -15.3334 -15.7472 0
      vertex -20.0441 -20.5382 0
    endloop
  endfacet
  facet normal -0 0 -1
    outer loop
      vertex -15.3334 -15.7472 0
      vertex -20.0907 -20.4632 0
      vertex -15.4131 -15.69 0
    endloop
  endfacet
  facet normal 0 0 -1
    outer loop
      vertex -20.1422 -20.3914 0
      vertex -15.4131 -15.69 0
      vertex -20.0907 -20.4632 0
    endloop
  endfacet
  facet normal -0 0 -1
    outer loop
      vertex -15.4131 -15.69 0
      vertex -20.1422 -20.3914 0
      vertex -15.489 -15.6278 0
    endloop
  endfacet
  facet normal 0 0 -1
    outer loop
      vertex -20.1982 -20.3231 0
      vertex -15.489 -15.6278 0
      vertex -20.1422 -20.3914 0
    endloop
  endfacet
  facet normal -0 0 -1
    outer loop
      vertex -15.489 -15.6278 0
      vertex -20.1982 -20.3231 0
      vertex -15.5607 -15.5607 0
    endloop
  endfacet
  facet normal 0 0 -1
    outer loop
      vertex -20.2586 -20.2586 0
      vertex -15.5607 -15.5607 0
      vertex -20.1982 -20.3231 0
    endloop
  endfacet
  facet normal -0 0 -1
    outer loop
      vertex -15.5607 -15.5607 0
      vertex -20.2586 -20.2586 0
      vertex -15.6278 -15.489 0
    endloop
  endfacet
  facet normal 0 0 -1
    outer loop
      vertex -20.3231 -20.1982 0
      vertex -15.6278 -15.489 0
      vertex -20.2586 -20.2586 0
    endloop
  endfacet
  facet normal 0 0 -1
    outer loop
      vertex -23.0981 -3.99679 0
      vertex -16 -9.5 0
      vertex -16 -14.5 0
    endloop
  endfacet
  facet normal 0 0 -1
    outer loop
      vertex -16 -9.5 0
      vertex -21.5 -2.5 0
      vertex -16.0204 9.01784 0
    endloop
  endfacet
  facet normal 0 0 -1
    outer loop
      vertex -21.5 2.5 0
      vertex -16.0204 9.01784 0
      vertex -21.5 -2.5 0
    endloop
  endfacet
  facet normal 0 0 -1
    outer loop
      vertex -21.5032 2.5981 0
      vertex -16.0204 9.01784 0
      vertex -21.5 2.5 0
    endloop
  endfacet
  facet normal 0 0 -1
    outer loop
      vertex -21.5128 2.69579 0
      vertex -16.0204 9.01784 0
      vertex -21.5032 2.5981 0
    endloop
  endfacet
  facet normal 0 0 -1
    outer loop
      vertex -21.5288 2.79263 0
      vertex -16.0204 9.01784 0
      vertex -21.5128 2.69579 0
    endloop
  endfacet
  facet normal 0 0 -1
    outer loop
      vertex -20.3914 -20.1422 0
      vertex -15.69 -15.4131 0
      vertex -20.3231 -20.1982 0
    endloop
  endfacet
  facet normal -0 0 -1
    outer loop
      vertex -15.6278 -15.489 0
      vertex -20.3231 -20.1982 0
      vertex -15.69 -15.4131 0
    endloop
  endfacet
  facet normal 0 0 -1
    outer loop
      vertex -19.966 -21.7298 0
      vertex -7 -25.1 0
      vertex -17.5 -30.3109 0
    endloop
  endfacet
  facet normal 0 0 -1
    outer loop
      vertex 3.41314 -22.81 0
      vertex 13.1547 -15.1634 0
      vertex 3.48902 -22.8722 0
    endloop
  endfacet
  facet normal 0 0 -1
    outer loop
      vertex 13.0511 -9.11177 0
      vertex 3.99679 23.9019 0
      vertex 4 24 0
    endloop
  endfacet
  facet normal -0 0 -1
    outer loop
      vertex 13.1547 -15.1634 0
      vertex 3.41314 -22.81 0
      vertex 13.1142 -15.074 0
    endloop
  endfacet
  facet normal 0 0 -1
    outer loop
      vertex 13.0511 -9.11177 0
      vertex 3.98717 23.8042 0
      vertex 3.99679 23.9019 0
    endloop
  endfacet
  facet normal 0 0 -1
    outer loop
      vertex 3.33335 -22.7528 0
      vertex 13.1142 -15.074 0
      vertex 3.41314 -22.81 0
    endloop
  endfacet
  facet normal 0 0 -1
    outer loop
      vertex 13.0511 -9.11177 0
      vertex 3.97118 23.7074 0
      vertex 3.98717 23.8042 0
    endloop
  endfacet
  facet normal -0 0 -1
    outer loop
      vertex 13.1142 -15.074 0
      vertex 3.33335 -22.7528 0
      vertex 13.0796 -14.9822 0
    endloop
  endfacet
  facet normal 0 0 -1
    outer loop
      vertex 13.0511 -9.11177 0
      vertex 3.94889 23.6118 0
      vertex 3.97118 23.7074 0
    endloop
  endfacet
  facet normal 0 0 -1
    outer loop
      vertex 3.25 -22.701 0
      vertex 13.0796 -14.9822 0
      vertex 3.33335 -22.7528 0
    endloop
  endfacet
  facet normal 0 0 -1
    outer loop
      vertex 13.0511 -9.11177 0
      vertex 3.92039 23.5178 0
      vertex 3.94889 23.6118 0
    endloop
  endfacet
  facet normal -0 0 -1
    outer loop
      vertex 13.0796 -14.9822 0
      vertex 3.25 -22.701 0
      vertex 13.0511 -14.8882 0
    endloop
  endfacet
  facet normal 0 0 -1
    outer loop
      vertex 13.0511 -9.11177 0
      vertex 3.88582 23.426 0
      vertex 3.92039 23.5178 0
    endloop
  endfacet
  facet normal 0 0 -1
    outer loop
      vertex 3.16343 -22.6547 0
      vertex 13.0511 -14.8882 0
      vertex 3.25 -22.701 0
    endloop
  endfacet
  facet normal 0 0 -1
    outer loop
      vertex 13.0511 -9.11177 0
      vertex 3.84531 23.3366 0
      vertex 3.88582 23.426 0
    endloop
  endfacet
  facet normal -0 0 -1
    outer loop
      vertex 13.0511 -14.8882 0
      vertex 3.16343 -22.6547 0
      vertex 13.0288 -14.7926 0
    endloop
  endfacet
  facet normal 0 0 -1
    outer loop
      vertex 13.0511 -9.11177 0
      vertex 3.79904 23.25 0
      vertex 3.84531 23.3366 0
    endloop
  endfacet
  facet normal 0 0 -1
    outer loop
      vertex 3.07402 -22.6142 0
      vertex 13.0288 -14.7926 0
      vertex 3.16343 -22.6547 0
    endloop
  endfacet
  facet normal 0 0 -1
    outer loop
      vertex 13.0511 -9.11177 0
      vertex 3.7472 23.1666 0
      vertex 3.79904 23.25 0
    endloop
  endfacet
  facet normal -0 0 -1
    outer loop
      vertex 13.0288 -14.7926 0
      vertex 3.07402 -22.6142 0
      vertex 13.0128 -14.6958 0
    endloop
  endfacet
  facet normal 0 0 -1
    outer loop
      vertex 13.0511 -9.11177 0
      vertex 3.69003 23.0869 0
      vertex 3.7472 23.1666 0
    endloop
  endfacet
  facet normal 0 0 -1
    outer loop
      vertex 2.98216 -22.5796 0
      vertex 13.0128 -14.6958 0
      vertex 3.07402 -22.6142 0
    endloop
  endfacet
  facet normal 0 0 -1
    outer loop
      vertex 13.0511 -9.11177 0
      vertex 3.62776 23.011 0
      vertex 3.69003 23.0869 0
    endloop
  endfacet
  facet normal -0 0 -1
    outer loop
      vertex 13.0128 -14.6958 0
      vertex 2.98216 -22.5796 0
      vertex 13.0032 -14.5981 0
    endloop
  endfacet
  facet normal 0 0 -1
    outer loop
      vertex 13.0511 -9.11177 0
      vertex 3.56066 22.9393 0
      vertex 3.62776 23.011 0
    endloop
  endfacet
  facet normal 0 0 -1
    outer loop
      vertex 2.88823 -22.5511 0
      vertex 13.0032 -14.5981 0
      vertex 2.98216 -22.5796 0
    endloop
  endfacet
  facet normal 0 0 -1
    outer loop
      vertex 13.0511 -9.11177 0
      vertex 3.48902 22.8722 0
      vertex 3.56066 22.9393 0
    endloop
  endfacet
  facet normal -0 0 -1
    outer loop
      vertex 13.0032 -14.5981 0
      vertex 2.88823 -22.5511 0
      vertex 13 -14.5 0
    endloop
  endfacet
  facet normal 0 0 -1
    outer loop
      vertex 13.0511 -9.11177 0
      vertex 3.41314 22.81 0
      vertex 3.48902 22.8722 0
    endloop
  endfacet
  facet normal 0 0 -1
    outer loop
      vertex 2.79263 -22.5288 0
      vertex 13 -14.5 0
      vertex 2.88823 -22.5511 0
    endloop
  endfacet
  facet normal 0 0 -1
    outer loop
      vertex 13.0511 -9.11177 0
      vertex 3.33335 22.7528 0
      vertex 3.41314 22.81 0
    endloop
  endfacet
  facet normal 0 0 -1
    outer loop
      vertex 2.69579 -22.5128 0
      vertex 13 -14.5 0
      vertex 2.79263 -22.5288 0
    endloop
  endfacet
  facet normal 0 0 -1
    outer loop
      vertex 13.0511 -9.11177 0
      vertex 3.25 22.701 0
      vertex 3.33335 22.7528 0
    endloop
  endfacet
  facet normal 0 0 -1
    outer loop
      vertex 2.5981 -22.5032 0
      vertex 13 -14.5 0
      vertex 2.69579 -22.5128 0
    endloop
  endfacet
  facet normal 0 0 -1
    outer loop
      vertex 13.0511 -9.11177 0
      vertex 3.16343 22.6547 0
      vertex 3.25 22.701 0
    endloop
  endfacet
  facet normal -0 0 -1
    outer loop
      vertex 13 -14.5 0
      vertex 2.5981 -22.5032 0
      vertex 13 -9.5 0
    endloop
  endfacet
  facet normal 0 0 -1
    outer loop
      vertex 13.0511 -9.11177 0
      vertex 3.07402 22.6142 0
      vertex 3.16343 22.6547 0
    endloop
  endfacet
  facet normal 0 0 -1
    outer loop
      vertex 2.5 -22.5 0
      vertex 13 -9.5 0
      vertex 2.5981 -22.5032 0
    endloop
  endfacet
  facet normal 0 0 -1
    outer loop
      vertex 13.0511 -9.11177 0
      vertex 2.98216 22.5796 0
      vertex 3.07402 22.6142 0
    endloop
  endfacet
  facet normal 0 0 -1
    outer loop
      vertex -2.5 -22.5 0
      vertex 13 -9.5 0
      vertex 2.5 -22.5 0
    endloop
  endfacet
  facet normal 0 0 -1
    outer loop
      vertex 13.0511 -9.11177 0
      vertex 2.88823 22.5511 0
      vertex 2.98216 22.5796 0
    endloop
  endfacet
  facet normal -0 0 -1
    outer loop
      vertex 13 -9.5 0
      vertex -2.5 -22.5 0
      vertex 13.0032 -9.40189 0
    endloop
  endfacet
  facet normal 0 0 -1
    outer loop
      vertex 13.0511 -9.11177 0
      vertex 2.79263 22.5288 0
      vertex 2.88823 22.5511 0
    endloop
  endfacet
  facet normal -0 0 -1
    outer loop
      vertex 13.0032 -9.40189 0
      vertex -2.5 -22.5 0
      vertex 13.0128 -9.30421 0
    endloop
  endfacet
  facet normal 0 0 -1
    outer loop
      vertex 13.0511 -9.11177 0
      vertex 2.69579 22.5128 0
      vertex 2.79263 22.5288 0
    endloop
  endfacet
  facet normal -0 0 -1
    outer loop
      vertex 13.0128 -9.30421 0
      vertex -2.5 -22.5 0
      vertex 13.0288 -9.20736 0
    endloop
  endfacet
  facet normal 0 0 -1
    outer loop
      vertex 13.0511 -9.11177 0
      vertex 2.5981 22.5032 0
      vertex 2.69579 22.5128 0
    endloop
  endfacet
  facet normal 0 0 -1
    outer loop
      vertex -2.5981 -22.5032 0
      vertex 13.0288 -9.20736 0
      vertex -2.5 -22.5 0
    endloop
  endfacet
  facet normal 0 0 -1
    outer loop
      vertex 13.0511 -9.11177 0
      vertex 2.5 22.5 0
      vertex 2.5981 22.5032 0
    endloop
  endfacet
  facet normal -0 0 -1
    outer loop
      vertex 13.0288 -9.20736 0
      vertex -2.5981 -22.5032 0
      vertex 13.0511 -9.11177 0
    endloop
  endfacet
  facet normal 0 0 -1
    outer loop
      vertex 13.0511 -9.11177 0
      vertex -2.5 22.5 0
      vertex 2.5 22.5 0
    endloop
  endfacet
  facet normal 0 0 -1
    outer loop
      vertex -2.69579 -22.5128 0
      vertex 13.0511 -9.11177 0
      vertex -2.5981 -22.5032 0
    endloop
  endfacet
  facet normal 0 0 -1
    outer loop
      vertex 13.0511 -9.11177 0
      vertex -2.5981 22.5032 0
      vertex -2.5 22.5 0
    endloop
  endfacet
  facet normal 0 0 -1
    outer loop
      vertex -2.79263 -22.5288 0
      vertex 13.0511 -9.11177 0
      vertex -2.69579 -22.5128 0
    endloop
  endfacet
  facet normal 0 0 -1
    outer loop
      vertex 13.0511 -9.11177 0
      vertex -2.69579 22.5128 0
      vertex -2.5981 22.5032 0
    endloop
  endfacet
  facet normal 0 0 -1
    outer loop
      vertex -2.79263 22.5288 0
      vertex 13.0511 -9.11177 0
      vertex -2.79263 -22.5288 0
    endloop
  endfacet
  facet normal 0 0 -1
    outer loop
      vertex 13.0511 -9.11177 0
      vertex -2.79263 22.5288 0
      vertex -2.69579 22.5128 0
    endloop
  endfacet
  facet normal 0 0 -1
    outer loop
      vertex -2.88823 -22.5511 0
      vertex -2.79263 22.5288 0
      vertex -2.79263 -22.5288 0
    endloop
  endfacet
  facet normal 0 0 -1
    outer loop
      vertex -2.88823 -22.5511 0
      vertex -2.88823 22.5511 0
      vertex -2.79263 22.5288 0
    endloop
  endfacet
  facet normal 0 0 -1
    outer loop
      vertex -2.98216 -22.5796 0
      vertex -2.88823 22.5511 0
      vertex -2.88823 -22.5511 0
    endloop
  endfacet
  facet normal 0 0 -1
    outer loop
      vertex -2.98216 -22.5796 0
      vertex -2.98216 22.5796 0
      vertex -2.88823 22.5511 0
    endloop
  endfacet
  facet normal 0 0 -1
    outer loop
      vertex -3.07402 -22.6142 0
      vertex -2.98216 22.5796 0
      vertex -2.98216 -22.5796 0
    endloop
  endfacet
  facet normal 0 0 -1
    outer loop
      vertex -3.07402 -22.6142 0
      vertex -3.07402 22.6142 0
      vertex -2.98216 22.5796 0
    endloop
  endfacet
  facet normal 0 0 -1
    outer loop
      vertex -3.16343 -22.6547 0
      vertex -3.07402 22.6142 0
      vertex -3.07402 -22.6142 0
    endloop
  endfacet
  facet normal 0 0 -1
    outer loop
      vertex -3.16343 -22.6547 0
      vertex -3.16343 22.6547 0
      vertex -3.07402 22.6142 0
    endloop
  endfacet
  facet normal 0 0 -1
    outer loop
      vertex -3.25 -22.701 0
      vertex -3.16343 22.6547 0
      vertex -3.16343 -22.6547 0
    endloop
  endfacet
  facet normal 0 0 -1
    outer loop
      vertex -3.25 -22.701 0
      vertex -3.25 22.701 0
      vertex -3.16343 22.6547 0
    endloop
  endfacet
  facet normal 0 0 -1
    outer loop
      vertex -3.33335 -22.7528 0
      vertex -3.25 22.701 0
      vertex -3.25 -22.701 0
    endloop
  endfacet
  facet normal 0 0 -1
    outer loop
      vertex -3.33335 -22.7528 0
      vertex -3.33335 22.7528 0
      vertex -3.25 22.701 0
    endloop
  endfacet
  facet normal 0 0 -1
    outer loop
      vertex -3.41314 -22.81 0
      vertex -3.33335 22.7528 0
      vertex -3.33335 -22.7528 0
    endloop
  endfacet
  facet normal 0 0 -1
    outer loop
      vertex -3.41314 -22.81 0
      vertex -3.41314 22.81 0
      vertex -3.33335 22.7528 0
    endloop
  endfacet
  facet normal 0 0 -1
    outer loop
      vertex -3.48902 -22.8722 0
      vertex -3.41314 22.81 0
      vertex -3.41314 -22.81 0
    endloop
  endfacet
  facet normal 0 0 -1
    outer loop
      vertex -3.48902 -22.8722 0
      vertex -3.48902 22.8722 0
      vertex -3.41314 22.81 0
    endloop
  endfacet
  facet normal 0 0 -1
    outer loop
      vertex -3.56066 -22.9393 0
      vertex -3.48902 22.8722 0
      vertex -3.48902 -22.8722 0
    endloop
  endfacet
  facet normal 0 0 -1
    outer loop
      vertex -3.56066 -22.9393 0
      vertex -3.56066 22.9393 0
      vertex -3.48902 22.8722 0
    endloop
  endfacet
  facet normal 0 0 -1
    outer loop
      vertex -3.62776 -23.011 0
      vertex -3.56066 22.9393 0
      vertex -3.56066 -22.9393 0
    endloop
  endfacet
  facet normal 0 0 -1
    outer loop
      vertex -3.62776 -23.011 0
      vertex -3.62776 23.011 0
      vertex -3.56066 22.9393 0
    endloop
  endfacet
  facet normal 0 0 -1
    outer loop
      vertex -3.69003 -23.0869 0
      vertex -3.62776 23.011 0
      vertex -3.62776 -23.011 0
    endloop
  endfacet
  facet normal 0 0 -1
    outer loop
      vertex -3.69003 -23.0869 0
      vertex -3.69003 23.0869 0
      vertex -3.62776 23.011 0
    endloop
  endfacet
  facet normal 0 0 -1
    outer loop
      vertex -3.7472 -23.1666 0
      vertex -3.69003 23.0869 0
      vertex -3.69003 -23.0869 0
    endloop
  endfacet
  facet normal 0 0 -1
    outer loop
      vertex -3.7472 -23.1666 0
      vertex -3.7472 23.1666 0
      vertex -3.69003 23.0869 0
    endloop
  endfacet
  facet normal 0 0 -1
    outer loop
      vertex -3.79904 -23.25 0
      vertex -3.7472 23.1666 0
      vertex -3.7472 -23.1666 0
    endloop
  endfacet
  facet normal 0 0 -1
    outer loop
      vertex -3.79904 -23.25 0
      vertex -3.79904 23.25 0
      vertex -3.7472 23.1666 0
    endloop
  endfacet
  facet normal 0 0 -1
    outer loop
      vertex -3.84531 -23.3366 0
      vertex -3.79904 23.25 0
      vertex -3.79904 -23.25 0
    endloop
  endfacet
  facet normal 0 0 -1
    outer loop
      vertex -3.84531 -23.3366 0
      vertex -3.84531 23.3366 0
      vertex -3.79904 23.25 0
    endloop
  endfacet
  facet normal 0 0 -1
    outer loop
      vertex -3.88582 -23.426 0
      vertex -3.84531 23.3366 0
      vertex -3.84531 -23.3366 0
    endloop
  endfacet
  facet normal 0 0 -1
    outer loop
      vertex -3.88582 -23.426 0
      vertex -3.88582 23.426 0
      vertex -3.84531 23.3366 0
    endloop
  endfacet
  facet normal 0 0 -1
    outer loop
      vertex -3.92039 -23.5178 0
      vertex -3.88582 23.426 0
      vertex -3.88582 -23.426 0
    endloop
  endfacet
  facet normal 0 0 -1
    outer loop
      vertex -3.92039 -23.5178 0
      vertex -3.92039 23.5178 0
      vertex -3.88582 23.426 0
    endloop
  endfacet
  facet normal 0 0 -1
    outer loop
      vertex -3.94889 -23.6118 0
      vertex -3.92039 23.5178 0
      vertex -3.92039 -23.5178 0
    endloop
  endfacet
  facet normal 0 0 -1
    outer loop
      vertex -3.94889 -23.6118 0
      vertex -3.94889 23.6118 0
      vertex -3.92039 23.5178 0
    endloop
  endfacet
  facet normal 0 0 -1
    outer loop
      vertex -3.97118 -23.7074 0
      vertex -3.94889 23.6118 0
      vertex -3.94889 -23.6118 0
    endloop
  endfacet
  facet normal 0 0 -1
    outer loop
      vertex -3.97118 -23.7074 0
      vertex -3.97118 23.7074 0
      vertex -3.94889 23.6118 0
    endloop
  endfacet
  facet normal 0 0 -1
    outer loop
      vertex -3.98717 -23.8042 0
      vertex -3.97118 23.7074 0
      vertex -3.97118 -23.7074 0
    endloop
  endfacet
  facet normal 0 0 -1
    outer loop
      vertex -3.98717 -23.8042 0
      vertex -3.98717 23.8042 0
      vertex -3.97118 23.7074 0
    endloop
  endfacet
  facet normal 0 0 -1
    outer loop
      vertex -3.99679 -23.9019 0
      vertex -3.98717 23.8042 0
      vertex -3.98717 -23.8042 0
    endloop
  endfacet
  facet normal 0 0 -1
    outer loop
      vertex -3.99679 -23.9019 0
      vertex -3.99679 23.9019 0
      vertex -3.98717 23.8042 0
    endloop
  endfacet
  facet normal 0 0 -1
    outer loop
      vertex -7 -25.1 0
      vertex -3.99679 -23.9019 0
      vertex -4 -24 0
    endloop
  endfacet
  facet normal 0 0 -1
    outer loop
      vertex -3.99679 -23.9019 0
      vertex -4.56842 34.7006 0
      vertex -3.99679 23.9019 0
    endloop
  endfacet
  facet normal 0 0 -1
    outer loop
      vertex 3.94889 24.3882 0
      vertex 13.3939 32.3358 0
      vertex 3.97118 24.2926 0
    endloop
  endfacet
  facet normal 0 0 -1
    outer loop
      vertex 3.92039 24.4822 0
      vertex 13.3939 32.3358 0
      vertex 3.94889 24.3882 0
    endloop
  endfacet
  facet normal -0 0 -1
    outer loop
      vertex 13.3939 32.3358 0
      vertex 3.92039 24.4822 0
      vertex 11.2504 33.1426 0
    endloop
  endfacet
  facet normal 0 0 -1
    outer loop
      vertex 3.88582 24.574 0
      vertex 11.2504 33.1426 0
      vertex 3.92039 24.4822 0
    endloop
  endfacet
  facet normal 0 0 -1
    outer loop
      vertex 3.84531 24.6634 0
      vertex 11.2504 33.1426 0
      vertex 3.88582 24.574 0
    endloop
  endfacet
  facet normal 0 0 -1
    outer loop
      vertex 3.79904 24.75 0
      vertex 11.2504 33.1426 0
      vertex 3.84531 24.6634 0
    endloop
  endfacet
  facet normal 0 0 -1
    outer loop
      vertex 3.7472 24.8334 0
      vertex 11.2504 33.1426 0
      vertex 3.79904 24.75 0
    endloop
  endfacet
  facet normal -0 0 -1
    outer loop
      vertex 11.2504 33.1426 0
      vertex 3.7472 24.8334 0
      vertex 9.05867 33.8074 0
    endloop
  endfacet
  facet normal 0 0 -1
    outer loop
      vertex 3.69003 24.9131 0
      vertex 9.05867 33.8074 0
      vertex 3.7472 24.8334 0
    endloop
  endfacet
  facet normal 0 0 -1
    outer loop
      vertex 3.62776 24.989 0
      vertex 9.05867 33.8074 0
      vertex 3.69003 24.9131 0
    endloop
  endfacet
  facet normal 0 0 -1
    outer loop
      vertex 3.56066 25.0607 0
      vertex 9.05867 33.8074 0
      vertex 3.62776 24.989 0
    endloop
  endfacet
  facet normal 0 0 -1
    outer loop
      vertex 3.48902 25.1278 0
      vertex 9.05867 33.8074 0
      vertex 3.56066 25.0607 0
    endloop
  endfacet
  facet normal -0 0 -1
    outer loop
      vertex 9.05867 33.8074 0
      vertex 3.48902 25.1278 0
      vertex 6.82816 34.3275 0
    endloop
  endfacet
  facet normal 0 0 -1
    outer loop
      vertex 3.41314 25.19 0
      vertex 6.82816 34.3275 0
      vertex 3.48902 25.1278 0
    endloop
  endfacet
  facet normal 0 0 -1
    outer loop
      vertex 3.33335 25.2472 0
      vertex 6.82816 34.3275 0
      vertex 3.41314 25.19 0
    endloop
  endfacet
  facet normal 0 0 -1
    outer loop
      vertex 3.25 25.299 0
      vertex 6.82816 34.3275 0
      vertex 3.33335 25.2472 0
    endloop
  endfacet
  facet normal 0 0 -1
    outer loop
      vertex 3.16343 25.3453 0
      vertex 6.82816 34.3275 0
      vertex 3.25 25.299 0
    endloop
  endfacet
  facet normal 0 0 -1
    outer loop
      vertex 3.07402 25.3858 0
      vertex 6.82816 34.3275 0
      vertex 3.16343 25.3453 0
    endloop
  endfacet
  facet normal -0 0 -1
    outer loop
      vertex 6.82816 34.3275 0
      vertex 3.07402 25.3858 0
      vertex 4.56842 34.7006 0
    endloop
  endfacet
  facet normal 0 0 -1
    outer loop
      vertex 2.98216 25.4204 0
      vertex 4.56842 34.7006 0
      vertex 3.07402 25.3858 0
    endloop
  endfacet
  facet normal 0 0 -1
    outer loop
      vertex 2.88823 25.4489 0
      vertex 4.56842 34.7006 0
      vertex 2.98216 25.4204 0
    endloop
  endfacet
  facet normal 0 0 -1
    outer loop
      vertex 2.79263 25.4712 0
      vertex 4.56842 34.7006 0
      vertex 2.88823 25.4489 0
    endloop
  endfacet
  facet normal 0 0 -1
    outer loop
      vertex 2.69579 25.4872 0
      vertex 4.56842 34.7006 0
      vertex 2.79263 25.4712 0
    endloop
  endfacet
  facet normal 0 0 -1
    outer loop
      vertex 2.5981 25.4968 0
      vertex 4.56842 34.7006 0
      vertex 2.69579 25.4872 0
    endloop
  endfacet
  facet normal 0 0 -1
    outer loop
      vertex 2.28911 34.9251 0
      vertex 2.5981 25.4968 0
      vertex 2.5 25.5 0
    endloop
  endfacet
  facet normal 0 0 -1
    outer loop
      vertex 2.5981 25.4968 0
      vertex 2.28911 34.9251 0
      vertex 4.56842 34.7006 0
    endloop
  endfacet
  facet normal 0 0 -1
    outer loop
      vertex 2.5 25.5 0
      vertex 0 35 0
      vertex 2.28911 34.9251 0
    endloop
  endfacet
  facet normal 0 0 -1
    outer loop
      vertex -2.5 25.5 0
      vertex 0 35 0
      vertex 2.5 25.5 0
    endloop
  endfacet
  facet normal 0 0 -1
    outer loop
      vertex 0 35 0
      vertex -2.5 25.5 0
      vertex -2.28911 34.9251 0
    endloop
  endfacet
  facet normal 0 0 -1
    outer loop
      vertex -2.5981 25.4968 0
      vertex -2.28911 34.9251 0
      vertex -2.5 25.5 0
    endloop
  endfacet
  facet normal 0 0 -1
    outer loop
      vertex -4.56842 34.7006 0
      vertex -2.5981 25.4968 0
      vertex -2.69579 25.4872 0
    endloop
  endfacet
  facet normal 0 0 -1
    outer loop
      vertex -4.56842 34.7006 0
      vertex -2.69579 25.4872 0
      vertex -2.79263 25.4712 0
    endloop
  endfacet
  facet normal 0 0 -1
    outer loop
      vertex -4.56842 34.7006 0
      vertex -2.79263 25.4712 0
      vertex -2.88823 25.4489 0
    endloop
  endfacet
  facet normal 0 0 -1
    outer loop
      vertex -4.56842 34.7006 0
      vertex -2.88823 25.4489 0
      vertex -2.98216 25.4204 0
    endloop
  endfacet
  facet normal 0 0 -1
    outer loop
      vertex -4.56842 34.7006 0
      vertex -2.98216 25.4204 0
      vertex -3.07402 25.3858 0
    endloop
  endfacet
  facet normal 0 0 -1
    outer loop
      vertex -4.56842 34.7006 0
      vertex -3.07402 25.3858 0
      vertex -3.16343 25.3453 0
    endloop
  endfacet
  facet normal 0 0 -1
    outer loop
      vertex -4.56842 34.7006 0
      vertex -3.16343 25.3453 0
      vertex -3.25 25.299 0
    endloop
  endfacet
  facet normal 0 0 -1
    outer loop
      vertex -4.56842 34.7006 0
      vertex -3.25 25.299 0
      vertex -3.33335 25.2472 0
    endloop
  endfacet
  facet normal 0 0 -1
    outer loop
      vertex -4.56842 34.7006 0
      vertex -3.33335 25.2472 0
      vertex -3.41314 25.19 0
    endloop
  endfacet
  facet normal 0 0 -1
    outer loop
      vertex -4.56842 34.7006 0
      vertex -3.41314 25.19 0
      vertex -3.48902 25.1278 0
    endloop
  endfacet
  facet normal 0 0 -1
    outer loop
      vertex -4.56842 34.7006 0
      vertex -3.48902 25.1278 0
      vertex -3.56066 25.0607 0
    endloop
  endfacet
  facet normal 0 0 -1
    outer loop
      vertex -4.56842 34.7006 0
      vertex -3.56066 25.0607 0
      vertex -3.62776 24.989 0
    endloop
  endfacet
  facet normal 0 0 -1
    outer loop
      vertex -4.56842 34.7006 0
      vertex -3.62776 24.989 0
      vertex -3.69003 24.9131 0
    endloop
  endfacet
  facet normal 0 0 -1
    outer loop
      vertex -4.56842 34.7006 0
      vertex -3.69003 24.9131 0
      vertex -3.7472 24.8334 0
    endloop
  endfacet
  facet normal 0 0 -1
    outer loop
      vertex -4.56842 34.7006 0
      vertex -3.7472 24.8334 0
      vertex -3.79904 24.75 0
    endloop
  endfacet
  facet normal 0 0 -1
    outer loop
      vertex -4.56842 34.7006 0
      vertex -3.79904 24.75 0
      vertex -3.84531 24.6634 0
    endloop
  endfacet
  facet normal 0 0 -1
    outer loop
      vertex -4.56842 34.7006 0
      vertex -3.84531 24.6634 0
      vertex -3.88582 24.574 0
    endloop
  endfacet
  facet normal 0 0 -1
    outer loop
      vertex -4.56842 34.7006 0
      vertex -3.88582 24.574 0
      vertex -3.92039 24.4822 0
    endloop
  endfacet
  facet normal 0 0 -1
    outer loop
      vertex -4.56842 34.7006 0
      vertex -3.92039 24.4822 0
      vertex -3.94889 24.3882 0
    endloop
  endfacet
  facet normal 0 0 -1
    outer loop
      vertex -4.56842 34.7006 0
      vertex -3.94889 24.3882 0
      vertex -3.97118 24.2926 0
    endloop
  endfacet
  facet normal 0 0 -1
    outer loop
      vertex -4.56842 34.7006 0
      vertex -3.97118 24.2926 0
      vertex -3.98717 24.1958 0
    endloop
  endfacet
  facet normal 0 0 -1
    outer loop
      vertex -2.5981 25.4968 0
      vertex -4.56842 34.7006 0
      vertex -2.28911 34.9251 0
    endloop
  endfacet
  facet normal 0 0 -1
    outer loop
      vertex -3.99679 24.0981 0
      vertex -4.56842 34.7006 0
      vertex -3.98717 24.1958 0
    endloop
  endfacet
  facet normal 0 0 -1
    outer loop
      vertex -4.56842 34.7006 0
      vertex -3.99679 24.0981 0
      vertex -4 24 0
    endloop
  endfacet
  facet normal 0 0 -1
    outer loop
      vertex -7 -25.1 0
      vertex -19.8748 -21.037 0
      vertex -19.8891 -20.9498 0
    endloop
  endfacet
  facet normal 0 0 -1
    outer loop
      vertex -16.1 14.5 0
      vertex -19.8661 21.1249 0
      vertex -19.8632 21.2132 0
    endloop
  endfacet
  facet normal -0 0 -1
    outer loop
      vertex -15.69 -15.4131 0
      vertex -20.3914 -20.1422 0
      vertex -15.7472 -15.3334 0
    endloop
  endfacet
  facet normal 0 0 -1
    outer loop
      vertex -16.1 14.5 0
      vertex -19.8748 21.037 0
      vertex -19.8661 21.1249 0
    endloop
  endfacet
  facet normal 0 0 -1
    outer loop
      vertex -20.4632 -20.0907 0
      vertex -15.7472 -15.3334 0
      vertex -20.3914 -20.1422 0
    endloop
  endfacet
  facet normal 0 0 -1
    outer loop
      vertex -16.1 14.5 0
      vertex -19.8891 20.9498 0
      vertex -19.8748 21.037 0
    endloop
  endfacet
  facet normal 0 0 -1
    outer loop
      vertex -16 -9.5 0
      vertex -21.5032 -2.5981 0
      vertex -21.5 -2.5 0
    endloop
  endfacet
  facet normal 0 0 -1
    outer loop
      vertex -21.6142 3.07402 0
      vertex -16.0204 9.01784 0
      vertex -21.5796 2.98216 0
    endloop
  endfacet
  facet normal 0 0 -1
    outer loop
      vertex -20.5382 -20.0441 0
      vertex -15.7472 -15.3334 0
      vertex -20.4632 -20.0907 0
    endloop
  endfacet
  facet normal 0 0 -1
    outer loop
      vertex -21.6547 3.16343 0
      vertex -16.0204 9.01784 0
      vertex -21.6142 3.07402 0
    endloop
  endfacet
  facet normal 0 0 -1
    outer loop
      vertex -16 -9.5 0
      vertex -21.5288 -2.79263 0
      vertex -21.5128 -2.69579 0
    endloop
  endfacet
  facet normal 0 0 -1
    outer loop
      vertex -21.701 3.25 0
      vertex -16.0204 9.01784 0
      vertex -21.6547 3.16343 0
    endloop
  endfacet
  facet normal -0 0 -1
    outer loop
      vertex -15.7472 -15.3334 0
      vertex -20.5382 -20.0441 0
      vertex -15.799 -15.25 0
    endloop
  endfacet
  facet normal 0 0 -1
    outer loop
      vertex -16.1 14.5 0
      vertex -19.9092 20.8638 0
      vertex -19.8891 20.9498 0
    endloop
  endfacet
  facet normal 0 0 -1
    outer loop
      vertex -20.6161 -20.0024 0
      vertex -15.799 -15.25 0
      vertex -20.5382 -20.0441 0
    endloop
  endfacet
  facet normal 0 0 -1
    outer loop
      vertex -21.7528 3.33335 0
      vertex -16.0204 9.01784 0
      vertex -21.701 3.25 0
    endloop
  endfacet
  facet normal -0 0 -1
    outer loop
      vertex -15.799 -15.25 0
      vertex -20.6161 -20.0024 0
      vertex -15.8453 -15.1634 0
    endloop
  endfacet
  facet normal 0 0 -1
    outer loop
      vertex -16.1 14.5 0
      vertex -19.9348 20.7793 0
      vertex -19.9092 20.8638 0
    endloop
  endfacet
  facet normal 0 0 -1
    outer loop
      vertex -20.6966 -19.966 0
      vertex -15.8453 -15.1634 0
      vertex -20.6161 -20.0024 0
    endloop
  endfacet
  facet normal 0 0 -1
    outer loop
      vertex -21.81 3.41314 0
      vertex -16.0204 9.01784 0
      vertex -21.7528 3.33335 0
    endloop
  endfacet
  facet normal -0 0 -1
    outer loop
      vertex -15.8453 -15.1634 0
      vertex -20.6966 -19.966 0
      vertex -15.8858 -15.074 0
    endloop
  endfacet
  facet normal 0 0 -1
    outer loop
      vertex -16.1 14.5 0
      vertex -19.966 20.6966 0
      vertex -19.9348 20.7793 0
    endloop
  endfacet
  facet normal 0 0 -1
    outer loop
      vertex -20.7793 -19.9348 0
      vertex -15.8858 -15.074 0
      vertex -20.6966 -19.966 0
    endloop
  endfacet
  facet normal 0 0 -1
    outer loop
      vertex -21.8722 3.48902 0
      vertex -16.0204 9.01784 0
      vertex -21.81 3.41314 0
    endloop
  endfacet
  facet normal -0 0 -1
    outer loop
      vertex -15.8858 -15.074 0
      vertex -20.7793 -19.9348 0
      vertex -15.9204 -14.9822 0
    endloop
  endfacet
  facet normal 0 0 -1
    outer loop
      vertex -16.1 14.5 0
      vertex -20.0024 20.6161 0
      vertex -19.966 20.6966 0
    endloop
  endfacet
  facet normal 0 0 -1
    outer loop
      vertex -20.8638 -19.9092 0
      vertex -15.9204 -14.9822 0
      vertex -20.7793 -19.9348 0
    endloop
  endfacet
  facet normal 0 0 -1
    outer loop
      vertex -21.9393 3.56066 0
      vertex -16.0204 9.01784 0
      vertex -21.8722 3.48902 0
    endloop
  endfacet
  facet normal -0 0 -1
    outer loop
      vertex -15.9204 -14.9822 0
      vertex -20.8638 -19.9092 0
      vertex -15.9489 -14.8882 0
    endloop
  endfacet
  facet normal 0 0 -1
    outer loop
      vertex -16.1 14.5 0
      vertex -20.0441 20.5382 0
      vertex -20.0024 20.6161 0
    endloop
  endfacet
  facet normal 0 0 -1
    outer loop
      vertex -20.9498 -19.8891 0
      vertex -15.9489 -14.8882 0
      vertex -20.8638 -19.9092 0
    endloop
  endfacet
  facet normal 0 0 -1
    outer loop
      vertex -22.011 3.62776 0
      vertex -16.0204 9.01784 0
      vertex -21.9393 3.56066 0
    endloop
  endfacet
  facet normal -0 0 -1
    outer loop
      vertex -15.9489 -14.8882 0
      vertex -20.9498 -19.8891 0
      vertex -15.9712 -14.7926 0
    endloop
  endfacet
  facet normal 0 0 -1
    outer loop
      vertex -16.1 14.5 0
      vertex -20.0907 20.4632 0
      vertex -20.0441 20.5382 0
    endloop
  endfacet
  facet normal 0 0 -1
    outer loop
      vertex -21.037 -19.8748 0
      vertex -15.9712 -14.7926 0
      vertex -20.9498 -19.8891 0
    endloop
  endfacet
  facet normal 0 0 -1
    outer loop
      vertex -22.0869 3.69003 0
      vertex -16.0204 9.01784 0
      vertex -22.011 3.62776 0
    endloop
  endfacet
  facet normal -0 0 -1
    outer loop
      vertex -15.9712 -14.7926 0
      vertex -21.037 -19.8748 0
      vertex -15.9872 -14.6958 0
    endloop
  endfacet
  facet normal 0 0 -1
    outer loop
      vertex -16.1 14.5 0
      vertex -20.1422 20.3914 0
      vertex -20.0907 20.4632 0
    endloop
  endfacet
  facet normal 0 0 -1
    outer loop
      vertex -21.1249 -19.8661 0
      vertex -15.9872 -14.6958 0
      vertex -21.037 -19.8748 0
    endloop
  endfacet
  facet normal 0 0 -1
    outer loop
      vertex -22.1666 3.7472 0
      vertex -16.0204 9.01784 0
      vertex -22.0869 3.69003 0
    endloop
  endfacet
  facet normal -0 0 -1
    outer loop
      vertex -15.9872 -14.6958 0
      vertex -21.1249 -19.8661 0
      vertex -15.9968 -14.5981 0
    endloop
  endfacet
  facet normal 0 0 -1
    outer loop
      vertex -16.1 14.5 0
      vertex -20.1982 20.3231 0
      vertex -20.1422 20.3914 0
    endloop
  endfacet
  facet normal 0 0 -1
    outer loop
      vertex -21.2132 -19.8632 0
      vertex -15.9968 -14.5981 0
      vertex -21.1249 -19.8661 0
    endloop
  endfacet
  facet normal 0 0 -1
    outer loop
      vertex -22.25 3.79904 0
      vertex -16.0204 9.01784 0
      vertex -22.1666 3.7472 0
    endloop
  endfacet
  facet normal -0 0 -1
    outer loop
      vertex -15.9968 -14.5981 0
      vertex -21.2132 -19.8632 0
      vertex -16 -14.5 0
    endloop
  endfacet
  facet normal 0 0 -1
    outer loop
      vertex -16.1 14.5 0
      vertex -20.2586 20.2586 0
      vertex -20.1982 20.3231 0
    endloop
  endfacet
  facet normal 0 0 -1
    outer loop
      vertex -21.3015 -19.8661 0
      vertex -16 -14.5 0
      vertex -21.2132 -19.8632 0
    endloop
  endfacet
  facet normal 0 0 -1
    outer loop
      vertex -22.3366 3.84531 0
      vertex -16.0204 9.01784 0
      vertex -22.25 3.79904 0
    endloop
  endfacet
  facet normal 0 0 -1
    outer loop
      vertex -21.3894 -19.8748 0
      vertex -16 -14.5 0
      vertex -21.3015 -19.8661 0
    endloop
  endfacet
  facet normal 0 0 -1
    outer loop
      vertex -16.1 14.5 0
      vertex -20.3231 20.1982 0
      vertex -20.2586 20.2586 0
    endloop
  endfacet
  facet normal 0 0 -1
    outer loop
      vertex -21.4766 -19.8891 0
      vertex -16 -14.5 0
      vertex -21.3894 -19.8748 0
    endloop
  endfacet
  facet normal -0 0 -1
    outer loop
      vertex -16.0204 9.01784 0
      vertex -22.3366 3.84531 0
      vertex -16.0489 9.11177 0
    endloop
  endfacet
  facet normal 0 0 -1
    outer loop
      vertex -21.5626 -19.9092 0
      vertex -16 -14.5 0
      vertex -21.4766 -19.8891 0
    endloop
  endfacet
  facet normal 0 0 -1
    outer loop
      vertex -16.1 14.5 0
      vertex -20.3914 20.1422 0
      vertex -20.3231 20.1982 0
    endloop
  endfacet
  facet normal 0 0 -1
    outer loop
      vertex -22.426 3.88582 0
      vertex -16.0489 9.11177 0
      vertex -22.3366 3.84531 0
    endloop
  endfacet
  facet normal 0 0 -1
    outer loop
      vertex -21.5796 2.98216 0
      vertex -16.0204 9.01784 0
      vertex -21.5511 2.88823 0
    endloop
  endfacet
  facet normal 0 0 -1
    outer loop
      vertex -21.5511 2.88823 0
      vertex -16.0204 9.01784 0
      vertex -21.5288 2.79263 0
    endloop
  endfacet
  facet normal 0 0 -1
    outer loop
      vertex -16 -9.5 0
      vertex -21.5128 -2.69579 0
      vertex -21.5032 -2.5981 0
    endloop
  endfacet
  facet normal 0 0 -1
    outer loop
      vertex -16 -9.5 0
      vertex -21.5511 -2.88823 0
      vertex -21.5288 -2.79263 0
    endloop
  endfacet
  facet normal 0 0 -1
    outer loop
      vertex -23.0981 -3.99679 0
      vertex -16 -14.5 0
      vertex -21.5626 -19.9092 0
    endloop
  endfacet
  facet normal 0 0 -1
    outer loop
      vertex -16 -9.5 0
      vertex -21.5796 -2.98216 0
      vertex -21.5511 -2.88823 0
    endloop
  endfacet
  facet normal 0 0 -1
    outer loop
      vertex -16 -9.5 0
      vertex -21.6142 -3.07402 0
      vertex -21.5796 -2.98216 0
    endloop
  endfacet
  facet normal 0 0 -1
    outer loop
      vertex -23.0981 -3.99679 0
      vertex -21.5626 -19.9092 0
      vertex -21.6471 -19.9348 0
    endloop
  endfacet
  facet normal 0 0 -1
    outer loop
      vertex -16 -9.5 0
      vertex -21.6547 -3.16343 0
      vertex -21.6142 -3.07402 0
    endloop
  endfacet
  facet normal 0 0 -1
    outer loop
      vertex -16 -9.5 0
      vertex -21.701 -3.25 0
      vertex -21.6547 -3.16343 0
    endloop
  endfacet
  facet normal 0 0 -1
    outer loop
      vertex -31.3905 -15.4801 0
      vertex -21.6471 -19.9348 0
      vertex -21.7298 -19.966 0
    endloop
  endfacet
  facet normal 0 0 -1
    outer loop
      vertex -16 -9.5 0
      vertex -21.7528 -3.33335 0
      vertex -21.701 -3.25 0
    endloop
  endfacet
  facet normal 0 0 -1
    outer loop
      vertex -16 -9.5 0
      vertex -21.81 -3.41314 0
      vertex -21.7528 -3.33335 0
    endloop
  endfacet
  facet normal 0 0 -1
    outer loop
      vertex -30.3109 -17.5 0
      vertex -21.7298 -19.966 0
      vertex -21.8103 -20.0024 0
    endloop
  endfacet
  facet normal 0 0 -1
    outer loop
      vertex -16 -9.5 0
      vertex -21.8722 -3.48902 0
      vertex -21.81 -3.41314 0
    endloop
  endfacet
  facet normal 0 0 -1
    outer loop
      vertex -30.3109 -17.5 0
      vertex -21.8103 -20.0024 0
      vertex -21.8882 -20.0441 0
    endloop
  endfacet
  facet normal 0 0 -1
    outer loop
      vertex -16 -9.5 0
      vertex -21.9393 -3.56066 0
      vertex -21.8722 -3.48902 0
    endloop
  endfacet
  facet normal 0 0 -1
    outer loop
      vertex -30.3109 -17.5 0
      vertex -21.8882 -20.0441 0
      vertex -21.9632 -20.0907 0
    endloop
  endfacet
  facet normal 0 0 -1
    outer loop
      vertex -16 -9.5 0
      vertex -22.011 -3.62776 0
      vertex -21.9393 -3.56066 0
    endloop
  endfacet
  facet normal 0 0 -1
    outer loop
      vertex -30.3109 -17.5 0
      vertex -21.9632 -20.0907 0
      vertex -22.035 -20.1422 0
    endloop
  endfacet
  facet normal 0 0 -1
    outer loop
      vertex -16 -9.5 0
      vertex -22.0869 -3.69003 0
      vertex -22.011 -3.62776 0
    endloop
  endfacet
  facet normal 0 0 -1
    outer loop
      vertex -29.1014 -19.445 0
      vertex -22.035 -20.1422 0
      vertex -22.1033 -20.1982 0
    endloop
  endfacet
  facet normal 0 0 -1
    outer loop
      vertex -16 -9.5 0
      vertex -22.1666 -3.7472 0
      vertex -22.0869 -3.69003 0
    endloop
  endfacet
  facet normal 0 0 -1
    outer loop
      vertex -29.1014 -19.445 0
      vertex -22.1033 -20.1982 0
      vertex -22.1678 -20.2586 0
    endloop
  endfacet
  facet normal 0 0 -1
    outer loop
      vertex -29.1014 -19.445 0
      vertex -22.1678 -20.2586 0
      vertex -22.2282 -20.3231 0
    endloop
  endfacet
  facet normal 0 0 -1
    outer loop
      vertex -16 -9.5 0
      vertex -22.25 -3.79904 0
      vertex -22.1666 -3.7472 0
    endloop
  endfacet
  facet normal 0 0 -1
    outer loop
      vertex -29.1014 -19.445 0
      vertex -22.2282 -20.3231 0
      vertex -22.2842 -20.3914 0
    endloop
  endfacet
  facet normal 0 0 -1
    outer loop
      vertex -29.1014 -19.445 0
      vertex -22.2842 -20.3914 0
      vertex -22.3357 -20.4632 0
    endloop
  endfacet
  facet normal 0 0 -1
    outer loop
      vertex -16 -9.5 0
      vertex -22.3366 -3.84531 0
      vertex -22.25 -3.79904 0
    endloop
  endfacet
  facet normal 0 0 -1
    outer loop
      vertex -27.7674 -21.3066 0
      vertex -22.3357 -20.4632 0
      vertex -22.3823 -20.5382 0
    endloop
  endfacet
  facet normal 0 0 -1
    outer loop
      vertex -27.7674 -21.3066 0
      vertex -22.3823 -20.5382 0
      vertex -22.424 -20.6161 0
    endloop
  endfacet
  facet normal 0 0 -1
    outer loop
      vertex -16 -9.5 0
      vertex -22.426 -3.88582 0
      vertex -22.3366 -3.84531 0
    endloop
  endfacet
  facet normal 0 0 -1
    outer loop
      vertex -27.7674 -21.3066 0
      vertex -22.424 -20.6161 0
      vertex -22.4604 -20.6966 0
    endloop
  endfacet
  facet normal 0 0 -1
    outer loop
      vertex -27.7674 -21.3066 0
      vertex -22.4604 -20.6966 0
      vertex -22.4916 -20.7793 0
    endloop
  endfacet
  facet normal 0 0 -1
    outer loop
      vertex -27.7674 -21.3066 0
      vertex -22.4916 -20.7793 0
      vertex -22.5172 -20.8638 0
    endloop
  endfacet
  facet normal 0 0 -1
    outer loop
      vertex -16 -9.5 0
      vertex -22.5178 -3.92039 0
      vertex -22.426 -3.88582 0
    endloop
  endfacet
  facet normal 0 0 -1
    outer loop
      vertex -27.7674 -21.3066 0
      vertex -22.5172 -20.8638 0
      vertex -22.5373 -20.9498 0
    endloop
  endfacet
  facet normal 0 0 -1
    outer loop
      vertex -27.7674 -21.3066 0
      vertex -22.5373 -20.9498 0
      vertex -22.5517 -21.037 0
    endloop
  endfacet
  facet normal 0 0 -1
    outer loop
      vertex -26.3144 -23.0771 0
      vertex -22.5517 -21.037 0
      vertex -22.5603 -21.1249 0
    endloop
  endfacet
  facet normal 0 0 -1
    outer loop
      vertex -26.3144 -23.0771 0
      vertex -22.5603 -21.1249 0
      vertex -22.5632 -21.2132 0
    endloop
  endfacet
  facet normal 0 0 -1
    outer loop
      vertex -16 -9.5 0
      vertex -22.6118 -3.94889 0
      vertex -22.5178 -3.92039 0
    endloop
  endfacet
  facet normal 0 0 -1
    outer loop
      vertex -19.9092 21.5626 0
      vertex -14.3074 15.9712 0
      vertex -19.8891 21.4766 0
    endloop
  endfacet
  facet normal 0 0 -1
    outer loop
      vertex -14.3074 15.9712 0
      vertex -19.9092 21.5626 0
      vertex -14.2118 15.9489 0
    endloop
  endfacet
  facet normal 0 0 -1
    outer loop
      vertex -14.2118 15.9489 0
      vertex -19.9092 21.5626 0
      vertex -15.4801 31.3905 0
    endloop
  endfacet
  facet normal 0 0 -1
    outer loop
      vertex -19.9348 21.6471 0
      vertex -15.4801 31.3905 0
      vertex -19.9092 21.5626 0
    endloop
  endfacet
  facet normal 0 0 -1
    outer loop
      vertex -19.966 21.7298 0
      vertex -15.4801 31.3905 0
      vertex -19.9348 21.6471 0
    endloop
  endfacet
  facet normal 0 0 -1
    outer loop
      vertex -15.4801 31.3905 0
      vertex -19.966 21.7298 0
      vertex -17.5 30.3109 0
    endloop
  endfacet
  facet normal 0 0 -1
    outer loop
      vertex -20.0024 21.8103 0
      vertex -17.5 30.3109 0
      vertex -19.966 21.7298 0
    endloop
  endfacet
  facet normal 0 0 -1
    outer loop
      vertex -20.0441 21.8882 0
      vertex -17.5 30.3109 0
      vertex -20.0024 21.8103 0
    endloop
  endfacet
  facet normal 0 0 -1
    outer loop
      vertex -20.0907 21.9632 0
      vertex -17.5 30.3109 0
      vertex -20.0441 21.8882 0
    endloop
  endfacet
  facet normal 0 0 -1
    outer loop
      vertex -17.5 30.3109 0
      vertex -20.0907 21.9632 0
      vertex -19.445 29.1014 0
    endloop
  endfacet
  facet normal 0 0 -1
    outer loop
      vertex -20.1422 22.035 0
      vertex -19.445 29.1014 0
      vertex -20.0907 21.9632 0
    endloop
  endfacet
  facet normal 0 0 -1
    outer loop
      vertex -20.1982 22.1033 0
      vertex -19.445 29.1014 0
      vertex -20.1422 22.035 0
    endloop
  endfacet
  facet normal 0 0 -1
    outer loop
      vertex -20.2586 22.1678 0
      vertex -19.445 29.1014 0
      vertex -20.1982 22.1033 0
    endloop
  endfacet
  facet normal 0 0 -1
    outer loop
      vertex -20.3231 22.2282 0
      vertex -19.445 29.1014 0
      vertex -20.2586 22.1678 0
    endloop
  endfacet
  facet normal 0 0 -1
    outer loop
      vertex -20.3914 22.2842 0
      vertex -19.445 29.1014 0
      vertex -20.3231 22.2282 0
    endloop
  endfacet
  facet normal 0 0 -1
    outer loop
      vertex -20.4632 22.3357 0
      vertex -19.445 29.1014 0
      vertex -20.3914 22.2842 0
    endloop
  endfacet
  facet normal 0 0 -1
    outer loop
      vertex -21.3066 27.7674 0
      vertex -20.4632 22.3357 0
      vertex -20.5382 22.3823 0
    endloop
  endfacet
  facet normal 0 0 -1
    outer loop
      vertex -21.3066 27.7674 0
      vertex -20.5382 22.3823 0
      vertex -20.6161 22.424 0
    endloop
  endfacet
  facet normal 0 0 -1
    outer loop
      vertex -21.3066 27.7674 0
      vertex -20.6161 22.424 0
      vertex -20.6966 22.4604 0
    endloop
  endfacet
  facet normal 0 0 -1
    outer loop
      vertex -21.3066 27.7674 0
      vertex -20.6966 22.4604 0
      vertex -20.7793 22.4916 0
    endloop
  endfacet
  facet normal 0 0 -1
    outer loop
      vertex -21.3066 27.7674 0
      vertex -20.7793 22.4916 0
      vertex -20.8638 22.5172 0
    endloop
  endfacet
  facet normal 0 0 -1
    outer loop
      vertex -21.3066 27.7674 0
      vertex -20.8638 22.5172 0
      vertex -20.9498 22.5373 0
    endloop
  endfacet
  facet normal 0 0 -1
    outer loop
      vertex -21.3066 27.7674 0
      vertex -20.9498 22.5373 0
      vertex -21.037 22.5517 0
    endloop
  endfacet
  facet normal 0 0 -1
    outer loop
      vertex -23.0771 26.3144 0
      vertex -21.037 22.5517 0
      vertex -21.1249 22.5603 0
    endloop
  endfacet
  facet normal 0 0 -1
    outer loop
      vertex -23.0771 26.3144 0
      vertex -21.1249 22.5603 0
      vertex -21.2132 22.5632 0
    endloop
  endfacet
  facet normal 0 0 -1
    outer loop
      vertex -23.0771 26.3144 0
      vertex -21.2132 22.5632 0
      vertex -21.3015 22.5603 0
    endloop
  endfacet
  facet normal 0 0 -1
    outer loop
      vertex -20.4632 22.3357 0
      vertex -21.3066 27.7674 0
      vertex -19.445 29.1014 0
    endloop
  endfacet
  facet normal 0 0 -1
    outer loop
      vertex -23.0771 26.3144 0
      vertex -21.3015 22.5603 0
      vertex -21.3894 22.5517 0
    endloop
  endfacet
  facet normal 0 0 -1
    outer loop
      vertex -23.0771 26.3144 0
      vertex -21.3894 22.5517 0
      vertex -21.4766 22.5373 0
    endloop
  endfacet
  facet normal 0 0 -1
    outer loop
      vertex -23.0771 26.3144 0
      vertex -21.4766 22.5373 0
      vertex -21.5626 22.5172 0
    endloop
  endfacet
  facet normal 0 0 -1
    outer loop
      vertex -23.0771 26.3144 0
      vertex -21.5626 22.5172 0
      vertex -21.6471 22.4916 0
    endloop
  endfacet
  facet normal 0 0 -1
    outer loop
      vertex -23.0771 26.3144 0
      vertex -21.6471 22.4916 0
      vertex -21.7298 22.4604 0
    endloop
  endfacet
  facet normal 0 0 -1
    outer loop
      vertex -23.0771 26.3144 0
      vertex -21.7298 22.4604 0
      vertex -21.8103 22.424 0
    endloop
  endfacet
  facet normal 0 0 -1
    outer loop
      vertex -24.7487 24.7487 0
      vertex -21.8103 22.424 0
      vertex -21.8882 22.3823 0
    endloop
  endfacet
  facet normal 0 0 -1
    outer loop
      vertex -24.7487 24.7487 0
      vertex -21.8882 22.3823 0
      vertex -21.9632 22.3357 0
    endloop
  endfacet
  facet normal 0 0 -1
    outer loop
      vertex -24.7487 24.7487 0
      vertex -21.9632 22.3357 0
      vertex -22.035 22.2842 0
    endloop
  endfacet
  facet normal 0 0 -1
    outer loop
      vertex -24.7487 24.7487 0
      vertex -22.035 22.2842 0
      vertex -22.1033 22.2282 0
    endloop
  endfacet
  facet normal 0 0 -1
    outer loop
      vertex -24.7487 24.7487 0
      vertex -22.1033 22.2282 0
      vertex -22.1678 22.1678 0
    endloop
  endfacet
  facet normal 0 0 -1
    outer loop
      vertex -24.7487 24.7487 0
      vertex -22.1678 22.1678 0
      vertex -22.2282 22.1033 0
    endloop
  endfacet
  facet normal 0 0 -1
    outer loop
      vertex -24.7487 24.7487 0
      vertex -22.2282 22.1033 0
      vertex -22.2842 22.035 0
    endloop
  endfacet
  facet normal 0 0 -1
    outer loop
      vertex -24.7487 24.7487 0
      vertex -22.2842 22.035 0
      vertex -22.3357 21.9632 0
    endloop
  endfacet
  facet normal 0 0 -1
    outer loop
      vertex -24.7487 24.7487 0
      vertex -22.3357 21.9632 0
      vertex -22.3823 21.8882 0
    endloop
  endfacet
  facet normal 0 0 -1
    outer loop
      vertex -24.7487 24.7487 0
      vertex -22.3823 21.8882 0
      vertex -22.424 21.8103 0
    endloop
  endfacet
  facet normal 0 0 -1
    outer loop
      vertex -26.3144 23.0771 0
      vertex -22.424 21.8103 0
      vertex -22.4604 21.7298 0
    endloop
  endfacet
  facet normal 0 0 -1
    outer loop
      vertex -26.3144 23.0771 0
      vertex -22.4604 21.7298 0
      vertex -22.4916 21.6471 0
    endloop
  endfacet
  facet normal 0 0 -1
    outer loop
      vertex -26.3144 23.0771 0
      vertex -22.4916 21.6471 0
      vertex -22.5172 21.5626 0
    endloop
  endfacet
  facet normal 0 0 -1
    outer loop
      vertex -26.3144 23.0771 0
      vertex -22.5172 21.5626 0
      vertex -22.5373 21.4766 0
    endloop
  endfacet
  facet normal 0 0 -1
    outer loop
      vertex -22.3357 20.4632 0
      vertex -27.7674 21.3066 0
      vertex -22.3823 20.5382 0
    endloop
  endfacet
  facet normal 0 0 -1
    outer loop
      vertex -22.3823 20.5382 0
      vertex -27.7674 21.3066 0
      vertex -22.424 20.6161 0
    endloop
  endfacet
  facet normal 0 0 -1
    outer loop
      vertex -22.4916 20.7793 0
      vertex -27.7674 21.3066 0
      vertex -22.5172 20.8638 0
    endloop
  endfacet
  facet normal 0 0 -1
    outer loop
      vertex -22.5172 20.8638 0
      vertex -27.7674 21.3066 0
      vertex -22.5373 20.9498 0
    endloop
  endfacet
  facet normal 0 0 -1
    outer loop
      vertex -21.037 22.5517 0
      vertex -23.0771 26.3144 0
      vertex -21.3066 27.7674 0
    endloop
  endfacet
  facet normal 0 0 -1
    outer loop
      vertex -26.3144 23.0771 0
      vertex -22.5373 21.4766 0
      vertex -22.5517 21.3894 0
    endloop
  endfacet
  facet normal 0 0 -1
    outer loop
      vertex -26.3144 23.0771 0
      vertex -22.5517 21.3894 0
      vertex -22.5603 21.3015 0
    endloop
  endfacet
  facet normal 0 0 -1
    outer loop
      vertex -26.3144 23.0771 0
      vertex -22.5603 21.3015 0
      vertex -22.5632 21.2132 0
    endloop
  endfacet
  facet normal 0 0 -1
    outer loop
      vertex -22.5373 20.9498 0
      vertex -27.7674 21.3066 0
      vertex -22.5517 21.037 0
    endloop
  endfacet
  facet normal 0 0 -1
    outer loop
      vertex -22.4604 20.6966 0
      vertex -27.7674 21.3066 0
      vertex -22.4916 20.7793 0
    endloop
  endfacet
  facet normal 0 0 -1
    outer loop
      vertex -31.3905 15.4801 0
      vertex -23.0981 3.99679 0
      vertex -23.1958 3.98717 0
    endloop
  endfacet
  facet normal 0 0 -1
    outer loop
      vertex -31.3905 15.4801 0
      vertex -23.1958 3.98717 0
      vertex -23.2926 3.97118 0
    endloop
  endfacet
  facet normal 0 0 -1
    outer loop
      vertex -31.3905 15.4801 0
      vertex -23.2926 3.97118 0
      vertex -23.3882 3.94889 0
    endloop
  endfacet
  facet normal 0 0 -1
    outer loop
      vertex -32.3358 13.3939 0
      vertex -23.3882 3.94889 0
      vertex -23.4822 3.92039 0
    endloop
  endfacet
  facet normal 0 0 -1
    outer loop
      vertex -32.3358 13.3939 0
      vertex -23.4822 3.92039 0
      vertex -23.574 3.88582 0
    endloop
  endfacet
  facet normal 0 0 -1
    outer loop
      vertex -32.3358 13.3939 0
      vertex -23.574 3.88582 0
      vertex -23.6634 3.84531 0
    endloop
  endfacet
  facet normal 0 0 -1
    outer loop
      vertex -33.1426 11.2504 0
      vertex -23.6634 3.84531 0
      vertex -23.75 3.79904 0
    endloop
  endfacet
  facet normal 0 0 -1
    outer loop
      vertex -33.1426 11.2504 0
      vertex -23.75 3.79904 0
      vertex -23.8334 3.7472 0
    endloop
  endfacet
  facet normal 0 0 -1
    outer loop
      vertex -33.1426 11.2504 0
      vertex -23.8334 3.7472 0
      vertex -23.9131 3.69003 0
    endloop
  endfacet
  facet normal 0 0 -1
    outer loop
      vertex -33.8074 9.05867 0
      vertex -23.9131 3.69003 0
      vertex -23.989 3.62776 0
    endloop
  endfacet
  facet normal 0 0 -1
    outer loop
      vertex -33.8074 9.05867 0
      vertex -23.989 3.62776 0
      vertex -24.0607 3.56066 0
    endloop
  endfacet
  facet normal 0 0 -1
    outer loop
      vertex -33.8074 9.05867 0
      vertex -24.0607 3.56066 0
      vertex -24.1278 3.48902 0
    endloop
  endfacet
  facet normal 0 0 -1
    outer loop
      vertex -33.8074 9.05867 0
      vertex -24.1278 3.48902 0
      vertex -24.19 3.41314 0
    endloop
  endfacet
  facet normal 0 0 -1
    outer loop
      vertex -34.3275 6.82816 0
      vertex -24.19 3.41314 0
      vertex -24.2472 3.33335 0
    endloop
  endfacet
  facet normal 0 0 -1
    outer loop
      vertex -34.3275 6.82816 0
      vertex -24.2472 3.33335 0
      vertex -24.299 3.25 0
    endloop
  endfacet
  facet normal 0 0 -1
    outer loop
      vertex -34.3275 6.82816 0
      vertex -24.299 3.25 0
      vertex -24.3453 3.16343 0
    endloop
  endfacet
  facet normal 0 0 -1
    outer loop
      vertex -34.3275 6.82816 0
      vertex -24.3453 3.16343 0
      vertex -24.3858 3.07402 0
    endloop
  endfacet
  facet normal 0 0 -1
    outer loop
      vertex -34.3275 6.82816 0
      vertex -24.3858 3.07402 0
      vertex -24.4204 2.98216 0
    endloop
  endfacet
  facet normal 0 0 -1
    outer loop
      vertex -34.7006 4.56842 0
      vertex -24.4204 2.98216 0
      vertex -24.4489 2.88823 0
    endloop
  endfacet
  facet normal 0 0 -1
    outer loop
      vertex -34.7006 4.56842 0
      vertex -24.4489 2.88823 0
      vertex -24.4712 2.79263 0
    endloop
  endfacet
  facet normal 0 0 -1
    outer loop
      vertex -34.7006 4.56842 0
      vertex -24.4712 2.79263 0
      vertex -24.4872 2.69579 0
    endloop
  endfacet
  facet normal 0 0 -1
    outer loop
      vertex -34.7006 4.56842 0
      vertex -24.4872 2.69579 0
      vertex -24.4968 2.5981 0
    endloop
  endfacet
  facet normal 0 0 -1
    outer loop
      vertex -21.8103 22.424 0
      vertex -24.7487 24.7487 0
      vertex -23.0771 26.3144 0
    endloop
  endfacet
  facet normal 0 0 -1
    outer loop
      vertex -34.9251 2.28911 0
      vertex -24.4968 2.5981 0
      vertex -24.5 2.5 0
    endloop
  endfacet
  facet normal -0 0 -1
    outer loop
      vertex -24.299 -3.25 0
      vertex -34.3275 -6.82816 0
      vertex -24.3453 -3.16343 0
    endloop
  endfacet
  facet normal -0 0 -1
    outer loop
      vertex -24.3453 -3.16343 0
      vertex -34.3275 -6.82816 0
      vertex -24.3858 -3.07402 0
    endloop
  endfacet
  facet normal 0 0 -1
    outer loop
      vertex -22.424 21.8103 0
      vertex -26.3144 23.0771 0
      vertex -24.7487 24.7487 0
    endloop
  endfacet
  facet normal -0 0 -1
    outer loop
      vertex -24.3858 -3.07402 0
      vertex -34.3275 -6.82816 0
      vertex -24.4204 -2.98216 0
    endloop
  endfacet
  facet normal 0 0 -1
    outer loop
      vertex -22.5603 21.1249 0
      vertex -26.3144 23.0771 0
      vertex -22.5632 21.2132 0
    endloop
  endfacet
  facet normal 0 0 -1
    outer loop
      vertex -34.7006 -4.56842 0
      vertex -24.4204 -2.98216 0
      vertex -34.3275 -6.82816 0
    endloop
  endfacet
  facet normal 0 0 -1
    outer loop
      vertex -22.5517 21.037 0
      vertex -26.3144 23.0771 0
      vertex -22.5603 21.1249 0
    endloop
  endfacet
  facet normal -0 0 -1
    outer loop
      vertex -24.4204 -2.98216 0
      vertex -34.7006 -4.56842 0
      vertex -24.4489 -2.88823 0
    endloop
  endfacet
  facet normal 0 -0 -1
    outer loop
      vertex -26.3144 23.0771 0
      vertex -22.5517 21.037 0
      vertex -27.7674 21.3066 0
    endloop
  endfacet
  facet normal -0 0 -1
    outer loop
      vertex -24.4489 -2.88823 0
      vertex -34.7006 -4.56842 0
      vertex -24.4712 -2.79263 0
    endloop
  endfacet
  facet normal 0 0 -1
    outer loop
      vertex -22.424 20.6161 0
      vertex -27.7674 21.3066 0
      vertex -22.4604 20.6966 0
    endloop
  endfacet
  facet normal -0 0 -1
    outer loop
      vertex -24.4712 -2.79263 0
      vertex -34.7006 -4.56842 0
      vertex -24.4872 -2.69579 0
    endloop
  endfacet
  facet normal 0 0 -1
    outer loop
      vertex -23.3882 3.94889 0
      vertex -32.3358 13.3939 0
      vertex -31.3905 15.4801 0
    endloop
  endfacet
  facet normal -0 0 -1
    outer loop
      vertex -24.4872 -2.69579 0
      vertex -34.7006 -4.56842 0
      vertex -24.4968 -2.5981 0
    endloop
  endfacet
  facet normal 0 0 -1
    outer loop
      vertex -23.6634 3.84531 0
      vertex -33.1426 11.2504 0
      vertex -32.3358 13.3939 0
    endloop
  endfacet
  facet normal 0 0 -1
    outer loop
      vertex -34.9251 -2.28911 0
      vertex -24.4968 -2.5981 0
      vertex -34.7006 -4.56842 0
    endloop
  endfacet
  facet normal 0 0 -1
    outer loop
      vertex -23.9131 3.69003 0
      vertex -33.8074 9.05867 0
      vertex -33.1426 11.2504 0
    endloop
  endfacet
  facet normal 0 0 -1
    outer loop
      vertex -24.4968 -2.5981 0
      vertex -34.9251 -2.28911 0
      vertex -24.5 -2.5 0
    endloop
  endfacet
  facet normal 0 0 -1
    outer loop
      vertex -24.19 3.41314 0
      vertex -34.3275 6.82816 0
      vertex -33.8074 9.05867 0
    endloop
  endfacet
  facet normal 0 0 -1
    outer loop
      vertex -35 0 0
      vertex -24.5 -2.5 0
      vertex -34.9251 -2.28911 0
    endloop
  endfacet
  facet normal 0 0 -1
    outer loop
      vertex -24.4204 2.98216 0
      vertex -34.7006 4.56842 0
      vertex -34.3275 6.82816 0
    endloop
  endfacet
  facet normal 0 0 -1
    outer loop
      vertex -24.5 -2.5 0
      vertex -35 0 0
      vertex -24.5 2.5 0
    endloop
  endfacet
  facet normal -0 0 -1
    outer loop
      vertex -24.4968 2.5981 0
      vertex -34.9251 2.28911 0
      vertex -34.7006 4.56842 0
    endloop
  endfacet
  facet normal 0 0 -1
    outer loop
      vertex -24.5 2.5 0
      vertex -35 0 0
      vertex -34.9251 2.28911 0
    endloop
  endfacet
  facet normal 0 0 -1
    outer loop
      vertex -16.1 14.5 0
      vertex -20.4632 20.0907 0
      vertex -20.3914 20.1422 0
    endloop
  endfacet
  facet normal -0 0 -1
    outer loop
      vertex -16.0489 9.11177 0
      vertex -22.426 3.88582 0
      vertex -16.0712 9.20736 0
    endloop
  endfacet
  facet normal 0 0 -1
    outer loop
      vertex -16.1 14.5 0
      vertex -20.5382 20.0441 0
      vertex -20.4632 20.0907 0
    endloop
  endfacet
  facet normal 0 0 -1
    outer loop
      vertex -22.5178 3.92039 0
      vertex -16.0712 9.20736 0
      vertex -22.426 3.88582 0
    endloop
  endfacet
  facet normal 0 0 -1
    outer loop
      vertex -16.1 14.5 0
      vertex -20.6161 20.0024 0
      vertex -20.5382 20.0441 0
    endloop
  endfacet
  facet normal -0 0 -1
    outer loop
      vertex -16.0712 9.20736 0
      vertex -22.5178 3.92039 0
      vertex -16.0872 9.30421 0
    endloop
  endfacet
  facet normal 0 0 -1
    outer loop
      vertex -16.1 14.5 0
      vertex -20.6966 19.966 0
      vertex -20.6161 20.0024 0
    endloop
  endfacet
  facet normal 0 0 -1
    outer loop
      vertex -22.6118 3.94889 0
      vertex -16.0872 9.30421 0
      vertex -22.5178 3.92039 0
    endloop
  endfacet
  facet normal 0 0 -1
    outer loop
      vertex -16.1 14.5 0
      vertex -20.7793 19.9348 0
      vertex -20.6966 19.966 0
    endloop
  endfacet
  facet normal -0 0 -1
    outer loop
      vertex -16.0872 9.30421 0
      vertex -22.6118 3.94889 0
      vertex -16.0968 9.40189 0
    endloop
  endfacet
  facet normal 0 0 -1
    outer loop
      vertex -16.1 14.5 0
      vertex -20.8638 19.9092 0
      vertex -20.7793 19.9348 0
    endloop
  endfacet
  facet normal 0 0 -1
    outer loop
      vertex -22.7074 3.97118 0
      vertex -16.0968 9.40189 0
      vertex -22.6118 3.94889 0
    endloop
  endfacet
  facet normal 0 0 -1
    outer loop
      vertex -16.1 14.5 0
      vertex -20.9498 19.8891 0
      vertex -20.8638 19.9092 0
    endloop
  endfacet
  facet normal -0 0 -1
    outer loop
      vertex -16.0968 9.40189 0
      vertex -22.7074 3.97118 0
      vertex -16.1 9.5 0
    endloop
  endfacet
  facet normal 0 0 -1
    outer loop
      vertex -16.1 14.5 0
      vertex -21.037 19.8748 0
      vertex -20.9498 19.8891 0
    endloop
  endfacet
  facet normal 0 0 -1
    outer loop
      vertex -22.8042 3.98717 0
      vertex -16.1 9.5 0
      vertex -22.7074 3.97118 0
    endloop
  endfacet
  facet normal 0 0 -1
    outer loop
      vertex -16.1 14.5 0
      vertex -21.1249 19.8661 0
      vertex -21.037 19.8748 0
    endloop
  endfacet
  facet normal 0 0 -1
    outer loop
      vertex -16.1 14.5 0
      vertex -21.2132 19.8632 0
      vertex -21.1249 19.8661 0
    endloop
  endfacet
  facet normal 0 0 -1
    outer loop
      vertex -22.9019 3.99679 0
      vertex -16.1 9.5 0
      vertex -22.8042 3.98717 0
    endloop
  endfacet
  facet normal 0 0 -1
    outer loop
      vertex -16.1 14.5 0
      vertex -21.3015 19.8661 0
      vertex -21.2132 19.8632 0
    endloop
  endfacet
  facet normal 0 0 -1
    outer loop
      vertex -23 4 0
      vertex -16.1 9.5 0
      vertex -22.9019 3.99679 0
    endloop
  endfacet
  facet normal 0 0 -1
    outer loop
      vertex -16.1 14.5 0
      vertex -21.3894 19.8748 0
      vertex -21.3015 19.8661 0
    endloop
  endfacet
  facet normal 0 0 -1
    outer loop
      vertex -23.0981 3.99679 0
      vertex -16.1 9.5 0
      vertex -23 4 0
    endloop
  endfacet
  facet normal 0 0 -1
    outer loop
      vertex -16.1 14.5 0
      vertex -21.4766 19.8891 0
      vertex -21.3894 19.8748 0
    endloop
  endfacet
  facet normal -0 0 -1
    outer loop
      vertex -16.1 9.5 0
      vertex -23.0981 3.99679 0
      vertex -16.1 14.5 0
    endloop
  endfacet
  facet normal 0 0 -1
    outer loop
      vertex -16.1 14.5 0
      vertex -21.5626 19.9092 0
      vertex -21.4766 19.8891 0
    endloop
  endfacet
  facet normal -0 0 -1
    outer loop
      vertex -16.1 14.5 0
      vertex -23.0981 3.99679 0
      vertex -21.5626 19.9092 0
    endloop
  endfacet
  facet normal -0 0 -1
    outer loop
      vertex -21.5626 19.9092 0
      vertex -23.0981 3.99679 0
      vertex -21.6471 19.9348 0
    endloop
  endfacet
  facet normal 0 0 -1
    outer loop
      vertex -31.3905 15.4801 0
      vertex -21.6471 19.9348 0
      vertex -23.0981 3.99679 0
    endloop
  endfacet
  facet normal -0 0 -1
    outer loop
      vertex -21.6471 19.9348 0
      vertex -31.3905 15.4801 0
      vertex -21.7298 19.966 0
    endloop
  endfacet
  facet normal 0 -0 -1
    outer loop
      vertex -30.3109 17.5 0
      vertex -21.7298 19.966 0
      vertex -31.3905 15.4801 0
    endloop
  endfacet
  facet normal -0 0 -1
    outer loop
      vertex -21.7298 19.966 0
      vertex -30.3109 17.5 0
      vertex -21.8103 20.0024 0
    endloop
  endfacet
  facet normal -0 0 -1
    outer loop
      vertex -21.8103 20.0024 0
      vertex -30.3109 17.5 0
      vertex -21.8882 20.0441 0
    endloop
  endfacet
  facet normal -0 0 -1
    outer loop
      vertex -21.8882 20.0441 0
      vertex -30.3109 17.5 0
      vertex -21.9632 20.0907 0
    endloop
  endfacet
  facet normal -0 0 -1
    outer loop
      vertex -21.9632 20.0907 0
      vertex -30.3109 17.5 0
      vertex -22.035 20.1422 0
    endloop
  endfacet
  facet normal 0 -0 -1
    outer loop
      vertex -29.1014 19.445 0
      vertex -22.035 20.1422 0
      vertex -30.3109 17.5 0
    endloop
  endfacet
  facet normal -0 0 -1
    outer loop
      vertex -22.035 20.1422 0
      vertex -29.1014 19.445 0
      vertex -22.1033 20.1982 0
    endloop
  endfacet
  facet normal -0 0 -1
    outer loop
      vertex -22.1033 20.1982 0
      vertex -29.1014 19.445 0
      vertex -22.1678 20.2586 0
    endloop
  endfacet
  facet normal -0 0 -1
    outer loop
      vertex -22.1678 20.2586 0
      vertex -29.1014 19.445 0
      vertex -22.2282 20.3231 0
    endloop
  endfacet
  facet normal -0 0 -1
    outer loop
      vertex -22.2282 20.3231 0
      vertex -29.1014 19.445 0
      vertex -22.2842 20.3914 0
    endloop
  endfacet
  facet normal -0 0 -1
    outer loop
      vertex -22.2842 20.3914 0
      vertex -29.1014 19.445 0
      vertex -22.3357 20.4632 0
    endloop
  endfacet
  facet normal 0 -0 -1
    outer loop
      vertex -27.7674 21.3066 0
      vertex -22.3357 20.4632 0
      vertex -29.1014 19.445 0
    endloop
  endfacet
  facet normal 0 0 -1
    outer loop
      vertex -13.1032 14.5981 0
      vertex -4.56842 34.7006 0
      vertex -13.1 14.5 0
    endloop
  endfacet
  facet normal 0 0 -1
    outer loop
      vertex -3.99679 -23.9019 0
      vertex -13.1128 9.30421 0
      vertex -13.1032 9.40189 0
    endloop
  endfacet
  facet normal 0 0 -1
    outer loop
      vertex -13.1796 9.01784 0
      vertex -13.0796 -9.01784 0
      vertex -13.1142 -8.92597 0
    endloop
  endfacet
  facet normal 0 0 -1
    outer loop
      vertex -3.99679 -23.9019 0
      vertex -13.1288 9.20736 0
      vertex -13.1128 9.30421 0
    endloop
  endfacet
  facet normal 0 0 -1
    outer loop
      vertex -3.99679 -23.9019 0
      vertex -13.1511 9.11177 0
      vertex -13.1288 9.20736 0
    endloop
  endfacet
  facet normal 0 0 -1
    outer loop
      vertex -13.2142 8.92597 0
      vertex -13.1142 -8.92597 0
      vertex -13.1547 -8.83657 0
    endloop
  endfacet
  facet normal 0 0 -1
    outer loop
      vertex -13.0796 -9.01784 0
      vertex -13.1796 9.01784 0
      vertex -13.1511 9.11177 0
    endloop
  endfacet
  facet normal 0 0 -1
    outer loop
      vertex -13.2547 8.83657 0
      vertex -13.1547 -8.83657 0
      vertex -13.201 -8.75 0
    endloop
  endfacet
  facet normal 0 0 -1
    outer loop
      vertex -13.1142 -8.92597 0
      vertex -13.2142 8.92597 0
      vertex -13.1796 9.01784 0
    endloop
  endfacet
  facet normal 0 0 -1
    outer loop
      vertex -13.301 8.75 0
      vertex -13.201 -8.75 0
      vertex -13.2528 -8.66664 0
    endloop
  endfacet
  facet normal 0 0 -1
    outer loop
      vertex -13.1547 -8.83657 0
      vertex -13.2547 8.83657 0
      vertex -13.2142 8.92597 0
    endloop
  endfacet
  facet normal 0 0 -1
    outer loop
      vertex -13.201 -8.75 0
      vertex -13.301 8.75 0
      vertex -13.2547 8.83657 0
    endloop
  endfacet
  facet normal 0 0 -1
    outer loop
      vertex -13.3528 8.66664 0
      vertex -13.2528 -8.66664 0
      vertex -13.31 -8.58686 0
    endloop
  endfacet
  facet normal 0 0 -1
    outer loop
      vertex -13.2528 -8.66664 0
      vertex -13.3528 8.66664 0
      vertex -13.301 8.75 0
    endloop
  endfacet
  facet normal 0 0 -1
    outer loop
      vertex -13.41 8.58686 0
      vertex -13.31 -8.58686 0
      vertex -13.3722 -8.51098 0
    endloop
  endfacet
  facet normal 0 0 -1
    outer loop
      vertex -13.31 -8.58686 0
      vertex -13.41 8.58686 0
      vertex -13.3528 8.66664 0
    endloop
  endfacet
  facet normal 0 0 -1
    outer loop
      vertex -13.4722 8.51098 0
      vertex -13.3722 -8.51098 0
      vertex -13.4393 -8.43934 0
    endloop
  endfacet
  facet normal 0 0 -1
    outer loop
      vertex -13.3722 -8.51098 0
      vertex -13.4722 8.51098 0
      vertex -13.41 8.58686 0
    endloop
  endfacet
  facet normal 0 0 -1
    outer loop
      vertex -13.5393 8.43934 0
      vertex -13.4393 -8.43934 0
      vertex -13.511 -8.37224 0
    endloop
  endfacet
  facet normal 0 0 -1
    outer loop
      vertex -13.4393 -8.43934 0
      vertex -13.5393 8.43934 0
      vertex -13.4722 8.51098 0
    endloop
  endfacet
  facet normal 0 0 -1
    outer loop
      vertex -13.611 8.37224 0
      vertex -13.511 -8.37224 0
      vertex -13.5869 -8.30997 0
    endloop
  endfacet
  facet normal 0 0 -1
    outer loop
      vertex -13.511 -8.37224 0
      vertex -13.611 8.37224 0
      vertex -13.5393 8.43934 0
    endloop
  endfacet
  facet normal 0 0 -1
    outer loop
      vertex -13.6869 8.30997 0
      vertex -13.5869 -8.30997 0
      vertex -13.6666 -8.2528 0
    endloop
  endfacet
  facet normal 0 0 -1
    outer loop
      vertex -13.5869 -8.30997 0
      vertex -13.6869 8.30997 0
      vertex -13.611 8.37224 0
    endloop
  endfacet
  facet normal 0 0 -1
    outer loop
      vertex -13.7666 8.2528 0
      vertex -13.6666 -8.2528 0
      vertex -13.75 -8.20096 0
    endloop
  endfacet
  facet normal 0 0 -1
    outer loop
      vertex -13.6666 -8.2528 0
      vertex -13.7666 8.2528 0
      vertex -13.6869 8.30997 0
    endloop
  endfacet
  facet normal 0 0 -1
    outer loop
      vertex -13.85 8.20096 0
      vertex -13.75 -8.20096 0
      vertex -13.8366 -8.15469 0
    endloop
  endfacet
  facet normal 0 0 -1
    outer loop
      vertex -13.75 -8.20096 0
      vertex -13.85 8.20096 0
      vertex -13.7666 8.2528 0
    endloop
  endfacet
  facet normal 0 0 -1
    outer loop
      vertex -13.9366 8.15469 0
      vertex -13.8366 -8.15469 0
      vertex -13.926 -8.11418 0
    endloop
  endfacet
  facet normal 0 0 -1
    outer loop
      vertex -13.8366 -8.15469 0
      vertex -13.9366 8.15469 0
      vertex -13.85 8.20096 0
    endloop
  endfacet
  facet normal 0 0 -1
    outer loop
      vertex -14.026 8.11418 0
      vertex -13.926 -8.11418 0
      vertex -14.0178 -8.0796 0
    endloop
  endfacet
  facet normal 0 0 -1
    outer loop
      vertex -13.926 -8.11418 0
      vertex -14.026 8.11418 0
      vertex -13.9366 8.15469 0
    endloop
  endfacet
  facet normal 0 0 -1
    outer loop
      vertex -14.1178 8.0796 0
      vertex -14.0178 -8.0796 0
      vertex -14.1118 -8.05111 0
    endloop
  endfacet
  facet normal 0 0 -1
    outer loop
      vertex -14.0178 -8.0796 0
      vertex -14.1178 8.0796 0
      vertex -14.026 8.11418 0
    endloop
  endfacet
  facet normal 0 0 -1
    outer loop
      vertex -14.2118 8.05111 0
      vertex -14.1118 -8.05111 0
      vertex -14.2074 -8.02882 0
    endloop
  endfacet
  facet normal 0 0 -1
    outer loop
      vertex -14.1118 -8.05111 0
      vertex -14.2118 8.05111 0
      vertex -14.1178 8.0796 0
    endloop
  endfacet
  facet normal 0 0 -1
    outer loop
      vertex -14.3074 8.02882 0
      vertex -14.2074 -8.02882 0
      vertex -14.3042 -8.01283 0
    endloop
  endfacet
  facet normal 0 0 -1
    outer loop
      vertex -14.2074 -8.02882 0
      vertex -14.3074 8.02882 0
      vertex -14.2118 8.05111 0
    endloop
  endfacet
  facet normal 0 0 -1
    outer loop
      vertex -14.4042 8.01283 0
      vertex -14.3042 -8.01283 0
      vertex -14.4019 -8.00321 0
    endloop
  endfacet
  facet normal 0 0 -1
    outer loop
      vertex -14.3042 -8.01283 0
      vertex -14.4042 8.01283 0
      vertex -14.3074 8.02882 0
    endloop
  endfacet
  facet normal 0 0 -1
    outer loop
      vertex -14.5019 8.00321 0
      vertex -14.4019 -8.00321 0
      vertex -14.5 -8 0
    endloop
  endfacet
  facet normal 0 0 -1
    outer loop
      vertex -14.4019 -8.00321 0
      vertex -14.5019 8.00321 0
      vertex -14.4042 8.01283 0
    endloop
  endfacet
  facet normal 0 0 -1
    outer loop
      vertex -14.6 8 0
      vertex -14.5 -8 0
      vertex -14.5981 -8.00321 0
    endloop
  endfacet
  facet normal 0 0 -1
    outer loop
      vertex -14.5 -8 0
      vertex -14.6 8 0
      vertex -14.5019 8.00321 0
    endloop
  endfacet
  facet normal 0 0 -1
    outer loop
      vertex -14.6981 8.00321 0
      vertex -14.5981 -8.00321 0
      vertex -14.6958 -8.01283 0
    endloop
  endfacet
  facet normal 0 0 -1
    outer loop
      vertex -14.5981 -8.00321 0
      vertex -14.6981 8.00321 0
      vertex -14.6 8 0
    endloop
  endfacet
  facet normal 0 0 -1
    outer loop
      vertex -14.7958 8.01283 0
      vertex -14.6958 -8.01283 0
      vertex -14.7926 -8.02882 0
    endloop
  endfacet
  facet normal 0 0 -1
    outer loop
      vertex -14.6958 -8.01283 0
      vertex -14.7958 8.01283 0
      vertex -14.6981 8.00321 0
    endloop
  endfacet
  facet normal 0 0 -1
    outer loop
      vertex -14.8926 8.02882 0
      vertex -14.7926 -8.02882 0
      vertex -14.8882 -8.05111 0
    endloop
  endfacet
  facet normal 0 0 -1
    outer loop
      vertex -14.7926 -8.02882 0
      vertex -14.8926 8.02882 0
      vertex -14.7958 8.01283 0
    endloop
  endfacet
  facet normal 0 0 -1
    outer loop
      vertex -14.9882 8.05111 0
      vertex -14.8882 -8.05111 0
      vertex -14.9822 -8.0796 0
    endloop
  endfacet
  facet normal 0 0 -1
    outer loop
      vertex -14.8882 -8.05111 0
      vertex -14.9882 8.05111 0
      vertex -14.8926 8.02882 0
    endloop
  endfacet
  facet normal 0 0 -1
    outer loop
      vertex -15.0822 8.0796 0
      vertex -14.9822 -8.0796 0
      vertex -15.074 -8.11418 0
    endloop
  endfacet
  facet normal 0 0 -1
    outer loop
      vertex -14.9822 -8.0796 0
      vertex -15.0822 8.0796 0
      vertex -14.9882 8.05111 0
    endloop
  endfacet
  facet normal 0 0 -1
    outer loop
      vertex -15.174 8.11418 0
      vertex -15.074 -8.11418 0
      vertex -15.1634 -8.15469 0
    endloop
  endfacet
  facet normal 0 0 -1
    outer loop
      vertex -15.074 -8.11418 0
      vertex -15.174 8.11418 0
      vertex -15.0822 8.0796 0
    endloop
  endfacet
  facet normal 0 0 -1
    outer loop
      vertex -15.2634 8.15469 0
      vertex -15.1634 -8.15469 0
      vertex -15.25 -8.20096 0
    endloop
  endfacet
  facet normal 0 0 -1
    outer loop
      vertex -15.1634 -8.15469 0
      vertex -15.2634 8.15469 0
      vertex -15.174 8.11418 0
    endloop
  endfacet
  facet normal 0 0 -1
    outer loop
      vertex -15.35 8.20096 0
      vertex -15.25 -8.20096 0
      vertex -15.3334 -8.2528 0
    endloop
  endfacet
  facet normal 0 0 -1
    outer loop
      vertex -15.25 -8.20096 0
      vertex -15.35 8.20096 0
      vertex -15.2634 8.15469 0
    endloop
  endfacet
  facet normal 0 0 -1
    outer loop
      vertex -15.4334 8.2528 0
      vertex -15.3334 -8.2528 0
      vertex -15.4131 -8.30997 0
    endloop
  endfacet
  facet normal 0 0 -1
    outer loop
      vertex -15.3334 -8.2528 0
      vertex -15.4334 8.2528 0
      vertex -15.35 8.20096 0
    endloop
  endfacet
  facet normal 0 0 -1
    outer loop
      vertex -15.5131 8.30997 0
      vertex -15.4131 -8.30997 0
      vertex -15.489 -8.37224 0
    endloop
  endfacet
  facet normal 0 0 -1
    outer loop
      vertex -15.4131 -8.30997 0
      vertex -15.5131 8.30997 0
      vertex -15.4334 8.2528 0
    endloop
  endfacet
  facet normal 0 0 -1
    outer loop
      vertex -15.589 8.37224 0
      vertex -15.489 -8.37224 0
      vertex -15.5607 -8.43934 0
    endloop
  endfacet
  facet normal 0 0 -1
    outer loop
      vertex -15.489 -8.37224 0
      vertex -15.589 8.37224 0
      vertex -15.5131 8.30997 0
    endloop
  endfacet
  facet normal 0 0 -1
    outer loop
      vertex -15.6607 8.43934 0
      vertex -15.5607 -8.43934 0
      vertex -15.6278 -8.51098 0
    endloop
  endfacet
  facet normal 0 0 -1
    outer loop
      vertex -15.5607 -8.43934 0
      vertex -15.6607 8.43934 0
      vertex -15.589 8.37224 0
    endloop
  endfacet
  facet normal 0 0 -1
    outer loop
      vertex -15.7278 8.51098 0
      vertex -15.6278 -8.51098 0
      vertex -15.69 -8.58686 0
    endloop
  endfacet
  facet normal 0 0 -1
    outer loop
      vertex -15.6278 -8.51098 0
      vertex -15.7278 8.51098 0
      vertex -15.6607 8.43934 0
    endloop
  endfacet
  facet normal 0 0 -1
    outer loop
      vertex -15.79 8.58686 0
      vertex -15.69 -8.58686 0
      vertex -15.7472 -8.66664 0
    endloop
  endfacet
  facet normal 0 0 -1
    outer loop
      vertex -15.69 -8.58686 0
      vertex -15.79 8.58686 0
      vertex -15.7278 8.51098 0
    endloop
  endfacet
  facet normal 0 0 -1
    outer loop
      vertex -15.8472 8.66664 0
      vertex -15.7472 -8.66664 0
      vertex -15.799 -8.75 0
    endloop
  endfacet
  facet normal 0 0 -1
    outer loop
      vertex -15.899 8.75 0
      vertex -15.799 -8.75 0
      vertex -15.8453 -8.83657 0
    endloop
  endfacet
  facet normal 0 0 -1
    outer loop
      vertex -15.7472 -8.66664 0
      vertex -15.8472 8.66664 0
      vertex -15.79 8.58686 0
    endloop
  endfacet
  facet normal 0 0 -1
    outer loop
      vertex -15.9453 8.83657 0
      vertex -15.8453 -8.83657 0
      vertex -15.8858 -8.92597 0
    endloop
  endfacet
  facet normal 0 0 -1
    outer loop
      vertex -15.799 -8.75 0
      vertex -15.899 8.75 0
      vertex -15.8472 8.66664 0
    endloop
  endfacet
  facet normal 0 0 -1
    outer loop
      vertex -15.9858 8.92597 0
      vertex -15.8858 -8.92597 0
      vertex -15.9204 -9.01784 0
    endloop
  endfacet
  facet normal 0 0 -1
    outer loop
      vertex -15.8453 -8.83657 0
      vertex -15.9453 8.83657 0
      vertex -15.899 8.75 0
    endloop
  endfacet
  facet normal 0 0 -1
    outer loop
      vertex -16.0204 9.01784 0
      vertex -15.9204 -9.01784 0
      vertex -15.9489 -9.11177 0
    endloop
  endfacet
  facet normal 0 0 -1
    outer loop
      vertex -16.0204 9.01784 0
      vertex -15.9489 -9.11177 0
      vertex -15.9712 -9.20736 0
    endloop
  endfacet
  facet normal 0 0 -1
    outer loop
      vertex -15.8858 -8.92597 0
      vertex -15.9858 8.92597 0
      vertex -15.9453 8.83657 0
    endloop
  endfacet
  facet normal 0 0 -1
    outer loop
      vertex -16.0204 9.01784 0
      vertex -15.9712 -9.20736 0
      vertex -15.9872 -9.30421 0
    endloop
  endfacet
  facet normal 0 0 -1
    outer loop
      vertex -16.0204 9.01784 0
      vertex -15.9872 -9.30421 0
      vertex -15.9968 -9.40189 0
    endloop
  endfacet
  facet normal 0 0 -1
    outer loop
      vertex -16.0204 9.01784 0
      vertex -15.9968 -9.40189 0
      vertex -16 -9.5 0
    endloop
  endfacet
  facet normal 0 0 -1
    outer loop
      vertex -15.9204 -9.01784 0
      vertex -16.0204 9.01784 0
      vertex -15.9858 8.92597 0
    endloop
  endfacet
  facet normal 0 0 -1
    outer loop
      vertex -3.99679 -23.9019 0
      vertex -13.0128 -9.30421 0
      vertex -13.0288 -9.20736 0
    endloop
  endfacet
  facet normal 0 0 -1
    outer loop
      vertex -13.1 14.5 0
      vertex -4.56842 34.7006 0
      vertex -13.1 9.5 0
    endloop
  endfacet
  facet normal 0 -0 -1
    outer loop
      vertex -13.1 9.5 0
      vertex -4.56842 34.7006 0
      vertex -13.1032 9.40189 0
    endloop
  endfacet
  facet normal 0 0 -1
    outer loop
      vertex -3.99679 -23.9019 0
      vertex -13.0288 -9.20736 0
      vertex -13.0511 -9.11177 0
    endloop
  endfacet
  facet normal 0 0 -1
    outer loop
      vertex -3.99679 -23.9019 0
      vertex -13.0511 -9.11177 0
      vertex -13.1511 9.11177 0
    endloop
  endfacet
  facet normal 0 0 -1
    outer loop
      vertex -13.1511 9.11177 0
      vertex -13.0511 -9.11177 0
      vertex -13.0796 -9.01784 0
    endloop
  endfacet
  facet normal 0 0 -1
    outer loop
      vertex -13.1128 14.6958 0
      vertex -4.56842 34.7006 0
      vertex -13.1032 14.5981 0
    endloop
  endfacet
  facet normal 0 0 -1
    outer loop
      vertex -13.1288 14.7926 0
      vertex -4.56842 34.7006 0
      vertex -13.1128 14.6958 0
    endloop
  endfacet
  facet normal 0 0 -1
    outer loop
      vertex -13.1511 14.8882 0
      vertex -4.56842 34.7006 0
      vertex -13.1288 14.7926 0
    endloop
  endfacet
  facet normal 0 0 -1
    outer loop
      vertex -13.1796 14.9822 0
      vertex -4.56842 34.7006 0
      vertex -13.1511 14.8882 0
    endloop
  endfacet
  facet normal 0 0 -1
    outer loop
      vertex -13.2142 15.074 0
      vertex -4.56842 34.7006 0
      vertex -13.1796 14.9822 0
    endloop
  endfacet
  facet normal 0 0 -1
    outer loop
      vertex -13.2547 15.1634 0
      vertex -4.56842 34.7006 0
      vertex -13.2142 15.074 0
    endloop
  endfacet
  facet normal 0 0 -1
    outer loop
      vertex -13.301 15.25 0
      vertex -4.56842 34.7006 0
      vertex -13.2547 15.1634 0
    endloop
  endfacet
  facet normal 0 0 -1
    outer loop
      vertex -13.3528 15.3334 0
      vertex -4.56842 34.7006 0
      vertex -13.301 15.25 0
    endloop
  endfacet
  facet normal 0 0 -1
    outer loop
      vertex -13.41 15.4131 0
      vertex -4.56842 34.7006 0
      vertex -13.3528 15.3334 0
    endloop
  endfacet
  facet normal 0 0 -1
    outer loop
      vertex -4.56842 34.7006 0
      vertex -13.41 15.4131 0
      vertex -6.82816 34.3275 0
    endloop
  endfacet
  facet normal 0 0 -1
    outer loop
      vertex -13.4722 15.489 0
      vertex -6.82816 34.3275 0
      vertex -13.41 15.4131 0
    endloop
  endfacet
  facet normal 0 0 -1
    outer loop
      vertex -6.82816 34.3275 0
      vertex -13.4722 15.489 0
      vertex -9.05867 33.8074 0
    endloop
  endfacet
  facet normal 0 0 -1
    outer loop
      vertex -13.5393 15.5607 0
      vertex -9.05867 33.8074 0
      vertex -13.4722 15.489 0
    endloop
  endfacet
  facet normal 0 0 -1
    outer loop
      vertex -13.611 15.6278 0
      vertex -9.05867 33.8074 0
      vertex -13.5393 15.5607 0
    endloop
  endfacet
  facet normal 0 0 -1
    outer loop
      vertex -9.05867 33.8074 0
      vertex -13.611 15.6278 0
      vertex -11.2504 33.1426 0
    endloop
  endfacet
  facet normal 0 0 -1
    outer loop
      vertex -13.6869 15.69 0
      vertex -11.2504 33.1426 0
      vertex -13.611 15.6278 0
    endloop
  endfacet
  facet normal 0 0 -1
    outer loop
      vertex -13.7666 15.7472 0
      vertex -11.2504 33.1426 0
      vertex -13.6869 15.69 0
    endloop
  endfacet
  facet normal 0 0 -1
    outer loop
      vertex -13.85 15.799 0
      vertex -11.2504 33.1426 0
      vertex -13.7666 15.7472 0
    endloop
  endfacet
  facet normal 0 0 -1
    outer loop
      vertex -11.2504 33.1426 0
      vertex -13.85 15.799 0
      vertex -13.3939 32.3358 0
    endloop
  endfacet
  facet normal 0 0 -1
    outer loop
      vertex -13.9366 15.8453 0
      vertex -13.3939 32.3358 0
      vertex -13.85 15.799 0
    endloop
  endfacet
  facet normal 0 0 -1
    outer loop
      vertex -14.026 15.8858 0
      vertex -13.3939 32.3358 0
      vertex -13.9366 15.8453 0
    endloop
  endfacet
  facet normal 0 0 -1
    outer loop
      vertex -15.4801 31.3905 0
      vertex -14.026 15.8858 0
      vertex -14.1178 15.9204 0
    endloop
  endfacet
  facet normal 0 0 -1
    outer loop
      vertex -15.4801 31.3905 0
      vertex -14.1178 15.9204 0
      vertex -14.2118 15.9489 0
    endloop
  endfacet
  facet normal 0 0 -1
    outer loop
      vertex -14.5019 15.9968 0
      vertex -19.8748 21.3894 0
      vertex -14.4042 15.9872 0
    endloop
  endfacet
  facet normal 0 0 -1
    outer loop
      vertex -19.8748 21.3894 0
      vertex -14.5019 15.9968 0
      vertex -19.8661 21.3015 0
    endloop
  endfacet
  facet normal 0 0 -1
    outer loop
      vertex -14.6 16 0
      vertex -19.8661 21.3015 0
      vertex -14.5019 15.9968 0
    endloop
  endfacet
  facet normal 0 0 -1
    outer loop
      vertex -19.8661 21.3015 0
      vertex -14.6 16 0
      vertex -19.8632 21.2132 0
    endloop
  endfacet
  facet normal 0 0 -1
    outer loop
      vertex -19.8632 21.2132 0
      vertex -14.6 16 0
      vertex -14.6981 15.9968 0
    endloop
  endfacet
  facet normal 0 0 -1
    outer loop
      vertex -19.8632 21.2132 0
      vertex -14.6981 15.9968 0
      vertex -14.7958 15.9872 0
    endloop
  endfacet
  facet normal 0 0 -1
    outer loop
      vertex -19.8632 21.2132 0
      vertex -14.7958 15.9872 0
      vertex -14.8926 15.9712 0
    endloop
  endfacet
  facet normal 0 0 -1
    outer loop
      vertex -19.8632 21.2132 0
      vertex -14.8926 15.9712 0
      vertex -14.9882 15.9489 0
    endloop
  endfacet
  facet normal 0 0 -1
    outer loop
      vertex -19.8632 21.2132 0
      vertex -14.9882 15.9489 0
      vertex -15.0822 15.9204 0
    endloop
  endfacet
  facet normal 0 0 -1
    outer loop
      vertex -19.8632 21.2132 0
      vertex -15.0822 15.9204 0
      vertex -15.174 15.8858 0
    endloop
  endfacet
  facet normal 0 0 -1
    outer loop
      vertex -19.8632 21.2132 0
      vertex -15.174 15.8858 0
      vertex -15.2634 15.8453 0
    endloop
  endfacet
  facet normal 0 0 -1
    outer loop
      vertex -19.8632 21.2132 0
      vertex -15.2634 15.8453 0
      vertex -15.35 15.799 0
    endloop
  endfacet
  facet normal 0 0 -1
    outer loop
      vertex -19.8632 21.2132 0
      vertex -15.35 15.799 0
      vertex -15.4334 15.7472 0
    endloop
  endfacet
  facet normal 0 0 -1
    outer loop
      vertex -14.026 15.8858 0
      vertex -15.4801 31.3905 0
      vertex -13.3939 32.3358 0
    endloop
  endfacet
  facet normal 0 0 -1
    outer loop
      vertex -19.8632 21.2132 0
      vertex -15.4334 15.7472 0
      vertex -15.5131 15.69 0
    endloop
  endfacet
  facet normal 0 0 -1
    outer loop
      vertex -19.8632 21.2132 0
      vertex -15.5131 15.69 0
      vertex -15.589 15.6278 0
    endloop
  endfacet
  facet normal 0 0 -1
    outer loop
      vertex -19.8632 21.2132 0
      vertex -15.589 15.6278 0
      vertex -15.6607 15.5607 0
    endloop
  endfacet
  facet normal 0 0 -1
    outer loop
      vertex -19.8632 21.2132 0
      vertex -15.6607 15.5607 0
      vertex -15.7278 15.489 0
    endloop
  endfacet
  facet normal 0 0 -1
    outer loop
      vertex -19.8632 21.2132 0
      vertex -15.7278 15.489 0
      vertex -15.79 15.4131 0
    endloop
  endfacet
  facet normal 0 0 -1
    outer loop
      vertex -19.8632 21.2132 0
      vertex -15.79 15.4131 0
      vertex -15.8472 15.3334 0
    endloop
  endfacet
  facet normal 0 0 -1
    outer loop
      vertex -19.8632 21.2132 0
      vertex -15.8472 15.3334 0
      vertex -15.899 15.25 0
    endloop
  endfacet
  facet normal 0 0 -1
    outer loop
      vertex -19.8632 21.2132 0
      vertex -15.899 15.25 0
      vertex -15.9453 15.1634 0
    endloop
  endfacet
  facet normal 0 0 -1
    outer loop
      vertex -19.8632 21.2132 0
      vertex -15.9453 15.1634 0
      vertex -15.9858 15.074 0
    endloop
  endfacet
  facet normal 0 0 -1
    outer loop
      vertex -19.8632 21.2132 0
      vertex -15.9858 15.074 0
      vertex -16.0204 14.9822 0
    endloop
  endfacet
  facet normal 0 0 -1
    outer loop
      vertex -19.8632 21.2132 0
      vertex -16.0204 14.9822 0
      vertex -16.0489 14.8882 0
    endloop
  endfacet
  facet normal 0 0 -1
    outer loop
      vertex -19.8632 21.2132 0
      vertex -16.0489 14.8882 0
      vertex -16.0712 14.7926 0
    endloop
  endfacet
  facet normal 0 0 -1
    outer loop
      vertex -19.8632 21.2132 0
      vertex -16.0712 14.7926 0
      vertex -16.0872 14.6958 0
    endloop
  endfacet
  facet normal 0 0 -1
    outer loop
      vertex -19.8632 21.2132 0
      vertex -16.0872 14.6958 0
      vertex -16.0968 14.5981 0
    endloop
  endfacet
  facet normal 0 0 -1
    outer loop
      vertex -19.8891 21.4766 0
      vertex -14.4042 15.9872 0
      vertex -19.8748 21.3894 0
    endloop
  endfacet
  facet normal 0 0 -1
    outer loop
      vertex -19.8632 21.2132 0
      vertex -16.0968 14.5981 0
      vertex -16.1 14.5 0
    endloop
  endfacet
  facet normal 0 0 -1
    outer loop
      vertex -7 -25.1 0
      vertex -19.8632 -21.2132 0
      vertex -19.8661 -21.1249 0
    endloop
  endfacet
  facet normal 0 0 -1
    outer loop
      vertex -20.0907 -21.9632 0
      vertex -17.5 -30.3109 0
      vertex -19.445 -29.1014 0
    endloop
  endfacet
  facet normal 0 0 -1
    outer loop
      vertex -7 -25.1 0
      vertex -19.8661 -21.1249 0
      vertex -19.8748 -21.037 0
    endloop
  endfacet
  facet normal 0 0 -1
    outer loop
      vertex -14.4042 15.9872 0
      vertex -19.8891 21.4766 0
      vertex -14.3074 15.9712 0
    endloop
  endfacet
  facet normal 0 0 -1
    outer loop
      vertex -7 -25.1 0
      vertex -19.8661 -21.3015 0
      vertex -19.8632 -21.2132 0
    endloop
  endfacet
  facet normal 0 0 -1
    outer loop
      vertex -7 -25.1 0
      vertex -19.8748 -21.3894 0
      vertex -19.8661 -21.3015 0
    endloop
  endfacet
  facet normal 0 0 -1
    outer loop
      vertex -7 -25.1 0
      vertex -19.8891 -21.4766 0
      vertex -19.8748 -21.3894 0
    endloop
  endfacet
  facet normal 0 0 -1
    outer loop
      vertex -7 -25.1 0
      vertex -19.9092 -21.5626 0
      vertex -19.8891 -21.4766 0
    endloop
  endfacet
  facet normal 0 0 -1
    outer loop
      vertex -7 -25.1 0
      vertex -19.9348 -21.6471 0
      vertex -19.9092 -21.5626 0
    endloop
  endfacet
  facet normal 0 0 -1
    outer loop
      vertex -7 -25.1 0
      vertex -19.966 -21.7298 0
      vertex -19.9348 -21.6471 0
    endloop
  endfacet
  facet normal 0 0 -1
    outer loop
      vertex -17.5 -30.3109 0
      vertex -20.0024 -21.8103 0
      vertex -19.966 -21.7298 0
    endloop
  endfacet
  facet normal 0 0 -1
    outer loop
      vertex -17.5 -30.3109 0
      vertex -20.0441 -21.8882 0
      vertex -20.0024 -21.8103 0
    endloop
  endfacet
  facet normal 0 0 -1
    outer loop
      vertex -17.5 -30.3109 0
      vertex -20.0907 -21.9632 0
      vertex -20.0441 -21.8882 0
    endloop
  endfacet
  facet normal 0 0 -1
    outer loop
      vertex -19.445 -29.1014 0
      vertex -20.1422 -22.035 0
      vertex -20.0907 -21.9632 0
    endloop
  endfacet
  facet normal 0 0 -1
    outer loop
      vertex -19.445 -29.1014 0
      vertex -20.1982 -22.1033 0
      vertex -20.1422 -22.035 0
    endloop
  endfacet
  facet normal 0 0 -1
    outer loop
      vertex -19.445 -29.1014 0
      vertex -20.2586 -22.1678 0
      vertex -20.1982 -22.1033 0
    endloop
  endfacet
  facet normal 0 0 -1
    outer loop
      vertex -19.445 -29.1014 0
      vertex -20.3231 -22.2282 0
      vertex -20.2586 -22.1678 0
    endloop
  endfacet
  facet normal 0 0 -1
    outer loop
      vertex -19.445 -29.1014 0
      vertex -20.3914 -22.2842 0
      vertex -20.3231 -22.2282 0
    endloop
  endfacet
  facet normal 0 0 -1
    outer loop
      vertex -19.445 -29.1014 0
      vertex -20.4632 -22.3357 0
      vertex -20.3914 -22.2842 0
    endloop
  endfacet
  facet normal 0 0 -1
    outer loop
      vertex -21.3066 -27.7674 0
      vertex -20.4632 -22.3357 0
      vertex -19.445 -29.1014 0
    endloop
  endfacet
  facet normal 0 0 -1
    outer loop
      vertex -20.4632 -22.3357 0
      vertex -21.3066 -27.7674 0
      vertex -20.5382 -22.3823 0
    endloop
  endfacet
  facet normal 0 0 -1
    outer loop
      vertex -20.5382 -22.3823 0
      vertex -21.3066 -27.7674 0
      vertex -20.6161 -22.424 0
    endloop
  endfacet
  facet normal 0 0 -1
    outer loop
      vertex -20.6161 -22.424 0
      vertex -21.3066 -27.7674 0
      vertex -20.6966 -22.4604 0
    endloop
  endfacet
  facet normal 0 0 -1
    outer loop
      vertex -20.6966 -22.4604 0
      vertex -21.3066 -27.7674 0
      vertex -20.7793 -22.4916 0
    endloop
  endfacet
  facet normal 0 0 -1
    outer loop
      vertex -20.7793 -22.4916 0
      vertex -21.3066 -27.7674 0
      vertex -20.8638 -22.5172 0
    endloop
  endfacet
  facet normal 0 0 -1
    outer loop
      vertex -20.8638 -22.5172 0
      vertex -21.3066 -27.7674 0
      vertex -20.9498 -22.5373 0
    endloop
  endfacet
  facet normal 0 0 -1
    outer loop
      vertex -20.9498 -22.5373 0
      vertex -21.3066 -27.7674 0
      vertex -21.037 -22.5517 0
    endloop
  endfacet
  facet normal 0 0 -1
    outer loop
      vertex -23.0771 -26.3144 0
      vertex -21.037 -22.5517 0
      vertex -21.3066 -27.7674 0
    endloop
  endfacet
  facet normal 0 0 -1
    outer loop
      vertex -21.037 -22.5517 0
      vertex -23.0771 -26.3144 0
      vertex -21.1249 -22.5603 0
    endloop
  endfacet
  facet normal 0 0 -1
    outer loop
      vertex -21.1249 -22.5603 0
      vertex -23.0771 -26.3144 0
      vertex -21.2132 -22.5632 0
    endloop
  endfacet
  facet normal -0 0 -1
    outer loop
      vertex -21.2132 -22.5632 0
      vertex -23.0771 -26.3144 0
      vertex -21.3015 -22.5603 0
    endloop
  endfacet
  facet normal -0 0 -1
    outer loop
      vertex -21.3015 -22.5603 0
      vertex -23.0771 -26.3144 0
      vertex -21.3894 -22.5517 0
    endloop
  endfacet
  facet normal -0 0 -1
    outer loop
      vertex -21.3894 -22.5517 0
      vertex -23.0771 -26.3144 0
      vertex -21.4766 -22.5373 0
    endloop
  endfacet
  facet normal -0 0 -1
    outer loop
      vertex -21.4766 -22.5373 0
      vertex -23.0771 -26.3144 0
      vertex -21.5626 -22.5172 0
    endloop
  endfacet
  facet normal -0 0 -1
    outer loop
      vertex -21.5626 -22.5172 0
      vertex -23.0771 -26.3144 0
      vertex -21.6471 -22.4916 0
    endloop
  endfacet
  facet normal -0 0 -1
    outer loop
      vertex -21.6471 -22.4916 0
      vertex -23.0771 -26.3144 0
      vertex -21.7298 -22.4604 0
    endloop
  endfacet
  facet normal -0 0 -1
    outer loop
      vertex -21.7298 -22.4604 0
      vertex -23.0771 -26.3144 0
      vertex -21.8103 -22.424 0
    endloop
  endfacet
  facet normal 0 0 -1
    outer loop
      vertex -24.7487 -24.7487 0
      vertex -21.8103 -22.424 0
      vertex -23.0771 -26.3144 0
    endloop
  endfacet
  facet normal -0 0 -1
    outer loop
      vertex -21.8103 -22.424 0
      vertex -24.7487 -24.7487 0
      vertex -21.8882 -22.3823 0
    endloop
  endfacet
  facet normal -0 0 -1
    outer loop
      vertex -21.8882 -22.3823 0
      vertex -24.7487 -24.7487 0
      vertex -21.9632 -22.3357 0
    endloop
  endfacet
  facet normal -0 0 -1
    outer loop
      vertex -21.9632 -22.3357 0
      vertex -24.7487 -24.7487 0
      vertex -22.035 -22.2842 0
    endloop
  endfacet
  facet normal -0 0 -1
    outer loop
      vertex -22.035 -22.2842 0
      vertex -24.7487 -24.7487 0
      vertex -22.1033 -22.2282 0
    endloop
  endfacet
  facet normal -0 0 -1
    outer loop
      vertex -22.1033 -22.2282 0
      vertex -24.7487 -24.7487 0
      vertex -22.1678 -22.1678 0
    endloop
  endfacet
  facet normal -0 0 -1
    outer loop
      vertex -22.1678 -22.1678 0
      vertex -24.7487 -24.7487 0
      vertex -22.2282 -22.1033 0
    endloop
  endfacet
  facet normal -0 0 -1
    outer loop
      vertex -22.2282 -22.1033 0
      vertex -24.7487 -24.7487 0
      vertex -22.2842 -22.035 0
    endloop
  endfacet
  facet normal -0 0 -1
    outer loop
      vertex -22.2842 -22.035 0
      vertex -24.7487 -24.7487 0
      vertex -22.3357 -21.9632 0
    endloop
  endfacet
  facet normal -0 0 -1
    outer loop
      vertex -22.3357 -21.9632 0
      vertex -24.7487 -24.7487 0
      vertex -22.3823 -21.8882 0
    endloop
  endfacet
  facet normal -0 0 -1
    outer loop
      vertex -22.3823 -21.8882 0
      vertex -24.7487 -24.7487 0
      vertex -22.424 -21.8103 0
    endloop
  endfacet
  facet normal 0 0 -1
    outer loop
      vertex -26.3144 -23.0771 0
      vertex -22.424 -21.8103 0
      vertex -24.7487 -24.7487 0
    endloop
  endfacet
  facet normal -0 0 -1
    outer loop
      vertex -22.424 -21.8103 0
      vertex -26.3144 -23.0771 0
      vertex -22.4604 -21.7298 0
    endloop
  endfacet
  facet normal 0 0 -1
    outer loop
      vertex -16 -9.5 0
      vertex -22.7074 -3.97118 0
      vertex -22.6118 -3.94889 0
    endloop
  endfacet
  facet normal 0 0 -1
    outer loop
      vertex -16 -9.5 0
      vertex -22.8042 -3.98717 0
      vertex -22.7074 -3.97118 0
    endloop
  endfacet
  facet normal 0 0 -1
    outer loop
      vertex -16 -9.5 0
      vertex -22.9019 -3.99679 0
      vertex -22.8042 -3.98717 0
    endloop
  endfacet
  facet normal 0 0 -1
    outer loop
      vertex -16 -9.5 0
      vertex -23 -4 0
      vertex -22.9019 -3.99679 0
    endloop
  endfacet
  facet normal -0 0 -1
    outer loop
      vertex -22.4604 -21.7298 0
      vertex -26.3144 -23.0771 0
      vertex -22.4916 -21.6471 0
    endloop
  endfacet
  facet normal -0 0 -1
    outer loop
      vertex -22.4916 -21.6471 0
      vertex -26.3144 -23.0771 0
      vertex -22.5172 -21.5626 0
    endloop
  endfacet
  facet normal -0 0 -1
    outer loop
      vertex -22.5172 -21.5626 0
      vertex -26.3144 -23.0771 0
      vertex -22.5373 -21.4766 0
    endloop
  endfacet
  facet normal -0 0 -1
    outer loop
      vertex -22.5373 -21.4766 0
      vertex -26.3144 -23.0771 0
      vertex -22.5517 -21.3894 0
    endloop
  endfacet
  facet normal -0 0 -1
    outer loop
      vertex -22.5517 -21.3894 0
      vertex -26.3144 -23.0771 0
      vertex -22.5603 -21.3015 0
    endloop
  endfacet
  facet normal -0 0 -1
    outer loop
      vertex -22.5603 -21.3015 0
      vertex -26.3144 -23.0771 0
      vertex -22.5632 -21.2132 0
    endloop
  endfacet
  facet normal 0 0 -1
    outer loop
      vertex -21.7298 -19.966 0
      vertex -30.3109 -17.5 0
      vertex -31.3905 -15.4801 0
    endloop
  endfacet
  facet normal 0 0 -1
    outer loop
      vertex -22.035 -20.1422 0
      vertex -29.1014 -19.445 0
      vertex -30.3109 -17.5 0
    endloop
  endfacet
  facet normal 0 0 -1
    outer loop
      vertex -16 -9.5 0
      vertex -23.0981 -3.99679 0
      vertex -23 -4 0
    endloop
  endfacet
  facet normal 0 0 -1
    outer loop
      vertex -21.6471 -19.9348 0
      vertex -31.3905 -15.4801 0
      vertex -23.0981 -3.99679 0
    endloop
  endfacet
  facet normal -0 0 -1
    outer loop
      vertex -22.3357 -20.4632 0
      vertex -27.7674 -21.3066 0
      vertex -29.1014 -19.445 0
    endloop
  endfacet
  facet normal -0 0 -1
    outer loop
      vertex -23.0981 -3.99679 0
      vertex -31.3905 -15.4801 0
      vertex -23.1958 -3.98717 0
    endloop
  endfacet
  facet normal -0 0 -1
    outer loop
      vertex -23.1958 -3.98717 0
      vertex -31.3905 -15.4801 0
      vertex -23.2926 -3.97118 0
    endloop
  endfacet
  facet normal -0 0 -1
    outer loop
      vertex -23.2926 -3.97118 0
      vertex -31.3905 -15.4801 0
      vertex -23.3882 -3.94889 0
    endloop
  endfacet
  facet normal 0 0 -1
    outer loop
      vertex -22.5517 -21.037 0
      vertex -26.3144 -23.0771 0
      vertex -27.7674 -21.3066 0
    endloop
  endfacet
  facet normal 0 0 -1
    outer loop
      vertex -32.3358 -13.3939 0
      vertex -23.3882 -3.94889 0
      vertex -31.3905 -15.4801 0
    endloop
  endfacet
  facet normal -0 0 -1
    outer loop
      vertex -23.3882 -3.94889 0
      vertex -32.3358 -13.3939 0
      vertex -23.4822 -3.92039 0
    endloop
  endfacet
  facet normal -0 0 -1
    outer loop
      vertex -23.4822 -3.92039 0
      vertex -32.3358 -13.3939 0
      vertex -23.574 -3.88582 0
    endloop
  endfacet
  facet normal -0 0 -1
    outer loop
      vertex -23.574 -3.88582 0
      vertex -32.3358 -13.3939 0
      vertex -23.6634 -3.84531 0
    endloop
  endfacet
  facet normal 0 0 -1
    outer loop
      vertex -33.1426 -11.2504 0
      vertex -23.6634 -3.84531 0
      vertex -32.3358 -13.3939 0
    endloop
  endfacet
  facet normal -0 0 -1
    outer loop
      vertex -23.6634 -3.84531 0
      vertex -33.1426 -11.2504 0
      vertex -23.75 -3.79904 0
    endloop
  endfacet
  facet normal -0 0 -1
    outer loop
      vertex -23.75 -3.79904 0
      vertex -33.1426 -11.2504 0
      vertex -23.8334 -3.7472 0
    endloop
  endfacet
  facet normal -0 0 -1
    outer loop
      vertex -23.8334 -3.7472 0
      vertex -33.1426 -11.2504 0
      vertex -23.9131 -3.69003 0
    endloop
  endfacet
  facet normal 0 0 -1
    outer loop
      vertex -33.8074 -9.05867 0
      vertex -23.9131 -3.69003 0
      vertex -33.1426 -11.2504 0
    endloop
  endfacet
  facet normal -0 0 -1
    outer loop
      vertex -23.9131 -3.69003 0
      vertex -33.8074 -9.05867 0
      vertex -23.989 -3.62776 0
    endloop
  endfacet
  facet normal -0 0 -1
    outer loop
      vertex -23.989 -3.62776 0
      vertex -33.8074 -9.05867 0
      vertex -24.0607 -3.56066 0
    endloop
  endfacet
  facet normal -0 0 -1
    outer loop
      vertex -24.0607 -3.56066 0
      vertex -33.8074 -9.05867 0
      vertex -24.1278 -3.48902 0
    endloop
  endfacet
  facet normal -0 0 -1
    outer loop
      vertex -24.1278 -3.48902 0
      vertex -33.8074 -9.05867 0
      vertex -24.19 -3.41314 0
    endloop
  endfacet
  facet normal -0 0 -1
    outer loop
      vertex -24.2472 -3.33335 0
      vertex -34.3275 -6.82816 0
      vertex -24.299 -3.25 0
    endloop
  endfacet
  facet normal -0 0 -1
    outer loop
      vertex -24.19 -3.41314 0
      vertex -34.3275 -6.82816 0
      vertex -24.2472 -3.33335 0
    endloop
  endfacet
  facet normal 0 0 -1
    outer loop
      vertex -34.3275 -6.82816 0
      vertex -24.19 -3.41314 0
      vertex -33.8074 -9.05867 0
    endloop
  endfacet
  facet normal 0 0 -1
    outer loop
      vertex 15.5131 15.69 0
      vertex 20.1982 20.3231 0
      vertex 15.589 15.6278 0
    endloop
  endfacet
  facet normal -0 0 -1
    outer loop
      vertex 20.1982 20.3231 0
      vertex 15.5131 15.69 0
      vertex 20.1422 20.3914 0
    endloop
  endfacet
  facet normal 0 0 -1
    outer loop
      vertex 15.4334 15.7472 0
      vertex 20.1422 20.3914 0
      vertex 15.5131 15.69 0
    endloop
  endfacet
  facet normal -0 0 -1
    outer loop
      vertex 20.1422 20.3914 0
      vertex 15.4334 15.7472 0
      vertex 20.0907 20.4632 0
    endloop
  endfacet
  facet normal 0 0 -1
    outer loop
      vertex 15.35 15.799 0
      vertex 20.0907 20.4632 0
      vertex 15.4334 15.7472 0
    endloop
  endfacet
  facet normal -0 0 -1
    outer loop
      vertex 20.0907 20.4632 0
      vertex 15.35 15.799 0
      vertex 20.0441 20.5382 0
    endloop
  endfacet
  facet normal -0 0 -1
    outer loop
      vertex 20.0441 20.5382 0
      vertex 15.35 15.799 0
      vertex 20.0024 20.6161 0
    endloop
  endfacet
  facet normal 0 0 -1
    outer loop
      vertex 15.2634 15.8453 0
      vertex 20.0024 20.6161 0
      vertex 15.35 15.799 0
    endloop
  endfacet
  facet normal -0 0 -1
    outer loop
      vertex 20.0024 20.6161 0
      vertex 15.2634 15.8453 0
      vertex 19.966 20.6966 0
    endloop
  endfacet
  facet normal 0 0 -1
    outer loop
      vertex 15.174 15.8858 0
      vertex 19.966 20.6966 0
      vertex 15.2634 15.8453 0
    endloop
  endfacet
  facet normal -0 0 -1
    outer loop
      vertex 19.966 20.6966 0
      vertex 15.174 15.8858 0
      vertex 19.9348 20.7793 0
    endloop
  endfacet
  facet normal 0 0 -1
    outer loop
      vertex 15.0822 15.9204 0
      vertex 19.9348 20.7793 0
      vertex 15.174 15.8858 0
    endloop
  endfacet
  facet normal -0 0 -1
    outer loop
      vertex 19.9348 20.7793 0
      vertex 15.0822 15.9204 0
      vertex 19.9092 20.8638 0
    endloop
  endfacet
  facet normal 0 0 -1
    outer loop
      vertex 14.9882 15.9489 0
      vertex 19.9092 20.8638 0
      vertex 15.0822 15.9204 0
    endloop
  endfacet
  facet normal -0 0 -1
    outer loop
      vertex 19.9092 20.8638 0
      vertex 14.9882 15.9489 0
      vertex 19.8891 20.9498 0
    endloop
  endfacet
  facet normal 0 0 -1
    outer loop
      vertex 14.8926 15.9712 0
      vertex 19.8891 20.9498 0
      vertex 14.9882 15.9489 0
    endloop
  endfacet
  facet normal -0 0 -1
    outer loop
      vertex 19.8891 20.9498 0
      vertex 14.8926 15.9712 0
      vertex 19.8748 21.037 0
    endloop
  endfacet
  facet normal 0 0 -1
    outer loop
      vertex 14.7958 15.9872 0
      vertex 19.8748 21.037 0
      vertex 14.8926 15.9712 0
    endloop
  endfacet
  facet normal -0 0 -1
    outer loop
      vertex 19.8748 21.037 0
      vertex 14.7958 15.9872 0
      vertex 19.8661 21.1249 0
    endloop
  endfacet
  facet normal 0 0 -1
    outer loop
      vertex 14.6981 15.9968 0
      vertex 19.8661 21.1249 0
      vertex 14.7958 15.9872 0
    endloop
  endfacet
  facet normal -0 0 -1
    outer loop
      vertex 19.8661 21.1249 0
      vertex 14.6981 15.9968 0
      vertex 19.8632 21.2132 0
    endloop
  endfacet
  facet normal 0 0 -1
    outer loop
      vertex 14.6 16 0
      vertex 19.8632 21.2132 0
      vertex 14.6981 15.9968 0
    endloop
  endfacet
  facet normal -0 0 -1
    outer loop
      vertex 19.8632 21.2132 0
      vertex 14.6 16 0
      vertex 19.8661 21.3015 0
    endloop
  endfacet
  facet normal 0 0 -1
    outer loop
      vertex 14.5019 15.9968 0
      vertex 19.8661 21.3015 0
      vertex 14.6 16 0
    endloop
  endfacet
  facet normal -0 0 -1
    outer loop
      vertex 19.8661 21.3015 0
      vertex 14.5019 15.9968 0
      vertex 19.8748 21.3894 0
    endloop
  endfacet
  facet normal 0 0 -1
    outer loop
      vertex 14.4042 15.9872 0
      vertex 19.8748 21.3894 0
      vertex 14.5019 15.9968 0
    endloop
  endfacet
  facet normal 0 0 -1
    outer loop
      vertex 14.3074 15.9712 0
      vertex 19.8748 21.3894 0
      vertex 14.4042 15.9872 0
    endloop
  endfacet
  facet normal 0 0 -1
    outer loop
      vertex 14.2118 15.9489 0
      vertex 19.8748 21.3894 0
      vertex 14.3074 15.9712 0
    endloop
  endfacet
  facet normal 0 0 -1
    outer loop
      vertex 19.8748 21.3894 0
      vertex 15.4801 31.3905 0
      vertex 17.5 30.3109 0
    endloop
  endfacet
  facet normal 0 0 -1
    outer loop
      vertex 4 24 0
      vertex 19.8748 21.3894 0
      vertex 14.2118 15.9489 0
    endloop
  endfacet
  facet normal 0 0 -1
    outer loop
      vertex 4 24 0
      vertex 14.2118 15.9489 0
      vertex 14.1178 15.9204 0
    endloop
  endfacet
  facet normal 0 0 -1
    outer loop
      vertex 4 24 0
      vertex 14.1178 15.9204 0
      vertex 14.026 15.8858 0
    endloop
  endfacet
  facet normal 0 0 -1
    outer loop
      vertex 4 24 0
      vertex 14.026 15.8858 0
      vertex 13.9366 15.8453 0
    endloop
  endfacet
  facet normal 0 0 -1
    outer loop
      vertex 4 24 0
      vertex 13.9366 15.8453 0
      vertex 13.85 15.799 0
    endloop
  endfacet
  facet normal 0 0 -1
    outer loop
      vertex 4 24 0
      vertex 13.85 15.799 0
      vertex 13.7666 15.7472 0
    endloop
  endfacet
  facet normal 0 0 -1
    outer loop
      vertex 4 24 0
      vertex 13.7666 15.7472 0
      vertex 13.6869 15.69 0
    endloop
  endfacet
  facet normal 0 0 -1
    outer loop
      vertex 4 24 0
      vertex 13.6869 15.69 0
      vertex 13.611 15.6278 0
    endloop
  endfacet
  facet normal 0 0 -1
    outer loop
      vertex 4 24 0
      vertex 13.611 15.6278 0
      vertex 13.5393 15.5607 0
    endloop
  endfacet
  facet normal 0 0 -1
    outer loop
      vertex 4 24 0
      vertex 13.5393 15.5607 0
      vertex 13.4722 15.489 0
    endloop
  endfacet
  facet normal 0 0 -1
    outer loop
      vertex 4 24 0
      vertex 13.4722 15.489 0
      vertex 13.41 15.4131 0
    endloop
  endfacet
  facet normal 0 0 -1
    outer loop
      vertex 19.8748 21.3894 0
      vertex 4 24 0
      vertex 15.4801 31.3905 0
    endloop
  endfacet
  facet normal 0 0 -1
    outer loop
      vertex 4 24 0
      vertex 13.41 15.4131 0
      vertex 13.3528 15.3334 0
    endloop
  endfacet
  facet normal 0 0 -1
    outer loop
      vertex 4 24 0
      vertex 13.3528 15.3334 0
      vertex 13.301 15.25 0
    endloop
  endfacet
  facet normal 0 0 -1
    outer loop
      vertex 4 24 0
      vertex 13.301 15.25 0
      vertex 13.2547 15.1634 0
    endloop
  endfacet
  facet normal 0 0 -1
    outer loop
      vertex 4 24 0
      vertex 13.2547 15.1634 0
      vertex 13.2142 15.074 0
    endloop
  endfacet
  facet normal 0 0 -1
    outer loop
      vertex 4 24 0
      vertex 13.2142 15.074 0
      vertex 13.1796 14.9822 0
    endloop
  endfacet
  facet normal 0 0 -1
    outer loop
      vertex 4 24 0
      vertex 13.1796 14.9822 0
      vertex 13.1511 14.8882 0
    endloop
  endfacet
  facet normal 0 0 -1
    outer loop
      vertex 4 24 0
      vertex 13.1511 14.8882 0
      vertex 13.1288 14.7926 0
    endloop
  endfacet
  facet normal 0 0 -1
    outer loop
      vertex 4 24 0
      vertex 13.1288 14.7926 0
      vertex 13.1128 14.6958 0
    endloop
  endfacet
  facet normal 0 0 -1
    outer loop
      vertex 4 24 0
      vertex 13.1128 14.6958 0
      vertex 13.1032 14.5981 0
    endloop
  endfacet
  facet normal 0 0 -1
    outer loop
      vertex 4 24 0
      vertex 13.1032 14.5981 0
      vertex 13.1 14.5 0
    endloop
  endfacet
  facet normal 0 0 -1
    outer loop
      vertex 13.1128 9.30421 0
      vertex 4 24 0
      vertex 13.1032 9.40189 0
    endloop
  endfacet
  facet normal 0 0 -1
    outer loop
      vertex 3.48902 -22.8722 0
      vertex 13.201 -15.25 0
      vertex 3.56066 -22.9393 0
    endloop
  endfacet
  facet normal -0 0 -1
    outer loop
      vertex 13.2528 -15.3334 0
      vertex 3.56066 -22.9393 0
      vertex 13.201 -15.25 0
    endloop
  endfacet
  facet normal 0 0 -1
    outer loop
      vertex 3.56066 -22.9393 0
      vertex 13.2528 -15.3334 0
      vertex 3.62776 -23.011 0
    endloop
  endfacet
  facet normal -0 0 -1
    outer loop
      vertex 13.31 -15.4131 0
      vertex 3.62776 -23.011 0
      vertex 13.2528 -15.3334 0
    endloop
  endfacet
  facet normal 0 0 -1
    outer loop
      vertex 7 -25.1 0
      vertex 3.69003 -23.0869 0
      vertex 13.31 -15.4131 0
    endloop
  endfacet
  facet normal 0 0 -1
    outer loop
      vertex 3.62776 -23.011 0
      vertex 13.31 -15.4131 0
      vertex 3.69003 -23.0869 0
    endloop
  endfacet
  facet normal 0 0 -1
    outer loop
      vertex 4 24 0
      vertex 13.1 9.5 0
      vertex 13.1032 9.40189 0
    endloop
  endfacet
  facet normal 0 0 -1
    outer loop
      vertex 7 -25.1 0
      vertex 11.2504 -33.1426 0
      vertex 9.05867 -33.8074 0
    endloop
  endfacet
  facet normal 0 0 -1
    outer loop
      vertex 4 24 0
      vertex 13.1 14.5 0
      vertex 13.1 9.5 0
    endloop
  endfacet
  facet normal 0 0 -1
    outer loop
      vertex 7 -25.1 0
      vertex 9.05867 -33.8074 0
      vertex 7 -34.2874 0
    endloop
  endfacet
  facet normal 0 0 -1
    outer loop
      vertex 3.99679 24.0981 0
      vertex 15.4801 31.3905 0
      vertex 4 24 0
    endloop
  endfacet
  facet normal 0 0 -1
    outer loop
      vertex 3.98717 24.1958 0
      vertex 15.4801 31.3905 0
      vertex 3.99679 24.0981 0
    endloop
  endfacet
  facet normal -0 0 -1
    outer loop
      vertex 15.4801 31.3905 0
      vertex 3.98717 24.1958 0
      vertex 13.3939 32.3358 0
    endloop
  endfacet
  facet normal 0 0 -1
    outer loop
      vertex 3.97118 24.2926 0
      vertex 13.3939 32.3358 0
      vertex 3.98717 24.1958 0
    endloop
  endfacet
  facet normal 0 0 -1
    outer loop
      vertex 7 -25.1 0
      vertex 3.99679 -24.0981 0
      vertex 4 -24 0
    endloop
  endfacet
  facet normal 0 0 -1
    outer loop
      vertex 7 -25.1 0
      vertex 3.98717 -24.1958 0
      vertex 3.99679 -24.0981 0
    endloop
  endfacet
  facet normal 0 0 -1
    outer loop
      vertex 7 -25.1 0
      vertex 3.97118 -24.2926 0
      vertex 3.98717 -24.1958 0
    endloop
  endfacet
  facet normal 0 0 -1
    outer loop
      vertex 7 -25.1 0
      vertex 3.94889 -24.3882 0
      vertex 3.97118 -24.2926 0
    endloop
  endfacet
  facet normal 0 0 -1
    outer loop
      vertex 7 -25.1 0
      vertex 3.92039 -24.4822 0
      vertex 3.94889 -24.3882 0
    endloop
  endfacet
  facet normal 0 0 -1
    outer loop
      vertex 7 -25.1 0
      vertex 3.88582 -24.574 0
      vertex 3.92039 -24.4822 0
    endloop
  endfacet
  facet normal 0 0 -1
    outer loop
      vertex 7 -25.1 0
      vertex 3.84531 -24.6634 0
      vertex 3.88582 -24.574 0
    endloop
  endfacet
  facet normal 0 0 -1
    outer loop
      vertex 7 -25.1 0
      vertex 3.79904 -24.75 0
      vertex 3.84531 -24.6634 0
    endloop
  endfacet
  facet normal 0 0 -1
    outer loop
      vertex 7 -25.1 0
      vertex 3.7472 -24.8334 0
      vertex 3.79904 -24.75 0
    endloop
  endfacet
  facet normal 0 0 -1
    outer loop
      vertex 7 -25.1 0
      vertex 3.69003 -24.9131 0
      vertex 3.7472 -24.8334 0
    endloop
  endfacet
  facet normal 0 0 -1
    outer loop
      vertex 7 -25.1 0
      vertex 3.62776 -24.989 0
      vertex 3.69003 -24.9131 0
    endloop
  endfacet
  facet normal 0 0 -1
    outer loop
      vertex 7 -25.1 0
      vertex 3.56066 -25.0607 0
      vertex 3.62776 -24.989 0
    endloop
  endfacet
  facet normal 0 -0 -1
    outer loop
      vertex 3.56066 -25.0607 0
      vertex 7 -25.1 0
      vertex 3.51866 -25.1 0
    endloop
  endfacet
  facet normal 0 0 -1
    outer loop
      vertex 15.6278 -8.51098 0
      vertex 21.81 -3.41314 0
      vertex 15.69 -8.58686 0
    endloop
  endfacet
  facet normal -0 0 -1
    outer loop
      vertex 21.81 -3.41314 0
      vertex 15.6278 -8.51098 0
      vertex 21.7528 -3.33335 0
    endloop
  endfacet
  facet normal 0 0 -1
    outer loop
      vertex 15.5607 -8.43934 0
      vertex 21.7528 -3.33335 0
      vertex 15.6278 -8.51098 0
    endloop
  endfacet
  facet normal -0 0 -1
    outer loop
      vertex 21.7528 -3.33335 0
      vertex 15.5607 -8.43934 0
      vertex 21.701 -3.25 0
    endloop
  endfacet
  facet normal 0 0 -1
    outer loop
      vertex 15.489 -8.37224 0
      vertex 21.701 -3.25 0
      vertex 15.5607 -8.43934 0
    endloop
  endfacet
  facet normal -0 0 -1
    outer loop
      vertex 21.701 -3.25 0
      vertex 15.489 -8.37224 0
      vertex 21.6547 -3.16343 0
    endloop
  endfacet
  facet normal 0 0 -1
    outer loop
      vertex 21.5 -2.5 0
      vertex 15.9858 8.92597 0
      vertex 16.0204 9.01784 0
    endloop
  endfacet
  facet normal 0 0 -1
    outer loop
      vertex 15.4131 -8.30997 0
      vertex 21.6547 -3.16343 0
      vertex 15.489 -8.37224 0
    endloop
  endfacet
  facet normal 0 0 -1
    outer loop
      vertex 21.5 -2.5 0
      vertex 15.9453 8.83657 0
      vertex 15.9858 8.92597 0
    endloop
  endfacet
  facet normal -0 0 -1
    outer loop
      vertex 21.6547 -3.16343 0
      vertex 15.4131 -8.30997 0
      vertex 21.6142 -3.07402 0
    endloop
  endfacet
  facet normal 0 0 -1
    outer loop
      vertex 21.5 -2.5 0
      vertex 15.899 8.75 0
      vertex 15.9453 8.83657 0
    endloop
  endfacet
  facet normal 0 0 -1
    outer loop
      vertex 15.3334 -8.2528 0
      vertex 21.6142 -3.07402 0
      vertex 15.4131 -8.30997 0
    endloop
  endfacet
  facet normal 0 0 -1
    outer loop
      vertex 21.5 -2.5 0
      vertex 15.8472 8.66664 0
      vertex 15.899 8.75 0
    endloop
  endfacet
  facet normal -0 0 -1
    outer loop
      vertex 21.6142 -3.07402 0
      vertex 15.3334 -8.2528 0
      vertex 21.5796 -2.98216 0
    endloop
  endfacet
  facet normal 0 0 -1
    outer loop
      vertex 21.5 -2.5 0
      vertex 15.79 8.58686 0
      vertex 15.8472 8.66664 0
    endloop
  endfacet
  facet normal 0 0 -1
    outer loop
      vertex 15.25 -8.20096 0
      vertex 21.5796 -2.98216 0
      vertex 15.3334 -8.2528 0
    endloop
  endfacet
  facet normal 0 0 -1
    outer loop
      vertex 21.5 -2.5 0
      vertex 15.7278 8.51098 0
      vertex 15.79 8.58686 0
    endloop
  endfacet
  facet normal -0 0 -1
    outer loop
      vertex 21.5796 -2.98216 0
      vertex 15.25 -8.20096 0
      vertex 21.5511 -2.88823 0
    endloop
  endfacet
  facet normal 0 0 -1
    outer loop
      vertex 21.5 -2.5 0
      vertex 15.6607 8.43934 0
      vertex 15.7278 8.51098 0
    endloop
  endfacet
  facet normal 0 0 -1
    outer loop
      vertex 15.1634 -8.15469 0
      vertex 21.5511 -2.88823 0
      vertex 15.25 -8.20096 0
    endloop
  endfacet
  facet normal 0 0 -1
    outer loop
      vertex 21.5 -2.5 0
      vertex 15.589 8.37224 0
      vertex 15.6607 8.43934 0
    endloop
  endfacet
  facet normal -0 0 -1
    outer loop
      vertex 21.5511 -2.88823 0
      vertex 15.1634 -8.15469 0
      vertex 21.5288 -2.79263 0
    endloop
  endfacet
  facet normal 0 0 -1
    outer loop
      vertex 21.5 -2.5 0
      vertex 15.5131 8.30997 0
      vertex 15.589 8.37224 0
    endloop
  endfacet
  facet normal 0 0 -1
    outer loop
      vertex 15.074 -8.11418 0
      vertex 21.5288 -2.79263 0
      vertex 15.1634 -8.15469 0
    endloop
  endfacet
  facet normal 0 0 -1
    outer loop
      vertex 21.5 -2.5 0
      vertex 15.4334 8.2528 0
      vertex 15.5131 8.30997 0
    endloop
  endfacet
  facet normal -0 0 -1
    outer loop
      vertex 21.5288 -2.79263 0
      vertex 15.074 -8.11418 0
      vertex 21.5128 -2.69579 0
    endloop
  endfacet
  facet normal 0 0 -1
    outer loop
      vertex 21.5 -2.5 0
      vertex 15.35 8.20096 0
      vertex 15.4334 8.2528 0
    endloop
  endfacet
  facet normal 0 0 -1
    outer loop
      vertex 14.9822 -8.0796 0
      vertex 21.5128 -2.69579 0
      vertex 15.074 -8.11418 0
    endloop
  endfacet
  facet normal 0 0 -1
    outer loop
      vertex 21.5 -2.5 0
      vertex 15.2634 8.15469 0
      vertex 15.35 8.20096 0
    endloop
  endfacet
  facet normal -0 0 -1
    outer loop
      vertex 21.5128 -2.69579 0
      vertex 14.9822 -8.0796 0
      vertex 21.5032 -2.5981 0
    endloop
  endfacet
  facet normal 0 0 -1
    outer loop
      vertex 21.5 -2.5 0
      vertex 15.174 8.11418 0
      vertex 15.2634 8.15469 0
    endloop
  endfacet
  facet normal 0 0 -1
    outer loop
      vertex 14.8882 -8.05111 0
      vertex 21.5032 -2.5981 0
      vertex 14.9822 -8.0796 0
    endloop
  endfacet
  facet normal 0 0 -1
    outer loop
      vertex 21.5 -2.5 0
      vertex 15.0822 8.0796 0
      vertex 15.174 8.11418 0
    endloop
  endfacet
  facet normal -0 0 -1
    outer loop
      vertex 21.5032 -2.5981 0
      vertex 14.8882 -8.05111 0
      vertex 21.5 -2.5 0
    endloop
  endfacet
  facet normal 0 0 -1
    outer loop
      vertex 21.5 -2.5 0
      vertex 14.9882 8.05111 0
      vertex 15.0822 8.0796 0
    endloop
  endfacet
  facet normal 0 0 -1
    outer loop
      vertex 14.7926 -8.02882 0
      vertex 21.5 -2.5 0
      vertex 14.8882 -8.05111 0
    endloop
  endfacet
  facet normal 0 0 -1
    outer loop
      vertex 21.5 -2.5 0
      vertex 14.8926 8.02882 0
      vertex 14.9882 8.05111 0
    endloop
  endfacet
  facet normal 0 0 -1
    outer loop
      vertex 14.6958 -8.01283 0
      vertex 21.5 -2.5 0
      vertex 14.7926 -8.02882 0
    endloop
  endfacet
  facet normal 0 0 -1
    outer loop
      vertex 21.5 -2.5 0
      vertex 14.7958 8.01283 0
      vertex 14.8926 8.02882 0
    endloop
  endfacet
  facet normal 0 0 -1
    outer loop
      vertex 14.5981 -8.00321 0
      vertex 21.5 -2.5 0
      vertex 14.6958 -8.01283 0
    endloop
  endfacet
  facet normal 0 0 -1
    outer loop
      vertex 21.5 -2.5 0
      vertex 14.6981 8.00321 0
      vertex 14.7958 8.01283 0
    endloop
  endfacet
  facet normal 0 0 -1
    outer loop
      vertex 14.5 -8 0
      vertex 21.5 -2.5 0
      vertex 14.5981 -8.00321 0
    endloop
  endfacet
  facet normal 0 0 -1
    outer loop
      vertex 21.5 -2.5 0
      vertex 14.6 8 0
      vertex 14.6981 8.00321 0
    endloop
  endfacet
  facet normal 0 0 -1
    outer loop
      vertex 14.4019 -8.00321 0
      vertex 21.5 -2.5 0
      vertex 14.5 -8 0
    endloop
  endfacet
  facet normal 0 0 -1
    outer loop
      vertex 21.5 -2.5 0
      vertex 14.5019 8.00321 0
      vertex 14.6 8 0
    endloop
  endfacet
  facet normal -0 0 -1
    outer loop
      vertex 21.5 -2.5 0
      vertex 14.4019 -8.00321 0
      vertex 14.5019 8.00321 0
    endloop
  endfacet
  facet normal -0 0 -1
    outer loop
      vertex 14.5019 8.00321 0
      vertex 14.4019 -8.00321 0
      vertex 14.4042 8.01283 0
    endloop
  endfacet
  facet normal 0 0 -1
    outer loop
      vertex 14.3042 -8.01283 0
      vertex 14.4042 8.01283 0
      vertex 14.4019 -8.00321 0
    endloop
  endfacet
  facet normal -0 0 -1
    outer loop
      vertex 14.4042 8.01283 0
      vertex 14.3042 -8.01283 0
      vertex 14.3074 8.02882 0
    endloop
  endfacet
  facet normal 0 0 -1
    outer loop
      vertex 14.2074 -8.02882 0
      vertex 14.3074 8.02882 0
      vertex 14.3042 -8.01283 0
    endloop
  endfacet
  facet normal -0 0 -1
    outer loop
      vertex 14.3074 8.02882 0
      vertex 14.2074 -8.02882 0
      vertex 14.2118 8.05111 0
    endloop
  endfacet
  facet normal 0 0 -1
    outer loop
      vertex 14.1118 -8.05111 0
      vertex 14.2118 8.05111 0
      vertex 14.2074 -8.02882 0
    endloop
  endfacet
  facet normal -0 0 -1
    outer loop
      vertex 14.2118 8.05111 0
      vertex 14.1118 -8.05111 0
      vertex 14.1178 8.0796 0
    endloop
  endfacet
  facet normal 0 0 -1
    outer loop
      vertex 14.0178 -8.0796 0
      vertex 14.1178 8.0796 0
      vertex 14.1118 -8.05111 0
    endloop
  endfacet
  facet normal -0 0 -1
    outer loop
      vertex 14.1178 8.0796 0
      vertex 14.0178 -8.0796 0
      vertex 14.026 8.11418 0
    endloop
  endfacet
  facet normal 0 0 -1
    outer loop
      vertex 13.926 -8.11418 0
      vertex 14.026 8.11418 0
      vertex 14.0178 -8.0796 0
    endloop
  endfacet
  facet normal -0 0 -1
    outer loop
      vertex 14.026 8.11418 0
      vertex 13.926 -8.11418 0
      vertex 13.9366 8.15469 0
    endloop
  endfacet
  facet normal 0 0 -1
    outer loop
      vertex 13.8366 -8.15469 0
      vertex 13.9366 8.15469 0
      vertex 13.926 -8.11418 0
    endloop
  endfacet
  facet normal -0 0 -1
    outer loop
      vertex 13.9366 8.15469 0
      vertex 13.8366 -8.15469 0
      vertex 13.85 8.20096 0
    endloop
  endfacet
  facet normal 0 0 -1
    outer loop
      vertex 13.75 -8.20096 0
      vertex 13.85 8.20096 0
      vertex 13.8366 -8.15469 0
    endloop
  endfacet
  facet normal -0 0 -1
    outer loop
      vertex 13.85 8.20096 0
      vertex 13.75 -8.20096 0
      vertex 13.7666 8.2528 0
    endloop
  endfacet
  facet normal 0 0 -1
    outer loop
      vertex 13.6666 -8.2528 0
      vertex 13.7666 8.2528 0
      vertex 13.75 -8.20096 0
    endloop
  endfacet
  facet normal -0 0 -1
    outer loop
      vertex 13.7666 8.2528 0
      vertex 13.6666 -8.2528 0
      vertex 13.6869 8.30997 0
    endloop
  endfacet
  facet normal 0 0 -1
    outer loop
      vertex 13.5869 -8.30997 0
      vertex 13.6869 8.30997 0
      vertex 13.6666 -8.2528 0
    endloop
  endfacet
  facet normal -0 0 -1
    outer loop
      vertex 13.6869 8.30997 0
      vertex 13.5869 -8.30997 0
      vertex 13.611 8.37224 0
    endloop
  endfacet
  facet normal 0 0 -1
    outer loop
      vertex 13.511 -8.37224 0
      vertex 13.611 8.37224 0
      vertex 13.5869 -8.30997 0
    endloop
  endfacet
  facet normal -0 0 -1
    outer loop
      vertex 13.611 8.37224 0
      vertex 13.511 -8.37224 0
      vertex 13.5393 8.43934 0
    endloop
  endfacet
  facet normal 0 0 -1
    outer loop
      vertex 13.4393 -8.43934 0
      vertex 13.5393 8.43934 0
      vertex 13.511 -8.37224 0
    endloop
  endfacet
  facet normal -0 0 -1
    outer loop
      vertex 13.5393 8.43934 0
      vertex 13.4393 -8.43934 0
      vertex 13.4722 8.51098 0
    endloop
  endfacet
  facet normal 0 0 -1
    outer loop
      vertex 13.3722 -8.51098 0
      vertex 13.4722 8.51098 0
      vertex 13.4393 -8.43934 0
    endloop
  endfacet
  facet normal -0 0 -1
    outer loop
      vertex 13.4722 8.51098 0
      vertex 13.3722 -8.51098 0
      vertex 13.41 8.58686 0
    endloop
  endfacet
  facet normal 0 0 -1
    outer loop
      vertex 13.31 -8.58686 0
      vertex 13.41 8.58686 0
      vertex 13.3722 -8.51098 0
    endloop
  endfacet
  facet normal -0 0 -1
    outer loop
      vertex 13.41 8.58686 0
      vertex 13.31 -8.58686 0
      vertex 13.3528 8.66664 0
    endloop
  endfacet
  facet normal 0 0 -1
    outer loop
      vertex 13.2528 -8.66664 0
      vertex 13.3528 8.66664 0
      vertex 13.31 -8.58686 0
    endloop
  endfacet
  facet normal -0 0 -1
    outer loop
      vertex 13.3528 8.66664 0
      vertex 13.2528 -8.66664 0
      vertex 13.301 8.75 0
    endloop
  endfacet
  facet normal 0 0 -1
    outer loop
      vertex 13.201 -8.75 0
      vertex 13.301 8.75 0
      vertex 13.2528 -8.66664 0
    endloop
  endfacet
  facet normal -0 0 -1
    outer loop
      vertex 13.301 8.75 0
      vertex 13.201 -8.75 0
      vertex 13.2547 8.83657 0
    endloop
  endfacet
  facet normal 0 0 -1
    outer loop
      vertex 13.1547 -8.83657 0
      vertex 13.2547 8.83657 0
      vertex 13.201 -8.75 0
    endloop
  endfacet
  facet normal -0 0 -1
    outer loop
      vertex 13.2547 8.83657 0
      vertex 13.1547 -8.83657 0
      vertex 13.2142 8.92597 0
    endloop
  endfacet
  facet normal 0 0 -1
    outer loop
      vertex 13.1142 -8.92597 0
      vertex 13.2142 8.92597 0
      vertex 13.1547 -8.83657 0
    endloop
  endfacet
  facet normal -0 0 -1
    outer loop
      vertex 13.2142 8.92597 0
      vertex 13.1142 -8.92597 0
      vertex 13.1796 9.01784 0
    endloop
  endfacet
  facet normal 0 0 -1
    outer loop
      vertex 13.0796 -9.01784 0
      vertex 13.1796 9.01784 0
      vertex 13.1142 -8.92597 0
    endloop
  endfacet
  facet normal -0 0 -1
    outer loop
      vertex 13.1796 9.01784 0
      vertex 13.0796 -9.01784 0
      vertex 13.1511 9.11177 0
    endloop
  endfacet
  facet normal 0 0 -1
    outer loop
      vertex 13.0511 -9.11177 0
      vertex 13.1511 9.11177 0
      vertex 13.0796 -9.01784 0
    endloop
  endfacet
  facet normal -0 0 -1
    outer loop
      vertex 13.201 -15.25 0
      vertex 3.48902 -22.8722 0
      vertex 13.1547 -15.1634 0
    endloop
  endfacet
  facet normal 0 0 -1
    outer loop
      vertex 13.0511 -9.11177 0
      vertex 4 24 0
      vertex 13.1511 9.11177 0
    endloop
  endfacet
  facet normal 0 0 -1
    outer loop
      vertex 13.1288 9.20736 0
      vertex 4 24 0
      vertex 13.1128 9.30421 0
    endloop
  endfacet
  facet normal 0 0 -1
    outer loop
      vertex 13.1511 9.11177 0
      vertex 4 24 0
      vertex 13.1288 9.20736 0
    endloop
  endfacet
  facet normal 0 0 -1
    outer loop
      vertex 26.3144 23.0771 0
      vertex 22.5603 21.1249 0
      vertex 22.5632 21.2132 0
    endloop
  endfacet
  facet normal 0 0 -1
    outer loop
      vertex 22.7074 3.97118 0
      vertex 22.5517 21.037 0
      vertex 22.5603 21.1249 0
    endloop
  endfacet
  facet normal 0 0 -1
    outer loop
      vertex 22.7074 3.97118 0
      vertex 22.5373 20.9498 0
      vertex 22.5517 21.037 0
    endloop
  endfacet
  facet normal 0 0 -1
    outer loop
      vertex 16.0872 9.30421 0
      vertex 22.6118 3.94889 0
      vertex 22.5178 3.92039 0
    endloop
  endfacet
  facet normal 0 0 -1
    outer loop
      vertex 22.7074 3.97118 0
      vertex 22.5172 20.8638 0
      vertex 22.5373 20.9498 0
    endloop
  endfacet
  facet normal 0 0 -1
    outer loop
      vertex 22.7074 3.97118 0
      vertex 22.4916 20.7793 0
      vertex 22.5172 20.8638 0
    endloop
  endfacet
  facet normal 0 0 -1
    outer loop
      vertex 22.7074 3.97118 0
      vertex 22.4604 20.6966 0
      vertex 22.4916 20.7793 0
    endloop
  endfacet
  facet normal 0 0 -1
    outer loop
      vertex 16.0712 9.20736 0
      vertex 22.5178 3.92039 0
      vertex 22.426 3.88582 0
    endloop
  endfacet
  facet normal 0 0 -1
    outer loop
      vertex 22.7074 3.97118 0
      vertex 22.424 20.6161 0
      vertex 22.4604 20.6966 0
    endloop
  endfacet
  facet normal 0 0 -1
    outer loop
      vertex 22.7074 3.97118 0
      vertex 22.3823 20.5382 0
      vertex 22.424 20.6161 0
    endloop
  endfacet
  facet normal 0 0 -1
    outer loop
      vertex 16.0489 9.11177 0
      vertex 22.426 3.88582 0
      vertex 22.3366 3.84531 0
    endloop
  endfacet
  facet normal 0 0 -1
    outer loop
      vertex 22.7074 3.97118 0
      vertex 22.3357 20.4632 0
      vertex 22.3823 20.5382 0
    endloop
  endfacet
  facet normal 0 0 -1
    outer loop
      vertex 22.7074 3.97118 0
      vertex 22.2842 20.3914 0
      vertex 22.3357 20.4632 0
    endloop
  endfacet
  facet normal 0 0 -1
    outer loop
      vertex 16.0204 9.01784 0
      vertex 22.3366 3.84531 0
      vertex 22.25 3.79904 0
    endloop
  endfacet
  facet normal 0 0 -1
    outer loop
      vertex 22.7074 3.97118 0
      vertex 22.2282 20.3231 0
      vertex 22.2842 20.3914 0
    endloop
  endfacet
  facet normal 0 0 -1
    outer loop
      vertex 22.7074 3.97118 0
      vertex 22.1678 20.2586 0
      vertex 22.2282 20.3231 0
    endloop
  endfacet
  facet normal 0 0 -1
    outer loop
      vertex 16.0204 9.01784 0
      vertex 22.25 3.79904 0
      vertex 22.1666 3.7472 0
    endloop
  endfacet
  facet normal 0 0 -1
    outer loop
      vertex 22.7074 3.97118 0
      vertex 22.1033 20.1982 0
      vertex 22.1678 20.2586 0
    endloop
  endfacet
  facet normal 0 0 -1
    outer loop
      vertex 16.0204 9.01784 0
      vertex 22.1666 3.7472 0
      vertex 22.0869 3.69003 0
    endloop
  endfacet
  facet normal 0 0 -1
    outer loop
      vertex 22.7074 3.97118 0
      vertex 22.035 20.1422 0
      vertex 22.1033 20.1982 0
    endloop
  endfacet
  facet normal 0 0 -1
    outer loop
      vertex 16.0204 9.01784 0
      vertex 22.0869 3.69003 0
      vertex 22.011 3.62776 0
    endloop
  endfacet
  facet normal 0 0 -1
    outer loop
      vertex 22.7074 3.97118 0
      vertex 21.9632 20.0907 0
      vertex 22.035 20.1422 0
    endloop
  endfacet
  facet normal 0 0 -1
    outer loop
      vertex 16.0204 9.01784 0
      vertex 22.011 3.62776 0
      vertex 21.9393 3.56066 0
    endloop
  endfacet
  facet normal 0 0 -1
    outer loop
      vertex 22.7074 3.97118 0
      vertex 21.8882 20.0441 0
      vertex 21.9632 20.0907 0
    endloop
  endfacet
  facet normal 0 0 -1
    outer loop
      vertex 16.0204 9.01784 0
      vertex 21.9393 3.56066 0
      vertex 21.8722 3.48902 0
    endloop
  endfacet
  facet normal 0 0 -1
    outer loop
      vertex 22.7074 3.97118 0
      vertex 21.8103 20.0024 0
      vertex 21.8882 20.0441 0
    endloop
  endfacet
  facet normal 0 0 -1
    outer loop
      vertex 16.0204 9.01784 0
      vertex 21.8722 3.48902 0
      vertex 21.81 3.41314 0
    endloop
  endfacet
  facet normal 0 0 -1
    outer loop
      vertex 16.0204 9.01784 0
      vertex 21.81 3.41314 0
      vertex 21.7528 3.33335 0
    endloop
  endfacet
  facet normal 0 0 -1
    outer loop
      vertex 22.7074 3.97118 0
      vertex 21.7298 19.966 0
      vertex 21.8103 20.0024 0
    endloop
  endfacet
  facet normal 0 0 -1
    outer loop
      vertex 16.0204 9.01784 0
      vertex 21.7528 3.33335 0
      vertex 21.701 3.25 0
    endloop
  endfacet
  facet normal 0 0 -1
    outer loop
      vertex 16.0204 9.01784 0
      vertex 21.701 3.25 0
      vertex 21.6547 3.16343 0
    endloop
  endfacet
  facet normal 0 0 -1
    outer loop
      vertex 22.7074 3.97118 0
      vertex 21.6471 19.9348 0
      vertex 21.7298 19.966 0
    endloop
  endfacet
  facet normal 0 0 -1
    outer loop
      vertex 16.0204 9.01784 0
      vertex 21.6547 3.16343 0
      vertex 21.6142 3.07402 0
    endloop
  endfacet
  facet normal 0 0 -1
    outer loop
      vertex 16.0204 9.01784 0
      vertex 21.6142 3.07402 0
      vertex 21.5796 2.98216 0
    endloop
  endfacet
  facet normal 0 0 -1
    outer loop
      vertex 16.1 14.5 0
      vertex 22.7074 3.97118 0
      vertex 16.1 9.5 0
    endloop
  endfacet
  facet normal 0 0 -1
    outer loop
      vertex 16.0204 9.01784 0
      vertex 21.5796 2.98216 0
      vertex 21.5511 2.88823 0
    endloop
  endfacet
  facet normal 0 0 -1
    outer loop
      vertex 16.0204 9.01784 0
      vertex 21.5511 2.88823 0
      vertex 21.5288 2.79263 0
    endloop
  endfacet
  facet normal 0 0 -1
    outer loop
      vertex 16.0204 9.01784 0
      vertex 21.5288 2.79263 0
      vertex 21.5128 2.69579 0
    endloop
  endfacet
  facet normal 0 0 -1
    outer loop
      vertex 16.0204 9.01784 0
      vertex 21.5128 2.69579 0
      vertex 21.5032 2.5981 0
    endloop
  endfacet
  facet normal 0 0 -1
    outer loop
      vertex 16.0204 9.01784 0
      vertex 21.5032 2.5981 0
      vertex 21.5 2.5 0
    endloop
  endfacet
  facet normal 0 0 -1
    outer loop
      vertex 22.7074 3.97118 0
      vertex 21.5626 19.9092 0
      vertex 21.6471 19.9348 0
    endloop
  endfacet
  facet normal -0 0 -1
    outer loop
      vertex 21.8722 -3.48902 0
      vertex 15.69 -8.58686 0
      vertex 21.81 -3.41314 0
    endloop
  endfacet
  facet normal 0 0 -1
    outer loop
      vertex 16 -14.5 0
      vertex 21.4766 -19.8891 0
      vertex 21.3894 -19.8748 0
    endloop
  endfacet
  facet normal 0 0 -1
    outer loop
      vertex 22.426 3.88582 0
      vertex 16.0489 9.11177 0
      vertex 16.0712 9.20736 0
    endloop
  endfacet
  facet normal 0 0 -1
    outer loop
      vertex 16 -14.5 0
      vertex 21.3894 -19.8748 0
      vertex 21.3015 -19.8661 0
    endloop
  endfacet
  facet normal 0 0 -1
    outer loop
      vertex 22.5178 3.92039 0
      vertex 16.0712 9.20736 0
      vertex 16.0872 9.30421 0
    endloop
  endfacet
  facet normal 0 0 -1
    outer loop
      vertex 16 -14.5 0
      vertex 21.3015 -19.8661 0
      vertex 21.2132 -19.8632 0
    endloop
  endfacet
  facet normal 0 0 -1
    outer loop
      vertex 22.6118 3.94889 0
      vertex 16.0872 9.30421 0
      vertex 16.0968 9.40189 0
    endloop
  endfacet
  facet normal 0 0 -1
    outer loop
      vertex 15.9968 -14.5981 0
      vertex 21.2132 -19.8632 0
      vertex 21.1249 -19.8661 0
    endloop
  endfacet
  facet normal 0 0 -1
    outer loop
      vertex 22.7074 3.97118 0
      vertex 16.0968 9.40189 0
      vertex 16.1 9.5 0
    endloop
  endfacet
  facet normal 0 0 -1
    outer loop
      vertex 15.9872 -14.6958 0
      vertex 21.1249 -19.8661 0
      vertex 21.037 -19.8748 0
    endloop
  endfacet
  facet normal 0 0 -1
    outer loop
      vertex 22.7074 3.97118 0
      vertex 16.1 14.5 0
      vertex 21.5626 19.9092 0
    endloop
  endfacet
  facet normal 0 0 -1
    outer loop
      vertex 15.9712 -14.7926 0
      vertex 21.037 -19.8748 0
      vertex 20.9498 -19.8891 0
    endloop
  endfacet
  facet normal 0 0 -1
    outer loop
      vertex 21.5626 19.9092 0
      vertex 16.1 14.5 0
      vertex 21.4766 19.8891 0
    endloop
  endfacet
  facet normal 0 0 -1
    outer loop
      vertex 15.9489 -14.8882 0
      vertex 20.9498 -19.8891 0
      vertex 20.8638 -19.9092 0
    endloop
  endfacet
  facet normal 0 0 -1
    outer loop
      vertex 21.4766 19.8891 0
      vertex 16.1 14.5 0
      vertex 21.3894 19.8748 0
    endloop
  endfacet
  facet normal 0 0 -1
    outer loop
      vertex 15.9204 -14.9822 0
      vertex 20.8638 -19.9092 0
      vertex 20.7793 -19.9348 0
    endloop
  endfacet
  facet normal 0 0 -1
    outer loop
      vertex 21.3894 19.8748 0
      vertex 16.1 14.5 0
      vertex 21.3015 19.8661 0
    endloop
  endfacet
  facet normal 0 0 -1
    outer loop
      vertex 15.8858 -15.074 0
      vertex 20.7793 -19.9348 0
      vertex 20.6966 -19.966 0
    endloop
  endfacet
  facet normal 0 0 -1
    outer loop
      vertex 21.3015 19.8661 0
      vertex 16.1 14.5 0
      vertex 21.2132 19.8632 0
    endloop
  endfacet
  facet normal 0 0 -1
    outer loop
      vertex 15.8453 -15.1634 0
      vertex 20.6966 -19.966 0
      vertex 20.6161 -20.0024 0
    endloop
  endfacet
  facet normal 0 0 -1
    outer loop
      vertex 16.0968 14.5981 0
      vertex 21.2132 19.8632 0
      vertex 16.1 14.5 0
    endloop
  endfacet
  facet normal 0 0 -1
    outer loop
      vertex 15.799 -15.25 0
      vertex 20.6161 -20.0024 0
      vertex 20.5382 -20.0441 0
    endloop
  endfacet
  facet normal -0 0 -1
    outer loop
      vertex 21.2132 19.8632 0
      vertex 16.0968 14.5981 0
      vertex 21.1249 19.8661 0
    endloop
  endfacet
  facet normal 0 0 -1
    outer loop
      vertex 15.7472 -15.3334 0
      vertex 20.5382 -20.0441 0
      vertex 20.4632 -20.0907 0
    endloop
  endfacet
  facet normal 0 0 -1
    outer loop
      vertex 16.0872 14.6958 0
      vertex 21.1249 19.8661 0
      vertex 16.0968 14.5981 0
    endloop
  endfacet
  facet normal 0 0 -1
    outer loop
      vertex 15.7472 -15.3334 0
      vertex 20.4632 -20.0907 0
      vertex 20.3914 -20.1422 0
    endloop
  endfacet
  facet normal 0 0 -1
    outer loop
      vertex 16.0712 14.7926 0
      vertex 21.037 19.8748 0
      vertex 16.0872 14.6958 0
    endloop
  endfacet
  facet normal 0 0 -1
    outer loop
      vertex 15.69 -15.4131 0
      vertex 20.3914 -20.1422 0
      vertex 20.3231 -20.1982 0
    endloop
  endfacet
  facet normal -0 0 -1
    outer loop
      vertex 21.037 19.8748 0
      vertex 16.0712 14.7926 0
      vertex 20.9498 19.8891 0
    endloop
  endfacet
  facet normal 0 0 -1
    outer loop
      vertex 15.6278 -15.489 0
      vertex 20.3231 -20.1982 0
      vertex 20.2586 -20.2586 0
    endloop
  endfacet
  facet normal 0 0 -1
    outer loop
      vertex 16.0489 14.8882 0
      vertex 20.9498 19.8891 0
      vertex 16.0712 14.7926 0
    endloop
  endfacet
  facet normal 0 0 -1
    outer loop
      vertex 15.5607 -15.5607 0
      vertex 20.2586 -20.2586 0
      vertex 20.1982 -20.3231 0
    endloop
  endfacet
  facet normal -0 0 -1
    outer loop
      vertex 20.9498 19.8891 0
      vertex 16.0489 14.8882 0
      vertex 20.8638 19.9092 0
    endloop
  endfacet
  facet normal 0 0 -1
    outer loop
      vertex 15.489 -15.6278 0
      vertex 20.1982 -20.3231 0
      vertex 20.1422 -20.3914 0
    endloop
  endfacet
  facet normal 0 0 -1
    outer loop
      vertex 16.0204 14.9822 0
      vertex 20.8638 19.9092 0
      vertex 16.0489 14.8882 0
    endloop
  endfacet
  facet normal 0 0 -1
    outer loop
      vertex 15.4131 -15.69 0
      vertex 20.1422 -20.3914 0
      vertex 20.0907 -20.4632 0
    endloop
  endfacet
  facet normal -0 0 -1
    outer loop
      vertex 20.8638 19.9092 0
      vertex 16.0204 14.9822 0
      vertex 20.7793 19.9348 0
    endloop
  endfacet
  facet normal 0 0 -1
    outer loop
      vertex 15.3334 -15.7472 0
      vertex 20.0907 -20.4632 0
      vertex 20.0441 -20.5382 0
    endloop
  endfacet
  facet normal 0 0 -1
    outer loop
      vertex 15.9858 15.074 0
      vertex 20.7793 19.9348 0
      vertex 16.0204 14.9822 0
    endloop
  endfacet
  facet normal 0 0 -1
    outer loop
      vertex 15.25 -15.799 0
      vertex 20.0441 -20.5382 0
      vertex 20.0024 -20.6161 0
    endloop
  endfacet
  facet normal -0 0 -1
    outer loop
      vertex 20.7793 19.9348 0
      vertex 15.9858 15.074 0
      vertex 20.6966 19.966 0
    endloop
  endfacet
  facet normal 0 0 -1
    outer loop
      vertex 15.1634 -15.8453 0
      vertex 20.0024 -20.6161 0
      vertex 19.966 -20.6966 0
    endloop
  endfacet
  facet normal 0 0 -1
    outer loop
      vertex 15.9453 15.1634 0
      vertex 20.6966 19.966 0
      vertex 15.9858 15.074 0
    endloop
  endfacet
  facet normal 0 0 -1
    outer loop
      vertex 15.074 -15.8858 0
      vertex 19.966 -20.6966 0
      vertex 19.9348 -20.7793 0
    endloop
  endfacet
  facet normal -0 0 -1
    outer loop
      vertex 20.6966 19.966 0
      vertex 15.9453 15.1634 0
      vertex 20.6161 20.0024 0
    endloop
  endfacet
  facet normal 0 0 -1
    outer loop
      vertex 14.9822 -15.9204 0
      vertex 19.9348 -20.7793 0
      vertex 19.9092 -20.8638 0
    endloop
  endfacet
  facet normal 0 0 -1
    outer loop
      vertex 15.899 15.25 0
      vertex 20.6161 20.0024 0
      vertex 15.9453 15.1634 0
    endloop
  endfacet
  facet normal 0 0 -1
    outer loop
      vertex 14.8882 -15.9489 0
      vertex 19.9092 -20.8638 0
      vertex 19.8891 -20.9498 0
    endloop
  endfacet
  facet normal -0 0 -1
    outer loop
      vertex 20.6161 20.0024 0
      vertex 15.899 15.25 0
      vertex 20.5382 20.0441 0
    endloop
  endfacet
  facet normal 0 0 -1
    outer loop
      vertex 14.7926 -15.9712 0
      vertex 19.8891 -20.9498 0
      vertex 19.8748 -21.037 0
    endloop
  endfacet
  facet normal 0 0 -1
    outer loop
      vertex 15.8472 15.3334 0
      vertex 20.5382 20.0441 0
      vertex 15.899 15.25 0
    endloop
  endfacet
  facet normal 0 0 -1
    outer loop
      vertex 14.6958 -15.9872 0
      vertex 19.8748 -21.037 0
      vertex 19.8661 -21.1249 0
    endloop
  endfacet
  facet normal -0 0 -1
    outer loop
      vertex 20.5382 20.0441 0
      vertex 15.8472 15.3334 0
      vertex 20.4632 20.0907 0
    endloop
  endfacet
  facet normal 0 0 -1
    outer loop
      vertex 14.5981 -15.9968 0
      vertex 19.8661 -21.1249 0
      vertex 19.8632 -21.2132 0
    endloop
  endfacet
  facet normal 0 0 -1
    outer loop
      vertex 15.79 15.4131 0
      vertex 20.4632 20.0907 0
      vertex 15.8472 15.3334 0
    endloop
  endfacet
  facet normal 0 0 -1
    outer loop
      vertex 24.5 -2.5 0
      vertex 35 0 0
      vertex 34.9251 -2.28911 0
    endloop
  endfacet
  facet normal 0 0 -1
    outer loop
      vertex 24.4968 -2.5981 0
      vertex 34.9251 -2.28911 0
      vertex 34.7006 -4.56842 0
    endloop
  endfacet
  facet normal 0 0 -1
    outer loop
      vertex 24.5 2.5 0
      vertex 35 0 0
      vertex 24.5 -2.5 0
    endloop
  endfacet
  facet normal 0 0 -1
    outer loop
      vertex 24.4204 -2.98216 0
      vertex 34.7006 -4.56842 0
      vertex 34.3275 -6.82816 0
    endloop
  endfacet
  facet normal 0 0 -1
    outer loop
      vertex 35 0 0
      vertex 24.5 2.5 0
      vertex 34.9251 2.28911 0
    endloop
  endfacet
  facet normal 0 0 -1
    outer loop
      vertex 24.19 -3.41314 0
      vertex 34.3275 -6.82816 0
      vertex 33.8074 -9.05867 0
    endloop
  endfacet
  facet normal 0 0 -1
    outer loop
      vertex 24.4968 2.5981 0
      vertex 34.9251 2.28911 0
      vertex 24.5 2.5 0
    endloop
  endfacet
  facet normal 0 0 -1
    outer loop
      vertex 23.9131 -3.69003 0
      vertex 33.8074 -9.05867 0
      vertex 33.1426 -11.2504 0
    endloop
  endfacet
  facet normal 0 0 -1
    outer loop
      vertex 34.9251 2.28911 0
      vertex 24.4968 2.5981 0
      vertex 34.7006 4.56842 0
    endloop
  endfacet
  facet normal 0 0 -1
    outer loop
      vertex 23.6634 -3.84531 0
      vertex 33.1426 -11.2504 0
      vertex 32.3358 -13.3939 0
    endloop
  endfacet
  facet normal 0 0 -1
    outer loop
      vertex 24.4872 2.69579 0
      vertex 34.7006 4.56842 0
      vertex 24.4968 2.5981 0
    endloop
  endfacet
  facet normal 0 0 -1
    outer loop
      vertex 23.3882 -3.94889 0
      vertex 32.3358 -13.3939 0
      vertex 31.3905 -15.4801 0
    endloop
  endfacet
  facet normal 0 0 -1
    outer loop
      vertex 24.4712 2.79263 0
      vertex 34.7006 4.56842 0
      vertex 24.4872 2.69579 0
    endloop
  endfacet
  facet normal 0 0 -1
    outer loop
      vertex 21.7298 -19.966 0
      vertex 31.3905 -15.4801 0
      vertex 30.3109 -17.5 0
    endloop
  endfacet
  facet normal 0 0 -1
    outer loop
      vertex 24.4489 2.88823 0
      vertex 34.7006 4.56842 0
      vertex 24.4712 2.79263 0
    endloop
  endfacet
  facet normal 0 0 -1
    outer loop
      vertex 21.9632 -20.0907 0
      vertex 30.3109 -17.5 0
      vertex 29.1014 -19.445 0
    endloop
  endfacet
  facet normal 0 0 -1
    outer loop
      vertex 24.4204 2.98216 0
      vertex 34.7006 4.56842 0
      vertex 24.4489 2.88823 0
    endloop
  endfacet
  facet normal 0 0 -1
    outer loop
      vertex 22.3357 -20.4632 0
      vertex 29.1014 -19.445 0
      vertex 27.7674 -21.3066 0
    endloop
  endfacet
  facet normal -0 0 -1
    outer loop
      vertex 34.7006 4.56842 0
      vertex 24.4204 2.98216 0
      vertex 34.3275 6.82816 0
    endloop
  endfacet
  facet normal 0 0 -1
    outer loop
      vertex 22.5517 -21.037 0
      vertex 27.7674 -21.3066 0
      vertex 26.3144 -23.0771 0
    endloop
  endfacet
  facet normal 0 0 -1
    outer loop
      vertex 24.3858 3.07402 0
      vertex 34.3275 6.82816 0
      vertex 24.4204 2.98216 0
    endloop
  endfacet
  facet normal 0 0 -1
    outer loop
      vertex 22.424 -21.8103 0
      vertex 26.3144 -23.0771 0
      vertex 24.7487 -24.7487 0
    endloop
  endfacet
  facet normal 0 0 -1
    outer loop
      vertex 24.3453 3.16343 0
      vertex 34.3275 6.82816 0
      vertex 24.3858 3.07402 0
    endloop
  endfacet
  facet normal 0 0 -1
    outer loop
      vertex 24.299 3.25 0
      vertex 34.3275 6.82816 0
      vertex 24.3453 3.16343 0
    endloop
  endfacet
  facet normal 0 0 -1
    outer loop
      vertex 34.9251 -2.28911 0
      vertex 24.4968 -2.5981 0
      vertex 24.5 -2.5 0
    endloop
  endfacet
  facet normal 0 0 -1
    outer loop
      vertex 34.7006 -4.56842 0
      vertex 24.4872 -2.69579 0
      vertex 24.4968 -2.5981 0
    endloop
  endfacet
  facet normal 0 0 -1
    outer loop
      vertex 34.7006 -4.56842 0
      vertex 24.4712 -2.79263 0
      vertex 24.4872 -2.69579 0
    endloop
  endfacet
  facet normal 0 0 -1
    outer loop
      vertex 34.7006 -4.56842 0
      vertex 24.4489 -2.88823 0
      vertex 24.4712 -2.79263 0
    endloop
  endfacet
  facet normal 0 0 -1
    outer loop
      vertex 34.7006 -4.56842 0
      vertex 24.4204 -2.98216 0
      vertex 24.4489 -2.88823 0
    endloop
  endfacet
  facet normal 0 0 -1
    outer loop
      vertex 34.3275 -6.82816 0
      vertex 24.3858 -3.07402 0
      vertex 24.4204 -2.98216 0
    endloop
  endfacet
  facet normal 0 0 -1
    outer loop
      vertex 34.3275 -6.82816 0
      vertex 24.3453 -3.16343 0
      vertex 24.3858 -3.07402 0
    endloop
  endfacet
  facet normal 0 0 -1
    outer loop
      vertex 34.3275 -6.82816 0
      vertex 24.299 -3.25 0
      vertex 24.3453 -3.16343 0
    endloop
  endfacet
  facet normal 0 0 -1
    outer loop
      vertex 34.3275 -6.82816 0
      vertex 24.2472 -3.33335 0
      vertex 24.299 -3.25 0
    endloop
  endfacet
  facet normal 0 0 -1
    outer loop
      vertex 27.7674 -21.3066 0
      vertex 22.4604 -20.6966 0
      vertex 22.424 -20.6161 0
    endloop
  endfacet
  facet normal 0 0 -1
    outer loop
      vertex 34.3275 -6.82816 0
      vertex 24.19 -3.41314 0
      vertex 24.2472 -3.33335 0
    endloop
  endfacet
  facet normal 0 0 -1
    outer loop
      vertex 27.7674 -21.3066 0
      vertex 22.424 -20.6161 0
      vertex 22.3823 -20.5382 0
    endloop
  endfacet
  facet normal 0 0 -1
    outer loop
      vertex 33.8074 -9.05867 0
      vertex 24.1278 -3.48902 0
      vertex 24.19 -3.41314 0
    endloop
  endfacet
  facet normal 0 0 -1
    outer loop
      vertex 27.7674 -21.3066 0
      vertex 22.3823 -20.5382 0
      vertex 22.3357 -20.4632 0
    endloop
  endfacet
  facet normal 0 0 -1
    outer loop
      vertex 33.8074 -9.05867 0
      vertex 24.0607 -3.56066 0
      vertex 24.1278 -3.48902 0
    endloop
  endfacet
  facet normal 0 0 -1
    outer loop
      vertex 29.1014 -19.445 0
      vertex 22.3357 -20.4632 0
      vertex 22.2842 -20.3914 0
    endloop
  endfacet
  facet normal 0 0 -1
    outer loop
      vertex 33.8074 -9.05867 0
      vertex 23.989 -3.62776 0
      vertex 24.0607 -3.56066 0
    endloop
  endfacet
  facet normal 0 0 -1
    outer loop
      vertex 29.1014 -19.445 0
      vertex 22.2842 -20.3914 0
      vertex 22.2282 -20.3231 0
    endloop
  endfacet
  facet normal 0 0 -1
    outer loop
      vertex 33.8074 -9.05867 0
      vertex 23.9131 -3.69003 0
      vertex 23.989 -3.62776 0
    endloop
  endfacet
  facet normal 0 0 -1
    outer loop
      vertex 29.1014 -19.445 0
      vertex 22.2282 -20.3231 0
      vertex 22.1678 -20.2586 0
    endloop
  endfacet
  facet normal 0 0 -1
    outer loop
      vertex 33.1426 -11.2504 0
      vertex 23.8334 -3.7472 0
      vertex 23.9131 -3.69003 0
    endloop
  endfacet
  facet normal 0 0 -1
    outer loop
      vertex 29.1014 -19.445 0
      vertex 22.1678 -20.2586 0
      vertex 22.1033 -20.1982 0
    endloop
  endfacet
  facet normal 0 0 -1
    outer loop
      vertex 33.1426 -11.2504 0
      vertex 23.75 -3.79904 0
      vertex 23.8334 -3.7472 0
    endloop
  endfacet
  facet normal 0 0 -1
    outer loop
      vertex 21.8103 -22.424 0
      vertex 24.7487 -24.7487 0
      vertex 23.0771 -26.3144 0
    endloop
  endfacet
  facet normal 0 0 -1
    outer loop
      vertex 26.3144 -23.0771 0
      vertex 22.5603 -21.1249 0
      vertex 22.5517 -21.037 0
    endloop
  endfacet
  facet normal 0 0 -1
    outer loop
      vertex 27.7674 -21.3066 0
      vertex 22.5517 -21.037 0
      vertex 22.5373 -20.9498 0
    endloop
  endfacet
  facet normal 0 0 -1
    outer loop
      vertex 27.7674 -21.3066 0
      vertex 22.5373 -20.9498 0
      vertex 22.5172 -20.8638 0
    endloop
  endfacet
  facet normal 0 0 -1
    outer loop
      vertex 27.7674 -21.3066 0
      vertex 22.5172 -20.8638 0
      vertex 22.4916 -20.7793 0
    endloop
  endfacet
  facet normal 0 0 -1
    outer loop
      vertex 27.7674 -21.3066 0
      vertex 22.4916 -20.7793 0
      vertex 22.4604 -20.6966 0
    endloop
  endfacet
  facet normal 0 0 -1
    outer loop
      vertex 26.3144 -23.0771 0
      vertex 22.5632 -21.2132 0
      vertex 22.5603 -21.1249 0
    endloop
  endfacet
  facet normal 0 0 -1
    outer loop
      vertex 26.3144 -23.0771 0
      vertex 22.5603 -21.3015 0
      vertex 22.5632 -21.2132 0
    endloop
  endfacet
  facet normal 0 0 -1
    outer loop
      vertex 26.3144 -23.0771 0
      vertex 22.5517 -21.3894 0
      vertex 22.5603 -21.3015 0
    endloop
  endfacet
  facet normal 0 0 -1
    outer loop
      vertex 26.3144 -23.0771 0
      vertex 22.5373 -21.4766 0
      vertex 22.5517 -21.3894 0
    endloop
  endfacet
  facet normal 0 0 -1
    outer loop
      vertex 26.3144 -23.0771 0
      vertex 22.5172 -21.5626 0
      vertex 22.5373 -21.4766 0
    endloop
  endfacet
  facet normal 0 0 -1
    outer loop
      vertex 26.3144 -23.0771 0
      vertex 22.4916 -21.6471 0
      vertex 22.5172 -21.5626 0
    endloop
  endfacet
  facet normal 0 0 -1
    outer loop
      vertex 26.3144 -23.0771 0
      vertex 22.4604 -21.7298 0
      vertex 22.4916 -21.6471 0
    endloop
  endfacet
  facet normal 0 0 -1
    outer loop
      vertex 26.3144 -23.0771 0
      vertex 22.424 -21.8103 0
      vertex 22.4604 -21.7298 0
    endloop
  endfacet
  facet normal 0 0 -1
    outer loop
      vertex 24.7487 -24.7487 0
      vertex 22.3823 -21.8882 0
      vertex 22.424 -21.8103 0
    endloop
  endfacet
  facet normal 0 0 -1
    outer loop
      vertex 24.7487 -24.7487 0
      vertex 22.3357 -21.9632 0
      vertex 22.3823 -21.8882 0
    endloop
  endfacet
  facet normal 0 0 -1
    outer loop
      vertex 24.7487 -24.7487 0
      vertex 22.2842 -22.035 0
      vertex 22.3357 -21.9632 0
    endloop
  endfacet
  facet normal 0 0 -1
    outer loop
      vertex 24.7487 -24.7487 0
      vertex 22.2282 -22.1033 0
      vertex 22.2842 -22.035 0
    endloop
  endfacet
  facet normal 0 0 -1
    outer loop
      vertex 24.7487 -24.7487 0
      vertex 22.1678 -22.1678 0
      vertex 22.2282 -22.1033 0
    endloop
  endfacet
  facet normal 0 0 -1
    outer loop
      vertex 24.7487 -24.7487 0
      vertex 22.1033 -22.2282 0
      vertex 22.1678 -22.1678 0
    endloop
  endfacet
  facet normal 0 0 -1
    outer loop
      vertex 24.7487 -24.7487 0
      vertex 22.035 -22.2842 0
      vertex 22.1033 -22.2282 0
    endloop
  endfacet
  facet normal 0 0 -1
    outer loop
      vertex 24.7487 -24.7487 0
      vertex 21.9632 -22.3357 0
      vertex 22.035 -22.2842 0
    endloop
  endfacet
  facet normal 0 0 -1
    outer loop
      vertex 24.7487 -24.7487 0
      vertex 21.8882 -22.3823 0
      vertex 21.9632 -22.3357 0
    endloop
  endfacet
  facet normal 0 0 -1
    outer loop
      vertex 24.7487 -24.7487 0
      vertex 21.8103 -22.424 0
      vertex 21.8882 -22.3823 0
    endloop
  endfacet
  facet normal 0 0 -1
    outer loop
      vertex 23.0771 -26.3144 0
      vertex 21.7298 -22.4604 0
      vertex 21.8103 -22.424 0
    endloop
  endfacet
  facet normal 0 0 -1
    outer loop
      vertex 23.0771 -26.3144 0
      vertex 21.6471 -22.4916 0
      vertex 21.7298 -22.4604 0
    endloop
  endfacet
  facet normal 0 0 -1
    outer loop
      vertex 23.0771 -26.3144 0
      vertex 21.5626 -22.5172 0
      vertex 21.6471 -22.4916 0
    endloop
  endfacet
  facet normal 0 0 -1
    outer loop
      vertex 23.0771 -26.3144 0
      vertex 21.4766 -22.5373 0
      vertex 21.5626 -22.5172 0
    endloop
  endfacet
  facet normal 0 0 -1
    outer loop
      vertex 23.0771 -26.3144 0
      vertex 21.3894 -22.5517 0
      vertex 21.4766 -22.5373 0
    endloop
  endfacet
  facet normal 0 0 -1
    outer loop
      vertex 21.037 -22.5517 0
      vertex 23.0771 -26.3144 0
      vertex 21.3066 -27.7674 0
    endloop
  endfacet
  facet normal 0 0 -1
    outer loop
      vertex 23.0771 -26.3144 0
      vertex 21.3015 -22.5603 0
      vertex 21.3894 -22.5517 0
    endloop
  endfacet
  facet normal 0 0 -1
    outer loop
      vertex 23.0771 -26.3144 0
      vertex 21.2132 -22.5632 0
      vertex 21.3015 -22.5603 0
    endloop
  endfacet
  facet normal 0 0 -1
    outer loop
      vertex 23.0771 -26.3144 0
      vertex 21.1249 -22.5603 0
      vertex 21.2132 -22.5632 0
    endloop
  endfacet
  facet normal 0 0 -1
    outer loop
      vertex 23.0771 -26.3144 0
      vertex 21.037 -22.5517 0
      vertex 21.1249 -22.5603 0
    endloop
  endfacet
  facet normal 0 0 -1
    outer loop
      vertex 21.3066 -27.7674 0
      vertex 20.9498 -22.5373 0
      vertex 21.037 -22.5517 0
    endloop
  endfacet
  facet normal 0 0 -1
    outer loop
      vertex 21.3066 -27.7674 0
      vertex 20.8638 -22.5172 0
      vertex 20.9498 -22.5373 0
    endloop
  endfacet
  facet normal 0 0 -1
    outer loop
      vertex 21.3066 -27.7674 0
      vertex 20.7793 -22.4916 0
      vertex 20.8638 -22.5172 0
    endloop
  endfacet
  facet normal 0 0 -1
    outer loop
      vertex 21.3066 -27.7674 0
      vertex 20.6966 -22.4604 0
      vertex 20.7793 -22.4916 0
    endloop
  endfacet
  facet normal 0 0 -1
    outer loop
      vertex 21.3066 -27.7674 0
      vertex 20.6161 -22.424 0
      vertex 20.6966 -22.4604 0
    endloop
  endfacet
  facet normal 0 0 -1
    outer loop
      vertex 21.3066 -27.7674 0
      vertex 20.5382 -22.3823 0
      vertex 20.6161 -22.424 0
    endloop
  endfacet
  facet normal 0 0 -1
    outer loop
      vertex 21.3066 -27.7674 0
      vertex 20.4632 -22.3357 0
      vertex 20.5382 -22.3823 0
    endloop
  endfacet
  facet normal 0 0 -1
    outer loop
      vertex 19.445 -29.1014 0
      vertex 20.4632 -22.3357 0
      vertex 21.3066 -27.7674 0
    endloop
  endfacet
  facet normal -0 0 -1
    outer loop
      vertex 20.4632 -22.3357 0
      vertex 19.445 -29.1014 0
      vertex 20.3914 -22.2842 0
    endloop
  endfacet
  facet normal -0 0 -1
    outer loop
      vertex 20.3914 -22.2842 0
      vertex 19.445 -29.1014 0
      vertex 20.3231 -22.2282 0
    endloop
  endfacet
  facet normal -0 0 -1
    outer loop
      vertex 20.3231 -22.2282 0
      vertex 19.445 -29.1014 0
      vertex 20.2586 -22.1678 0
    endloop
  endfacet
  facet normal -0 0 -1
    outer loop
      vertex 20.2586 -22.1678 0
      vertex 19.445 -29.1014 0
      vertex 20.1982 -22.1033 0
    endloop
  endfacet
  facet normal -0 0 -1
    outer loop
      vertex 20.1982 -22.1033 0
      vertex 19.445 -29.1014 0
      vertex 20.1422 -22.035 0
    endloop
  endfacet
  facet normal -0 0 -1
    outer loop
      vertex 20.1422 -22.035 0
      vertex 19.445 -29.1014 0
      vertex 20.0907 -21.9632 0
    endloop
  endfacet
  facet normal 0 0 -1
    outer loop
      vertex 17.5 -30.3109 0
      vertex 20.0907 -21.9632 0
      vertex 19.445 -29.1014 0
    endloop
  endfacet
  facet normal -0 0 -1
    outer loop
      vertex 20.0907 -21.9632 0
      vertex 17.5 -30.3109 0
      vertex 20.0441 -21.8882 0
    endloop
  endfacet
  facet normal -0 0 -1
    outer loop
      vertex 20.0441 -21.8882 0
      vertex 17.5 -30.3109 0
      vertex 20.0024 -21.8103 0
    endloop
  endfacet
  facet normal -0 0 -1
    outer loop
      vertex 20.0024 -21.8103 0
      vertex 17.5 -30.3109 0
      vertex 19.966 -21.7298 0
    endloop
  endfacet
  facet normal 0 0 -1
    outer loop
      vertex 7 -25.1 0
      vertex 17.5 -30.3109 0
      vertex 15.4801 -31.3905 0
    endloop
  endfacet
  facet normal 0 0 -1
    outer loop
      vertex 7 -25.1 0
      vertex 19.8891 -21.4766 0
      vertex 19.9092 -21.5626 0
    endloop
  endfacet
  facet normal -0 0 -1
    outer loop
      vertex 14.3042 -15.9872 0
      vertex 7 -25.1 0
      vertex 14.2074 -15.9712 0
    endloop
  endfacet
  facet normal -0 0 -1
    outer loop
      vertex 19.9348 -21.6471 0
      vertex 7 -25.1 0
      vertex 19.9092 -21.5626 0
    endloop
  endfacet
  facet normal -0 0 -1
    outer loop
      vertex 19.966 -21.7298 0
      vertex 7 -25.1 0
      vertex 19.9348 -21.6471 0
    endloop
  endfacet
  facet normal 0 0 -1
    outer loop
      vertex 17.5 -30.3109 0
      vertex 7 -25.1 0
      vertex 19.966 -21.7298 0
    endloop
  endfacet
  facet normal 0 0 -1
    outer loop
      vertex 24.2472 3.33335 0
      vertex 34.3275 6.82816 0
      vertex 24.299 3.25 0
    endloop
  endfacet
  facet normal 0 0 -1
    outer loop
      vertex 24.19 3.41314 0
      vertex 34.3275 6.82816 0
      vertex 24.2472 3.33335 0
    endloop
  endfacet
  facet normal -0 0 -1
    outer loop
      vertex 34.3275 6.82816 0
      vertex 24.19 3.41314 0
      vertex 33.8074 9.05867 0
    endloop
  endfacet
  facet normal 0 0 -1
    outer loop
      vertex 24.1278 3.48902 0
      vertex 33.8074 9.05867 0
      vertex 24.19 3.41314 0
    endloop
  endfacet
  facet normal 0 0 -1
    outer loop
      vertex 24.0607 3.56066 0
      vertex 33.8074 9.05867 0
      vertex 24.1278 3.48902 0
    endloop
  endfacet
  facet normal 0 0 -1
    outer loop
      vertex 23.989 3.62776 0
      vertex 33.8074 9.05867 0
      vertex 24.0607 3.56066 0
    endloop
  endfacet
  facet normal 0 0 -1
    outer loop
      vertex 23.9131 3.69003 0
      vertex 33.8074 9.05867 0
      vertex 23.989 3.62776 0
    endloop
  endfacet
  facet normal -0 0 -1
    outer loop
      vertex 33.8074 9.05867 0
      vertex 23.9131 3.69003 0
      vertex 33.1426 11.2504 0
    endloop
  endfacet
  facet normal 0 0 -1
    outer loop
      vertex 23.8334 3.7472 0
      vertex 33.1426 11.2504 0
      vertex 23.9131 3.69003 0
    endloop
  endfacet
  facet normal 0 0 -1
    outer loop
      vertex 23.75 3.79904 0
      vertex 33.1426 11.2504 0
      vertex 23.8334 3.7472 0
    endloop
  endfacet
  facet normal 0 0 -1
    outer loop
      vertex 23.6634 3.84531 0
      vertex 33.1426 11.2504 0
      vertex 23.75 3.79904 0
    endloop
  endfacet
  facet normal -0 0 -1
    outer loop
      vertex 33.1426 11.2504 0
      vertex 23.6634 3.84531 0
      vertex 32.3358 13.3939 0
    endloop
  endfacet
  facet normal 0 0 -1
    outer loop
      vertex 23.574 3.88582 0
      vertex 32.3358 13.3939 0
      vertex 23.6634 3.84531 0
    endloop
  endfacet
  facet normal 0 0 -1
    outer loop
      vertex 23.4822 3.92039 0
      vertex 32.3358 13.3939 0
      vertex 23.574 3.88582 0
    endloop
  endfacet
  facet normal 0 0 -1
    outer loop
      vertex 23.3882 3.94889 0
      vertex 32.3358 13.3939 0
      vertex 23.4822 3.92039 0
    endloop
  endfacet
  facet normal -0 0 -1
    outer loop
      vertex 32.3358 13.3939 0
      vertex 23.3882 3.94889 0
      vertex 31.3905 15.4801 0
    endloop
  endfacet
  facet normal 0 0 -1
    outer loop
      vertex 22.5603 21.1249 0
      vertex 26.3144 23.0771 0
      vertex 27.7674 21.3066 0
    endloop
  endfacet
  facet normal 0 0 -1
    outer loop
      vertex 23.2926 3.97118 0
      vertex 31.3905 15.4801 0
      vertex 23.3882 3.94889 0
    endloop
  endfacet
  facet normal 0 0 -1
    outer loop
      vertex 23.1958 3.98717 0
      vertex 31.3905 15.4801 0
      vertex 23.2926 3.97118 0
    endloop
  endfacet
  facet normal 0 0 -1
    outer loop
      vertex 23.0981 3.99679 0
      vertex 31.3905 15.4801 0
      vertex 23.1958 3.98717 0
    endloop
  endfacet
  facet normal 0 0 -1
    outer loop
      vertex 22.5603 21.1249 0
      vertex 27.7674 21.3066 0
      vertex 29.1014 19.445 0
    endloop
  endfacet
  facet normal -0 0 -1
    outer loop
      vertex 31.3905 15.4801 0
      vertex 23.0981 3.99679 0
      vertex 30.3109 17.5 0
    endloop
  endfacet
  facet normal 0 0 -1
    outer loop
      vertex 23 4 0
      vertex 30.3109 17.5 0
      vertex 23.0981 3.99679 0
    endloop
  endfacet
  facet normal 0 0 -1
    outer loop
      vertex 22.5603 21.1249 0
      vertex 29.1014 19.445 0
      vertex 30.3109 17.5 0
    endloop
  endfacet
  facet normal 0 0 -1
    outer loop
      vertex 22.5603 21.3015 0
      vertex 26.3144 23.0771 0
      vertex 22.5632 21.2132 0
    endloop
  endfacet
  facet normal 0 0 -1
    outer loop
      vertex 22.5603 21.1249 0
      vertex 30.3109 17.5 0
      vertex 23 4 0
    endloop
  endfacet
  facet normal 0 0 -1
    outer loop
      vertex 22.5603 21.1249 0
      vertex 23 4 0
      vertex 22.9019 3.99679 0
    endloop
  endfacet
  facet normal 0 0 -1
    outer loop
      vertex 22.5603 21.1249 0
      vertex 22.9019 3.99679 0
      vertex 22.8042 3.98717 0
    endloop
  endfacet
  facet normal 0 0 -1
    outer loop
      vertex 22.5603 21.1249 0
      vertex 22.8042 3.98717 0
      vertex 22.7074 3.97118 0
    endloop
  endfacet
  facet normal 0 0 -1
    outer loop
      vertex 16.0968 9.40189 0
      vertex 22.7074 3.97118 0
      vertex 22.6118 3.94889 0
    endloop
  endfacet
  facet normal 0 0 -1
    outer loop
      vertex 22.5517 21.3894 0
      vertex 26.3144 23.0771 0
      vertex 22.5603 21.3015 0
    endloop
  endfacet
  facet normal 0 0 -1
    outer loop
      vertex 22.5373 21.4766 0
      vertex 26.3144 23.0771 0
      vertex 22.5517 21.3894 0
    endloop
  endfacet
  facet normal 0 0 -1
    outer loop
      vertex 22.5172 21.5626 0
      vertex 26.3144 23.0771 0
      vertex 22.5373 21.4766 0
    endloop
  endfacet
  facet normal 0 0 -1
    outer loop
      vertex 22.4916 21.6471 0
      vertex 26.3144 23.0771 0
      vertex 22.5172 21.5626 0
    endloop
  endfacet
  facet normal 0 0 -1
    outer loop
      vertex 22.4604 21.7298 0
      vertex 26.3144 23.0771 0
      vertex 22.4916 21.6471 0
    endloop
  endfacet
  facet normal 0 0 -1
    outer loop
      vertex 22.424 21.8103 0
      vertex 26.3144 23.0771 0
      vertex 22.4604 21.7298 0
    endloop
  endfacet
  facet normal -0 0 -1
    outer loop
      vertex 26.3144 23.0771 0
      vertex 22.424 21.8103 0
      vertex 24.7487 24.7487 0
    endloop
  endfacet
  facet normal 0 0 -1
    outer loop
      vertex 22.3823 21.8882 0
      vertex 24.7487 24.7487 0
      vertex 22.424 21.8103 0
    endloop
  endfacet
  facet normal 0 0 -1
    outer loop
      vertex 22.3357 21.9632 0
      vertex 24.7487 24.7487 0
      vertex 22.3823 21.8882 0
    endloop
  endfacet
  facet normal 0 0 -1
    outer loop
      vertex 22.2842 22.035 0
      vertex 24.7487 24.7487 0
      vertex 22.3357 21.9632 0
    endloop
  endfacet
  facet normal 0 0 -1
    outer loop
      vertex 22.2282 22.1033 0
      vertex 24.7487 24.7487 0
      vertex 22.2842 22.035 0
    endloop
  endfacet
  facet normal 0 0 -1
    outer loop
      vertex 22.1678 22.1678 0
      vertex 24.7487 24.7487 0
      vertex 22.2282 22.1033 0
    endloop
  endfacet
  facet normal 0 0 -1
    outer loop
      vertex 22.1033 22.2282 0
      vertex 24.7487 24.7487 0
      vertex 22.1678 22.1678 0
    endloop
  endfacet
  facet normal 0 0 -1
    outer loop
      vertex 22.035 22.2842 0
      vertex 24.7487 24.7487 0
      vertex 22.1033 22.2282 0
    endloop
  endfacet
  facet normal 0 0 -1
    outer loop
      vertex 21.9632 22.3357 0
      vertex 24.7487 24.7487 0
      vertex 22.035 22.2842 0
    endloop
  endfacet
  facet normal 0 0 -1
    outer loop
      vertex 21.8882 22.3823 0
      vertex 24.7487 24.7487 0
      vertex 21.9632 22.3357 0
    endloop
  endfacet
  facet normal 0 0 -1
    outer loop
      vertex 21.8103 22.424 0
      vertex 24.7487 24.7487 0
      vertex 21.8882 22.3823 0
    endloop
  endfacet
  facet normal -0 0 -1
    outer loop
      vertex 24.7487 24.7487 0
      vertex 21.8103 22.424 0
      vertex 23.0771 26.3144 0
    endloop
  endfacet
  facet normal 0 0 -1
    outer loop
      vertex 21.7298 22.4604 0
      vertex 23.0771 26.3144 0
      vertex 21.8103 22.424 0
    endloop
  endfacet
  facet normal 0 0 -1
    outer loop
      vertex 21.6471 22.4916 0
      vertex 23.0771 26.3144 0
      vertex 21.7298 22.4604 0
    endloop
  endfacet
  facet normal 0 0 -1
    outer loop
      vertex 21.5626 22.5172 0
      vertex 23.0771 26.3144 0
      vertex 21.6471 22.4916 0
    endloop
  endfacet
  facet normal 0 0 -1
    outer loop
      vertex 21.4766 22.5373 0
      vertex 23.0771 26.3144 0
      vertex 21.5626 22.5172 0
    endloop
  endfacet
  facet normal 0 0 -1
    outer loop
      vertex 21.3894 22.5517 0
      vertex 23.0771 26.3144 0
      vertex 21.4766 22.5373 0
    endloop
  endfacet
  facet normal 0 0 -1
    outer loop
      vertex 21.3015 22.5603 0
      vertex 23.0771 26.3144 0
      vertex 21.3894 22.5517 0
    endloop
  endfacet
  facet normal 0 0 -1
    outer loop
      vertex 21.2132 22.5632 0
      vertex 23.0771 26.3144 0
      vertex 21.3015 22.5603 0
    endloop
  endfacet
  facet normal 0 0 -1
    outer loop
      vertex 21.1249 22.5603 0
      vertex 23.0771 26.3144 0
      vertex 21.2132 22.5632 0
    endloop
  endfacet
  facet normal 0 0 -1
    outer loop
      vertex 21.037 22.5517 0
      vertex 23.0771 26.3144 0
      vertex 21.1249 22.5603 0
    endloop
  endfacet
  facet normal -0 0 -1
    outer loop
      vertex 23.0771 26.3144 0
      vertex 21.037 22.5517 0
      vertex 21.3066 27.7674 0
    endloop
  endfacet
  facet normal 0 0 -1
    outer loop
      vertex 20.9498 22.5373 0
      vertex 21.3066 27.7674 0
      vertex 21.037 22.5517 0
    endloop
  endfacet
  facet normal 0 0 -1
    outer loop
      vertex 20.8638 22.5172 0
      vertex 21.3066 27.7674 0
      vertex 20.9498 22.5373 0
    endloop
  endfacet
  facet normal 0 0 -1
    outer loop
      vertex 20.7793 22.4916 0
      vertex 21.3066 27.7674 0
      vertex 20.8638 22.5172 0
    endloop
  endfacet
  facet normal 0 0 -1
    outer loop
      vertex 20.6966 22.4604 0
      vertex 21.3066 27.7674 0
      vertex 20.7793 22.4916 0
    endloop
  endfacet
  facet normal 0 0 -1
    outer loop
      vertex 20.6161 22.424 0
      vertex 21.3066 27.7674 0
      vertex 20.6966 22.4604 0
    endloop
  endfacet
  facet normal 0 0 -1
    outer loop
      vertex 20.5382 22.3823 0
      vertex 21.3066 27.7674 0
      vertex 20.6161 22.424 0
    endloop
  endfacet
  facet normal 0 0 -1
    outer loop
      vertex 20.4632 22.3357 0
      vertex 21.3066 27.7674 0
      vertex 20.5382 22.3823 0
    endloop
  endfacet
  facet normal 0 0 -1
    outer loop
      vertex 19.445 29.1014 0
      vertex 20.4632 22.3357 0
      vertex 20.3914 22.2842 0
    endloop
  endfacet
  facet normal 0 0 -1
    outer loop
      vertex 19.445 29.1014 0
      vertex 20.3914 22.2842 0
      vertex 20.3231 22.2282 0
    endloop
  endfacet
  facet normal 0 0 -1
    outer loop
      vertex 19.445 29.1014 0
      vertex 20.3231 22.2282 0
      vertex 20.2586 22.1678 0
    endloop
  endfacet
  facet normal 0 0 -1
    outer loop
      vertex 19.445 29.1014 0
      vertex 20.2586 22.1678 0
      vertex 20.1982 22.1033 0
    endloop
  endfacet
  facet normal 0 0 -1
    outer loop
      vertex 19.445 29.1014 0
      vertex 20.1982 22.1033 0
      vertex 20.1422 22.035 0
    endloop
  endfacet
  facet normal 0 0 -1
    outer loop
      vertex 19.445 29.1014 0
      vertex 20.1422 22.035 0
      vertex 20.0907 21.9632 0
    endloop
  endfacet
  facet normal 0 0 -1
    outer loop
      vertex 17.5 30.3109 0
      vertex 20.0907 21.9632 0
      vertex 20.0441 21.8882 0
    endloop
  endfacet
  facet normal 0 0 -1
    outer loop
      vertex 17.5 30.3109 0
      vertex 20.0441 21.8882 0
      vertex 20.0024 21.8103 0
    endloop
  endfacet
  facet normal 0 0 -1
    outer loop
      vertex 17.5 30.3109 0
      vertex 20.0024 21.8103 0
      vertex 19.966 21.7298 0
    endloop
  endfacet
  facet normal 0 0 -1
    outer loop
      vertex 17.5 30.3109 0
      vertex 19.966 21.7298 0
      vertex 19.9348 21.6471 0
    endloop
  endfacet
  facet normal 0 0 -1
    outer loop
      vertex 17.5 30.3109 0
      vertex 19.9348 21.6471 0
      vertex 19.9092 21.5626 0
    endloop
  endfacet
  facet normal 0 0 -1
    outer loop
      vertex 17.5 30.3109 0
      vertex 19.9092 21.5626 0
      vertex 19.8891 21.4766 0
    endloop
  endfacet
  facet normal 0 0 -1
    outer loop
      vertex 20.4632 22.3357 0
      vertex 19.445 29.1014 0
      vertex 21.3066 27.7674 0
    endloop
  endfacet
  facet normal 0 0 -1
    outer loop
      vertex 17.5 30.3109 0
      vertex 19.8891 21.4766 0
      vertex 19.8748 21.3894 0
    endloop
  endfacet
  facet normal -0 0 -1
    outer loop
      vertex 20.2586 20.2586 0
      vertex 15.589 15.6278 0
      vertex 20.1982 20.3231 0
    endloop
  endfacet
  facet normal 0 0 -1
    outer loop
      vertex 15.589 15.6278 0
      vertex 20.2586 20.2586 0
      vertex 15.6607 15.5607 0
    endloop
  endfacet
  facet normal 0 0 -1
    outer loop
      vertex 21.5 -2.5 0
      vertex 16.0204 9.01784 0
      vertex 21.5 2.5 0
    endloop
  endfacet
  facet normal 0 0 -1
    outer loop
      vertex 7 -25.1 0
      vertex 14.3042 -15.9872 0
      vertex 19.8891 -21.4766 0
    endloop
  endfacet
  facet normal -0 0 -1
    outer loop
      vertex 20.4632 20.0907 0
      vertex 15.79 15.4131 0
      vertex 20.3914 20.1422 0
    endloop
  endfacet
  facet normal 0 0 -1
    outer loop
      vertex 20.0907 21.9632 0
      vertex 17.5 30.3109 0
      vertex 19.445 29.1014 0
    endloop
  endfacet
  facet normal -0 0 -1
    outer loop
      vertex 20.3231 20.1982 0
      vertex 15.6607 15.5607 0
      vertex 20.2586 20.2586 0
    endloop
  endfacet
  facet normal 0 0 -1
    outer loop
      vertex 15.6607 15.5607 0
      vertex 20.3231 20.1982 0
      vertex 15.7278 15.489 0
    endloop
  endfacet
  facet normal -0 0 -1
    outer loop
      vertex 20.3914 20.1422 0
      vertex 15.7278 15.489 0
      vertex 20.3231 20.1982 0
    endloop
  endfacet
  facet normal 0 0 -1
    outer loop
      vertex 15.7278 15.489 0
      vertex 20.3914 20.1422 0
      vertex 15.79 15.4131 0
    endloop
  endfacet
  facet normal -0 0 -1
    outer loop
      vertex 21.1249 19.8661 0
      vertex 16.0872 14.6958 0
      vertex 21.037 19.8748 0
    endloop
  endfacet
  facet normal 0 0 -1
    outer loop
      vertex 22.3366 3.84531 0
      vertex 16.0204 9.01784 0
      vertex 16.0489 9.11177 0
    endloop
  endfacet
  facet normal 0 0 -1
    outer loop
      vertex 21.2132 -19.8632 0
      vertex 15.9968 -14.5981 0
      vertex 16 -14.5 0
    endloop
  endfacet
  facet normal 0 0 -1
    outer loop
      vertex 21.1249 -19.8661 0
      vertex 15.9872 -14.6958 0
      vertex 15.9968 -14.5981 0
    endloop
  endfacet
  facet normal 0 0 -1
    outer loop
      vertex 21.037 -19.8748 0
      vertex 15.9712 -14.7926 0
      vertex 15.9872 -14.6958 0
    endloop
  endfacet
  facet normal 0 0 -1
    outer loop
      vertex 20.9498 -19.8891 0
      vertex 15.9489 -14.8882 0
      vertex 15.9712 -14.7926 0
    endloop
  endfacet
  facet normal 0 0 -1
    outer loop
      vertex 20.8638 -19.9092 0
      vertex 15.9204 -14.9822 0
      vertex 15.9489 -14.8882 0
    endloop
  endfacet
  facet normal 0 0 -1
    outer loop
      vertex 20.7793 -19.9348 0
      vertex 15.8858 -15.074 0
      vertex 15.9204 -14.9822 0
    endloop
  endfacet
  facet normal 0 0 -1
    outer loop
      vertex 20.6966 -19.966 0
      vertex 15.8453 -15.1634 0
      vertex 15.8858 -15.074 0
    endloop
  endfacet
  facet normal 0 0 -1
    outer loop
      vertex 20.6161 -20.0024 0
      vertex 15.799 -15.25 0
      vertex 15.8453 -15.1634 0
    endloop
  endfacet
  facet normal 0 0 -1
    outer loop
      vertex 20.5382 -20.0441 0
      vertex 15.7472 -15.3334 0
      vertex 15.799 -15.25 0
    endloop
  endfacet
  facet normal 0 0 -1
    outer loop
      vertex 20.3914 -20.1422 0
      vertex 15.69 -15.4131 0
      vertex 15.7472 -15.3334 0
    endloop
  endfacet
  facet normal 0 0 -1
    outer loop
      vertex 20.3231 -20.1982 0
      vertex 15.6278 -15.489 0
      vertex 15.69 -15.4131 0
    endloop
  endfacet
  facet normal 0 0 -1
    outer loop
      vertex 20.2586 -20.2586 0
      vertex 15.5607 -15.5607 0
      vertex 15.6278 -15.489 0
    endloop
  endfacet
  facet normal 0 0 -1
    outer loop
      vertex 20.1982 -20.3231 0
      vertex 15.489 -15.6278 0
      vertex 15.5607 -15.5607 0
    endloop
  endfacet
  facet normal 0 0 -1
    outer loop
      vertex 19.8891 -21.4766 0
      vertex 14.3042 -15.9872 0
      vertex 19.8748 -21.3894 0
    endloop
  endfacet
  facet normal 0 0 -1
    outer loop
      vertex 20.1422 -20.3914 0
      vertex 15.4131 -15.69 0
      vertex 15.489 -15.6278 0
    endloop
  endfacet
  facet normal 0 0 -1
    outer loop
      vertex 20.0907 -20.4632 0
      vertex 15.3334 -15.7472 0
      vertex 15.4131 -15.69 0
    endloop
  endfacet
  facet normal 0 0 -1
    outer loop
      vertex 20.0441 -20.5382 0
      vertex 15.25 -15.799 0
      vertex 15.3334 -15.7472 0
    endloop
  endfacet
  facet normal 0 0 -1
    outer loop
      vertex 20.0024 -20.6161 0
      vertex 15.1634 -15.8453 0
      vertex 15.25 -15.799 0
    endloop
  endfacet
  facet normal 0 0 -1
    outer loop
      vertex 19.966 -20.6966 0
      vertex 15.074 -15.8858 0
      vertex 15.1634 -15.8453 0
    endloop
  endfacet
  facet normal 0 0 -1
    outer loop
      vertex 19.9348 -20.7793 0
      vertex 14.9822 -15.9204 0
      vertex 15.074 -15.8858 0
    endloop
  endfacet
  facet normal 0 0 -1
    outer loop
      vertex 19.9092 -20.8638 0
      vertex 14.8882 -15.9489 0
      vertex 14.9822 -15.9204 0
    endloop
  endfacet
  facet normal 0 0 -1
    outer loop
      vertex 19.8891 -20.9498 0
      vertex 14.7926 -15.9712 0
      vertex 14.8882 -15.9489 0
    endloop
  endfacet
  facet normal 0 0 -1
    outer loop
      vertex 19.8748 -21.037 0
      vertex 14.6958 -15.9872 0
      vertex 14.7926 -15.9712 0
    endloop
  endfacet
  facet normal 0 0 -1
    outer loop
      vertex 19.8661 -21.1249 0
      vertex 14.5981 -15.9968 0
      vertex 14.6958 -15.9872 0
    endloop
  endfacet
  facet normal 0 0 -1
    outer loop
      vertex 19.8632 -21.2132 0
      vertex 14.5 -16 0
      vertex 14.5981 -15.9968 0
    endloop
  endfacet
  facet normal 0 0 -1
    outer loop
      vertex 19.8661 -21.3015 0
      vertex 14.5 -16 0
      vertex 19.8632 -21.2132 0
    endloop
  endfacet
  facet normal -0 -0 -1
    outer loop
      vertex 14.5 -16 0
      vertex 19.8661 -21.3015 0
      vertex 14.4019 -15.9968 0
    endloop
  endfacet
  facet normal 0 0 -1
    outer loop
      vertex 19.8748 -21.3894 0
      vertex 14.4019 -15.9968 0
      vertex 19.8661 -21.3015 0
    endloop
  endfacet
  facet normal -0 -0 -1
    outer loop
      vertex 14.4019 -15.9968 0
      vertex 19.8748 -21.3894 0
      vertex 14.3042 -15.9872 0
    endloop
  endfacet
  facet normal -0 0 -1
    outer loop
      vertex 14.2074 -15.9712 0
      vertex 7 -25.1 0
      vertex 14.1118 -15.9489 0
    endloop
  endfacet
  facet normal -0 0 -1
    outer loop
      vertex 14.1118 -15.9489 0
      vertex 7 -25.1 0
      vertex 14.0178 -15.9204 0
    endloop
  endfacet
  facet normal 0 0 -1
    outer loop
      vertex 7 -25.1 0
      vertex 15.4801 -31.3905 0
      vertex 13.3939 -32.3358 0
    endloop
  endfacet
  facet normal -0 0 -1
    outer loop
      vertex 14.0178 -15.9204 0
      vertex 7 -25.1 0
      vertex 13.926 -15.8858 0
    endloop
  endfacet
  facet normal -0 0 -1
    outer loop
      vertex 13.926 -15.8858 0
      vertex 7 -25.1 0
      vertex 13.8366 -15.8453 0
    endloop
  endfacet
  facet normal 0 0 -1
    outer loop
      vertex 7 -25.1 0
      vertex 13.3939 -32.3358 0
      vertex 11.2504 -33.1426 0
    endloop
  endfacet
  facet normal -0 0 -1
    outer loop
      vertex 13.8366 -15.8453 0
      vertex 7 -25.1 0
      vertex 13.75 -15.799 0
    endloop
  endfacet
  facet normal -0 0 -1
    outer loop
      vertex 13.75 -15.799 0
      vertex 7 -25.1 0
      vertex 13.6666 -15.7472 0
    endloop
  endfacet
  facet normal -0 0 -1
    outer loop
      vertex 13.6666 -15.7472 0
      vertex 7 -25.1 0
      vertex 13.5869 -15.69 0
    endloop
  endfacet
  facet normal -0 0 -1
    outer loop
      vertex 13.5869 -15.69 0
      vertex 7 -25.1 0
      vertex 13.511 -15.6278 0
    endloop
  endfacet
  facet normal -0 0 -1
    outer loop
      vertex 13.511 -15.6278 0
      vertex 7 -25.1 0
      vertex 13.4393 -15.5607 0
    endloop
  endfacet
  facet normal -0 0 -1
    outer loop
      vertex 13.4393 -15.5607 0
      vertex 7 -25.1 0
      vertex 13.3722 -15.489 0
    endloop
  endfacet
  facet normal -0 0 -1
    outer loop
      vertex 13.3722 -15.489 0
      vertex 7 -25.1 0
      vertex 13.31 -15.4131 0
    endloop
  endfacet
  facet normal 0 0 -1
    outer loop
      vertex 3.79904 -23.25 0
      vertex 7 -25.1 0
      vertex 3.84531 -23.3366 0
    endloop
  endfacet
  facet normal 0 0 -1
    outer loop
      vertex 3.97118 -23.7074 0
      vertex 7 -25.1 0
      vertex 3.98717 -23.8042 0
    endloop
  endfacet
  facet normal 0 0 -1
    outer loop
      vertex 3.99679 -23.9019 0
      vertex 7 -25.1 0
      vertex 4 -24 0
    endloop
  endfacet
  facet normal 0 0 -1
    outer loop
      vertex 3.98717 -23.8042 0
      vertex 7 -25.1 0
      vertex 3.99679 -23.9019 0
    endloop
  endfacet
  facet normal 0 0 -1
    outer loop
      vertex 3.94889 -23.6118 0
      vertex 7 -25.1 0
      vertex 3.97118 -23.7074 0
    endloop
  endfacet
  facet normal 0 0 -1
    outer loop
      vertex 3.92039 -23.5178 0
      vertex 7 -25.1 0
      vertex 3.94889 -23.6118 0
    endloop
  endfacet
  facet normal 0 0 -1
    outer loop
      vertex 3.88582 -23.426 0
      vertex 7 -25.1 0
      vertex 3.92039 -23.5178 0
    endloop
  endfacet
  facet normal 0 0 -1
    outer loop
      vertex 3.84531 -23.3366 0
      vertex 7 -25.1 0
      vertex 3.88582 -23.426 0
    endloop
  endfacet
  facet normal 0 0 -1
    outer loop
      vertex 3.69003 -23.0869 0
      vertex 7 -25.1 0
      vertex 3.7472 -23.1666 0
    endloop
  endfacet
  facet normal 0 0 -1
    outer loop
      vertex 3.7472 -23.1666 0
      vertex 7 -25.1 0
      vertex 3.79904 -23.25 0
    endloop
  endfacet
  facet normal 0 0 -1
    outer loop
      vertex 29.1014 -19.445 0
      vertex 22.1033 -20.1982 0
      vertex 22.035 -20.1422 0
    endloop
  endfacet
  facet normal 0 0 -1
    outer loop
      vertex 33.1426 -11.2504 0
      vertex 23.6634 -3.84531 0
      vertex 23.75 -3.79904 0
    endloop
  endfacet
  facet normal 0 0 -1
    outer loop
      vertex 29.1014 -19.445 0
      vertex 22.035 -20.1422 0
      vertex 21.9632 -20.0907 0
    endloop
  endfacet
  facet normal 0 0 -1
    outer loop
      vertex 32.3358 -13.3939 0
      vertex 23.574 -3.88582 0
      vertex 23.6634 -3.84531 0
    endloop
  endfacet
  facet normal 0 0 -1
    outer loop
      vertex 30.3109 -17.5 0
      vertex 21.9632 -20.0907 0
      vertex 21.8882 -20.0441 0
    endloop
  endfacet
  facet normal 0 0 -1
    outer loop
      vertex 32.3358 -13.3939 0
      vertex 23.4822 -3.92039 0
      vertex 23.574 -3.88582 0
    endloop
  endfacet
  facet normal 0 0 -1
    outer loop
      vertex 30.3109 -17.5 0
      vertex 21.8882 -20.0441 0
      vertex 21.8103 -20.0024 0
    endloop
  endfacet
  facet normal 0 0 -1
    outer loop
      vertex 32.3358 -13.3939 0
      vertex 23.3882 -3.94889 0
      vertex 23.4822 -3.92039 0
    endloop
  endfacet
  facet normal 0 0 -1
    outer loop
      vertex 30.3109 -17.5 0
      vertex 21.8103 -20.0024 0
      vertex 21.7298 -19.966 0
    endloop
  endfacet
  facet normal 0 0 -1
    outer loop
      vertex 31.3905 -15.4801 0
      vertex 23.2926 -3.97118 0
      vertex 23.3882 -3.94889 0
    endloop
  endfacet
  facet normal 0 0 -1
    outer loop
      vertex 31.3905 -15.4801 0
      vertex 21.7298 -19.966 0
      vertex 21.6471 -19.9348 0
    endloop
  endfacet
  facet normal 0 0 -1
    outer loop
      vertex 31.3905 -15.4801 0
      vertex 23.1958 -3.98717 0
      vertex 23.2926 -3.97118 0
    endloop
  endfacet
  facet normal -0 0 -1
    outer loop
      vertex 31.3905 -15.4801 0
      vertex 21.6471 -19.9348 0
      vertex 23.1958 -3.98717 0
    endloop
  endfacet
  facet normal 0 0 -1
    outer loop
      vertex 23.1958 -3.98717 0
      vertex 21.6471 -19.9348 0
      vertex 23.0981 -3.99679 0
    endloop
  endfacet
  facet normal 0 0 -1
    outer loop
      vertex 21.5626 -19.9092 0
      vertex 23.0981 -3.99679 0
      vertex 21.6471 -19.9348 0
    endloop
  endfacet
  facet normal 0 0 -1
    outer loop
      vertex 16 -14.5 0
      vertex 23.0981 -3.99679 0
      vertex 21.5626 -19.9092 0
    endloop
  endfacet
  facet normal 0 0 -1
    outer loop
      vertex 16 -14.5 0
      vertex 21.5626 -19.9092 0
      vertex 21.4766 -19.8891 0
    endloop
  endfacet
  facet normal 0 0 -1
    outer loop
      vertex 16 -9.5 0
      vertex 23.0981 -3.99679 0
      vertex 16 -14.5 0
    endloop
  endfacet
  facet normal 0 0 -1
    outer loop
      vertex 23.0981 -3.99679 0
      vertex 16 -9.5 0
      vertex 23 -4 0
    endloop
  endfacet
  facet normal -0 0 -1
    outer loop
      vertex 23 -4 0
      vertex 16 -9.5 0
      vertex 22.9019 -3.99679 0
    endloop
  endfacet
  facet normal -0 0 -1
    outer loop
      vertex 22.9019 -3.99679 0
      vertex 16 -9.5 0
      vertex 22.8042 -3.98717 0
    endloop
  endfacet
  facet normal -0 0 -1
    outer loop
      vertex 22.8042 -3.98717 0
      vertex 16 -9.5 0
      vertex 22.7074 -3.97118 0
    endloop
  endfacet
  facet normal -0 0 -1
    outer loop
      vertex 22.7074 -3.97118 0
      vertex 16 -9.5 0
      vertex 22.6118 -3.94889 0
    endloop
  endfacet
  facet normal 0 0 -1
    outer loop
      vertex 15.9968 -9.40189 0
      vertex 22.6118 -3.94889 0
      vertex 16 -9.5 0
    endloop
  endfacet
  facet normal -0 0 -1
    outer loop
      vertex 22.6118 -3.94889 0
      vertex 15.9968 -9.40189 0
      vertex 22.5178 -3.92039 0
    endloop
  endfacet
  facet normal 0 0 -1
    outer loop
      vertex 15.9872 -9.30421 0
      vertex 22.5178 -3.92039 0
      vertex 15.9968 -9.40189 0
    endloop
  endfacet
  facet normal -0 0 -1
    outer loop
      vertex 22.5178 -3.92039 0
      vertex 15.9872 -9.30421 0
      vertex 22.426 -3.88582 0
    endloop
  endfacet
  facet normal 0 0 -1
    outer loop
      vertex 15.9712 -9.20736 0
      vertex 22.426 -3.88582 0
      vertex 15.9872 -9.30421 0
    endloop
  endfacet
  facet normal -0 0 -1
    outer loop
      vertex 22.426 -3.88582 0
      vertex 15.9712 -9.20736 0
      vertex 22.3366 -3.84531 0
    endloop
  endfacet
  facet normal 0 0 -1
    outer loop
      vertex 15.9489 -9.11177 0
      vertex 22.3366 -3.84531 0
      vertex 15.9712 -9.20736 0
    endloop
  endfacet
  facet normal -0 0 -1
    outer loop
      vertex 22.3366 -3.84531 0
      vertex 15.9489 -9.11177 0
      vertex 22.25 -3.79904 0
    endloop
  endfacet
  facet normal 0 0 -1
    outer loop
      vertex 15.9204 -9.01784 0
      vertex 22.25 -3.79904 0
      vertex 15.9489 -9.11177 0
    endloop
  endfacet
  facet normal -0 0 -1
    outer loop
      vertex 22.25 -3.79904 0
      vertex 15.9204 -9.01784 0
      vertex 22.1666 -3.7472 0
    endloop
  endfacet
  facet normal 0 0 -1
    outer loop
      vertex 15.8858 -8.92597 0
      vertex 22.1666 -3.7472 0
      vertex 15.9204 -9.01784 0
    endloop
  endfacet
  facet normal -0 0 -1
    outer loop
      vertex 22.1666 -3.7472 0
      vertex 15.8858 -8.92597 0
      vertex 22.0869 -3.69003 0
    endloop
  endfacet
  facet normal 0 0 -1
    outer loop
      vertex 15.8453 -8.83657 0
      vertex 22.0869 -3.69003 0
      vertex 15.8858 -8.92597 0
    endloop
  endfacet
  facet normal -0 0 -1
    outer loop
      vertex 22.0869 -3.69003 0
      vertex 15.8453 -8.83657 0
      vertex 22.011 -3.62776 0
    endloop
  endfacet
  facet normal 0 0 -1
    outer loop
      vertex 15.799 -8.75 0
      vertex 22.011 -3.62776 0
      vertex 15.8453 -8.83657 0
    endloop
  endfacet
  facet normal -0 0 -1
    outer loop
      vertex 22.011 -3.62776 0
      vertex 15.799 -8.75 0
      vertex 21.9393 -3.56066 0
    endloop
  endfacet
  facet normal 0 0 -1
    outer loop
      vertex 15.7472 -8.66664 0
      vertex 21.9393 -3.56066 0
      vertex 15.799 -8.75 0
    endloop
  endfacet
  facet normal 0 0 -1
    outer loop
      vertex 15.69 -8.58686 0
      vertex 21.8722 -3.48902 0
      vertex 15.7472 -8.66664 0
    endloop
  endfacet
  facet normal -0 0 -1
    outer loop
      vertex 21.9393 -3.56066 0
      vertex 15.7472 -8.66664 0
      vertex 21.8722 -3.48902 0
    endloop
  endfacet
  facet normal 0.68361 -0.729848 0
    outer loop
      vertex 23.0771 -26.3144 0
      vertex 24.7487 -24.7487 2.5
      vertex 23.0771 -26.3144 2.5
    endloop
  endfacet
  facet normal 0.68361 -0.729848 0
    outer loop
      vertex 24.7487 -24.7487 2.5
      vertex 23.0771 -26.3144 0
      vertex 24.7487 -24.7487 0
    endloop
  endfacet
  facet normal -0.999465 0.0327026 0
    outer loop
      vertex -35 0 0
      vertex -34.9251 2.28911 2.5
      vertex -34.9251 2.28911 0
    endloop
  endfacet
  facet normal -0.999465 0.0327026 0
    outer loop
      vertex -34.9251 2.28911 2.5
      vertex -35 0 0
      vertex -35 0 2.5
    endloop
  endfacet
  facet normal 0.910855 -0.412727 0
    outer loop
      vertex 31.3905 -15.4801 2.5
      vertex 32.3358 -13.3939 0
      vertex 32.3358 -13.3939 2.5
    endloop
  endfacet
  facet normal 0.910855 -0.412727 0
    outer loop
      vertex 32.3358 -13.3939 0
      vertex 31.3905 -15.4801 2.5
      vertex 31.3905 -15.4801 0
    endloop
  endfacet
  facet normal 1 0 0
    outer loop
      vertex -13.2 29.9 5
      vertex -13.2 15.0363 2.6
      vertex -13.2 29.9 2.6
    endloop
  endfacet
  facet normal 1 0 0
    outer loop
      vertex -13.2 29.9 5
      vertex -13.2 8.96365 2.6
      vertex -13.2 15.0363 2.6
    endloop
  endfacet
  facet normal 1 0 0
    outer loop
      vertex -13.2 29.9 5
      vertex -13.2 -8.7518 2.6
      vertex -13.2 8.96365 2.6
    endloop
  endfacet
  facet normal 1 -0 0
    outer loop
      vertex -13.2 -31.7 5
      vertex -13.2 -8.7518 2.6
      vertex -13.2 29.9 5
    endloop
  endfacet
  facet normal 1 0 0
    outer loop
      vertex -13.2 -8.7518 2.6
      vertex -13.2 -31.7 5
      vertex -13.2 -15.2482 2.6
    endloop
  endfacet
  facet normal 1 0 0
    outer loop
      vertex -13.2 -15.2482 2.6
      vertex -13.2 -31.7 5
      vertex -13.2 -31.7 2.6
    endloop
  endfacet
  facet normal 1 0 0
    outer loop
      vertex -13.2 -31.7 2.5
      vertex -13.2 -15.2482 2.6
      vertex -13.2 -31.7 2.6
    endloop
  endfacet
  facet normal 1 0 0
    outer loop
      vertex -13.2 -15.2482 2.6
      vertex -13.2 -31.7 2.5
      vertex -13.2 -15.2482 1.7
    endloop
  endfacet
  facet normal 1 0 0
    outer loop
      vertex -13.2 -15.2482 1.7
      vertex -13.2 -31.7 2.5
      vertex -13.2 -31.7 1.7
    endloop
  endfacet
  facet normal 1 -0 0
    outer loop
      vertex -13.2 29.9 2.6
      vertex -13.2 31.7 2.5
      vertex -13.2 31.7 2.6
    endloop
  endfacet
  facet normal 1 0 0
    outer loop
      vertex -13.2 31.7 2.5
      vertex -13.2 29.9 2.6
      vertex -13.2 31.7 1.7
    endloop
  endfacet
  facet normal 1 0 0
    outer loop
      vertex -13.2 15.0363 1.7
      vertex -13.2 29.9 2.6
      vertex -13.2 15.0363 2.6
    endloop
  endfacet
  facet normal 1 0 0
    outer loop
      vertex -13.2 29.9 2.6
      vertex -13.2 15.0363 1.7
      vertex -13.2 31.7 1.7
    endloop
  endfacet
  facet normal 1 -0 0
    outer loop
      vertex -13.2 -8.7518 2.6
      vertex -13.2 8.96365 1.7
      vertex -13.2 8.96365 2.6
    endloop
  endfacet
  facet normal 1 0 0
    outer loop
      vertex -13.2 8.96365 1.7
      vertex -13.2 -8.7518 2.6
      vertex -13.2 -8.7518 1.7
    endloop
  endfacet
  facet normal 0 0 1
    outer loop
      vertex 15 31.7 5
      vertex 13.2 29.9 5
      vertex 15 -31.7 5
    endloop
  endfacet
  facet normal 0 0 1
    outer loop
      vertex 15 31.7 5
      vertex -13.2 29.9 5
      vertex 13.2 29.9 5
    endloop
  endfacet
  facet normal -0 0 1
    outer loop
      vertex -15 31.7 5
      vertex -13.2 29.9 5
      vertex 15 31.7 5
    endloop
  endfacet
  facet normal 0 0 1
    outer loop
      vertex -15 -31.7 5
      vertex -13.2 29.9 5
      vertex -15 31.7 5
    endloop
  endfacet
  facet normal 0 0 1
    outer loop
      vertex -13.2 29.9 5
      vertex -15 -31.7 5
      vertex -13.2 -31.7 5
    endloop
  endfacet
  facet normal 0 0 1
    outer loop
      vertex 15 -31.7 5
      vertex 13.2 29.9 5
      vertex 13.2 -31.7 5
    endloop
  endfacet
  facet normal -1 0 0
    outer loop
      vertex -15 -15.9137 2.5
      vertex -15 -31.6081 2.5
      vertex -15 -15.9137 2.6
    endloop
  endfacet
  facet normal -1 0 0
    outer loop
      vertex -15 8.05468 2.5
      vertex -15 -8.08632 2.5
      vertex -15 8.05468 2.6
    endloop
  endfacet
  facet normal -1 0 0
    outer loop
      vertex -15 31.6081 2.5
      vertex -15 31.7 5
      vertex -15 31.7 2.5
    endloop
  endfacet
  facet normal -1 0 0
    outer loop
      vertex -15 15.9453 2.6
      vertex -15 31.6081 2.5
      vertex -15 15.9453 2.5
    endloop
  endfacet
  facet normal -1 0 0
    outer loop
      vertex -15 31.6081 2.5
      vertex -15 15.9453 2.6
      vertex -15 31.7 5
    endloop
  endfacet
  facet normal -1 0 0
    outer loop
      vertex -15 8.05468 2.6
      vertex -15 31.7 5
      vertex -15 15.9453 2.6
    endloop
  endfacet
  facet normal -1 0 0
    outer loop
      vertex -15 -8.08632 2.6
      vertex -15 8.05468 2.6
      vertex -15 -8.08632 2.5
    endloop
  endfacet
  facet normal -1 0 0
    outer loop
      vertex -15 8.05468 2.6
      vertex -15 -8.08632 2.6
      vertex -15 31.7 5
    endloop
  endfacet
  facet normal -1 0 0
    outer loop
      vertex -15 -31.7 5
      vertex -15 -8.08632 2.6
      vertex -15 -15.9137 2.6
    endloop
  endfacet
  facet normal -1 0 0
    outer loop
      vertex -15 -31.7 5
      vertex -15 -15.9137 2.6
      vertex -15 -31.6081 2.5
    endloop
  endfacet
  facet normal -1 0 0
    outer loop
      vertex -15 -31.7 5
      vertex -15 -31.6081 2.5
      vertex -15 -31.7 2.5
    endloop
  endfacet
  facet normal -1 0 0
    outer loop
      vertex -15 -8.08632 2.6
      vertex -15 -31.7 5
      vertex -15 31.7 5
    endloop
  endfacet
  facet normal 0 1 0
    outer loop
      vertex 15 31.7 5
      vertex 13.2 31.7 2.6
      vertex -15 31.7 5
    endloop
  endfacet
  facet normal 0 1 0
    outer loop
      vertex 14.7971 31.7 2.5
      vertex 15 31.7 5
      vertex 15 31.7 2.5
    endloop
  endfacet
  facet normal 0 1 0
    outer loop
      vertex 15 31.7 5
      vertex 14.7971 31.7 2.5
      vertex 13.2 31.7 2.6
    endloop
  endfacet
  facet normal 0 1 0
    outer loop
      vertex 13.2 31.7 2.6
      vertex 14.7971 31.7 2.5
      vertex 13.2 31.7 2.5
    endloop
  endfacet
  facet normal 0 1 -0
    outer loop
      vertex -13.2 31.7 2.6
      vertex -15 31.7 5
      vertex 13.2 31.7 2.6
    endloop
  endfacet
  facet normal 0 1 0
    outer loop
      vertex -14.7971 31.7 2.5
      vertex -13.2 31.7 2.6
      vertex -13.2 31.7 2.5
    endloop
  endfacet
  facet normal 0 1 0
    outer loop
      vertex -13.2 31.7 2.6
      vertex -14.7971 31.7 2.5
      vertex -15 31.7 5
    endloop
  endfacet
  facet normal 0 1 0
    outer loop
      vertex -15 31.7 5
      vertex -14.7971 31.7 2.5
      vertex -15 31.7 2.5
    endloop
  endfacet
  facet normal 0 -1 0
    outer loop
      vertex -13.2 31.7 1.7
      vertex 13.2 31.7 2.5
      vertex -13.2 31.7 2.5
    endloop
  endfacet
  facet normal 0 -1 -0
    outer loop
      vertex 13.2 31.7 2.5
      vertex -13.2 31.7 1.7
      vertex 13.2 31.7 1.7
    endloop
  endfacet
  facet normal 0 -1 0
    outer loop
      vertex -14.7971 -31.7 2.5
      vertex -13.2 -31.7 5
      vertex -15 -31.7 5
    endloop
  endfacet
  facet normal 0 -1 0
    outer loop
      vertex -14.7971 -31.7 2.5
      vertex -15 -31.7 5
      vertex -15 -31.7 2.5
    endloop
  endfacet
  facet normal 0 -1 -0
    outer loop
      vertex -13.2 -31.7 5
      vertex -14.7971 -31.7 2.5
      vertex -13.2 -31.7 2.6
    endloop
  endfacet
  facet normal 0 -1 -0
    outer loop
      vertex -13.2 -31.7 2.6
      vertex -14.7971 -31.7 2.5
      vertex -13.2 -31.7 2.5
    endloop
  endfacet
  facet normal 1 0 0
    outer loop
      vertex 15 31.7 5
      vertex 15 31.6081 2.5
      vertex 15 31.7 2.5
    endloop
  endfacet
  facet normal 1 0 0
    outer loop
      vertex 15 31.7 5
      vertex 15 15.9453 2.6
      vertex 15 31.6081 2.5
    endloop
  endfacet
  facet normal 1 0 0
    outer loop
      vertex 15 31.7 5
      vertex 15 8.05468 2.6
      vertex 15 15.9453 2.6
    endloop
  endfacet
  facet normal 1 0 0
    outer loop
      vertex 15 8.05468 2.6
      vertex 15 -8.08632 2.6
      vertex 15 8.05468 2.5
    endloop
  endfacet
  facet normal 1 0 0
    outer loop
      vertex 15 31.7 5
      vertex 15 -8.08632 2.6
      vertex 15 8.05468 2.6
    endloop
  endfacet
  facet normal 1 -0 0
    outer loop
      vertex 15 -31.7 5
      vertex 15 -8.08632 2.6
      vertex 15 31.7 5
    endloop
  endfacet
  facet normal 1 0 0
    outer loop
      vertex 15 -15.9137 2.6
      vertex 15 -31.6081 2.5
      vertex 15 -15.9137 2.5
    endloop
  endfacet
  facet normal 1 0 0
    outer loop
      vertex 15 -8.08632 2.6
      vertex 15 -31.7 5
      vertex 15 -15.9137 2.6
    endloop
  endfacet
  facet normal 1 0 0
    outer loop
      vertex 15 -15.9137 2.6
      vertex 15 -31.7 5
      vertex 15 -31.6081 2.5
    endloop
  endfacet
  facet normal 1 0 0
    outer loop
      vertex 15 -31.6081 2.5
      vertex 15 -31.7 5
      vertex 15 -31.7 2.5
    endloop
  endfacet
  facet normal 1 0 0
    outer loop
      vertex 15 31.6081 2.5
      vertex 15 15.9453 2.6
      vertex 15 15.9453 2.5
    endloop
  endfacet
  facet normal 1 0 0
    outer loop
      vertex 15 8.05468 2.5
      vertex 15 -8.08632 2.6
      vertex 15 -8.08632 2.5
    endloop
  endfacet
  facet normal -1 0 0
    outer loop
      vertex 13.2 15.0363 2.6
      vertex 13.2 29.9 5
      vertex 13.2 29.9 2.6
    endloop
  endfacet
  facet normal -1 0 0
    outer loop
      vertex 13.2 8.96365 2.6
      vertex 13.2 29.9 5
      vertex 13.2 15.0363 2.6
    endloop
  endfacet
  facet normal -1 0 0
    outer loop
      vertex 13.2 -8.7518 2.6
      vertex 13.2 29.9 5
      vertex 13.2 8.96365 2.6
    endloop
  endfacet
  facet normal -1 0 0
    outer loop
      vertex 13.2 -31.7 5
      vertex 13.2 -8.7518 2.6
      vertex 13.2 -15.2482 2.6
    endloop
  endfacet
  facet normal -1 0 0
    outer loop
      vertex 13.2 -31.7 5
      vertex 13.2 -15.2482 2.6
      vertex 13.2 -31.7 2.6
    endloop
  endfacet
  facet normal -1 0 0
    outer loop
      vertex 13.2 -8.7518 2.6
      vertex 13.2 -31.7 5
      vertex 13.2 29.9 5
    endloop
  endfacet
  facet normal -1 0 0
    outer loop
      vertex 13.2 -31.7 1.7
      vertex 13.2 -15.2482 2.6
      vertex 13.2 -15.2482 1.7
    endloop
  endfacet
  facet normal -1 0 0
    outer loop
      vertex 13.2 -31.7 2.5
      vertex 13.2 -15.2482 2.6
      vertex 13.2 -31.7 1.7
    endloop
  endfacet
  facet normal -1 -0 0
    outer loop
      vertex 13.2 -15.2482 2.6
      vertex 13.2 -31.7 2.5
      vertex 13.2 -31.7 2.6
    endloop
  endfacet
  facet normal -1 0 0
    outer loop
      vertex 13.2 29.9 2.6
      vertex 13.2 31.7 2.5
      vertex 13.2 31.7 1.7
    endloop
  endfacet
  facet normal -1 0 0
    outer loop
      vertex 13.2 31.7 2.5
      vertex 13.2 29.9 2.6
      vertex 13.2 31.7 2.6
    endloop
  endfacet
  facet normal -1 0 0
    outer loop
      vertex 13.2 15.0363 1.7
      vertex 13.2 29.9 2.6
      vertex 13.2 31.7 1.7
    endloop
  endfacet
  facet normal -1 -0 0
    outer loop
      vertex 13.2 29.9 2.6
      vertex 13.2 15.0363 1.7
      vertex 13.2 15.0363 2.6
    endloop
  endfacet
  facet normal -1 0 0
    outer loop
      vertex 13.2 -8.7518 1.7
      vertex 13.2 8.96365 2.6
      vertex 13.2 8.96365 1.7
    endloop
  endfacet
  facet normal -1 -0 0
    outer loop
      vertex 13.2 8.96365 2.6
      vertex 13.2 -8.7518 1.7
      vertex 13.2 -8.7518 2.6
    endloop
  endfacet
  facet normal 0 -1 0
    outer loop
      vertex 14.7971 -31.7 2.5
      vertex 13.2 -31.7 5
      vertex 13.2 -31.7 2.6
    endloop
  endfacet
  facet normal 0 -1 0
    outer loop
      vertex 14.7971 -31.7 2.5
      vertex 13.2 -31.7 2.6
      vertex 13.2 -31.7 2.5
    endloop
  endfacet
  facet normal 0 -1 0
    outer loop
      vertex 13.2 -31.7 5
      vertex 14.7971 -31.7 2.5
      vertex 15 -31.7 5
    endloop
  endfacet
  facet normal 0 -1 -0
    outer loop
      vertex 15 -31.7 5
      vertex 14.7971 -31.7 2.5
      vertex 15 -31.7 2.5
    endloop
  endfacet
  facet normal 0 -1 0
    outer loop
      vertex -13.2 29.9 2.6
      vertex 13.2 29.9 5
      vertex -13.2 29.9 5
    endloop
  endfacet
  facet normal 0 -1 -0
    outer loop
      vertex 13.2 29.9 5
      vertex -13.2 29.9 2.6
      vertex 13.2 29.9 2.6
    endloop
  endfacet
  facet normal -0.995248 -0.0973735 0
    outer loop
      vertex 22.5603 21.3015 0
      vertex 22.5517 21.3894 2.5
      vertex 22.5517 21.3894 0
    endloop
  endfacet
  facet normal -0.995248 -0.0973735 0
    outer loop
      vertex 22.5517 21.3894 2.5
      vertex 22.5603 21.3015 0
      vertex 22.5603 21.3015 2.5
    endloop
  endfacet
  facet normal -0.999461 -0.0328249 0
    outer loop
      vertex 22.5632 21.2132 0
      vertex 22.5603 21.3015 2.5
      vertex 22.5603 21.3015 0
    endloop
  endfacet
  facet normal -0.999461 -0.0328249 0
    outer loop
      vertex 22.5603 21.3015 2.5
      vertex 22.5632 21.2132 0
      vertex 22.5632 21.2132 2.5
    endloop
  endfacet
  facet normal -0.289945 -0.957043 0
    outer loop
      vertex 21.5626 22.5172 0
      vertex 21.6471 22.4916 2.5
      vertex 21.5626 22.5172 2.5
    endloop
  endfacet
  facet normal -0.289945 -0.957043 -0
    outer loop
      vertex 21.6471 22.4916 2.5
      vertex 21.5626 22.5172 0
      vertex 21.6471 22.4916 0
    endloop
  endfacet
  facet normal -0.527757 0.849395 0
    outer loop
      vertex 21.9632 20.0907 0
      vertex 21.8882 20.0441 2.5
      vertex 21.9632 20.0907 2.5
    endloop
  endfacet
  facet normal -0.527757 0.849395 0
    outer loop
      vertex 21.8882 20.0441 2.5
      vertex 21.9632 20.0907 0
      vertex 21.8882 20.0441 0
    endloop
  endfacet
  facet normal -0.93563 0.352983 0
    outer loop
      vertex 22.4604 20.6966 0
      vertex 22.4916 20.7793 2.5
      vertex 22.4916 20.7793 0
    endloop
  endfacet
  facet normal -0.93563 0.352983 0
    outer loop
      vertex 22.4916 20.7793 2.5
      vertex 22.4604 20.6966 0
      vertex 22.4604 20.6966 2.5
    endloop
  endfacet
  facet normal 0.986819 0.161829 0
    outer loop
      vertex 19.8891 20.9498 2.5
      vertex 19.8748 21.037 0
      vertex 19.8748 21.037 2.5
    endloop
  endfacet
  facet normal 0.986819 0.161829 0
    outer loop
      vertex 19.8748 21.037 0
      vertex 19.8891 20.9498 2.5
      vertex 19.8891 20.9498 0
    endloop
  endfacet
  facet normal -0.352983 0.93563 0
    outer loop
      vertex 21.7298 19.966 0
      vertex 21.6471 19.9348 2.5
      vertex 21.7298 19.966 2.5
    endloop
  endfacet
  facet normal -0.352983 0.93563 0
    outer loop
      vertex 21.6471 19.9348 2.5
      vertex 21.7298 19.966 0
      vertex 21.6471 19.9348 0
    endloop
  endfacet
  facet normal -0.471939 0.881631 0
    outer loop
      vertex 21.8882 20.0441 0
      vertex 21.8103 20.0024 2.5
      vertex 21.8882 20.0441 2.5
    endloop
  endfacet
  facet normal -0.471939 0.881631 0
    outer loop
      vertex 21.8103 20.0024 2.5
      vertex 21.8882 20.0441 0
      vertex 21.8103 20.0024 0
    endloop
  endfacet
  facet normal 0.634039 -0.773301 0
    outer loop
      vertex 20.3231 22.2282 0
      vertex 20.3914 22.2842 2.5
      vertex 20.3231 22.2282 2.5
    endloop
  endfacet
  facet normal 0.634039 -0.773301 0
    outer loop
      vertex 20.3914 22.2842 2.5
      vertex 20.3231 22.2282 0
      vertex 20.3914 22.2842 0
    endloop
  endfacet
  facet normal 0.93563 -0.352983 0
    outer loop
      vertex 19.9348 21.6471 2.5
      vertex 19.966 21.7298 0
      vertex 19.966 21.7298 2.5
    endloop
  endfacet
  facet normal 0.93563 -0.352983 0
    outer loop
      vertex 19.966 21.7298 0
      vertex 19.9348 21.6471 2.5
      vertex 19.9348 21.6471 0
    endloop
  endfacet
  facet normal 0.161829 0.986819 -0
    outer loop
      vertex 21.037 19.8748 0
      vertex 20.9498 19.8891 2.5
      vertex 21.037 19.8748 2.5
    endloop
  endfacet
  facet normal 0.161829 0.986819 0
    outer loop
      vertex 20.9498 19.8891 2.5
      vertex 21.037 19.8748 0
      vertex 20.9498 19.8891 0
    endloop
  endfacet
  facet normal -0.957043 0.289945 0
    outer loop
      vertex 22.4916 20.7793 0
      vertex 22.5172 20.8638 2.5
      vertex 22.5172 20.8638 0
    endloop
  endfacet
  facet normal -0.957043 0.289945 0
    outer loop
      vertex 22.5172 20.8638 2.5
      vertex 22.4916 20.7793 0
      vertex 22.4916 20.7793 2.5
    endloop
  endfacet
  facet normal 0.471939 -0.881631 0
    outer loop
      vertex 20.5382 22.3823 0
      vertex 20.6161 22.424 2.5
      vertex 20.5382 22.3823 2.5
    endloop
  endfacet
  facet normal 0.471939 -0.881631 0
    outer loop
      vertex 20.6161 22.424 2.5
      vertex 20.5382 22.3823 0
      vertex 20.6161 22.424 0
    endloop
  endfacet
  facet normal -0.773301 -0.634039 0
    outer loop
      vertex 22.2842 22.035 0
      vertex 22.2282 22.1033 2.5
      vertex 22.2282 22.1033 0
    endloop
  endfacet
  facet normal -0.773301 -0.634039 0
    outer loop
      vertex 22.2282 22.1033 2.5
      vertex 22.2842 22.035 0
      vertex 22.2842 22.035 2.5
    endloop
  endfacet
  facet normal -0.162931 -0.986637 0
    outer loop
      vertex 21.3894 22.5517 0
      vertex 21.4766 22.5373 2.5
      vertex 21.3894 22.5517 2.5
    endloop
  endfacet
  facet normal -0.162931 -0.986637 -0
    outer loop
      vertex 21.4766 22.5373 2.5
      vertex 21.3894 22.5517 0
      vertex 21.4766 22.5373 0
    endloop
  endfacet
  facet normal 0.352983 -0.93563 0
    outer loop
      vertex 20.6966 22.4604 0
      vertex 20.7793 22.4916 2.5
      vertex 20.6966 22.4604 2.5
    endloop
  endfacet
  facet normal 0.352983 -0.93563 0
    outer loop
      vertex 20.7793 22.4916 2.5
      vertex 20.6966 22.4604 0
      vertex 20.7793 22.4916 0
    endloop
  endfacet
  facet normal 0.812585 -0.582843 0
    outer loop
      vertex 20.0907 21.9632 2.5
      vertex 20.1422 22.035 0
      vertex 20.1422 22.035 2.5
    endloop
  endfacet
  facet normal 0.812585 -0.582843 0
    outer loop
      vertex 20.1422 22.035 0
      vertex 20.0907 21.9632 2.5
      vertex 20.0907 21.9632 0
    endloop
  endfacet
  facet normal -0.0973735 -0.995248 0
    outer loop
      vertex 21.3015 22.5603 0
      vertex 21.3894 22.5517 2.5
      vertex 21.3015 22.5603 2.5
    endloop
  endfacet
  facet normal -0.0973735 -0.995248 -0
    outer loop
      vertex 21.3894 22.5517 2.5
      vertex 21.3015 22.5603 0
      vertex 21.3894 22.5517 0
    endloop
  endfacet
  facet normal -0.881631 0.471939 0
    outer loop
      vertex 22.3823 20.5382 0
      vertex 22.424 20.6161 2.5
      vertex 22.424 20.6161 0
    endloop
  endfacet
  facet normal -0.881631 0.471939 0
    outer loop
      vertex 22.424 20.6161 2.5
      vertex 22.3823 20.5382 0
      vertex 22.3823 20.5382 2.5
    endloop
  endfacet
  facet normal 0.729925 0.683527 0
    outer loop
      vertex 20.2586 20.2586 2.5
      vertex 20.1982 20.3231 0
      vertex 20.1982 20.3231 2.5
    endloop
  endfacet
  facet normal 0.729925 0.683527 0
    outer loop
      vertex 20.1982 20.3231 0
      vertex 20.2586 20.2586 2.5
      vertex 20.2586 20.2586 0
    endloop
  endfacet
  facet normal -0.911179 -0.412011 0
    outer loop
      vertex 22.4604 21.7298 0
      vertex 22.424 21.8103 2.5
      vertex 22.424 21.8103 0
    endloop
  endfacet
  facet normal -0.911179 -0.412011 0
    outer loop
      vertex 22.424 21.8103 2.5
      vertex 22.4604 21.7298 0
      vertex 22.4604 21.7298 2.5
    endloop
  endfacet
  facet normal -0.634039 0.773301 0
    outer loop
      vertex 22.1033 20.1982 0
      vertex 22.035 20.1422 2.5
      vertex 22.1033 20.1982 2.5
    endloop
  endfacet
  facet normal -0.634039 0.773301 0
    outer loop
      vertex 22.035 20.1422 2.5
      vertex 22.1033 20.1982 0
      vertex 22.035 20.1422 0
    endloop
  endfacet
  facet normal -0.582843 -0.812585 0
    outer loop
      vertex 21.9632 22.3357 0
      vertex 22.035 22.2842 2.5
      vertex 21.9632 22.3357 2.5
    endloop
  endfacet
  facet normal -0.582843 -0.812585 -0
    outer loop
      vertex 22.035 22.2842 2.5
      vertex 21.9632 22.3357 0
      vertex 22.035 22.2842 0
    endloop
  endfacet
  facet normal -0.352983 -0.93563 0
    outer loop
      vertex 21.6471 22.4916 0
      vertex 21.7298 22.4604 2.5
      vertex 21.6471 22.4916 2.5
    endloop
  endfacet
  facet normal -0.352983 -0.93563 -0
    outer loop
      vertex 21.7298 22.4604 2.5
      vertex 21.6471 22.4916 0
      vertex 21.7298 22.4604 0
    endloop
  endfacet
  facet normal -0.995248 0.0973735 0
    outer loop
      vertex 22.5517 21.037 0
      vertex 22.5603 21.1249 2.5
      vertex 22.5603 21.1249 0
    endloop
  endfacet
  facet normal -0.995248 0.0973735 0
    outer loop
      vertex 22.5603 21.1249 2.5
      vertex 22.5517 21.037 0
      vertex 22.5517 21.037 2.5
    endloop
  endfacet
  facet normal -0.957043 -0.289945 0
    outer loop
      vertex 22.5172 21.5626 0
      vertex 22.4916 21.6471 2.5
      vertex 22.4916 21.6471 0
    endloop
  endfacet
  facet normal -0.957043 -0.289945 0
    outer loop
      vertex 22.4916 21.6471 2.5
      vertex 22.5172 21.5626 0
      vertex 22.5172 21.5626 2.5
    endloop
  endfacet
  facet normal -0.227588 0.973758 0
    outer loop
      vertex 21.5626 19.9092 0
      vertex 21.4766 19.8891 2.5
      vertex 21.5626 19.9092 2.5
    endloop
  endfacet
  facet normal -0.227588 0.973758 0
    outer loop
      vertex 21.4766 19.8891 2.5
      vertex 21.5626 19.9092 0
      vertex 21.4766 19.8891 0
    endloop
  endfacet
  facet normal 0.412011 0.911179 -0
    outer loop
      vertex 20.6966 19.966 0
      vertex 20.6161 20.0024 2.5
      vertex 20.6966 19.966 2.5
    endloop
  endfacet
  facet normal 0.412011 0.911179 0
    outer loop
      vertex 20.6161 20.0024 2.5
      vertex 20.6966 19.966 0
      vertex 20.6161 20.0024 0
    endloop
  endfacet
  facet normal 0.957043 -0.289945 0
    outer loop
      vertex 19.9092 21.5626 2.5
      vertex 19.9348 21.6471 0
      vertex 19.9348 21.6471 2.5
    endloop
  endfacet
  facet normal 0.957043 -0.289945 0
    outer loop
      vertex 19.9348 21.6471 0
      vertex 19.9092 21.5626 2.5
      vertex 19.9092 21.5626 0
    endloop
  endfacet
  facet normal -0.527757 -0.849395 0
    outer loop
      vertex 21.8882 22.3823 0
      vertex 21.9632 22.3357 2.5
      vertex 21.8882 22.3823 2.5
    endloop
  endfacet
  facet normal -0.527757 -0.849395 -0
    outer loop
      vertex 21.9632 22.3357 2.5
      vertex 21.8882 22.3823 0
      vertex 21.9632 22.3357 0
    endloop
  endfacet
  facet normal 0.582843 0.812585 -0
    outer loop
      vertex 20.4632 20.0907 0
      vertex 20.3914 20.1422 2.5
      vertex 20.4632 20.0907 2.5
    endloop
  endfacet
  facet normal 0.582843 0.812585 0
    outer loop
      vertex 20.3914 20.1422 2.5
      vertex 20.4632 20.0907 0
      vertex 20.3914 20.1422 0
    endloop
  endfacet
  facet normal 0.0328249 -0.999461 0
    outer loop
      vertex 21.1249 22.5603 0
      vertex 21.2132 22.5632 2.5
      vertex 21.1249 22.5603 2.5
    endloop
  endfacet
  facet normal 0.0328249 -0.999461 0
    outer loop
      vertex 21.2132 22.5632 2.5
      vertex 21.1249 22.5603 0
      vertex 21.2132 22.5632 0
    endloop
  endfacet
  facet normal 0.911179 -0.412011 0
    outer loop
      vertex 19.966 21.7298 2.5
      vertex 20.0024 21.8103 0
      vertex 20.0024 21.8103 2.5
    endloop
  endfacet
  facet normal 0.911179 -0.412011 0
    outer loop
      vertex 20.0024 21.8103 0
      vertex 19.966 21.7298 2.5
      vertex 19.966 21.7298 0
    endloop
  endfacet
  facet normal -0.412011 -0.911179 0
    outer loop
      vertex 21.7298 22.4604 0
      vertex 21.8103 22.424 2.5
      vertex 21.7298 22.4604 2.5
    endloop
  endfacet
  facet normal -0.412011 -0.911179 -0
    outer loop
      vertex 21.8103 22.424 2.5
      vertex 21.7298 22.4604 0
      vertex 21.8103 22.424 0
    endloop
  endfacet
  facet normal -0.911179 0.412011 0
    outer loop
      vertex 22.424 20.6161 0
      vertex 22.4604 20.6966 2.5
      vertex 22.4604 20.6966 0
    endloop
  endfacet
  facet normal -0.911179 0.412011 0
    outer loop
      vertex 22.4604 20.6966 2.5
      vertex 22.424 20.6161 0
      vertex 22.424 20.6161 2.5
    endloop
  endfacet
  facet normal 0.729925 -0.683527 0
    outer loop
      vertex 20.1982 22.1033 2.5
      vertex 20.2586 22.1678 0
      vertex 20.2586 22.1678 2.5
    endloop
  endfacet
  facet normal 0.729925 -0.683527 0
    outer loop
      vertex 20.2586 22.1678 0
      vertex 20.1982 22.1033 2.5
      vertex 20.1982 22.1033 0
    endloop
  endfacet
  facet normal 0.227588 -0.973758 0
    outer loop
      vertex 20.8638 22.5172 0
      vertex 20.9498 22.5373 2.5
      vertex 20.8638 22.5172 2.5
    endloop
  endfacet
  facet normal 0.227588 -0.973758 0
    outer loop
      vertex 20.9498 22.5373 2.5
      vertex 20.8638 22.5172 0
      vertex 20.9498 22.5373 0
    endloop
  endfacet
  facet normal -0.986637 0.162931 0
    outer loop
      vertex 22.5373 20.9498 0
      vertex 22.5517 21.037 2.5
      vertex 22.5517 21.037 0
    endloop
  endfacet
  facet normal -0.986637 0.162931 0
    outer loop
      vertex 22.5517 21.037 2.5
      vertex 22.5373 20.9498 0
      vertex 22.5373 20.9498 2.5
    endloop
  endfacet
  facet normal 0.93563 0.352983 0
    outer loop
      vertex 19.966 20.6966 2.5
      vertex 19.9348 20.7793 0
      vertex 19.9348 20.7793 2.5
    endloop
  endfacet
  facet normal 0.93563 0.352983 0
    outer loop
      vertex 19.9348 20.7793 0
      vertex 19.966 20.6966 2.5
      vertex 19.966 20.6966 0
    endloop
  endfacet
  facet normal -0.582843 0.812585 0
    outer loop
      vertex 22.035 20.1422 0
      vertex 21.9632 20.0907 2.5
      vertex 22.035 20.1422 2.5
    endloop
  endfacet
  facet normal -0.582843 0.812585 0
    outer loop
      vertex 21.9632 20.0907 2.5
      vertex 22.035 20.1422 0
      vertex 21.9632 20.0907 0
    endloop
  endfacet
  facet normal 0.773301 0.634039 0
    outer loop
      vertex 20.1982 20.3231 2.5
      vertex 20.1422 20.3914 0
      vertex 20.1422 20.3914 2.5
    endloop
  endfacet
  facet normal 0.773301 0.634039 0
    outer loop
      vertex 20.1422 20.3914 0
      vertex 20.1982 20.3231 2.5
      vertex 20.1982 20.3231 0
    endloop
  endfacet
  facet normal -0.773301 0.634039 0
    outer loop
      vertex 22.2282 20.3231 0
      vertex 22.2842 20.3914 2.5
      vertex 22.2842 20.3914 0
    endloop
  endfacet
  facet normal -0.773301 0.634039 0
    outer loop
      vertex 22.2842 20.3914 2.5
      vertex 22.2282 20.3231 0
      vertex 22.2282 20.3231 2.5
    endloop
  endfacet
  facet normal -0.0328249 -0.999461 0
    outer loop
      vertex 21.2132 22.5632 0
      vertex 21.3015 22.5603 2.5
      vertex 21.2132 22.5632 2.5
    endloop
  endfacet
  facet normal -0.0328249 -0.999461 -0
    outer loop
      vertex 21.3015 22.5603 2.5
      vertex 21.2132 22.5632 0
      vertex 21.3015 22.5603 0
    endloop
  endfacet
  facet normal 0.773301 -0.634039 0
    outer loop
      vertex 20.1422 22.035 2.5
      vertex 20.1982 22.1033 0
      vertex 20.1982 22.1033 2.5
    endloop
  endfacet
  facet normal 0.773301 -0.634039 0
    outer loop
      vertex 20.1982 22.1033 0
      vertex 20.1422 22.035 2.5
      vertex 20.1422 22.035 0
    endloop
  endfacet
  facet normal -0.634039 -0.773301 0
    outer loop
      vertex 22.035 22.2842 0
      vertex 22.1033 22.2282 2.5
      vertex 22.035 22.2842 2.5
    endloop
  endfacet
  facet normal -0.634039 -0.773301 -0
    outer loop
      vertex 22.1033 22.2282 2.5
      vertex 22.035 22.2842 0
      vertex 22.1033 22.2282 0
    endloop
  endfacet
  facet normal -0.161829 0.986819 0
    outer loop
      vertex 21.4766 19.8891 0
      vertex 21.3894 19.8748 2.5
      vertex 21.4766 19.8891 2.5
    endloop
  endfacet
  facet normal -0.161829 0.986819 0
    outer loop
      vertex 21.3894 19.8748 2.5
      vertex 21.4766 19.8891 0
      vertex 21.3894 19.8748 0
    endloop
  endfacet
  facet normal -0.471939 -0.881631 0
    outer loop
      vertex 21.8103 22.424 0
      vertex 21.8882 22.3823 2.5
      vertex 21.8103 22.424 2.5
    endloop
  endfacet
  facet normal -0.471939 -0.881631 -0
    outer loop
      vertex 21.8882 22.3823 2.5
      vertex 21.8103 22.424 0
      vertex 21.8882 22.3823 0
    endloop
  endfacet
  facet normal 0.881631 -0.471939 0
    outer loop
      vertex 20.0024 21.8103 2.5
      vertex 20.0441 21.8882 0
      vertex 20.0441 21.8882 2.5
    endloop
  endfacet
  facet normal 0.881631 -0.471939 0
    outer loop
      vertex 20.0441 21.8882 0
      vertex 20.0024 21.8103 2.5
      vertex 20.0024 21.8103 0
    endloop
  endfacet
  facet normal -0.0984948 0.995138 0
    outer loop
      vertex 21.3894 19.8748 0
      vertex 21.3015 19.8661 2.5
      vertex 21.3894 19.8748 2.5
    endloop
  endfacet
  facet normal -0.0984948 0.995138 0
    outer loop
      vertex 21.3015 19.8661 2.5
      vertex 21.3894 19.8748 0
      vertex 21.3015 19.8661 0
    endloop
  endfacet
  facet normal -0.683527 -0.729925 0
    outer loop
      vertex 22.1033 22.2282 0
      vertex 22.1678 22.1678 2.5
      vertex 22.1033 22.2282 2.5
    endloop
  endfacet
  facet normal -0.683527 -0.729925 -0
    outer loop
      vertex 22.1678 22.1678 2.5
      vertex 22.1033 22.2282 0
      vertex 22.1678 22.1678 0
    endloop
  endfacet
  facet normal -0.849395 0.527757 0
    outer loop
      vertex 22.3357 20.4632 0
      vertex 22.3823 20.5382 2.5
      vertex 22.3823 20.5382 0
    endloop
  endfacet
  facet normal -0.849395 0.527757 0
    outer loop
      vertex 22.3823 20.5382 2.5
      vertex 22.3357 20.4632 0
      vertex 22.3357 20.4632 2.5
    endloop
  endfacet
  facet normal -0.881631 -0.471939 0
    outer loop
      vertex 22.424 21.8103 0
      vertex 22.3823 21.8882 2.5
      vertex 22.3823 21.8882 0
    endloop
  endfacet
  facet normal -0.881631 -0.471939 0
    outer loop
      vertex 22.3823 21.8882 2.5
      vertex 22.424 21.8103 0
      vertex 22.424 21.8103 2.5
    endloop
  endfacet
  facet normal 0.995138 -0.0984948 0
    outer loop
      vertex 19.8661 21.3015 2.5
      vertex 19.8748 21.3894 0
      vertex 19.8748 21.3894 2.5
    endloop
  endfacet
  facet normal 0.995138 -0.0984948 0
    outer loop
      vertex 19.8748 21.3894 0
      vertex 19.8661 21.3015 2.5
      vertex 19.8661 21.3015 0
    endloop
  endfacet
  facet normal 0.957043 0.289945 0
    outer loop
      vertex 19.9348 20.7793 2.5
      vertex 19.9092 20.8638 0
      vertex 19.9092 20.8638 2.5
    endloop
  endfacet
  facet normal 0.957043 0.289945 0
    outer loop
      vertex 19.9092 20.8638 0
      vertex 19.9348 20.7793 2.5
      vertex 19.9348 20.7793 0
    endloop
  endfacet
  facet normal 0.289945 -0.957043 0
    outer loop
      vertex 20.7793 22.4916 0
      vertex 20.8638 22.5172 2.5
      vertex 20.7793 22.4916 2.5
    endloop
  endfacet
  facet normal 0.289945 -0.957043 0
    outer loop
      vertex 20.8638 22.5172 2.5
      vertex 20.7793 22.4916 0
      vertex 20.8638 22.5172 0
    endloop
  endfacet
  facet normal 0.0984948 0.995138 -0
    outer loop
      vertex 21.1249 19.8661 0
      vertex 21.037 19.8748 2.5
      vertex 21.1249 19.8661 2.5
    endloop
  endfacet
  facet normal 0.0984948 0.995138 0
    outer loop
      vertex 21.037 19.8748 2.5
      vertex 21.1249 19.8661 0
      vertex 21.037 19.8748 0
    endloop
  endfacet
  facet normal 0.0328249 0.999461 -0
    outer loop
      vertex 21.2132 19.8632 0
      vertex 21.1249 19.8661 2.5
      vertex 21.2132 19.8632 2.5
    endloop
  endfacet
  facet normal 0.0328249 0.999461 0
    outer loop
      vertex 21.1249 19.8661 2.5
      vertex 21.2132 19.8632 0
      vertex 21.1249 19.8661 0
    endloop
  endfacet
  facet normal 0.634039 0.773301 -0
    outer loop
      vertex 20.3914 20.1422 0
      vertex 20.3231 20.1982 2.5
      vertex 20.3914 20.1422 2.5
    endloop
  endfacet
  facet normal 0.634039 0.773301 0
    outer loop
      vertex 20.3231 20.1982 2.5
      vertex 20.3914 20.1422 0
      vertex 20.3231 20.1982 0
    endloop
  endfacet
  facet normal -0.973758 0.227588 0
    outer loop
      vertex 22.5172 20.8638 0
      vertex 22.5373 20.9498 2.5
      vertex 22.5373 20.9498 0
    endloop
  endfacet
  facet normal -0.973758 0.227588 0
    outer loop
      vertex 22.5373 20.9498 2.5
      vertex 22.5172 20.8638 0
      vertex 22.5172 20.8638 2.5
    endloop
  endfacet
  facet normal 0.849395 -0.527757 0
    outer loop
      vertex 20.0441 21.8882 2.5
      vertex 20.0907 21.9632 0
      vertex 20.0907 21.9632 2.5
    endloop
  endfacet
  facet normal 0.849395 -0.527757 0
    outer loop
      vertex 20.0907 21.9632 0
      vertex 20.0441 21.8882 2.5
      vertex 20.0441 21.8882 0
    endloop
  endfacet
  facet normal 0.973758 0.227588 0
    outer loop
      vertex 19.9092 20.8638 2.5
      vertex 19.8891 20.9498 0
      vertex 19.8891 20.9498 2.5
    endloop
  endfacet
  facet normal 0.973758 0.227588 0
    outer loop
      vertex 19.8891 20.9498 0
      vertex 19.9092 20.8638 2.5
      vertex 19.9092 20.8638 0
    endloop
  endfacet
  facet normal 0.973758 -0.227588 0
    outer loop
      vertex 19.8891 21.4766 2.5
      vertex 19.9092 21.5626 0
      vertex 19.9092 21.5626 2.5
    endloop
  endfacet
  facet normal 0.973758 -0.227588 0
    outer loop
      vertex 19.9092 21.5626 0
      vertex 19.8891 21.4766 2.5
      vertex 19.8891 21.4766 0
    endloop
  endfacet
  facet normal -0.812585 -0.582843 0
    outer loop
      vertex 22.3357 21.9632 0
      vertex 22.2842 22.035 2.5
      vertex 22.2842 22.035 0
    endloop
  endfacet
  facet normal -0.812585 -0.582843 0
    outer loop
      vertex 22.2842 22.035 2.5
      vertex 22.3357 21.9632 0
      vertex 22.3357 21.9632 2.5
    endloop
  endfacet
  facet normal -0.729925 -0.683527 0
    outer loop
      vertex 22.2282 22.1033 0
      vertex 22.1678 22.1678 2.5
      vertex 22.1678 22.1678 0
    endloop
  endfacet
  facet normal -0.729925 -0.683527 0
    outer loop
      vertex 22.1678 22.1678 2.5
      vertex 22.2282 22.1033 0
      vertex 22.2282 22.1033 2.5
    endloop
  endfacet
  facet normal 0.986819 -0.161829 0
    outer loop
      vertex 19.8748 21.3894 2.5
      vertex 19.8891 21.4766 0
      vertex 19.8891 21.4766 2.5
    endloop
  endfacet
  facet normal 0.986819 -0.161829 0
    outer loop
      vertex 19.8891 21.4766 0
      vertex 19.8748 21.3894 2.5
      vertex 19.8748 21.3894 0
    endloop
  endfacet
  facet normal 0.412011 -0.911179 0
    outer loop
      vertex 20.6161 22.424 0
      vertex 20.6966 22.4604 2.5
      vertex 20.6161 22.424 2.5
    endloop
  endfacet
  facet normal 0.412011 -0.911179 0
    outer loop
      vertex 20.6966 22.4604 2.5
      vertex 20.6161 22.424 0
      vertex 20.6966 22.4604 0
    endloop
  endfacet
  facet normal -0.0328249 0.999461 0
    outer loop
      vertex 21.3015 19.8661 0
      vertex 21.2132 19.8632 2.5
      vertex 21.3015 19.8661 2.5
    endloop
  endfacet
  facet normal -0.0328249 0.999461 0
    outer loop
      vertex 21.2132 19.8632 2.5
      vertex 21.3015 19.8661 0
      vertex 21.2132 19.8632 0
    endloop
  endfacet
  facet normal 0.0973735 -0.995248 0
    outer loop
      vertex 21.037 22.5517 0
      vertex 21.1249 22.5603 2.5
      vertex 21.037 22.5517 2.5
    endloop
  endfacet
  facet normal 0.0973735 -0.995248 0
    outer loop
      vertex 21.1249 22.5603 2.5
      vertex 21.037 22.5517 0
      vertex 21.1249 22.5603 0
    endloop
  endfacet
  facet normal -0.999461 0.0328249 0
    outer loop
      vertex 22.5603 21.1249 0
      vertex 22.5632 21.2132 2.5
      vertex 22.5632 21.2132 0
    endloop
  endfacet
  facet normal -0.999461 0.0328249 0
    outer loop
      vertex 22.5632 21.2132 2.5
      vertex 22.5603 21.1249 0
      vertex 22.5603 21.1249 2.5
    endloop
  endfacet
  facet normal 0.911179 0.412011 0
    outer loop
      vertex 20.0024 20.6161 2.5
      vertex 19.966 20.6966 0
      vertex 19.966 20.6966 2.5
    endloop
  endfacet
  facet normal 0.911179 0.412011 0
    outer loop
      vertex 19.966 20.6966 0
      vertex 20.0024 20.6161 2.5
      vertex 20.0024 20.6161 0
    endloop
  endfacet
  facet normal 0.812585 0.582843 0
    outer loop
      vertex 20.1422 20.3914 2.5
      vertex 20.0907 20.4632 0
      vertex 20.0907 20.4632 2.5
    endloop
  endfacet
  facet normal 0.812585 0.582843 0
    outer loop
      vertex 20.0907 20.4632 0
      vertex 20.1422 20.3914 2.5
      vertex 20.1422 20.3914 0
    endloop
  endfacet
  facet normal -0.729925 0.683527 0
    outer loop
      vertex 22.1678 20.2586 0
      vertex 22.2282 20.3231 2.5
      vertex 22.2282 20.3231 0
    endloop
  endfacet
  facet normal -0.729925 0.683527 0
    outer loop
      vertex 22.2282 20.3231 2.5
      vertex 22.1678 20.2586 0
      vertex 22.1678 20.2586 2.5
    endloop
  endfacet
  facet normal 0.162931 -0.986637 0
    outer loop
      vertex 20.9498 22.5373 0
      vertex 21.037 22.5517 2.5
      vertex 20.9498 22.5373 2.5
    endloop
  endfacet
  facet normal 0.162931 -0.986637 0
    outer loop
      vertex 21.037 22.5517 2.5
      vertex 20.9498 22.5373 0
      vertex 21.037 22.5517 0
    endloop
  endfacet
  facet normal -0.412011 0.911179 0
    outer loop
      vertex 21.8103 20.0024 0
      vertex 21.7298 19.966 2.5
      vertex 21.8103 20.0024 2.5
    endloop
  endfacet
  facet normal -0.412011 0.911179 0
    outer loop
      vertex 21.7298 19.966 2.5
      vertex 21.8103 20.0024 0
      vertex 21.7298 19.966 0
    endloop
  endfacet
  facet normal 0.881631 0.471939 0
    outer loop
      vertex 20.0441 20.5382 2.5
      vertex 20.0024 20.6161 0
      vertex 20.0024 20.6161 2.5
    endloop
  endfacet
  facet normal 0.881631 0.471939 0
    outer loop
      vertex 20.0024 20.6161 0
      vertex 20.0441 20.5382 2.5
      vertex 20.0441 20.5382 0
    endloop
  endfacet
  facet normal -0.973758 -0.227588 0
    outer loop
      vertex 22.5373 21.4766 0
      vertex 22.5172 21.5626 2.5
      vertex 22.5172 21.5626 0
    endloop
  endfacet
  facet normal -0.973758 -0.227588 0
    outer loop
      vertex 22.5172 21.5626 2.5
      vertex 22.5373 21.4766 0
      vertex 22.5373 21.4766 2.5
    endloop
  endfacet
  facet normal 0.995138 0.0984948 0
    outer loop
      vertex 19.8748 21.037 2.5
      vertex 19.8661 21.1249 0
      vertex 19.8661 21.1249 2.5
    endloop
  endfacet
  facet normal 0.995138 0.0984948 0
    outer loop
      vertex 19.8661 21.1249 0
      vertex 19.8748 21.037 2.5
      vertex 19.8748 21.037 0
    endloop
  endfacet
  facet normal -0.849395 -0.527757 0
    outer loop
      vertex 22.3823 21.8882 0
      vertex 22.3357 21.9632 2.5
      vertex 22.3357 21.9632 0
    endloop
  endfacet
  facet normal -0.849395 -0.527757 0
    outer loop
      vertex 22.3357 21.9632 2.5
      vertex 22.3823 21.8882 0
      vertex 22.3823 21.8882 2.5
    endloop
  endfacet
  facet normal -0.93563 -0.352983 0
    outer loop
      vertex 22.4916 21.6471 0
      vertex 22.4604 21.7298 2.5
      vertex 22.4604 21.7298 0
    endloop
  endfacet
  facet normal -0.93563 -0.352983 0
    outer loop
      vertex 22.4604 21.7298 2.5
      vertex 22.4916 21.6471 0
      vertex 22.4916 21.6471 2.5
    endloop
  endfacet
  facet normal 0.289945 0.957043 -0
    outer loop
      vertex 20.8638 19.9092 0
      vertex 20.7793 19.9348 2.5
      vertex 20.8638 19.9092 2.5
    endloop
  endfacet
  facet normal 0.289945 0.957043 0
    outer loop
      vertex 20.7793 19.9348 2.5
      vertex 20.8638 19.9092 0
      vertex 20.7793 19.9348 0
    endloop
  endfacet
  facet normal -0.986637 -0.162931 0
    outer loop
      vertex 22.5517 21.3894 0
      vertex 22.5373 21.4766 2.5
      vertex 22.5373 21.4766 0
    endloop
  endfacet
  facet normal -0.986637 -0.162931 0
    outer loop
      vertex 22.5373 21.4766 2.5
      vertex 22.5517 21.3894 0
      vertex 22.5517 21.3894 2.5
    endloop
  endfacet
  facet normal -0.812585 0.582843 0
    outer loop
      vertex 22.2842 20.3914 0
      vertex 22.3357 20.4632 2.5
      vertex 22.3357 20.4632 0
    endloop
  endfacet
  facet normal -0.812585 0.582843 0
    outer loop
      vertex 22.3357 20.4632 2.5
      vertex 22.2842 20.3914 0
      vertex 22.2842 20.3914 2.5
    endloop
  endfacet
  facet normal 0.849395 0.527757 0
    outer loop
      vertex 20.0907 20.4632 2.5
      vertex 20.0441 20.5382 0
      vertex 20.0441 20.5382 2.5
    endloop
  endfacet
  facet normal 0.849395 0.527757 0
    outer loop
      vertex 20.0441 20.5382 0
      vertex 20.0907 20.4632 2.5
      vertex 20.0907 20.4632 0
    endloop
  endfacet
  facet normal 0.683527 -0.729925 0
    outer loop
      vertex 20.2586 22.1678 0
      vertex 20.3231 22.2282 2.5
      vertex 20.2586 22.1678 2.5
    endloop
  endfacet
  facet normal 0.683527 -0.729925 0
    outer loop
      vertex 20.3231 22.2282 2.5
      vertex 20.2586 22.1678 0
      vertex 20.3231 22.2282 0
    endloop
  endfacet
  facet normal 0.582843 -0.812585 0
    outer loop
      vertex 20.3914 22.2842 0
      vertex 20.4632 22.3357 2.5
      vertex 20.3914 22.2842 2.5
    endloop
  endfacet
  facet normal 0.582843 -0.812585 0
    outer loop
      vertex 20.4632 22.3357 2.5
      vertex 20.3914 22.2842 0
      vertex 20.4632 22.3357 0
    endloop
  endfacet
  facet normal 0.352983 0.93563 -0
    outer loop
      vertex 20.7793 19.9348 0
      vertex 20.6966 19.966 2.5
      vertex 20.7793 19.9348 2.5
    endloop
  endfacet
  facet normal 0.352983 0.93563 0
    outer loop
      vertex 20.6966 19.966 2.5
      vertex 20.7793 19.9348 0
      vertex 20.6966 19.966 0
    endloop
  endfacet
  facet normal 0.999461 0.0328249 0
    outer loop
      vertex 19.8661 21.1249 2.5
      vertex 19.8632 21.2132 0
      vertex 19.8632 21.2132 2.5
    endloop
  endfacet
  facet normal 0.999461 0.0328249 0
    outer loop
      vertex 19.8632 21.2132 0
      vertex 19.8661 21.1249 2.5
      vertex 19.8661 21.1249 0
    endloop
  endfacet
  facet normal -0.683527 0.729925 0
    outer loop
      vertex 22.1678 20.2586 0
      vertex 22.1033 20.1982 2.5
      vertex 22.1678 20.2586 2.5
    endloop
  endfacet
  facet normal -0.683527 0.729925 0
    outer loop
      vertex 22.1033 20.1982 2.5
      vertex 22.1678 20.2586 0
      vertex 22.1033 20.1982 0
    endloop
  endfacet
  facet normal 0.527757 -0.849395 0
    outer loop
      vertex 20.4632 22.3357 0
      vertex 20.5382 22.3823 2.5
      vertex 20.4632 22.3357 2.5
    endloop
  endfacet
  facet normal 0.527757 -0.849395 0
    outer loop
      vertex 20.5382 22.3823 2.5
      vertex 20.4632 22.3357 0
      vertex 20.5382 22.3823 0
    endloop
  endfacet
  facet normal 0.683527 0.729925 -0
    outer loop
      vertex 20.3231 20.1982 0
      vertex 20.2586 20.2586 2.5
      vertex 20.3231 20.1982 2.5
    endloop
  endfacet
  facet normal 0.683527 0.729925 0
    outer loop
      vertex 20.2586 20.2586 2.5
      vertex 20.3231 20.1982 0
      vertex 20.2586 20.2586 0
    endloop
  endfacet
  facet normal -0.289945 0.957043 0
    outer loop
      vertex 21.6471 19.9348 0
      vertex 21.5626 19.9092 2.5
      vertex 21.6471 19.9348 2.5
    endloop
  endfacet
  facet normal -0.289945 0.957043 0
    outer loop
      vertex 21.5626 19.9092 2.5
      vertex 21.6471 19.9348 0
      vertex 21.5626 19.9092 0
    endloop
  endfacet
  facet normal -0.227588 -0.973758 0
    outer loop
      vertex 21.4766 22.5373 0
      vertex 21.5626 22.5172 2.5
      vertex 21.4766 22.5373 2.5
    endloop
  endfacet
  facet normal -0.227588 -0.973758 -0
    outer loop
      vertex 21.5626 22.5172 2.5
      vertex 21.4766 22.5373 0
      vertex 21.5626 22.5172 0
    endloop
  endfacet
  facet normal 0.999461 -0.0328249 0
    outer loop
      vertex 19.8632 21.2132 2.5
      vertex 19.8661 21.3015 0
      vertex 19.8661 21.3015 2.5
    endloop
  endfacet
  facet normal 0.999461 -0.0328249 0
    outer loop
      vertex 19.8661 21.3015 0
      vertex 19.8632 21.2132 2.5
      vertex 19.8632 21.2132 0
    endloop
  endfacet
  facet normal 0.527757 0.849395 -0
    outer loop
      vertex 20.5382 20.0441 0
      vertex 20.4632 20.0907 2.5
      vertex 20.5382 20.0441 2.5
    endloop
  endfacet
  facet normal 0.527757 0.849395 0
    outer loop
      vertex 20.4632 20.0907 2.5
      vertex 20.5382 20.0441 0
      vertex 20.4632 20.0907 0
    endloop
  endfacet
  facet normal 0.471939 0.881631 -0
    outer loop
      vertex 20.6161 20.0024 0
      vertex 20.5382 20.0441 2.5
      vertex 20.6161 20.0024 2.5
    endloop
  endfacet
  facet normal 0.471939 0.881631 0
    outer loop
      vertex 20.5382 20.0441 2.5
      vertex 20.6161 20.0024 0
      vertex 20.5382 20.0441 0
    endloop
  endfacet
  facet normal 0.227588 0.973758 -0
    outer loop
      vertex 20.9498 19.8891 0
      vertex 20.8638 19.9092 2.5
      vertex 20.9498 19.8891 2.5
    endloop
  endfacet
  facet normal 0.227588 0.973758 0
    outer loop
      vertex 20.8638 19.9092 2.5
      vertex 20.9498 19.8891 0
      vertex 20.8638 19.9092 0
    endloop
  endfacet
  facet normal -0.995138 -0.0984948 0
    outer loop
      vertex -19.8661 21.3015 0
      vertex -19.8748 21.3894 2.5
      vertex -19.8748 21.3894 0
    endloop
  endfacet
  facet normal -0.995138 -0.0984948 0
    outer loop
      vertex -19.8748 21.3894 2.5
      vertex -19.8661 21.3015 0
      vertex -19.8661 21.3015 2.5
    endloop
  endfacet
  facet normal -0.999461 -0.0328249 0
    outer loop
      vertex -19.8632 21.2132 0
      vertex -19.8661 21.3015 2.5
      vertex -19.8661 21.3015 0
    endloop
  endfacet
  facet normal -0.999461 -0.0328249 0
    outer loop
      vertex -19.8661 21.3015 2.5
      vertex -19.8632 21.2132 0
      vertex -19.8632 21.2132 2.5
    endloop
  endfacet
  facet normal -0.289945 -0.957043 0
    outer loop
      vertex -20.8638 22.5172 0
      vertex -20.7793 22.4916 2.5
      vertex -20.8638 22.5172 2.5
    endloop
  endfacet
  facet normal -0.289945 -0.957043 -0
    outer loop
      vertex -20.7793 22.4916 2.5
      vertex -20.8638 22.5172 0
      vertex -20.7793 22.4916 0
    endloop
  endfacet
  facet normal -0.527757 0.849395 0
    outer loop
      vertex -20.4632 20.0907 0
      vertex -20.5382 20.0441 2.5
      vertex -20.4632 20.0907 2.5
    endloop
  endfacet
  facet normal -0.527757 0.849395 0
    outer loop
      vertex -20.5382 20.0441 2.5
      vertex -20.4632 20.0907 0
      vertex -20.5382 20.0441 0
    endloop
  endfacet
  facet normal -0.93563 0.352983 0
    outer loop
      vertex -19.966 20.6966 0
      vertex -19.9348 20.7793 2.5
      vertex -19.9348 20.7793 0
    endloop
  endfacet
  facet normal -0.93563 0.352983 0
    outer loop
      vertex -19.9348 20.7793 2.5
      vertex -19.966 20.6966 0
      vertex -19.966 20.6966 2.5
    endloop
  endfacet
  facet normal -0.986819 -0.161829 0
    outer loop
      vertex -19.8748 21.3894 0
      vertex -19.8891 21.4766 2.5
      vertex -19.8891 21.4766 0
    endloop
  endfacet
  facet normal -0.986819 -0.161829 0
    outer loop
      vertex -19.8891 21.4766 2.5
      vertex -19.8748 21.3894 0
      vertex -19.8748 21.3894 2.5
    endloop
  endfacet
  facet normal 0.986637 0.162931 0
    outer loop
      vertex -22.5373 20.9498 2.5
      vertex -22.5517 21.037 0
      vertex -22.5517 21.037 2.5
    endloop
  endfacet
  facet normal 0.986637 0.162931 0
    outer loop
      vertex -22.5517 21.037 0
      vertex -22.5373 20.9498 2.5
      vertex -22.5373 20.9498 0
    endloop
  endfacet
  facet normal -0.352983 0.93563 0
    outer loop
      vertex -20.6966 19.966 0
      vertex -20.7793 19.9348 2.5
      vertex -20.6966 19.966 2.5
    endloop
  endfacet
  facet normal -0.352983 0.93563 0
    outer loop
      vertex -20.7793 19.9348 2.5
      vertex -20.6966 19.966 0
      vertex -20.7793 19.9348 0
    endloop
  endfacet
  facet normal -0.471939 0.881631 0
    outer loop
      vertex -20.5382 20.0441 0
      vertex -20.6161 20.0024 2.5
      vertex -20.5382 20.0441 2.5
    endloop
  endfacet
  facet normal -0.471939 0.881631 0
    outer loop
      vertex -20.6161 20.0024 2.5
      vertex -20.5382 20.0441 0
      vertex -20.6161 20.0024 0
    endloop
  endfacet
  facet normal 0.634039 -0.773301 0
    outer loop
      vertex -22.1033 22.2282 0
      vertex -22.035 22.2842 2.5
      vertex -22.1033 22.2282 2.5
    endloop
  endfacet
  facet normal 0.634039 -0.773301 0
    outer loop
      vertex -22.035 22.2842 2.5
      vertex -22.1033 22.2282 0
      vertex -22.035 22.2842 0
    endloop
  endfacet
  facet normal 0.683527 0.729925 -0
    outer loop
      vertex -22.1033 20.1982 0
      vertex -22.1678 20.2586 2.5
      vertex -22.1033 20.1982 2.5
    endloop
  endfacet
  facet normal 0.683527 0.729925 0
    outer loop
      vertex -22.1678 20.2586 2.5
      vertex -22.1033 20.1982 0
      vertex -22.1678 20.2586 0
    endloop
  endfacet
  facet normal 0.161829 0.986819 -0
    outer loop
      vertex -21.3894 19.8748 0
      vertex -21.4766 19.8891 2.5
      vertex -21.3894 19.8748 2.5
    endloop
  endfacet
  facet normal 0.161829 0.986819 0
    outer loop
      vertex -21.4766 19.8891 2.5
      vertex -21.3894 19.8748 0
      vertex -21.4766 19.8891 0
    endloop
  endfacet
  facet normal -0.957043 0.289945 0
    outer loop
      vertex -19.9348 20.7793 0
      vertex -19.9092 20.8638 2.5
      vertex -19.9092 20.8638 0
    endloop
  endfacet
  facet normal -0.957043 0.289945 0
    outer loop
      vertex -19.9092 20.8638 2.5
      vertex -19.9348 20.7793 0
      vertex -19.9348 20.7793 2.5
    endloop
  endfacet
  facet normal 0.471939 -0.881631 0
    outer loop
      vertex -21.8882 22.3823 0
      vertex -21.8103 22.424 2.5
      vertex -21.8882 22.3823 2.5
    endloop
  endfacet
  facet normal 0.471939 -0.881631 0
    outer loop
      vertex -21.8103 22.424 2.5
      vertex -21.8882 22.3823 0
      vertex -21.8103 22.424 0
    endloop
  endfacet
  facet normal -0.773301 -0.634039 0
    outer loop
      vertex -20.1422 22.035 0
      vertex -20.1982 22.1033 2.5
      vertex -20.1982 22.1033 0
    endloop
  endfacet
  facet normal -0.773301 -0.634039 0
    outer loop
      vertex -20.1982 22.1033 2.5
      vertex -20.1422 22.035 0
      vertex -20.1422 22.035 2.5
    endloop
  endfacet
  facet normal -0.162931 -0.986637 0
    outer loop
      vertex -21.037 22.5517 0
      vertex -20.9498 22.5373 2.5
      vertex -21.037 22.5517 2.5
    endloop
  endfacet
  facet normal -0.162931 -0.986637 -0
    outer loop
      vertex -20.9498 22.5373 2.5
      vertex -21.037 22.5517 0
      vertex -20.9498 22.5373 0
    endloop
  endfacet
  facet normal 0.352983 -0.93563 0
    outer loop
      vertex -21.7298 22.4604 0
      vertex -21.6471 22.4916 2.5
      vertex -21.7298 22.4604 2.5
    endloop
  endfacet
  facet normal 0.352983 -0.93563 0
    outer loop
      vertex -21.6471 22.4916 2.5
      vertex -21.7298 22.4604 0
      vertex -21.6471 22.4916 0
    endloop
  endfacet
  facet normal 0.812585 -0.582843 0
    outer loop
      vertex -22.3357 21.9632 2.5
      vertex -22.2842 22.035 0
      vertex -22.2842 22.035 2.5
    endloop
  endfacet
  facet normal 0.812585 -0.582843 0
    outer loop
      vertex -22.2842 22.035 0
      vertex -22.3357 21.9632 2.5
      vertex -22.3357 21.9632 0
    endloop
  endfacet
  facet normal -0.0973735 -0.995248 0
    outer loop
      vertex -21.1249 22.5603 0
      vertex -21.037 22.5517 2.5
      vertex -21.1249 22.5603 2.5
    endloop
  endfacet
  facet normal -0.0973735 -0.995248 -0
    outer loop
      vertex -21.037 22.5517 2.5
      vertex -21.1249 22.5603 0
      vertex -21.037 22.5517 0
    endloop
  endfacet
  facet normal -0.881631 0.471939 0
    outer loop
      vertex -20.0441 20.5382 0
      vertex -20.0024 20.6161 2.5
      vertex -20.0024 20.6161 0
    endloop
  endfacet
  facet normal -0.881631 0.471939 0
    outer loop
      vertex -20.0024 20.6161 2.5
      vertex -20.0441 20.5382 0
      vertex -20.0441 20.5382 2.5
    endloop
  endfacet
  facet normal 0.729925 0.683527 0
    outer loop
      vertex -22.1678 20.2586 2.5
      vertex -22.2282 20.3231 0
      vertex -22.2282 20.3231 2.5
    endloop
  endfacet
  facet normal 0.729925 0.683527 0
    outer loop
      vertex -22.2282 20.3231 0
      vertex -22.1678 20.2586 2.5
      vertex -22.1678 20.2586 0
    endloop
  endfacet
  facet normal -0.911179 -0.412011 0
    outer loop
      vertex -19.966 21.7298 0
      vertex -20.0024 21.8103 2.5
      vertex -20.0024 21.8103 0
    endloop
  endfacet
  facet normal -0.911179 -0.412011 0
    outer loop
      vertex -20.0024 21.8103 2.5
      vertex -19.966 21.7298 0
      vertex -19.966 21.7298 2.5
    endloop
  endfacet
  facet normal -0.634039 0.773301 0
    outer loop
      vertex -20.3231 20.1982 0
      vertex -20.3914 20.1422 2.5
      vertex -20.3231 20.1982 2.5
    endloop
  endfacet
  facet normal -0.634039 0.773301 0
    outer loop
      vertex -20.3914 20.1422 2.5
      vertex -20.3231 20.1982 0
      vertex -20.3914 20.1422 0
    endloop
  endfacet
  facet normal -0.582843 -0.812585 0
    outer loop
      vertex -20.4632 22.3357 0
      vertex -20.3914 22.2842 2.5
      vertex -20.4632 22.3357 2.5
    endloop
  endfacet
  facet normal -0.582843 -0.812585 -0
    outer loop
      vertex -20.3914 22.2842 2.5
      vertex -20.4632 22.3357 0
      vertex -20.3914 22.2842 0
    endloop
  endfacet
  facet normal -0.352983 -0.93563 0
    outer loop
      vertex -20.7793 22.4916 0
      vertex -20.6966 22.4604 2.5
      vertex -20.7793 22.4916 2.5
    endloop
  endfacet
  facet normal -0.352983 -0.93563 -0
    outer loop
      vertex -20.6966 22.4604 2.5
      vertex -20.7793 22.4916 0
      vertex -20.6966 22.4604 0
    endloop
  endfacet
  facet normal -0.995138 0.0984948 0
    outer loop
      vertex -19.8748 21.037 0
      vertex -19.8661 21.1249 2.5
      vertex -19.8661 21.1249 0
    endloop
  endfacet
  facet normal -0.995138 0.0984948 0
    outer loop
      vertex -19.8661 21.1249 2.5
      vertex -19.8748 21.037 0
      vertex -19.8748 21.037 2.5
    endloop
  endfacet
  facet normal -0.957043 -0.289945 0
    outer loop
      vertex -19.9092 21.5626 0
      vertex -19.9348 21.6471 2.5
      vertex -19.9348 21.6471 0
    endloop
  endfacet
  facet normal -0.957043 -0.289945 0
    outer loop
      vertex -19.9348 21.6471 2.5
      vertex -19.9092 21.5626 0
      vertex -19.9092 21.5626 2.5
    endloop
  endfacet
  facet normal -0.227588 0.973758 0
    outer loop
      vertex -20.8638 19.9092 0
      vertex -20.9498 19.8891 2.5
      vertex -20.8638 19.9092 2.5
    endloop
  endfacet
  facet normal -0.227588 0.973758 0
    outer loop
      vertex -20.9498 19.8891 2.5
      vertex -20.8638 19.9092 0
      vertex -20.9498 19.8891 0
    endloop
  endfacet
  facet normal 0.412011 0.911179 -0
    outer loop
      vertex -21.7298 19.966 0
      vertex -21.8103 20.0024 2.5
      vertex -21.7298 19.966 2.5
    endloop
  endfacet
  facet normal 0.412011 0.911179 0
    outer loop
      vertex -21.8103 20.0024 2.5
      vertex -21.7298 19.966 0
      vertex -21.8103 20.0024 0
    endloop
  endfacet
  facet normal 0.957043 -0.289945 0
    outer loop
      vertex -22.5172 21.5626 2.5
      vertex -22.4916 21.6471 0
      vertex -22.4916 21.6471 2.5
    endloop
  endfacet
  facet normal 0.957043 -0.289945 0
    outer loop
      vertex -22.4916 21.6471 0
      vertex -22.5172 21.5626 2.5
      vertex -22.5172 21.5626 0
    endloop
  endfacet
  facet normal -0.527757 -0.849395 0
    outer loop
      vertex -20.5382 22.3823 0
      vertex -20.4632 22.3357 2.5
      vertex -20.5382 22.3823 2.5
    endloop
  endfacet
  facet normal -0.527757 -0.849395 -0
    outer loop
      vertex -20.4632 22.3357 2.5
      vertex -20.5382 22.3823 0
      vertex -20.4632 22.3357 0
    endloop
  endfacet
  facet normal 0.582843 0.812585 -0
    outer loop
      vertex -21.9632 20.0907 0
      vertex -22.035 20.1422 2.5
      vertex -21.9632 20.0907 2.5
    endloop
  endfacet
  facet normal 0.582843 0.812585 0
    outer loop
      vertex -22.035 20.1422 2.5
      vertex -21.9632 20.0907 0
      vertex -22.035 20.1422 0
    endloop
  endfacet
  facet normal 0.0328249 -0.999461 0
    outer loop
      vertex -21.3015 22.5603 0
      vertex -21.2132 22.5632 2.5
      vertex -21.3015 22.5603 2.5
    endloop
  endfacet
  facet normal 0.0328249 -0.999461 0
    outer loop
      vertex -21.2132 22.5632 2.5
      vertex -21.3015 22.5603 0
      vertex -21.2132 22.5632 0
    endloop
  endfacet
  facet normal 0.911179 -0.412011 0
    outer loop
      vertex -22.4604 21.7298 2.5
      vertex -22.424 21.8103 0
      vertex -22.424 21.8103 2.5
    endloop
  endfacet
  facet normal 0.911179 -0.412011 0
    outer loop
      vertex -22.424 21.8103 0
      vertex -22.4604 21.7298 2.5
      vertex -22.4604 21.7298 0
    endloop
  endfacet
  facet normal -0.412011 -0.911179 0
    outer loop
      vertex -20.6966 22.4604 0
      vertex -20.6161 22.424 2.5
      vertex -20.6966 22.4604 2.5
    endloop
  endfacet
  facet normal -0.412011 -0.911179 -0
    outer loop
      vertex -20.6161 22.424 2.5
      vertex -20.6966 22.4604 0
      vertex -20.6161 22.424 0
    endloop
  endfacet
  facet normal -0.911179 0.412011 0
    outer loop
      vertex -20.0024 20.6161 0
      vertex -19.966 20.6966 2.5
      vertex -19.966 20.6966 0
    endloop
  endfacet
  facet normal -0.911179 0.412011 0
    outer loop
      vertex -19.966 20.6966 2.5
      vertex -20.0024 20.6161 0
      vertex -20.0024 20.6161 2.5
    endloop
  endfacet
  facet normal 0.729925 -0.683527 0
    outer loop
      vertex -22.2282 22.1033 2.5
      vertex -22.1678 22.1678 0
      vertex -22.1678 22.1678 2.5
    endloop
  endfacet
  facet normal 0.729925 -0.683527 0
    outer loop
      vertex -22.1678 22.1678 0
      vertex -22.2282 22.1033 2.5
      vertex -22.2282 22.1033 0
    endloop
  endfacet
  facet normal 0.227588 -0.973758 0
    outer loop
      vertex -21.5626 22.5172 0
      vertex -21.4766 22.5373 2.5
      vertex -21.5626 22.5172 2.5
    endloop
  endfacet
  facet normal 0.227588 -0.973758 0
    outer loop
      vertex -21.4766 22.5373 2.5
      vertex -21.5626 22.5172 0
      vertex -21.4766 22.5373 0
    endloop
  endfacet
  facet normal -0.986819 0.161829 0
    outer loop
      vertex -19.8891 20.9498 0
      vertex -19.8748 21.037 2.5
      vertex -19.8748 21.037 0
    endloop
  endfacet
  facet normal -0.986819 0.161829 0
    outer loop
      vertex -19.8748 21.037 2.5
      vertex -19.8891 20.9498 0
      vertex -19.8891 20.9498 2.5
    endloop
  endfacet
  facet normal 0.93563 0.352983 0
    outer loop
      vertex -22.4604 20.6966 2.5
      vertex -22.4916 20.7793 0
      vertex -22.4916 20.7793 2.5
    endloop
  endfacet
  facet normal 0.93563 0.352983 0
    outer loop
      vertex -22.4916 20.7793 0
      vertex -22.4604 20.6966 2.5
      vertex -22.4604 20.6966 0
    endloop
  endfacet
  facet normal -0.582843 0.812585 0
    outer loop
      vertex -20.3914 20.1422 0
      vertex -20.4632 20.0907 2.5
      vertex -20.3914 20.1422 2.5
    endloop
  endfacet
  facet normal -0.582843 0.812585 0
    outer loop
      vertex -20.4632 20.0907 2.5
      vertex -20.3914 20.1422 0
      vertex -20.4632 20.0907 0
    endloop
  endfacet
  facet normal 0.773301 0.634039 0
    outer loop
      vertex -22.2282 20.3231 2.5
      vertex -22.2842 20.3914 0
      vertex -22.2842 20.3914 2.5
    endloop
  endfacet
  facet normal 0.773301 0.634039 0
    outer loop
      vertex -22.2842 20.3914 0
      vertex -22.2282 20.3231 2.5
      vertex -22.2282 20.3231 0
    endloop
  endfacet
  facet normal -0.773301 0.634039 0
    outer loop
      vertex -20.1982 20.3231 0
      vertex -20.1422 20.3914 2.5
      vertex -20.1422 20.3914 0
    endloop
  endfacet
  facet normal -0.773301 0.634039 0
    outer loop
      vertex -20.1422 20.3914 2.5
      vertex -20.1982 20.3231 0
      vertex -20.1982 20.3231 2.5
    endloop
  endfacet
  facet normal -0.0328249 -0.999461 0
    outer loop
      vertex -21.2132 22.5632 0
      vertex -21.1249 22.5603 2.5
      vertex -21.2132 22.5632 2.5
    endloop
  endfacet
  facet normal -0.0328249 -0.999461 -0
    outer loop
      vertex -21.1249 22.5603 2.5
      vertex -21.2132 22.5632 0
      vertex -21.1249 22.5603 0
    endloop
  endfacet
  facet normal 0.773301 -0.634039 0
    outer loop
      vertex -22.2842 22.035 2.5
      vertex -22.2282 22.1033 0
      vertex -22.2282 22.1033 2.5
    endloop
  endfacet
  facet normal 0.773301 -0.634039 0
    outer loop
      vertex -22.2282 22.1033 0
      vertex -22.2842 22.035 2.5
      vertex -22.2842 22.035 0
    endloop
  endfacet
  facet normal -0.634039 -0.773301 0
    outer loop
      vertex -20.3914 22.2842 0
      vertex -20.3231 22.2282 2.5
      vertex -20.3914 22.2842 2.5
    endloop
  endfacet
  facet normal -0.634039 -0.773301 -0
    outer loop
      vertex -20.3231 22.2282 2.5
      vertex -20.3914 22.2842 0
      vertex -20.3231 22.2282 0
    endloop
  endfacet
  facet normal -0.161829 0.986819 0
    outer loop
      vertex -20.9498 19.8891 0
      vertex -21.037 19.8748 2.5
      vertex -20.9498 19.8891 2.5
    endloop
  endfacet
  facet normal -0.161829 0.986819 0
    outer loop
      vertex -21.037 19.8748 2.5
      vertex -20.9498 19.8891 0
      vertex -21.037 19.8748 0
    endloop
  endfacet
  facet normal -0.471939 -0.881631 0
    outer loop
      vertex -20.6161 22.424 0
      vertex -20.5382 22.3823 2.5
      vertex -20.6161 22.424 2.5
    endloop
  endfacet
  facet normal -0.471939 -0.881631 -0
    outer loop
      vertex -20.5382 22.3823 2.5
      vertex -20.6161 22.424 0
      vertex -20.5382 22.3823 0
    endloop
  endfacet
  facet normal 0.881631 -0.471939 0
    outer loop
      vertex -22.424 21.8103 2.5
      vertex -22.3823 21.8882 0
      vertex -22.3823 21.8882 2.5
    endloop
  endfacet
  facet normal 0.881631 -0.471939 0
    outer loop
      vertex -22.3823 21.8882 0
      vertex -22.424 21.8103 2.5
      vertex -22.424 21.8103 0
    endloop
  endfacet
  facet normal -0.0984948 0.995138 0
    outer loop
      vertex -21.037 19.8748 0
      vertex -21.1249 19.8661 2.5
      vertex -21.037 19.8748 2.5
    endloop
  endfacet
  facet normal -0.0984948 0.995138 0
    outer loop
      vertex -21.1249 19.8661 2.5
      vertex -21.037 19.8748 0
      vertex -21.1249 19.8661 0
    endloop
  endfacet
  facet normal -0.849395 0.527757 0
    outer loop
      vertex -20.0907 20.4632 0
      vertex -20.0441 20.5382 2.5
      vertex -20.0441 20.5382 0
    endloop
  endfacet
  facet normal -0.849395 0.527757 0
    outer loop
      vertex -20.0441 20.5382 2.5
      vertex -20.0907 20.4632 0
      vertex -20.0907 20.4632 2.5
    endloop
  endfacet
  facet normal -0.881631 -0.471939 0
    outer loop
      vertex -20.0024 21.8103 0
      vertex -20.0441 21.8882 2.5
      vertex -20.0441 21.8882 0
    endloop
  endfacet
  facet normal -0.881631 -0.471939 0
    outer loop
      vertex -20.0441 21.8882 2.5
      vertex -20.0024 21.8103 0
      vertex -20.0024 21.8103 2.5
    endloop
  endfacet
  facet normal 0.995248 -0.0973735 0
    outer loop
      vertex -22.5603 21.3015 2.5
      vertex -22.5517 21.3894 0
      vertex -22.5517 21.3894 2.5
    endloop
  endfacet
  facet normal 0.995248 -0.0973735 0
    outer loop
      vertex -22.5517 21.3894 0
      vertex -22.5603 21.3015 2.5
      vertex -22.5603 21.3015 0
    endloop
  endfacet
  facet normal 0.957043 0.289945 0
    outer loop
      vertex -22.4916 20.7793 2.5
      vertex -22.5172 20.8638 0
      vertex -22.5172 20.8638 2.5
    endloop
  endfacet
  facet normal 0.957043 0.289945 0
    outer loop
      vertex -22.5172 20.8638 0
      vertex -22.4916 20.7793 2.5
      vertex -22.4916 20.7793 0
    endloop
  endfacet
  facet normal 0.289945 -0.957043 0
    outer loop
      vertex -21.6471 22.4916 0
      vertex -21.5626 22.5172 2.5
      vertex -21.6471 22.4916 2.5
    endloop
  endfacet
  facet normal 0.289945 -0.957043 0
    outer loop
      vertex -21.5626 22.5172 2.5
      vertex -21.6471 22.4916 0
      vertex -21.5626 22.5172 0
    endloop
  endfacet
  facet normal 0.0984948 0.995138 -0
    outer loop
      vertex -21.3015 19.8661 0
      vertex -21.3894 19.8748 2.5
      vertex -21.3015 19.8661 2.5
    endloop
  endfacet
  facet normal 0.0984948 0.995138 0
    outer loop
      vertex -21.3894 19.8748 2.5
      vertex -21.3015 19.8661 0
      vertex -21.3894 19.8748 0
    endloop
  endfacet
  facet normal 0.0328249 0.999461 -0
    outer loop
      vertex -21.2132 19.8632 0
      vertex -21.3015 19.8661 2.5
      vertex -21.2132 19.8632 2.5
    endloop
  endfacet
  facet normal 0.0328249 0.999461 0
    outer loop
      vertex -21.3015 19.8661 2.5
      vertex -21.2132 19.8632 0
      vertex -21.3015 19.8661 0
    endloop
  endfacet
  facet normal 0.634039 0.773301 -0
    outer loop
      vertex -22.035 20.1422 0
      vertex -22.1033 20.1982 2.5
      vertex -22.035 20.1422 2.5
    endloop
  endfacet
  facet normal 0.634039 0.773301 0
    outer loop
      vertex -22.1033 20.1982 2.5
      vertex -22.035 20.1422 0
      vertex -22.1033 20.1982 0
    endloop
  endfacet
  facet normal -0.973758 0.227588 0
    outer loop
      vertex -19.9092 20.8638 0
      vertex -19.8891 20.9498 2.5
      vertex -19.8891 20.9498 0
    endloop
  endfacet
  facet normal -0.973758 0.227588 0
    outer loop
      vertex -19.8891 20.9498 2.5
      vertex -19.9092 20.8638 0
      vertex -19.9092 20.8638 2.5
    endloop
  endfacet
  facet normal 0.849395 -0.527757 0
    outer loop
      vertex -22.3823 21.8882 2.5
      vertex -22.3357 21.9632 0
      vertex -22.3357 21.9632 2.5
    endloop
  endfacet
  facet normal 0.849395 -0.527757 0
    outer loop
      vertex -22.3357 21.9632 0
      vertex -22.3823 21.8882 2.5
      vertex -22.3823 21.8882 0
    endloop
  endfacet
  facet normal 0.973758 0.227588 0
    outer loop
      vertex -22.5172 20.8638 2.5
      vertex -22.5373 20.9498 0
      vertex -22.5373 20.9498 2.5
    endloop
  endfacet
  facet normal 0.973758 0.227588 0
    outer loop
      vertex -22.5373 20.9498 0
      vertex -22.5172 20.8638 2.5
      vertex -22.5172 20.8638 0
    endloop
  endfacet
  facet normal -0.812585 -0.582843 0
    outer loop
      vertex -20.0907 21.9632 0
      vertex -20.1422 22.035 2.5
      vertex -20.1422 22.035 0
    endloop
  endfacet
  facet normal -0.812585 -0.582843 0
    outer loop
      vertex -20.1422 22.035 2.5
      vertex -20.0907 21.9632 0
      vertex -20.0907 21.9632 2.5
    endloop
  endfacet
  facet normal -0.729925 -0.683527 0
    outer loop
      vertex -20.1982 22.1033 0
      vertex -20.2586 22.1678 2.5
      vertex -20.2586 22.1678 0
    endloop
  endfacet
  facet normal -0.729925 -0.683527 0
    outer loop
      vertex -20.2586 22.1678 2.5
      vertex -20.1982 22.1033 0
      vertex -20.1982 22.1033 2.5
    endloop
  endfacet
  facet normal 0.986637 -0.162931 0
    outer loop
      vertex -22.5517 21.3894 2.5
      vertex -22.5373 21.4766 0
      vertex -22.5373 21.4766 2.5
    endloop
  endfacet
  facet normal 0.986637 -0.162931 0
    outer loop
      vertex -22.5373 21.4766 0
      vertex -22.5517 21.3894 2.5
      vertex -22.5517 21.3894 0
    endloop
  endfacet
  facet normal 0.412011 -0.911179 0
    outer loop
      vertex -21.8103 22.424 0
      vertex -21.7298 22.4604 2.5
      vertex -21.8103 22.424 2.5
    endloop
  endfacet
  facet normal 0.412011 -0.911179 0
    outer loop
      vertex -21.7298 22.4604 2.5
      vertex -21.8103 22.424 0
      vertex -21.7298 22.4604 0
    endloop
  endfacet
  facet normal -0.0328249 0.999461 0
    outer loop
      vertex -21.1249 19.8661 0
      vertex -21.2132 19.8632 2.5
      vertex -21.1249 19.8661 2.5
    endloop
  endfacet
  facet normal -0.0328249 0.999461 0
    outer loop
      vertex -21.2132 19.8632 2.5
      vertex -21.1249 19.8661 0
      vertex -21.2132 19.8632 0
    endloop
  endfacet
  facet normal 0.0973735 -0.995248 0
    outer loop
      vertex -21.3894 22.5517 0
      vertex -21.3015 22.5603 2.5
      vertex -21.3894 22.5517 2.5
    endloop
  endfacet
  facet normal 0.0973735 -0.995248 0
    outer loop
      vertex -21.3015 22.5603 2.5
      vertex -21.3894 22.5517 0
      vertex -21.3015 22.5603 0
    endloop
  endfacet
  facet normal -0.999461 0.0328249 0
    outer loop
      vertex -19.8661 21.1249 0
      vertex -19.8632 21.2132 2.5
      vertex -19.8632 21.2132 0
    endloop
  endfacet
  facet normal -0.999461 0.0328249 0
    outer loop
      vertex -19.8632 21.2132 2.5
      vertex -19.8661 21.1249 0
      vertex -19.8661 21.1249 2.5
    endloop
  endfacet
  facet normal 0.911179 0.412011 0
    outer loop
      vertex -22.424 20.6161 2.5
      vertex -22.4604 20.6966 0
      vertex -22.4604 20.6966 2.5
    endloop
  endfacet
  facet normal 0.911179 0.412011 0
    outer loop
      vertex -22.4604 20.6966 0
      vertex -22.424 20.6161 2.5
      vertex -22.424 20.6161 0
    endloop
  endfacet
  facet normal 0.812585 0.582843 0
    outer loop
      vertex -22.2842 20.3914 2.5
      vertex -22.3357 20.4632 0
      vertex -22.3357 20.4632 2.5
    endloop
  endfacet
  facet normal 0.812585 0.582843 0
    outer loop
      vertex -22.3357 20.4632 0
      vertex -22.2842 20.3914 2.5
      vertex -22.2842 20.3914 0
    endloop
  endfacet
  facet normal -0.729925 0.683527 0
    outer loop
      vertex -20.2586 20.2586 0
      vertex -20.1982 20.3231 2.5
      vertex -20.1982 20.3231 0
    endloop
  endfacet
  facet normal -0.729925 0.683527 0
    outer loop
      vertex -20.1982 20.3231 2.5
      vertex -20.2586 20.2586 0
      vertex -20.2586 20.2586 2.5
    endloop
  endfacet
  facet normal 0.162931 -0.986637 0
    outer loop
      vertex -21.4766 22.5373 0
      vertex -21.3894 22.5517 2.5
      vertex -21.4766 22.5373 2.5
    endloop
  endfacet
  facet normal 0.162931 -0.986637 0
    outer loop
      vertex -21.3894 22.5517 2.5
      vertex -21.4766 22.5373 0
      vertex -21.3894 22.5517 0
    endloop
  endfacet
  facet normal -0.412011 0.911179 0
    outer loop
      vertex -20.6161 20.0024 0
      vertex -20.6966 19.966 2.5
      vertex -20.6161 20.0024 2.5
    endloop
  endfacet
  facet normal -0.412011 0.911179 0
    outer loop
      vertex -20.6966 19.966 2.5
      vertex -20.6161 20.0024 0
      vertex -20.6966 19.966 0
    endloop
  endfacet
  facet normal 0.881631 0.471939 0
    outer loop
      vertex -22.3823 20.5382 2.5
      vertex -22.424 20.6161 0
      vertex -22.424 20.6161 2.5
    endloop
  endfacet
  facet normal 0.881631 0.471939 0
    outer loop
      vertex -22.424 20.6161 0
      vertex -22.3823 20.5382 2.5
      vertex -22.3823 20.5382 0
    endloop
  endfacet
  facet normal -0.973758 -0.227588 0
    outer loop
      vertex -19.8891 21.4766 0
      vertex -19.9092 21.5626 2.5
      vertex -19.9092 21.5626 0
    endloop
  endfacet
  facet normal -0.973758 -0.227588 0
    outer loop
      vertex -19.9092 21.5626 2.5
      vertex -19.8891 21.4766 0
      vertex -19.8891 21.4766 2.5
    endloop
  endfacet
  facet normal 0.995248 0.0973735 0
    outer loop
      vertex -22.5517 21.037 2.5
      vertex -22.5603 21.1249 0
      vertex -22.5603 21.1249 2.5
    endloop
  endfacet
  facet normal 0.995248 0.0973735 0
    outer loop
      vertex -22.5603 21.1249 0
      vertex -22.5517 21.037 2.5
      vertex -22.5517 21.037 0
    endloop
  endfacet
  facet normal -0.849395 -0.527757 0
    outer loop
      vertex -20.0441 21.8882 0
      vertex -20.0907 21.9632 2.5
      vertex -20.0907 21.9632 0
    endloop
  endfacet
  facet normal -0.849395 -0.527757 0
    outer loop
      vertex -20.0907 21.9632 2.5
      vertex -20.0441 21.8882 0
      vertex -20.0441 21.8882 2.5
    endloop
  endfacet
  facet normal -0.93563 -0.352983 0
    outer loop
      vertex -19.9348 21.6471 0
      vertex -19.966 21.7298 2.5
      vertex -19.966 21.7298 0
    endloop
  endfacet
  facet normal -0.93563 -0.352983 0
    outer loop
      vertex -19.966 21.7298 2.5
      vertex -19.9348 21.6471 0
      vertex -19.9348 21.6471 2.5
    endloop
  endfacet
  facet normal 0.289945 0.957043 -0
    outer loop
      vertex -21.5626 19.9092 0
      vertex -21.6471 19.9348 2.5
      vertex -21.5626 19.9092 2.5
    endloop
  endfacet
  facet normal 0.289945 0.957043 0
    outer loop
      vertex -21.6471 19.9348 2.5
      vertex -21.5626 19.9092 0
      vertex -21.6471 19.9348 0
    endloop
  endfacet
  facet normal -0.812585 0.582843 0
    outer loop
      vertex -20.1422 20.3914 0
      vertex -20.0907 20.4632 2.5
      vertex -20.0907 20.4632 0
    endloop
  endfacet
  facet normal -0.812585 0.582843 0
    outer loop
      vertex -20.0907 20.4632 2.5
      vertex -20.1422 20.3914 0
      vertex -20.1422 20.3914 2.5
    endloop
  endfacet
  facet normal 0.973758 -0.227588 0
    outer loop
      vertex -22.5373 21.4766 2.5
      vertex -22.5172 21.5626 0
      vertex -22.5172 21.5626 2.5
    endloop
  endfacet
  facet normal 0.973758 -0.227588 0
    outer loop
      vertex -22.5172 21.5626 0
      vertex -22.5373 21.4766 2.5
      vertex -22.5373 21.4766 0
    endloop
  endfacet
  facet normal 0.849395 0.527757 0
    outer loop
      vertex -22.3357 20.4632 2.5
      vertex -22.3823 20.5382 0
      vertex -22.3823 20.5382 2.5
    endloop
  endfacet
  facet normal 0.849395 0.527757 0
    outer loop
      vertex -22.3823 20.5382 0
      vertex -22.3357 20.4632 2.5
      vertex -22.3357 20.4632 0
    endloop
  endfacet
  facet normal 0.683527 -0.729925 0
    outer loop
      vertex -22.1678 22.1678 0
      vertex -22.1033 22.2282 2.5
      vertex -22.1678 22.1678 2.5
    endloop
  endfacet
  facet normal 0.683527 -0.729925 0
    outer loop
      vertex -22.1033 22.2282 2.5
      vertex -22.1678 22.1678 0
      vertex -22.1033 22.2282 0
    endloop
  endfacet
  facet normal 0.582843 -0.812585 0
    outer loop
      vertex -22.035 22.2842 0
      vertex -21.9632 22.3357 2.5
      vertex -22.035 22.2842 2.5
    endloop
  endfacet
  facet normal 0.582843 -0.812585 0
    outer loop
      vertex -21.9632 22.3357 2.5
      vertex -22.035 22.2842 0
      vertex -21.9632 22.3357 0
    endloop
  endfacet
  facet normal 0.352983 0.93563 -0
    outer loop
      vertex -21.6471 19.9348 0
      vertex -21.7298 19.966 2.5
      vertex -21.6471 19.9348 2.5
    endloop
  endfacet
  facet normal 0.352983 0.93563 0
    outer loop
      vertex -21.7298 19.966 2.5
      vertex -21.6471 19.9348 0
      vertex -21.7298 19.966 0
    endloop
  endfacet
  facet normal 0.999461 0.0328249 0
    outer loop
      vertex -22.5603 21.1249 2.5
      vertex -22.5632 21.2132 0
      vertex -22.5632 21.2132 2.5
    endloop
  endfacet
  facet normal 0.999461 0.0328249 0
    outer loop
      vertex -22.5632 21.2132 0
      vertex -22.5603 21.1249 2.5
      vertex -22.5603 21.1249 0
    endloop
  endfacet
  facet normal -0.683527 0.729925 0
    outer loop
      vertex -20.2586 20.2586 0
      vertex -20.3231 20.1982 2.5
      vertex -20.2586 20.2586 2.5
    endloop
  endfacet
  facet normal -0.683527 0.729925 0
    outer loop
      vertex -20.3231 20.1982 2.5
      vertex -20.2586 20.2586 0
      vertex -20.3231 20.1982 0
    endloop
  endfacet
  facet normal 0.527757 -0.849395 0
    outer loop
      vertex -21.9632 22.3357 0
      vertex -21.8882 22.3823 2.5
      vertex -21.9632 22.3357 2.5
    endloop
  endfacet
  facet normal 0.527757 -0.849395 0
    outer loop
      vertex -21.8882 22.3823 2.5
      vertex -21.9632 22.3357 0
      vertex -21.8882 22.3823 0
    endloop
  endfacet
  facet normal -0.683527 -0.729925 0
    outer loop
      vertex -20.3231 22.2282 0
      vertex -20.2586 22.1678 2.5
      vertex -20.3231 22.2282 2.5
    endloop
  endfacet
  facet normal -0.683527 -0.729925 -0
    outer loop
      vertex -20.2586 22.1678 2.5
      vertex -20.3231 22.2282 0
      vertex -20.2586 22.1678 0
    endloop
  endfacet
  facet normal -0.289945 0.957043 0
    outer loop
      vertex -20.7793 19.9348 0
      vertex -20.8638 19.9092 2.5
      vertex -20.7793 19.9348 2.5
    endloop
  endfacet
  facet normal -0.289945 0.957043 0
    outer loop
      vertex -20.8638 19.9092 2.5
      vertex -20.7793 19.9348 0
      vertex -20.8638 19.9092 0
    endloop
  endfacet
  facet normal -0.227588 -0.973758 0
    outer loop
      vertex -20.9498 22.5373 0
      vertex -20.8638 22.5172 2.5
      vertex -20.9498 22.5373 2.5
    endloop
  endfacet
  facet normal -0.227588 -0.973758 -0
    outer loop
      vertex -20.8638 22.5172 2.5
      vertex -20.9498 22.5373 0
      vertex -20.8638 22.5172 0
    endloop
  endfacet
  facet normal 0.999461 -0.0328249 0
    outer loop
      vertex -22.5632 21.2132 2.5
      vertex -22.5603 21.3015 0
      vertex -22.5603 21.3015 2.5
    endloop
  endfacet
  facet normal 0.999461 -0.0328249 0
    outer loop
      vertex -22.5603 21.3015 0
      vertex -22.5632 21.2132 2.5
      vertex -22.5632 21.2132 0
    endloop
  endfacet
  facet normal 0.93563 -0.352983 0
    outer loop
      vertex -22.4916 21.6471 2.5
      vertex -22.4604 21.7298 0
      vertex -22.4604 21.7298 2.5
    endloop
  endfacet
  facet normal 0.93563 -0.352983 0
    outer loop
      vertex -22.4604 21.7298 0
      vertex -22.4916 21.6471 2.5
      vertex -22.4916 21.6471 0
    endloop
  endfacet
  facet normal 0.527757 0.849395 -0
    outer loop
      vertex -21.8882 20.0441 0
      vertex -21.9632 20.0907 2.5
      vertex -21.8882 20.0441 2.5
    endloop
  endfacet
  facet normal 0.527757 0.849395 0
    outer loop
      vertex -21.9632 20.0907 2.5
      vertex -21.8882 20.0441 0
      vertex -21.9632 20.0907 0
    endloop
  endfacet
  facet normal 0.471939 0.881631 -0
    outer loop
      vertex -21.8103 20.0024 0
      vertex -21.8882 20.0441 2.5
      vertex -21.8103 20.0024 2.5
    endloop
  endfacet
  facet normal 0.471939 0.881631 0
    outer loop
      vertex -21.8882 20.0441 2.5
      vertex -21.8103 20.0024 0
      vertex -21.8882 20.0441 0
    endloop
  endfacet
  facet normal 0.227588 0.973758 -0
    outer loop
      vertex -21.4766 19.8891 0
      vertex -21.5626 19.9092 2.5
      vertex -21.4766 19.8891 2.5
    endloop
  endfacet
  facet normal 0.227588 0.973758 0
    outer loop
      vertex -21.5626 19.9092 2.5
      vertex -21.4766 19.8891 0
      vertex -21.5626 19.9092 0
    endloop
  endfacet
  facet normal -0.999461 0.0328249 0
    outer loop
      vertex -19.8661 -21.3015 0
      vertex -19.8632 -21.2132 2.5
      vertex -19.8632 -21.2132 0
    endloop
  endfacet
  facet normal -0.999461 0.0328249 0
    outer loop
      vertex -19.8632 -21.2132 2.5
      vertex -19.8661 -21.3015 0
      vertex -19.8661 -21.3015 2.5
    endloop
  endfacet
  facet normal -0.995138 -0.0984948 0
    outer loop
      vertex -19.8661 -21.1249 0
      vertex -19.8748 -21.037 2.5
      vertex -19.8748 -21.037 0
    endloop
  endfacet
  facet normal -0.995138 -0.0984948 0
    outer loop
      vertex -19.8748 -21.037 2.5
      vertex -19.8661 -21.1249 0
      vertex -19.8661 -21.1249 2.5
    endloop
  endfacet
  facet normal -0.999461 -0.0328249 0
    outer loop
      vertex -19.8632 -21.2132 0
      vertex -19.8661 -21.1249 2.5
      vertex -19.8661 -21.1249 0
    endloop
  endfacet
  facet normal -0.999461 -0.0328249 0
    outer loop
      vertex -19.8661 -21.1249 2.5
      vertex -19.8632 -21.2132 0
      vertex -19.8632 -21.2132 2.5
    endloop
  endfacet
  facet normal -0.0328249 -0.999461 0
    outer loop
      vertex -21.2132 -19.8632 0
      vertex -21.1249 -19.8661 2.5
      vertex -21.2132 -19.8632 2.5
    endloop
  endfacet
  facet normal -0.0328249 -0.999461 -0
    outer loop
      vertex -21.1249 -19.8661 2.5
      vertex -21.2132 -19.8632 0
      vertex -21.1249 -19.8661 0
    endloop
  endfacet
  facet normal 0.773301 0.634039 0
    outer loop
      vertex -22.2282 -22.1033 2.5
      vertex -22.2842 -22.035 0
      vertex -22.2842 -22.035 2.5
    endloop
  endfacet
  facet normal 0.773301 0.634039 0
    outer loop
      vertex -22.2842 -22.035 0
      vertex -22.2282 -22.1033 2.5
      vertex -22.2282 -22.1033 0
    endloop
  endfacet
  facet normal 0.0328249 0.999461 -0
    outer loop
      vertex -21.2132 -22.5632 0
      vertex -21.3015 -22.5603 2.5
      vertex -21.2132 -22.5632 2.5
    endloop
  endfacet
  facet normal 0.0328249 0.999461 0
    outer loop
      vertex -21.3015 -22.5603 2.5
      vertex -21.2132 -22.5632 0
      vertex -21.3015 -22.5603 0
    endloop
  endfacet
  facet normal 0.849395 -0.527757 0
    outer loop
      vertex -22.3823 -20.5382 2.5
      vertex -22.3357 -20.4632 0
      vertex -22.3357 -20.4632 2.5
    endloop
  endfacet
  facet normal 0.849395 -0.527757 0
    outer loop
      vertex -22.3357 -20.4632 0
      vertex -22.3823 -20.5382 2.5
      vertex -22.3823 -20.5382 0
    endloop
  endfacet
  facet normal 0.729925 -0.683527 0
    outer loop
      vertex -22.2282 -20.3231 2.5
      vertex -22.1678 -20.2586 0
      vertex -22.1678 -20.2586 2.5
    endloop
  endfacet
  facet normal 0.729925 -0.683527 0
    outer loop
      vertex -22.1678 -20.2586 0
      vertex -22.2282 -20.3231 2.5
      vertex -22.2282 -20.3231 0
    endloop
  endfacet
  facet normal 0.999461 0.0328249 0
    outer loop
      vertex -22.5603 -21.3015 2.5
      vertex -22.5632 -21.2132 0
      vertex -22.5632 -21.2132 2.5
    endloop
  endfacet
  facet normal 0.999461 0.0328249 0
    outer loop
      vertex -22.5632 -21.2132 0
      vertex -22.5603 -21.3015 2.5
      vertex -22.5603 -21.3015 0
    endloop
  endfacet
  facet normal 0.986637 0.162931 0
    outer loop
      vertex -22.5373 -21.4766 2.5
      vertex -22.5517 -21.3894 0
      vertex -22.5517 -21.3894 2.5
    endloop
  endfacet
  facet normal 0.986637 0.162931 0
    outer loop
      vertex -22.5517 -21.3894 0
      vertex -22.5373 -21.4766 2.5
      vertex -22.5373 -21.4766 0
    endloop
  endfacet
  facet normal -0.634039 0.773301 0
    outer loop
      vertex -20.3231 -22.2282 0
      vertex -20.3914 -22.2842 2.5
      vertex -20.3231 -22.2282 2.5
    endloop
  endfacet
  facet normal -0.634039 0.773301 0
    outer loop
      vertex -20.3914 -22.2842 2.5
      vertex -20.3231 -22.2282 0
      vertex -20.3914 -22.2842 0
    endloop
  endfacet
  facet normal 0.973758 0.227588 0
    outer loop
      vertex -22.5172 -21.5626 2.5
      vertex -22.5373 -21.4766 0
      vertex -22.5373 -21.4766 2.5
    endloop
  endfacet
  facet normal 0.973758 0.227588 0
    outer loop
      vertex -22.5373 -21.4766 0
      vertex -22.5172 -21.5626 2.5
      vertex -22.5172 -21.5626 0
    endloop
  endfacet
  facet normal -0.973758 0.227588 0
    outer loop
      vertex -19.9092 -21.5626 0
      vertex -19.8891 -21.4766 2.5
      vertex -19.8891 -21.4766 0
    endloop
  endfacet
  facet normal -0.973758 0.227588 0
    outer loop
      vertex -19.8891 -21.4766 2.5
      vertex -19.9092 -21.5626 0
      vertex -19.9092 -21.5626 2.5
    endloop
  endfacet
  facet normal -0.162931 0.986637 0
    outer loop
      vertex -20.9498 -22.5373 0
      vertex -21.037 -22.5517 2.5
      vertex -20.9498 -22.5373 2.5
    endloop
  endfacet
  facet normal -0.162931 0.986637 0
    outer loop
      vertex -21.037 -22.5517 2.5
      vertex -20.9498 -22.5373 0
      vertex -21.037 -22.5517 0
    endloop
  endfacet
  facet normal 0.683527 -0.729925 0
    outer loop
      vertex -22.1678 -20.2586 0
      vertex -22.1033 -20.1982 2.5
      vertex -22.1678 -20.2586 2.5
    endloop
  endfacet
  facet normal 0.683527 -0.729925 0
    outer loop
      vertex -22.1033 -20.1982 2.5
      vertex -22.1678 -20.2586 0
      vertex -22.1033 -20.1982 0
    endloop
  endfacet
  facet normal -0.881631 0.471939 0
    outer loop
      vertex -20.0441 -21.8882 0
      vertex -20.0024 -21.8103 2.5
      vertex -20.0024 -21.8103 0
    endloop
  endfacet
  facet normal -0.881631 0.471939 0
    outer loop
      vertex -20.0024 -21.8103 2.5
      vertex -20.0441 -21.8882 0
      vertex -20.0441 -21.8882 2.5
    endloop
  endfacet
  facet normal -0.289945 0.957043 0
    outer loop
      vertex -20.7793 -22.4916 0
      vertex -20.8638 -22.5172 2.5
      vertex -20.7793 -22.4916 2.5
    endloop
  endfacet
  facet normal -0.289945 0.957043 0
    outer loop
      vertex -20.8638 -22.5172 2.5
      vertex -20.7793 -22.4916 0
      vertex -20.8638 -22.5172 0
    endloop
  endfacet
  facet normal 0.352983 0.93563 -0
    outer loop
      vertex -21.6471 -22.4916 0
      vertex -21.7298 -22.4604 2.5
      vertex -21.6471 -22.4916 2.5
    endloop
  endfacet
  facet normal 0.352983 0.93563 0
    outer loop
      vertex -21.7298 -22.4604 2.5
      vertex -21.6471 -22.4916 0
      vertex -21.7298 -22.4604 0
    endloop
  endfacet
  facet normal -0.849395 0.527757 0
    outer loop
      vertex -20.0907 -21.9632 0
      vertex -20.0441 -21.8882 2.5
      vertex -20.0441 -21.8882 0
    endloop
  endfacet
  facet normal -0.849395 0.527757 0
    outer loop
      vertex -20.0441 -21.8882 2.5
      vertex -20.0907 -21.9632 0
      vertex -20.0907 -21.9632 2.5
    endloop
  endfacet
  facet normal 0.849395 0.527757 0
    outer loop
      vertex -22.3357 -21.9632 2.5
      vertex -22.3823 -21.8882 0
      vertex -22.3823 -21.8882 2.5
    endloop
  endfacet
  facet normal 0.849395 0.527757 0
    outer loop
      vertex -22.3823 -21.8882 0
      vertex -22.3357 -21.9632 2.5
      vertex -22.3357 -21.9632 0
    endloop
  endfacet
  facet normal -0.773301 0.634039 0
    outer loop
      vertex -20.1982 -22.1033 0
      vertex -20.1422 -22.035 2.5
      vertex -20.1422 -22.035 0
    endloop
  endfacet
  facet normal -0.773301 0.634039 0
    outer loop
      vertex -20.1422 -22.035 2.5
      vertex -20.1982 -22.1033 0
      vertex -20.1982 -22.1033 2.5
    endloop
  endfacet
  facet normal -0.527757 0.849395 0
    outer loop
      vertex -20.4632 -22.3357 0
      vertex -20.5382 -22.3823 2.5
      vertex -20.4632 -22.3357 2.5
    endloop
  endfacet
  facet normal -0.527757 0.849395 0
    outer loop
      vertex -20.5382 -22.3823 2.5
      vertex -20.4632 -22.3357 0
      vertex -20.5382 -22.3823 0
    endloop
  endfacet
  facet normal 0.911179 -0.412011 0
    outer loop
      vertex -22.4604 -20.6966 2.5
      vertex -22.424 -20.6161 0
      vertex -22.424 -20.6161 2.5
    endloop
  endfacet
  facet normal 0.911179 -0.412011 0
    outer loop
      vertex -22.424 -20.6161 0
      vertex -22.4604 -20.6966 2.5
      vertex -22.4604 -20.6966 0
    endloop
  endfacet
  facet normal -0.812585 0.582843 0
    outer loop
      vertex -20.1422 -22.035 0
      vertex -20.0907 -21.9632 2.5
      vertex -20.0907 -21.9632 0
    endloop
  endfacet
  facet normal -0.812585 0.582843 0
    outer loop
      vertex -20.0907 -21.9632 2.5
      vertex -20.1422 -22.035 0
      vertex -20.1422 -22.035 2.5
    endloop
  endfacet
  facet normal -0.634039 -0.773301 0
    outer loop
      vertex -20.3914 -20.1422 0
      vertex -20.3231 -20.1982 2.5
      vertex -20.3914 -20.1422 2.5
    endloop
  endfacet
  facet normal -0.634039 -0.773301 -0
    outer loop
      vertex -20.3231 -20.1982 2.5
      vertex -20.3914 -20.1422 0
      vertex -20.3231 -20.1982 0
    endloop
  endfacet
  facet normal 0.471939 -0.881631 0
    outer loop
      vertex -21.8882 -20.0441 0
      vertex -21.8103 -20.0024 2.5
      vertex -21.8882 -20.0441 2.5
    endloop
  endfacet
  facet normal 0.471939 -0.881631 0
    outer loop
      vertex -21.8103 -20.0024 2.5
      vertex -21.8882 -20.0441 0
      vertex -21.8103 -20.0024 0
    endloop
  endfacet
  facet normal 0.162931 0.986637 -0
    outer loop
      vertex -21.3894 -22.5517 0
      vertex -21.4766 -22.5373 2.5
      vertex -21.3894 -22.5517 2.5
    endloop
  endfacet
  facet normal 0.162931 0.986637 0
    outer loop
      vertex -21.4766 -22.5373 2.5
      vertex -21.3894 -22.5517 0
      vertex -21.4766 -22.5373 0
    endloop
  endfacet
  facet normal -0.812585 -0.582843 0
    outer loop
      vertex -20.0907 -20.4632 0
      vertex -20.1422 -20.3914 2.5
      vertex -20.1422 -20.3914 0
    endloop
  endfacet
  facet normal -0.812585 -0.582843 0
    outer loop
      vertex -20.1422 -20.3914 2.5
      vertex -20.0907 -20.4632 0
      vertex -20.0907 -20.4632 2.5
    endloop
  endfacet
  facet normal -0.582843 0.812585 0
    outer loop
      vertex -20.3914 -22.2842 0
      vertex -20.4632 -22.3357 2.5
      vertex -20.3914 -22.2842 2.5
    endloop
  endfacet
  facet normal -0.582843 0.812585 0
    outer loop
      vertex -20.4632 -22.3357 2.5
      vertex -20.3914 -22.2842 0
      vertex -20.4632 -22.3357 0
    endloop
  endfacet
  facet normal -0.471939 -0.881631 0
    outer loop
      vertex -20.6161 -20.0024 0
      vertex -20.5382 -20.0441 2.5
      vertex -20.6161 -20.0024 2.5
    endloop
  endfacet
  facet normal -0.471939 -0.881631 -0
    outer loop
      vertex -20.5382 -20.0441 2.5
      vertex -20.6161 -20.0024 0
      vertex -20.5382 -20.0441 0
    endloop
  endfacet
  facet normal -0.957043 -0.289945 0
    outer loop
      vertex -19.9092 -20.8638 0
      vertex -19.9348 -20.7793 2.5
      vertex -19.9348 -20.7793 0
    endloop
  endfacet
  facet normal -0.957043 -0.289945 0
    outer loop
      vertex -19.9348 -20.7793 2.5
      vertex -19.9092 -20.8638 0
      vertex -19.9092 -20.8638 2.5
    endloop
  endfacet
  facet normal -0.957043 0.289945 0
    outer loop
      vertex -19.9348 -21.6471 0
      vertex -19.9092 -21.5626 2.5
      vertex -19.9092 -21.5626 0
    endloop
  endfacet
  facet normal -0.957043 0.289945 0
    outer loop
      vertex -19.9092 -21.5626 2.5
      vertex -19.9348 -21.6471 0
      vertex -19.9348 -21.6471 2.5
    endloop
  endfacet
  facet normal 0.93563 0.352983 0
    outer loop
      vertex -22.4604 -21.7298 2.5
      vertex -22.4916 -21.6471 0
      vertex -22.4916 -21.6471 2.5
    endloop
  endfacet
  facet normal 0.93563 0.352983 0
    outer loop
      vertex -22.4916 -21.6471 0
      vertex -22.4604 -21.7298 2.5
      vertex -22.4604 -21.7298 0
    endloop
  endfacet
  facet normal 0.527757 -0.849395 0
    outer loop
      vertex -21.9632 -20.0907 0
      vertex -21.8882 -20.0441 2.5
      vertex -21.9632 -20.0907 2.5
    endloop
  endfacet
  facet normal 0.527757 -0.849395 0
    outer loop
      vertex -21.8882 -20.0441 2.5
      vertex -21.9632 -20.0907 0
      vertex -21.8882 -20.0441 0
    endloop
  endfacet
  facet normal 0.911179 0.412011 0
    outer loop
      vertex -22.424 -21.8103 2.5
      vertex -22.4604 -21.7298 0
      vertex -22.4604 -21.7298 2.5
    endloop
  endfacet
  facet normal 0.911179 0.412011 0
    outer loop
      vertex -22.4604 -21.7298 0
      vertex -22.424 -21.8103 2.5
      vertex -22.424 -21.8103 0
    endloop
  endfacet
  facet normal -0.471939 0.881631 0
    outer loop
      vertex -20.5382 -22.3823 0
      vertex -20.6161 -22.424 2.5
      vertex -20.5382 -22.3823 2.5
    endloop
  endfacet
  facet normal -0.471939 0.881631 0
    outer loop
      vertex -20.6161 -22.424 2.5
      vertex -20.5382 -22.3823 0
      vertex -20.6161 -22.424 0
    endloop
  endfacet
  facet normal -0.582843 -0.812585 0
    outer loop
      vertex -20.4632 -20.0907 0
      vertex -20.3914 -20.1422 2.5
      vertex -20.4632 -20.0907 2.5
    endloop
  endfacet
  facet normal -0.582843 -0.812585 -0
    outer loop
      vertex -20.3914 -20.1422 2.5
      vertex -20.4632 -20.0907 0
      vertex -20.3914 -20.1422 0
    endloop
  endfacet
  facet normal -0.986819 0.161829 0
    outer loop
      vertex -19.8891 -21.4766 0
      vertex -19.8748 -21.3894 2.5
      vertex -19.8748 -21.3894 0
    endloop
  endfacet
  facet normal -0.986819 0.161829 0
    outer loop
      vertex -19.8748 -21.3894 2.5
      vertex -19.8891 -21.4766 0
      vertex -19.8891 -21.4766 2.5
    endloop
  endfacet
  facet normal 0.352983 -0.93563 0
    outer loop
      vertex -21.7298 -19.966 0
      vertex -21.6471 -19.9348 2.5
      vertex -21.7298 -19.966 2.5
    endloop
  endfacet
  facet normal 0.352983 -0.93563 0
    outer loop
      vertex -21.6471 -19.9348 2.5
      vertex -21.7298 -19.966 0
      vertex -21.6471 -19.9348 0
    endloop
  endfacet
  facet normal -0.729925 -0.683527 0
    outer loop
      vertex -20.1982 -20.3231 0
      vertex -20.2586 -20.2586 2.5
      vertex -20.2586 -20.2586 0
    endloop
  endfacet
  facet normal -0.729925 -0.683527 0
    outer loop
      vertex -20.2586 -20.2586 2.5
      vertex -20.1982 -20.3231 0
      vertex -20.1982 -20.3231 2.5
    endloop
  endfacet
  facet normal -0.412011 -0.911179 0
    outer loop
      vertex -20.6966 -19.966 0
      vertex -20.6161 -20.0024 2.5
      vertex -20.6966 -19.966 2.5
    endloop
  endfacet
  facet normal -0.412011 -0.911179 -0
    outer loop
      vertex -20.6161 -20.0024 2.5
      vertex -20.6966 -19.966 0
      vertex -20.6161 -20.0024 0
    endloop
  endfacet
  facet normal 0.634039 -0.773301 0
    outer loop
      vertex -22.1033 -20.1982 0
      vertex -22.035 -20.1422 2.5
      vertex -22.1033 -20.1982 2.5
    endloop
  endfacet
  facet normal 0.634039 -0.773301 0
    outer loop
      vertex -22.035 -20.1422 2.5
      vertex -22.1033 -20.1982 0
      vertex -22.035 -20.1422 0
    endloop
  endfacet
  facet normal 0.227588 0.973758 -0
    outer loop
      vertex -21.4766 -22.5373 0
      vertex -21.5626 -22.5172 2.5
      vertex -21.4766 -22.5373 2.5
    endloop
  endfacet
  facet normal 0.227588 0.973758 0
    outer loop
      vertex -21.5626 -22.5172 2.5
      vertex -21.4766 -22.5373 0
      vertex -21.5626 -22.5172 0
    endloop
  endfacet
  facet normal 0.227588 -0.973758 0
    outer loop
      vertex -21.5626 -19.9092 0
      vertex -21.4766 -19.8891 2.5
      vertex -21.5626 -19.9092 2.5
    endloop
  endfacet
  facet normal 0.227588 -0.973758 0
    outer loop
      vertex -21.4766 -19.8891 2.5
      vertex -21.5626 -19.9092 0
      vertex -21.4766 -19.8891 0
    endloop
  endfacet
  facet normal 0.582843 -0.812585 0
    outer loop
      vertex -22.035 -20.1422 0
      vertex -21.9632 -20.0907 2.5
      vertex -22.035 -20.1422 2.5
    endloop
  endfacet
  facet normal 0.582843 -0.812585 0
    outer loop
      vertex -21.9632 -20.0907 2.5
      vertex -22.035 -20.1422 0
      vertex -21.9632 -20.0907 0
    endloop
  endfacet
  facet normal -0.911179 -0.412011 0
    outer loop
      vertex -19.966 -20.6966 0
      vertex -20.0024 -20.6161 2.5
      vertex -20.0024 -20.6161 0
    endloop
  endfacet
  facet normal -0.911179 -0.412011 0
    outer loop
      vertex -20.0024 -20.6161 2.5
      vertex -19.966 -20.6966 0
      vertex -19.966 -20.6966 2.5
    endloop
  endfacet
  facet normal -0.881631 -0.471939 0
    outer loop
      vertex -20.0024 -20.6161 0
      vertex -20.0441 -20.5382 2.5
      vertex -20.0441 -20.5382 0
    endloop
  endfacet
  facet normal -0.881631 -0.471939 0
    outer loop
      vertex -20.0441 -20.5382 2.5
      vertex -20.0024 -20.6161 0
      vertex -20.0024 -20.6161 2.5
    endloop
  endfacet
  facet normal -0.995138 0.0984948 0
    outer loop
      vertex -19.8748 -21.3894 0
      vertex -19.8661 -21.3015 2.5
      vertex -19.8661 -21.3015 0
    endloop
  endfacet
  facet normal -0.995138 0.0984948 0
    outer loop
      vertex -19.8661 -21.3015 2.5
      vertex -19.8748 -21.3894 0
      vertex -19.8748 -21.3894 2.5
    endloop
  endfacet
  facet normal -0.729925 0.683527 0
    outer loop
      vertex -20.2586 -22.1678 0
      vertex -20.1982 -22.1033 2.5
      vertex -20.1982 -22.1033 0
    endloop
  endfacet
  facet normal -0.729925 0.683527 0
    outer loop
      vertex -20.1982 -22.1033 2.5
      vertex -20.2586 -22.1678 0
      vertex -20.2586 -22.1678 2.5
    endloop
  endfacet
  facet normal 0.812585 0.582843 0
    outer loop
      vertex -22.2842 -22.035 2.5
      vertex -22.3357 -21.9632 0
      vertex -22.3357 -21.9632 2.5
    endloop
  endfacet
  facet normal 0.812585 0.582843 0
    outer loop
      vertex -22.3357 -21.9632 0
      vertex -22.2842 -22.035 2.5
      vertex -22.2842 -22.035 0
    endloop
  endfacet
  facet normal 0.881631 -0.471939 0
    outer loop
      vertex -22.424 -20.6161 2.5
      vertex -22.3823 -20.5382 0
      vertex -22.3823 -20.5382 2.5
    endloop
  endfacet
  facet normal 0.881631 -0.471939 0
    outer loop
      vertex -22.3823 -20.5382 0
      vertex -22.424 -20.6161 2.5
      vertex -22.424 -20.6161 0
    endloop
  endfacet
  facet normal -0.0984948 -0.995138 0
    outer loop
      vertex -21.1249 -19.8661 0
      vertex -21.037 -19.8748 2.5
      vertex -21.1249 -19.8661 2.5
    endloop
  endfacet
  facet normal -0.0984948 -0.995138 -0
    outer loop
      vertex -21.037 -19.8748 2.5
      vertex -21.1249 -19.8661 0
      vertex -21.037 -19.8748 0
    endloop
  endfacet
  facet normal 0.289945 -0.957043 0
    outer loop
      vertex -21.6471 -19.9348 0
      vertex -21.5626 -19.9092 2.5
      vertex -21.6471 -19.9348 2.5
    endloop
  endfacet
  facet normal 0.289945 -0.957043 0
    outer loop
      vertex -21.5626 -19.9092 2.5
      vertex -21.6471 -19.9348 0
      vertex -21.5626 -19.9092 0
    endloop
  endfacet
  facet normal 0.289945 0.957043 -0
    outer loop
      vertex -21.5626 -22.5172 0
      vertex -21.6471 -22.4916 2.5
      vertex -21.5626 -22.5172 2.5
    endloop
  endfacet
  facet normal 0.289945 0.957043 0
    outer loop
      vertex -21.6471 -22.4916 2.5
      vertex -21.5626 -22.5172 0
      vertex -21.6471 -22.4916 0
    endloop
  endfacet
  facet normal 0.161829 -0.986819 0
    outer loop
      vertex -21.4766 -19.8891 0
      vertex -21.3894 -19.8748 2.5
      vertex -21.4766 -19.8891 2.5
    endloop
  endfacet
  facet normal 0.161829 -0.986819 0
    outer loop
      vertex -21.3894 -19.8748 2.5
      vertex -21.4766 -19.8891 0
      vertex -21.3894 -19.8748 0
    endloop
  endfacet
  facet normal 0.812585 -0.582843 0
    outer loop
      vertex -22.3357 -20.4632 2.5
      vertex -22.2842 -20.3914 0
      vertex -22.2842 -20.3914 2.5
    endloop
  endfacet
  facet normal 0.812585 -0.582843 0
    outer loop
      vertex -22.2842 -20.3914 0
      vertex -22.3357 -20.4632 2.5
      vertex -22.3357 -20.4632 0
    endloop
  endfacet
  facet normal 0.995248 0.0973735 0
    outer loop
      vertex -22.5517 -21.3894 2.5
      vertex -22.5603 -21.3015 0
      vertex -22.5603 -21.3015 2.5
    endloop
  endfacet
  facet normal 0.995248 0.0973735 0
    outer loop
      vertex -22.5603 -21.3015 0
      vertex -22.5517 -21.3894 2.5
      vertex -22.5517 -21.3894 0
    endloop
  endfacet
  facet normal 0.582843 0.812585 -0
    outer loop
      vertex -21.9632 -22.3357 0
      vertex -22.035 -22.2842 2.5
      vertex -21.9632 -22.3357 2.5
    endloop
  endfacet
  facet normal 0.582843 0.812585 0
    outer loop
      vertex -22.035 -22.2842 2.5
      vertex -21.9632 -22.3357 0
      vertex -22.035 -22.2842 0
    endloop
  endfacet
  facet normal -0.352983 0.93563 0
    outer loop
      vertex -20.6966 -22.4604 0
      vertex -20.7793 -22.4916 2.5
      vertex -20.6966 -22.4604 2.5
    endloop
  endfacet
  facet normal -0.352983 0.93563 0
    outer loop
      vertex -20.7793 -22.4916 2.5
      vertex -20.6966 -22.4604 0
      vertex -20.7793 -22.4916 0
    endloop
  endfacet
  facet normal 0.999461 -0.0328249 0
    outer loop
      vertex -22.5632 -21.2132 2.5
      vertex -22.5603 -21.1249 0
      vertex -22.5603 -21.1249 2.5
    endloop
  endfacet
  facet normal 0.999461 -0.0328249 0
    outer loop
      vertex -22.5603 -21.1249 0
      vertex -22.5632 -21.2132 2.5
      vertex -22.5632 -21.2132 0
    endloop
  endfacet
  facet normal -0.0973735 0.995248 0
    outer loop
      vertex -21.037 -22.5517 0
      vertex -21.1249 -22.5603 2.5
      vertex -21.037 -22.5517 2.5
    endloop
  endfacet
  facet normal -0.0973735 0.995248 0
    outer loop
      vertex -21.1249 -22.5603 2.5
      vertex -21.037 -22.5517 0
      vertex -21.1249 -22.5603 0
    endloop
  endfacet
  facet normal -0.0328249 0.999461 0
    outer loop
      vertex -21.1249 -22.5603 0
      vertex -21.2132 -22.5632 2.5
      vertex -21.1249 -22.5603 2.5
    endloop
  endfacet
  facet normal -0.0328249 0.999461 0
    outer loop
      vertex -21.2132 -22.5632 2.5
      vertex -21.1249 -22.5603 0
      vertex -21.2132 -22.5632 0
    endloop
  endfacet
  facet normal 0.973758 -0.227588 0
    outer loop
      vertex -22.5373 -20.9498 2.5
      vertex -22.5172 -20.8638 0
      vertex -22.5172 -20.8638 2.5
    endloop
  endfacet
  facet normal 0.973758 -0.227588 0
    outer loop
      vertex -22.5172 -20.8638 0
      vertex -22.5373 -20.9498 2.5
      vertex -22.5373 -20.9498 0
    endloop
  endfacet
  facet normal 0.527757 0.849395 -0
    outer loop
      vertex -21.8882 -22.3823 0
      vertex -21.9632 -22.3357 2.5
      vertex -21.8882 -22.3823 2.5
    endloop
  endfacet
  facet normal 0.527757 0.849395 0
    outer loop
      vertex -21.9632 -22.3357 2.5
      vertex -21.8882 -22.3823 0
      vertex -21.9632 -22.3357 0
    endloop
  endfacet
  facet normal -0.773301 -0.634039 0
    outer loop
      vertex -20.1422 -20.3914 0
      vertex -20.1982 -20.3231 2.5
      vertex -20.1982 -20.3231 0
    endloop
  endfacet
  facet normal -0.773301 -0.634039 0
    outer loop
      vertex -20.1982 -20.3231 2.5
      vertex -20.1422 -20.3914 0
      vertex -20.1422 -20.3914 2.5
    endloop
  endfacet
  facet normal 0.93563 -0.352983 0
    outer loop
      vertex -22.4916 -20.7793 2.5
      vertex -22.4604 -20.6966 0
      vertex -22.4604 -20.6966 2.5
    endloop
  endfacet
  facet normal 0.93563 -0.352983 0
    outer loop
      vertex -22.4604 -20.6966 0
      vertex -22.4916 -20.7793 2.5
      vertex -22.4916 -20.7793 0
    endloop
  endfacet
  facet normal -0.849395 -0.527757 0
    outer loop
      vertex -20.0441 -20.5382 0
      vertex -20.0907 -20.4632 2.5
      vertex -20.0907 -20.4632 0
    endloop
  endfacet
  facet normal -0.849395 -0.527757 0
    outer loop
      vertex -20.0907 -20.4632 2.5
      vertex -20.0441 -20.5382 0
      vertex -20.0441 -20.5382 2.5
    endloop
  endfacet
  facet normal -0.527757 -0.849395 0
    outer loop
      vertex -20.5382 -20.0441 0
      vertex -20.4632 -20.0907 2.5
      vertex -20.5382 -20.0441 2.5
    endloop
  endfacet
  facet normal -0.527757 -0.849395 -0
    outer loop
      vertex -20.4632 -20.0907 2.5
      vertex -20.5382 -20.0441 0
      vertex -20.4632 -20.0907 0
    endloop
  endfacet
  facet normal -0.93563 0.352983 0
    outer loop
      vertex -19.966 -21.7298 0
      vertex -19.9348 -21.6471 2.5
      vertex -19.9348 -21.6471 0
    endloop
  endfacet
  facet normal -0.93563 0.352983 0
    outer loop
      vertex -19.9348 -21.6471 2.5
      vertex -19.966 -21.7298 0
      vertex -19.966 -21.7298 2.5
    endloop
  endfacet
  facet normal 0.0973735 0.995248 -0
    outer loop
      vertex -21.3015 -22.5603 0
      vertex -21.3894 -22.5517 2.5
      vertex -21.3015 -22.5603 2.5
    endloop
  endfacet
  facet normal 0.0973735 0.995248 0
    outer loop
      vertex -21.3894 -22.5517 2.5
      vertex -21.3015 -22.5603 0
      vertex -21.3894 -22.5517 0
    endloop
  endfacet
  facet normal -0.161829 -0.986819 0
    outer loop
      vertex -21.037 -19.8748 0
      vertex -20.9498 -19.8891 2.5
      vertex -21.037 -19.8748 2.5
    endloop
  endfacet
  facet normal -0.161829 -0.986819 -0
    outer loop
      vertex -20.9498 -19.8891 2.5
      vertex -21.037 -19.8748 0
      vertex -20.9498 -19.8891 0
    endloop
  endfacet
  facet normal 0.0984948 -0.995138 0
    outer loop
      vertex -21.3894 -19.8748 0
      vertex -21.3015 -19.8661 2.5
      vertex -21.3894 -19.8748 2.5
    endloop
  endfacet
  facet normal 0.0984948 -0.995138 0
    outer loop
      vertex -21.3015 -19.8661 2.5
      vertex -21.3894 -19.8748 0
      vertex -21.3015 -19.8661 0
    endloop
  endfacet
  facet normal 0.986637 -0.162931 0
    outer loop
      vertex -22.5517 -21.037 2.5
      vertex -22.5373 -20.9498 0
      vertex -22.5373 -20.9498 2.5
    endloop
  endfacet
  facet normal 0.986637 -0.162931 0
    outer loop
      vertex -22.5373 -20.9498 0
      vertex -22.5517 -21.037 2.5
      vertex -22.5517 -21.037 0
    endloop
  endfacet
  facet normal 0.995248 -0.0973735 0
    outer loop
      vertex -22.5603 -21.1249 2.5
      vertex -22.5517 -21.037 0
      vertex -22.5517 -21.037 2.5
    endloop
  endfacet
  facet normal 0.995248 -0.0973735 0
    outer loop
      vertex -22.5517 -21.037 0
      vertex -22.5603 -21.1249 2.5
      vertex -22.5603 -21.1249 0
    endloop
  endfacet
  facet normal -0.973758 -0.227588 0
    outer loop
      vertex -19.8891 -20.9498 0
      vertex -19.9092 -20.8638 2.5
      vertex -19.9092 -20.8638 0
    endloop
  endfacet
  facet normal -0.973758 -0.227588 0
    outer loop
      vertex -19.9092 -20.8638 2.5
      vertex -19.8891 -20.9498 0
      vertex -19.8891 -20.9498 2.5
    endloop
  endfacet
  facet normal -0.289945 -0.957043 0
    outer loop
      vertex -20.8638 -19.9092 0
      vertex -20.7793 -19.9348 2.5
      vertex -20.8638 -19.9092 2.5
    endloop
  endfacet
  facet normal -0.289945 -0.957043 -0
    outer loop
      vertex -20.7793 -19.9348 2.5
      vertex -20.8638 -19.9092 0
      vertex -20.7793 -19.9348 0
    endloop
  endfacet
  facet normal -0.93563 -0.352983 0
    outer loop
      vertex -19.9348 -20.7793 0
      vertex -19.966 -20.6966 2.5
      vertex -19.966 -20.6966 0
    endloop
  endfacet
  facet normal -0.93563 -0.352983 0
    outer loop
      vertex -19.966 -20.6966 2.5
      vertex -19.9348 -20.7793 0
      vertex -19.9348 -20.7793 2.5
    endloop
  endfacet
  facet normal -0.986819 -0.161829 0
    outer loop
      vertex -19.8748 -21.037 0
      vertex -19.8891 -20.9498 2.5
      vertex -19.8891 -20.9498 0
    endloop
  endfacet
  facet normal -0.986819 -0.161829 0
    outer loop
      vertex -19.8891 -20.9498 2.5
      vertex -19.8748 -21.037 0
      vertex -19.8748 -21.037 2.5
    endloop
  endfacet
  facet normal 0.412011 0.911179 -0
    outer loop
      vertex -21.7298 -22.4604 0
      vertex -21.8103 -22.424 2.5
      vertex -21.7298 -22.4604 2.5
    endloop
  endfacet
  facet normal 0.412011 0.911179 0
    outer loop
      vertex -21.8103 -22.424 2.5
      vertex -21.7298 -22.4604 0
      vertex -21.8103 -22.424 0
    endloop
  endfacet
  facet normal -0.911179 0.412011 0
    outer loop
      vertex -20.0024 -21.8103 0
      vertex -19.966 -21.7298 2.5
      vertex -19.966 -21.7298 0
    endloop
  endfacet
  facet normal -0.911179 0.412011 0
    outer loop
      vertex -19.966 -21.7298 2.5
      vertex -20.0024 -21.8103 0
      vertex -20.0024 -21.8103 2.5
    endloop
  endfacet
  facet normal -0.683527 -0.729925 0
    outer loop
      vertex -20.3231 -20.1982 0
      vertex -20.2586 -20.2586 2.5
      vertex -20.3231 -20.1982 2.5
    endloop
  endfacet
  facet normal -0.683527 -0.729925 -0
    outer loop
      vertex -20.2586 -20.2586 2.5
      vertex -20.3231 -20.1982 0
      vertex -20.2586 -20.2586 0
    endloop
  endfacet
  facet normal 0.0328249 -0.999461 0
    outer loop
      vertex -21.3015 -19.8661 0
      vertex -21.2132 -19.8632 2.5
      vertex -21.3015 -19.8661 2.5
    endloop
  endfacet
  facet normal 0.0328249 -0.999461 0
    outer loop
      vertex -21.2132 -19.8632 2.5
      vertex -21.3015 -19.8661 0
      vertex -21.2132 -19.8632 0
    endloop
  endfacet
  facet normal 0.634039 0.773301 -0
    outer loop
      vertex -22.035 -22.2842 0
      vertex -22.1033 -22.2282 2.5
      vertex -22.035 -22.2842 2.5
    endloop
  endfacet
  facet normal 0.634039 0.773301 0
    outer loop
      vertex -22.1033 -22.2282 2.5
      vertex -22.035 -22.2842 0
      vertex -22.1033 -22.2282 0
    endloop
  endfacet
  facet normal -0.227588 0.973758 0
    outer loop
      vertex -20.8638 -22.5172 0
      vertex -20.9498 -22.5373 2.5
      vertex -20.8638 -22.5172 2.5
    endloop
  endfacet
  facet normal -0.227588 0.973758 0
    outer loop
      vertex -20.9498 -22.5373 2.5
      vertex -20.8638 -22.5172 0
      vertex -20.9498 -22.5373 0
    endloop
  endfacet
  facet normal 0.729925 0.683527 0
    outer loop
      vertex -22.1678 -22.1678 2.5
      vertex -22.2282 -22.1033 0
      vertex -22.2282 -22.1033 2.5
    endloop
  endfacet
  facet normal 0.729925 0.683527 0
    outer loop
      vertex -22.2282 -22.1033 0
      vertex -22.1678 -22.1678 2.5
      vertex -22.1678 -22.1678 0
    endloop
  endfacet
  facet normal -0.412011 0.911179 0
    outer loop
      vertex -20.6161 -22.424 0
      vertex -20.6966 -22.4604 2.5
      vertex -20.6161 -22.424 2.5
    endloop
  endfacet
  facet normal -0.412011 0.911179 0
    outer loop
      vertex -20.6966 -22.4604 2.5
      vertex -20.6161 -22.424 0
      vertex -20.6966 -22.4604 0
    endloop
  endfacet
  facet normal -0.227588 -0.973758 0
    outer loop
      vertex -20.9498 -19.8891 0
      vertex -20.8638 -19.9092 2.5
      vertex -20.9498 -19.8891 2.5
    endloop
  endfacet
  facet normal -0.227588 -0.973758 -0
    outer loop
      vertex -20.8638 -19.9092 2.5
      vertex -20.9498 -19.8891 0
      vertex -20.8638 -19.9092 0
    endloop
  endfacet
  facet normal -0.352983 -0.93563 0
    outer loop
      vertex -20.7793 -19.9348 0
      vertex -20.6966 -19.966 2.5
      vertex -20.7793 -19.9348 2.5
    endloop
  endfacet
  facet normal -0.352983 -0.93563 -0
    outer loop
      vertex -20.6966 -19.966 2.5
      vertex -20.7793 -19.9348 0
      vertex -20.6966 -19.966 0
    endloop
  endfacet
  facet normal 0.412011 -0.911179 0
    outer loop
      vertex -21.8103 -20.0024 0
      vertex -21.7298 -19.966 2.5
      vertex -21.8103 -20.0024 2.5
    endloop
  endfacet
  facet normal 0.412011 -0.911179 0
    outer loop
      vertex -21.7298 -19.966 2.5
      vertex -21.8103 -20.0024 0
      vertex -21.7298 -19.966 0
    endloop
  endfacet
  facet normal 0.683527 0.729925 -0
    outer loop
      vertex -22.1033 -22.2282 0
      vertex -22.1678 -22.1678 2.5
      vertex -22.1033 -22.2282 2.5
    endloop
  endfacet
  facet normal 0.683527 0.729925 0
    outer loop
      vertex -22.1678 -22.1678 2.5
      vertex -22.1033 -22.2282 0
      vertex -22.1678 -22.1678 0
    endloop
  endfacet
  facet normal 0.957043 0.289945 0
    outer loop
      vertex -22.4916 -21.6471 2.5
      vertex -22.5172 -21.5626 0
      vertex -22.5172 -21.5626 2.5
    endloop
  endfacet
  facet normal 0.957043 0.289945 0
    outer loop
      vertex -22.5172 -21.5626 0
      vertex -22.4916 -21.6471 2.5
      vertex -22.4916 -21.6471 0
    endloop
  endfacet
  facet normal 0.957043 -0.289945 0
    outer loop
      vertex -22.5172 -20.8638 2.5
      vertex -22.4916 -20.7793 0
      vertex -22.4916 -20.7793 2.5
    endloop
  endfacet
  facet normal 0.957043 -0.289945 0
    outer loop
      vertex -22.4916 -20.7793 0
      vertex -22.5172 -20.8638 2.5
      vertex -22.5172 -20.8638 0
    endloop
  endfacet
  facet normal -0.683527 0.729925 0
    outer loop
      vertex -20.2586 -22.1678 0
      vertex -20.3231 -22.2282 2.5
      vertex -20.2586 -22.1678 2.5
    endloop
  endfacet
  facet normal -0.683527 0.729925 0
    outer loop
      vertex -20.3231 -22.2282 2.5
      vertex -20.2586 -22.1678 0
      vertex -20.3231 -22.2282 0
    endloop
  endfacet
  facet normal 0.773301 -0.634039 0
    outer loop
      vertex -22.2842 -20.3914 2.5
      vertex -22.2282 -20.3231 0
      vertex -22.2282 -20.3231 2.5
    endloop
  endfacet
  facet normal 0.773301 -0.634039 0
    outer loop
      vertex -22.2282 -20.3231 0
      vertex -22.2842 -20.3914 2.5
      vertex -22.2842 -20.3914 0
    endloop
  endfacet
  facet normal 0.881631 0.471939 0
    outer loop
      vertex -22.3823 -21.8882 2.5
      vertex -22.424 -21.8103 0
      vertex -22.424 -21.8103 2.5
    endloop
  endfacet
  facet normal 0.881631 0.471939 0
    outer loop
      vertex -22.424 -21.8103 0
      vertex -22.3823 -21.8882 2.5
      vertex -22.3823 -21.8882 0
    endloop
  endfacet
  facet normal 0.471939 0.881631 -0
    outer loop
      vertex -21.8103 -22.424 0
      vertex -21.8882 -22.3823 2.5
      vertex -21.8103 -22.424 2.5
    endloop
  endfacet
  facet normal 0.471939 0.881631 0
    outer loop
      vertex -21.8882 -22.3823 2.5
      vertex -21.8103 -22.424 0
      vertex -21.8882 -22.3823 0
    endloop
  endfacet
  facet normal -0.986637 0.162931 0
    outer loop
      vertex 22.5373 -21.4766 0
      vertex 22.5517 -21.3894 2.5
      vertex 22.5517 -21.3894 0
    endloop
  endfacet
  facet normal -0.986637 0.162931 0
    outer loop
      vertex 22.5517 -21.3894 2.5
      vertex 22.5373 -21.4766 0
      vertex 22.5373 -21.4766 2.5
    endloop
  endfacet
  facet normal -0.0328249 -0.999461 0
    outer loop
      vertex 21.2132 -19.8632 0
      vertex 21.3015 -19.8661 2.5
      vertex 21.2132 -19.8632 2.5
    endloop
  endfacet
  facet normal -0.0328249 -0.999461 -0
    outer loop
      vertex 21.3015 -19.8661 2.5
      vertex 21.2132 -19.8632 0
      vertex 21.3015 -19.8661 0
    endloop
  endfacet
  facet normal 0.973758 -0.227588 0
    outer loop
      vertex 19.8891 -20.9498 2.5
      vertex 19.9092 -20.8638 0
      vertex 19.9092 -20.8638 2.5
    endloop
  endfacet
  facet normal 0.973758 -0.227588 0
    outer loop
      vertex 19.9092 -20.8638 0
      vertex 19.8891 -20.9498 2.5
      vertex 19.8891 -20.9498 0
    endloop
  endfacet
  facet normal -0.527757 0.849395 0
    outer loop
      vertex 21.9632 -22.3357 0
      vertex 21.8882 -22.3823 2.5
      vertex 21.9632 -22.3357 2.5
    endloop
  endfacet
  facet normal -0.527757 0.849395 0
    outer loop
      vertex 21.8882 -22.3823 2.5
      vertex 21.9632 -22.3357 0
      vertex 21.8882 -22.3823 0
    endloop
  endfacet
  facet normal 0.881631 -0.471939 0
    outer loop
      vertex 20.0024 -20.6161 2.5
      vertex 20.0441 -20.5382 0
      vertex 20.0441 -20.5382 2.5
    endloop
  endfacet
  facet normal 0.881631 -0.471939 0
    outer loop
      vertex 20.0441 -20.5382 0
      vertex 20.0024 -20.6161 2.5
      vertex 20.0024 -20.6161 0
    endloop
  endfacet
  facet normal 0.986819 0.161829 0
    outer loop
      vertex 19.8891 -21.4766 2.5
      vertex 19.8748 -21.3894 0
      vertex 19.8748 -21.3894 2.5
    endloop
  endfacet
  facet normal 0.986819 0.161829 0
    outer loop
      vertex 19.8748 -21.3894 0
      vertex 19.8891 -21.4766 2.5
      vertex 19.8891 -21.4766 0
    endloop
  endfacet
  facet normal -0.0328249 0.999461 0
    outer loop
      vertex 21.3015 -22.5603 0
      vertex 21.2132 -22.5632 2.5
      vertex 21.3015 -22.5603 2.5
    endloop
  endfacet
  facet normal -0.0328249 0.999461 0
    outer loop
      vertex 21.2132 -22.5632 2.5
      vertex 21.3015 -22.5603 0
      vertex 21.2132 -22.5632 0
    endloop
  endfacet
  facet normal -0.773301 0.634039 0
    outer loop
      vertex 22.2282 -22.1033 0
      vertex 22.2842 -22.035 2.5
      vertex 22.2842 -22.035 0
    endloop
  endfacet
  facet normal -0.773301 0.634039 0
    outer loop
      vertex 22.2842 -22.035 2.5
      vertex 22.2282 -22.1033 0
      vertex 22.2282 -22.1033 2.5
    endloop
  endfacet
  facet normal 0.849395 -0.527757 0
    outer loop
      vertex 20.0441 -20.5382 2.5
      vertex 20.0907 -20.4632 0
      vertex 20.0907 -20.4632 2.5
    endloop
  endfacet
  facet normal 0.849395 -0.527757 0
    outer loop
      vertex 20.0907 -20.4632 0
      vertex 20.0441 -20.5382 2.5
      vertex 20.0441 -20.5382 0
    endloop
  endfacet
  facet normal -0.957043 0.289945 0
    outer loop
      vertex 22.4916 -21.6471 0
      vertex 22.5172 -21.5626 2.5
      vertex 22.5172 -21.5626 0
    endloop
  endfacet
  facet normal -0.957043 0.289945 0
    outer loop
      vertex 22.5172 -21.5626 2.5
      vertex 22.4916 -21.6471 0
      vertex 22.4916 -21.6471 2.5
    endloop
  endfacet
  facet normal -0.812585 -0.582843 0
    outer loop
      vertex 22.3357 -20.4632 0
      vertex 22.2842 -20.3914 2.5
      vertex 22.2842 -20.3914 0
    endloop
  endfacet
  facet normal -0.812585 -0.582843 0
    outer loop
      vertex 22.2842 -20.3914 2.5
      vertex 22.3357 -20.4632 0
      vertex 22.3357 -20.4632 2.5
    endloop
  endfacet
  facet normal 0.849395 0.527757 0
    outer loop
      vertex 20.0907 -21.9632 2.5
      vertex 20.0441 -21.8882 0
      vertex 20.0441 -21.8882 2.5
    endloop
  endfacet
  facet normal 0.849395 0.527757 0
    outer loop
      vertex 20.0441 -21.8882 0
      vertex 20.0907 -21.9632 2.5
      vertex 20.0907 -21.9632 0
    endloop
  endfacet
  facet normal -0.412011 0.911179 0
    outer loop
      vertex 21.8103 -22.424 0
      vertex 21.7298 -22.4604 2.5
      vertex 21.8103 -22.424 2.5
    endloop
  endfacet
  facet normal -0.412011 0.911179 0
    outer loop
      vertex 21.7298 -22.4604 2.5
      vertex 21.8103 -22.424 0
      vertex 21.7298 -22.4604 0
    endloop
  endfacet
  facet normal 0.999461 -0.0328249 0
    outer loop
      vertex 19.8632 -21.2132 2.5
      vertex 19.8661 -21.1249 0
      vertex 19.8661 -21.1249 2.5
    endloop
  endfacet
  facet normal 0.999461 -0.0328249 0
    outer loop
      vertex 19.8661 -21.1249 0
      vertex 19.8632 -21.2132 2.5
      vertex 19.8632 -21.2132 0
    endloop
  endfacet
  facet normal -0.634039 -0.773301 0
    outer loop
      vertex 22.035 -20.1422 0
      vertex 22.1033 -20.1982 2.5
      vertex 22.035 -20.1422 2.5
    endloop
  endfacet
  facet normal -0.634039 -0.773301 -0
    outer loop
      vertex 22.1033 -20.1982 2.5
      vertex 22.035 -20.1422 0
      vertex 22.1033 -20.1982 0
    endloop
  endfacet
  facet normal -0.999461 0.0328249 0
    outer loop
      vertex 22.5603 -21.3015 0
      vertex 22.5632 -21.2132 2.5
      vertex 22.5632 -21.2132 0
    endloop
  endfacet
  facet normal -0.999461 0.0328249 0
    outer loop
      vertex 22.5632 -21.2132 2.5
      vertex 22.5603 -21.3015 0
      vertex 22.5603 -21.3015 2.5
    endloop
  endfacet
  facet normal 0.995138 -0.0984948 0
    outer loop
      vertex 19.8661 -21.1249 2.5
      vertex 19.8748 -21.037 0
      vertex 19.8748 -21.037 2.5
    endloop
  endfacet
  facet normal 0.995138 -0.0984948 0
    outer loop
      vertex 19.8748 -21.037 0
      vertex 19.8661 -21.1249 2.5
      vertex 19.8661 -21.1249 0
    endloop
  endfacet
  facet normal -0.162931 0.986637 0
    outer loop
      vertex 21.4766 -22.5373 0
      vertex 21.3894 -22.5517 2.5
      vertex 21.4766 -22.5373 2.5
    endloop
  endfacet
  facet normal -0.162931 0.986637 0
    outer loop
      vertex 21.3894 -22.5517 2.5
      vertex 21.4766 -22.5373 0
      vertex 21.3894 -22.5517 0
    endloop
  endfacet
  facet normal 0.582843 -0.812585 0
    outer loop
      vertex 20.3914 -20.1422 0
      vertex 20.4632 -20.0907 2.5
      vertex 20.3914 -20.1422 2.5
    endloop
  endfacet
  facet normal 0.582843 -0.812585 0
    outer loop
      vertex 20.4632 -20.0907 2.5
      vertex 20.3914 -20.1422 0
      vertex 20.4632 -20.0907 0
    endloop
  endfacet
  facet normal 0.683527 -0.729925 0
    outer loop
      vertex 20.2586 -20.2586 0
      vertex 20.3231 -20.1982 2.5
      vertex 20.2586 -20.2586 2.5
    endloop
  endfacet
  facet normal 0.683527 -0.729925 0
    outer loop
      vertex 20.3231 -20.1982 2.5
      vertex 20.2586 -20.2586 0
      vertex 20.3231 -20.1982 0
    endloop
  endfacet
  facet normal -0.527757 -0.849395 0
    outer loop
      vertex 21.8882 -20.0441 0
      vertex 21.9632 -20.0907 2.5
      vertex 21.8882 -20.0441 2.5
    endloop
  endfacet
  facet normal -0.527757 -0.849395 -0
    outer loop
      vertex 21.9632 -20.0907 2.5
      vertex 21.8882 -20.0441 0
      vertex 21.9632 -20.0907 0
    endloop
  endfacet
  facet normal 0.812585 -0.582843 0
    outer loop
      vertex 20.0907 -20.4632 2.5
      vertex 20.1422 -20.3914 0
      vertex 20.1422 -20.3914 2.5
    endloop
  endfacet
  facet normal 0.812585 -0.582843 0
    outer loop
      vertex 20.1422 -20.3914 0
      vertex 20.0907 -20.4632 2.5
      vertex 20.0907 -20.4632 0
    endloop
  endfacet
  facet normal -0.995248 -0.0973735 0
    outer loop
      vertex 22.5603 -21.1249 0
      vertex 22.5517 -21.037 2.5
      vertex 22.5517 -21.037 0
    endloop
  endfacet
  facet normal -0.995248 -0.0973735 0
    outer loop
      vertex 22.5517 -21.037 2.5
      vertex 22.5603 -21.1249 0
      vertex 22.5603 -21.1249 2.5
    endloop
  endfacet
  facet normal 0.0984948 -0.995138 0
    outer loop
      vertex 21.037 -19.8748 0
      vertex 21.1249 -19.8661 2.5
      vertex 21.037 -19.8748 2.5
    endloop
  endfacet
  facet normal 0.0984948 -0.995138 0
    outer loop
      vertex 21.1249 -19.8661 2.5
      vertex 21.037 -19.8748 0
      vertex 21.1249 -19.8661 0
    endloop
  endfacet
  facet normal -0.999461 -0.0328249 0
    outer loop
      vertex 22.5632 -21.2132 0
      vertex 22.5603 -21.1249 2.5
      vertex 22.5603 -21.1249 0
    endloop
  endfacet
  facet normal -0.999461 -0.0328249 0
    outer loop
      vertex 22.5603 -21.1249 2.5
      vertex 22.5632 -21.2132 0
      vertex 22.5632 -21.2132 2.5
    endloop
  endfacet
  facet normal 0.0328249 0.999461 -0
    outer loop
      vertex 21.2132 -22.5632 0
      vertex 21.1249 -22.5603 2.5
      vertex 21.2132 -22.5632 2.5
    endloop
  endfacet
  facet normal 0.0328249 0.999461 0
    outer loop
      vertex 21.1249 -22.5603 2.5
      vertex 21.2132 -22.5632 0
      vertex 21.1249 -22.5603 0
    endloop
  endfacet
  facet normal -0.683527 0.729925 0
    outer loop
      vertex 22.1678 -22.1678 0
      vertex 22.1033 -22.2282 2.5
      vertex 22.1678 -22.1678 2.5
    endloop
  endfacet
  facet normal -0.683527 0.729925 0
    outer loop
      vertex 22.1033 -22.2282 2.5
      vertex 22.1678 -22.1678 0
      vertex 22.1033 -22.2282 0
    endloop
  endfacet
  facet normal 0.881631 0.471939 0
    outer loop
      vertex 20.0441 -21.8882 2.5
      vertex 20.0024 -21.8103 0
      vertex 20.0024 -21.8103 2.5
    endloop
  endfacet
  facet normal 0.881631 0.471939 0
    outer loop
      vertex 20.0024 -21.8103 0
      vertex 20.0441 -21.8882 2.5
      vertex 20.0441 -21.8882 0
    endloop
  endfacet
  facet normal 0.986819 -0.161829 0
    outer loop
      vertex 19.8748 -21.037 2.5
      vertex 19.8891 -20.9498 0
      vertex 19.8891 -20.9498 2.5
    endloop
  endfacet
  facet normal 0.986819 -0.161829 0
    outer loop
      vertex 19.8891 -20.9498 0
      vertex 19.8748 -21.037 2.5
      vertex 19.8748 -21.037 0
    endloop
  endfacet
  facet normal -0.412011 -0.911179 0
    outer loop
      vertex 21.7298 -19.966 0
      vertex 21.8103 -20.0024 2.5
      vertex 21.7298 -19.966 2.5
    endloop
  endfacet
  facet normal -0.412011 -0.911179 -0
    outer loop
      vertex 21.8103 -20.0024 2.5
      vertex 21.7298 -19.966 0
      vertex 21.8103 -20.0024 0
    endloop
  endfacet
  facet normal -0.289945 -0.957043 0
    outer loop
      vertex 21.5626 -19.9092 0
      vertex 21.6471 -19.9348 2.5
      vertex 21.5626 -19.9092 2.5
    endloop
  endfacet
  facet normal -0.289945 -0.957043 -0
    outer loop
      vertex 21.6471 -19.9348 2.5
      vertex 21.5626 -19.9092 0
      vertex 21.6471 -19.9348 0
    endloop
  endfacet
  facet normal 0.812585 0.582843 0
    outer loop
      vertex 20.1422 -22.035 2.5
      vertex 20.0907 -21.9632 0
      vertex 20.0907 -21.9632 2.5
    endloop
  endfacet
  facet normal 0.812585 0.582843 0
    outer loop
      vertex 20.0907 -21.9632 0
      vertex 20.1422 -22.035 2.5
      vertex 20.1422 -22.035 0
    endloop
  endfacet
  facet normal -0.812585 0.582843 0
    outer loop
      vertex 22.2842 -22.035 0
      vertex 22.3357 -21.9632 2.5
      vertex 22.3357 -21.9632 0
    endloop
  endfacet
  facet normal -0.812585 0.582843 0
    outer loop
      vertex 22.3357 -21.9632 2.5
      vertex 22.2842 -22.035 0
      vertex 22.2842 -22.035 2.5
    endloop
  endfacet
  facet normal -0.729925 0.683527 0
    outer loop
      vertex 22.1678 -22.1678 0
      vertex 22.2282 -22.1033 2.5
      vertex 22.2282 -22.1033 0
    endloop
  endfacet
  facet normal -0.729925 0.683527 0
    outer loop
      vertex 22.2282 -22.1033 2.5
      vertex 22.1678 -22.1678 0
      vertex 22.1678 -22.1678 2.5
    endloop
  endfacet
  facet normal -0.957043 -0.289945 0
    outer loop
      vertex 22.5172 -20.8638 0
      vertex 22.4916 -20.7793 2.5
      vertex 22.4916 -20.7793 0
    endloop
  endfacet
  facet normal -0.957043 -0.289945 0
    outer loop
      vertex 22.4916 -20.7793 2.5
      vertex 22.5172 -20.8638 0
      vertex 22.5172 -20.8638 2.5
    endloop
  endfacet
  facet normal 0.973758 0.227588 0
    outer loop
      vertex 19.9092 -21.5626 2.5
      vertex 19.8891 -21.4766 0
      vertex 19.8891 -21.4766 2.5
    endloop
  endfacet
  facet normal 0.973758 0.227588 0
    outer loop
      vertex 19.8891 -21.4766 0
      vertex 19.9092 -21.5626 2.5
      vertex 19.9092 -21.5626 0
    endloop
  endfacet
  facet normal -0.352983 -0.93563 0
    outer loop
      vertex 21.6471 -19.9348 0
      vertex 21.7298 -19.966 2.5
      vertex 21.6471 -19.9348 2.5
    endloop
  endfacet
  facet normal -0.352983 -0.93563 -0
    outer loop
      vertex 21.7298 -19.966 2.5
      vertex 21.6471 -19.9348 0
      vertex 21.7298 -19.966 0
    endloop
  endfacet
  facet normal 0.352983 -0.93563 0
    outer loop
      vertex 20.6966 -19.966 0
      vertex 20.7793 -19.9348 2.5
      vertex 20.6966 -19.966 2.5
    endloop
  endfacet
  facet normal 0.352983 -0.93563 0
    outer loop
      vertex 20.7793 -19.9348 2.5
      vertex 20.6966 -19.966 0
      vertex 20.7793 -19.9348 0
    endloop
  endfacet
  facet normal 0.582843 0.812585 -0
    outer loop
      vertex 20.4632 -22.3357 0
      vertex 20.3914 -22.2842 2.5
      vertex 20.4632 -22.3357 2.5
    endloop
  endfacet
  facet normal 0.582843 0.812585 0
    outer loop
      vertex 20.3914 -22.2842 2.5
      vertex 20.4632 -22.3357 0
      vertex 20.3914 -22.2842 0
    endloop
  endfacet
  facet normal -0.881631 0.471939 0
    outer loop
      vertex 22.3823 -21.8882 0
      vertex 22.424 -21.8103 2.5
      vertex 22.424 -21.8103 0
    endloop
  endfacet
  facet normal -0.881631 0.471939 0
    outer loop
      vertex 22.424 -21.8103 2.5
      vertex 22.3823 -21.8882 0
      vertex 22.3823 -21.8882 2.5
    endloop
  endfacet
  facet normal -0.881631 -0.471939 0
    outer loop
      vertex 22.424 -20.6161 0
      vertex 22.3823 -20.5382 2.5
      vertex 22.3823 -20.5382 0
    endloop
  endfacet
  facet normal -0.881631 -0.471939 0
    outer loop
      vertex 22.3823 -20.5382 2.5
      vertex 22.424 -20.6161 0
      vertex 22.424 -20.6161 2.5
    endloop
  endfacet
  facet normal 0.911179 0.412011 0
    outer loop
      vertex 20.0024 -21.8103 2.5
      vertex 19.966 -21.7298 0
      vertex 19.966 -21.7298 2.5
    endloop
  endfacet
  facet normal 0.911179 0.412011 0
    outer loop
      vertex 19.966 -21.7298 0
      vertex 20.0024 -21.8103 2.5
      vertex 20.0024 -21.8103 0
    endloop
  endfacet
  facet normal -0.471939 -0.881631 0
    outer loop
      vertex 21.8103 -20.0024 0
      vertex 21.8882 -20.0441 2.5
      vertex 21.8103 -20.0024 2.5
    endloop
  endfacet
  facet normal -0.471939 -0.881631 -0
    outer loop
      vertex 21.8882 -20.0441 2.5
      vertex 21.8103 -20.0024 0
      vertex 21.8882 -20.0441 0
    endloop
  endfacet
  facet normal 0.412011 -0.911179 0
    outer loop
      vertex 20.6161 -20.0024 0
      vertex 20.6966 -19.966 2.5
      vertex 20.6161 -20.0024 2.5
    endloop
  endfacet
  facet normal 0.412011 -0.911179 0
    outer loop
      vertex 20.6966 -19.966 2.5
      vertex 20.6161 -20.0024 0
      vertex 20.6966 -19.966 0
    endloop
  endfacet
  facet normal 0.161829 -0.986819 0
    outer loop
      vertex 20.9498 -19.8891 0
      vertex 21.037 -19.8748 2.5
      vertex 20.9498 -19.8891 2.5
    endloop
  endfacet
  facet normal 0.161829 -0.986819 0
    outer loop
      vertex 21.037 -19.8748 2.5
      vertex 20.9498 -19.8891 0
      vertex 21.037 -19.8748 0
    endloop
  endfacet
  facet normal -0.582843 -0.812585 0
    outer loop
      vertex 21.9632 -20.0907 0
      vertex 22.035 -20.1422 2.5
      vertex 21.9632 -20.0907 2.5
    endloop
  endfacet
  facet normal -0.582843 -0.812585 -0
    outer loop
      vertex 22.035 -20.1422 2.5
      vertex 21.9632 -20.0907 0
      vertex 22.035 -20.1422 0
    endloop
  endfacet
  facet normal -0.0984948 -0.995138 0
    outer loop
      vertex 21.3015 -19.8661 0
      vertex 21.3894 -19.8748 2.5
      vertex 21.3015 -19.8661 2.5
    endloop
  endfacet
  facet normal -0.0984948 -0.995138 -0
    outer loop
      vertex 21.3894 -19.8748 2.5
      vertex 21.3015 -19.8661 0
      vertex 21.3894 -19.8748 0
    endloop
  endfacet
  facet normal 0.0973735 0.995248 -0
    outer loop
      vertex 21.1249 -22.5603 0
      vertex 21.037 -22.5517 2.5
      vertex 21.1249 -22.5603 2.5
    endloop
  endfacet
  facet normal 0.0973735 0.995248 0
    outer loop
      vertex 21.037 -22.5517 2.5
      vertex 21.1249 -22.5603 0
      vertex 21.037 -22.5517 0
    endloop
  endfacet
  facet normal -0.995248 0.0973735 0
    outer loop
      vertex 22.5517 -21.3894 0
      vertex 22.5603 -21.3015 2.5
      vertex 22.5603 -21.3015 0
    endloop
  endfacet
  facet normal -0.995248 0.0973735 0
    outer loop
      vertex 22.5603 -21.3015 2.5
      vertex 22.5517 -21.3894 0
      vertex 22.5517 -21.3894 2.5
    endloop
  endfacet
  facet normal -0.986637 -0.162931 0
    outer loop
      vertex 22.5517 -21.037 0
      vertex 22.5373 -20.9498 2.5
      vertex 22.5373 -20.9498 0
    endloop
  endfacet
  facet normal -0.986637 -0.162931 0
    outer loop
      vertex 22.5373 -20.9498 2.5
      vertex 22.5517 -21.037 0
      vertex 22.5517 -21.037 2.5
    endloop
  endfacet
  facet normal -0.973758 -0.227588 0
    outer loop
      vertex 22.5373 -20.9498 0
      vertex 22.5172 -20.8638 2.5
      vertex 22.5172 -20.8638 0
    endloop
  endfacet
  facet normal -0.973758 -0.227588 0
    outer loop
      vertex 22.5172 -20.8638 2.5
      vertex 22.5373 -20.9498 0
      vertex 22.5373 -20.9498 2.5
    endloop
  endfacet
  facet normal 0.527757 -0.849395 0
    outer loop
      vertex 20.4632 -20.0907 0
      vertex 20.5382 -20.0441 2.5
      vertex 20.4632 -20.0907 2.5
    endloop
  endfacet
  facet normal 0.527757 -0.849395 0
    outer loop
      vertex 20.5382 -20.0441 2.5
      vertex 20.4632 -20.0907 0
      vertex 20.5382 -20.0441 0
    endloop
  endfacet
  facet normal 0.957043 0.289945 0
    outer loop
      vertex 19.9348 -21.6471 2.5
      vertex 19.9092 -21.5626 0
      vertex 19.9092 -21.5626 2.5
    endloop
  endfacet
  facet normal 0.957043 0.289945 0
    outer loop
      vertex 19.9092 -21.5626 0
      vertex 19.9348 -21.6471 2.5
      vertex 19.9348 -21.6471 0
    endloop
  endfacet
  facet normal -0.911179 -0.412011 0
    outer loop
      vertex 22.4604 -20.6966 0
      vertex 22.424 -20.6161 2.5
      vertex 22.424 -20.6161 0
    endloop
  endfacet
  facet normal -0.911179 -0.412011 0
    outer loop
      vertex 22.424 -20.6161 2.5
      vertex 22.4604 -20.6966 0
      vertex 22.4604 -20.6966 2.5
    endloop
  endfacet
  facet normal 0.634039 0.773301 -0
    outer loop
      vertex 20.3914 -22.2842 0
      vertex 20.3231 -22.2282 2.5
      vertex 20.3914 -22.2842 2.5
    endloop
  endfacet
  facet normal 0.634039 0.773301 0
    outer loop
      vertex 20.3231 -22.2282 2.5
      vertex 20.3914 -22.2842 0
      vertex 20.3231 -22.2282 0
    endloop
  endfacet
  facet normal -0.773301 -0.634039 0
    outer loop
      vertex 22.2842 -20.3914 0
      vertex 22.2282 -20.3231 2.5
      vertex 22.2282 -20.3231 0
    endloop
  endfacet
  facet normal -0.773301 -0.634039 0
    outer loop
      vertex 22.2282 -20.3231 2.5
      vertex 22.2842 -20.3914 0
      vertex 22.2842 -20.3914 2.5
    endloop
  endfacet
  facet normal -0.0973735 0.995248 0
    outer loop
      vertex 21.3894 -22.5517 0
      vertex 21.3015 -22.5603 2.5
      vertex 21.3894 -22.5517 2.5
    endloop
  endfacet
  facet normal -0.0973735 0.995248 0
    outer loop
      vertex 21.3015 -22.5603 2.5
      vertex 21.3894 -22.5517 0
      vertex 21.3015 -22.5603 0
    endloop
  endfacet
  facet normal -0.161829 -0.986819 0
    outer loop
      vertex 21.3894 -19.8748 0
      vertex 21.4766 -19.8891 2.5
      vertex 21.3894 -19.8748 2.5
    endloop
  endfacet
  facet normal -0.161829 -0.986819 -0
    outer loop
      vertex 21.4766 -19.8891 2.5
      vertex 21.3894 -19.8748 0
      vertex 21.4766 -19.8891 0
    endloop
  endfacet
  facet normal 0.911179 -0.412011 0
    outer loop
      vertex 19.966 -20.6966 2.5
      vertex 20.0024 -20.6161 0
      vertex 20.0024 -20.6161 2.5
    endloop
  endfacet
  facet normal 0.911179 -0.412011 0
    outer loop
      vertex 20.0024 -20.6161 0
      vertex 19.966 -20.6966 2.5
      vertex 19.966 -20.6966 0
    endloop
  endfacet
  facet normal -0.227588 0.973758 0
    outer loop
      vertex 21.5626 -22.5172 0
      vertex 21.4766 -22.5373 2.5
      vertex 21.5626 -22.5172 2.5
    endloop
  endfacet
  facet normal -0.227588 0.973758 0
    outer loop
      vertex 21.4766 -22.5373 2.5
      vertex 21.5626 -22.5172 0
      vertex 21.4766 -22.5373 0
    endloop
  endfacet
  facet normal 0.93563 0.352983 0
    outer loop
      vertex 19.966 -21.7298 2.5
      vertex 19.9348 -21.6471 0
      vertex 19.9348 -21.6471 2.5
    endloop
  endfacet
  facet normal 0.93563 0.352983 0
    outer loop
      vertex 19.9348 -21.6471 0
      vertex 19.966 -21.7298 2.5
      vertex 19.966 -21.7298 0
    endloop
  endfacet
  facet normal 0.773301 -0.634039 0
    outer loop
      vertex 20.1422 -20.3914 2.5
      vertex 20.1982 -20.3231 0
      vertex 20.1982 -20.3231 2.5
    endloop
  endfacet
  facet normal 0.773301 -0.634039 0
    outer loop
      vertex 20.1982 -20.3231 0
      vertex 20.1422 -20.3914 2.5
      vertex 20.1422 -20.3914 0
    endloop
  endfacet
  facet normal 0.352983 0.93563 -0
    outer loop
      vertex 20.7793 -22.4916 0
      vertex 20.6966 -22.4604 2.5
      vertex 20.7793 -22.4916 2.5
    endloop
  endfacet
  facet normal 0.352983 0.93563 0
    outer loop
      vertex 20.6966 -22.4604 2.5
      vertex 20.7793 -22.4916 0
      vertex 20.6966 -22.4604 0
    endloop
  endfacet
  facet normal -0.471939 0.881631 0
    outer loop
      vertex 21.8882 -22.3823 0
      vertex 21.8103 -22.424 2.5
      vertex 21.8882 -22.3823 2.5
    endloop
  endfacet
  facet normal -0.471939 0.881631 0
    outer loop
      vertex 21.8103 -22.424 2.5
      vertex 21.8882 -22.3823 0
      vertex 21.8103 -22.424 0
    endloop
  endfacet
  facet normal 0.999461 0.0328249 0
    outer loop
      vertex 19.8661 -21.3015 2.5
      vertex 19.8632 -21.2132 0
      vertex 19.8632 -21.2132 2.5
    endloop
  endfacet
  facet normal 0.999461 0.0328249 0
    outer loop
      vertex 19.8632 -21.2132 0
      vertex 19.8661 -21.3015 2.5
      vertex 19.8661 -21.3015 0
    endloop
  endfacet
  facet normal -0.973758 0.227588 0
    outer loop
      vertex 22.5172 -21.5626 0
      vertex 22.5373 -21.4766 2.5
      vertex 22.5373 -21.4766 0
    endloop
  endfacet
  facet normal -0.973758 0.227588 0
    outer loop
      vertex 22.5373 -21.4766 2.5
      vertex 22.5172 -21.5626 0
      vertex 22.5172 -21.5626 2.5
    endloop
  endfacet
  facet normal 0.162931 0.986637 -0
    outer loop
      vertex 21.037 -22.5517 0
      vertex 20.9498 -22.5373 2.5
      vertex 21.037 -22.5517 2.5
    endloop
  endfacet
  facet normal 0.162931 0.986637 0
    outer loop
      vertex 20.9498 -22.5373 2.5
      vertex 21.037 -22.5517 0
      vertex 20.9498 -22.5373 0
    endloop
  endfacet
  facet normal 0.227588 -0.973758 0
    outer loop
      vertex 20.8638 -19.9092 0
      vertex 20.9498 -19.8891 2.5
      vertex 20.8638 -19.9092 2.5
    endloop
  endfacet
  facet normal 0.227588 -0.973758 0
    outer loop
      vertex 20.9498 -19.8891 2.5
      vertex 20.8638 -19.9092 0
      vertex 20.9498 -19.8891 0
    endloop
  endfacet
  facet normal -0.352983 0.93563 0
    outer loop
      vertex 21.7298 -22.4604 0
      vertex 21.6471 -22.4916 2.5
      vertex 21.7298 -22.4604 2.5
    endloop
  endfacet
  facet normal -0.352983 0.93563 0
    outer loop
      vertex 21.6471 -22.4916 2.5
      vertex 21.7298 -22.4604 0
      vertex 21.6471 -22.4916 0
    endloop
  endfacet
  facet normal -0.93563 0.352983 0
    outer loop
      vertex 22.4604 -21.7298 0
      vertex 22.4916 -21.6471 2.5
      vertex 22.4916 -21.6471 0
    endloop
  endfacet
  facet normal -0.93563 0.352983 0
    outer loop
      vertex 22.4916 -21.6471 2.5
      vertex 22.4604 -21.7298 0
      vertex 22.4604 -21.7298 2.5
    endloop
  endfacet
  facet normal -0.93563 -0.352983 0
    outer loop
      vertex 22.4916 -20.7793 0
      vertex 22.4604 -20.6966 2.5
      vertex 22.4604 -20.6966 0
    endloop
  endfacet
  facet normal -0.93563 -0.352983 0
    outer loop
      vertex 22.4604 -20.6966 2.5
      vertex 22.4916 -20.7793 0
      vertex 22.4916 -20.7793 2.5
    endloop
  endfacet
  facet normal -0.227588 -0.973758 0
    outer loop
      vertex 21.4766 -19.8891 0
      vertex 21.5626 -19.9092 2.5
      vertex 21.4766 -19.8891 2.5
    endloop
  endfacet
  facet normal -0.227588 -0.973758 -0
    outer loop
      vertex 21.5626 -19.9092 2.5
      vertex 21.4766 -19.8891 0
      vertex 21.5626 -19.9092 0
    endloop
  endfacet
  facet normal 0.227588 0.973758 -0
    outer loop
      vertex 20.9498 -22.5373 0
      vertex 20.8638 -22.5172 2.5
      vertex 20.9498 -22.5373 2.5
    endloop
  endfacet
  facet normal 0.227588 0.973758 0
    outer loop
      vertex 20.8638 -22.5172 2.5
      vertex 20.9498 -22.5373 0
      vertex 20.8638 -22.5172 0
    endloop
  endfacet
  facet normal 0.995138 0.0984948 0
    outer loop
      vertex 19.8748 -21.3894 2.5
      vertex 19.8661 -21.3015 0
      vertex 19.8661 -21.3015 2.5
    endloop
  endfacet
  facet normal 0.995138 0.0984948 0
    outer loop
      vertex 19.8661 -21.3015 0
      vertex 19.8748 -21.3894 2.5
      vertex 19.8748 -21.3894 0
    endloop
  endfacet
  facet normal 0.634039 -0.773301 0
    outer loop
      vertex 20.3231 -20.1982 0
      vertex 20.3914 -20.1422 2.5
      vertex 20.3231 -20.1982 2.5
    endloop
  endfacet
  facet normal 0.634039 -0.773301 0
    outer loop
      vertex 20.3914 -20.1422 2.5
      vertex 20.3231 -20.1982 0
      vertex 20.3914 -20.1422 0
    endloop
  endfacet
  facet normal 0.93563 -0.352983 0
    outer loop
      vertex 19.9348 -20.7793 2.5
      vertex 19.966 -20.6966 0
      vertex 19.966 -20.6966 2.5
    endloop
  endfacet
  facet normal 0.93563 -0.352983 0
    outer loop
      vertex 19.966 -20.6966 0
      vertex 19.9348 -20.7793 2.5
      vertex 19.9348 -20.7793 0
    endloop
  endfacet
  facet normal 0.0328249 -0.999461 0
    outer loop
      vertex 21.1249 -19.8661 0
      vertex 21.2132 -19.8632 2.5
      vertex 21.1249 -19.8661 2.5
    endloop
  endfacet
  facet normal 0.0328249 -0.999461 0
    outer loop
      vertex 21.2132 -19.8632 2.5
      vertex 21.1249 -19.8661 0
      vertex 21.2132 -19.8632 0
    endloop
  endfacet
  facet normal 0.289945 -0.957043 0
    outer loop
      vertex 20.7793 -19.9348 0
      vertex 20.8638 -19.9092 2.5
      vertex 20.7793 -19.9348 2.5
    endloop
  endfacet
  facet normal 0.289945 -0.957043 0
    outer loop
      vertex 20.8638 -19.9092 2.5
      vertex 20.7793 -19.9348 0
      vertex 20.8638 -19.9092 0
    endloop
  endfacet
  facet normal 0.773301 0.634039 0
    outer loop
      vertex 20.1982 -22.1033 2.5
      vertex 20.1422 -22.035 0
      vertex 20.1422 -22.035 2.5
    endloop
  endfacet
  facet normal 0.773301 0.634039 0
    outer loop
      vertex 20.1422 -22.035 0
      vertex 20.1982 -22.1033 2.5
      vertex 20.1982 -22.1033 0
    endloop
  endfacet
  facet normal 0.729925 0.683527 0
    outer loop
      vertex 20.2586 -22.1678 2.5
      vertex 20.1982 -22.1033 0
      vertex 20.1982 -22.1033 2.5
    endloop
  endfacet
  facet normal 0.729925 0.683527 0
    outer loop
      vertex 20.1982 -22.1033 0
      vertex 20.2586 -22.1678 2.5
      vertex 20.2586 -22.1678 0
    endloop
  endfacet
  facet normal 0.289945 0.957043 -0
    outer loop
      vertex 20.8638 -22.5172 0
      vertex 20.7793 -22.4916 2.5
      vertex 20.8638 -22.5172 2.5
    endloop
  endfacet
  facet normal 0.289945 0.957043 0
    outer loop
      vertex 20.7793 -22.4916 2.5
      vertex 20.8638 -22.5172 0
      vertex 20.7793 -22.4916 0
    endloop
  endfacet
  facet normal 0.729925 -0.683527 0
    outer loop
      vertex 20.1982 -20.3231 2.5
      vertex 20.2586 -20.2586 0
      vertex 20.2586 -20.2586 2.5
    endloop
  endfacet
  facet normal 0.729925 -0.683527 0
    outer loop
      vertex 20.2586 -20.2586 0
      vertex 20.1982 -20.3231 2.5
      vertex 20.1982 -20.3231 0
    endloop
  endfacet
  facet normal -0.683527 -0.729925 0
    outer loop
      vertex 22.1033 -20.1982 0
      vertex 22.1678 -20.2586 2.5
      vertex 22.1033 -20.1982 2.5
    endloop
  endfacet
  facet normal -0.683527 -0.729925 -0
    outer loop
      vertex 22.1678 -20.2586 2.5
      vertex 22.1033 -20.1982 0
      vertex 22.1678 -20.2586 0
    endloop
  endfacet
  facet normal -0.634039 0.773301 0
    outer loop
      vertex 22.1033 -22.2282 0
      vertex 22.035 -22.2842 2.5
      vertex 22.1033 -22.2282 2.5
    endloop
  endfacet
  facet normal -0.634039 0.773301 0
    outer loop
      vertex 22.035 -22.2842 2.5
      vertex 22.1033 -22.2282 0
      vertex 22.035 -22.2842 0
    endloop
  endfacet
  facet normal -0.911179 0.412011 0
    outer loop
      vertex 22.424 -21.8103 0
      vertex 22.4604 -21.7298 2.5
      vertex 22.4604 -21.7298 0
    endloop
  endfacet
  facet normal -0.911179 0.412011 0
    outer loop
      vertex 22.4604 -21.7298 2.5
      vertex 22.424 -21.8103 0
      vertex 22.424 -21.8103 2.5
    endloop
  endfacet
  facet normal -0.849395 -0.527757 0
    outer loop
      vertex 22.3823 -20.5382 0
      vertex 22.3357 -20.4632 2.5
      vertex 22.3357 -20.4632 0
    endloop
  endfacet
  facet normal -0.849395 -0.527757 0
    outer loop
      vertex 22.3357 -20.4632 2.5
      vertex 22.3823 -20.5382 0
      vertex 22.3823 -20.5382 2.5
    endloop
  endfacet
  facet normal -0.849395 0.527757 0
    outer loop
      vertex 22.3357 -21.9632 0
      vertex 22.3823 -21.8882 2.5
      vertex 22.3823 -21.8882 0
    endloop
  endfacet
  facet normal -0.849395 0.527757 0
    outer loop
      vertex 22.3823 -21.8882 2.5
      vertex 22.3357 -21.9632 0
      vertex 22.3357 -21.9632 2.5
    endloop
  endfacet
  facet normal 0.412011 0.911179 -0
    outer loop
      vertex 20.6966 -22.4604 0
      vertex 20.6161 -22.424 2.5
      vertex 20.6966 -22.4604 2.5
    endloop
  endfacet
  facet normal 0.412011 0.911179 0
    outer loop
      vertex 20.6161 -22.424 2.5
      vertex 20.6966 -22.4604 0
      vertex 20.6161 -22.424 0
    endloop
  endfacet
  facet normal -0.289945 0.957043 0
    outer loop
      vertex 21.6471 -22.4916 0
      vertex 21.5626 -22.5172 2.5
      vertex 21.6471 -22.4916 2.5
    endloop
  endfacet
  facet normal -0.289945 0.957043 0
    outer loop
      vertex 21.5626 -22.5172 2.5
      vertex 21.6471 -22.4916 0
      vertex 21.5626 -22.5172 0
    endloop
  endfacet
  facet normal -0.582843 0.812585 0
    outer loop
      vertex 22.035 -22.2842 0
      vertex 21.9632 -22.3357 2.5
      vertex 22.035 -22.2842 2.5
    endloop
  endfacet
  facet normal -0.582843 0.812585 0
    outer loop
      vertex 21.9632 -22.3357 2.5
      vertex 22.035 -22.2842 0
      vertex 21.9632 -22.3357 0
    endloop
  endfacet
  facet normal -0.729925 -0.683527 0
    outer loop
      vertex 22.2282 -20.3231 0
      vertex 22.1678 -20.2586 2.5
      vertex 22.1678 -20.2586 0
    endloop
  endfacet
  facet normal -0.729925 -0.683527 0
    outer loop
      vertex 22.1678 -20.2586 2.5
      vertex 22.2282 -20.3231 0
      vertex 22.2282 -20.3231 2.5
    endloop
  endfacet
  facet normal 0.527757 0.849395 -0
    outer loop
      vertex 20.5382 -22.3823 0
      vertex 20.4632 -22.3357 2.5
      vertex 20.5382 -22.3823 2.5
    endloop
  endfacet
  facet normal 0.527757 0.849395 0
    outer loop
      vertex 20.4632 -22.3357 2.5
      vertex 20.5382 -22.3823 0
      vertex 20.4632 -22.3357 0
    endloop
  endfacet
  facet normal 0.957043 -0.289945 0
    outer loop
      vertex 19.9092 -20.8638 2.5
      vertex 19.9348 -20.7793 0
      vertex 19.9348 -20.7793 2.5
    endloop
  endfacet
  facet normal 0.957043 -0.289945 0
    outer loop
      vertex 19.9348 -20.7793 0
      vertex 19.9092 -20.8638 2.5
      vertex 19.9092 -20.8638 0
    endloop
  endfacet
  facet normal 0.683527 0.729925 -0
    outer loop
      vertex 20.3231 -22.2282 0
      vertex 20.2586 -22.1678 2.5
      vertex 20.3231 -22.2282 2.5
    endloop
  endfacet
  facet normal 0.683527 0.729925 0
    outer loop
      vertex 20.2586 -22.1678 2.5
      vertex 20.3231 -22.2282 0
      vertex 20.2586 -22.1678 0
    endloop
  endfacet
  facet normal 0.471939 -0.881631 0
    outer loop
      vertex 20.5382 -20.0441 0
      vertex 20.6161 -20.0024 2.5
      vertex 20.5382 -20.0441 2.5
    endloop
  endfacet
  facet normal 0.471939 -0.881631 0
    outer loop
      vertex 20.6161 -20.0024 2.5
      vertex 20.5382 -20.0441 0
      vertex 20.6161 -20.0024 0
    endloop
  endfacet
  facet normal 0.471939 0.881631 -0
    outer loop
      vertex 20.6161 -22.424 0
      vertex 20.5382 -22.3823 2.5
      vertex 20.6161 -22.424 2.5
    endloop
  endfacet
  facet normal 0.471939 0.881631 0
    outer loop
      vertex 20.5382 -22.3823 2.5
      vertex 20.6161 -22.424 0
      vertex 20.5382 -22.3823 0
    endloop
  endfacet
  facet normal -0.986613 -0.163077 0
    outer loop
      vertex -13.1128 14.6958 0
      vertex -13.1288 14.7926 1.7
      vertex -13.1288 14.7926 0
    endloop
  endfacet
  facet normal -0.986613 -0.163077 0
    outer loop
      vertex -13.1288 14.7926 1.7
      vertex -13.1128 14.6958 0
      vertex -13.1128 14.6958 1.7
    endloop
  endfacet
  facet normal -0.956982 -0.290149 0
    outer loop
      vertex -13.1511 14.8882 0
      vertex -13.1796 14.9822 1.7
      vertex -13.1796 14.9822 0
    endloop
  endfacet
  facet normal -0.956982 -0.290149 0
    outer loop
      vertex -13.1796 14.9822 1.7
      vertex -13.1511 14.8882 0
      vertex -13.1511 14.8882 1.7
    endloop
  endfacet
  facet normal 0.683297 0.73014 -0
    outer loop
      vertex -15.589 8.37224 0
      vertex -15.6607 8.43934 2.5
      vertex -15.589 8.37224 2.5
    endloop
  endfacet
  facet normal 0.683297 0.73014 0
    outer loop
      vertex -15.6607 8.43934 2.5
      vertex -15.589 8.37224 0
      vertex -15.6607 8.43934 0
    endloop
  endfacet
  facet normal 1 -0 0
    outer loop
      vertex -16.1 9.5 2.5
      vertex -16.1 14.5 0
      vertex -16.1 14.5 2.5
    endloop
  endfacet
  facet normal 1 0 0
    outer loop
      vertex -16.1 14.5 0
      vertex -16.1 9.5 2.5
      vertex -16.1 9.5 0
    endloop
  endfacet
  facet normal -0.683297 -0.73014 0
    outer loop
      vertex -13.611 15.6278 0
      vertex -13.5393 15.5607 2.6
      vertex -13.611 15.6278 2.6
    endloop
  endfacet
  facet normal -0.683297 -0.73014 -0
    outer loop
      vertex -13.5393 15.5607 2.6
      vertex -13.611 15.6278 0
      vertex -13.5393 15.5607 0
    endloop
  endfacet
  facet normal 0.849483 -0.527616 0
    outer loop
      vertex -15.899 15.25 2.5
      vertex -15.8472 15.3334 0
      vertex -15.8472 15.3334 2.5
    endloop
  endfacet
  facet normal 0.849483 -0.527616 0
    outer loop
      vertex -15.8472 15.3334 0
      vertex -15.899 15.25 2.5
      vertex -15.899 15.25 0
    endloop
  endfacet
  facet normal -0.849369 0.527799 0
    outer loop
      vertex -13.3528 8.66664 0
      vertex -13.301 8.75 2.6
      vertex -13.301 8.75 0
    endloop
  endfacet
  facet normal -0.849369 0.527799 0
    outer loop
      vertex -13.301 8.75 2.6
      vertex -13.3528 8.66664 0
      vertex -13.3528 8.66664 2.6
    endloop
  endfacet
  facet normal -0.471487 -0.881873 0
    outer loop
      vertex -13.9366 15.8453 0
      vertex -13.85 15.799 2.6
      vertex -13.9366 15.8453 2.6
    endloop
  endfacet
  facet normal -0.471487 -0.881873 -0
    outer loop
      vertex -13.85 15.799 2.6
      vertex -13.9366 15.8453 0
      vertex -13.85 15.799 0
    endloop
  endfacet
  facet normal -0.995205 0.0978089 0
    outer loop
      vertex -13.1128 9.30421 0
      vertex -13.1032 9.40189 1.7
      vertex -13.1032 9.40189 0
    endloop
  endfacet
  facet normal -0.995205 0.0978089 0
    outer loop
      vertex -13.1032 9.40189 1.7
      vertex -13.1128 9.30421 0
      vertex -13.1128 9.30421 1.7
    endloop
  endfacet
  facet normal -0.73014 -0.683297 0
    outer loop
      vertex -13.4722 15.489 0
      vertex -13.5393 15.5607 2.6
      vertex -13.5393 15.5607 0
    endloop
  endfacet
  facet normal -0.73014 -0.683297 0
    outer loop
      vertex -13.5393 15.5607 2.6
      vertex -13.4722 15.489 0
      vertex -13.4722 15.489 2.6
    endloop
  endfacet
  facet normal 0.8127 0.582683 0
    outer loop
      vertex -15.79 8.58686 2.5
      vertex -15.8472 8.66664 0
      vertex -15.8472 8.66664 2.5
    endloop
  endfacet
  facet normal 0.8127 0.582683 0
    outer loop
      vertex -15.8472 8.66664 0
      vertex -15.79 8.58686 2.5
      vertex -15.79 8.58686 0
    endloop
  endfacet
  facet normal -0.729855 0.683602 0
    outer loop
      vertex -13.5393 8.43934 0
      vertex -13.4722 8.51098 2.6
      vertex -13.4722 8.51098 0
    endloop
  endfacet
  facet normal -0.729855 0.683602 0
    outer loop
      vertex -13.4722 8.51098 2.6
      vertex -13.5393 8.43934 0
      vertex -13.5393 8.43934 2.6
    endloop
  endfacet
  facet normal 0.352687 -0.935741 0
    outer loop
      vertex -15.174 15.8858 0
      vertex -15.0822 15.9204 2.5
      vertex -15.174 15.8858 2.5
    endloop
  endfacet
  facet normal 0.352687 -0.935741 0
    outer loop
      vertex -15.0822 15.9204 2.5
      vertex -15.174 15.8858 0
      vertex -15.0822 15.9204 0
    endloop
  endfacet
  facet normal 0.471249 0.882 -0
    outer loop
      vertex -15.2634 8.15469 0
      vertex -15.35 8.20096 2.5
      vertex -15.2634 8.15469 2.5
    endloop
  endfacet
  facet normal 0.471249 0.882 0
    outer loop
      vertex -15.35 8.20096 2.5
      vertex -15.2634 8.15469 0
      vertex -15.35 8.20096 0
    endloop
  endfacet
  facet normal 0.995205 0.0978089 0
    outer loop
      vertex -16.0872 9.30421 2.5
      vertex -16.0968 9.40189 0
      vertex -16.0968 9.40189 2.5
    endloop
  endfacet
  facet normal 0.995205 0.0978089 0
    outer loop
      vertex -16.0968 9.40189 0
      vertex -16.0872 9.30421 2.5
      vertex -16.0872 9.30421 0
    endloop
  endfacet
  facet normal -0.227069 0.973879 0
    outer loop
      vertex -14.2118 8.05111 0
      vertex -14.3074 8.02882 2.6
      vertex -14.2118 8.05111 2.6
    endloop
  endfacet
  facet normal -0.227069 0.973879 0
    outer loop
      vertex -14.3074 8.02882 2.6
      vertex -14.2118 8.05111 0
      vertex -14.3074 8.02882 0
    endloop
  endfacet
  facet normal -0.527616 -0.849483 0
    outer loop
      vertex -13.85 15.799 0
      vertex -13.7666 15.7472 2.6
      vertex -13.85 15.799 2.6
    endloop
  endfacet
  facet normal -0.527616 -0.849483 -0
    outer loop
      vertex -13.7666 15.7472 2.6
      vertex -13.85 15.799 0
      vertex -13.7666 15.7472 0
    endloop
  endfacet
  facet normal 0.227165 -0.973856 0
    outer loop
      vertex -14.9882 15.9489 0
      vertex -14.8926 15.9712 2.6
      vertex -14.9882 15.9489 2.6
    endloop
  endfacet
  facet normal 0.227165 -0.973856 0
    outer loop
      vertex -14.8926 15.9712 2.6
      vertex -14.9882 15.9489 0
      vertex -14.8926 15.9712 0
    endloop
  endfacet
  facet normal 0.412736 0.910851 -0
    outer loop
      vertex -15.174 8.11418 0
      vertex -15.2634 8.15469 2.5
      vertex -15.174 8.11418 2.5
    endloop
  endfacet
  facet normal 0.412736 0.910851 0
    outer loop
      vertex -15.2634 8.15469 2.5
      vertex -15.174 8.11418 0
      vertex -15.2634 8.15469 0
    endloop
  endfacet
  facet normal -0.995207 -0.097789 0
    outer loop
      vertex -13.1032 14.5981 0
      vertex -13.1128 14.6958 1.7
      vertex -13.1128 14.6958 0
    endloop
  endfacet
  facet normal -0.995207 -0.097789 0
    outer loop
      vertex -13.1128 14.6958 1.7
      vertex -13.1032 14.5981 0
      vertex -13.1032 14.5981 1.7
    endloop
  endfacet
  facet normal -0.634274 0.773108 0
    outer loop
      vertex -13.611 8.37224 0
      vertex -13.6869 8.30997 2.6
      vertex -13.611 8.37224 2.6
    endloop
  endfacet
  facet normal -0.634274 0.773108 0
    outer loop
      vertex -13.6869 8.30997 2.6
      vertex -13.611 8.37224 0
      vertex -13.6869 8.30997 0
    endloop
  endfacet
  facet normal 0.773376 0.633948 0
    outer loop
      vertex -15.7278 8.51098 2.5
      vertex -15.79 8.58686 0
      vertex -15.79 8.58686 2.5
    endloop
  endfacet
  facet normal 0.773376 0.633948 0
    outer loop
      vertex -15.79 8.58686 0
      vertex -15.7278 8.51098 2.5
      vertex -15.7278 8.51098 0
    endloop
  endfacet
  facet normal 0.097789 -0.995207 0
    outer loop
      vertex -14.7958 15.9872 0
      vertex -14.6981 15.9968 2.6
      vertex -14.7958 15.9872 2.6
    endloop
  endfacet
  facet normal 0.097789 -0.995207 0
    outer loop
      vertex -14.6981 15.9968 2.6
      vertex -14.7958 15.9872 0
      vertex -14.6981 15.9968 0
    endloop
  endfacet
  facet normal 0.0327042 0.999465 -0
    outer loop
      vertex -14.6 8 0
      vertex -14.6981 8.00321 2.6
      vertex -14.6 8 2.6
    endloop
  endfacet
  facet normal 0.0327042 0.999465 0
    outer loop
      vertex -14.6981 8.00321 2.6
      vertex -14.6 8 0
      vertex -14.6981 8.00321 0
    endloop
  endfacet
  facet normal 0.849369 0.527799 0
    outer loop
      vertex -15.8472 8.66664 2.5
      vertex -15.899 8.75 0
      vertex -15.899 8.75 2.5
    endloop
  endfacet
  facet normal 0.849369 0.527799 0
    outer loop
      vertex -15.899 8.75 0
      vertex -15.8472 8.66664 2.5
      vertex -15.8472 8.66664 0
    endloop
  endfacet
  facet normal -0.999468 -0.0326024 0
    outer loop
      vertex -13.1 14.5 0
      vertex -13.1032 14.5981 1.7
      vertex -13.1032 14.5981 0
    endloop
  endfacet
  facet normal -0.999468 -0.0326024 0
    outer loop
      vertex -13.1032 14.5981 1.7
      vertex -13.1 14.5 0
      vertex -13.1 14.5 1.7
    endloop
  endfacet
  facet normal -0.583069 -0.812423 0
    outer loop
      vertex -13.7666 15.7472 0
      vertex -13.6869 15.69 2.6
      vertex -13.7666 15.7472 2.6
    endloop
  endfacet
  facet normal -0.583069 -0.812423 -0
    outer loop
      vertex -13.6869 15.69 2.6
      vertex -13.7666 15.7472 0
      vertex -13.6869 15.69 0
    endloop
  endfacet
  facet normal 0.634274 0.773108 -0
    outer loop
      vertex -15.5131 8.30997 0
      vertex -15.589 8.37224 2.5
      vertex -15.5131 8.30997 2.5
    endloop
  endfacet
  facet normal 0.634274 0.773108 0
    outer loop
      vertex -15.589 8.37224 2.5
      vertex -15.5131 8.30997 0
      vertex -15.589 8.37224 0
    endloop
  endfacet
  facet normal 0.28958 0.957154 0
    outer loop
      vertex -14.9882 8.05111 2.6
      vertex -15 8.05468 2.5
      vertex -15 8.05468 2.6
    endloop
  endfacet
  facet normal 0.28958 0.957154 -0
    outer loop
      vertex -14.9882 8.05111 0
      vertex -15 8.05468 2.5
      vertex -14.9882 8.05111 2.6
    endloop
  endfacet
  facet normal 0.290124 0.956989 2.80344e-06
    outer loop
      vertex -14.9882 8.05111 0
      vertex -15.0822 8.0796 2.5
      vertex -15 8.05468 2.5
    endloop
  endfacet
  facet normal 0.290055 0.95701 0
    outer loop
      vertex -15.0822 8.0796 2.5
      vertex -14.9882 8.05111 0
      vertex -15.0822 8.0796 0
    endloop
  endfacet
  facet normal -0.881805 0.471614 0
    outer loop
      vertex -13.301 8.75 0
      vertex -13.2547 8.83657 2.6
      vertex -13.2547 8.83657 0
    endloop
  endfacet
  facet normal -0.881805 0.471614 0
    outer loop
      vertex -13.2547 8.83657 2.6
      vertex -13.301 8.75 0
      vertex -13.301 8.75 2.6
    endloop
  endfacet
  facet normal 0.73014 -0.683297 0
    outer loop
      vertex -15.7278 15.489 2.5
      vertex -15.6607 15.5607 0
      vertex -15.6607 15.5607 2.5
    endloop
  endfacet
  facet normal 0.73014 -0.683297 0
    outer loop
      vertex -15.6607 15.5607 0
      vertex -15.7278 15.489 2.5
      vertex -15.7278 15.489 0
    endloop
  endfacet
  facet normal 0.683297 -0.73014 0
    outer loop
      vertex -15.6607 15.5607 0
      vertex -15.589 15.6278 2.5
      vertex -15.6607 15.5607 2.5
    endloop
  endfacet
  facet normal 0.683297 -0.73014 0
    outer loop
      vertex -15.589 15.6278 2.5
      vertex -15.6607 15.5607 0
      vertex -15.589 15.6278 0
    endloop
  endfacet
  facet normal -0.986627 0.162995 0
    outer loop
      vertex -13.1288 9.20736 0
      vertex -13.1128 9.30421 1.7
      vertex -13.1128 9.30421 0
    endloop
  endfacet
  facet normal -0.986627 0.162995 0
    outer loop
      vertex -13.1128 9.30421 1.7
      vertex -13.1288 9.20736 0
      vertex -13.1288 9.20736 1.7
    endloop
  endfacet
  facet normal 0.881805 0.471614 0
    outer loop
      vertex -15.899 8.75 2.5
      vertex -15.9453 8.83657 0
      vertex -15.9453 8.83657 2.5
    endloop
  endfacet
  facet normal 0.881805 0.471614 0
    outer loop
      vertex -15.9453 8.83657 0
      vertex -15.899 8.75 2.5
      vertex -15.899 8.75 0
    endloop
  endfacet
  facet normal 0.935741 -0.352687 0
    outer loop
      vertex -16.0204 14.9822 2.5
      vertex -15.9858 15.074 0
      vertex -15.9858 15.074 2.5
    endloop
  endfacet
  facet normal 0.935741 -0.352687 0
    outer loop
      vertex -15.9858 15.074 0
      vertex -16.0204 14.9822 2.5
      vertex -16.0204 14.9822 0
    endloop
  endfacet
  facet normal 0.471487 -0.881873 0
    outer loop
      vertex -15.35 15.799 0
      vertex -15.2634 15.8453 2.5
      vertex -15.35 15.799 2.5
    endloop
  endfacet
  facet normal 0.471487 -0.881873 0
    outer loop
      vertex -15.2634 15.8453 2.5
      vertex -15.35 15.799 0
      vertex -15.2634 15.8453 0
    endloop
  endfacet
  facet normal -0.163077 -0.986613 0
    outer loop
      vertex -14.4042 15.9872 0
      vertex -14.3074 15.9712 2.6
      vertex -14.4042 15.9872 2.6
    endloop
  endfacet
  facet normal -0.163077 -0.986613 -0
    outer loop
      vertex -14.3074 15.9712 2.6
      vertex -14.4042 15.9872 0
      vertex -14.3074 15.9712 0
    endloop
  endfacet
  facet normal 0.986613 -0.163077 0
    outer loop
      vertex -16.0872 14.6958 2.5
      vertex -16.0712 14.7926 0
      vertex -16.0712 14.7926 2.5
    endloop
  endfacet
  facet normal 0.986613 -0.163077 0
    outer loop
      vertex -16.0712 14.7926 0
      vertex -16.0872 14.6958 2.5
      vertex -16.0872 14.6958 0
    endloop
  endfacet
  facet normal -0.352508 0.935809 0
    outer loop
      vertex -14.026 8.11418 0
      vertex -14.1178 8.0796 2.6
      vertex -14.026 8.11418 2.6
    endloop
  endfacet
  facet normal -0.352508 0.935809 0
    outer loop
      vertex -14.1178 8.0796 2.6
      vertex -14.026 8.11418 0
      vertex -14.1178 8.0796 0
    endloop
  endfacet
  facet normal -0.412736 0.910851 0
    outer loop
      vertex -13.9366 8.15469 0
      vertex -14.026 8.11418 2.6
      vertex -13.9366 8.15469 2.6
    endloop
  endfacet
  facet normal -0.412736 0.910851 0
    outer loop
      vertex -14.026 8.11418 2.6
      vertex -13.9366 8.15469 0
      vertex -14.026 8.11418 0
    endloop
  endfacet
  facet normal -0.471249 0.882 0
    outer loop
      vertex -13.85 8.20096 0
      vertex -13.9366 8.15469 2.6
      vertex -13.85 8.20096 2.6
    endloop
  endfacet
  facet normal -0.471249 0.882 0
    outer loop
      vertex -13.9366 8.15469 2.6
      vertex -13.85 8.20096 0
      vertex -13.9366 8.15469 0
    endloop
  endfacet
  facet normal 0.995207 -0.097789 0
    outer loop
      vertex -16.0968 14.5981 2.5
      vertex -16.0872 14.6958 0
      vertex -16.0872 14.6958 2.5
    endloop
  endfacet
  facet normal 0.995207 -0.097789 0
    outer loop
      vertex -16.0872 14.6958 0
      vertex -16.0968 14.5981 2.5
      vertex -16.0968 14.5981 0
    endloop
  endfacet
  facet normal -0.973851 0.227188 0
    outer loop
      vertex -13.1511 9.11177 0
      vertex -13.1288 9.20736 1.7
      vertex -13.1288 9.20736 0
    endloop
  endfacet
  facet normal -0.973851 0.227188 0
    outer loop
      vertex -13.1288 9.20736 1.7
      vertex -13.1511 9.11177 0
      vertex -13.1511 9.11177 1.7
    endloop
  endfacet
  facet normal -0.973856 -0.227165 0
    outer loop
      vertex -13.1288 14.7926 0
      vertex -13.1511 14.8882 1.7
      vertex -13.1511 14.8882 0
    endloop
  endfacet
  facet normal -0.973856 -0.227165 0
    outer loop
      vertex -13.1511 14.8882 1.7
      vertex -13.1288 14.7926 0
      vertex -13.1288 14.7926 1.7
    endloop
  endfacet
  facet normal 0.93583 0.352452 0
    outer loop
      vertex -15.9858 8.92597 2.5
      vertex -16.0204 9.01784 0
      vertex -16.0204 9.01784 2.5
    endloop
  endfacet
  facet normal 0.93583 0.352452 0
    outer loop
      vertex -16.0204 9.01784 0
      vertex -15.9858 8.92597 2.5
      vertex -15.9858 8.92597 0
    endloop
  endfacet
  facet normal -0.935818 -0.352483 0
    outer loop
      vertex -13.2142 15.074 0
      vertex -13.2 15.0363 1.7
      vertex -13.2142 15.074 2.6
    endloop
  endfacet
  facet normal -0.935741 -0.352687 -5.15659e-06
    outer loop
      vertex -13.1796 14.9822 0
      vertex -13.2 15.0363 1.7
      vertex -13.2142 15.074 0
    endloop
  endfacet
  facet normal -0.935688 -0.352829 0
    outer loop
      vertex -13.2 15.0363 1.7
      vertex -13.1796 14.9822 0
      vertex -13.1796 14.9822 1.7
    endloop
  endfacet
  facet normal -0.935818 -0.352483 0
    outer loop
      vertex -13.2142 15.074 2.6
      vertex -13.2 15.0363 1.7
      vertex -13.2 15.0363 2.6
    endloop
  endfacet
  facet normal 0.0979908 0.995187 -0
    outer loop
      vertex -14.6981 8.00321 0
      vertex -14.7958 8.01283 2.6
      vertex -14.6981 8.00321 2.6
    endloop
  endfacet
  facet normal 0.0979908 0.995187 0
    outer loop
      vertex -14.7958 8.01283 2.6
      vertex -14.6981 8.00321 0
      vertex -14.7958 8.01283 0
    endloop
  endfacet
  facet normal -0.633848 -0.773458 0
    outer loop
      vertex -13.6869 15.69 0
      vertex -13.611 15.6278 2.6
      vertex -13.6869 15.69 2.6
    endloop
  endfacet
  facet normal -0.633848 -0.773458 -0
    outer loop
      vertex -13.611 15.6278 2.6
      vertex -13.6869 15.69 0
      vertex -13.611 15.6278 0
    endloop
  endfacet
  facet normal -0.910889 0.412651 0
    outer loop
      vertex -13.2547 8.83657 0
      vertex -13.2142 8.92597 2.6
      vertex -13.2142 8.92597 0
    endloop
  endfacet
  facet normal -0.910889 0.412651 0
    outer loop
      vertex -13.2142 8.92597 2.6
      vertex -13.2547 8.83657 0
      vertex -13.2547 8.83657 2.6
    endloop
  endfacet
  facet normal 0 0 -1
    outer loop
      vertex -13.2547 8.83657 2.6
      vertex -13.2 8.96365 2.6
      vertex -13.2142 8.92597 2.6
    endloop
  endfacet
  facet normal -0 0 -1
    outer loop
      vertex -13.2 8.96365 2.6
      vertex -15 8.05468 2.6
      vertex -13.2 15.0363 2.6
    endloop
  endfacet
  facet normal 0 0 -1
    outer loop
      vertex -13.2 8.96365 2.6
      vertex -13.2547 8.83657 2.6
      vertex -15 8.05468 2.6
    endloop
  endfacet
  facet normal 0 0 -1
    outer loop
      vertex -15 15.9453 2.6
      vertex -13.2 15.0363 2.6
      vertex -15 8.05468 2.6
    endloop
  endfacet
  facet normal 0 0 -1
    outer loop
      vertex -15 8.05468 2.6
      vertex -13.2547 8.83657 2.6
      vertex -13.301 8.75 2.6
    endloop
  endfacet
  facet normal -0 -0 -1
    outer loop
      vertex -13.2547 15.1634 2.6
      vertex -13.2 15.0363 2.6
      vertex -15 15.9453 2.6
    endloop
  endfacet
  facet normal 0 0 -1
    outer loop
      vertex -15 8.05468 2.6
      vertex -13.301 8.75 2.6
      vertex -13.3528 8.66664 2.6
    endloop
  endfacet
  facet normal 0 0 -1
    outer loop
      vertex -13.2 15.0363 2.6
      vertex -13.2547 15.1634 2.6
      vertex -13.2142 15.074 2.6
    endloop
  endfacet
  facet normal 0 0 -1
    outer loop
      vertex -15 8.05468 2.6
      vertex -13.3528 8.66664 2.6
      vertex -13.41 8.58686 2.6
    endloop
  endfacet
  facet normal 0 0 -1
    outer loop
      vertex -13.2547 15.1634 2.6
      vertex -15 15.9453 2.6
      vertex -13.301 15.25 2.6
    endloop
  endfacet
  facet normal 0 0 -1
    outer loop
      vertex -15 8.05468 2.6
      vertex -13.41 8.58686 2.6
      vertex -13.4722 8.51098 2.6
    endloop
  endfacet
  facet normal 0 0 -1
    outer loop
      vertex -13.301 15.25 2.6
      vertex -15 15.9453 2.6
      vertex -13.3528 15.3334 2.6
    endloop
  endfacet
  facet normal 0 0 -1
    outer loop
      vertex -15 8.05468 2.6
      vertex -13.4722 8.51098 2.6
      vertex -13.5393 8.43934 2.6
    endloop
  endfacet
  facet normal 0 0 -1
    outer loop
      vertex -13.3528 15.3334 2.6
      vertex -15 15.9453 2.6
      vertex -13.41 15.4131 2.6
    endloop
  endfacet
  facet normal 0 0 -1
    outer loop
      vertex -15 8.05468 2.6
      vertex -13.5393 8.43934 2.6
      vertex -13.611 8.37224 2.6
    endloop
  endfacet
  facet normal 0 0 -1
    outer loop
      vertex -13.41 15.4131 2.6
      vertex -15 15.9453 2.6
      vertex -13.4722 15.489 2.6
    endloop
  endfacet
  facet normal 0 0 -1
    outer loop
      vertex -15 8.05468 2.6
      vertex -13.611 8.37224 2.6
      vertex -13.6869 8.30997 2.6
    endloop
  endfacet
  facet normal 0 0 -1
    outer loop
      vertex -13.4722 15.489 2.6
      vertex -15 15.9453 2.6
      vertex -13.5393 15.5607 2.6
    endloop
  endfacet
  facet normal 0 0 -1
    outer loop
      vertex -15 8.05468 2.6
      vertex -13.6869 8.30997 2.6
      vertex -13.7666 8.2528 2.6
    endloop
  endfacet
  facet normal 0 0 -1
    outer loop
      vertex -13.5393 15.5607 2.6
      vertex -15 15.9453 2.6
      vertex -13.611 15.6278 2.6
    endloop
  endfacet
  facet normal 0 0 -1
    outer loop
      vertex -15 8.05468 2.6
      vertex -13.7666 8.2528 2.6
      vertex -13.85 8.20096 2.6
    endloop
  endfacet
  facet normal 0 0 -1
    outer loop
      vertex -13.611 15.6278 2.6
      vertex -15 15.9453 2.6
      vertex -13.6869 15.69 2.6
    endloop
  endfacet
  facet normal 0 0 -1
    outer loop
      vertex -15 8.05468 2.6
      vertex -13.85 8.20096 2.6
      vertex -13.9366 8.15469 2.6
    endloop
  endfacet
  facet normal 0 0 -1
    outer loop
      vertex -13.6869 15.69 2.6
      vertex -15 15.9453 2.6
      vertex -13.7666 15.7472 2.6
    endloop
  endfacet
  facet normal 0 0 -1
    outer loop
      vertex -15 8.05468 2.6
      vertex -13.9366 8.15469 2.6
      vertex -14.026 8.11418 2.6
    endloop
  endfacet
  facet normal 0 0 -1
    outer loop
      vertex -13.7666 15.7472 2.6
      vertex -15 15.9453 2.6
      vertex -13.85 15.799 2.6
    endloop
  endfacet
  facet normal 0 0 -1
    outer loop
      vertex -15 8.05468 2.6
      vertex -14.026 8.11418 2.6
      vertex -14.1178 8.0796 2.6
    endloop
  endfacet
  facet normal 0 0 -1
    outer loop
      vertex -13.85 15.799 2.6
      vertex -15 15.9453 2.6
      vertex -13.9366 15.8453 2.6
    endloop
  endfacet
  facet normal 0 0 -1
    outer loop
      vertex -15 8.05468 2.6
      vertex -14.1178 8.0796 2.6
      vertex -14.2118 8.05111 2.6
    endloop
  endfacet
  facet normal 0 0 -1
    outer loop
      vertex -13.9366 15.8453 2.6
      vertex -15 15.9453 2.6
      vertex -14.026 15.8858 2.6
    endloop
  endfacet
  facet normal 0 0 -1
    outer loop
      vertex -15 8.05468 2.6
      vertex -14.2118 8.05111 2.6
      vertex -14.3074 8.02882 2.6
    endloop
  endfacet
  facet normal 0 0 -1
    outer loop
      vertex -14.026 15.8858 2.6
      vertex -15 15.9453 2.6
      vertex -14.1178 15.9204 2.6
    endloop
  endfacet
  facet normal 0 0 -1
    outer loop
      vertex -15 8.05468 2.6
      vertex -14.3074 8.02882 2.6
      vertex -14.4042 8.01283 2.6
    endloop
  endfacet
  facet normal 0 0 -1
    outer loop
      vertex -14.1178 15.9204 2.6
      vertex -15 15.9453 2.6
      vertex -14.2118 15.9489 2.6
    endloop
  endfacet
  facet normal 0 0 -1
    outer loop
      vertex -15 8.05468 2.6
      vertex -14.4042 8.01283 2.6
      vertex -14.5019 8.00321 2.6
    endloop
  endfacet
  facet normal -0 0 -1
    outer loop
      vertex -14.2118 15.9489 2.6
      vertex -15 15.9453 2.6
      vertex -14.3074 15.9712 2.6
    endloop
  endfacet
  facet normal 0 0 -1
    outer loop
      vertex -15 8.05468 2.6
      vertex -14.5019 8.00321 2.6
      vertex -14.6 8 2.6
    endloop
  endfacet
  facet normal -0 0 -1
    outer loop
      vertex -14.3074 15.9712 2.6
      vertex -15 15.9453 2.6
      vertex -14.4042 15.9872 2.6
    endloop
  endfacet
  facet normal 0 0 -1
    outer loop
      vertex -15 8.05468 2.6
      vertex -14.6 8 2.6
      vertex -14.6981 8.00321 2.6
    endloop
  endfacet
  facet normal -0 0 -1
    outer loop
      vertex -14.4042 15.9872 2.6
      vertex -15 15.9453 2.6
      vertex -14.5019 15.9968 2.6
    endloop
  endfacet
  facet normal 0 0 -1
    outer loop
      vertex -15 8.05468 2.6
      vertex -14.6981 8.00321 2.6
      vertex -14.7958 8.01283 2.6
    endloop
  endfacet
  facet normal -0 0 -1
    outer loop
      vertex -14.5019 15.9968 2.6
      vertex -15 15.9453 2.6
      vertex -14.6 16 2.6
    endloop
  endfacet
  facet normal 0 0 -1
    outer loop
      vertex -15 8.05468 2.6
      vertex -14.7958 8.01283 2.6
      vertex -14.8926 8.02882 2.6
    endloop
  endfacet
  facet normal 0 0 -1
    outer loop
      vertex -14.6 16 2.6
      vertex -15 15.9453 2.6
      vertex -14.6981 15.9968 2.6
    endloop
  endfacet
  facet normal 0 0 -1
    outer loop
      vertex -15 8.05468 2.6
      vertex -14.8926 8.02882 2.6
      vertex -14.9882 8.05111 2.6
    endloop
  endfacet
  facet normal 0 0 -1
    outer loop
      vertex -14.6981 15.9968 2.6
      vertex -15 15.9453 2.6
      vertex -14.7958 15.9872 2.6
    endloop
  endfacet
  facet normal 0 0 -1
    outer loop
      vertex -14.7958 15.9872 2.6
      vertex -15 15.9453 2.6
      vertex -14.8926 15.9712 2.6
    endloop
  endfacet
  facet normal 0 0 -1
    outer loop
      vertex -14.8926 15.9712 2.6
      vertex -15 15.9453 2.6
      vertex -14.9882 15.9489 2.6
    endloop
  endfacet
  facet normal 0.956982 -0.290149 0
    outer loop
      vertex -16.0489 14.8882 2.5
      vertex -16.0204 14.9822 0
      vertex -16.0204 14.9822 2.5
    endloop
  endfacet
  facet normal 0.956982 -0.290149 0
    outer loop
      vertex -16.0204 14.9822 0
      vertex -16.0489 14.8882 2.5
      vertex -16.0489 14.8882 0
    endloop
  endfacet
  facet normal 0.999469 0.0325991 0
    outer loop
      vertex -16.0968 9.40189 2.5
      vertex -16.1 9.5 0
      vertex -16.1 9.5 2.5
    endloop
  endfacet
  facet normal 0.999469 0.0325991 0
    outer loop
      vertex -16.1 9.5 0
      vertex -16.0968 9.40189 2.5
      vertex -16.0968 9.40189 0
    endloop
  endfacet
  facet normal -0.162977 0.98663 0
    outer loop
      vertex -14.3074 8.02882 0
      vertex -14.4042 8.01283 2.6
      vertex -14.3074 8.02882 2.6
    endloop
  endfacet
  facet normal -0.162977 0.98663 0
    outer loop
      vertex -14.4042 8.01283 2.6
      vertex -14.3074 8.02882 0
      vertex -14.4042 8.01283 0
    endloop
  endfacet
  facet normal -0.582867 0.812568 0
    outer loop
      vertex -13.6869 8.30997 0
      vertex -13.7666 8.2528 2.6
      vertex -13.6869 8.30997 2.6
    endloop
  endfacet
  facet normal -0.582867 0.812568 0
    outer loop
      vertex -13.7666 8.2528 2.6
      vertex -13.6869 8.30997 0
      vertex -13.7666 8.2528 0
    endloop
  endfacet
  facet normal -0.773376 0.633948 0
    outer loop
      vertex -13.4722 8.51098 0
      vertex -13.41 8.58686 2.6
      vertex -13.41 8.58686 0
    endloop
  endfacet
  facet normal -0.773376 0.633948 0
    outer loop
      vertex -13.41 8.58686 2.6
      vertex -13.4722 8.51098 0
      vertex -13.4722 8.51098 2.6
    endloop
  endfacet
  facet normal 0.999468 -0.0326024 0
    outer loop
      vertex -16.1 14.5 2.5
      vertex -16.0968 14.5981 0
      vertex -16.0968 14.5981 2.5
    endloop
  endfacet
  facet normal 0.999468 -0.0326024 0
    outer loop
      vertex -16.0968 14.5981 0
      vertex -16.1 14.5 2.5
      vertex -16.1 14.5 0
    endloop
  endfacet
  facet normal -0.097789 -0.995207 0
    outer loop
      vertex -14.5019 15.9968 0
      vertex -14.4042 15.9872 2.6
      vertex -14.5019 15.9968 2.6
    endloop
  endfacet
  facet normal -0.097789 -0.995207 -0
    outer loop
      vertex -14.4042 15.9872 2.6
      vertex -14.5019 15.9968 0
      vertex -14.4042 15.9872 0
    endloop
  endfacet
  facet normal -0.999469 0.0325991 0
    outer loop
      vertex -13.1032 9.40189 0
      vertex -13.1 9.5 1.7
      vertex -13.1 9.5 0
    endloop
  endfacet
  facet normal -0.999469 0.0325991 0
    outer loop
      vertex -13.1 9.5 1.7
      vertex -13.1032 9.40189 0
      vertex -13.1032 9.40189 1.7
    endloop
  endfacet
  facet normal -1 0 0
    outer loop
      vertex -13.1 9.5 0
      vertex -13.1 14.5 1.7
      vertex -13.1 14.5 0
    endloop
  endfacet
  facet normal -1 -0 0
    outer loop
      vertex -13.1 14.5 1.7
      vertex -13.1 9.5 0
      vertex -13.1 9.5 1.7
    endloop
  endfacet
  facet normal -0.956922 0.290347 0
    outer loop
      vertex -13.1796 9.01784 0
      vertex -13.1511 9.11177 1.7
      vertex -13.1511 9.11177 0
    endloop
  endfacet
  facet normal -0.956922 0.290347 0
    outer loop
      vertex -13.1511 9.11177 1.7
      vertex -13.1796 9.01784 0
      vertex -13.1796 9.01784 1.7
    endloop
  endfacet
  facet normal 0.0326024 -0.999468 0
    outer loop
      vertex -14.6981 15.9968 0
      vertex -14.6 16 2.6
      vertex -14.6981 15.9968 2.6
    endloop
  endfacet
  facet normal 0.0326024 -0.999468 0
    outer loop
      vertex -14.6 16 2.6
      vertex -14.6981 15.9968 0
      vertex -14.6 16 0
    endloop
  endfacet
  facet normal 0.973856 -0.227165 0
    outer loop
      vertex -16.0712 14.7926 2.5
      vertex -16.0489 14.8882 0
      vertex -16.0489 14.8882 2.5
    endloop
  endfacet
  facet normal 0.973856 -0.227165 0
    outer loop
      vertex -16.0489 14.8882 0
      vertex -16.0712 14.7926 2.5
      vertex -16.0712 14.7926 0
    endloop
  endfacet
  facet normal 0.527616 -0.849483 0
    outer loop
      vertex -15.4334 15.7472 0
      vertex -15.35 15.799 2.5
      vertex -15.4334 15.7472 2.5
    endloop
  endfacet
  facet normal 0.527616 -0.849483 0
    outer loop
      vertex -15.35 15.799 2.5
      vertex -15.4334 15.7472 0
      vertex -15.35 15.799 0
    endloop
  endfacet
  facet normal -0.290055 0.95701 0
    outer loop
      vertex -14.1178 8.0796 0
      vertex -14.2118 8.05111 2.6
      vertex -14.1178 8.0796 2.6
    endloop
  endfacet
  facet normal -0.290055 0.95701 0
    outer loop
      vertex -14.2118 8.05111 2.6
      vertex -14.1178 8.0796 0
      vertex -14.2118 8.05111 0
    endloop
  endfacet
  facet normal 0.52791 0.8493 -0
    outer loop
      vertex -15.35 8.20096 0
      vertex -15.4334 8.2528 2.5
      vertex -15.35 8.20096 2.5
    endloop
  endfacet
  facet normal 0.52791 0.8493 0
    outer loop
      vertex -15.4334 8.2528 2.5
      vertex -15.35 8.20096 0
      vertex -15.4334 8.2528 0
    endloop
  endfacet
  facet normal -0.412651 -0.910889 0
    outer loop
      vertex -14.026 15.8858 0
      vertex -13.9366 15.8453 2.6
      vertex -14.026 15.8858 2.6
    endloop
  endfacet
  facet normal -0.412651 -0.910889 -0
    outer loop
      vertex -13.9366 15.8453 2.6
      vertex -14.026 15.8858 0
      vertex -13.9366 15.8453 0
    endloop
  endfacet
  facet normal 0.812423 -0.583069 0
    outer loop
      vertex -15.8472 15.3334 2.5
      vertex -15.79 15.4131 0
      vertex -15.79 15.4131 2.5
    endloop
  endfacet
  facet normal 0.812423 -0.583069 0
    outer loop
      vertex -15.79 15.4131 0
      vertex -15.8472 15.3334 2.5
      vertex -15.8472 15.3334 0
    endloop
  endfacet
  facet normal 0.412651 -0.910889 0
    outer loop
      vertex -15.2634 15.8453 0
      vertex -15.174 15.8858 2.5
      vertex -15.2634 15.8453 2.5
    endloop
  endfacet
  facet normal 0.412651 -0.910889 0
    outer loop
      vertex -15.174 15.8858 2.5
      vertex -15.2634 15.8453 0
      vertex -15.174 15.8858 0
    endloop
  endfacet
  facet normal 0.633848 -0.773458 0
    outer loop
      vertex -15.589 15.6278 0
      vertex -15.5131 15.69 2.5
      vertex -15.589 15.6278 2.5
    endloop
  endfacet
  facet normal 0.633848 -0.773458 0
    outer loop
      vertex -15.5131 15.69 2.5
      vertex -15.589 15.6278 0
      vertex -15.5131 15.69 0
    endloop
  endfacet
  facet normal 0.227069 0.973879 -0
    outer loop
      vertex -14.8926 8.02882 0
      vertex -14.9882 8.05111 2.6
      vertex -14.8926 8.02882 2.6
    endloop
  endfacet
  facet normal 0.227069 0.973879 0
    outer loop
      vertex -14.9882 8.05111 2.6
      vertex -14.8926 8.02882 0
      vertex -14.9882 8.05111 0
    endloop
  endfacet
  facet normal 0.582867 0.812568 -0
    outer loop
      vertex -15.4334 8.2528 0
      vertex -15.5131 8.30997 2.5
      vertex -15.4334 8.2528 2.5
    endloop
  endfacet
  facet normal 0.582867 0.812568 0
    outer loop
      vertex -15.5131 8.30997 2.5
      vertex -15.4334 8.2528 0
      vertex -15.5131 8.30997 0
    endloop
  endfacet
  facet normal -0.227165 -0.973856 0
    outer loop
      vertex -14.3074 15.9712 0
      vertex -14.2118 15.9489 2.6
      vertex -14.3074 15.9712 2.6
    endloop
  endfacet
  facet normal -0.227165 -0.973856 -0
    outer loop
      vertex -14.2118 15.9489 2.6
      vertex -14.3074 15.9712 0
      vertex -14.2118 15.9489 0
    endloop
  endfacet
  facet normal 0.163077 -0.986613 0
    outer loop
      vertex -14.8926 15.9712 0
      vertex -14.7958 15.9872 2.6
      vertex -14.8926 15.9712 2.6
    endloop
  endfacet
  facet normal 0.163077 -0.986613 0
    outer loop
      vertex -14.7958 15.9872 2.6
      vertex -14.8926 15.9712 0
      vertex -14.7958 15.9872 0
    endloop
  endfacet
  facet normal 0.352508 0.935809 -0
    outer loop
      vertex -15.0822 8.0796 0
      vertex -15.174 8.11418 2.5
      vertex -15.0822 8.0796 2.5
    endloop
  endfacet
  facet normal 0.352508 0.935809 0
    outer loop
      vertex -15.174 8.11418 2.5
      vertex -15.0822 8.0796 0
      vertex -15.174 8.11418 0
    endloop
  endfacet
  facet normal -0.0979908 0.995187 0
    outer loop
      vertex -14.4042 8.01283 0
      vertex -14.5019 8.00321 2.6
      vertex -14.4042 8.01283 2.6
    endloop
  endfacet
  facet normal -0.0979908 0.995187 0
    outer loop
      vertex -14.5019 8.00321 2.6
      vertex -14.4042 8.01283 0
      vertex -14.5019 8.00321 0
    endloop
  endfacet
  facet normal -0.290149 -0.956982 0
    outer loop
      vertex -14.2118 15.9489 0
      vertex -14.1178 15.9204 2.6
      vertex -14.2118 15.9489 2.6
    endloop
  endfacet
  facet normal -0.290149 -0.956982 -0
    outer loop
      vertex -14.1178 15.9204 2.6
      vertex -14.2118 15.9489 0
      vertex -14.1178 15.9204 0
    endloop
  endfacet
  facet normal -0.0327042 0.999465 0
    outer loop
      vertex -14.5019 8.00321 0
      vertex -14.6 8 2.6
      vertex -14.5019 8.00321 2.6
    endloop
  endfacet
  facet normal -0.0327042 0.999465 0
    outer loop
      vertex -14.6 8 2.6
      vertex -14.5019 8.00321 0
      vertex -14.6 8 0
    endloop
  endfacet
  facet normal -0.935881 0.352316 0
    outer loop
      vertex -13.1796 9.01784 0
      vertex -13.2 8.96365 1.7
      vertex -13.1796 9.01784 1.7
    endloop
  endfacet
  facet normal -0.93583 0.352452 4.94942e-06
    outer loop
      vertex -13.2142 8.92597 0
      vertex -13.2 8.96365 1.7
      vertex -13.1796 9.01784 0
    endloop
  endfacet
  facet normal -0.935756 0.352647 0
    outer loop
      vertex -13.2142 8.92597 2.6
      vertex -13.2 8.96365 1.7
      vertex -13.2142 8.92597 0
    endloop
  endfacet
  facet normal -0.935756 0.352647 0
    outer loop
      vertex -13.2 8.96365 1.7
      vertex -13.2142 8.92597 2.6
      vertex -13.2 8.96365 2.6
    endloop
  endfacet
  facet normal 0.28991 -0.957054 0
    outer loop
      vertex -15.0822 15.9204 2.5
      vertex -15.0822 15.9204 0
      vertex -15 15.9453 2.5
    endloop
  endfacet
  facet normal 0.291807 -0.956477 0
    outer loop
      vertex -15 15.9453 2.5
      vertex -14.9882 15.9489 2.6
      vertex -15 15.9453 2.6
    endloop
  endfacet
  facet normal 0.290149 -0.956982 -8.55175e-06
    outer loop
      vertex -14.9882 15.9489 0
      vertex -15 15.9453 2.5
      vertex -15.0822 15.9204 0
    endloop
  endfacet
  facet normal 0.291807 -0.956477 0
    outer loop
      vertex -15 15.9453 2.5
      vertex -14.9882 15.9489 0
      vertex -14.9882 15.9489 2.6
    endloop
  endfacet
  facet normal 0.956922 0.290347 0
    outer loop
      vertex -16.0204 9.01784 2.5
      vertex -16.0489 9.11177 0
      vertex -16.0489 9.11177 2.5
    endloop
  endfacet
  facet normal 0.956922 0.290347 0
    outer loop
      vertex -16.0489 9.11177 0
      vertex -16.0204 9.01784 2.5
      vertex -16.0204 9.01784 0
    endloop
  endfacet
  facet normal -0.910889 -0.412651 0
    outer loop
      vertex -13.2142 15.074 0
      vertex -13.2547 15.1634 2.6
      vertex -13.2547 15.1634 0
    endloop
  endfacet
  facet normal -0.910889 -0.412651 0
    outer loop
      vertex -13.2547 15.1634 2.6
      vertex -13.2142 15.074 0
      vertex -13.2142 15.074 2.6
    endloop
  endfacet
  facet normal 0.910889 -0.412651 0
    outer loop
      vertex -15.9858 15.074 2.5
      vertex -15.9453 15.1634 0
      vertex -15.9453 15.1634 2.5
    endloop
  endfacet
  facet normal 0.910889 -0.412651 0
    outer loop
      vertex -15.9453 15.1634 0
      vertex -15.9858 15.074 2.5
      vertex -15.9858 15.074 0
    endloop
  endfacet
  facet normal 0.881873 -0.471487 0
    outer loop
      vertex -15.9453 15.1634 2.5
      vertex -15.899 15.25 0
      vertex -15.899 15.25 2.5
    endloop
  endfacet
  facet normal 0.881873 -0.471487 0
    outer loop
      vertex -15.899 15.25 0
      vertex -15.9453 15.1634 2.5
      vertex -15.9453 15.1634 0
    endloop
  endfacet
  facet normal 0.729855 0.683602 0
    outer loop
      vertex -15.6607 8.43934 2.5
      vertex -15.7278 8.51098 0
      vertex -15.7278 8.51098 2.5
    endloop
  endfacet
  facet normal 0.729855 0.683602 0
    outer loop
      vertex -15.7278 8.51098 0
      vertex -15.6607 8.43934 2.5
      vertex -15.6607 8.43934 0
    endloop
  endfacet
  facet normal 0.583069 -0.812423 0
    outer loop
      vertex -15.5131 15.69 0
      vertex -15.4334 15.7472 2.5
      vertex -15.5131 15.69 2.5
    endloop
  endfacet
  facet normal 0.583069 -0.812423 0
    outer loop
      vertex -15.4334 15.7472 2.5
      vertex -15.5131 15.69 0
      vertex -15.4334 15.7472 0
    endloop
  endfacet
  facet normal -0.8127 0.582683 0
    outer loop
      vertex -13.41 8.58686 0
      vertex -13.3528 8.66664 2.6
      vertex -13.3528 8.66664 0
    endloop
  endfacet
  facet normal -0.8127 0.582683 0
    outer loop
      vertex -13.3528 8.66664 2.6
      vertex -13.41 8.58686 0
      vertex -13.41 8.58686 2.6
    endloop
  endfacet
  facet normal -0.352687 -0.935741 0
    outer loop
      vertex -14.1178 15.9204 0
      vertex -14.026 15.8858 2.6
      vertex -14.1178 15.9204 2.6
    endloop
  endfacet
  facet normal -0.352687 -0.935741 -0
    outer loop
      vertex -14.026 15.8858 2.6
      vertex -14.1178 15.9204 0
      vertex -14.026 15.8858 0
    endloop
  endfacet
  facet normal -0.0326024 -0.999468 0
    outer loop
      vertex -14.6 16 0
      vertex -14.5019 15.9968 2.6
      vertex -14.6 16 2.6
    endloop
  endfacet
  facet normal -0.0326024 -0.999468 -0
    outer loop
      vertex -14.5019 15.9968 2.6
      vertex -14.6 16 0
      vertex -14.5019 15.9968 0
    endloop
  endfacet
  facet normal 0.773458 -0.633848 0
    outer loop
      vertex -15.79 15.4131 2.5
      vertex -15.7278 15.489 0
      vertex -15.7278 15.489 2.5
    endloop
  endfacet
  facet normal 0.773458 -0.633848 0
    outer loop
      vertex -15.7278 15.489 0
      vertex -15.79 15.4131 2.5
      vertex -15.79 15.4131 0
    endloop
  endfacet
  facet normal -0.849483 -0.527616 0
    outer loop
      vertex -13.301 15.25 0
      vertex -13.3528 15.3334 2.6
      vertex -13.3528 15.3334 0
    endloop
  endfacet
  facet normal -0.849483 -0.527616 0
    outer loop
      vertex -13.3528 15.3334 2.6
      vertex -13.301 15.25 0
      vertex -13.301 15.25 2.6
    endloop
  endfacet
  facet normal 0.986627 0.162995 0
    outer loop
      vertex -16.0712 9.20736 2.5
      vertex -16.0872 9.30421 0
      vertex -16.0872 9.30421 2.5
    endloop
  endfacet
  facet normal 0.986627 0.162995 0
    outer loop
      vertex -16.0872 9.30421 0
      vertex -16.0712 9.20736 2.5
      vertex -16.0712 9.20736 0
    endloop
  endfacet
  facet normal 0.973851 0.227188 0
    outer loop
      vertex -16.0489 9.11177 2.5
      vertex -16.0712 9.20736 0
      vertex -16.0712 9.20736 2.5
    endloop
  endfacet
  facet normal 0.973851 0.227188 0
    outer loop
      vertex -16.0712 9.20736 0
      vertex -16.0489 9.11177 2.5
      vertex -16.0489 9.11177 0
    endloop
  endfacet
  facet normal 0.910889 0.412651 0
    outer loop
      vertex -15.9453 8.83657 2.5
      vertex -15.9858 8.92597 0
      vertex -15.9858 8.92597 2.5
    endloop
  endfacet
  facet normal 0.910889 0.412651 0
    outer loop
      vertex -15.9858 8.92597 0
      vertex -15.9453 8.83657 2.5
      vertex -15.9453 8.83657 0
    endloop
  endfacet
  facet normal -0.52791 0.8493 0
    outer loop
      vertex -13.7666 8.2528 0
      vertex -13.85 8.20096 2.6
      vertex -13.7666 8.2528 2.6
    endloop
  endfacet
  facet normal -0.52791 0.8493 0
    outer loop
      vertex -13.85 8.20096 2.6
      vertex -13.7666 8.2528 0
      vertex -13.85 8.20096 0
    endloop
  endfacet
  facet normal -0.773458 -0.633848 0
    outer loop
      vertex -13.41 15.4131 0
      vertex -13.4722 15.489 2.6
      vertex -13.4722 15.489 0
    endloop
  endfacet
  facet normal -0.773458 -0.633848 0
    outer loop
      vertex -13.4722 15.489 2.6
      vertex -13.41 15.4131 0
      vertex -13.41 15.4131 2.6
    endloop
  endfacet
  facet normal -0.812423 -0.583069 0
    outer loop
      vertex -13.3528 15.3334 0
      vertex -13.41 15.4131 2.6
      vertex -13.41 15.4131 0
    endloop
  endfacet
  facet normal -0.812423 -0.583069 0
    outer loop
      vertex -13.41 15.4131 2.6
      vertex -13.3528 15.3334 0
      vertex -13.3528 15.3334 2.6
    endloop
  endfacet
  facet normal 0.162977 0.98663 -0
    outer loop
      vertex -14.7958 8.01283 0
      vertex -14.8926 8.02882 2.6
      vertex -14.7958 8.01283 2.6
    endloop
  endfacet
  facet normal 0.162977 0.98663 0
    outer loop
      vertex -14.8926 8.02882 2.6
      vertex -14.7958 8.01283 0
      vertex -14.8926 8.02882 0
    endloop
  endfacet
  facet normal -0.683297 0.73014 0
    outer loop
      vertex -13.5393 8.43934 0
      vertex -13.611 8.37224 2.6
      vertex -13.5393 8.43934 2.6
    endloop
  endfacet
  facet normal -0.683297 0.73014 0
    outer loop
      vertex -13.611 8.37224 2.6
      vertex -13.5393 8.43934 0
      vertex -13.611 8.37224 0
    endloop
  endfacet
  facet normal -0.881873 -0.471487 0
    outer loop
      vertex -13.2547 15.1634 0
      vertex -13.301 15.25 2.6
      vertex -13.301 15.25 0
    endloop
  endfacet
  facet normal -0.881873 -0.471487 0
    outer loop
      vertex -13.301 15.25 2.6
      vertex -13.2547 15.1634 0
      vertex -13.2547 15.1634 2.6
    endloop
  endfacet
  facet normal 0.910889 -0.412651 0
    outer loop
      vertex 13.2142 15.074 2.6
      vertex 13.2547 15.1634 0
      vertex 13.2547 15.1634 2.6
    endloop
  endfacet
  facet normal 0.910889 -0.412651 0
    outer loop
      vertex 13.2547 15.1634 0
      vertex 13.2142 15.074 2.6
      vertex 13.2142 15.074 0
    endloop
  endfacet
  facet normal -0.583069 -0.812423 0
    outer loop
      vertex 15.4334 15.7472 0
      vertex 15.5131 15.69 2.5
      vertex 15.4334 15.7472 2.5
    endloop
  endfacet
  facet normal -0.583069 -0.812423 -0
    outer loop
      vertex 15.5131 15.69 2.5
      vertex 15.4334 15.7472 0
      vertex 15.5131 15.69 0
    endloop
  endfacet
  facet normal -0.471487 -0.881873 0
    outer loop
      vertex 15.2634 15.8453 0
      vertex 15.35 15.799 2.5
      vertex 15.2634 15.8453 2.5
    endloop
  endfacet
  facet normal -0.471487 -0.881873 -0
    outer loop
      vertex 15.35 15.799 2.5
      vertex 15.2634 15.8453 0
      vertex 15.35 15.799 0
    endloop
  endfacet
  facet normal -0.956922 0.290347 0
    outer loop
      vertex 16.0204 9.01784 0
      vertex 16.0489 9.11177 2.5
      vertex 16.0489 9.11177 0
    endloop
  endfacet
  facet normal -0.956922 0.290347 0
    outer loop
      vertex 16.0489 9.11177 2.5
      vertex 16.0204 9.01784 0
      vertex 16.0204 9.01784 2.5
    endloop
  endfacet
  facet normal 0.227069 0.973879 -0
    outer loop
      vertex 14.3074 8.02882 0
      vertex 14.2118 8.05111 2.6
      vertex 14.3074 8.02882 2.6
    endloop
  endfacet
  facet normal 0.227069 0.973879 0
    outer loop
      vertex 14.2118 8.05111 2.6
      vertex 14.3074 8.02882 0
      vertex 14.2118 8.05111 0
    endloop
  endfacet
  facet normal -0.0979908 0.995187 0
    outer loop
      vertex 14.7958 8.01283 0
      vertex 14.6981 8.00321 2.6
      vertex 14.7958 8.01283 2.6
    endloop
  endfacet
  facet normal -0.0979908 0.995187 0
    outer loop
      vertex 14.6981 8.00321 2.6
      vertex 14.7958 8.01283 0
      vertex 14.6981 8.00321 0
    endloop
  endfacet
  facet normal -0.097789 -0.995207 0
    outer loop
      vertex 14.6981 15.9968 0
      vertex 14.7958 15.9872 2.6
      vertex 14.6981 15.9968 2.6
    endloop
  endfacet
  facet normal -0.097789 -0.995207 -0
    outer loop
      vertex 14.7958 15.9872 2.6
      vertex 14.6981 15.9968 0
      vertex 14.7958 15.9872 0
    endloop
  endfacet
  facet normal 0.910889 0.412651 0
    outer loop
      vertex 13.2547 8.83657 2.6
      vertex 13.2142 8.92597 0
      vertex 13.2142 8.92597 2.6
    endloop
  endfacet
  facet normal 0.910889 0.412651 0
    outer loop
      vertex 13.2142 8.92597 0
      vertex 13.2547 8.83657 2.6
      vertex 13.2547 8.83657 0
    endloop
  endfacet
  facet normal -0.849369 0.527799 0
    outer loop
      vertex 15.8472 8.66664 0
      vertex 15.899 8.75 2.5
      vertex 15.899 8.75 0
    endloop
  endfacet
  facet normal -0.849369 0.527799 0
    outer loop
      vertex 15.899 8.75 2.5
      vertex 15.8472 8.66664 0
      vertex 15.8472 8.66664 2.5
    endloop
  endfacet
  facet normal -0.986613 -0.163077 0
    outer loop
      vertex 16.0872 14.6958 0
      vertex 16.0712 14.7926 2.5
      vertex 16.0712 14.7926 0
    endloop
  endfacet
  facet normal -0.986613 -0.163077 0
    outer loop
      vertex 16.0712 14.7926 2.5
      vertex 16.0872 14.6958 0
      vertex 16.0872 14.6958 2.5
    endloop
  endfacet
  facet normal 0.633848 -0.773458 0
    outer loop
      vertex 13.611 15.6278 0
      vertex 13.6869 15.69 2.6
      vertex 13.611 15.6278 2.6
    endloop
  endfacet
  facet normal 0.633848 -0.773458 0
    outer loop
      vertex 13.6869 15.69 2.6
      vertex 13.611 15.6278 0
      vertex 13.6869 15.69 0
    endloop
  endfacet
  facet normal 1 -0 0
    outer loop
      vertex 13.1 9.5 1.7
      vertex 13.1 14.5 0
      vertex 13.1 14.5 1.7
    endloop
  endfacet
  facet normal 1 0 0
    outer loop
      vertex 13.1 14.5 0
      vertex 13.1 9.5 1.7
      vertex 13.1 9.5 0
    endloop
  endfacet
  facet normal -0.227069 0.973879 0
    outer loop
      vertex 14.9882 8.05111 0
      vertex 14.8926 8.02882 2.6
      vertex 14.9882 8.05111 2.6
    endloop
  endfacet
  facet normal -0.227069 0.973879 0
    outer loop
      vertex 14.8926 8.02882 2.6
      vertex 14.9882 8.05111 0
      vertex 14.8926 8.02882 0
    endloop
  endfacet
  facet normal 0.097789 -0.995207 0
    outer loop
      vertex 14.4042 15.9872 0
      vertex 14.5019 15.9968 2.6
      vertex 14.4042 15.9872 2.6
    endloop
  endfacet
  facet normal 0.097789 -0.995207 0
    outer loop
      vertex 14.5019 15.9968 2.6
      vertex 14.4042 15.9872 0
      vertex 14.5019 15.9968 0
    endloop
  endfacet
  facet normal -0.881873 -0.471487 0
    outer loop
      vertex 15.9453 15.1634 0
      vertex 15.899 15.25 2.5
      vertex 15.899 15.25 0
    endloop
  endfacet
  facet normal -0.881873 -0.471487 0
    outer loop
      vertex 15.899 15.25 2.5
      vertex 15.9453 15.1634 0
      vertex 15.9453 15.1634 2.5
    endloop
  endfacet
  facet normal -0.999468 -0.0326024 0
    outer loop
      vertex 16.1 14.5 0
      vertex 16.0968 14.5981 2.5
      vertex 16.0968 14.5981 0
    endloop
  endfacet
  facet normal -0.999468 -0.0326024 0
    outer loop
      vertex 16.0968 14.5981 2.5
      vertex 16.1 14.5 0
      vertex 16.1 14.5 2.5
    endloop
  endfacet
  facet normal -0.935741 -0.352687 0
    outer loop
      vertex 16.0204 14.9822 0
      vertex 15.9858 15.074 2.5
      vertex 15.9858 15.074 0
    endloop
  endfacet
  facet normal -0.935741 -0.352687 0
    outer loop
      vertex 15.9858 15.074 2.5
      vertex 16.0204 14.9822 0
      vertex 16.0204 14.9822 2.5
    endloop
  endfacet
  facet normal -0.986627 0.162995 0
    outer loop
      vertex 16.0712 9.20736 0
      vertex 16.0872 9.30421 2.5
      vertex 16.0872 9.30421 0
    endloop
  endfacet
  facet normal -0.986627 0.162995 0
    outer loop
      vertex 16.0872 9.30421 2.5
      vertex 16.0712 9.20736 0
      vertex 16.0712 9.20736 2.5
    endloop
  endfacet
  facet normal -0.910889 0.412651 0
    outer loop
      vertex 15.9453 8.83657 0
      vertex 15.9858 8.92597 2.5
      vertex 15.9858 8.92597 0
    endloop
  endfacet
  facet normal -0.910889 0.412651 0
    outer loop
      vertex 15.9858 8.92597 2.5
      vertex 15.9453 8.83657 0
      vertex 15.9453 8.83657 2.5
    endloop
  endfacet
  facet normal -0.227165 -0.973856 0
    outer loop
      vertex 14.8926 15.9712 0
      vertex 14.9882 15.9489 2.6
      vertex 14.8926 15.9712 2.6
    endloop
  endfacet
  facet normal -0.227165 -0.973856 -0
    outer loop
      vertex 14.9882 15.9489 2.6
      vertex 14.8926 15.9712 0
      vertex 14.9882 15.9489 0
    endloop
  endfacet
  facet normal -0.162977 0.98663 0
    outer loop
      vertex 14.8926 8.02882 0
      vertex 14.7958 8.01283 2.6
      vertex 14.8926 8.02882 2.6
    endloop
  endfacet
  facet normal -0.162977 0.98663 0
    outer loop
      vertex 14.7958 8.01283 2.6
      vertex 14.8926 8.02882 0
      vertex 14.7958 8.01283 0
    endloop
  endfacet
  facet normal 0.986613 -0.163077 0
    outer loop
      vertex 13.1128 14.6958 1.7
      vertex 13.1288 14.7926 0
      vertex 13.1288 14.7926 1.7
    endloop
  endfacet
  facet normal 0.986613 -0.163077 0
    outer loop
      vertex 13.1288 14.7926 0
      vertex 13.1128 14.6958 1.7
      vertex 13.1128 14.6958 0
    endloop
  endfacet
  facet normal 0.227165 -0.973856 0
    outer loop
      vertex 14.2118 15.9489 0
      vertex 14.3074 15.9712 2.6
      vertex 14.2118 15.9489 2.6
    endloop
  endfacet
  facet normal 0.227165 -0.973856 0
    outer loop
      vertex 14.3074 15.9712 2.6
      vertex 14.2118 15.9489 0
      vertex 14.3074 15.9712 0
    endloop
  endfacet
  facet normal 0.956982 -0.290149 0
    outer loop
      vertex 13.1511 14.8882 1.7
      vertex 13.1796 14.9822 0
      vertex 13.1796 14.9822 1.7
    endloop
  endfacet
  facet normal 0.956982 -0.290149 0
    outer loop
      vertex 13.1796 14.9822 0
      vertex 13.1511 14.8882 1.7
      vertex 13.1511 14.8882 0
    endloop
  endfacet
  facet normal -0.910889 -0.412651 0
    outer loop
      vertex 15.9858 15.074 0
      vertex 15.9453 15.1634 2.5
      vertex 15.9453 15.1634 0
    endloop
  endfacet
  facet normal -0.910889 -0.412651 0
    outer loop
      vertex 15.9453 15.1634 2.5
      vertex 15.9858 15.074 0
      vertex 15.9858 15.074 2.5
    endloop
  endfacet
  facet normal 0.8127 0.582683 0
    outer loop
      vertex 13.41 8.58686 2.6
      vertex 13.3528 8.66664 0
      vertex 13.3528 8.66664 2.6
    endloop
  endfacet
  facet normal 0.8127 0.582683 0
    outer loop
      vertex 13.3528 8.66664 0
      vertex 13.41 8.58686 2.6
      vertex 13.41 8.58686 0
    endloop
  endfacet
  facet normal 0.995205 0.0978089 0
    outer loop
      vertex 13.1128 9.30421 1.7
      vertex 13.1032 9.40189 0
      vertex 13.1032 9.40189 1.7
    endloop
  endfacet
  facet normal 0.995205 0.0978089 0
    outer loop
      vertex 13.1032 9.40189 0
      vertex 13.1128 9.30421 1.7
      vertex 13.1128 9.30421 0
    endloop
  endfacet
  facet normal 0.773458 -0.633848 0
    outer loop
      vertex 13.41 15.4131 2.6
      vertex 13.4722 15.489 0
      vertex 13.4722 15.489 2.6
    endloop
  endfacet
  facet normal 0.773458 -0.633848 0
    outer loop
      vertex 13.4722 15.489 0
      vertex 13.41 15.4131 2.6
      vertex 13.41 15.4131 0
    endloop
  endfacet
  facet normal -0.729855 0.683602 0
    outer loop
      vertex 15.6607 8.43934 0
      vertex 15.7278 8.51098 2.5
      vertex 15.7278 8.51098 0
    endloop
  endfacet
  facet normal -0.729855 0.683602 0
    outer loop
      vertex 15.7278 8.51098 2.5
      vertex 15.6607 8.43934 0
      vertex 15.6607 8.43934 2.5
    endloop
  endfacet
  facet normal -0.849483 -0.527616 0
    outer loop
      vertex 15.899 15.25 0
      vertex 15.8472 15.3334 2.5
      vertex 15.8472 15.3334 0
    endloop
  endfacet
  facet normal -0.849483 -0.527616 0
    outer loop
      vertex 15.8472 15.3334 2.5
      vertex 15.899 15.25 0
      vertex 15.899 15.25 2.5
    endloop
  endfacet
  facet normal -0.956982 -0.290149 0
    outer loop
      vertex 16.0489 14.8882 0
      vertex 16.0204 14.9822 2.5
      vertex 16.0204 14.9822 0
    endloop
  endfacet
  facet normal -0.956982 -0.290149 0
    outer loop
      vertex 16.0204 14.9822 2.5
      vertex 16.0489 14.8882 0
      vertex 16.0489 14.8882 2.5
    endloop
  endfacet
  facet normal 0.471487 -0.881873 0
    outer loop
      vertex 13.85 15.799 0
      vertex 13.9366 15.8453 2.6
      vertex 13.85 15.799 2.6
    endloop
  endfacet
  facet normal 0.471487 -0.881873 0
    outer loop
      vertex 13.9366 15.8453 2.6
      vertex 13.85 15.799 0
      vertex 13.9366 15.8453 0
    endloop
  endfacet
  facet normal -0.0326024 -0.999468 0
    outer loop
      vertex 14.6 16 0
      vertex 14.6981 15.9968 2.6
      vertex 14.6 16 2.6
    endloop
  endfacet
  facet normal -0.0326024 -0.999468 -0
    outer loop
      vertex 14.6981 15.9968 2.6
      vertex 14.6 16 0
      vertex 14.6981 15.9968 0
    endloop
  endfacet
  facet normal -0.995207 -0.097789 0
    outer loop
      vertex 16.0968 14.5981 0
      vertex 16.0872 14.6958 2.5
      vertex 16.0872 14.6958 0
    endloop
  endfacet
  facet normal -0.995207 -0.097789 0
    outer loop
      vertex 16.0872 14.6958 2.5
      vertex 16.0968 14.5981 0
      vertex 16.0968 14.5981 2.5
    endloop
  endfacet
  facet normal 0.471249 0.882 -0
    outer loop
      vertex 13.9366 8.15469 0
      vertex 13.85 8.20096 2.6
      vertex 13.9366 8.15469 2.6
    endloop
  endfacet
  facet normal 0.471249 0.882 0
    outer loop
      vertex 13.85 8.20096 2.6
      vertex 13.9366 8.15469 0
      vertex 13.85 8.20096 0
    endloop
  endfacet
  facet normal 0.412736 0.910851 -0
    outer loop
      vertex 14.026 8.11418 0
      vertex 13.9366 8.15469 2.6
      vertex 14.026 8.11418 2.6
    endloop
  endfacet
  facet normal 0.412736 0.910851 0
    outer loop
      vertex 13.9366 8.15469 2.6
      vertex 14.026 8.11418 0
      vertex 13.9366 8.15469 0
    endloop
  endfacet
  facet normal 0.683297 -0.73014 0
    outer loop
      vertex 13.5393 15.5607 0
      vertex 13.611 15.6278 2.6
      vertex 13.5393 15.5607 2.6
    endloop
  endfacet
  facet normal 0.683297 -0.73014 0
    outer loop
      vertex 13.611 15.6278 2.6
      vertex 13.5393 15.5607 0
      vertex 13.611 15.6278 0
    endloop
  endfacet
  facet normal 0.163077 -0.986613 0
    outer loop
      vertex 14.3074 15.9712 0
      vertex 14.4042 15.9872 2.6
      vertex 14.3074 15.9712 2.6
    endloop
  endfacet
  facet normal 0.163077 -0.986613 0
    outer loop
      vertex 14.4042 15.9872 2.6
      vertex 14.3074 15.9712 0
      vertex 14.4042 15.9872 0
    endloop
  endfacet
  facet normal -0.999469 0.0325991 0
    outer loop
      vertex 16.0968 9.40189 0
      vertex 16.1 9.5 2.5
      vertex 16.1 9.5 0
    endloop
  endfacet
  facet normal -0.999469 0.0325991 0
    outer loop
      vertex 16.1 9.5 2.5
      vertex 16.0968 9.40189 0
      vertex 16.0968 9.40189 2.5
    endloop
  endfacet
  facet normal -0.995205 0.0978089 0
    outer loop
      vertex 16.0872 9.30421 0
      vertex 16.0968 9.40189 2.5
      vertex 16.0968 9.40189 0
    endloop
  endfacet
  facet normal -0.995205 0.0978089 0
    outer loop
      vertex 16.0968 9.40189 2.5
      vertex 16.0872 9.30421 0
      vertex 16.0872 9.30421 2.5
    endloop
  endfacet
  facet normal -0.8127 0.582683 0
    outer loop
      vertex 15.79 8.58686 0
      vertex 15.8472 8.66664 2.5
      vertex 15.8472 8.66664 0
    endloop
  endfacet
  facet normal -0.8127 0.582683 0
    outer loop
      vertex 15.8472 8.66664 2.5
      vertex 15.79 8.58686 0
      vertex 15.79 8.58686 2.5
    endloop
  endfacet
  facet normal 0.0326024 -0.999468 0
    outer loop
      vertex 14.5019 15.9968 0
      vertex 14.6 16 2.6
      vertex 14.5019 15.9968 2.6
    endloop
  endfacet
  facet normal 0.0326024 -0.999468 0
    outer loop
      vertex 14.6 16 2.6
      vertex 14.5019 15.9968 0
      vertex 14.6 16 0
    endloop
  endfacet
  facet normal 0.999469 0.0325991 0
    outer loop
      vertex 13.1032 9.40189 1.7
      vertex 13.1 9.5 0
      vertex 13.1 9.5 1.7
    endloop
  endfacet
  facet normal 0.999469 0.0325991 0
    outer loop
      vertex 13.1 9.5 0
      vertex 13.1032 9.40189 1.7
      vertex 13.1032 9.40189 0
    endloop
  endfacet
  facet normal -0.973856 -0.227165 0
    outer loop
      vertex 16.0712 14.7926 0
      vertex 16.0489 14.8882 2.5
      vertex 16.0489 14.8882 0
    endloop
  endfacet
  facet normal -0.973856 -0.227165 0
    outer loop
      vertex 16.0489 14.8882 2.5
      vertex 16.0712 14.7926 0
      vertex 16.0712 14.7926 2.5
    endloop
  endfacet
  facet normal -0.773376 0.633948 0
    outer loop
      vertex 15.7278 8.51098 0
      vertex 15.79 8.58686 2.5
      vertex 15.79 8.58686 0
    endloop
  endfacet
  facet normal -0.773376 0.633948 0
    outer loop
      vertex 15.79 8.58686 2.5
      vertex 15.7278 8.51098 0
      vertex 15.7278 8.51098 2.5
    endloop
  endfacet
  facet normal 0.634274 0.773108 -0
    outer loop
      vertex 13.6869 8.30997 0
      vertex 13.611 8.37224 2.6
      vertex 13.6869 8.30997 2.6
    endloop
  endfacet
  facet normal 0.634274 0.773108 0
    outer loop
      vertex 13.611 8.37224 2.6
      vertex 13.6869 8.30997 0
      vertex 13.611 8.37224 0
    endloop
  endfacet
  facet normal -0.352687 -0.935741 0
    outer loop
      vertex 15.0822 15.9204 0
      vertex 15.174 15.8858 2.5
      vertex 15.0822 15.9204 2.5
    endloop
  endfacet
  facet normal -0.352687 -0.935741 -0
    outer loop
      vertex 15.174 15.8858 2.5
      vertex 15.0822 15.9204 0
      vertex 15.174 15.8858 0
    endloop
  endfacet
  facet normal -0.683297 -0.73014 0
    outer loop
      vertex 15.589 15.6278 0
      vertex 15.6607 15.5607 2.5
      vertex 15.589 15.6278 2.5
    endloop
  endfacet
  facet normal -0.683297 -0.73014 -0
    outer loop
      vertex 15.6607 15.5607 2.5
      vertex 15.589 15.6278 0
      vertex 15.6607 15.5607 0
    endloop
  endfacet
  facet normal -1 0 0
    outer loop
      vertex 16.1 9.5 0
      vertex 16.1 14.5 2.5
      vertex 16.1 14.5 0
    endloop
  endfacet
  facet normal -1 -0 0
    outer loop
      vertex 16.1 14.5 2.5
      vertex 16.1 9.5 0
      vertex 16.1 9.5 2.5
    endloop
  endfacet
  facet normal 0.849483 -0.527616 0
    outer loop
      vertex 13.301 15.25 2.6
      vertex 13.3528 15.3334 0
      vertex 13.3528 15.3334 2.6
    endloop
  endfacet
  facet normal 0.849483 -0.527616 0
    outer loop
      vertex 13.3528 15.3334 0
      vertex 13.301 15.25 2.6
      vertex 13.301 15.25 0
    endloop
  endfacet
  facet normal 0.352687 -0.935741 0
    outer loop
      vertex 14.026 15.8858 0
      vertex 14.1178 15.9204 2.6
      vertex 14.026 15.8858 2.6
    endloop
  endfacet
  facet normal 0.352687 -0.935741 0
    outer loop
      vertex 14.1178 15.9204 2.6
      vertex 14.026 15.8858 0
      vertex 14.1178 15.9204 0
    endloop
  endfacet
  facet normal -0.773458 -0.633848 0
    outer loop
      vertex 15.79 15.4131 0
      vertex 15.7278 15.489 2.5
      vertex 15.7278 15.489 0
    endloop
  endfacet
  facet normal -0.773458 -0.633848 0
    outer loop
      vertex 15.7278 15.489 2.5
      vertex 15.79 15.4131 0
      vertex 15.79 15.4131 2.5
    endloop
  endfacet
  facet normal -0.582867 0.812568 0
    outer loop
      vertex 15.5131 8.30997 0
      vertex 15.4334 8.2528 2.5
      vertex 15.5131 8.30997 2.5
    endloop
  endfacet
  facet normal -0.582867 0.812568 0
    outer loop
      vertex 15.4334 8.2528 2.5
      vertex 15.5131 8.30997 0
      vertex 15.4334 8.2528 0
    endloop
  endfacet
  facet normal 0 0 -1
    outer loop
      vertex 14.8926 8.02882 2.6
      vertex 15 8.05468 2.6
      vertex 14.9882 8.05111 2.6
    endloop
  endfacet
  facet normal 0 0 -1
    outer loop
      vertex 15 8.05468 2.6
      vertex 13.2 8.96365 2.6
      vertex 15 15.9453 2.6
    endloop
  endfacet
  facet normal -0 0 -1
    outer loop
      vertex 15 8.05468 2.6
      vertex 14.8926 8.02882 2.6
      vertex 13.2 8.96365 2.6
    endloop
  endfacet
  facet normal 0 0 -1
    outer loop
      vertex 13.2 15.0363 2.6
      vertex 15 15.9453 2.6
      vertex 13.2 8.96365 2.6
    endloop
  endfacet
  facet normal 0 0 -1
    outer loop
      vertex 13.2 8.96365 2.6
      vertex 14.8926 8.02882 2.6
      vertex 14.7958 8.01283 2.6
    endloop
  endfacet
  facet normal 0 -0 -1
    outer loop
      vertex 14.8926 15.9712 2.6
      vertex 15 15.9453 2.6
      vertex 13.2 15.0363 2.6
    endloop
  endfacet
  facet normal 0 0 -1
    outer loop
      vertex 13.2 8.96365 2.6
      vertex 14.7958 8.01283 2.6
      vertex 14.6981 8.00321 2.6
    endloop
  endfacet
  facet normal 0 0 -1
    outer loop
      vertex 15 15.9453 2.6
      vertex 14.8926 15.9712 2.6
      vertex 14.9882 15.9489 2.6
    endloop
  endfacet
  facet normal 0 0 -1
    outer loop
      vertex 13.2 8.96365 2.6
      vertex 14.6981 8.00321 2.6
      vertex 14.6 8 2.6
    endloop
  endfacet
  facet normal -0 0 -1
    outer loop
      vertex 14.8926 15.9712 2.6
      vertex 13.2 15.0363 2.6
      vertex 14.7958 15.9872 2.6
    endloop
  endfacet
  facet normal 0 0 -1
    outer loop
      vertex 13.2 8.96365 2.6
      vertex 14.6 8 2.6
      vertex 14.5019 8.00321 2.6
    endloop
  endfacet
  facet normal -0 0 -1
    outer loop
      vertex 14.7958 15.9872 2.6
      vertex 13.2 15.0363 2.6
      vertex 14.6981 15.9968 2.6
    endloop
  endfacet
  facet normal 0 0 -1
    outer loop
      vertex 13.2 8.96365 2.6
      vertex 14.5019 8.00321 2.6
      vertex 14.4042 8.01283 2.6
    endloop
  endfacet
  facet normal -0 0 -1
    outer loop
      vertex 14.6981 15.9968 2.6
      vertex 13.2 15.0363 2.6
      vertex 14.6 16 2.6
    endloop
  endfacet
  facet normal 0 0 -1
    outer loop
      vertex 13.2 8.96365 2.6
      vertex 14.4042 8.01283 2.6
      vertex 14.3074 8.02882 2.6
    endloop
  endfacet
  facet normal 0 0 -1
    outer loop
      vertex 14.6 16 2.6
      vertex 13.2 15.0363 2.6
      vertex 14.5019 15.9968 2.6
    endloop
  endfacet
  facet normal 0 0 -1
    outer loop
      vertex 13.2 8.96365 2.6
      vertex 14.3074 8.02882 2.6
      vertex 14.2118 8.05111 2.6
    endloop
  endfacet
  facet normal 0 0 -1
    outer loop
      vertex 14.5019 15.9968 2.6
      vertex 13.2 15.0363 2.6
      vertex 14.4042 15.9872 2.6
    endloop
  endfacet
  facet normal 0 0 -1
    outer loop
      vertex 13.2 8.96365 2.6
      vertex 14.2118 8.05111 2.6
      vertex 14.1178 8.0796 2.6
    endloop
  endfacet
  facet normal 0 0 -1
    outer loop
      vertex 14.4042 15.9872 2.6
      vertex 13.2 15.0363 2.6
      vertex 14.3074 15.9712 2.6
    endloop
  endfacet
  facet normal 0 0 -1
    outer loop
      vertex 13.2 8.96365 2.6
      vertex 14.1178 8.0796 2.6
      vertex 14.026 8.11418 2.6
    endloop
  endfacet
  facet normal 0 0 -1
    outer loop
      vertex 14.3074 15.9712 2.6
      vertex 13.2 15.0363 2.6
      vertex 14.2118 15.9489 2.6
    endloop
  endfacet
  facet normal 0 0 -1
    outer loop
      vertex 13.2 8.96365 2.6
      vertex 14.026 8.11418 2.6
      vertex 13.9366 8.15469 2.6
    endloop
  endfacet
  facet normal 0 0 -1
    outer loop
      vertex 14.2118 15.9489 2.6
      vertex 13.2 15.0363 2.6
      vertex 14.1178 15.9204 2.6
    endloop
  endfacet
  facet normal 0 0 -1
    outer loop
      vertex 13.2 8.96365 2.6
      vertex 13.9366 8.15469 2.6
      vertex 13.85 8.20096 2.6
    endloop
  endfacet
  facet normal 0 0 -1
    outer loop
      vertex 14.1178 15.9204 2.6
      vertex 13.2 15.0363 2.6
      vertex 14.026 15.8858 2.6
    endloop
  endfacet
  facet normal 0 0 -1
    outer loop
      vertex 13.2 8.96365 2.6
      vertex 13.85 8.20096 2.6
      vertex 13.7666 8.2528 2.6
    endloop
  endfacet
  facet normal 0 0 -1
    outer loop
      vertex 14.026 15.8858 2.6
      vertex 13.2 15.0363 2.6
      vertex 13.9366 15.8453 2.6
    endloop
  endfacet
  facet normal 0 0 -1
    outer loop
      vertex 13.2 8.96365 2.6
      vertex 13.7666 8.2528 2.6
      vertex 13.6869 8.30997 2.6
    endloop
  endfacet
  facet normal 0 0 -1
    outer loop
      vertex 13.9366 15.8453 2.6
      vertex 13.2 15.0363 2.6
      vertex 13.85 15.799 2.6
    endloop
  endfacet
  facet normal 0 0 -1
    outer loop
      vertex 13.2 8.96365 2.6
      vertex 13.6869 8.30997 2.6
      vertex 13.611 8.37224 2.6
    endloop
  endfacet
  facet normal 0 0 -1
    outer loop
      vertex 13.85 15.799 2.6
      vertex 13.2 15.0363 2.6
      vertex 13.7666 15.7472 2.6
    endloop
  endfacet
  facet normal 0 0 -1
    outer loop
      vertex 13.2 8.96365 2.6
      vertex 13.611 8.37224 2.6
      vertex 13.5393 8.43934 2.6
    endloop
  endfacet
  facet normal 0 0 -1
    outer loop
      vertex 13.7666 15.7472 2.6
      vertex 13.2 15.0363 2.6
      vertex 13.6869 15.69 2.6
    endloop
  endfacet
  facet normal 0 0 -1
    outer loop
      vertex 13.2 8.96365 2.6
      vertex 13.5393 8.43934 2.6
      vertex 13.4722 8.51098 2.6
    endloop
  endfacet
  facet normal 0 0 -1
    outer loop
      vertex 13.6869 15.69 2.6
      vertex 13.2 15.0363 2.6
      vertex 13.611 15.6278 2.6
    endloop
  endfacet
  facet normal 0 0 -1
    outer loop
      vertex 13.2 8.96365 2.6
      vertex 13.4722 8.51098 2.6
      vertex 13.41 8.58686 2.6
    endloop
  endfacet
  facet normal 0 0 -1
    outer loop
      vertex 13.611 15.6278 2.6
      vertex 13.2 15.0363 2.6
      vertex 13.5393 15.5607 2.6
    endloop
  endfacet
  facet normal 0 0 -1
    outer loop
      vertex 13.2 8.96365 2.6
      vertex 13.41 8.58686 2.6
      vertex 13.3528 8.66664 2.6
    endloop
  endfacet
  facet normal 0 0 -1
    outer loop
      vertex 13.5393 15.5607 2.6
      vertex 13.2 15.0363 2.6
      vertex 13.4722 15.489 2.6
    endloop
  endfacet
  facet normal 0 0 -1
    outer loop
      vertex 13.2 8.96365 2.6
      vertex 13.3528 8.66664 2.6
      vertex 13.301 8.75 2.6
    endloop
  endfacet
  facet normal 0 0 -1
    outer loop
      vertex 13.4722 15.489 2.6
      vertex 13.2 15.0363 2.6
      vertex 13.41 15.4131 2.6
    endloop
  endfacet
  facet normal 0 0 -1
    outer loop
      vertex 13.2 8.96365 2.6
      vertex 13.301 8.75 2.6
      vertex 13.2547 8.83657 2.6
    endloop
  endfacet
  facet normal 0 0 -1
    outer loop
      vertex 13.41 15.4131 2.6
      vertex 13.2 15.0363 2.6
      vertex 13.3528 15.3334 2.6
    endloop
  endfacet
  facet normal 0 0 -1
    outer loop
      vertex 13.2 8.96365 2.6
      vertex 13.2547 8.83657 2.6
      vertex 13.2142 8.92597 2.6
    endloop
  endfacet
  facet normal 0 0 -1
    outer loop
      vertex 13.3528 15.3334 2.6
      vertex 13.2 15.0363 2.6
      vertex 13.301 15.25 2.6
    endloop
  endfacet
  facet normal 0 0 -1
    outer loop
      vertex 13.301 15.25 2.6
      vertex 13.2 15.0363 2.6
      vertex 13.2547 15.1634 2.6
    endloop
  endfacet
  facet normal 0 0 -1
    outer loop
      vertex 13.2547 15.1634 2.6
      vertex 13.2 15.0363 2.6
      vertex 13.2142 15.074 2.6
    endloop
  endfacet
  facet normal 0.52791 0.8493 -0
    outer loop
      vertex 13.85 8.20096 0
      vertex 13.7666 8.2528 2.6
      vertex 13.85 8.20096 2.6
    endloop
  endfacet
  facet normal 0.52791 0.8493 0
    outer loop
      vertex 13.7666 8.2528 2.6
      vertex 13.85 8.20096 0
      vertex 13.7666 8.2528 0
    endloop
  endfacet
  facet normal 0.999468 -0.0326024 0
    outer loop
      vertex 13.1 14.5 1.7
      vertex 13.1032 14.5981 0
      vertex 13.1032 14.5981 1.7
    endloop
  endfacet
  facet normal 0.999468 -0.0326024 0
    outer loop
      vertex 13.1032 14.5981 0
      vertex 13.1 14.5 1.7
      vertex 13.1 14.5 0
    endloop
  endfacet
  facet normal 0.995207 -0.097789 0
    outer loop
      vertex 13.1032 14.5981 1.7
      vertex 13.1128 14.6958 0
      vertex 13.1128 14.6958 1.7
    endloop
  endfacet
  facet normal 0.995207 -0.097789 0
    outer loop
      vertex 13.1128 14.6958 0
      vertex 13.1032 14.5981 1.7
      vertex 13.1032 14.5981 0
    endloop
  endfacet
  facet normal -0.471249 0.882 0
    outer loop
      vertex 15.35 8.20096 0
      vertex 15.2634 8.15469 2.5
      vertex 15.35 8.20096 2.5
    endloop
  endfacet
  facet normal -0.471249 0.882 0
    outer loop
      vertex 15.2634 8.15469 2.5
      vertex 15.35 8.20096 0
      vertex 15.2634 8.15469 0
    endloop
  endfacet
  facet normal 0.773376 0.633948 0
    outer loop
      vertex 13.4722 8.51098 2.6
      vertex 13.41 8.58686 0
      vertex 13.41 8.58686 2.6
    endloop
  endfacet
  facet normal 0.773376 0.633948 0
    outer loop
      vertex 13.41 8.58686 0
      vertex 13.4722 8.51098 2.6
      vertex 13.4722 8.51098 0
    endloop
  endfacet
  facet normal -0.812423 -0.583069 0
    outer loop
      vertex 15.8472 15.3334 0
      vertex 15.79 15.4131 2.5
      vertex 15.79 15.4131 0
    endloop
  endfacet
  facet normal -0.812423 -0.583069 0
    outer loop
      vertex 15.79 15.4131 2.5
      vertex 15.8472 15.3334 0
      vertex 15.8472 15.3334 2.5
    endloop
  endfacet
  facet normal -0.683297 0.73014 0
    outer loop
      vertex 15.6607 8.43934 0
      vertex 15.589 8.37224 2.5
      vertex 15.6607 8.43934 2.5
    endloop
  endfacet
  facet normal -0.683297 0.73014 0
    outer loop
      vertex 15.589 8.37224 2.5
      vertex 15.6607 8.43934 0
      vertex 15.589 8.37224 0
    endloop
  endfacet
  facet normal -0.973851 0.227188 0
    outer loop
      vertex 16.0489 9.11177 0
      vertex 16.0712 9.20736 2.5
      vertex 16.0712 9.20736 0
    endloop
  endfacet
  facet normal -0.973851 0.227188 0
    outer loop
      vertex 16.0712 9.20736 2.5
      vertex 16.0489 9.11177 0
      vertex 16.0489 9.11177 2.5
    endloop
  endfacet
  facet normal 0.290149 -0.956982 0
    outer loop
      vertex 14.1178 15.9204 0
      vertex 14.2118 15.9489 2.6
      vertex 14.1178 15.9204 2.6
    endloop
  endfacet
  facet normal 0.290149 -0.956982 0
    outer loop
      vertex 14.2118 15.9489 2.6
      vertex 14.1178 15.9204 0
      vertex 14.2118 15.9489 0
    endloop
  endfacet
  facet normal 0.73014 -0.683297 0
    outer loop
      vertex 13.4722 15.489 2.6
      vertex 13.5393 15.5607 0
      vertex 13.5393 15.5607 2.6
    endloop
  endfacet
  facet normal 0.73014 -0.683297 0
    outer loop
      vertex 13.5393 15.5607 0
      vertex 13.4722 15.489 2.6
      vertex 13.4722 15.489 0
    endloop
  endfacet
  facet normal 0.527616 -0.849483 0
    outer loop
      vertex 13.7666 15.7472 0
      vertex 13.85 15.799 2.6
      vertex 13.7666 15.7472 2.6
    endloop
  endfacet
  facet normal 0.527616 -0.849483 0
    outer loop
      vertex 13.85 15.799 2.6
      vertex 13.7666 15.7472 0
      vertex 13.85 15.799 0
    endloop
  endfacet
  facet normal -0.93583 0.352452 0
    outer loop
      vertex 15.9858 8.92597 0
      vertex 16.0204 9.01784 2.5
      vertex 16.0204 9.01784 0
    endloop
  endfacet
  facet normal -0.93583 0.352452 0
    outer loop
      vertex 16.0204 9.01784 2.5
      vertex 15.9858 8.92597 0
      vertex 15.9858 8.92597 2.5
    endloop
  endfacet
  facet normal 0.973856 -0.227165 0
    outer loop
      vertex 13.1288 14.7926 1.7
      vertex 13.1511 14.8882 0
      vertex 13.1511 14.8882 1.7
    endloop
  endfacet
  facet normal 0.973856 -0.227165 0
    outer loop
      vertex 13.1511 14.8882 0
      vertex 13.1288 14.7926 1.7
      vertex 13.1288 14.7926 0
    endloop
  endfacet
  facet normal -0.163077 -0.986613 0
    outer loop
      vertex 14.7958 15.9872 0
      vertex 14.8926 15.9712 2.6
      vertex 14.7958 15.9872 2.6
    endloop
  endfacet
  facet normal -0.163077 -0.986613 -0
    outer loop
      vertex 14.8926 15.9712 2.6
      vertex 14.7958 15.9872 0
      vertex 14.8926 15.9712 0
    endloop
  endfacet
  facet normal -0.881805 0.471614 0
    outer loop
      vertex 15.899 8.75 0
      vertex 15.9453 8.83657 2.5
      vertex 15.9453 8.83657 0
    endloop
  endfacet
  facet normal -0.881805 0.471614 0
    outer loop
      vertex 15.9453 8.83657 2.5
      vertex 15.899 8.75 0
      vertex 15.899 8.75 2.5
    endloop
  endfacet
  facet normal 0.0979908 0.995187 -0
    outer loop
      vertex 14.5019 8.00321 0
      vertex 14.4042 8.01283 2.6
      vertex 14.5019 8.00321 2.6
    endloop
  endfacet
  facet normal 0.0979908 0.995187 0
    outer loop
      vertex 14.4042 8.01283 2.6
      vertex 14.5019 8.00321 0
      vertex 14.4042 8.01283 0
    endloop
  endfacet
  facet normal 0.935818 -0.352483 0
    outer loop
      vertex 13.2 15.0363 1.7
      vertex 13.2142 15.074 2.6
      vertex 13.2 15.0363 2.6
    endloop
  endfacet
  facet normal 0.935818 -0.352483 0
    outer loop
      vertex 13.2142 15.074 2.6
      vertex 13.2 15.0363 1.7
      vertex 13.2142 15.074 0
    endloop
  endfacet
  facet normal 0.935688 -0.352829 0
    outer loop
      vertex 13.1796 14.9822 0
      vertex 13.2 15.0363 1.7
      vertex 13.1796 14.9822 1.7
    endloop
  endfacet
  facet normal 0.935741 -0.352687 -5.15659e-06
    outer loop
      vertex 13.2 15.0363 1.7
      vertex 13.1796 14.9822 0
      vertex 13.2142 15.074 0
    endloop
  endfacet
  facet normal 0.683297 0.73014 -0
    outer loop
      vertex 13.611 8.37224 0
      vertex 13.5393 8.43934 2.6
      vertex 13.611 8.37224 2.6
    endloop
  endfacet
  facet normal 0.683297 0.73014 0
    outer loop
      vertex 13.5393 8.43934 2.6
      vertex 13.611 8.37224 0
      vertex 13.5393 8.43934 0
    endloop
  endfacet
  facet normal 0.881873 -0.471487 0
    outer loop
      vertex 13.2547 15.1634 2.6
      vertex 13.301 15.25 0
      vertex 13.301 15.25 2.6
    endloop
  endfacet
  facet normal 0.881873 -0.471487 0
    outer loop
      vertex 13.301 15.25 0
      vertex 13.2547 15.1634 2.6
      vertex 13.2547 15.1634 0
    endloop
  endfacet
  facet normal -0.352508 0.935809 0
    outer loop
      vertex 15.174 8.11418 0
      vertex 15.0822 8.0796 2.5
      vertex 15.174 8.11418 2.5
    endloop
  endfacet
  facet normal -0.352508 0.935809 0
    outer loop
      vertex 15.0822 8.0796 2.5
      vertex 15.174 8.11418 0
      vertex 15.0822 8.0796 0
    endloop
  endfacet
  facet normal 0.412651 -0.910889 0
    outer loop
      vertex 13.9366 15.8453 0
      vertex 14.026 15.8858 2.6
      vertex 13.9366 15.8453 2.6
    endloop
  endfacet
  facet normal 0.412651 -0.910889 0
    outer loop
      vertex 14.026 15.8858 2.6
      vertex 13.9366 15.8453 0
      vertex 14.026 15.8858 0
    endloop
  endfacet
  facet normal 0.729855 0.683602 0
    outer loop
      vertex 13.5393 8.43934 2.6
      vertex 13.4722 8.51098 0
      vertex 13.4722 8.51098 2.6
    endloop
  endfacet
  facet normal 0.729855 0.683602 0
    outer loop
      vertex 13.4722 8.51098 0
      vertex 13.5393 8.43934 2.6
      vertex 13.5393 8.43934 0
    endloop
  endfacet
  facet normal -0.412736 0.910851 0
    outer loop
      vertex 15.2634 8.15469 0
      vertex 15.174 8.11418 2.5
      vertex 15.2634 8.15469 2.5
    endloop
  endfacet
  facet normal -0.412736 0.910851 0
    outer loop
      vertex 15.174 8.11418 2.5
      vertex 15.2634 8.15469 0
      vertex 15.174 8.11418 0
    endloop
  endfacet
  facet normal -0.73014 -0.683297 0
    outer loop
      vertex 15.7278 15.489 0
      vertex 15.6607 15.5607 2.5
      vertex 15.6607 15.5607 0
    endloop
  endfacet
  facet normal -0.73014 -0.683297 0
    outer loop
      vertex 15.6607 15.5607 2.5
      vertex 15.7278 15.489 0
      vertex 15.7278 15.489 2.5
    endloop
  endfacet
  facet normal 0.582867 0.812568 -0
    outer loop
      vertex 13.7666 8.2528 0
      vertex 13.6869 8.30997 2.6
      vertex 13.7666 8.2528 2.6
    endloop
  endfacet
  facet normal 0.582867 0.812568 0
    outer loop
      vertex 13.6869 8.30997 2.6
      vertex 13.7666 8.2528 0
      vertex 13.6869 8.30997 0
    endloop
  endfacet
  facet normal -0.412651 -0.910889 0
    outer loop
      vertex 15.174 15.8858 0
      vertex 15.2634 15.8453 2.5
      vertex 15.174 15.8858 2.5
    endloop
  endfacet
  facet normal -0.412651 -0.910889 -0
    outer loop
      vertex 15.2634 15.8453 2.5
      vertex 15.174 15.8858 0
      vertex 15.2634 15.8453 0
    endloop
  endfacet
  facet normal 0.812423 -0.583069 0
    outer loop
      vertex 13.3528 15.3334 2.6
      vertex 13.41 15.4131 0
      vertex 13.41 15.4131 2.6
    endloop
  endfacet
  facet normal 0.812423 -0.583069 0
    outer loop
      vertex 13.41 15.4131 0
      vertex 13.3528 15.3334 2.6
      vertex 13.3528 15.3334 0
    endloop
  endfacet
  facet normal 0.935756 0.352647 0
    outer loop
      vertex 13.2 8.96365 2.6
      vertex 13.2142 8.92597 2.6
      vertex 13.2 8.96365 1.7
    endloop
  endfacet
  facet normal 0.935881 0.352316 0
    outer loop
      vertex 13.2 8.96365 1.7
      vertex 13.1796 9.01784 0
      vertex 13.1796 9.01784 1.7
    endloop
  endfacet
  facet normal 0.935756 0.352647 -0
    outer loop
      vertex 13.2142 8.92597 0
      vertex 13.2 8.96365 1.7
      vertex 13.2142 8.92597 2.6
    endloop
  endfacet
  facet normal 0.93583 0.352452 4.94942e-06
    outer loop
      vertex 13.2 8.96365 1.7
      vertex 13.2142 8.92597 0
      vertex 13.1796 9.01784 0
    endloop
  endfacet
  facet normal -0.527616 -0.849483 0
    outer loop
      vertex 15.35 15.799 0
      vertex 15.4334 15.7472 2.5
      vertex 15.35 15.799 2.5
    endloop
  endfacet
  facet normal -0.527616 -0.849483 -0
    outer loop
      vertex 15.4334 15.7472 2.5
      vertex 15.35 15.799 0
      vertex 15.4334 15.7472 0
    endloop
  endfacet
  facet normal 0.583069 -0.812423 0
    outer loop
      vertex 13.6869 15.69 0
      vertex 13.7666 15.7472 2.6
      vertex 13.6869 15.69 2.6
    endloop
  endfacet
  facet normal 0.583069 -0.812423 0
    outer loop
      vertex 13.7666 15.7472 2.6
      vertex 13.6869 15.69 0
      vertex 13.7666 15.7472 0
    endloop
  endfacet
  facet normal 0.0327042 0.999465 -0
    outer loop
      vertex 14.6 8 0
      vertex 14.5019 8.00321 2.6
      vertex 14.6 8 2.6
    endloop
  endfacet
  facet normal 0.0327042 0.999465 0
    outer loop
      vertex 14.5019 8.00321 2.6
      vertex 14.6 8 0
      vertex 14.5019 8.00321 0
    endloop
  endfacet
  facet normal -0.633848 -0.773458 0
    outer loop
      vertex 15.5131 15.69 0
      vertex 15.589 15.6278 2.5
      vertex 15.5131 15.69 2.5
    endloop
  endfacet
  facet normal -0.633848 -0.773458 -0
    outer loop
      vertex 15.589 15.6278 2.5
      vertex 15.5131 15.69 0
      vertex 15.589 15.6278 0
    endloop
  endfacet
  facet normal 0.352508 0.935809 -0
    outer loop
      vertex 14.1178 8.0796 0
      vertex 14.026 8.11418 2.6
      vertex 14.1178 8.0796 2.6
    endloop
  endfacet
  facet normal 0.352508 0.935809 0
    outer loop
      vertex 14.026 8.11418 2.6
      vertex 14.1178 8.0796 0
      vertex 14.026 8.11418 0
    endloop
  endfacet
  facet normal 0.290055 0.95701 -0
    outer loop
      vertex 14.2118 8.05111 0
      vertex 14.1178 8.0796 2.6
      vertex 14.2118 8.05111 2.6
    endloop
  endfacet
  facet normal 0.290055 0.95701 0
    outer loop
      vertex 14.1178 8.0796 2.6
      vertex 14.2118 8.05111 0
      vertex 14.1178 8.0796 0
    endloop
  endfacet
  facet normal -0.291807 -0.956477 0
    outer loop
      vertex 14.9882 15.9489 2.6
      vertex 15 15.9453 2.5
      vertex 15 15.9453 2.6
    endloop
  endfacet
  facet normal -0.291807 -0.956477 0
    outer loop
      vertex 14.9882 15.9489 0
      vertex 15 15.9453 2.5
      vertex 14.9882 15.9489 2.6
    endloop
  endfacet
  facet normal -0.28991 -0.957054 -9.78011e-06
    outer loop
      vertex 14.9882 15.9489 0
      vertex 15.0822 15.9204 2.5
      vertex 15 15.9453 2.5
    endloop
  endfacet
  facet normal -0.290149 -0.956982 -0
    outer loop
      vertex 15.0822 15.9204 2.5
      vertex 14.9882 15.9489 0
      vertex 15.0822 15.9204 0
    endloop
  endfacet
  facet normal -0.52791 0.8493 0
    outer loop
      vertex 15.4334 8.2528 0
      vertex 15.35 8.20096 2.5
      vertex 15.4334 8.2528 2.5
    endloop
  endfacet
  facet normal -0.52791 0.8493 0
    outer loop
      vertex 15.35 8.20096 2.5
      vertex 15.4334 8.2528 0
      vertex 15.35 8.20096 0
    endloop
  endfacet
  facet normal -0.634274 0.773108 0
    outer loop
      vertex 15.589 8.37224 0
      vertex 15.5131 8.30997 2.5
      vertex 15.589 8.37224 2.5
    endloop
  endfacet
  facet normal -0.634274 0.773108 0
    outer loop
      vertex 15.5131 8.30997 2.5
      vertex 15.589 8.37224 0
      vertex 15.5131 8.30997 0
    endloop
  endfacet
  facet normal 0.881805 0.471614 0
    outer loop
      vertex 13.301 8.75 2.6
      vertex 13.2547 8.83657 0
      vertex 13.2547 8.83657 2.6
    endloop
  endfacet
  facet normal 0.881805 0.471614 0
    outer loop
      vertex 13.2547 8.83657 0
      vertex 13.301 8.75 2.6
      vertex 13.301 8.75 0
    endloop
  endfacet
  facet normal 0.956922 0.290347 0
    outer loop
      vertex 13.1796 9.01784 1.7
      vertex 13.1511 9.11177 0
      vertex 13.1511 9.11177 1.7
    endloop
  endfacet
  facet normal 0.956922 0.290347 0
    outer loop
      vertex 13.1511 9.11177 0
      vertex 13.1796 9.01784 1.7
      vertex 13.1796 9.01784 0
    endloop
  endfacet
  facet normal 0.849369 0.527799 0
    outer loop
      vertex 13.3528 8.66664 2.6
      vertex 13.301 8.75 0
      vertex 13.301 8.75 2.6
    endloop
  endfacet
  facet normal 0.849369 0.527799 0
    outer loop
      vertex 13.301 8.75 0
      vertex 13.3528 8.66664 2.6
      vertex 13.3528 8.66664 0
    endloop
  endfacet
  facet normal -0.290124 0.956989 0
    outer loop
      vertex 15.0822 8.0796 2.5
      vertex 15.0822 8.0796 0
      vertex 15 8.05468 2.5
    endloop
  endfacet
  facet normal -0.28958 0.957154 0
    outer loop
      vertex 15 8.05468 2.5
      vertex 14.9882 8.05111 2.6
      vertex 15 8.05468 2.6
    endloop
  endfacet
  facet normal -0.290055 0.95701 2.45157e-06
    outer loop
      vertex 14.9882 8.05111 0
      vertex 15 8.05468 2.5
      vertex 15.0822 8.0796 0
    endloop
  endfacet
  facet normal -0.28958 0.957154 0
    outer loop
      vertex 15 8.05468 2.5
      vertex 14.9882 8.05111 0
      vertex 14.9882 8.05111 2.6
    endloop
  endfacet
  facet normal 0.986627 0.162995 0
    outer loop
      vertex 13.1288 9.20736 1.7
      vertex 13.1128 9.30421 0
      vertex 13.1128 9.30421 1.7
    endloop
  endfacet
  facet normal 0.986627 0.162995 0
    outer loop
      vertex 13.1128 9.30421 0
      vertex 13.1288 9.20736 1.7
      vertex 13.1288 9.20736 0
    endloop
  endfacet
  facet normal 0.973851 0.227188 0
    outer loop
      vertex 13.1511 9.11177 1.7
      vertex 13.1288 9.20736 0
      vertex 13.1288 9.20736 1.7
    endloop
  endfacet
  facet normal 0.973851 0.227188 0
    outer loop
      vertex 13.1288 9.20736 0
      vertex 13.1511 9.11177 1.7
      vertex 13.1511 9.11177 0
    endloop
  endfacet
  facet normal 0.162977 0.98663 -0
    outer loop
      vertex 14.4042 8.01283 0
      vertex 14.3074 8.02882 2.6
      vertex 14.4042 8.01283 2.6
    endloop
  endfacet
  facet normal 0.162977 0.98663 0
    outer loop
      vertex 14.3074 8.02882 2.6
      vertex 14.4042 8.01283 0
      vertex 14.3074 8.02882 0
    endloop
  endfacet
  facet normal -0.0327042 0.999465 0
    outer loop
      vertex 14.6981 8.00321 0
      vertex 14.6 8 2.6
      vertex 14.6981 8.00321 2.6
    endloop
  endfacet
  facet normal -0.0327042 0.999465 0
    outer loop
      vertex 14.6 8 2.6
      vertex 14.6981 8.00321 0
      vertex 14.6 8 0
    endloop
  endfacet
  facet normal 0.812423 0.583069 0
    outer loop
      vertex -15.69 -15.4131 2.5
      vertex -15.7472 -15.3334 0
      vertex -15.7472 -15.3334 2.5
    endloop
  endfacet
  facet normal 0.812423 0.583069 0
    outer loop
      vertex -15.7472 -15.3334 0
      vertex -15.69 -15.4131 2.5
      vertex -15.69 -15.4131 0
    endloop
  endfacet
  facet normal -0.583069 0.812423 0
    outer loop
      vertex -13.5869 -15.69 0
      vertex -13.6666 -15.7472 2.6
      vertex -13.5869 -15.69 2.6
    endloop
  endfacet
  facet normal -0.583069 0.812423 0
    outer loop
      vertex -13.6666 -15.7472 2.6
      vertex -13.5869 -15.69 0
      vertex -13.6666 -15.7472 0
    endloop
  endfacet
  facet normal 0.995207 0.097789 0
    outer loop
      vertex -15.9872 -14.6958 2.5
      vertex -15.9968 -14.5981 0
      vertex -15.9968 -14.5981 2.5
    endloop
  endfacet
  facet normal 0.995207 0.097789 0
    outer loop
      vertex -15.9968 -14.5981 0
      vertex -15.9872 -14.6958 2.5
      vertex -15.9872 -14.6958 0
    endloop
  endfacet
  facet normal -0.290055 -0.95701 0
    outer loop
      vertex -14.1118 -8.05111 0
      vertex -14.0178 -8.0796 2.6
      vertex -14.1118 -8.05111 2.6
    endloop
  endfacet
  facet normal -0.290055 -0.95701 -0
    outer loop
      vertex -14.0178 -8.0796 2.6
      vertex -14.1118 -8.05111 0
      vertex -14.0178 -8.0796 0
    endloop
  endfacet
  facet normal 0.973851 -0.227188 0
    outer loop
      vertex -15.9712 -9.20736 2.5
      vertex -15.9489 -9.11177 0
      vertex -15.9489 -9.11177 2.5
    endloop
  endfacet
  facet normal 0.973851 -0.227188 0
    outer loop
      vertex -15.9489 -9.11177 0
      vertex -15.9712 -9.20736 2.5
      vertex -15.9712 -9.20736 0
    endloop
  endfacet
  facet normal -0.163077 0.986613 0
    outer loop
      vertex -14.2074 -15.9712 0
      vertex -14.3042 -15.9872 2.6
      vertex -14.2074 -15.9712 2.6
    endloop
  endfacet
  facet normal -0.163077 0.986613 0
    outer loop
      vertex -14.3042 -15.9872 2.6
      vertex -14.2074 -15.9712 0
      vertex -14.3042 -15.9872 0
    endloop
  endfacet
  facet normal -0.910889 -0.412651 0
    outer loop
      vertex -13.1142 -8.92597 0
      vertex -13.1547 -8.83657 1.7
      vertex -13.1547 -8.83657 0
    endloop
  endfacet
  facet normal -0.910889 -0.412651 0
    outer loop
      vertex -13.1547 -8.83657 1.7
      vertex -13.1142 -8.92597 0
      vertex -13.1142 -8.92597 1.7
    endloop
  endfacet
  facet normal -0.8127 -0.582683 0
    outer loop
      vertex -13.2528 -8.66664 0
      vertex -13.31 -8.58686 2.6
      vertex -13.31 -8.58686 0
    endloop
  endfacet
  facet normal -0.8127 -0.582683 0
    outer loop
      vertex -13.31 -8.58686 2.6
      vertex -13.2528 -8.66664 0
      vertex -13.2528 -8.66664 2.6
    endloop
  endfacet
  facet normal 1 -0 0
    outer loop
      vertex -16 -14.5 2.5
      vertex -16 -9.5 0
      vertex -16 -9.5 2.5
    endloop
  endfacet
  facet normal 1 0 0
    outer loop
      vertex -16 -9.5 0
      vertex -16 -14.5 2.5
      vertex -16 -14.5 0
    endloop
  endfacet
  facet normal 0.163077 0.986613 -0
    outer loop
      vertex -14.6958 -15.9872 0
      vertex -14.7926 -15.9712 2.6
      vertex -14.6958 -15.9872 2.6
    endloop
  endfacet
  facet normal 0.163077 0.986613 0
    outer loop
      vertex -14.7926 -15.9712 2.6
      vertex -14.6958 -15.9872 0
      vertex -14.7926 -15.9712 0
    endloop
  endfacet
  facet normal -0.633848 0.773458 0
    outer loop
      vertex -13.511 -15.6278 0
      vertex -13.5869 -15.69 2.6
      vertex -13.511 -15.6278 2.6
    endloop
  endfacet
  facet normal -0.633848 0.773458 0
    outer loop
      vertex -13.5869 -15.69 2.6
      vertex -13.511 -15.6278 0
      vertex -13.5869 -15.69 0
    endloop
  endfacet
  facet normal -0.995205 -0.0978089 0
    outer loop
      vertex -13.0032 -9.40189 0
      vertex -13.0128 -9.30421 1.7
      vertex -13.0128 -9.30421 0
    endloop
  endfacet
  facet normal -0.995205 -0.0978089 0
    outer loop
      vertex -13.0128 -9.30421 1.7
      vertex -13.0032 -9.40189 0
      vertex -13.0032 -9.40189 1.7
    endloop
  endfacet
  facet normal 0.729855 -0.683602 0
    outer loop
      vertex -15.6278 -8.51098 2.5
      vertex -15.5607 -8.43934 0
      vertex -15.5607 -8.43934 2.5
    endloop
  endfacet
  facet normal 0.729855 -0.683602 0
    outer loop
      vertex -15.5607 -8.43934 0
      vertex -15.6278 -8.51098 2.5
      vertex -15.6278 -8.51098 0
    endloop
  endfacet
  facet normal -0.227069 -0.973879 0
    outer loop
      vertex -14.2074 -8.02882 0
      vertex -14.1118 -8.05111 2.6
      vertex -14.2074 -8.02882 2.6
    endloop
  endfacet
  facet normal -0.227069 -0.973879 -0
    outer loop
      vertex -14.1118 -8.05111 2.6
      vertex -14.2074 -8.02882 0
      vertex -14.1118 -8.05111 0
    endloop
  endfacet
  facet normal -1 0 0
    outer loop
      vertex -13 -14.5 0
      vertex -13 -9.5 1.7
      vertex -13 -9.5 0
    endloop
  endfacet
  facet normal -1 -0 0
    outer loop
      vertex -13 -9.5 1.7
      vertex -13 -14.5 0
      vertex -13 -14.5 1.7
    endloop
  endfacet
  facet normal 0.986627 -0.162995 0
    outer loop
      vertex -15.9872 -9.30421 2.5
      vertex -15.9712 -9.20736 0
      vertex -15.9712 -9.20736 2.5
    endloop
  endfacet
  facet normal 0.986627 -0.162995 0
    outer loop
      vertex -15.9712 -9.20736 0
      vertex -15.9872 -9.30421 2.5
      vertex -15.9872 -9.30421 0
    endloop
  endfacet
  facet normal 0.935741 0.352687 0
    outer loop
      vertex -15.8858 -15.074 2.5
      vertex -15.9204 -14.9822 0
      vertex -15.9204 -14.9822 2.5
    endloop
  endfacet
  facet normal 0.935741 0.352687 0
    outer loop
      vertex -15.9204 -14.9822 0
      vertex -15.8858 -15.074 2.5
      vertex -15.8858 -15.074 0
    endloop
  endfacet
  facet normal -0.999469 -0.0325991 0
    outer loop
      vertex -13 -9.5 0
      vertex -13.0032 -9.40189 1.7
      vertex -13.0032 -9.40189 0
    endloop
  endfacet
  facet normal -0.999469 -0.0325991 0
    outer loop
      vertex -13.0032 -9.40189 1.7
      vertex -13 -9.5 0
      vertex -13 -9.5 1.7
    endloop
  endfacet
  facet normal 0.097789 0.995207 -0
    outer loop
      vertex -14.5981 -15.9968 0
      vertex -14.6958 -15.9872 2.6
      vertex -14.5981 -15.9968 2.6
    endloop
  endfacet
  facet normal 0.097789 0.995207 0
    outer loop
      vertex -14.6958 -15.9872 2.6
      vertex -14.5981 -15.9968 0
      vertex -14.6958 -15.9872 0
    endloop
  endfacet
  facet normal 0.910889 -0.412651 0
    outer loop
      vertex -15.8858 -8.92597 2.5
      vertex -15.8453 -8.83657 0
      vertex -15.8453 -8.83657 2.5
    endloop
  endfacet
  facet normal 0.910889 -0.412651 0
    outer loop
      vertex -15.8453 -8.83657 0
      vertex -15.8858 -8.92597 2.5
      vertex -15.8858 -8.92597 0
    endloop
  endfacet
  facet normal -0.999468 0.0326024 0
    outer loop
      vertex -13.0032 -14.5981 0
      vertex -13 -14.5 1.7
      vertex -13 -14.5 0
    endloop
  endfacet
  facet normal -0.999468 0.0326024 0
    outer loop
      vertex -13 -14.5 1.7
      vertex -13.0032 -14.5981 0
      vertex -13.0032 -14.5981 1.7
    endloop
  endfacet
  facet normal -0.986627 -0.162995 0
    outer loop
      vertex -13.0128 -9.30421 0
      vertex -13.0288 -9.20736 1.7
      vertex -13.0288 -9.20736 0
    endloop
  endfacet
  facet normal -0.986627 -0.162995 0
    outer loop
      vertex -13.0288 -9.20736 1.7
      vertex -13.0128 -9.30421 0
      vertex -13.0128 -9.30421 1.7
    endloop
  endfacet
  facet normal -0.52791 -0.8493 0
    outer loop
      vertex -13.75 -8.20096 0
      vertex -13.6666 -8.2528 2.6
      vertex -13.75 -8.20096 2.6
    endloop
  endfacet
  facet normal -0.52791 -0.8493 -0
    outer loop
      vertex -13.6666 -8.2528 2.6
      vertex -13.75 -8.20096 0
      vertex -13.6666 -8.2528 0
    endloop
  endfacet
  facet normal -0.683297 -0.73014 0
    outer loop
      vertex -13.511 -8.37224 0
      vertex -13.4393 -8.43934 2.6
      vertex -13.511 -8.37224 2.6
    endloop
  endfacet
  facet normal -0.683297 -0.73014 -0
    outer loop
      vertex -13.4393 -8.43934 2.6
      vertex -13.511 -8.37224 0
      vertex -13.4393 -8.43934 0
    endloop
  endfacet
  facet normal 0.956922 -0.290347 0
    outer loop
      vertex -15.9489 -9.11177 2.5
      vertex -15.9204 -9.01784 0
      vertex -15.9204 -9.01784 2.5
    endloop
  endfacet
  facet normal 0.956922 -0.290347 0
    outer loop
      vertex -15.9204 -9.01784 0
      vertex -15.9489 -9.11177 2.5
      vertex -15.9489 -9.11177 0
    endloop
  endfacet
  facet normal -0.849483 0.527616 0
    outer loop
      vertex -13.2528 -15.3334 0
      vertex -13.201 -15.25 2.6
      vertex -13.201 -15.25 0
    endloop
  endfacet
  facet normal -0.849483 0.527616 0
    outer loop
      vertex -13.201 -15.25 2.6
      vertex -13.2528 -15.3334 0
      vertex -13.2528 -15.3334 2.6
    endloop
  endfacet
  facet normal 0.0327042 -0.999465 0
    outer loop
      vertex -14.5981 -8.00321 0
      vertex -14.5 -8 2.6
      vertex -14.5981 -8.00321 2.6
    endloop
  endfacet
  facet normal 0.0327042 -0.999465 0
    outer loop
      vertex -14.5 -8 2.6
      vertex -14.5981 -8.00321 0
      vertex -14.5 -8 0
    endloop
  endfacet
  facet normal -0.729855 -0.683602 0
    outer loop
      vertex -13.3722 -8.51098 0
      vertex -13.4393 -8.43934 2.6
      vertex -13.4393 -8.43934 0
    endloop
  endfacet
  facet normal -0.729855 -0.683602 0
    outer loop
      vertex -13.4393 -8.43934 2.6
      vertex -13.3722 -8.51098 0
      vertex -13.3722 -8.51098 2.6
    endloop
  endfacet
  facet normal 0.290055 -0.95701 0
    outer loop
      vertex -14.9822 -8.0796 0
      vertex -14.8882 -8.05111 2.6
      vertex -14.9822 -8.0796 2.6
    endloop
  endfacet
  facet normal 0.290055 -0.95701 0
    outer loop
      vertex -14.8882 -8.05111 2.6
      vertex -14.9822 -8.0796 0
      vertex -14.8882 -8.05111 0
    endloop
  endfacet
  facet normal 0.999469 -0.0325991 0
    outer loop
      vertex -16 -9.5 2.5
      vertex -15.9968 -9.40189 0
      vertex -15.9968 -9.40189 2.5
    endloop
  endfacet
  facet normal 0.999469 -0.0325991 0
    outer loop
      vertex -15.9968 -9.40189 0
      vertex -16 -9.5 2.5
      vertex -16 -9.5 0
    endloop
  endfacet
  facet normal -0.162977 -0.98663 0
    outer loop
      vertex -14.3042 -8.01283 0
      vertex -14.2074 -8.02882 2.6
      vertex -14.3042 -8.01283 2.6
    endloop
  endfacet
  facet normal -0.162977 -0.98663 -0
    outer loop
      vertex -14.2074 -8.02882 2.6
      vertex -14.3042 -8.01283 0
      vertex -14.2074 -8.02882 0
    endloop
  endfacet
  facet normal -0.773458 0.633848 0
    outer loop
      vertex -13.3722 -15.489 0
      vertex -13.31 -15.4131 2.6
      vertex -13.31 -15.4131 0
    endloop
  endfacet
  facet normal -0.773458 0.633848 0
    outer loop
      vertex -13.31 -15.4131 2.6
      vertex -13.3722 -15.489 0
      vertex -13.3722 -15.489 2.6
    endloop
  endfacet
  facet normal 0.471487 0.881873 -0
    outer loop
      vertex -15.1634 -15.8453 0
      vertex -15.25 -15.799 2.5
      vertex -15.1634 -15.8453 2.5
    endloop
  endfacet
  facet normal 0.471487 0.881873 0
    outer loop
      vertex -15.25 -15.799 2.5
      vertex -15.1634 -15.8453 0
      vertex -15.25 -15.799 0
    endloop
  endfacet
  facet normal 0.412651 0.910889 -0
    outer loop
      vertex -15.074 -15.8858 0
      vertex -15.1634 -15.8453 2.5
      vertex -15.074 -15.8858 2.5
    endloop
  endfacet
  facet normal 0.412651 0.910889 0
    outer loop
      vertex -15.1634 -15.8453 2.5
      vertex -15.074 -15.8858 0
      vertex -15.1634 -15.8453 0
    endloop
  endfacet
  facet normal -0.956922 -0.290347 0
    outer loop
      vertex -13.0511 -9.11177 0
      vertex -13.0796 -9.01784 1.7
      vertex -13.0796 -9.01784 0
    endloop
  endfacet
  facet normal -0.956922 -0.290347 0
    outer loop
      vertex -13.0796 -9.01784 1.7
      vertex -13.0511 -9.11177 0
      vertex -13.0511 -9.11177 1.7
    endloop
  endfacet
  facet normal 0.995205 -0.0978089 0
    outer loop
      vertex -15.9968 -9.40189 2.5
      vertex -15.9872 -9.30421 0
      vertex -15.9872 -9.30421 2.5
    endloop
  endfacet
  facet normal 0.995205 -0.0978089 0
    outer loop
      vertex -15.9872 -9.30421 0
      vertex -15.9968 -9.40189 2.5
      vertex -15.9968 -9.40189 0
    endloop
  endfacet
  facet normal -0.995207 0.097789 0
    outer loop
      vertex -13.0128 -14.6958 0
      vertex -13.0032 -14.5981 1.7
      vertex -13.0032 -14.5981 0
    endloop
  endfacet
  facet normal -0.995207 0.097789 0
    outer loop
      vertex -13.0032 -14.5981 1.7
      vertex -13.0128 -14.6958 0
      vertex -13.0128 -14.6958 1.7
    endloop
  endfacet
  facet normal -0.973851 -0.227188 0
    outer loop
      vertex -13.0288 -9.20736 0
      vertex -13.0511 -9.11177 1.7
      vertex -13.0511 -9.11177 0
    endloop
  endfacet
  facet normal -0.973851 -0.227188 0
    outer loop
      vertex -13.0511 -9.11177 1.7
      vertex -13.0288 -9.20736 0
      vertex -13.0288 -9.20736 1.7
    endloop
  endfacet
  facet normal 0.881805 -0.471614 0
    outer loop
      vertex -15.8453 -8.83657 2.5
      vertex -15.799 -8.75 0
      vertex -15.799 -8.75 2.5
    endloop
  endfacet
  facet normal 0.881805 -0.471614 0
    outer loop
      vertex -15.799 -8.75 0
      vertex -15.8453 -8.83657 2.5
      vertex -15.8453 -8.83657 0
    endloop
  endfacet
  facet normal 0.910889 0.412651 0
    outer loop
      vertex -15.8453 -15.1634 2.5
      vertex -15.8858 -15.074 0
      vertex -15.8858 -15.074 2.5
    endloop
  endfacet
  facet normal 0.910889 0.412651 0
    outer loop
      vertex -15.8858 -15.074 0
      vertex -15.8453 -15.1634 2.5
      vertex -15.8453 -15.1634 0
    endloop
  endfacet
  facet normal -0.0979908 -0.995187 0
    outer loop
      vertex -14.4019 -8.00321 0
      vertex -14.3042 -8.01283 2.6
      vertex -14.4019 -8.00321 2.6
    endloop
  endfacet
  facet normal -0.0979908 -0.995187 -0
    outer loop
      vertex -14.3042 -8.01283 2.6
      vertex -14.4019 -8.00321 0
      vertex -14.3042 -8.01283 0
    endloop
  endfacet
  facet normal 0.999468 0.0326024 0
    outer loop
      vertex -15.9968 -14.5981 2.5
      vertex -16 -14.5 0
      vertex -16 -14.5 2.5
    endloop
  endfacet
  facet normal 0.999468 0.0326024 0
    outer loop
      vertex -16 -14.5 0
      vertex -15.9968 -14.5981 2.5
      vertex -15.9968 -14.5981 0
    endloop
  endfacet
  facet normal -0.412736 -0.910851 0
    outer loop
      vertex -13.926 -8.11418 0
      vertex -13.8366 -8.15469 2.6
      vertex -13.926 -8.11418 2.6
    endloop
  endfacet
  facet normal -0.412736 -0.910851 -0
    outer loop
      vertex -13.8366 -8.15469 2.6
      vertex -13.926 -8.11418 0
      vertex -13.8366 -8.15469 0
    endloop
  endfacet
  facet normal -0.527616 0.849483 0
    outer loop
      vertex -13.6666 -15.7472 0
      vertex -13.75 -15.799 2.6
      vertex -13.6666 -15.7472 2.6
    endloop
  endfacet
  facet normal -0.527616 0.849483 0
    outer loop
      vertex -13.75 -15.799 2.6
      vertex -13.6666 -15.7472 0
      vertex -13.75 -15.799 0
    endloop
  endfacet
  facet normal 0.352343 -0.935871 0
    outer loop
      vertex -15.074 -8.11418 2.5
      vertex -15.074 -8.11418 0
      vertex -15 -8.08632 2.5
    endloop
  endfacet
  facet normal 0.353196 -0.935549 0
    outer loop
      vertex -15 -8.08632 2.5
      vertex -14.9822 -8.0796 2.6
      vertex -15 -8.08632 2.6
    endloop
  endfacet
  facet normal 0.352508 -0.935809 -5.59446e-06
    outer loop
      vertex -14.9822 -8.0796 0
      vertex -15 -8.08632 2.5
      vertex -15.074 -8.11418 0
    endloop
  endfacet
  facet normal 0.353196 -0.935549 0
    outer loop
      vertex -15 -8.08632 2.5
      vertex -14.9822 -8.0796 0
      vertex -14.9822 -8.0796 2.6
    endloop
  endfacet
  facet normal 0.634274 -0.773108 0
    outer loop
      vertex -15.489 -8.37224 0
      vertex -15.4131 -8.30997 2.5
      vertex -15.489 -8.37224 2.5
    endloop
  endfacet
  facet normal 0.634274 -0.773108 0
    outer loop
      vertex -15.4131 -8.30997 2.5
      vertex -15.489 -8.37224 0
      vertex -15.4131 -8.30997 0
    endloop
  endfacet
  facet normal -0.634274 -0.773108 0
    outer loop
      vertex -13.5869 -8.30997 0
      vertex -13.511 -8.37224 2.6
      vertex -13.5869 -8.30997 2.6
    endloop
  endfacet
  facet normal -0.634274 -0.773108 -0
    outer loop
      vertex -13.511 -8.37224 2.6
      vertex -13.5869 -8.30997 0
      vertex -13.511 -8.37224 0
    endloop
  endfacet
  facet normal 0.73014 0.683297 0
    outer loop
      vertex -15.5607 -15.5607 2.5
      vertex -15.6278 -15.489 0
      vertex -15.6278 -15.489 2.5
    endloop
  endfacet
  facet normal 0.73014 0.683297 0
    outer loop
      vertex -15.6278 -15.489 0
      vertex -15.5607 -15.5607 2.5
      vertex -15.5607 -15.5607 0
    endloop
  endfacet
  facet normal -0.471249 -0.882 0
    outer loop
      vertex -13.8366 -8.15469 0
      vertex -13.75 -8.20096 2.6
      vertex -13.8366 -8.15469 2.6
    endloop
  endfacet
  facet normal -0.471249 -0.882 -0
    outer loop
      vertex -13.75 -8.20096 2.6
      vertex -13.8366 -8.15469 0
      vertex -13.75 -8.20096 0
    endloop
  endfacet
  facet normal -0.412651 0.910889 0
    outer loop
      vertex -13.8366 -15.8453 0
      vertex -13.926 -15.8858 2.6
      vertex -13.8366 -15.8453 2.6
    endloop
  endfacet
  facet normal -0.412651 0.910889 0
    outer loop
      vertex -13.926 -15.8858 2.6
      vertex -13.8366 -15.8453 0
      vertex -13.926 -15.8858 0
    endloop
  endfacet
  facet normal -0.986613 0.163077 0
    outer loop
      vertex -13.0288 -14.7926 0
      vertex -13.0128 -14.6958 1.7
      vertex -13.0128 -14.6958 0
    endloop
  endfacet
  facet normal -0.986613 0.163077 0
    outer loop
      vertex -13.0128 -14.6958 1.7
      vertex -13.0288 -14.7926 0
      vertex -13.0288 -14.7926 1.7
    endloop
  endfacet
  facet normal -0.93583 -0.352452 0
    outer loop
      vertex -13.0796 -9.01784 0
      vertex -13.1142 -8.92597 1.7
      vertex -13.1142 -8.92597 0
    endloop
  endfacet
  facet normal -0.93583 -0.352452 0
    outer loop
      vertex -13.1142 -8.92597 1.7
      vertex -13.0796 -9.01784 0
      vertex -13.0796 -9.01784 1.7
    endloop
  endfacet
  facet normal 0.52791 -0.8493 0
    outer loop
      vertex -15.3334 -8.2528 0
      vertex -15.25 -8.20096 2.5
      vertex -15.3334 -8.2528 2.5
    endloop
  endfacet
  facet normal 0.52791 -0.8493 0
    outer loop
      vertex -15.25 -8.20096 2.5
      vertex -15.3334 -8.2528 0
      vertex -15.25 -8.20096 0
    endloop
  endfacet
  facet normal 0.849369 -0.527799 0
    outer loop
      vertex -15.799 -8.75 2.5
      vertex -15.7472 -8.66664 0
      vertex -15.7472 -8.66664 2.5
    endloop
  endfacet
  facet normal 0.849369 -0.527799 0
    outer loop
      vertex -15.7472 -8.66664 0
      vertex -15.799 -8.75 2.5
      vertex -15.799 -8.75 0
    endloop
  endfacet
  facet normal 0.227069 -0.973879 0
    outer loop
      vertex -14.8882 -8.05111 0
      vertex -14.7926 -8.02882 2.6
      vertex -14.8882 -8.05111 2.6
    endloop
  endfacet
  facet normal 0.227069 -0.973879 0
    outer loop
      vertex -14.7926 -8.02882 2.6
      vertex -14.8882 -8.05111 0
      vertex -14.7926 -8.02882 0
    endloop
  endfacet
  facet normal 0.633848 0.773458 -0
    outer loop
      vertex -15.4131 -15.69 0
      vertex -15.489 -15.6278 2.5
      vertex -15.4131 -15.69 2.5
    endloop
  endfacet
  facet normal 0.633848 0.773458 0
    outer loop
      vertex -15.489 -15.6278 2.5
      vertex -15.4131 -15.69 0
      vertex -15.489 -15.6278 0
    endloop
  endfacet
  facet normal 0.471249 -0.882 0
    outer loop
      vertex -15.25 -8.20096 0
      vertex -15.1634 -8.15469 2.5
      vertex -15.25 -8.20096 2.5
    endloop
  endfacet
  facet normal 0.471249 -0.882 0
    outer loop
      vertex -15.1634 -8.15469 2.5
      vertex -15.25 -8.20096 0
      vertex -15.1634 -8.15469 0
    endloop
  endfacet
  facet normal 0.527616 0.849483 -0
    outer loop
      vertex -15.25 -15.799 0
      vertex -15.3334 -15.7472 2.5
      vertex -15.25 -15.799 2.5
    endloop
  endfacet
  facet normal 0.527616 0.849483 0
    outer loop
      vertex -15.3334 -15.7472 2.5
      vertex -15.25 -15.799 0
      vertex -15.3334 -15.7472 0
    endloop
  endfacet
  facet normal 0.773376 -0.633948 0
    outer loop
      vertex -15.69 -8.58686 2.5
      vertex -15.6278 -8.51098 0
      vertex -15.6278 -8.51098 2.5
    endloop
  endfacet
  facet normal 0.773376 -0.633948 0
    outer loop
      vertex -15.6278 -8.51098 0
      vertex -15.69 -8.58686 2.5
      vertex -15.69 -8.58686 0
    endloop
  endfacet
  facet normal -0.471487 0.881873 0
    outer loop
      vertex -13.75 -15.799 0
      vertex -13.8366 -15.8453 2.6
      vertex -13.75 -15.799 2.6
    endloop
  endfacet
  facet normal -0.471487 0.881873 0
    outer loop
      vertex -13.8366 -15.8453 2.6
      vertex -13.75 -15.799 0
      vertex -13.8366 -15.8453 0
    endloop
  endfacet
  facet normal 0.849483 0.527616 0
    outer loop
      vertex -15.7472 -15.3334 2.5
      vertex -15.799 -15.25 0
      vertex -15.799 -15.25 2.5
    endloop
  endfacet
  facet normal 0.849483 0.527616 0
    outer loop
      vertex -15.799 -15.25 0
      vertex -15.7472 -15.3334 2.5
      vertex -15.7472 -15.3334 0
    endloop
  endfacet
  facet normal -0.097789 0.995207 0
    outer loop
      vertex -14.3042 -15.9872 0
      vertex -14.4019 -15.9968 2.6
      vertex -14.3042 -15.9872 2.6
    endloop
  endfacet
  facet normal -0.097789 0.995207 0
    outer loop
      vertex -14.4019 -15.9968 2.6
      vertex -14.3042 -15.9872 0
      vertex -14.4019 -15.9968 0
    endloop
  endfacet
  facet normal -0.849369 -0.527799 0
    outer loop
      vertex -13.201 -8.75 0
      vertex -13.2528 -8.66664 2.6
      vertex -13.2528 -8.66664 0
    endloop
  endfacet
  facet normal -0.849369 -0.527799 0
    outer loop
      vertex -13.2528 -8.66664 2.6
      vertex -13.201 -8.75 0
      vertex -13.201 -8.75 2.6
    endloop
  endfacet
  facet normal -0.352687 0.935741 0
    outer loop
      vertex -13.926 -15.8858 0
      vertex -14.0178 -15.9204 2.6
      vertex -13.926 -15.8858 2.6
    endloop
  endfacet
  facet normal -0.352687 0.935741 0
    outer loop
      vertex -14.0178 -15.9204 2.6
      vertex -13.926 -15.8858 0
      vertex -14.0178 -15.9204 0
    endloop
  endfacet
  facet normal 0.412736 -0.910851 0
    outer loop
      vertex -15.1634 -8.15469 0
      vertex -15.074 -8.11418 2.5
      vertex -15.1634 -8.15469 2.5
    endloop
  endfacet
  facet normal 0.412736 -0.910851 0
    outer loop
      vertex -15.074 -8.11418 2.5
      vertex -15.1634 -8.15469 0
      vertex -15.074 -8.11418 0
    endloop
  endfacet
  facet normal 0.956982 0.290149 0
    outer loop
      vertex -15.9204 -14.9822 2.5
      vertex -15.9489 -14.8882 0
      vertex -15.9489 -14.8882 2.5
    endloop
  endfacet
  facet normal 0.956982 0.290149 0
    outer loop
      vertex -15.9489 -14.8882 0
      vertex -15.9204 -14.9822 2.5
      vertex -15.9204 -14.9822 0
    endloop
  endfacet
  facet normal -0.0327042 -0.999465 0
    outer loop
      vertex -14.5 -8 0
      vertex -14.4019 -8.00321 2.6
      vertex -14.5 -8 2.6
    endloop
  endfacet
  facet normal -0.0327042 -0.999465 -0
    outer loop
      vertex -14.4019 -8.00321 2.6
      vertex -14.5 -8 0
      vertex -14.4019 -8.00321 0
    endloop
  endfacet
  facet normal 0.162977 -0.98663 0
    outer loop
      vertex -14.7926 -8.02882 0
      vertex -14.6958 -8.01283 2.6
      vertex -14.7926 -8.02882 2.6
    endloop
  endfacet
  facet normal 0.162977 -0.98663 0
    outer loop
      vertex -14.6958 -8.01283 2.6
      vertex -14.7926 -8.02882 0
      vertex -14.6958 -8.01283 0
    endloop
  endfacet
  facet normal -0.882036 0.471182 0
    outer loop
      vertex -13.1547 -15.1634 0
      vertex -13.2 -15.2482 1.7
      vertex -13.1547 -15.1634 1.7
    endloop
  endfacet
  facet normal -0.881873 0.471487 1.9528e-05
    outer loop
      vertex -13.201 -15.25 0
      vertex -13.2 -15.2482 1.7
      vertex -13.1547 -15.1634 0
    endloop
  endfacet
  facet normal -0.874157 0.485643 0
    outer loop
      vertex -13.201 -15.25 2.6
      vertex -13.2 -15.2482 1.7
      vertex -13.201 -15.25 0
    endloop
  endfacet
  facet normal -0.874157 0.485643 0
    outer loop
      vertex -13.2 -15.2482 1.7
      vertex -13.201 -15.25 2.6
      vertex -13.2 -15.2482 2.6
    endloop
  endfacet
  facet normal 0.582867 -0.812568 0
    outer loop
      vertex -15.4131 -8.30997 0
      vertex -15.3334 -8.2528 2.5
      vertex -15.4131 -8.30997 2.5
    endloop
  endfacet
  facet normal 0.582867 -0.812568 0
    outer loop
      vertex -15.3334 -8.2528 2.5
      vertex -15.4131 -8.30997 0
      vertex -15.3334 -8.2528 0
    endloop
  endfacet
  facet normal -0.910889 0.412651 0
    outer loop
      vertex -13.1547 -15.1634 0
      vertex -13.1142 -15.074 1.7
      vertex -13.1142 -15.074 0
    endloop
  endfacet
  facet normal -0.910889 0.412651 0
    outer loop
      vertex -13.1142 -15.074 1.7
      vertex -13.1547 -15.1634 0
      vertex -13.1547 -15.1634 1.7
    endloop
  endfacet
  facet normal -0.956982 0.290149 0
    outer loop
      vertex -13.0796 -14.9822 0
      vertex -13.0511 -14.8882 1.7
      vertex -13.0511 -14.8882 0
    endloop
  endfacet
  facet normal -0.956982 0.290149 0
    outer loop
      vertex -13.0511 -14.8882 1.7
      vertex -13.0796 -14.9822 0
      vertex -13.0796 -14.9822 1.7
    endloop
  endfacet
  facet normal -0.973856 0.227165 0
    outer loop
      vertex -13.0511 -14.8882 0
      vertex -13.0288 -14.7926 1.7
      vertex -13.0288 -14.7926 0
    endloop
  endfacet
  facet normal -0.973856 0.227165 0
    outer loop
      vertex -13.0288 -14.7926 1.7
      vertex -13.0511 -14.8882 0
      vertex -13.0511 -14.8882 1.7
    endloop
  endfacet
  facet normal -0.683297 0.73014 0
    outer loop
      vertex -13.4393 -15.5607 0
      vertex -13.511 -15.6278 2.6
      vertex -13.4393 -15.5607 2.6
    endloop
  endfacet
  facet normal -0.683297 0.73014 0
    outer loop
      vertex -13.511 -15.6278 2.6
      vertex -13.4393 -15.5607 0
      vertex -13.511 -15.6278 0
    endloop
  endfacet
  facet normal 0.583069 0.812423 -0
    outer loop
      vertex -15.3334 -15.7472 0
      vertex -15.4131 -15.69 2.5
      vertex -15.3334 -15.7472 2.5
    endloop
  endfacet
  facet normal 0.583069 0.812423 0
    outer loop
      vertex -15.4131 -15.69 2.5
      vertex -15.3334 -15.7472 0
      vertex -15.4131 -15.69 0
    endloop
  endfacet
  facet normal 0.0979908 -0.995187 0
    outer loop
      vertex -14.6958 -8.01283 0
      vertex -14.5981 -8.00321 2.6
      vertex -14.6958 -8.01283 2.6
    endloop
  endfacet
  facet normal 0.0979908 -0.995187 0
    outer loop
      vertex -14.5981 -8.00321 2.6
      vertex -14.6958 -8.01283 0
      vertex -14.5981 -8.00321 0
    endloop
  endfacet
  facet normal -0.874157 -0.485643 0
    outer loop
      vertex -13.201 -8.75 0
      vertex -13.2 -8.7518 1.7
      vertex -13.201 -8.75 2.6
    endloop
  endfacet
  facet normal -0.881805 -0.471614 1.93535e-05
    outer loop
      vertex -13.1547 -8.83657 0
      vertex -13.2 -8.7518 1.7
      vertex -13.201 -8.75 0
    endloop
  endfacet
  facet normal -0.881967 -0.471312 0
    outer loop
      vertex -13.2 -8.7518 1.7
      vertex -13.1547 -8.83657 0
      vertex -13.1547 -8.83657 1.7
    endloop
  endfacet
  facet normal -0.874157 -0.485643 0
    outer loop
      vertex -13.201 -8.75 2.6
      vertex -13.2 -8.7518 1.7
      vertex -13.2 -8.7518 2.6
    endloop
  endfacet
  facet normal -0.935741 0.352687 0
    outer loop
      vertex -13.1142 -15.074 0
      vertex -13.0796 -14.9822 1.7
      vertex -13.0796 -14.9822 0
    endloop
  endfacet
  facet normal -0.935741 0.352687 0
    outer loop
      vertex -13.0796 -14.9822 1.7
      vertex -13.1142 -15.074 0
      vertex -13.1142 -15.074 1.7
    endloop
  endfacet
  facet normal 0.881873 0.471487 0
    outer loop
      vertex -15.799 -15.25 2.5
      vertex -15.8453 -15.1634 0
      vertex -15.8453 -15.1634 2.5
    endloop
  endfacet
  facet normal 0.881873 0.471487 0
    outer loop
      vertex -15.8453 -15.1634 0
      vertex -15.799 -15.25 2.5
      vertex -15.799 -15.25 0
    endloop
  endfacet
  facet normal 0.683297 0.73014 -0
    outer loop
      vertex -15.489 -15.6278 0
      vertex -15.5607 -15.5607 2.5
      vertex -15.489 -15.6278 2.5
    endloop
  endfacet
  facet normal 0.683297 0.73014 0
    outer loop
      vertex -15.5607 -15.5607 2.5
      vertex -15.489 -15.6278 0
      vertex -15.5607 -15.5607 0
    endloop
  endfacet
  facet normal 0.8127 -0.582683 0
    outer loop
      vertex -15.7472 -8.66664 2.5
      vertex -15.69 -8.58686 0
      vertex -15.69 -8.58686 2.5
    endloop
  endfacet
  facet normal 0.8127 -0.582683 0
    outer loop
      vertex -15.69 -8.58686 0
      vertex -15.7472 -8.66664 2.5
      vertex -15.7472 -8.66664 0
    endloop
  endfacet
  facet normal 0.227165 0.973856 -0
    outer loop
      vertex -14.7926 -15.9712 0
      vertex -14.8882 -15.9489 2.6
      vertex -14.7926 -15.9712 2.6
    endloop
  endfacet
  facet normal 0.227165 0.973856 0
    outer loop
      vertex -14.8882 -15.9489 2.6
      vertex -14.7926 -15.9712 0
      vertex -14.8882 -15.9489 0
    endloop
  endfacet
  facet normal 0.93583 -0.352452 0
    outer loop
      vertex -15.9204 -9.01784 2.5
      vertex -15.8858 -8.92597 0
      vertex -15.8858 -8.92597 2.5
    endloop
  endfacet
  facet normal 0.93583 -0.352452 0
    outer loop
      vertex -15.8858 -8.92597 0
      vertex -15.9204 -9.01784 2.5
      vertex -15.9204 -9.01784 0
    endloop
  endfacet
  facet normal 0.773458 0.633848 0
    outer loop
      vertex -15.6278 -15.489 2.5
      vertex -15.69 -15.4131 0
      vertex -15.69 -15.4131 2.5
    endloop
  endfacet
  facet normal 0.773458 0.633848 0
    outer loop
      vertex -15.69 -15.4131 0
      vertex -15.6278 -15.489 2.5
      vertex -15.6278 -15.489 0
    endloop
  endfacet
  facet normal -0.352508 -0.935809 0
    outer loop
      vertex -14.0178 -8.0796 0
      vertex -13.926 -8.11418 2.6
      vertex -14.0178 -8.0796 2.6
    endloop
  endfacet
  facet normal -0.352508 -0.935809 -0
    outer loop
      vertex -13.926 -8.11418 2.6
      vertex -14.0178 -8.0796 0
      vertex -13.926 -8.11418 0
    endloop
  endfacet
  facet normal -0.227165 0.973856 0
    outer loop
      vertex -14.1118 -15.9489 0
      vertex -14.2074 -15.9712 2.6
      vertex -14.1118 -15.9489 2.6
    endloop
  endfacet
  facet normal -0.227165 0.973856 0
    outer loop
      vertex -14.2074 -15.9712 2.6
      vertex -14.1118 -15.9489 0
      vertex -14.2074 -15.9712 0
    endloop
  endfacet
  facet normal -0.290149 0.956982 0
    outer loop
      vertex -14.0178 -15.9204 0
      vertex -14.1118 -15.9489 2.6
      vertex -14.0178 -15.9204 2.6
    endloop
  endfacet
  facet normal -0.290149 0.956982 0
    outer loop
      vertex -14.1118 -15.9489 2.6
      vertex -14.0178 -15.9204 0
      vertex -14.1118 -15.9489 0
    endloop
  endfacet
  facet normal 0 0 -1
    outer loop
      vertex -13.2528 -15.3334 2.6
      vertex -13.2 -15.2482 2.6
      vertex -13.201 -15.25 2.6
    endloop
  endfacet
  facet normal -0 0 -1
    outer loop
      vertex -13.2 -15.2482 2.6
      vertex -15 -15.9137 2.6
      vertex -13.2 -8.7518 2.6
    endloop
  endfacet
  facet normal 0 0 -1
    outer loop
      vertex -13.2 -15.2482 2.6
      vertex -13.2528 -15.3334 2.6
      vertex -15 -15.9137 2.6
    endloop
  endfacet
  facet normal 0 0 -1
    outer loop
      vertex -15 -8.08632 2.6
      vertex -13.2 -8.7518 2.6
      vertex -15 -15.9137 2.6
    endloop
  endfacet
  facet normal 0 0 -1
    outer loop
      vertex -15 -15.9137 2.6
      vertex -13.2528 -15.3334 2.6
      vertex -13.31 -15.4131 2.6
    endloop
  endfacet
  facet normal -0 -0 -1
    outer loop
      vertex -13.2528 -8.66664 2.6
      vertex -13.2 -8.7518 2.6
      vertex -15 -8.08632 2.6
    endloop
  endfacet
  facet normal 0 0 -1
    outer loop
      vertex -15 -15.9137 2.6
      vertex -13.31 -15.4131 2.6
      vertex -13.3722 -15.489 2.6
    endloop
  endfacet
  facet normal 0 0 -1
    outer loop
      vertex -13.2 -8.7518 2.6
      vertex -13.2528 -8.66664 2.6
      vertex -13.201 -8.75 2.6
    endloop
  endfacet
  facet normal 0 0 -1
    outer loop
      vertex -15 -15.9137 2.6
      vertex -13.3722 -15.489 2.6
      vertex -13.4393 -15.5607 2.6
    endloop
  endfacet
  facet normal 0 0 -1
    outer loop
      vertex -13.2528 -8.66664 2.6
      vertex -15 -8.08632 2.6
      vertex -13.31 -8.58686 2.6
    endloop
  endfacet
  facet normal 0 0 -1
    outer loop
      vertex -15 -15.9137 2.6
      vertex -13.4393 -15.5607 2.6
      vertex -13.511 -15.6278 2.6
    endloop
  endfacet
  facet normal 0 0 -1
    outer loop
      vertex -13.31 -8.58686 2.6
      vertex -15 -8.08632 2.6
      vertex -13.3722 -8.51098 2.6
    endloop
  endfacet
  facet normal 0 0 -1
    outer loop
      vertex -15 -15.9137 2.6
      vertex -13.511 -15.6278 2.6
      vertex -13.5869 -15.69 2.6
    endloop
  endfacet
  facet normal 0 0 -1
    outer loop
      vertex -13.3722 -8.51098 2.6
      vertex -15 -8.08632 2.6
      vertex -13.4393 -8.43934 2.6
    endloop
  endfacet
  facet normal 0 0 -1
    outer loop
      vertex -15 -15.9137 2.6
      vertex -13.5869 -15.69 2.6
      vertex -13.6666 -15.7472 2.6
    endloop
  endfacet
  facet normal 0 0 -1
    outer loop
      vertex -13.4393 -8.43934 2.6
      vertex -15 -8.08632 2.6
      vertex -13.511 -8.37224 2.6
    endloop
  endfacet
  facet normal 0 0 -1
    outer loop
      vertex -15 -15.9137 2.6
      vertex -13.6666 -15.7472 2.6
      vertex -13.75 -15.799 2.6
    endloop
  endfacet
  facet normal 0 0 -1
    outer loop
      vertex -13.511 -8.37224 2.6
      vertex -15 -8.08632 2.6
      vertex -13.5869 -8.30997 2.6
    endloop
  endfacet
  facet normal 0 0 -1
    outer loop
      vertex -15 -15.9137 2.6
      vertex -13.75 -15.799 2.6
      vertex -13.8366 -15.8453 2.6
    endloop
  endfacet
  facet normal 0 0 -1
    outer loop
      vertex -13.5869 -8.30997 2.6
      vertex -15 -8.08632 2.6
      vertex -13.6666 -8.2528 2.6
    endloop
  endfacet
  facet normal 0 0 -1
    outer loop
      vertex -15 -15.9137 2.6
      vertex -13.8366 -15.8453 2.6
      vertex -13.926 -15.8858 2.6
    endloop
  endfacet
  facet normal 0 0 -1
    outer loop
      vertex -13.6666 -8.2528 2.6
      vertex -15 -8.08632 2.6
      vertex -13.75 -8.20096 2.6
    endloop
  endfacet
  facet normal 0 0 -1
    outer loop
      vertex -15 -15.9137 2.6
      vertex -13.926 -15.8858 2.6
      vertex -14.0178 -15.9204 2.6
    endloop
  endfacet
  facet normal 0 0 -1
    outer loop
      vertex -13.75 -8.20096 2.6
      vertex -15 -8.08632 2.6
      vertex -13.8366 -8.15469 2.6
    endloop
  endfacet
  facet normal 0 0 -1
    outer loop
      vertex -15 -15.9137 2.6
      vertex -14.0178 -15.9204 2.6
      vertex -14.1118 -15.9489 2.6
    endloop
  endfacet
  facet normal 0 0 -1
    outer loop
      vertex -13.8366 -8.15469 2.6
      vertex -15 -8.08632 2.6
      vertex -13.926 -8.11418 2.6
    endloop
  endfacet
  facet normal 0 0 -1
    outer loop
      vertex -15 -15.9137 2.6
      vertex -14.1118 -15.9489 2.6
      vertex -14.2074 -15.9712 2.6
    endloop
  endfacet
  facet normal 0 0 -1
    outer loop
      vertex -13.926 -8.11418 2.6
      vertex -15 -8.08632 2.6
      vertex -14.0178 -8.0796 2.6
    endloop
  endfacet
  facet normal 0 0 -1
    outer loop
      vertex -15 -15.9137 2.6
      vertex -14.2074 -15.9712 2.6
      vertex -14.3042 -15.9872 2.6
    endloop
  endfacet
  facet normal -0 0 -1
    outer loop
      vertex -14.0178 -8.0796 2.6
      vertex -15 -8.08632 2.6
      vertex -14.1118 -8.05111 2.6
    endloop
  endfacet
  facet normal 0 0 -1
    outer loop
      vertex -15 -15.9137 2.6
      vertex -14.3042 -15.9872 2.6
      vertex -14.4019 -15.9968 2.6
    endloop
  endfacet
  facet normal -0 0 -1
    outer loop
      vertex -14.1118 -8.05111 2.6
      vertex -15 -8.08632 2.6
      vertex -14.2074 -8.02882 2.6
    endloop
  endfacet
  facet normal 0 0 -1
    outer loop
      vertex -15 -15.9137 2.6
      vertex -14.4019 -15.9968 2.6
      vertex -14.5 -16 2.6
    endloop
  endfacet
  facet normal -0 0 -1
    outer loop
      vertex -14.2074 -8.02882 2.6
      vertex -15 -8.08632 2.6
      vertex -14.3042 -8.01283 2.6
    endloop
  endfacet
  facet normal 0 0 -1
    outer loop
      vertex -15 -15.9137 2.6
      vertex -14.5 -16 2.6
      vertex -14.5981 -15.9968 2.6
    endloop
  endfacet
  facet normal -0 0 -1
    outer loop
      vertex -14.3042 -8.01283 2.6
      vertex -15 -8.08632 2.6
      vertex -14.4019 -8.00321 2.6
    endloop
  endfacet
  facet normal 0 0 -1
    outer loop
      vertex -15 -15.9137 2.6
      vertex -14.5981 -15.9968 2.6
      vertex -14.6958 -15.9872 2.6
    endloop
  endfacet
  facet normal -0 0 -1
    outer loop
      vertex -14.4019 -8.00321 2.6
      vertex -15 -8.08632 2.6
      vertex -14.5 -8 2.6
    endloop
  endfacet
  facet normal 0 0 -1
    outer loop
      vertex -15 -15.9137 2.6
      vertex -14.6958 -15.9872 2.6
      vertex -14.7926 -15.9712 2.6
    endloop
  endfacet
  facet normal 0 0 -1
    outer loop
      vertex -14.5 -8 2.6
      vertex -15 -8.08632 2.6
      vertex -14.5981 -8.00321 2.6
    endloop
  endfacet
  facet normal 0 0 -1
    outer loop
      vertex -15 -15.9137 2.6
      vertex -14.7926 -15.9712 2.6
      vertex -14.8882 -15.9489 2.6
    endloop
  endfacet
  facet normal 0 0 -1
    outer loop
      vertex -14.5981 -8.00321 2.6
      vertex -15 -8.08632 2.6
      vertex -14.6958 -8.01283 2.6
    endloop
  endfacet
  facet normal 0 0 -1
    outer loop
      vertex -15 -15.9137 2.6
      vertex -14.8882 -15.9489 2.6
      vertex -14.9822 -15.9204 2.6
    endloop
  endfacet
  facet normal 0 0 -1
    outer loop
      vertex -14.6958 -8.01283 2.6
      vertex -15 -8.08632 2.6
      vertex -14.7926 -8.02882 2.6
    endloop
  endfacet
  facet normal 0 0 -1
    outer loop
      vertex -14.7926 -8.02882 2.6
      vertex -15 -8.08632 2.6
      vertex -14.8882 -8.05111 2.6
    endloop
  endfacet
  facet normal 0 0 -1
    outer loop
      vertex -14.8882 -8.05111 2.6
      vertex -15 -8.08632 2.6
      vertex -14.9822 -8.0796 2.6
    endloop
  endfacet
  facet normal 0.0326024 0.999468 -0
    outer loop
      vertex -14.5 -16 0
      vertex -14.5981 -15.9968 2.6
      vertex -14.5 -16 2.6
    endloop
  endfacet
  facet normal 0.0326024 0.999468 0
    outer loop
      vertex -14.5981 -15.9968 2.6
      vertex -14.5 -16 0
      vertex -14.5981 -15.9968 0
    endloop
  endfacet
  facet normal -0.582867 -0.812568 0
    outer loop
      vertex -13.6666 -8.2528 0
      vertex -13.5869 -8.30997 2.6
      vertex -13.6666 -8.2528 2.6
    endloop
  endfacet
  facet normal -0.582867 -0.812568 -0
    outer loop
      vertex -13.5869 -8.30997 2.6
      vertex -13.6666 -8.2528 0
      vertex -13.5869 -8.30997 0
    endloop
  endfacet
  facet normal 0.290149 0.956982 -0
    outer loop
      vertex -14.8882 -15.9489 0
      vertex -14.9822 -15.9204 2.6
      vertex -14.8882 -15.9489 2.6
    endloop
  endfacet
  facet normal 0.290149 0.956982 0
    outer loop
      vertex -14.9822 -15.9204 2.6
      vertex -14.8882 -15.9489 0
      vertex -14.9822 -15.9204 0
    endloop
  endfacet
  facet normal 0.683297 -0.73014 0
    outer loop
      vertex -15.5607 -8.43934 0
      vertex -15.489 -8.37224 2.5
      vertex -15.5607 -8.43934 2.5
    endloop
  endfacet
  facet normal 0.683297 -0.73014 0
    outer loop
      vertex -15.489 -8.37224 2.5
      vertex -15.5607 -8.43934 0
      vertex -15.489 -8.37224 0
    endloop
  endfacet
  facet normal 0.352276 0.935896 0
    outer loop
      vertex -14.9822 -15.9204 2.6
      vertex -15 -15.9137 2.5
      vertex -15 -15.9137 2.6
    endloop
  endfacet
  facet normal 0.352276 0.935896 -0
    outer loop
      vertex -14.9822 -15.9204 0
      vertex -15 -15.9137 2.5
      vertex -14.9822 -15.9204 2.6
    endloop
  endfacet
  facet normal 0.352786 0.935704 4.14745e-06
    outer loop
      vertex -14.9822 -15.9204 0
      vertex -15.074 -15.8858 2.5
      vertex -15 -15.9137 2.5
    endloop
  endfacet
  facet normal 0.352687 0.935741 0
    outer loop
      vertex -15.074 -15.8858 2.5
      vertex -14.9822 -15.9204 0
      vertex -15.074 -15.8858 0
    endloop
  endfacet
  facet normal -0.773376 -0.633948 0
    outer loop
      vertex -13.31 -8.58686 0
      vertex -13.3722 -8.51098 2.6
      vertex -13.3722 -8.51098 0
    endloop
  endfacet
  facet normal -0.773376 -0.633948 0
    outer loop
      vertex -13.3722 -8.51098 2.6
      vertex -13.31 -8.58686 0
      vertex -13.31 -8.58686 2.6
    endloop
  endfacet
  facet normal -0.73014 0.683297 0
    outer loop
      vertex -13.4393 -15.5607 0
      vertex -13.3722 -15.489 2.6
      vertex -13.3722 -15.489 0
    endloop
  endfacet
  facet normal -0.73014 0.683297 0
    outer loop
      vertex -13.3722 -15.489 2.6
      vertex -13.4393 -15.5607 0
      vertex -13.4393 -15.5607 2.6
    endloop
  endfacet
  facet normal 0.986613 0.163077 0
    outer loop
      vertex -15.9712 -14.7926 2.5
      vertex -15.9872 -14.6958 0
      vertex -15.9872 -14.6958 2.5
    endloop
  endfacet
  facet normal 0.986613 0.163077 0
    outer loop
      vertex -15.9872 -14.6958 0
      vertex -15.9712 -14.7926 2.5
      vertex -15.9712 -14.7926 0
    endloop
  endfacet
  facet normal 0.973856 0.227165 0
    outer loop
      vertex -15.9489 -14.8882 2.5
      vertex -15.9712 -14.7926 0
      vertex -15.9712 -14.7926 2.5
    endloop
  endfacet
  facet normal 0.973856 0.227165 0
    outer loop
      vertex -15.9712 -14.7926 0
      vertex -15.9489 -14.8882 2.5
      vertex -15.9489 -14.8882 0
    endloop
  endfacet
  facet normal -0.812423 0.583069 0
    outer loop
      vertex -13.31 -15.4131 0
      vertex -13.2528 -15.3334 2.6
      vertex -13.2528 -15.3334 0
    endloop
  endfacet
  facet normal -0.812423 0.583069 0
    outer loop
      vertex -13.2528 -15.3334 2.6
      vertex -13.31 -15.4131 0
      vertex -13.31 -15.4131 2.6
    endloop
  endfacet
  facet normal -0.0326024 0.999468 0
    outer loop
      vertex -14.4019 -15.9968 0
      vertex -14.5 -16 2.6
      vertex -14.4019 -15.9968 2.6
    endloop
  endfacet
  facet normal -0.0326024 0.999468 0
    outer loop
      vertex -14.5 -16 2.6
      vertex -14.4019 -15.9968 0
      vertex -14.5 -16 0
    endloop
  endfacet
  facet normal 0.683297 0.73014 -0
    outer loop
      vertex 13.511 -15.6278 0
      vertex 13.4393 -15.5607 2.6
      vertex 13.511 -15.6278 2.6
    endloop
  endfacet
  facet normal 0.683297 0.73014 0
    outer loop
      vertex 13.4393 -15.5607 2.6
      vertex 13.511 -15.6278 0
      vertex 13.4393 -15.5607 0
    endloop
  endfacet
  facet normal -0.683297 0.73014 0
    outer loop
      vertex 15.5607 -15.5607 0
      vertex 15.489 -15.6278 2.5
      vertex 15.5607 -15.5607 2.5
    endloop
  endfacet
  facet normal -0.683297 0.73014 0
    outer loop
      vertex 15.489 -15.6278 2.5
      vertex 15.5607 -15.5607 0
      vertex 15.489 -15.6278 0
    endloop
  endfacet
  facet normal 0.471249 -0.882 0
    outer loop
      vertex 13.75 -8.20096 0
      vertex 13.8366 -8.15469 2.6
      vertex 13.75 -8.20096 2.6
    endloop
  endfacet
  facet normal 0.471249 -0.882 0
    outer loop
      vertex 13.8366 -8.15469 2.6
      vertex 13.75 -8.20096 0
      vertex 13.8366 -8.15469 0
    endloop
  endfacet
  facet normal -0.163077 0.986613 0
    outer loop
      vertex 14.7926 -15.9712 0
      vertex 14.6958 -15.9872 2.6
      vertex 14.7926 -15.9712 2.6
    endloop
  endfacet
  facet normal -0.163077 0.986613 0
    outer loop
      vertex 14.6958 -15.9872 2.6
      vertex 14.7926 -15.9712 0
      vertex 14.6958 -15.9872 0
    endloop
  endfacet
  facet normal 0.52791 -0.8493 0
    outer loop
      vertex 13.6666 -8.2528 0
      vertex 13.75 -8.20096 2.6
      vertex 13.6666 -8.2528 2.6
    endloop
  endfacet
  facet normal 0.52791 -0.8493 0
    outer loop
      vertex 13.75 -8.20096 2.6
      vertex 13.6666 -8.2528 0
      vertex 13.75 -8.20096 0
    endloop
  endfacet
  facet normal -0.0327042 -0.999465 0
    outer loop
      vertex 14.5 -8 0
      vertex 14.5981 -8.00321 2.6
      vertex 14.5 -8 2.6
    endloop
  endfacet
  facet normal -0.0327042 -0.999465 -0
    outer loop
      vertex 14.5981 -8.00321 2.6
      vertex 14.5 -8 0
      vertex 14.5981 -8.00321 0
    endloop
  endfacet
  facet normal 1 -0 0
    outer loop
      vertex 13 -14.5 1.7
      vertex 13 -9.5 0
      vertex 13 -9.5 1.7
    endloop
  endfacet
  facet normal 1 0 0
    outer loop
      vertex 13 -9.5 0
      vertex 13 -14.5 1.7
      vertex 13 -14.5 0
    endloop
  endfacet
  facet normal 0.812423 0.583069 0
    outer loop
      vertex 13.31 -15.4131 2.6
      vertex 13.2528 -15.3334 0
      vertex 13.2528 -15.3334 2.6
    endloop
  endfacet
  facet normal 0.812423 0.583069 0
    outer loop
      vertex 13.2528 -15.3334 0
      vertex 13.31 -15.4131 2.6
      vertex 13.31 -15.4131 0
    endloop
  endfacet
  facet normal -0.986613 0.163077 0
    outer loop
      vertex 15.9712 -14.7926 0
      vertex 15.9872 -14.6958 2.5
      vertex 15.9872 -14.6958 0
    endloop
  endfacet
  facet normal -0.986613 0.163077 0
    outer loop
      vertex 15.9872 -14.6958 2.5
      vertex 15.9712 -14.7926 0
      vertex 15.9712 -14.7926 2.5
    endloop
  endfacet
  facet normal 0.849369 -0.527799 0
    outer loop
      vertex 13.201 -8.75 2.6
      vertex 13.2528 -8.66664 0
      vertex 13.2528 -8.66664 2.6
    endloop
  endfacet
  facet normal 0.849369 -0.527799 0
    outer loop
      vertex 13.2528 -8.66664 0
      vertex 13.201 -8.75 2.6
      vertex 13.201 -8.75 0
    endloop
  endfacet
  facet normal -0.290055 -0.95701 0
    outer loop
      vertex 14.8882 -8.05111 0
      vertex 14.9822 -8.0796 2.6
      vertex 14.8882 -8.05111 2.6
    endloop
  endfacet
  facet normal -0.290055 -0.95701 -0
    outer loop
      vertex 14.9822 -8.0796 2.6
      vertex 14.8882 -8.05111 0
      vertex 14.9822 -8.0796 0
    endloop
  endfacet
  facet normal -0.995205 -0.0978089 0
    outer loop
      vertex 15.9968 -9.40189 0
      vertex 15.9872 -9.30421 2.5
      vertex 15.9872 -9.30421 0
    endloop
  endfacet
  facet normal -0.995205 -0.0978089 0
    outer loop
      vertex 15.9872 -9.30421 2.5
      vertex 15.9968 -9.40189 0
      vertex 15.9968 -9.40189 2.5
    endloop
  endfacet
  facet normal -0.773458 0.633848 0
    outer loop
      vertex 15.6278 -15.489 0
      vertex 15.69 -15.4131 2.5
      vertex 15.69 -15.4131 0
    endloop
  endfacet
  facet normal -0.773458 0.633848 0
    outer loop
      vertex 15.69 -15.4131 2.5
      vertex 15.6278 -15.489 0
      vertex 15.6278 -15.489 2.5
    endloop
  endfacet
  facet normal 0.227165 0.973856 -0
    outer loop
      vertex 14.2074 -15.9712 0
      vertex 14.1118 -15.9489 2.6
      vertex 14.2074 -15.9712 2.6
    endloop
  endfacet
  facet normal 0.227165 0.973856 0
    outer loop
      vertex 14.1118 -15.9489 2.6
      vertex 14.2074 -15.9712 0
      vertex 14.1118 -15.9489 0
    endloop
  endfacet
  facet normal -0.729855 -0.683602 0
    outer loop
      vertex 15.6278 -8.51098 0
      vertex 15.5607 -8.43934 2.5
      vertex 15.5607 -8.43934 0
    endloop
  endfacet
  facet normal -0.729855 -0.683602 0
    outer loop
      vertex 15.5607 -8.43934 2.5
      vertex 15.6278 -8.51098 0
      vertex 15.6278 -8.51098 2.5
    endloop
  endfacet
  facet normal -0.162977 -0.98663 0
    outer loop
      vertex 14.6958 -8.01283 0
      vertex 14.7926 -8.02882 2.6
      vertex 14.6958 -8.01283 2.6
    endloop
  endfacet
  facet normal -0.162977 -0.98663 -0
    outer loop
      vertex 14.7926 -8.02882 2.6
      vertex 14.6958 -8.01283 0
      vertex 14.7926 -8.02882 0
    endloop
  endfacet
  facet normal 0.999468 0.0326024 0
    outer loop
      vertex 13.0032 -14.5981 1.7
      vertex 13 -14.5 0
      vertex 13 -14.5 1.7
    endloop
  endfacet
  facet normal 0.999468 0.0326024 0
    outer loop
      vertex 13 -14.5 0
      vertex 13.0032 -14.5981 1.7
      vertex 13.0032 -14.5981 0
    endloop
  endfacet
  facet normal -0.999469 -0.0325991 0
    outer loop
      vertex 16 -9.5 0
      vertex 15.9968 -9.40189 2.5
      vertex 15.9968 -9.40189 0
    endloop
  endfacet
  facet normal -0.999469 -0.0325991 0
    outer loop
      vertex 15.9968 -9.40189 2.5
      vertex 16 -9.5 0
      vertex 16 -9.5 2.5
    endloop
  endfacet
  facet normal -0.986627 -0.162995 0
    outer loop
      vertex 15.9872 -9.30421 0
      vertex 15.9712 -9.20736 2.5
      vertex 15.9712 -9.20736 0
    endloop
  endfacet
  facet normal -0.986627 -0.162995 0
    outer loop
      vertex 15.9712 -9.20736 2.5
      vertex 15.9872 -9.30421 0
      vertex 15.9872 -9.30421 2.5
    endloop
  endfacet
  facet normal 0.162977 -0.98663 0
    outer loop
      vertex 14.2074 -8.02882 0
      vertex 14.3042 -8.01283 2.6
      vertex 14.2074 -8.02882 2.6
    endloop
  endfacet
  facet normal 0.162977 -0.98663 0
    outer loop
      vertex 14.3042 -8.01283 2.6
      vertex 14.2074 -8.02882 0
      vertex 14.3042 -8.01283 0
    endloop
  endfacet
  facet normal -0.999468 0.0326024 0
    outer loop
      vertex 15.9968 -14.5981 0
      vertex 16 -14.5 2.5
      vertex 16 -14.5 0
    endloop
  endfacet
  facet normal -0.999468 0.0326024 0
    outer loop
      vertex 16 -14.5 2.5
      vertex 15.9968 -14.5981 0
      vertex 15.9968 -14.5981 2.5
    endloop
  endfacet
  facet normal 0.995205 -0.0978089 0
    outer loop
      vertex 13.0032 -9.40189 1.7
      vertex 13.0128 -9.30421 0
      vertex 13.0128 -9.30421 1.7
    endloop
  endfacet
  facet normal 0.995205 -0.0978089 0
    outer loop
      vertex 13.0128 -9.30421 0
      vertex 13.0032 -9.40189 1.7
      vertex 13.0032 -9.40189 0
    endloop
  endfacet
  facet normal 0.683297 -0.73014 0
    outer loop
      vertex 13.4393 -8.43934 0
      vertex 13.511 -8.37224 2.6
      vertex 13.4393 -8.43934 2.6
    endloop
  endfacet
  facet normal 0.683297 -0.73014 0
    outer loop
      vertex 13.511 -8.37224 2.6
      vertex 13.4393 -8.43934 0
      vertex 13.511 -8.37224 0
    endloop
  endfacet
  facet normal 0.93583 -0.352452 0
    outer loop
      vertex 13.0796 -9.01784 1.7
      vertex 13.1142 -8.92597 0
      vertex 13.1142 -8.92597 1.7
    endloop
  endfacet
  facet normal 0.93583 -0.352452 0
    outer loop
      vertex 13.1142 -8.92597 0
      vertex 13.0796 -9.01784 1.7
      vertex 13.0796 -9.01784 0
    endloop
  endfacet
  facet normal -0.849483 0.527616 0
    outer loop
      vertex 15.7472 -15.3334 0
      vertex 15.799 -15.25 2.5
      vertex 15.799 -15.25 0
    endloop
  endfacet
  facet normal -0.849483 0.527616 0
    outer loop
      vertex 15.799 -15.25 2.5
      vertex 15.7472 -15.3334 0
      vertex 15.7472 -15.3334 2.5
    endloop
  endfacet
  facet normal 0.527616 0.849483 -0
    outer loop
      vertex 13.75 -15.799 0
      vertex 13.6666 -15.7472 2.6
      vertex 13.75 -15.799 2.6
    endloop
  endfacet
  facet normal 0.527616 0.849483 0
    outer loop
      vertex 13.6666 -15.7472 2.6
      vertex 13.75 -15.799 0
      vertex 13.6666 -15.7472 0
    endloop
  endfacet
  facet normal 0.910889 -0.412651 0
    outer loop
      vertex 13.1142 -8.92597 1.7
      vertex 13.1547 -8.83657 0
      vertex 13.1547 -8.83657 1.7
    endloop
  endfacet
  facet normal 0.910889 -0.412651 0
    outer loop
      vertex 13.1547 -8.83657 0
      vertex 13.1142 -8.92597 1.7
      vertex 13.1142 -8.92597 0
    endloop
  endfacet
  facet normal -0.353196 -0.935549 0
    outer loop
      vertex 14.9822 -8.0796 2.6
      vertex 15 -8.08632 2.5
      vertex 15 -8.08632 2.6
    endloop
  endfacet
  facet normal -0.353196 -0.935549 0
    outer loop
      vertex 14.9822 -8.0796 0
      vertex 15 -8.08632 2.5
      vertex 14.9822 -8.0796 2.6
    endloop
  endfacet
  facet normal -0.352343 -0.935871 -6.94062e-06
    outer loop
      vertex 14.9822 -8.0796 0
      vertex 15.074 -8.11418 2.5
      vertex 15 -8.08632 2.5
    endloop
  endfacet
  facet normal -0.352508 -0.935809 -0
    outer loop
      vertex 15.074 -8.11418 2.5
      vertex 14.9822 -8.0796 0
      vertex 15.074 -8.11418 0
    endloop
  endfacet
  facet normal 0.995207 0.097789 0
    outer loop
      vertex 13.0128 -14.6958 1.7
      vertex 13.0032 -14.5981 0
      vertex 13.0032 -14.5981 1.7
    endloop
  endfacet
  facet normal 0.995207 0.097789 0
    outer loop
      vertex 13.0032 -14.5981 0
      vertex 13.0128 -14.6958 1.7
      vertex 13.0128 -14.6958 0
    endloop
  endfacet
  facet normal -0.910889 -0.412651 0
    outer loop
      vertex 15.8858 -8.92597 0
      vertex 15.8453 -8.83657 2.5
      vertex 15.8453 -8.83657 0
    endloop
  endfacet
  facet normal -0.910889 -0.412651 0
    outer loop
      vertex 15.8453 -8.83657 2.5
      vertex 15.8858 -8.92597 0
      vertex 15.8858 -8.92597 2.5
    endloop
  endfacet
  facet normal 0.999469 -0.0325991 0
    outer loop
      vertex 13 -9.5 1.7
      vertex 13.0032 -9.40189 0
      vertex 13.0032 -9.40189 1.7
    endloop
  endfacet
  facet normal 0.999469 -0.0325991 0
    outer loop
      vertex 13.0032 -9.40189 0
      vertex 13 -9.5 1.7
      vertex 13 -9.5 0
    endloop
  endfacet
  facet normal 0.412736 -0.910851 0
    outer loop
      vertex 13.8366 -8.15469 0
      vertex 13.926 -8.11418 2.6
      vertex 13.8366 -8.15469 2.6
    endloop
  endfacet
  facet normal 0.412736 -0.910851 0
    outer loop
      vertex 13.926 -8.11418 2.6
      vertex 13.8366 -8.15469 0
      vertex 13.926 -8.11418 0
    endloop
  endfacet
  facet normal -0.352786 0.935704 0
    outer loop
      vertex 15.074 -15.8858 2.5
      vertex 15.074 -15.8858 0
      vertex 15 -15.9137 2.5
    endloop
  endfacet
  facet normal -0.352276 0.935896 0
    outer loop
      vertex 15 -15.9137 2.5
      vertex 14.9822 -15.9204 2.6
      vertex 15 -15.9137 2.6
    endloop
  endfacet
  facet normal -0.352687 0.935741 3.34339e-06
    outer loop
      vertex 14.9822 -15.9204 0
      vertex 15 -15.9137 2.5
      vertex 15.074 -15.8858 0
    endloop
  endfacet
  facet normal -0.352276 0.935896 0
    outer loop
      vertex 15 -15.9137 2.5
      vertex 14.9822 -15.9204 0
      vertex 14.9822 -15.9204 2.6
    endloop
  endfacet
  facet normal 0.874157 -0.485643 0
    outer loop
      vertex 13.2 -8.7518 1.7
      vertex 13.201 -8.75 2.6
      vertex 13.2 -8.7518 2.6
    endloop
  endfacet
  facet normal 0.874157 -0.485643 0
    outer loop
      vertex 13.201 -8.75 2.6
      vertex 13.2 -8.7518 1.7
      vertex 13.201 -8.75 0
    endloop
  endfacet
  facet normal 0.881967 -0.471312 1.9768e-05
    outer loop
      vertex 13.1547 -8.83657 1.7
      vertex 13.201 -8.75 0
      vertex 13.2 -8.7518 1.7
    endloop
  endfacet
  facet normal 0.881805 -0.471614 0
    outer loop
      vertex 13.201 -8.75 0
      vertex 13.1547 -8.83657 1.7
      vertex 13.1547 -8.83657 0
    endloop
  endfacet
  facet normal 0.471487 0.881873 -0
    outer loop
      vertex 13.8366 -15.8453 0
      vertex 13.75 -15.799 2.6
      vertex 13.8366 -15.8453 2.6
    endloop
  endfacet
  facet normal 0.471487 0.881873 0
    outer loop
      vertex 13.75 -15.799 2.6
      vertex 13.8366 -15.8453 0
      vertex 13.75 -15.799 0
    endloop
  endfacet
  facet normal 0.412651 0.910889 -0
    outer loop
      vertex 13.926 -15.8858 0
      vertex 13.8366 -15.8453 2.6
      vertex 13.926 -15.8858 2.6
    endloop
  endfacet
  facet normal 0.412651 0.910889 0
    outer loop
      vertex 13.8366 -15.8453 2.6
      vertex 13.926 -15.8858 0
      vertex 13.8366 -15.8453 0
    endloop
  endfacet
  facet normal -0.956922 -0.290347 0
    outer loop
      vertex 15.9489 -9.11177 0
      vertex 15.9204 -9.01784 2.5
      vertex 15.9204 -9.01784 0
    endloop
  endfacet
  facet normal -0.956922 -0.290347 0
    outer loop
      vertex 15.9204 -9.01784 2.5
      vertex 15.9489 -9.11177 0
      vertex 15.9489 -9.11177 2.5
    endloop
  endfacet
  facet normal -0.995207 0.097789 0
    outer loop
      vertex 15.9872 -14.6958 0
      vertex 15.9968 -14.5981 2.5
      vertex 15.9968 -14.5981 0
    endloop
  endfacet
  facet normal -0.995207 0.097789 0
    outer loop
      vertex 15.9968 -14.5981 2.5
      vertex 15.9872 -14.6958 0
      vertex 15.9872 -14.6958 2.5
    endloop
  endfacet
  facet normal -0.227069 -0.973879 0
    outer loop
      vertex 14.7926 -8.02882 0
      vertex 14.8882 -8.05111 2.6
      vertex 14.7926 -8.02882 2.6
    endloop
  endfacet
  facet normal -0.227069 -0.973879 -0
    outer loop
      vertex 14.8882 -8.05111 2.6
      vertex 14.7926 -8.02882 0
      vertex 14.8882 -8.05111 0
    endloop
  endfacet
  facet normal -0.527616 0.849483 0
    outer loop
      vertex 15.3334 -15.7472 0
      vertex 15.25 -15.799 2.5
      vertex 15.3334 -15.7472 2.5
    endloop
  endfacet
  facet normal -0.527616 0.849483 0
    outer loop
      vertex 15.25 -15.799 2.5
      vertex 15.3334 -15.7472 0
      vertex 15.25 -15.799 0
    endloop
  endfacet
  facet normal 0.634274 -0.773108 0
    outer loop
      vertex 13.511 -8.37224 0
      vertex 13.5869 -8.30997 2.6
      vertex 13.511 -8.37224 2.6
    endloop
  endfacet
  facet normal 0.634274 -0.773108 0
    outer loop
      vertex 13.5869 -8.30997 2.6
      vertex 13.511 -8.37224 0
      vertex 13.5869 -8.30997 0
    endloop
  endfacet
  facet normal 0.8127 -0.582683 0
    outer loop
      vertex 13.2528 -8.66664 2.6
      vertex 13.31 -8.58686 0
      vertex 13.31 -8.58686 2.6
    endloop
  endfacet
  facet normal 0.8127 -0.582683 0
    outer loop
      vertex 13.31 -8.58686 0
      vertex 13.2528 -8.66664 2.6
      vertex 13.2528 -8.66664 0
    endloop
  endfacet
  facet normal -0.097789 0.995207 0
    outer loop
      vertex 14.6958 -15.9872 0
      vertex 14.5981 -15.9968 2.6
      vertex 14.6958 -15.9872 2.6
    endloop
  endfacet
  facet normal -0.097789 0.995207 0
    outer loop
      vertex 14.5981 -15.9968 2.6
      vertex 14.6958 -15.9872 0
      vertex 14.5981 -15.9968 0
    endloop
  endfacet
  facet normal -0.471487 0.881873 0
    outer loop
      vertex 15.25 -15.799 0
      vertex 15.1634 -15.8453 2.5
      vertex 15.25 -15.799 2.5
    endloop
  endfacet
  facet normal -0.471487 0.881873 0
    outer loop
      vertex 15.1634 -15.8453 2.5
      vertex 15.25 -15.799 0
      vertex 15.1634 -15.8453 0
    endloop
  endfacet
  facet normal -0.52791 -0.8493 0
    outer loop
      vertex 15.25 -8.20096 0
      vertex 15.3334 -8.2528 2.5
      vertex 15.25 -8.20096 2.5
    endloop
  endfacet
  facet normal -0.52791 -0.8493 -0
    outer loop
      vertex 15.3334 -8.2528 2.5
      vertex 15.25 -8.20096 0
      vertex 15.3334 -8.2528 0
    endloop
  endfacet
  facet normal 0.583069 0.812423 -0
    outer loop
      vertex 13.6666 -15.7472 0
      vertex 13.5869 -15.69 2.6
      vertex 13.6666 -15.7472 2.6
    endloop
  endfacet
  facet normal 0.583069 0.812423 0
    outer loop
      vertex 13.5869 -15.69 2.6
      vertex 13.6666 -15.7472 0
      vertex 13.5869 -15.69 0
    endloop
  endfacet
  facet normal -0.93583 -0.352452 0
    outer loop
      vertex 15.9204 -9.01784 0
      vertex 15.8858 -8.92597 2.5
      vertex 15.8858 -8.92597 0
    endloop
  endfacet
  facet normal -0.93583 -0.352452 0
    outer loop
      vertex 15.8858 -8.92597 2.5
      vertex 15.9204 -9.01784 0
      vertex 15.9204 -9.01784 2.5
    endloop
  endfacet
  facet normal -1 0 0
    outer loop
      vertex 16 -14.5 0
      vertex 16 -9.5 2.5
      vertex 16 -9.5 0
    endloop
  endfacet
  facet normal -1 -0 0
    outer loop
      vertex 16 -9.5 2.5
      vertex 16 -14.5 0
      vertex 16 -14.5 2.5
    endloop
  endfacet
  facet normal 0.73014 0.683297 0
    outer loop
      vertex 13.4393 -15.5607 2.6
      vertex 13.3722 -15.489 0
      vertex 13.3722 -15.489 2.6
    endloop
  endfacet
  facet normal 0.73014 0.683297 0
    outer loop
      vertex 13.3722 -15.489 0
      vertex 13.4393 -15.5607 2.6
      vertex 13.4393 -15.5607 0
    endloop
  endfacet
  facet normal -0.412651 0.910889 0
    outer loop
      vertex 15.1634 -15.8453 0
      vertex 15.074 -15.8858 2.5
      vertex 15.1634 -15.8453 2.5
    endloop
  endfacet
  facet normal -0.412651 0.910889 0
    outer loop
      vertex 15.074 -15.8858 2.5
      vertex 15.1634 -15.8453 0
      vertex 15.074 -15.8858 0
    endloop
  endfacet
  facet normal -0.633848 0.773458 0
    outer loop
      vertex 15.489 -15.6278 0
      vertex 15.4131 -15.69 2.5
      vertex 15.489 -15.6278 2.5
    endloop
  endfacet
  facet normal -0.633848 0.773458 0
    outer loop
      vertex 15.4131 -15.69 2.5
      vertex 15.489 -15.6278 0
      vertex 15.4131 -15.69 0
    endloop
  endfacet
  facet normal -0.8127 -0.582683 0
    outer loop
      vertex 15.7472 -8.66664 0
      vertex 15.69 -8.58686 2.5
      vertex 15.69 -8.58686 0
    endloop
  endfacet
  facet normal -0.8127 -0.582683 0
    outer loop
      vertex 15.69 -8.58686 2.5
      vertex 15.7472 -8.66664 0
      vertex 15.7472 -8.66664 2.5
    endloop
  endfacet
  facet normal -0.683297 -0.73014 0
    outer loop
      vertex 15.489 -8.37224 0
      vertex 15.5607 -8.43934 2.5
      vertex 15.489 -8.37224 2.5
    endloop
  endfacet
  facet normal -0.683297 -0.73014 -0
    outer loop
      vertex 15.5607 -8.43934 2.5
      vertex 15.489 -8.37224 0
      vertex 15.5607 -8.43934 0
    endloop
  endfacet
  facet normal 0.986627 -0.162995 0
    outer loop
      vertex 13.0128 -9.30421 1.7
      vertex 13.0288 -9.20736 0
      vertex 13.0288 -9.20736 1.7
    endloop
  endfacet
  facet normal 0.986627 -0.162995 0
    outer loop
      vertex 13.0288 -9.20736 0
      vertex 13.0128 -9.30421 1.7
      vertex 13.0128 -9.30421 0
    endloop
  endfacet
  facet normal -0.0979908 -0.995187 0
    outer loop
      vertex 14.5981 -8.00321 0
      vertex 14.6958 -8.01283 2.6
      vertex 14.5981 -8.00321 2.6
    endloop
  endfacet
  facet normal -0.0979908 -0.995187 -0
    outer loop
      vertex 14.6958 -8.01283 2.6
      vertex 14.5981 -8.00321 0
      vertex 14.6958 -8.01283 0
    endloop
  endfacet
  facet normal -0.582867 -0.812568 0
    outer loop
      vertex 15.3334 -8.2528 0
      vertex 15.4131 -8.30997 2.5
      vertex 15.3334 -8.2528 2.5
    endloop
  endfacet
  facet normal -0.582867 -0.812568 -0
    outer loop
      vertex 15.4131 -8.30997 2.5
      vertex 15.3334 -8.2528 0
      vertex 15.4131 -8.30997 0
    endloop
  endfacet
  facet normal -0.634274 -0.773108 0
    outer loop
      vertex 15.4131 -8.30997 0
      vertex 15.489 -8.37224 2.5
      vertex 15.4131 -8.30997 2.5
    endloop
  endfacet
  facet normal -0.634274 -0.773108 -0
    outer loop
      vertex 15.489 -8.37224 2.5
      vertex 15.4131 -8.30997 0
      vertex 15.489 -8.37224 0
    endloop
  endfacet
  facet normal 0.633848 0.773458 -0
    outer loop
      vertex 13.5869 -15.69 0
      vertex 13.511 -15.6278 2.6
      vertex 13.5869 -15.69 2.6
    endloop
  endfacet
  facet normal 0.633848 0.773458 0
    outer loop
      vertex 13.511 -15.6278 2.6
      vertex 13.5869 -15.69 0
      vertex 13.511 -15.6278 0
    endloop
  endfacet
  facet normal 0.935741 0.352687 0
    outer loop
      vertex 13.1142 -15.074 1.7
      vertex 13.0796 -14.9822 0
      vertex 13.0796 -14.9822 1.7
    endloop
  endfacet
  facet normal 0.935741 0.352687 0
    outer loop
      vertex 13.0796 -14.9822 0
      vertex 13.1142 -15.074 1.7
      vertex 13.1142 -15.074 0
    endloop
  endfacet
  facet normal -0.973851 -0.227188 0
    outer loop
      vertex 15.9712 -9.20736 0
      vertex 15.9489 -9.11177 2.5
      vertex 15.9489 -9.11177 0
    endloop
  endfacet
  facet normal -0.973851 -0.227188 0
    outer loop
      vertex 15.9489 -9.11177 2.5
      vertex 15.9712 -9.20736 0
      vertex 15.9712 -9.20736 2.5
    endloop
  endfacet
  facet normal -0.881873 0.471487 0
    outer loop
      vertex 15.799 -15.25 0
      vertex 15.8453 -15.1634 2.5
      vertex 15.8453 -15.1634 0
    endloop
  endfacet
  facet normal -0.881873 0.471487 0
    outer loop
      vertex 15.8453 -15.1634 2.5
      vertex 15.799 -15.25 0
      vertex 15.799 -15.25 2.5
    endloop
  endfacet
  facet normal 0.582867 -0.812568 0
    outer loop
      vertex 13.5869 -8.30997 0
      vertex 13.6666 -8.2528 2.6
      vertex 13.5869 -8.30997 2.6
    endloop
  endfacet
  facet normal 0.582867 -0.812568 0
    outer loop
      vertex 13.6666 -8.2528 2.6
      vertex 13.5869 -8.30997 0
      vertex 13.6666 -8.2528 0
    endloop
  endfacet
  facet normal -0.935741 0.352687 0
    outer loop
      vertex 15.8858 -15.074 0
      vertex 15.9204 -14.9822 2.5
      vertex 15.9204 -14.9822 0
    endloop
  endfacet
  facet normal -0.935741 0.352687 0
    outer loop
      vertex 15.9204 -14.9822 2.5
      vertex 15.8858 -15.074 0
      vertex 15.8858 -15.074 2.5
    endloop
  endfacet
  facet normal 0.0979908 -0.995187 0
    outer loop
      vertex 14.3042 -8.01283 0
      vertex 14.4019 -8.00321 2.6
      vertex 14.3042 -8.01283 2.6
    endloop
  endfacet
  facet normal 0.0979908 -0.995187 0
    outer loop
      vertex 14.4019 -8.00321 2.6
      vertex 14.3042 -8.01283 0
      vertex 14.4019 -8.00321 0
    endloop
  endfacet
  facet normal -0.956982 0.290149 0
    outer loop
      vertex 15.9204 -14.9822 0
      vertex 15.9489 -14.8882 2.5
      vertex 15.9489 -14.8882 0
    endloop
  endfacet
  facet normal -0.956982 0.290149 0
    outer loop
      vertex 15.9489 -14.8882 2.5
      vertex 15.9204 -14.9822 0
      vertex 15.9204 -14.9822 2.5
    endloop
  endfacet
  facet normal -0.973856 0.227165 0
    outer loop
      vertex 15.9489 -14.8882 0
      vertex 15.9712 -14.7926 2.5
      vertex 15.9712 -14.7926 0
    endloop
  endfacet
  facet normal -0.973856 0.227165 0
    outer loop
      vertex 15.9712 -14.7926 2.5
      vertex 15.9489 -14.8882 0
      vertex 15.9489 -14.8882 2.5
    endloop
  endfacet
  facet normal -0.881805 -0.471614 0
    outer loop
      vertex 15.8453 -8.83657 0
      vertex 15.799 -8.75 2.5
      vertex 15.799 -8.75 0
    endloop
  endfacet
  facet normal -0.881805 -0.471614 0
    outer loop
      vertex 15.799 -8.75 2.5
      vertex 15.8453 -8.83657 0
      vertex 15.8453 -8.83657 2.5
    endloop
  endfacet
  facet normal 0.973851 -0.227188 0
    outer loop
      vertex 13.0288 -9.20736 1.7
      vertex 13.0511 -9.11177 0
      vertex 13.0511 -9.11177 1.7
    endloop
  endfacet
  facet normal 0.973851 -0.227188 0
    outer loop
      vertex 13.0511 -9.11177 0
      vertex 13.0288 -9.20736 1.7
      vertex 13.0288 -9.20736 0
    endloop
  endfacet
  facet normal 0.773376 -0.633948 0
    outer loop
      vertex 13.31 -8.58686 2.6
      vertex 13.3722 -8.51098 0
      vertex 13.3722 -8.51098 2.6
    endloop
  endfacet
  facet normal 0.773376 -0.633948 0
    outer loop
      vertex 13.3722 -8.51098 0
      vertex 13.31 -8.58686 2.6
      vertex 13.31 -8.58686 0
    endloop
  endfacet
  facet normal -0.910889 0.412651 0
    outer loop
      vertex 15.8453 -15.1634 0
      vertex 15.8858 -15.074 2.5
      vertex 15.8858 -15.074 0
    endloop
  endfacet
  facet normal -0.910889 0.412651 0
    outer loop
      vertex 15.8858 -15.074 2.5
      vertex 15.8453 -15.1634 0
      vertex 15.8453 -15.1634 2.5
    endloop
  endfacet
  facet normal 0.956982 0.290149 0
    outer loop
      vertex 13.0796 -14.9822 1.7
      vertex 13.0511 -14.8882 0
      vertex 13.0511 -14.8882 1.7
    endloop
  endfacet
  facet normal 0.956982 0.290149 0
    outer loop
      vertex 13.0511 -14.8882 0
      vertex 13.0796 -14.9822 1.7
      vertex 13.0796 -14.9822 0
    endloop
  endfacet
  facet normal -0.583069 0.812423 0
    outer loop
      vertex 15.4131 -15.69 0
      vertex 15.3334 -15.7472 2.5
      vertex 15.4131 -15.69 2.5
    endloop
  endfacet
  facet normal -0.583069 0.812423 0
    outer loop
      vertex 15.3334 -15.7472 2.5
      vertex 15.4131 -15.69 0
      vertex 15.3334 -15.7472 0
    endloop
  endfacet
  facet normal 0.874157 0.485643 0
    outer loop
      vertex 13.2 -15.2482 2.6
      vertex 13.201 -15.25 2.6
      vertex 13.2 -15.2482 1.7
    endloop
  endfacet
  facet normal 0.882036 0.471182 0
    outer loop
      vertex 13.2 -15.2482 1.7
      vertex 13.1547 -15.1634 0
      vertex 13.1547 -15.1634 1.7
    endloop
  endfacet
  facet normal 0.881873 0.471487 1.9528e-05
    outer loop
      vertex 13.2 -15.2482 1.7
      vertex 13.201 -15.25 0
      vertex 13.1547 -15.1634 0
    endloop
  endfacet
  facet normal 0.874157 0.485643 -0
    outer loop
      vertex 13.201 -15.25 0
      vertex 13.2 -15.2482 1.7
      vertex 13.201 -15.25 2.6
    endloop
  endfacet
  facet normal 0.973856 0.227165 0
    outer loop
      vertex 13.0511 -14.8882 1.7
      vertex 13.0288 -14.7926 0
      vertex 13.0288 -14.7926 1.7
    endloop
  endfacet
  facet normal 0.973856 0.227165 0
    outer loop
      vertex 13.0288 -14.7926 0
      vertex 13.0511 -14.8882 1.7
      vertex 13.0511 -14.8882 0
    endloop
  endfacet
  facet normal 0.290149 0.956982 -0
    outer loop
      vertex 14.1118 -15.9489 0
      vertex 14.0178 -15.9204 2.6
      vertex 14.1118 -15.9489 2.6
    endloop
  endfacet
  facet normal 0.290149 0.956982 0
    outer loop
      vertex 14.0178 -15.9204 2.6
      vertex 14.1118 -15.9489 0
      vertex 14.0178 -15.9204 0
    endloop
  endfacet
  facet normal -0.849369 -0.527799 0
    outer loop
      vertex 15.799 -8.75 0
      vertex 15.7472 -8.66664 2.5
      vertex 15.7472 -8.66664 0
    endloop
  endfacet
  facet normal -0.849369 -0.527799 0
    outer loop
      vertex 15.7472 -8.66664 2.5
      vertex 15.799 -8.75 0
      vertex 15.799 -8.75 2.5
    endloop
  endfacet
  facet normal 0.956922 -0.290347 0
    outer loop
      vertex 13.0511 -9.11177 1.7
      vertex 13.0796 -9.01784 0
      vertex 13.0796 -9.01784 1.7
    endloop
  endfacet
  facet normal 0.956922 -0.290347 0
    outer loop
      vertex 13.0796 -9.01784 0
      vertex 13.0511 -9.11177 1.7
      vertex 13.0511 -9.11177 0
    endloop
  endfacet
  facet normal 0.910889 0.412651 0
    outer loop
      vertex 13.1547 -15.1634 1.7
      vertex 13.1142 -15.074 0
      vertex 13.1142 -15.074 1.7
    endloop
  endfacet
  facet normal 0.910889 0.412651 0
    outer loop
      vertex 13.1142 -15.074 0
      vertex 13.1547 -15.1634 1.7
      vertex 13.1547 -15.1634 0
    endloop
  endfacet
  facet normal 0.773458 0.633848 0
    outer loop
      vertex 13.3722 -15.489 2.6
      vertex 13.31 -15.4131 0
      vertex 13.31 -15.4131 2.6
    endloop
  endfacet
  facet normal 0.773458 0.633848 0
    outer loop
      vertex 13.31 -15.4131 0
      vertex 13.3722 -15.489 2.6
      vertex 13.3722 -15.489 0
    endloop
  endfacet
  facet normal -0.471249 -0.882 0
    outer loop
      vertex 15.1634 -8.15469 0
      vertex 15.25 -8.20096 2.5
      vertex 15.1634 -8.15469 2.5
    endloop
  endfacet
  facet normal -0.471249 -0.882 -0
    outer loop
      vertex 15.25 -8.20096 2.5
      vertex 15.1634 -8.15469 0
      vertex 15.25 -8.20096 0
    endloop
  endfacet
  facet normal 0.097789 0.995207 -0
    outer loop
      vertex 14.4019 -15.9968 0
      vertex 14.3042 -15.9872 2.6
      vertex 14.4019 -15.9968 2.6
    endloop
  endfacet
  facet normal 0.097789 0.995207 0
    outer loop
      vertex 14.3042 -15.9872 2.6
      vertex 14.4019 -15.9968 0
      vertex 14.3042 -15.9872 0
    endloop
  endfacet
  facet normal 0.352508 -0.935809 0
    outer loop
      vertex 13.926 -8.11418 0
      vertex 14.0178 -8.0796 2.6
      vertex 13.926 -8.11418 2.6
    endloop
  endfacet
  facet normal 0.352508 -0.935809 0
    outer loop
      vertex 14.0178 -8.0796 2.6
      vertex 13.926 -8.11418 0
      vertex 14.0178 -8.0796 0
    endloop
  endfacet
  facet normal 0.849483 0.527616 0
    outer loop
      vertex 13.2528 -15.3334 2.6
      vertex 13.201 -15.25 0
      vertex 13.201 -15.25 2.6
    endloop
  endfacet
  facet normal 0.849483 0.527616 0
    outer loop
      vertex 13.201 -15.25 0
      vertex 13.2528 -15.3334 2.6
      vertex 13.2528 -15.3334 0
    endloop
  endfacet
  facet normal 0.290055 -0.95701 0
    outer loop
      vertex 14.0178 -8.0796 0
      vertex 14.1118 -8.05111 2.6
      vertex 14.0178 -8.0796 2.6
    endloop
  endfacet
  facet normal 0.290055 -0.95701 0
    outer loop
      vertex 14.1118 -8.05111 2.6
      vertex 14.0178 -8.0796 0
      vertex 14.1118 -8.05111 0
    endloop
  endfacet
  facet normal 0.227069 -0.973879 0
    outer loop
      vertex 14.1118 -8.05111 0
      vertex 14.2074 -8.02882 2.6
      vertex 14.1118 -8.05111 2.6
    endloop
  endfacet
  facet normal 0.227069 -0.973879 0
    outer loop
      vertex 14.2074 -8.02882 2.6
      vertex 14.1118 -8.05111 0
      vertex 14.2074 -8.02882 0
    endloop
  endfacet
  facet normal -0.227165 0.973856 0
    outer loop
      vertex 14.8882 -15.9489 0
      vertex 14.7926 -15.9712 2.6
      vertex 14.8882 -15.9489 2.6
    endloop
  endfacet
  facet normal -0.227165 0.973856 0
    outer loop
      vertex 14.7926 -15.9712 2.6
      vertex 14.8882 -15.9489 0
      vertex 14.7926 -15.9712 0
    endloop
  endfacet
  facet normal -0.290149 0.956982 0
    outer loop
      vertex 14.9822 -15.9204 0
      vertex 14.8882 -15.9489 2.6
      vertex 14.9822 -15.9204 2.6
    endloop
  endfacet
  facet normal -0.290149 0.956982 0
    outer loop
      vertex 14.8882 -15.9489 2.6
      vertex 14.9822 -15.9204 0
      vertex 14.8882 -15.9489 0
    endloop
  endfacet
  facet normal 0 0 -1
    outer loop
      vertex 14.8882 -15.9489 2.6
      vertex 15 -15.9137 2.6
      vertex 14.9822 -15.9204 2.6
    endloop
  endfacet
  facet normal 0 0 -1
    outer loop
      vertex 15 -15.9137 2.6
      vertex 13.2 -15.2482 2.6
      vertex 15 -8.08632 2.6
    endloop
  endfacet
  facet normal -0 0 -1
    outer loop
      vertex 15 -15.9137 2.6
      vertex 14.8882 -15.9489 2.6
      vertex 13.2 -15.2482 2.6
    endloop
  endfacet
  facet normal 0 0 -1
    outer loop
      vertex 13.2 -8.7518 2.6
      vertex 15 -8.08632 2.6
      vertex 13.2 -15.2482 2.6
    endloop
  endfacet
  facet normal 0 0 -1
    outer loop
      vertex 13.2 -15.2482 2.6
      vertex 14.8882 -15.9489 2.6
      vertex 14.7926 -15.9712 2.6
    endloop
  endfacet
  facet normal 0 -0 -1
    outer loop
      vertex 14.8882 -8.05111 2.6
      vertex 15 -8.08632 2.6
      vertex 13.2 -8.7518 2.6
    endloop
  endfacet
  facet normal 0 0 -1
    outer loop
      vertex 13.2 -15.2482 2.6
      vertex 14.7926 -15.9712 2.6
      vertex 14.6958 -15.9872 2.6
    endloop
  endfacet
  facet normal 0 0 -1
    outer loop
      vertex 15 -8.08632 2.6
      vertex 14.8882 -8.05111 2.6
      vertex 14.9822 -8.0796 2.6
    endloop
  endfacet
  facet normal 0 0 -1
    outer loop
      vertex 13.2 -15.2482 2.6
      vertex 14.6958 -15.9872 2.6
      vertex 14.5981 -15.9968 2.6
    endloop
  endfacet
  facet normal -0 0 -1
    outer loop
      vertex 14.8882 -8.05111 2.6
      vertex 13.2 -8.7518 2.6
      vertex 14.7926 -8.02882 2.6
    endloop
  endfacet
  facet normal 0 0 -1
    outer loop
      vertex 13.2 -15.2482 2.6
      vertex 14.5981 -15.9968 2.6
      vertex 14.5 -16 2.6
    endloop
  endfacet
  facet normal -0 0 -1
    outer loop
      vertex 14.7926 -8.02882 2.6
      vertex 13.2 -8.7518 2.6
      vertex 14.6958 -8.01283 2.6
    endloop
  endfacet
  facet normal 0 0 -1
    outer loop
      vertex 13.2 -15.2482 2.6
      vertex 14.5 -16 2.6
      vertex 14.4019 -15.9968 2.6
    endloop
  endfacet
  facet normal -0 0 -1
    outer loop
      vertex 14.6958 -8.01283 2.6
      vertex 13.2 -8.7518 2.6
      vertex 14.5981 -8.00321 2.6
    endloop
  endfacet
  facet normal 0 0 -1
    outer loop
      vertex 13.2 -15.2482 2.6
      vertex 14.4019 -15.9968 2.6
      vertex 14.3042 -15.9872 2.6
    endloop
  endfacet
  facet normal -0 0 -1
    outer loop
      vertex 14.5981 -8.00321 2.6
      vertex 13.2 -8.7518 2.6
      vertex 14.5 -8 2.6
    endloop
  endfacet
  facet normal 0 0 -1
    outer loop
      vertex 13.2 -15.2482 2.6
      vertex 14.3042 -15.9872 2.6
      vertex 14.2074 -15.9712 2.6
    endloop
  endfacet
  facet normal 0 0 -1
    outer loop
      vertex 14.5 -8 2.6
      vertex 13.2 -8.7518 2.6
      vertex 14.4019 -8.00321 2.6
    endloop
  endfacet
  facet normal 0 0 -1
    outer loop
      vertex 13.2 -15.2482 2.6
      vertex 14.2074 -15.9712 2.6
      vertex 14.1118 -15.9489 2.6
    endloop
  endfacet
  facet normal 0 0 -1
    outer loop
      vertex 14.4019 -8.00321 2.6
      vertex 13.2 -8.7518 2.6
      vertex 14.3042 -8.01283 2.6
    endloop
  endfacet
  facet normal 0 0 -1
    outer loop
      vertex 13.2 -15.2482 2.6
      vertex 14.1118 -15.9489 2.6
      vertex 14.0178 -15.9204 2.6
    endloop
  endfacet
  facet normal 0 0 -1
    outer loop
      vertex 14.3042 -8.01283 2.6
      vertex 13.2 -8.7518 2.6
      vertex 14.2074 -8.02882 2.6
    endloop
  endfacet
  facet normal 0 0 -1
    outer loop
      vertex 13.2 -15.2482 2.6
      vertex 14.0178 -15.9204 2.6
      vertex 13.926 -15.8858 2.6
    endloop
  endfacet
  facet normal 0 0 -1
    outer loop
      vertex 14.2074 -8.02882 2.6
      vertex 13.2 -8.7518 2.6
      vertex 14.1118 -8.05111 2.6
    endloop
  endfacet
  facet normal 0 0 -1
    outer loop
      vertex 13.2 -15.2482 2.6
      vertex 13.926 -15.8858 2.6
      vertex 13.8366 -15.8453 2.6
    endloop
  endfacet
  facet normal 0 0 -1
    outer loop
      vertex 14.1118 -8.05111 2.6
      vertex 13.2 -8.7518 2.6
      vertex 14.0178 -8.0796 2.6
    endloop
  endfacet
  facet normal 0 0 -1
    outer loop
      vertex 13.2 -15.2482 2.6
      vertex 13.8366 -15.8453 2.6
      vertex 13.75 -15.799 2.6
    endloop
  endfacet
  facet normal 0 0 -1
    outer loop
      vertex 14.0178 -8.0796 2.6
      vertex 13.2 -8.7518 2.6
      vertex 13.926 -8.11418 2.6
    endloop
  endfacet
  facet normal 0 0 -1
    outer loop
      vertex 13.2 -15.2482 2.6
      vertex 13.75 -15.799 2.6
      vertex 13.6666 -15.7472 2.6
    endloop
  endfacet
  facet normal 0 0 -1
    outer loop
      vertex 13.926 -8.11418 2.6
      vertex 13.2 -8.7518 2.6
      vertex 13.8366 -8.15469 2.6
    endloop
  endfacet
  facet normal 0 0 -1
    outer loop
      vertex 13.2 -15.2482 2.6
      vertex 13.6666 -15.7472 2.6
      vertex 13.5869 -15.69 2.6
    endloop
  endfacet
  facet normal 0 0 -1
    outer loop
      vertex 13.8366 -8.15469 2.6
      vertex 13.2 -8.7518 2.6
      vertex 13.75 -8.20096 2.6
    endloop
  endfacet
  facet normal 0 0 -1
    outer loop
      vertex 13.2 -15.2482 2.6
      vertex 13.5869 -15.69 2.6
      vertex 13.511 -15.6278 2.6
    endloop
  endfacet
  facet normal 0 0 -1
    outer loop
      vertex 13.75 -8.20096 2.6
      vertex 13.2 -8.7518 2.6
      vertex 13.6666 -8.2528 2.6
    endloop
  endfacet
  facet normal 0 0 -1
    outer loop
      vertex 13.2 -15.2482 2.6
      vertex 13.511 -15.6278 2.6
      vertex 13.4393 -15.5607 2.6
    endloop
  endfacet
  facet normal 0 0 -1
    outer loop
      vertex 13.6666 -8.2528 2.6
      vertex 13.2 -8.7518 2.6
      vertex 13.5869 -8.30997 2.6
    endloop
  endfacet
  facet normal 0 0 -1
    outer loop
      vertex 13.2 -15.2482 2.6
      vertex 13.4393 -15.5607 2.6
      vertex 13.3722 -15.489 2.6
    endloop
  endfacet
  facet normal 0 0 -1
    outer loop
      vertex 13.5869 -8.30997 2.6
      vertex 13.2 -8.7518 2.6
      vertex 13.511 -8.37224 2.6
    endloop
  endfacet
  facet normal 0 0 -1
    outer loop
      vertex 13.2 -15.2482 2.6
      vertex 13.3722 -15.489 2.6
      vertex 13.31 -15.4131 2.6
    endloop
  endfacet
  facet normal 0 0 -1
    outer loop
      vertex 13.511 -8.37224 2.6
      vertex 13.2 -8.7518 2.6
      vertex 13.4393 -8.43934 2.6
    endloop
  endfacet
  facet normal 0 0 -1
    outer loop
      vertex 13.2 -15.2482 2.6
      vertex 13.31 -15.4131 2.6
      vertex 13.2528 -15.3334 2.6
    endloop
  endfacet
  facet normal 0 0 -1
    outer loop
      vertex 13.4393 -8.43934 2.6
      vertex 13.2 -8.7518 2.6
      vertex 13.3722 -8.51098 2.6
    endloop
  endfacet
  facet normal 0 0 -1
    outer loop
      vertex 13.2 -15.2482 2.6
      vertex 13.2528 -15.3334 2.6
      vertex 13.201 -15.25 2.6
    endloop
  endfacet
  facet normal 0 0 -1
    outer loop
      vertex 13.3722 -8.51098 2.6
      vertex 13.2 -8.7518 2.6
      vertex 13.31 -8.58686 2.6
    endloop
  endfacet
  facet normal 0 0 -1
    outer loop
      vertex 13.31 -8.58686 2.6
      vertex 13.2 -8.7518 2.6
      vertex 13.2528 -8.66664 2.6
    endloop
  endfacet
  facet normal 0 0 -1
    outer loop
      vertex 13.2528 -8.66664 2.6
      vertex 13.2 -8.7518 2.6
      vertex 13.201 -8.75 2.6
    endloop
  endfacet
  facet normal 0.0326024 0.999468 -0
    outer loop
      vertex 14.5 -16 0
      vertex 14.4019 -15.9968 2.6
      vertex 14.5 -16 2.6
    endloop
  endfacet
  facet normal 0.0326024 0.999468 0
    outer loop
      vertex 14.4019 -15.9968 2.6
      vertex 14.5 -16 0
      vertex 14.4019 -15.9968 0
    endloop
  endfacet
  facet normal 0.163077 0.986613 -0
    outer loop
      vertex 14.3042 -15.9872 0
      vertex 14.2074 -15.9712 2.6
      vertex 14.3042 -15.9872 2.6
    endloop
  endfacet
  facet normal 0.163077 0.986613 0
    outer loop
      vertex 14.2074 -15.9712 2.6
      vertex 14.3042 -15.9872 0
      vertex 14.2074 -15.9712 0
    endloop
  endfacet
  facet normal 0.0327042 -0.999465 0
    outer loop
      vertex 14.4019 -8.00321 0
      vertex 14.5 -8 2.6
      vertex 14.4019 -8.00321 2.6
    endloop
  endfacet
  facet normal 0.0327042 -0.999465 0
    outer loop
      vertex 14.5 -8 2.6
      vertex 14.4019 -8.00321 0
      vertex 14.5 -8 0
    endloop
  endfacet
  facet normal -0.412736 -0.910851 0
    outer loop
      vertex 15.074 -8.11418 0
      vertex 15.1634 -8.15469 2.5
      vertex 15.074 -8.11418 2.5
    endloop
  endfacet
  facet normal -0.412736 -0.910851 -0
    outer loop
      vertex 15.1634 -8.15469 2.5
      vertex 15.074 -8.11418 0
      vertex 15.1634 -8.15469 0
    endloop
  endfacet
  facet normal 0.729855 -0.683602 0
    outer loop
      vertex 13.3722 -8.51098 2.6
      vertex 13.4393 -8.43934 0
      vertex 13.4393 -8.43934 2.6
    endloop
  endfacet
  facet normal 0.729855 -0.683602 0
    outer loop
      vertex 13.4393 -8.43934 0
      vertex 13.3722 -8.51098 2.6
      vertex 13.3722 -8.51098 0
    endloop
  endfacet
  facet normal 0.352687 0.935741 -0
    outer loop
      vertex 14.0178 -15.9204 0
      vertex 13.926 -15.8858 2.6
      vertex 14.0178 -15.9204 2.6
    endloop
  endfacet
  facet normal 0.352687 0.935741 0
    outer loop
      vertex 13.926 -15.8858 2.6
      vertex 14.0178 -15.9204 0
      vertex 13.926 -15.8858 0
    endloop
  endfacet
  facet normal -0.73014 0.683297 0
    outer loop
      vertex 15.5607 -15.5607 0
      vertex 15.6278 -15.489 2.5
      vertex 15.6278 -15.489 0
    endloop
  endfacet
  facet normal -0.73014 0.683297 0
    outer loop
      vertex 15.6278 -15.489 2.5
      vertex 15.5607 -15.5607 0
      vertex 15.5607 -15.5607 2.5
    endloop
  endfacet
  facet normal -0.773376 -0.633948 0
    outer loop
      vertex 15.69 -8.58686 0
      vertex 15.6278 -8.51098 2.5
      vertex 15.6278 -8.51098 0
    endloop
  endfacet
  facet normal -0.773376 -0.633948 0
    outer loop
      vertex 15.6278 -8.51098 2.5
      vertex 15.69 -8.58686 0
      vertex 15.69 -8.58686 2.5
    endloop
  endfacet
  facet normal 0.986613 0.163077 0
    outer loop
      vertex 13.0288 -14.7926 1.7
      vertex 13.0128 -14.6958 0
      vertex 13.0128 -14.6958 1.7
    endloop
  endfacet
  facet normal 0.986613 0.163077 0
    outer loop
      vertex 13.0128 -14.6958 0
      vertex 13.0288 -14.7926 1.7
      vertex 13.0288 -14.7926 0
    endloop
  endfacet
  facet normal -0.812423 0.583069 0
    outer loop
      vertex 15.69 -15.4131 0
      vertex 15.7472 -15.3334 2.5
      vertex 15.7472 -15.3334 0
    endloop
  endfacet
  facet normal -0.812423 0.583069 0
    outer loop
      vertex 15.7472 -15.3334 2.5
      vertex 15.69 -15.4131 0
      vertex 15.69 -15.4131 2.5
    endloop
  endfacet
  facet normal -0.0326024 0.999468 0
    outer loop
      vertex 14.5981 -15.9968 0
      vertex 14.5 -16 2.6
      vertex 14.5981 -15.9968 2.6
    endloop
  endfacet
  facet normal -0.0326024 0.999468 0
    outer loop
      vertex 14.5 -16 2.6
      vertex 14.5981 -15.9968 0
      vertex 14.5 -16 0
    endloop
  endfacet
  facet normal 0 0 -1
    outer loop
      vertex -13.2 29.9 2.6
      vertex 13.2 31.7 2.6
      vertex 13.2 29.9 2.6
    endloop
  endfacet
  facet normal -0 0 -1
    outer loop
      vertex 13.2 31.7 2.6
      vertex -13.2 29.9 2.6
      vertex -13.2 31.7 2.6
    endloop
  endfacet
  facet normal -0 0 1
    outer loop
      vertex 3.33335 22.7528 1.7
      vertex 13.2 15.0363 1.7
      vertex 3.41314 22.81 1.7
    endloop
  endfacet
  facet normal 0 0 1
    outer loop
      vertex 13.0511 -9.11177 1.7
      vertex 3.99679 -23.9019 1.7
      vertex 4 -24 1.7
    endloop
  endfacet
  facet normal 0 0 1
    outer loop
      vertex 13.2 15.0363 1.7
      vertex 3.33335 22.7528 1.7
      vertex 13.1796 14.9822 1.7
    endloop
  endfacet
  facet normal 0 0 1
    outer loop
      vertex 13.0511 -9.11177 1.7
      vertex 3.98717 -23.8042 1.7
      vertex 3.99679 -23.9019 1.7
    endloop
  endfacet
  facet normal -0 0 1
    outer loop
      vertex 3.25 22.701 1.7
      vertex 13.1796 14.9822 1.7
      vertex 3.33335 22.7528 1.7
    endloop
  endfacet
  facet normal 0 0 1
    outer loop
      vertex 13.0511 -9.11177 1.7
      vertex 3.97118 -23.7074 1.7
      vertex 3.98717 -23.8042 1.7
    endloop
  endfacet
  facet normal 0 0 1
    outer loop
      vertex 13.1796 14.9822 1.7
      vertex 3.25 22.701 1.7
      vertex 13.1511 14.8882 1.7
    endloop
  endfacet
  facet normal 0 0 1
    outer loop
      vertex 13.0511 -9.11177 1.7
      vertex 3.94889 -23.6118 1.7
      vertex 3.97118 -23.7074 1.7
    endloop
  endfacet
  facet normal -0 0 1
    outer loop
      vertex 3.16343 22.6547 1.7
      vertex 13.1511 14.8882 1.7
      vertex 3.25 22.701 1.7
    endloop
  endfacet
  facet normal 0 0 1
    outer loop
      vertex 13.0511 -9.11177 1.7
      vertex 3.92039 -23.5178 1.7
      vertex 3.94889 -23.6118 1.7
    endloop
  endfacet
  facet normal 0 0 1
    outer loop
      vertex 13.1511 14.8882 1.7
      vertex 3.16343 22.6547 1.7
      vertex 13.1288 14.7926 1.7
    endloop
  endfacet
  facet normal 0 0 1
    outer loop
      vertex 13.0511 -9.11177 1.7
      vertex 3.88582 -23.426 1.7
      vertex 3.92039 -23.5178 1.7
    endloop
  endfacet
  facet normal -0 0 1
    outer loop
      vertex 3.07402 22.6142 1.7
      vertex 13.1288 14.7926 1.7
      vertex 3.16343 22.6547 1.7
    endloop
  endfacet
  facet normal 0 0 1
    outer loop
      vertex 13.0511 -9.11177 1.7
      vertex 3.84531 -23.3366 1.7
      vertex 3.88582 -23.426 1.7
    endloop
  endfacet
  facet normal 0 0 1
    outer loop
      vertex 13.1288 14.7926 1.7
      vertex 3.07402 22.6142 1.7
      vertex 13.1128 14.6958 1.7
    endloop
  endfacet
  facet normal 0 0 1
    outer loop
      vertex 13.0511 -9.11177 1.7
      vertex 3.79904 -23.25 1.7
      vertex 3.84531 -23.3366 1.7
    endloop
  endfacet
  facet normal -0 0 1
    outer loop
      vertex 2.98216 22.5796 1.7
      vertex 13.1128 14.6958 1.7
      vertex 3.07402 22.6142 1.7
    endloop
  endfacet
  facet normal 0 0 1
    outer loop
      vertex 13.0511 -9.11177 1.7
      vertex 3.7472 -23.1666 1.7
      vertex 3.79904 -23.25 1.7
    endloop
  endfacet
  facet normal 0 0 1
    outer loop
      vertex 13.1128 14.6958 1.7
      vertex 2.98216 22.5796 1.7
      vertex 13.1032 14.5981 1.7
    endloop
  endfacet
  facet normal 0 0 1
    outer loop
      vertex 13.0511 -9.11177 1.7
      vertex 3.69003 -23.0869 1.7
      vertex 3.7472 -23.1666 1.7
    endloop
  endfacet
  facet normal -0 0 1
    outer loop
      vertex 2.88823 22.5511 1.7
      vertex 13.1032 14.5981 1.7
      vertex 2.98216 22.5796 1.7
    endloop
  endfacet
  facet normal 0 0 1
    outer loop
      vertex 13.0511 -9.11177 1.7
      vertex 3.62776 -23.011 1.7
      vertex 3.69003 -23.0869 1.7
    endloop
  endfacet
  facet normal 0 0 1
    outer loop
      vertex 13.1032 14.5981 1.7
      vertex 2.88823 22.5511 1.7
      vertex 13.1 14.5 1.7
    endloop
  endfacet
  facet normal 0 0 1
    outer loop
      vertex 13.0511 -9.11177 1.7
      vertex 3.56066 -22.9393 1.7
      vertex 3.62776 -23.011 1.7
    endloop
  endfacet
  facet normal -0 0 1
    outer loop
      vertex 2.79263 22.5288 1.7
      vertex 13.1 14.5 1.7
      vertex 2.88823 22.5511 1.7
    endloop
  endfacet
  facet normal 0 0 1
    outer loop
      vertex 13.0511 -9.11177 1.7
      vertex 3.48902 -22.8722 1.7
      vertex 3.56066 -22.9393 1.7
    endloop
  endfacet
  facet normal -0 0 1
    outer loop
      vertex 2.69579 22.5128 1.7
      vertex 13.1 14.5 1.7
      vertex 2.79263 22.5288 1.7
    endloop
  endfacet
  facet normal 0 0 1
    outer loop
      vertex 13.0511 -9.11177 1.7
      vertex 3.41314 -22.81 1.7
      vertex 3.48902 -22.8722 1.7
    endloop
  endfacet
  facet normal -0 0 1
    outer loop
      vertex 2.5981 22.5032 1.7
      vertex 13.1 14.5 1.7
      vertex 2.69579 22.5128 1.7
    endloop
  endfacet
  facet normal 0 0 1
    outer loop
      vertex 13.0511 -9.11177 1.7
      vertex 3.33335 -22.7528 1.7
      vertex 3.41314 -22.81 1.7
    endloop
  endfacet
  facet normal 0 0 1
    outer loop
      vertex 13.1 14.5 1.7
      vertex 2.5981 22.5032 1.7
      vertex 13.1 9.5 1.7
    endloop
  endfacet
  facet normal 0 0 1
    outer loop
      vertex 13.0511 -9.11177 1.7
      vertex 3.25 -22.701 1.7
      vertex 3.33335 -22.7528 1.7
    endloop
  endfacet
  facet normal -0 0 1
    outer loop
      vertex 2.5 22.5 1.7
      vertex 13.1 9.5 1.7
      vertex 2.5981 22.5032 1.7
    endloop
  endfacet
  facet normal 0 0 1
    outer loop
      vertex 13.0511 -9.11177 1.7
      vertex 3.16343 -22.6547 1.7
      vertex 3.25 -22.701 1.7
    endloop
  endfacet
  facet normal 0 0 1
    outer loop
      vertex -13.1 9.5 1.7
      vertex 13.1 9.5 1.7
      vertex 2.5 22.5 1.7
    endloop
  endfacet
  facet normal 0 0 1
    outer loop
      vertex 13.0511 -9.11177 1.7
      vertex 3.07402 -22.6142 1.7
      vertex 3.16343 -22.6547 1.7
    endloop
  endfacet
  facet normal 0 0 1
    outer loop
      vertex 13.1 9.5 1.7
      vertex -13.1 9.5 1.7
      vertex 13.1032 9.40189 1.7
    endloop
  endfacet
  facet normal 0 0 1
    outer loop
      vertex 13.0511 -9.11177 1.7
      vertex 2.98216 -22.5796 1.7
      vertex 3.07402 -22.6142 1.7
    endloop
  endfacet
  facet normal 0 0 1
    outer loop
      vertex -13.1032 9.40189 1.7
      vertex 13.1032 9.40189 1.7
      vertex -13.1 9.5 1.7
    endloop
  endfacet
  facet normal 0 0 1
    outer loop
      vertex 13.0511 -9.11177 1.7
      vertex 2.88823 -22.5511 1.7
      vertex 2.98216 -22.5796 1.7
    endloop
  endfacet
  facet normal 0 0 1
    outer loop
      vertex 13.1032 9.40189 1.7
      vertex -13.1032 9.40189 1.7
      vertex 13.1128 9.30421 1.7
    endloop
  endfacet
  facet normal 0 0 1
    outer loop
      vertex 13.0511 -9.11177 1.7
      vertex 2.79263 -22.5288 1.7
      vertex 2.88823 -22.5511 1.7
    endloop
  endfacet
  facet normal 0 0 1
    outer loop
      vertex -13.1796 9.01784 1.7
      vertex 13.1511 9.11177 1.7
      vertex -13.1511 9.11177 1.7
    endloop
  endfacet
  facet normal -0 -0 1
    outer loop
      vertex -13.1547 -8.83657 1.7
      vertex 13.0796 -9.01784 1.7
      vertex -13.2 -8.7518 1.7
    endloop
  endfacet
  facet normal 0 0 1
    outer loop
      vertex -13.2 8.96365 1.7
      vertex 13.1511 9.11177 1.7
      vertex -13.1796 9.01784 1.7
    endloop
  endfacet
  facet normal 0 0 1
    outer loop
      vertex 13.0796 -9.01784 1.7
      vertex -13.0796 -9.01784 1.7
      vertex 13.0511 -9.11177 1.7
    endloop
  endfacet
  facet normal 0 0 1
    outer loop
      vertex -13.1128 9.30421 1.7
      vertex 13.1128 9.30421 1.7
      vertex -13.1032 9.40189 1.7
    endloop
  endfacet
  facet normal 0 -0 1
    outer loop
      vertex -13.0511 -9.11177 1.7
      vertex 13.0511 -9.11177 1.7
      vertex -13.0796 -9.01784 1.7
    endloop
  endfacet
  facet normal 0 0 1
    outer loop
      vertex -13.1 9.5 1.7
      vertex 2.5 22.5 1.7
      vertex -2.5 22.5 1.7
    endloop
  endfacet
  facet normal -0 0 1
    outer loop
      vertex -13.2 -8.7518 1.7
      vertex 13.0796 -9.01784 1.7
      vertex -13.2 8.96365 1.7
    endloop
  endfacet
  facet normal 0 0 1
    outer loop
      vertex -13.1 9.5 1.7
      vertex -2.5 22.5 1.7
      vertex -2.5981 22.5032 1.7
    endloop
  endfacet
  facet normal 0 -0 1
    outer loop
      vertex -13.0128 -9.30421 1.7
      vertex 13.0511 -9.11177 1.7
      vertex -13.0288 -9.20736 1.7
    endloop
  endfacet
  facet normal 0 0 1
    outer loop
      vertex -13.1 14.5 1.7
      vertex -2.5981 22.5032 1.7
      vertex -2.69579 22.5128 1.7
    endloop
  endfacet
  facet normal 0 0 1
    outer loop
      vertex 13.0511 -9.11177 1.7
      vertex 2.5 -22.5 1.7
      vertex 2.5981 -22.5032 1.7
    endloop
  endfacet
  facet normal 0 0 1
    outer loop
      vertex -13.1 14.5 1.7
      vertex -2.69579 22.5128 1.7
      vertex -2.79263 22.5288 1.7
    endloop
  endfacet
  facet normal 0 -0 1
    outer loop
      vertex -13.0032 -9.40189 1.7
      vertex 13.0511 -9.11177 1.7
      vertex -13.0128 -9.30421 1.7
    endloop
  endfacet
  facet normal 0 0 1
    outer loop
      vertex -13.1 14.5 1.7
      vertex -2.79263 22.5288 1.7
      vertex -2.88823 22.5511 1.7
    endloop
  endfacet
  facet normal 0 -0 1
    outer loop
      vertex -13 -9.5 1.7
      vertex 13.0511 -9.11177 1.7
      vertex -13.0032 -9.40189 1.7
    endloop
  endfacet
  facet normal 0 0 1
    outer loop
      vertex -13.1032 14.5981 1.7
      vertex -2.88823 22.5511 1.7
      vertex -2.98216 22.5796 1.7
    endloop
  endfacet
  facet normal 0 0 1
    outer loop
      vertex 13.0511 -9.11177 1.7
      vertex -13 -9.5 1.7
      vertex 2.5 -22.5 1.7
    endloop
  endfacet
  facet normal 0 0 1
    outer loop
      vertex -13.1128 14.6958 1.7
      vertex -2.98216 22.5796 1.7
      vertex -3.07402 22.6142 1.7
    endloop
  endfacet
  facet normal 0 0 1
    outer loop
      vertex 2.5 -22.5 1.7
      vertex -13 -9.5 1.7
      vertex -2.5 -22.5 1.7
    endloop
  endfacet
  facet normal 0 0 1
    outer loop
      vertex -13.1288 14.7926 1.7
      vertex -3.07402 22.6142 1.7
      vertex -3.16343 22.6547 1.7
    endloop
  endfacet
  facet normal 0 0 1
    outer loop
      vertex -2.5 -22.5 1.7
      vertex -13 -9.5 1.7
      vertex -2.5981 -22.5032 1.7
    endloop
  endfacet
  facet normal 0 0 1
    outer loop
      vertex -13.1511 14.8882 1.7
      vertex -3.16343 22.6547 1.7
      vertex -3.25 22.701 1.7
    endloop
  endfacet
  facet normal -0 0 1
    outer loop
      vertex -13 -14.5 1.7
      vertex -2.5981 -22.5032 1.7
      vertex -13 -9.5 1.7
    endloop
  endfacet
  facet normal 0 0 1
    outer loop
      vertex -13.1796 14.9822 1.7
      vertex -3.25 22.701 1.7
      vertex -3.33335 22.7528 1.7
    endloop
  endfacet
  facet normal 0 0 1
    outer loop
      vertex -2.5981 -22.5032 1.7
      vertex -13 -14.5 1.7
      vertex -2.69579 -22.5128 1.7
    endloop
  endfacet
  facet normal 0 0 1
    outer loop
      vertex -13.2 15.0363 1.7
      vertex -3.33335 22.7528 1.7
      vertex -3.41314 22.81 1.7
    endloop
  endfacet
  facet normal 0 0 1
    outer loop
      vertex -2.69579 -22.5128 1.7
      vertex -13 -14.5 1.7
      vertex -2.79263 -22.5288 1.7
    endloop
  endfacet
  facet normal 0 0 1
    outer loop
      vertex -13.2 15.0363 1.7
      vertex -3.41314 22.81 1.7
      vertex -3.48902 22.8722 1.7
    endloop
  endfacet
  facet normal 0 0 1
    outer loop
      vertex -2.79263 -22.5288 1.7
      vertex -13 -14.5 1.7
      vertex -2.88823 -22.5511 1.7
    endloop
  endfacet
  facet normal 0 0 1
    outer loop
      vertex -13.2 15.0363 1.7
      vertex -3.48902 22.8722 1.7
      vertex -3.56066 22.9393 1.7
    endloop
  endfacet
  facet normal -0 0 1
    outer loop
      vertex -13.0032 -14.5981 1.7
      vertex -2.88823 -22.5511 1.7
      vertex -13 -14.5 1.7
    endloop
  endfacet
  facet normal 0 0 1
    outer loop
      vertex -13.2 15.0363 1.7
      vertex -3.56066 22.9393 1.7
      vertex -3.62776 23.011 1.7
    endloop
  endfacet
  facet normal 0 0 1
    outer loop
      vertex -2.88823 -22.5511 1.7
      vertex -13.0032 -14.5981 1.7
      vertex -2.98216 -22.5796 1.7
    endloop
  endfacet
  facet normal 0 0 1
    outer loop
      vertex -13.2 15.0363 1.7
      vertex -3.62776 23.011 1.7
      vertex -3.69003 23.0869 1.7
    endloop
  endfacet
  facet normal -0 0 1
    outer loop
      vertex -13.0128 -14.6958 1.7
      vertex -2.98216 -22.5796 1.7
      vertex -13.0032 -14.5981 1.7
    endloop
  endfacet
  facet normal 0 0 1
    outer loop
      vertex -13.2 15.0363 1.7
      vertex -3.69003 23.0869 1.7
      vertex -3.7472 23.1666 1.7
    endloop
  endfacet
  facet normal 0 0 1
    outer loop
      vertex -2.98216 -22.5796 1.7
      vertex -13.0128 -14.6958 1.7
      vertex -3.07402 -22.6142 1.7
    endloop
  endfacet
  facet normal 0 0 1
    outer loop
      vertex -13.2 15.0363 1.7
      vertex -3.7472 23.1666 1.7
      vertex -3.79904 23.25 1.7
    endloop
  endfacet
  facet normal 0 0 1
    outer loop
      vertex -3.07402 -22.6142 1.7
      vertex -13.0288 -14.7926 1.7
      vertex -3.16343 -22.6547 1.7
    endloop
  endfacet
  facet normal 0 0 1
    outer loop
      vertex -13.2 15.0363 1.7
      vertex -3.79904 23.25 1.7
      vertex -3.84531 23.3366 1.7
    endloop
  endfacet
  facet normal -0 0 1
    outer loop
      vertex -13.0511 -14.8882 1.7
      vertex -3.16343 -22.6547 1.7
      vertex -13.0288 -14.7926 1.7
    endloop
  endfacet
  facet normal 0 0 1
    outer loop
      vertex -13.2 15.0363 1.7
      vertex -3.84531 23.3366 1.7
      vertex -3.88582 23.426 1.7
    endloop
  endfacet
  facet normal 0 0 1
    outer loop
      vertex -3.16343 -22.6547 1.7
      vertex -13.0511 -14.8882 1.7
      vertex -3.25 -22.701 1.7
    endloop
  endfacet
  facet normal 0 0 1
    outer loop
      vertex -13.2 15.0363 1.7
      vertex -3.88582 23.426 1.7
      vertex -3.92039 23.5178 1.7
    endloop
  endfacet
  facet normal -0 0 1
    outer loop
      vertex -13.0796 -14.9822 1.7
      vertex -3.25 -22.701 1.7
      vertex -13.0511 -14.8882 1.7
    endloop
  endfacet
  facet normal 0 0 1
    outer loop
      vertex -13.2 15.0363 1.7
      vertex -3.92039 23.5178 1.7
      vertex -3.94889 23.6118 1.7
    endloop
  endfacet
  facet normal 0 0 1
    outer loop
      vertex -3.25 -22.701 1.7
      vertex -13.0796 -14.9822 1.7
      vertex -3.33335 -22.7528 1.7
    endloop
  endfacet
  facet normal 0 0 1
    outer loop
      vertex -13.2 15.0363 1.7
      vertex -3.94889 23.6118 1.7
      vertex -3.97118 23.7074 1.7
    endloop
  endfacet
  facet normal -0 0 1
    outer loop
      vertex -13.1142 -15.074 1.7
      vertex -3.33335 -22.7528 1.7
      vertex -13.0796 -14.9822 1.7
    endloop
  endfacet
  facet normal 0 0 1
    outer loop
      vertex -13.2 15.0363 1.7
      vertex -3.97118 23.7074 1.7
      vertex -3.98717 23.8042 1.7
    endloop
  endfacet
  facet normal 0 0 1
    outer loop
      vertex -3.33335 -22.7528 1.7
      vertex -13.1142 -15.074 1.7
      vertex -3.41314 -22.81 1.7
    endloop
  endfacet
  facet normal 0 0 1
    outer loop
      vertex -13.2 15.0363 1.7
      vertex -3.98717 23.8042 1.7
      vertex -3.99679 23.9019 1.7
    endloop
  endfacet
  facet normal -0 0 1
    outer loop
      vertex -13.1547 -15.1634 1.7
      vertex -3.41314 -22.81 1.7
      vertex -13.1142 -15.074 1.7
    endloop
  endfacet
  facet normal 0 0 1
    outer loop
      vertex -13.2 31.7 1.7
      vertex -3.99679 23.9019 1.7
      vertex -4 24 1.7
    endloop
  endfacet
  facet normal 0 0 1
    outer loop
      vertex -3.41314 -22.81 1.7
      vertex -13.1547 -15.1634 1.7
      vertex -3.48902 -22.8722 1.7
    endloop
  endfacet
  facet normal 0 0 1
    outer loop
      vertex 3.99679 23.9019 1.7
      vertex 13.2 31.7 1.7
      vertex 4 24 1.7
    endloop
  endfacet
  facet normal 0 0 1
    outer loop
      vertex 13.2 31.7 1.7
      vertex 3.99679 23.9019 1.7
      vertex 13.2 15.0363 1.7
    endloop
  endfacet
  facet normal -0 0 1
    outer loop
      vertex 3.98717 23.8042 1.7
      vertex 13.2 15.0363 1.7
      vertex 3.99679 23.9019 1.7
    endloop
  endfacet
  facet normal -0 0 1
    outer loop
      vertex 3.97118 23.7074 1.7
      vertex 13.2 15.0363 1.7
      vertex 3.98717 23.8042 1.7
    endloop
  endfacet
  facet normal -0 0 1
    outer loop
      vertex 3.94889 23.6118 1.7
      vertex 13.2 15.0363 1.7
      vertex 3.97118 23.7074 1.7
    endloop
  endfacet
  facet normal -0 0 1
    outer loop
      vertex 3.92039 23.5178 1.7
      vertex 13.2 15.0363 1.7
      vertex 3.94889 23.6118 1.7
    endloop
  endfacet
  facet normal -0 0 1
    outer loop
      vertex 3.84531 23.3366 1.7
      vertex 13.2 15.0363 1.7
      vertex 3.88582 23.426 1.7
    endloop
  endfacet
  facet normal -0 0 1
    outer loop
      vertex 3.79904 23.25 1.7
      vertex 13.2 15.0363 1.7
      vertex 3.84531 23.3366 1.7
    endloop
  endfacet
  facet normal -0 0 1
    outer loop
      vertex 3.48902 22.8722 1.7
      vertex 13.2 15.0363 1.7
      vertex 3.56066 22.9393 1.7
    endloop
  endfacet
  facet normal -0 0 1
    outer loop
      vertex 3.41314 22.81 1.7
      vertex 13.2 15.0363 1.7
      vertex 3.48902 22.8722 1.7
    endloop
  endfacet
  facet normal 0 0 1
    outer loop
      vertex 13.0511 -9.11177 1.7
      vertex 4 -24 1.7
      vertex 13.0288 -9.20736 1.7
    endloop
  endfacet
  facet normal 0 0 1
    outer loop
      vertex 13.0288 -9.20736 1.7
      vertex 4 -24 1.7
      vertex 13.0128 -9.30421 1.7
    endloop
  endfacet
  facet normal 0 0 1
    outer loop
      vertex 4 -24 1.7
      vertex 13 -14.5 1.7
      vertex 13 -9.5 1.7
    endloop
  endfacet
  facet normal 0 0 1
    outer loop
      vertex 13.0128 -9.30421 1.7
      vertex 4 -24 1.7
      vertex 13.0032 -9.40189 1.7
    endloop
  endfacet
  facet normal -0 0 1
    outer loop
      vertex 3.88582 23.426 1.7
      vertex 13.2 15.0363 1.7
      vertex 3.92039 23.5178 1.7
    endloop
  endfacet
  facet normal 0 0 1
    outer loop
      vertex 13.0032 -9.40189 1.7
      vertex 4 -24 1.7
      vertex 13 -9.5 1.7
    endloop
  endfacet
  facet normal 0 0 1
    outer loop
      vertex 13.2 31.7 1.7
      vertex 3.99679 24.0981 1.7
      vertex 4 24 1.7
    endloop
  endfacet
  facet normal 0 0 1
    outer loop
      vertex 13.2 31.7 1.7
      vertex 3.98717 24.1958 1.7
      vertex 3.99679 24.0981 1.7
    endloop
  endfacet
  facet normal 0 0 1
    outer loop
      vertex 13.2 31.7 1.7
      vertex 3.97118 24.2926 1.7
      vertex 3.98717 24.1958 1.7
    endloop
  endfacet
  facet normal 0 0 1
    outer loop
      vertex 13.2 31.7 1.7
      vertex 3.94889 24.3882 1.7
      vertex 3.97118 24.2926 1.7
    endloop
  endfacet
  facet normal 0 0 1
    outer loop
      vertex 13.2 31.7 1.7
      vertex 3.92039 24.4822 1.7
      vertex 3.94889 24.3882 1.7
    endloop
  endfacet
  facet normal 0 0 1
    outer loop
      vertex 13.2 31.7 1.7
      vertex 3.88582 24.574 1.7
      vertex 3.92039 24.4822 1.7
    endloop
  endfacet
  facet normal 0 0 1
    outer loop
      vertex 13.2 31.7 1.7
      vertex 3.84531 24.6634 1.7
      vertex 3.88582 24.574 1.7
    endloop
  endfacet
  facet normal 0 0 1
    outer loop
      vertex 13.2 31.7 1.7
      vertex 3.79904 24.75 1.7
      vertex 3.84531 24.6634 1.7
    endloop
  endfacet
  facet normal 0 0 1
    outer loop
      vertex 13.2 31.7 1.7
      vertex 3.7472 24.8334 1.7
      vertex 3.79904 24.75 1.7
    endloop
  endfacet
  facet normal 0 0 1
    outer loop
      vertex 13.2 31.7 1.7
      vertex 3.69003 24.9131 1.7
      vertex 3.7472 24.8334 1.7
    endloop
  endfacet
  facet normal 0 0 1
    outer loop
      vertex 13.2 31.7 1.7
      vertex 3.62776 24.989 1.7
      vertex 3.69003 24.9131 1.7
    endloop
  endfacet
  facet normal 0 0 1
    outer loop
      vertex 13.2 31.7 1.7
      vertex 3.56066 25.0607 1.7
      vertex 3.62776 24.989 1.7
    endloop
  endfacet
  facet normal 0 0 1
    outer loop
      vertex 13.2 31.7 1.7
      vertex 3.48902 25.1278 1.7
      vertex 3.56066 25.0607 1.7
    endloop
  endfacet
  facet normal 0 0 1
    outer loop
      vertex 13.2 31.7 1.7
      vertex 3.41314 25.19 1.7
      vertex 3.48902 25.1278 1.7
    endloop
  endfacet
  facet normal 0 0 1
    outer loop
      vertex 13.2 31.7 1.7
      vertex 3.33335 25.2472 1.7
      vertex 3.41314 25.19 1.7
    endloop
  endfacet
  facet normal 0 0 1
    outer loop
      vertex 13.2 31.7 1.7
      vertex 3.25 25.299 1.7
      vertex 3.33335 25.2472 1.7
    endloop
  endfacet
  facet normal 0 0 1
    outer loop
      vertex 13.2 31.7 1.7
      vertex 3.16343 25.3453 1.7
      vertex 3.25 25.299 1.7
    endloop
  endfacet
  facet normal 0 0 1
    outer loop
      vertex 13.2 31.7 1.7
      vertex 3.07402 25.3858 1.7
      vertex 3.16343 25.3453 1.7
    endloop
  endfacet
  facet normal 0 0 1
    outer loop
      vertex 13.2 31.7 1.7
      vertex 2.98216 25.4204 1.7
      vertex 3.07402 25.3858 1.7
    endloop
  endfacet
  facet normal 0 0 1
    outer loop
      vertex 13.2 31.7 1.7
      vertex 2.88823 25.4489 1.7
      vertex 2.98216 25.4204 1.7
    endloop
  endfacet
  facet normal 0 0 1
    outer loop
      vertex 13.2 31.7 1.7
      vertex 2.79263 25.4712 1.7
      vertex 2.88823 25.4489 1.7
    endloop
  endfacet
  facet normal 0 0 1
    outer loop
      vertex 13.2 31.7 1.7
      vertex 2.69579 25.4872 1.7
      vertex 2.79263 25.4712 1.7
    endloop
  endfacet
  facet normal 0 0 1
    outer loop
      vertex 13.2 31.7 1.7
      vertex 2.5981 25.4968 1.7
      vertex 2.69579 25.4872 1.7
    endloop
  endfacet
  facet normal 0 0 1
    outer loop
      vertex 13.2 31.7 1.7
      vertex 2.5 25.5 1.7
      vertex 2.5981 25.4968 1.7
    endloop
  endfacet
  facet normal 0 0 1
    outer loop
      vertex 13.2 31.7 1.7
      vertex -2.5 25.5 1.7
      vertex 2.5 25.5 1.7
    endloop
  endfacet
  facet normal -0 0 1
    outer loop
      vertex -13.2 31.7 1.7
      vertex -2.5 25.5 1.7
      vertex 13.2 31.7 1.7
    endloop
  endfacet
  facet normal 0 0 1
    outer loop
      vertex -2.5 25.5 1.7
      vertex -13.2 31.7 1.7
      vertex -2.5981 25.4968 1.7
    endloop
  endfacet
  facet normal 0 0 1
    outer loop
      vertex -2.5981 25.4968 1.7
      vertex -13.2 31.7 1.7
      vertex -2.69579 25.4872 1.7
    endloop
  endfacet
  facet normal 0 0 1
    outer loop
      vertex -2.69579 25.4872 1.7
      vertex -13.2 31.7 1.7
      vertex -2.79263 25.4712 1.7
    endloop
  endfacet
  facet normal 0 0 1
    outer loop
      vertex -2.79263 25.4712 1.7
      vertex -13.2 31.7 1.7
      vertex -2.88823 25.4489 1.7
    endloop
  endfacet
  facet normal 0 0 1
    outer loop
      vertex -2.88823 25.4489 1.7
      vertex -13.2 31.7 1.7
      vertex -2.98216 25.4204 1.7
    endloop
  endfacet
  facet normal -0 0 1
    outer loop
      vertex -13.2 -15.2482 1.7
      vertex -3.48902 -22.8722 1.7
      vertex -13.1547 -15.1634 1.7
    endloop
  endfacet
  facet normal 0 0 1
    outer loop
      vertex -13.2 31.7 1.7
      vertex -4 24 1.7
      vertex -3.99679 24.0981 1.7
    endloop
  endfacet
  facet normal 0 0 1
    outer loop
      vertex -3.7472 -23.1666 1.7
      vertex -7 -25.1 1.7
      vertex -3.79904 -23.25 1.7
    endloop
  endfacet
  facet normal 0 0 1
    outer loop
      vertex -3.62776 -23.011 1.7
      vertex -13.2 -15.2482 1.7
      vertex -3.69003 -23.0869 1.7
    endloop
  endfacet
  facet normal 0 0 1
    outer loop
      vertex -13.2 31.7 1.7
      vertex -3.99679 24.0981 1.7
      vertex -3.98717 24.1958 1.7
    endloop
  endfacet
  facet normal 0 0 1
    outer loop
      vertex -13.2 31.7 1.7
      vertex -3.98717 24.1958 1.7
      vertex -3.97118 24.2926 1.7
    endloop
  endfacet
  facet normal 0 0 1
    outer loop
      vertex -13.2 31.7 1.7
      vertex -3.97118 24.2926 1.7
      vertex -3.94889 24.3882 1.7
    endloop
  endfacet
  facet normal 0 0 1
    outer loop
      vertex -3.69003 -23.0869 1.7
      vertex -7 -25.1 1.7
      vertex -3.7472 -23.1666 1.7
    endloop
  endfacet
  facet normal 0 -0 1
    outer loop
      vertex -7 -25.1 1.7
      vertex -3.69003 -23.0869 1.7
      vertex -13.2 -15.2482 1.7
    endloop
  endfacet
  facet normal 0 0 1
    outer loop
      vertex -3.56066 -22.9393 1.7
      vertex -13.2 -15.2482 1.7
      vertex -3.62776 -23.011 1.7
    endloop
  endfacet
  facet normal 0 0 1
    outer loop
      vertex -3.48902 -22.8722 1.7
      vertex -13.2 -15.2482 1.7
      vertex -3.56066 -22.9393 1.7
    endloop
  endfacet
  facet normal 0 0 1
    outer loop
      vertex 13.1511 9.11177 1.7
      vertex -13.2 8.96365 1.7
      vertex 13.0796 -9.01784 1.7
    endloop
  endfacet
  facet normal 0 0 1
    outer loop
      vertex -2.5981 22.5032 1.7
      vertex -13.1 14.5 1.7
      vertex -13.1 9.5 1.7
    endloop
  endfacet
  facet normal 0 0 1
    outer loop
      vertex -13.2 31.7 1.7
      vertex -3.94889 24.3882 1.7
      vertex -3.92039 24.4822 1.7
    endloop
  endfacet
  facet normal 0 0 1
    outer loop
      vertex -13.2 31.7 1.7
      vertex -3.92039 24.4822 1.7
      vertex -3.88582 24.574 1.7
    endloop
  endfacet
  facet normal 0 0 1
    outer loop
      vertex -13.2 31.7 1.7
      vertex -3.88582 24.574 1.7
      vertex -3.84531 24.6634 1.7
    endloop
  endfacet
  facet normal 0 0 1
    outer loop
      vertex -13.2 31.7 1.7
      vertex -3.84531 24.6634 1.7
      vertex -3.79904 24.75 1.7
    endloop
  endfacet
  facet normal 0 0 1
    outer loop
      vertex -13.2 31.7 1.7
      vertex -3.79904 24.75 1.7
      vertex -3.7472 24.8334 1.7
    endloop
  endfacet
  facet normal 0 0 1
    outer loop
      vertex -13.2 31.7 1.7
      vertex -3.7472 24.8334 1.7
      vertex -3.69003 24.9131 1.7
    endloop
  endfacet
  facet normal 0 0 1
    outer loop
      vertex -13.2 31.7 1.7
      vertex -3.69003 24.9131 1.7
      vertex -3.62776 24.989 1.7
    endloop
  endfacet
  facet normal 0 0 1
    outer loop
      vertex -2.88823 22.5511 1.7
      vertex -13.1032 14.5981 1.7
      vertex -13.1 14.5 1.7
    endloop
  endfacet
  facet normal 0 0 1
    outer loop
      vertex -2.98216 22.5796 1.7
      vertex -13.1128 14.6958 1.7
      vertex -13.1032 14.5981 1.7
    endloop
  endfacet
  facet normal 0 0 1
    outer loop
      vertex -3.07402 22.6142 1.7
      vertex -13.1288 14.7926 1.7
      vertex -13.1128 14.6958 1.7
    endloop
  endfacet
  facet normal 0 0 1
    outer loop
      vertex -3.16343 22.6547 1.7
      vertex -13.1511 14.8882 1.7
      vertex -13.1288 14.7926 1.7
    endloop
  endfacet
  facet normal 0 0 1
    outer loop
      vertex -13.2 31.7 1.7
      vertex -3.62776 24.989 1.7
      vertex -3.56066 25.0607 1.7
    endloop
  endfacet
  facet normal 0 0 1
    outer loop
      vertex -3.25 22.701 1.7
      vertex -13.1796 14.9822 1.7
      vertex -13.1511 14.8882 1.7
    endloop
  endfacet
  facet normal 0 0 1
    outer loop
      vertex -2.98216 25.4204 1.7
      vertex -13.2 31.7 1.7
      vertex -3.07402 25.3858 1.7
    endloop
  endfacet
  facet normal 0 0 1
    outer loop
      vertex -13.2 31.7 1.7
      vertex -3.16343 25.3453 1.7
      vertex -3.07402 25.3858 1.7
    endloop
  endfacet
  facet normal 0 0 1
    outer loop
      vertex -13.2 31.7 1.7
      vertex -3.25 25.299 1.7
      vertex -3.16343 25.3453 1.7
    endloop
  endfacet
  facet normal 0 0 1
    outer loop
      vertex -13.2 31.7 1.7
      vertex -3.33335 25.2472 1.7
      vertex -3.25 25.299 1.7
    endloop
  endfacet
  facet normal 0 0 1
    outer loop
      vertex -13.2 31.7 1.7
      vertex -3.41314 25.19 1.7
      vertex -3.33335 25.2472 1.7
    endloop
  endfacet
  facet normal 0 0 1
    outer loop
      vertex -13.2 31.7 1.7
      vertex -3.48902 25.1278 1.7
      vertex -3.41314 25.19 1.7
    endloop
  endfacet
  facet normal 0 0 1
    outer loop
      vertex -13.2 31.7 1.7
      vertex -3.56066 25.0607 1.7
      vertex -3.48902 25.1278 1.7
    endloop
  endfacet
  facet normal 0 0 1
    outer loop
      vertex -3.99679 23.9019 1.7
      vertex -13.2 31.7 1.7
      vertex -13.2 15.0363 1.7
    endloop
  endfacet
  facet normal 0 0 1
    outer loop
      vertex -3.33335 22.7528 1.7
      vertex -13.2 15.0363 1.7
      vertex -13.1796 14.9822 1.7
    endloop
  endfacet
  facet normal 0 0 1
    outer loop
      vertex 13.1142 -8.92597 1.7
      vertex 13.2 8.96365 1.7
      vertex 13.1796 9.01784 1.7
    endloop
  endfacet
  facet normal 0 0 1
    outer loop
      vertex 13.2 8.96365 1.7
      vertex 13.1547 -8.83657 1.7
      vertex 13.2 -8.7518 1.7
    endloop
  endfacet
  facet normal 0 0 1
    outer loop
      vertex 13.0796 -9.01784 1.7
      vertex 13.1796 9.01784 1.7
      vertex 13.1511 9.11177 1.7
    endloop
  endfacet
  facet normal -0 0 1
    outer loop
      vertex 3.56066 22.9393 1.7
      vertex 13.2 15.0363 1.7
      vertex 3.62776 23.011 1.7
    endloop
  endfacet
  facet normal 0 0 1
    outer loop
      vertex 13.2 8.96365 1.7
      vertex 13.1142 -8.92597 1.7
      vertex 13.1547 -8.83657 1.7
    endloop
  endfacet
  facet normal -0 0 1
    outer loop
      vertex 3.62776 23.011 1.7
      vertex 13.2 15.0363 1.7
      vertex 3.69003 23.0869 1.7
    endloop
  endfacet
  facet normal -0 0 1
    outer loop
      vertex 3.69003 23.0869 1.7
      vertex 13.2 15.0363 1.7
      vertex 3.7472 23.1666 1.7
    endloop
  endfacet
  facet normal -0 0 1
    outer loop
      vertex 3.7472 23.1666 1.7
      vertex 13.2 15.0363 1.7
      vertex 3.79904 23.25 1.7
    endloop
  endfacet
  facet normal 0 0 1
    outer loop
      vertex 13.1796 9.01784 1.7
      vertex 13.0796 -9.01784 1.7
      vertex 13.1142 -8.92597 1.7
    endloop
  endfacet
  facet normal 0 0 1
    outer loop
      vertex 7 -25.1 1.7
      vertex 13.2 -15.2482 1.7
      vertex 13.1547 -15.1634 1.7
    endloop
  endfacet
  facet normal 0 0 1
    outer loop
      vertex 7 -25.1 1.7
      vertex 13.1547 -15.1634 1.7
      vertex 13.1142 -15.074 1.7
    endloop
  endfacet
  facet normal 0 0 1
    outer loop
      vertex 7 -25.1 1.7
      vertex 13.1142 -15.074 1.7
      vertex 13.0796 -14.9822 1.7
    endloop
  endfacet
  facet normal 0 0 1
    outer loop
      vertex 7 -25.1 1.7
      vertex 13.0796 -14.9822 1.7
      vertex 13.0511 -14.8882 1.7
    endloop
  endfacet
  facet normal 0 0 1
    outer loop
      vertex 7 -25.1 1.7
      vertex 13.0511 -14.8882 1.7
      vertex 13.0288 -14.7926 1.7
    endloop
  endfacet
  facet normal 0 0 1
    outer loop
      vertex 7 -25.1 1.7
      vertex 13.0288 -14.7926 1.7
      vertex 13.0128 -14.6958 1.7
    endloop
  endfacet
  facet normal 0 0 1
    outer loop
      vertex 7 -25.1 1.7
      vertex 13.0128 -14.6958 1.7
      vertex 13.0032 -14.5981 1.7
    endloop
  endfacet
  facet normal 0 0 1
    outer loop
      vertex 7 -25.1 1.7
      vertex 13.0032 -14.5981 1.7
      vertex 13 -14.5 1.7
    endloop
  endfacet
  facet normal 0 0 1
    outer loop
      vertex 13.2 -15.2482 1.7
      vertex 7 -25.1 1.7
      vertex 13.2 -31.7 1.7
    endloop
  endfacet
  facet normal 0 0 1
    outer loop
      vertex 13.2 -31.7 1.7
      vertex 7 -25.1 1.7
      vertex 7 -31.7 1.7
    endloop
  endfacet
  facet normal 0 0 1
    outer loop
      vertex 13 -14.5 1.7
      vertex 4 -24 1.7
      vertex 7 -25.1 1.7
    endloop
  endfacet
  facet normal -0 0 1
    outer loop
      vertex 3.99679 -24.0981 1.7
      vertex 7 -25.1 1.7
      vertex 4 -24 1.7
    endloop
  endfacet
  facet normal -0 0 1
    outer loop
      vertex 3.98717 -24.1958 1.7
      vertex 7 -25.1 1.7
      vertex 3.99679 -24.0981 1.7
    endloop
  endfacet
  facet normal -0 0 1
    outer loop
      vertex 3.97118 -24.2926 1.7
      vertex 7 -25.1 1.7
      vertex 3.98717 -24.1958 1.7
    endloop
  endfacet
  facet normal -0 0 1
    outer loop
      vertex 3.94889 -24.3882 1.7
      vertex 7 -25.1 1.7
      vertex 3.97118 -24.2926 1.7
    endloop
  endfacet
  facet normal -0 0 1
    outer loop
      vertex 3.92039 -24.4822 1.7
      vertex 7 -25.1 1.7
      vertex 3.94889 -24.3882 1.7
    endloop
  endfacet
  facet normal -0 0 1
    outer loop
      vertex 3.88582 -24.574 1.7
      vertex 7 -25.1 1.7
      vertex 3.92039 -24.4822 1.7
    endloop
  endfacet
  facet normal -0 0 1
    outer loop
      vertex 3.84531 -24.6634 1.7
      vertex 7 -25.1 1.7
      vertex 3.88582 -24.574 1.7
    endloop
  endfacet
  facet normal -0 0 1
    outer loop
      vertex 3.79904 -24.75 1.7
      vertex 7 -25.1 1.7
      vertex 3.84531 -24.6634 1.7
    endloop
  endfacet
  facet normal -0 0 1
    outer loop
      vertex 3.7472 -24.8334 1.7
      vertex 7 -25.1 1.7
      vertex 3.79904 -24.75 1.7
    endloop
  endfacet
  facet normal -0 0 1
    outer loop
      vertex 3.69003 -24.9131 1.7
      vertex 7 -25.1 1.7
      vertex 3.7472 -24.8334 1.7
    endloop
  endfacet
  facet normal -0 0 1
    outer loop
      vertex 3.62776 -24.989 1.7
      vertex 7 -25.1 1.7
      vertex 3.69003 -24.9131 1.7
    endloop
  endfacet
  facet normal -0 0 1
    outer loop
      vertex 3.56066 -25.0607 1.7
      vertex 7 -25.1 1.7
      vertex 3.62776 -24.989 1.7
    endloop
  endfacet
  facet normal 0 0 1
    outer loop
      vertex 7 -25.1 1.7
      vertex 3.56066 -25.0607 1.7
      vertex 3.51866 -25.1 1.7
    endloop
  endfacet
  facet normal 0 0 1
    outer loop
      vertex -3.56066 -25.0607 1.7
      vertex -7 -25.1 1.7
      vertex -3.51866 -25.1 1.7
    endloop
  endfacet
  facet normal 0 0 1
    outer loop
      vertex -3.62776 -24.989 1.7
      vertex -7 -25.1 1.7
      vertex -3.56066 -25.0607 1.7
    endloop
  endfacet
  facet normal 0 0 1
    outer loop
      vertex -3.69003 -24.9131 1.7
      vertex -7 -25.1 1.7
      vertex -3.62776 -24.989 1.7
    endloop
  endfacet
  facet normal 0 0 1
    outer loop
      vertex -3.7472 -24.8334 1.7
      vertex -7 -25.1 1.7
      vertex -3.69003 -24.9131 1.7
    endloop
  endfacet
  facet normal 0 0 1
    outer loop
      vertex -3.79904 -24.75 1.7
      vertex -7 -25.1 1.7
      vertex -3.7472 -24.8334 1.7
    endloop
  endfacet
  facet normal 0 0 1
    outer loop
      vertex -3.84531 -24.6634 1.7
      vertex -7 -25.1 1.7
      vertex -3.79904 -24.75 1.7
    endloop
  endfacet
  facet normal 0 0 1
    outer loop
      vertex -3.88582 -24.574 1.7
      vertex -7 -25.1 1.7
      vertex -3.84531 -24.6634 1.7
    endloop
  endfacet
  facet normal 0 0 1
    outer loop
      vertex -3.92039 -24.4822 1.7
      vertex -7 -25.1 1.7
      vertex -3.88582 -24.574 1.7
    endloop
  endfacet
  facet normal 0 0 1
    outer loop
      vertex -3.94889 -24.3882 1.7
      vertex -7 -25.1 1.7
      vertex -3.92039 -24.4822 1.7
    endloop
  endfacet
  facet normal 0 0 1
    outer loop
      vertex -3.97118 -24.2926 1.7
      vertex -7 -25.1 1.7
      vertex -3.94889 -24.3882 1.7
    endloop
  endfacet
  facet normal 0 0 1
    outer loop
      vertex -3.98717 -24.1958 1.7
      vertex -7 -25.1 1.7
      vertex -3.97118 -24.2926 1.7
    endloop
  endfacet
  facet normal 0 0 1
    outer loop
      vertex -3.99679 -24.0981 1.7
      vertex -7 -25.1 1.7
      vertex -3.98717 -24.1958 1.7
    endloop
  endfacet
  facet normal 0 0 1
    outer loop
      vertex -7 -25.1 1.7
      vertex -3.99679 -24.0981 1.7
      vertex -4 -24 1.7
    endloop
  endfacet
  facet normal 0 0 1
    outer loop
      vertex -3.79904 -23.25 1.7
      vertex -7 -25.1 1.7
      vertex -3.84531 -23.3366 1.7
    endloop
  endfacet
  facet normal 0 0 1
    outer loop
      vertex -3.84531 -23.3366 1.7
      vertex -7 -25.1 1.7
      vertex -3.88582 -23.426 1.7
    endloop
  endfacet
  facet normal 0 0 1
    outer loop
      vertex -3.88582 -23.426 1.7
      vertex -7 -25.1 1.7
      vertex -3.92039 -23.5178 1.7
    endloop
  endfacet
  facet normal 0 0 1
    outer loop
      vertex -3.92039 -23.5178 1.7
      vertex -7 -25.1 1.7
      vertex -3.94889 -23.6118 1.7
    endloop
  endfacet
  facet normal 0 0 1
    outer loop
      vertex -3.94889 -23.6118 1.7
      vertex -7 -25.1 1.7
      vertex -3.97118 -23.7074 1.7
    endloop
  endfacet
  facet normal 0 0 1
    outer loop
      vertex -3.97118 -23.7074 1.7
      vertex -7 -25.1 1.7
      vertex -3.98717 -23.8042 1.7
    endloop
  endfacet
  facet normal 0 0 1
    outer loop
      vertex -3.98717 -23.8042 1.7
      vertex -7 -25.1 1.7
      vertex -3.99679 -23.9019 1.7
    endloop
  endfacet
  facet normal 0 0 1
    outer loop
      vertex -3.99679 -23.9019 1.7
      vertex -7 -25.1 1.7
      vertex -4 -24 1.7
    endloop
  endfacet
  facet normal 0 0 1
    outer loop
      vertex -13.2 -31.7 1.7
      vertex -7 -25.1 1.7
      vertex -13.2 -15.2482 1.7
    endloop
  endfacet
  facet normal 0 0 1
    outer loop
      vertex -7 -25.1 1.7
      vertex -13.2 -31.7 1.7
      vertex -7 -31.7 1.7
    endloop
  endfacet
  facet normal 0 0 1
    outer loop
      vertex 13.1128 9.30421 1.7
      vertex -13.1128 9.30421 1.7
      vertex 13.1288 9.20736 1.7
    endloop
  endfacet
  facet normal 0 0 1
    outer loop
      vertex -13.1288 9.20736 1.7
      vertex 13.1288 9.20736 1.7
      vertex -13.1128 9.30421 1.7
    endloop
  endfacet
  facet normal 0 0 1
    outer loop
      vertex 13.1288 9.20736 1.7
      vertex -13.1288 9.20736 1.7
      vertex 13.1511 9.11177 1.7
    endloop
  endfacet
  facet normal 0 0 1
    outer loop
      vertex 13.1511 9.11177 1.7
      vertex -13.1288 9.20736 1.7
      vertex -13.1511 9.11177 1.7
    endloop
  endfacet
  facet normal -0 0 1
    outer loop
      vertex -13.0288 -14.7926 1.7
      vertex -3.07402 -22.6142 1.7
      vertex -13.0128 -14.6958 1.7
    endloop
  endfacet
  facet normal 0 0 1
    outer loop
      vertex 13.0511 -9.11177 1.7
      vertex 2.69579 -22.5128 1.7
      vertex 2.79263 -22.5288 1.7
    endloop
  endfacet
  facet normal 0 0 1
    outer loop
      vertex 13.0511 -9.11177 1.7
      vertex 2.5981 -22.5032 1.7
      vertex 2.69579 -22.5128 1.7
    endloop
  endfacet
  facet normal 0 -0 1
    outer loop
      vertex -13.0288 -9.20736 1.7
      vertex 13.0511 -9.11177 1.7
      vertex -13.0511 -9.11177 1.7
    endloop
  endfacet
  facet normal 0 -0 1
    outer loop
      vertex -13.0796 -9.01784 1.7
      vertex 13.0796 -9.01784 1.7
      vertex -13.1142 -8.92597 1.7
    endloop
  endfacet
  facet normal -0 -0 1
    outer loop
      vertex -13.1142 -8.92597 1.7
      vertex 13.0796 -9.01784 1.7
      vertex -13.1547 -8.83657 1.7
    endloop
  endfacet
  facet normal 0 1 -0
    outer loop
      vertex -7 -31.7 1.7
      vertex -13.2 -31.7 2.5
      vertex -7 -31.7 2.5
    endloop
  endfacet
  facet normal 0 1 0
    outer loop
      vertex -13.2 -31.7 2.5
      vertex -7 -31.7 1.7
      vertex -13.2 -31.7 1.7
    endloop
  endfacet
  facet normal 0 1 -0
    outer loop
      vertex 13.2 -31.7 1.7
      vertex 7 -31.7 2.5
      vertex 13.2 -31.7 2.5
    endloop
  endfacet
  facet normal 0 1 0
    outer loop
      vertex 7 -31.7 2.5
      vertex 13.2 -31.7 1.7
      vertex 7 -31.7 1.7
    endloop
  endfacet
  facet normal -1 0 0
    outer loop
      vertex 7 -25.1 0
      vertex 7 -31.7 1.7
      vertex 7 -25.1 1.7
    endloop
  endfacet
  facet normal -1 0 0
    outer loop
      vertex 7 -34.2874 0
      vertex 7 -31.7 1.7
      vertex 7 -25.1 0
    endloop
  endfacet
  facet normal -1 0 0
    outer loop
      vertex 7 -34.2874 2.5
      vertex 7 -31.7 1.7
      vertex 7 -34.2874 0
    endloop
  endfacet
  facet normal -1 0 0
    outer loop
      vertex 7 -31.7 1.7
      vertex 7 -34.2874 2.5
      vertex 7 -31.7 2.5
    endloop
  endfacet
  facet normal 1 0 0
    outer loop
      vertex -7 -31.7 2.5
      vertex -7 -34.2874 2.5
      vertex -7 -31.7 1.7
    endloop
  endfacet
  facet normal 1 -0 0
    outer loop
      vertex -7 -31.7 1.7
      vertex -7 -25.1 0
      vertex -7 -25.1 1.7
    endloop
  endfacet
  facet normal 1 0 0
    outer loop
      vertex -7 -31.7 1.7
      vertex -7 -34.2874 0
      vertex -7 -25.1 0
    endloop
  endfacet
  facet normal 1 0 0
    outer loop
      vertex -7 -34.2874 0
      vertex -7 -31.7 1.7
      vertex -7 -34.2874 2.5
    endloop
  endfacet
  facet normal 0 -1 0
    outer loop
      vertex -7 -25.1 0
      vertex -3.51866 -25.1 1.7
      vertex -7 -25.1 1.7
    endloop
  endfacet
  facet normal 0 -1 -0
    outer loop
      vertex -3.51866 -25.1 1.7
      vertex -7 -25.1 0
      vertex -3.51866 -25.1 0
    endloop
  endfacet
  facet normal 0 -1 0
    outer loop
      vertex 3.51866 -25.1 0
      vertex 7 -25.1 1.7
      vertex 3.51866 -25.1 1.7
    endloop
  endfacet
  facet normal 0 -1 -0
    outer loop
      vertex 7 -25.1 1.7
      vertex 3.51866 -25.1 0
      vertex 7 -25.1 0
    endloop
  endfacet
  facet normal 0.582867 -0.812568 0
    outer loop
      vertex -23.9131 3.69003 0
      vertex -23.8334 3.7472 2.5
      vertex -23.9131 3.69003 2.5
    endloop
  endfacet
  facet normal 0.582867 -0.812568 0
    outer loop
      vertex -23.8334 3.7472 2.5
      vertex -23.9131 3.69003 0
      vertex -23.8334 3.7472 0
    endloop
  endfacet
  facet normal 0.910906 -0.412613 0
    outer loop
      vertex -24.3858 3.07402 2.5
      vertex -24.3453 3.16343 0
      vertex -24.3453 3.16343 2.5
    endloop
  endfacet
  facet normal 0.910906 -0.412613 0
    outer loop
      vertex -24.3453 3.16343 0
      vertex -24.3858 3.07402 2.5
      vertex -24.3858 3.07402 0
    endloop
  endfacet
  facet normal 0.634274 -0.773108 0
    outer loop
      vertex -23.989 3.62776 0
      vertex -23.9131 3.69003 2.5
      vertex -23.989 3.62776 2.5
    endloop
  endfacet
  facet normal 0.634274 -0.773108 0
    outer loop
      vertex -23.9131 3.69003 2.5
      vertex -23.989 3.62776 0
      vertex -23.9131 3.69003 0
    endloop
  endfacet
  facet normal 0.412736 -0.910851 0
    outer loop
      vertex -23.6634 3.84531 0
      vertex -23.574 3.88582 2.5
      vertex -23.6634 3.84531 2.5
    endloop
  endfacet
  facet normal 0.412736 -0.910851 0
    outer loop
      vertex -23.574 3.88582 2.5
      vertex -23.6634 3.84531 0
      vertex -23.574 3.88582 0
    endloop
  endfacet
  facet normal -0.973856 -0.227165 0
    outer loop
      vertex -21.5288 2.79263 0
      vertex -21.5511 2.88823 2.5
      vertex -21.5511 2.88823 0
    endloop
  endfacet
  facet normal -0.973856 -0.227165 0
    outer loop
      vertex -21.5511 2.88823 2.5
      vertex -21.5288 2.79263 0
      vertex -21.5288 2.79263 2.5
    endloop
  endfacet
  facet normal -0.162977 0.98663 0
    outer loop
      vertex -22.7074 -3.97118 0
      vertex -22.8042 -3.98717 2.5
      vertex -22.7074 -3.97118 2.5
    endloop
  endfacet
  facet normal -0.162977 0.98663 0
    outer loop
      vertex -22.8042 -3.98717 2.5
      vertex -22.7074 -3.97118 0
      vertex -22.8042 -3.98717 0
    endloop
  endfacet
  facet normal 0.729855 0.683602 0
    outer loop
      vertex -24.0607 -3.56066 2.5
      vertex -24.1278 -3.48902 0
      vertex -24.1278 -3.48902 2.5
    endloop
  endfacet
  facet normal 0.729855 0.683602 0
    outer loop
      vertex -24.1278 -3.48902 0
      vertex -24.0607 -3.56066 2.5
      vertex -24.0607 -3.56066 0
    endloop
  endfacet
  facet normal -0.162977 -0.98663 0
    outer loop
      vertex -22.8042 3.98717 0
      vertex -22.7074 3.97118 2.5
      vertex -22.8042 3.98717 2.5
    endloop
  endfacet
  facet normal -0.162977 -0.98663 -0
    outer loop
      vertex -22.7074 3.97118 2.5
      vertex -22.8042 3.98717 0
      vertex -22.7074 3.97118 0
    endloop
  endfacet
  facet normal 1 -0 0
    outer loop
      vertex -24.5 -2.5 2.5
      vertex -24.5 2.5 0
      vertex -24.5 2.5 2.5
    endloop
  endfacet
  facet normal 1 0 0
    outer loop
      vertex -24.5 2.5 0
      vertex -24.5 -2.5 2.5
      vertex -24.5 -2.5 0
    endloop
  endfacet
  facet normal -0.471249 -0.882 0
    outer loop
      vertex -22.3366 3.84531 0
      vertex -22.25 3.79904 2.5
      vertex -22.3366 3.84531 2.5
    endloop
  endfacet
  facet normal -0.471249 -0.882 -0
    outer loop
      vertex -22.25 3.79904 2.5
      vertex -22.3366 3.84531 0
      vertex -22.25 3.79904 0
    endloop
  endfacet
  facet normal 0.0327042 -0.999465 0
    outer loop
      vertex -23.0981 3.99679 0
      vertex -23 4 2.5
      vertex -23.0981 3.99679 2.5
    endloop
  endfacet
  facet normal 0.0327042 -0.999465 0
    outer loop
      vertex -23 4 2.5
      vertex -23.0981 3.99679 0
      vertex -23 4 0
    endloop
  endfacet
  facet normal 0.995206 0.097799 0
    outer loop
      vertex -24.4872 -2.69579 2.5
      vertex -24.4968 -2.5981 0
      vertex -24.4968 -2.5981 2.5
    endloop
  endfacet
  facet normal 0.995206 0.097799 0
    outer loop
      vertex -24.4968 -2.5981 0
      vertex -24.4872 -2.69579 2.5
      vertex -24.4872 -2.69579 0
    endloop
  endfacet
  facet normal -0.956922 -0.290347 0
    outer loop
      vertex -21.5511 2.88823 0
      vertex -21.5796 2.98216 2.5
      vertex -21.5796 2.98216 0
    endloop
  endfacet
  facet normal -0.956922 -0.290347 0
    outer loop
      vertex -21.5796 2.98216 2.5
      vertex -21.5511 2.88823 0
      vertex -21.5511 2.88823 2.5
    endloop
  endfacet
  facet normal -0.412736 0.910851 0
    outer loop
      vertex -22.3366 -3.84531 0
      vertex -22.426 -3.88582 2.5
      vertex -22.3366 -3.84531 2.5
    endloop
  endfacet
  facet normal -0.412736 0.910851 0
    outer loop
      vertex -22.426 -3.88582 2.5
      vertex -22.3366 -3.84531 0
      vertex -22.426 -3.88582 0
    endloop
  endfacet
  facet normal -0.0979908 0.995187 0
    outer loop
      vertex -22.8042 -3.98717 0
      vertex -22.9019 -3.99679 2.5
      vertex -22.8042 -3.98717 2.5
    endloop
  endfacet
  facet normal -0.0979908 0.995187 0
    outer loop
      vertex -22.9019 -3.99679 2.5
      vertex -22.8042 -3.98717 0
      vertex -22.9019 -3.99679 0
    endloop
  endfacet
  facet normal -1 0 0
    outer loop
      vertex -21.5 -2.5 0
      vertex -21.5 2.5 2.5
      vertex -21.5 2.5 0
    endloop
  endfacet
  facet normal -1 -0 0
    outer loop
      vertex -21.5 2.5 2.5
      vertex -21.5 -2.5 0
      vertex -21.5 -2.5 2.5
    endloop
  endfacet
  facet normal 0.290149 -0.956982 0
    outer loop
      vertex -23.4822 3.92039 0
      vertex -23.3882 3.94889 2.5
      vertex -23.4822 3.92039 2.5
    endloop
  endfacet
  facet normal 0.290149 -0.956982 0
    outer loop
      vertex -23.3882 3.94889 2.5
      vertex -23.4822 3.92039 0
      vertex -23.3882 3.94889 0
    endloop
  endfacet
  facet normal -0.999468 -0.0326024 0
    outer loop
      vertex -21.5 2.5 0
      vertex -21.5032 2.5981 2.5
      vertex -21.5032 2.5981 0
    endloop
  endfacet
  facet normal -0.999468 -0.0326024 0
    outer loop
      vertex -21.5032 2.5981 2.5
      vertex -21.5 2.5 0
      vertex -21.5 2.5 2.5
    endloop
  endfacet
  facet normal 0.999468 0.0326024 0
    outer loop
      vertex -24.4968 -2.5981 2.5
      vertex -24.5 -2.5 0
      vertex -24.5 -2.5 2.5
    endloop
  endfacet
  facet normal 0.999468 0.0326024 0
    outer loop
      vertex -24.5 -2.5 0
      vertex -24.4968 -2.5981 2.5
      vertex -24.4968 -2.5981 0
    endloop
  endfacet
  facet normal -0.995206 -0.097799 0
    outer loop
      vertex -21.5032 2.5981 0
      vertex -21.5128 2.69579 2.5
      vertex -21.5128 2.69579 0
    endloop
  endfacet
  facet normal -0.995206 -0.097799 0
    outer loop
      vertex -21.5128 2.69579 2.5
      vertex -21.5032 2.5981 0
      vertex -21.5032 2.5981 2.5
    endloop
  endfacet
  facet normal -0.986624 -0.163011 0
    outer loop
      vertex -21.5128 2.69579 0
      vertex -21.5288 2.79263 2.5
      vertex -21.5288 2.79263 0
    endloop
  endfacet
  facet normal -0.986624 -0.163011 0
    outer loop
      vertex -21.5288 2.79263 2.5
      vertex -21.5128 2.69579 0
      vertex -21.5128 2.69579 2.5
    endloop
  endfacet
  facet normal 0.634274 0.773108 -0
    outer loop
      vertex -23.9131 -3.69003 0
      vertex -23.989 -3.62776 2.5
      vertex -23.9131 -3.69003 2.5
    endloop
  endfacet
  facet normal 0.634274 0.773108 0
    outer loop
      vertex -23.989 -3.62776 2.5
      vertex -23.9131 -3.69003 0
      vertex -23.989 -3.62776 0
    endloop
  endfacet
  facet normal 0.227069 -0.973879 0
    outer loop
      vertex -23.3882 3.94889 0
      vertex -23.2926 3.97118 2.5
      vertex -23.3882 3.94889 2.5
    endloop
  endfacet
  facet normal 0.227069 -0.973879 0
    outer loop
      vertex -23.2926 3.97118 2.5
      vertex -23.3882 3.94889 0
      vertex -23.2926 3.97118 0
    endloop
  endfacet
  facet normal 0.849341 -0.527845 0
    outer loop
      vertex -24.299 3.25 2.5
      vertex -24.2472 3.33335 0
      vertex -24.2472 3.33335 2.5
    endloop
  endfacet
  facet normal 0.849341 -0.527845 0
    outer loop
      vertex -24.2472 3.33335 0
      vertex -24.299 3.25 2.5
      vertex -24.299 3.25 0
    endloop
  endfacet
  facet normal 0.935817 -0.352485 0
    outer loop
      vertex -24.4204 2.98216 2.5
      vertex -24.3858 3.07402 0
      vertex -24.3858 3.07402 2.5
    endloop
  endfacet
  facet normal 0.935817 -0.352485 0
    outer loop
      vertex -24.3858 3.07402 0
      vertex -24.4204 2.98216 2.5
      vertex -24.4204 2.98216 0
    endloop
  endfacet
  facet normal 0.973856 0.227165 0
    outer loop
      vertex -24.4489 -2.88823 2.5
      vertex -24.4712 -2.79263 0
      vertex -24.4712 -2.79263 2.5
    endloop
  endfacet
  facet normal 0.973856 0.227165 0
    outer loop
      vertex -24.4712 -2.79263 0
      vertex -24.4489 -2.88823 2.5
      vertex -24.4489 -2.88823 0
    endloop
  endfacet
  facet normal -0.849341 0.527845 0
    outer loop
      vertex -21.7528 -3.33335 0
      vertex -21.701 -3.25 2.5
      vertex -21.701 -3.25 0
    endloop
  endfacet
  facet normal -0.849341 0.527845 0
    outer loop
      vertex -21.701 -3.25 2.5
      vertex -21.7528 -3.33335 0
      vertex -21.7528 -3.33335 2.5
    endloop
  endfacet
  facet normal -0.910906 -0.412613 0
    outer loop
      vertex -21.6142 3.07402 0
      vertex -21.6547 3.16343 2.5
      vertex -21.6547 3.16343 0
    endloop
  endfacet
  facet normal -0.910906 -0.412613 0
    outer loop
      vertex -21.6547 3.16343 2.5
      vertex -21.6142 3.07402 0
      vertex -21.6142 3.07402 2.5
    endloop
  endfacet
  facet normal -0.935817 -0.352485 0
    outer loop
      vertex -21.5796 2.98216 0
      vertex -21.6142 3.07402 2.5
      vertex -21.6142 3.07402 0
    endloop
  endfacet
  facet normal -0.935817 -0.352485 0
    outer loop
      vertex -21.6142 3.07402 2.5
      vertex -21.5796 2.98216 0
      vertex -21.5796 2.98216 2.5
    endloop
  endfacet
  facet normal 0.729855 -0.683602 0
    outer loop
      vertex -24.1278 3.48902 2.5
      vertex -24.0607 3.56066 0
      vertex -24.0607 3.56066 2.5
    endloop
  endfacet
  facet normal 0.729855 -0.683602 0
    outer loop
      vertex -24.0607 3.56066 0
      vertex -24.1278 3.48902 2.5
      vertex -24.1278 3.48902 0
    endloop
  endfacet
  facet normal 0.935817 0.352485 0
    outer loop
      vertex -24.3858 -3.07402 2.5
      vertex -24.4204 -2.98216 0
      vertex -24.4204 -2.98216 2.5
    endloop
  endfacet
  facet normal 0.935817 0.352485 0
    outer loop
      vertex -24.4204 -2.98216 0
      vertex -24.3858 -3.07402 2.5
      vertex -24.3858 -3.07402 0
    endloop
  endfacet
  facet normal 0.352419 -0.935842 0
    outer loop
      vertex -23.574 3.88582 0
      vertex -23.4822 3.92039 2.5
      vertex -23.574 3.88582 2.5
    endloop
  endfacet
  facet normal 0.352419 -0.935842 0
    outer loop
      vertex -23.4822 3.92039 2.5
      vertex -23.574 3.88582 0
      vertex -23.4822 3.92039 0
    endloop
  endfacet
  facet normal -0.999468 0.0326024 0
    outer loop
      vertex -21.5032 -2.5981 0
      vertex -21.5 -2.5 2.5
      vertex -21.5 -2.5 0
    endloop
  endfacet
  facet normal -0.999468 0.0326024 0
    outer loop
      vertex -21.5 -2.5 2.5
      vertex -21.5032 -2.5981 0
      vertex -21.5032 -2.5981 2.5
    endloop
  endfacet
  facet normal 0.471249 0.882 -0
    outer loop
      vertex -23.6634 -3.84531 0
      vertex -23.75 -3.79904 2.5
      vertex -23.6634 -3.84531 2.5
    endloop
  endfacet
  facet normal 0.471249 0.882 0
    outer loop
      vertex -23.75 -3.79904 2.5
      vertex -23.6634 -3.84531 0
      vertex -23.75 -3.79904 0
    endloop
  endfacet
  facet normal 0.412736 0.910851 -0
    outer loop
      vertex -23.574 -3.88582 0
      vertex -23.6634 -3.84531 2.5
      vertex -23.574 -3.88582 2.5
    endloop
  endfacet
  facet normal 0.412736 0.910851 0
    outer loop
      vertex -23.6634 -3.84531 2.5
      vertex -23.574 -3.88582 0
      vertex -23.6634 -3.84531 0
    endloop
  endfacet
  facet normal -0.995206 0.097799 0
    outer loop
      vertex -21.5128 -2.69579 0
      vertex -21.5032 -2.5981 2.5
      vertex -21.5032 -2.5981 0
    endloop
  endfacet
  facet normal -0.995206 0.097799 0
    outer loop
      vertex -21.5032 -2.5981 2.5
      vertex -21.5128 -2.69579 0
      vertex -21.5128 -2.69579 2.5
    endloop
  endfacet
  facet normal -0.412736 -0.910851 0
    outer loop
      vertex -22.426 3.88582 0
      vertex -22.3366 3.84531 2.5
      vertex -22.426 3.88582 2.5
    endloop
  endfacet
  facet normal -0.412736 -0.910851 -0
    outer loop
      vertex -22.3366 3.84531 2.5
      vertex -22.426 3.88582 0
      vertex -22.3366 3.84531 0
    endloop
  endfacet
  facet normal 0.881805 0.471614 0
    outer loop
      vertex -24.299 -3.25 2.5
      vertex -24.3453 -3.16343 0
      vertex -24.3453 -3.16343 2.5
    endloop
  endfacet
  facet normal 0.881805 0.471614 0
    outer loop
      vertex -24.3453 -3.16343 0
      vertex -24.299 -3.25 2.5
      vertex -24.299 -3.25 0
    endloop
  endfacet
  facet normal -0.352419 -0.935842 0
    outer loop
      vertex -22.5178 3.92039 0
      vertex -22.426 3.88582 2.5
      vertex -22.5178 3.92039 2.5
    endloop
  endfacet
  facet normal -0.352419 -0.935842 -0
    outer loop
      vertex -22.426 3.88582 2.5
      vertex -22.5178 3.92039 0
      vertex -22.426 3.88582 0
    endloop
  endfacet
  facet normal -0.52791 0.8493 0
    outer loop
      vertex -22.1666 -3.7472 0
      vertex -22.25 -3.79904 2.5
      vertex -22.1666 -3.7472 2.5
    endloop
  endfacet
  facet normal -0.52791 0.8493 0
    outer loop
      vertex -22.25 -3.79904 2.5
      vertex -22.1666 -3.7472 0
      vertex -22.25 -3.79904 0
    endloop
  endfacet
  facet normal 0.227069 0.973879 -0
    outer loop
      vertex -23.2926 -3.97118 0
      vertex -23.3882 -3.94889 2.5
      vertex -23.2926 -3.97118 2.5
    endloop
  endfacet
  facet normal 0.227069 0.973879 0
    outer loop
      vertex -23.3882 -3.94889 2.5
      vertex -23.2926 -3.97118 0
      vertex -23.3882 -3.94889 0
    endloop
  endfacet
  facet normal -0.0979908 -0.995187 0
    outer loop
      vertex -22.9019 3.99679 0
      vertex -22.8042 3.98717 2.5
      vertex -22.9019 3.99679 2.5
    endloop
  endfacet
  facet normal -0.0979908 -0.995187 -0
    outer loop
      vertex -22.8042 3.98717 2.5
      vertex -22.9019 3.99679 0
      vertex -22.8042 3.98717 0
    endloop
  endfacet
  facet normal 0.162977 -0.98663 0
    outer loop
      vertex -23.2926 3.97118 0
      vertex -23.1958 3.98717 2.5
      vertex -23.2926 3.97118 2.5
    endloop
  endfacet
  facet normal 0.162977 -0.98663 0
    outer loop
      vertex -23.1958 3.98717 2.5
      vertex -23.2926 3.97118 0
      vertex -23.1958 3.98717 0
    endloop
  endfacet
  facet normal 0.773376 -0.633948 0
    outer loop
      vertex -24.19 3.41314 2.5
      vertex -24.1278 3.48902 0
      vertex -24.1278 3.48902 2.5
    endloop
  endfacet
  facet normal 0.773376 -0.633948 0
    outer loop
      vertex -24.1278 3.48902 0
      vertex -24.19 3.41314 2.5
      vertex -24.19 3.41314 0
    endloop
  endfacet
  facet normal 0.956922 0.290347 0
    outer loop
      vertex -24.4204 -2.98216 2.5
      vertex -24.4489 -2.88823 0
      vertex -24.4489 -2.88823 2.5
    endloop
  endfacet
  facet normal 0.956922 0.290347 0
    outer loop
      vertex -24.4489 -2.88823 0
      vertex -24.4204 -2.98216 2.5
      vertex -24.4204 -2.98216 0
    endloop
  endfacet
  facet normal 0.162977 0.98663 -0
    outer loop
      vertex -23.1958 -3.98717 0
      vertex -23.2926 -3.97118 2.5
      vertex -23.1958 -3.98717 2.5
    endloop
  endfacet
  facet normal 0.162977 0.98663 0
    outer loop
      vertex -23.2926 -3.97118 2.5
      vertex -23.1958 -3.98717 0
      vertex -23.2926 -3.97118 0
    endloop
  endfacet
  facet normal 0.999468 -0.0326024 0
    outer loop
      vertex -24.5 2.5 2.5
      vertex -24.4968 2.5981 0
      vertex -24.4968 2.5981 2.5
    endloop
  endfacet
  facet normal 0.999468 -0.0326024 0
    outer loop
      vertex -24.4968 2.5981 0
      vertex -24.5 2.5 2.5
      vertex -24.5 2.5 0
    endloop
  endfacet
  facet normal -0.986624 0.163011 0
    outer loop
      vertex -21.5288 -2.79263 0
      vertex -21.5128 -2.69579 2.5
      vertex -21.5128 -2.69579 0
    endloop
  endfacet
  facet normal -0.986624 0.163011 0
    outer loop
      vertex -21.5128 -2.69579 2.5
      vertex -21.5288 -2.79263 0
      vertex -21.5288 -2.79263 2.5
    endloop
  endfacet
  facet normal -0.910906 0.412613 0
    outer loop
      vertex -21.6547 -3.16343 0
      vertex -21.6142 -3.07402 2.5
      vertex -21.6142 -3.07402 0
    endloop
  endfacet
  facet normal -0.910906 0.412613 0
    outer loop
      vertex -21.6142 -3.07402 2.5
      vertex -21.6547 -3.16343 0
      vertex -21.6547 -3.16343 2.5
    endloop
  endfacet
  facet normal -0.881805 0.471614 0
    outer loop
      vertex -21.701 -3.25 0
      vertex -21.6547 -3.16343 2.5
      vertex -21.6547 -3.16343 0
    endloop
  endfacet
  facet normal -0.881805 0.471614 0
    outer loop
      vertex -21.6547 -3.16343 2.5
      vertex -21.701 -3.25 0
      vertex -21.701 -3.25 2.5
    endloop
  endfacet
  facet normal 0.471249 -0.882 0
    outer loop
      vertex -23.75 3.79904 0
      vertex -23.6634 3.84531 2.5
      vertex -23.75 3.79904 2.5
    endloop
  endfacet
  facet normal 0.471249 -0.882 0
    outer loop
      vertex -23.6634 3.84531 2.5
      vertex -23.75 3.79904 0
      vertex -23.6634 3.84531 0
    endloop
  endfacet
  facet normal -0.729855 -0.683602 0
    outer loop
      vertex -21.8722 3.48902 0
      vertex -21.9393 3.56066 2.5
      vertex -21.9393 3.56066 0
    endloop
  endfacet
  facet normal -0.729855 -0.683602 0
    outer loop
      vertex -21.9393 3.56066 2.5
      vertex -21.8722 3.48902 0
      vertex -21.8722 3.48902 2.5
    endloop
  endfacet
  facet normal -0.52791 -0.8493 0
    outer loop
      vertex -22.25 3.79904 0
      vertex -22.1666 3.7472 2.5
      vertex -22.25 3.79904 2.5
    endloop
  endfacet
  facet normal -0.52791 -0.8493 -0
    outer loop
      vertex -22.1666 3.7472 2.5
      vertex -22.25 3.79904 0
      vertex -22.1666 3.7472 0
    endloop
  endfacet
  facet normal -0.812734 -0.582634 0
    outer loop
      vertex -21.7528 3.33335 0
      vertex -21.81 3.41314 2.5
      vertex -21.81 3.41314 0
    endloop
  endfacet
  facet normal -0.812734 -0.582634 0
    outer loop
      vertex -21.81 3.41314 2.5
      vertex -21.7528 3.33335 0
      vertex -21.7528 3.33335 2.5
    endloop
  endfacet
  facet normal 0.973856 -0.227165 0
    outer loop
      vertex -24.4712 2.79263 2.5
      vertex -24.4489 2.88823 0
      vertex -24.4489 2.88823 2.5
    endloop
  endfacet
  facet normal 0.973856 -0.227165 0
    outer loop
      vertex -24.4489 2.88823 0
      vertex -24.4712 2.79263 2.5
      vertex -24.4712 2.79263 0
    endloop
  endfacet
  facet normal 0.881805 -0.471614 0
    outer loop
      vertex -24.3453 3.16343 2.5
      vertex -24.299 3.25 0
      vertex -24.299 3.25 2.5
    endloop
  endfacet
  facet normal 0.881805 -0.471614 0
    outer loop
      vertex -24.299 3.25 0
      vertex -24.3453 3.16343 2.5
      vertex -24.3453 3.16343 0
    endloop
  endfacet
  facet normal 0.773376 0.633948 0
    outer loop
      vertex -24.1278 -3.48902 2.5
      vertex -24.19 -3.41314 0
      vertex -24.19 -3.41314 2.5
    endloop
  endfacet
  facet normal 0.773376 0.633948 0
    outer loop
      vertex -24.19 -3.41314 0
      vertex -24.1278 -3.48902 2.5
      vertex -24.1278 -3.48902 0
    endloop
  endfacet
  facet normal -0.471249 0.882 0
    outer loop
      vertex -22.25 -3.79904 0
      vertex -22.3366 -3.84531 2.5
      vertex -22.25 -3.79904 2.5
    endloop
  endfacet
  facet normal -0.471249 0.882 0
    outer loop
      vertex -22.3366 -3.84531 2.5
      vertex -22.25 -3.79904 0
      vertex -22.3366 -3.84531 0
    endloop
  endfacet
  facet normal -0.227069 -0.973879 0
    outer loop
      vertex -22.7074 3.97118 0
      vertex -22.6118 3.94889 2.5
      vertex -22.7074 3.97118 2.5
    endloop
  endfacet
  facet normal -0.227069 -0.973879 -0
    outer loop
      vertex -22.6118 3.94889 2.5
      vertex -22.7074 3.97118 0
      vertex -22.6118 3.94889 0
    endloop
  endfacet
  facet normal -0.683297 -0.73014 0
    outer loop
      vertex -22.011 3.62776 0
      vertex -21.9393 3.56066 2.5
      vertex -22.011 3.62776 2.5
    endloop
  endfacet
  facet normal -0.683297 -0.73014 -0
    outer loop
      vertex -21.9393 3.56066 2.5
      vertex -22.011 3.62776 0
      vertex -21.9393 3.56066 0
    endloop
  endfacet
  facet normal 0.0979908 0.995187 -0
    outer loop
      vertex -23.0981 -3.99679 0
      vertex -23.1958 -3.98717 2.5
      vertex -23.0981 -3.99679 2.5
    endloop
  endfacet
  facet normal 0.0979908 0.995187 0
    outer loop
      vertex -23.1958 -3.98717 2.5
      vertex -23.0981 -3.99679 0
      vertex -23.1958 -3.98717 0
    endloop
  endfacet
  facet normal 0.52791 -0.8493 0
    outer loop
      vertex -23.8334 3.7472 0
      vertex -23.75 3.79904 2.5
      vertex -23.8334 3.7472 2.5
    endloop
  endfacet
  facet normal 0.52791 -0.8493 0
    outer loop
      vertex -23.75 3.79904 2.5
      vertex -23.8334 3.7472 0
      vertex -23.75 3.79904 0
    endloop
  endfacet
  facet normal -0.352419 0.935842 0
    outer loop
      vertex -22.426 -3.88582 0
      vertex -22.5178 -3.92039 2.5
      vertex -22.426 -3.88582 2.5
    endloop
  endfacet
  facet normal -0.352419 0.935842 0
    outer loop
      vertex -22.5178 -3.92039 2.5
      vertex -22.426 -3.88582 0
      vertex -22.5178 -3.92039 0
    endloop
  endfacet
  facet normal -0.290149 -0.956982 0
    outer loop
      vertex -22.6118 3.94889 0
      vertex -22.5178 3.92039 2.5
      vertex -22.6118 3.94889 2.5
    endloop
  endfacet
  facet normal -0.290149 -0.956982 -0
    outer loop
      vertex -22.5178 3.92039 2.5
      vertex -22.6118 3.94889 0
      vertex -22.5178 3.92039 0
    endloop
  endfacet
  facet normal 0.52791 0.8493 -0
    outer loop
      vertex -23.75 -3.79904 0
      vertex -23.8334 -3.7472 2.5
      vertex -23.75 -3.79904 2.5
    endloop
  endfacet
  facet normal 0.52791 0.8493 0
    outer loop
      vertex -23.8334 -3.7472 2.5
      vertex -23.75 -3.79904 0
      vertex -23.8334 -3.7472 0
    endloop
  endfacet
  facet normal -0.582867 0.812568 0
    outer loop
      vertex -22.0869 -3.69003 0
      vertex -22.1666 -3.7472 2.5
      vertex -22.0869 -3.69003 2.5
    endloop
  endfacet
  facet normal -0.582867 0.812568 0
    outer loop
      vertex -22.1666 -3.7472 2.5
      vertex -22.0869 -3.69003 0
      vertex -22.1666 -3.7472 0
    endloop
  endfacet
  facet normal 0.956922 -0.290347 0
    outer loop
      vertex -24.4489 2.88823 2.5
      vertex -24.4204 2.98216 0
      vertex -24.4204 2.98216 2.5
    endloop
  endfacet
  facet normal 0.956922 -0.290347 0
    outer loop
      vertex -24.4204 2.98216 0
      vertex -24.4489 2.88823 2.5
      vertex -24.4489 2.88823 0
    endloop
  endfacet
  facet normal -0.634274 -0.773108 0
    outer loop
      vertex -22.0869 3.69003 0
      vertex -22.011 3.62776 2.5
      vertex -22.0869 3.69003 2.5
    endloop
  endfacet
  facet normal -0.634274 -0.773108 -0
    outer loop
      vertex -22.011 3.62776 2.5
      vertex -22.0869 3.69003 0
      vertex -22.011 3.62776 0
    endloop
  endfacet
  facet normal 0.290149 0.956982 -0
    outer loop
      vertex -23.3882 -3.94889 0
      vertex -23.4822 -3.92039 2.5
      vertex -23.3882 -3.94889 2.5
    endloop
  endfacet
  facet normal 0.290149 0.956982 0
    outer loop
      vertex -23.4822 -3.92039 2.5
      vertex -23.3882 -3.94889 0
      vertex -23.4822 -3.92039 0
    endloop
  endfacet
  facet normal 0.995206 -0.097799 0
    outer loop
      vertex -24.4968 2.5981 2.5
      vertex -24.4872 2.69579 0
      vertex -24.4872 2.69579 2.5
    endloop
  endfacet
  facet normal 0.995206 -0.097799 0
    outer loop
      vertex -24.4872 2.69579 0
      vertex -24.4968 2.5981 2.5
      vertex -24.4968 2.5981 0
    endloop
  endfacet
  facet normal -0.582867 -0.812568 0
    outer loop
      vertex -22.1666 3.7472 0
      vertex -22.0869 3.69003 2.5
      vertex -22.1666 3.7472 2.5
    endloop
  endfacet
  facet normal -0.582867 -0.812568 -0
    outer loop
      vertex -22.0869 3.69003 2.5
      vertex -22.1666 3.7472 0
      vertex -22.0869 3.69003 0
    endloop
  endfacet
  facet normal -0.881805 -0.471614 0
    outer loop
      vertex -21.6547 3.16343 0
      vertex -21.701 3.25 2.5
      vertex -21.701 3.25 0
    endloop
  endfacet
  facet normal -0.881805 -0.471614 0
    outer loop
      vertex -21.701 3.25 2.5
      vertex -21.6547 3.16343 0
      vertex -21.6547 3.16343 2.5
    endloop
  endfacet
  facet normal -0.956922 0.290347 0
    outer loop
      vertex -21.5796 -2.98216 0
      vertex -21.5511 -2.88823 2.5
      vertex -21.5511 -2.88823 0
    endloop
  endfacet
  facet normal -0.956922 0.290347 0
    outer loop
      vertex -21.5511 -2.88823 2.5
      vertex -21.5796 -2.98216 0
      vertex -21.5796 -2.98216 2.5
    endloop
  endfacet
  facet normal -0.973856 0.227165 0
    outer loop
      vertex -21.5511 -2.88823 0
      vertex -21.5288 -2.79263 2.5
      vertex -21.5288 -2.79263 0
    endloop
  endfacet
  facet normal -0.973856 0.227165 0
    outer loop
      vertex -21.5288 -2.79263 2.5
      vertex -21.5511 -2.88823 0
      vertex -21.5511 -2.88823 2.5
    endloop
  endfacet
  facet normal 0.582867 0.812568 -0
    outer loop
      vertex -23.8334 -3.7472 0
      vertex -23.9131 -3.69003 2.5
      vertex -23.8334 -3.7472 2.5
    endloop
  endfacet
  facet normal 0.582867 0.812568 0
    outer loop
      vertex -23.9131 -3.69003 2.5
      vertex -23.8334 -3.7472 0
      vertex -23.9131 -3.69003 0
    endloop
  endfacet
  facet normal -0.0327042 -0.999465 0
    outer loop
      vertex -23 4 0
      vertex -22.9019 3.99679 2.5
      vertex -23 4 2.5
    endloop
  endfacet
  facet normal -0.0327042 -0.999465 -0
    outer loop
      vertex -22.9019 3.99679 2.5
      vertex -23 4 0
      vertex -22.9019 3.99679 0
    endloop
  endfacet
  facet normal 0.812734 -0.582634 0
    outer loop
      vertex -24.2472 3.33335 2.5
      vertex -24.19 3.41314 0
      vertex -24.19 3.41314 2.5
    endloop
  endfacet
  facet normal 0.812734 -0.582634 0
    outer loop
      vertex -24.19 3.41314 0
      vertex -24.2472 3.33335 2.5
      vertex -24.2472 3.33335 0
    endloop
  endfacet
  facet normal 0.0979908 -0.995187 0
    outer loop
      vertex -23.1958 3.98717 0
      vertex -23.0981 3.99679 2.5
      vertex -23.1958 3.98717 2.5
    endloop
  endfacet
  facet normal 0.0979908 -0.995187 0
    outer loop
      vertex -23.0981 3.99679 2.5
      vertex -23.1958 3.98717 0
      vertex -23.0981 3.99679 0
    endloop
  endfacet
  facet normal -0.935817 0.352485 0
    outer loop
      vertex -21.6142 -3.07402 0
      vertex -21.5796 -2.98216 2.5
      vertex -21.5796 -2.98216 0
    endloop
  endfacet
  facet normal -0.935817 0.352485 0
    outer loop
      vertex -21.5796 -2.98216 2.5
      vertex -21.6142 -3.07402 0
      vertex -21.6142 -3.07402 2.5
    endloop
  endfacet
  facet normal -0.634274 0.773108 0
    outer loop
      vertex -22.011 -3.62776 0
      vertex -22.0869 -3.69003 2.5
      vertex -22.011 -3.62776 2.5
    endloop
  endfacet
  facet normal -0.634274 0.773108 0
    outer loop
      vertex -22.0869 -3.69003 2.5
      vertex -22.011 -3.62776 0
      vertex -22.0869 -3.69003 0
    endloop
  endfacet
  facet normal -0.729855 0.683602 0
    outer loop
      vertex -21.9393 -3.56066 0
      vertex -21.8722 -3.48902 2.5
      vertex -21.8722 -3.48902 0
    endloop
  endfacet
  facet normal -0.729855 0.683602 0
    outer loop
      vertex -21.8722 -3.48902 2.5
      vertex -21.9393 -3.56066 0
      vertex -21.9393 -3.56066 2.5
    endloop
  endfacet
  facet normal 0.352419 0.935842 -0
    outer loop
      vertex -23.4822 -3.92039 0
      vertex -23.574 -3.88582 2.5
      vertex -23.4822 -3.92039 2.5
    endloop
  endfacet
  facet normal 0.352419 0.935842 0
    outer loop
      vertex -23.574 -3.88582 2.5
      vertex -23.4822 -3.92039 0
      vertex -23.574 -3.88582 0
    endloop
  endfacet
  facet normal -0.773376 0.633948 0
    outer loop
      vertex -21.8722 -3.48902 0
      vertex -21.81 -3.41314 2.5
      vertex -21.81 -3.41314 0
    endloop
  endfacet
  facet normal -0.773376 0.633948 0
    outer loop
      vertex -21.81 -3.41314 2.5
      vertex -21.8722 -3.48902 0
      vertex -21.8722 -3.48902 2.5
    endloop
  endfacet
  facet normal 0.986624 -0.163011 0
    outer loop
      vertex -24.4872 2.69579 2.5
      vertex -24.4712 2.79263 0
      vertex -24.4712 2.79263 2.5
    endloop
  endfacet
  facet normal 0.986624 -0.163011 0
    outer loop
      vertex -24.4712 2.79263 0
      vertex -24.4872 2.69579 2.5
      vertex -24.4872 2.69579 0
    endloop
  endfacet
  facet normal 0.683297 0.73014 -0
    outer loop
      vertex -23.989 -3.62776 0
      vertex -24.0607 -3.56066 2.5
      vertex -23.989 -3.62776 2.5
    endloop
  endfacet
  facet normal 0.683297 0.73014 0
    outer loop
      vertex -24.0607 -3.56066 2.5
      vertex -23.989 -3.62776 0
      vertex -24.0607 -3.56066 0
    endloop
  endfacet
  facet normal 0.910906 0.412613 0
    outer loop
      vertex -24.3453 -3.16343 2.5
      vertex -24.3858 -3.07402 0
      vertex -24.3858 -3.07402 2.5
    endloop
  endfacet
  facet normal 0.910906 0.412613 0
    outer loop
      vertex -24.3858 -3.07402 0
      vertex -24.3453 -3.16343 2.5
      vertex -24.3453 -3.16343 0
    endloop
  endfacet
  facet normal 0.812734 0.582634 0
    outer loop
      vertex -24.19 -3.41314 2.5
      vertex -24.2472 -3.33335 0
      vertex -24.2472 -3.33335 2.5
    endloop
  endfacet
  facet normal 0.812734 0.582634 0
    outer loop
      vertex -24.2472 -3.33335 0
      vertex -24.19 -3.41314 2.5
      vertex -24.19 -3.41314 0
    endloop
  endfacet
  facet normal 0.683297 -0.73014 0
    outer loop
      vertex -24.0607 3.56066 0
      vertex -23.989 3.62776 2.5
      vertex -24.0607 3.56066 2.5
    endloop
  endfacet
  facet normal 0.683297 -0.73014 0
    outer loop
      vertex -23.989 3.62776 2.5
      vertex -24.0607 3.56066 0
      vertex -23.989 3.62776 0
    endloop
  endfacet
  facet normal 0.849341 0.527845 0
    outer loop
      vertex -24.2472 -3.33335 2.5
      vertex -24.299 -3.25 0
      vertex -24.299 -3.25 2.5
    endloop
  endfacet
  facet normal 0.849341 0.527845 0
    outer loop
      vertex -24.299 -3.25 0
      vertex -24.2472 -3.33335 2.5
      vertex -24.2472 -3.33335 0
    endloop
  endfacet
  facet normal -0.227069 0.973879 0
    outer loop
      vertex -22.6118 -3.94889 0
      vertex -22.7074 -3.97118 2.5
      vertex -22.6118 -3.94889 2.5
    endloop
  endfacet
  facet normal -0.227069 0.973879 0
    outer loop
      vertex -22.7074 -3.97118 2.5
      vertex -22.6118 -3.94889 0
      vertex -22.7074 -3.97118 0
    endloop
  endfacet
  facet normal 0.0327042 0.999465 -0
    outer loop
      vertex -23 -4 0
      vertex -23.0981 -3.99679 2.5
      vertex -23 -4 2.5
    endloop
  endfacet
  facet normal 0.0327042 0.999465 0
    outer loop
      vertex -23.0981 -3.99679 2.5
      vertex -23 -4 0
      vertex -23.0981 -3.99679 0
    endloop
  endfacet
  facet normal -0.773376 -0.633948 0
    outer loop
      vertex -21.81 3.41314 0
      vertex -21.8722 3.48902 2.5
      vertex -21.8722 3.48902 0
    endloop
  endfacet
  facet normal -0.773376 -0.633948 0
    outer loop
      vertex -21.8722 3.48902 2.5
      vertex -21.81 3.41314 0
      vertex -21.81 3.41314 2.5
    endloop
  endfacet
  facet normal -0.290149 0.956982 0
    outer loop
      vertex -22.5178 -3.92039 0
      vertex -22.6118 -3.94889 2.5
      vertex -22.5178 -3.92039 2.5
    endloop
  endfacet
  facet normal -0.290149 0.956982 0
    outer loop
      vertex -22.6118 -3.94889 2.5
      vertex -22.5178 -3.92039 0
      vertex -22.6118 -3.94889 0
    endloop
  endfacet
  facet normal -0.849341 -0.527845 0
    outer loop
      vertex -21.701 3.25 0
      vertex -21.7528 3.33335 2.5
      vertex -21.7528 3.33335 0
    endloop
  endfacet
  facet normal -0.849341 -0.527845 0
    outer loop
      vertex -21.7528 3.33335 2.5
      vertex -21.701 3.25 0
      vertex -21.701 3.25 2.5
    endloop
  endfacet
  facet normal -0.683297 0.73014 0
    outer loop
      vertex -21.9393 -3.56066 0
      vertex -22.011 -3.62776 2.5
      vertex -21.9393 -3.56066 2.5
    endloop
  endfacet
  facet normal -0.683297 0.73014 0
    outer loop
      vertex -22.011 -3.62776 2.5
      vertex -21.9393 -3.56066 0
      vertex -22.011 -3.62776 0
    endloop
  endfacet
  facet normal 0.986624 0.163011 0
    outer loop
      vertex -24.4712 -2.79263 2.5
      vertex -24.4872 -2.69579 0
      vertex -24.4872 -2.69579 2.5
    endloop
  endfacet
  facet normal 0.986624 0.163011 0
    outer loop
      vertex -24.4872 -2.69579 0
      vertex -24.4712 -2.79263 2.5
      vertex -24.4712 -2.79263 0
    endloop
  endfacet
  facet normal -0.812734 0.582634 0
    outer loop
      vertex -21.81 -3.41314 0
      vertex -21.7528 -3.33335 2.5
      vertex -21.7528 -3.33335 0
    endloop
  endfacet
  facet normal -0.812734 0.582634 0
    outer loop
      vertex -21.7528 -3.33335 2.5
      vertex -21.81 -3.41314 0
      vertex -21.81 -3.41314 2.5
    endloop
  endfacet
  facet normal -0.0327042 0.999465 0
    outer loop
      vertex -22.9019 -3.99679 0
      vertex -23 -4 2.5
      vertex -22.9019 -3.99679 2.5
    endloop
  endfacet
  facet normal -0.0327042 0.999465 0
    outer loop
      vertex -23 -4 2.5
      vertex -22.9019 -3.99679 0
      vertex -23 -4 0
    endloop
  endfacet
  facet normal -0.471249 -0.882 0
    outer loop
      vertex 23.6634 3.84531 0
      vertex 23.75 3.79904 2.5
      vertex 23.6634 3.84531 2.5
    endloop
  endfacet
  facet normal -0.471249 -0.882 -0
    outer loop
      vertex 23.75 3.79904 2.5
      vertex 23.6634 3.84531 0
      vertex 23.75 3.79904 0
    endloop
  endfacet
  facet normal -0.412736 -0.910851 0
    outer loop
      vertex 23.574 3.88582 0
      vertex 23.6634 3.84531 2.5
      vertex 23.574 3.88582 2.5
    endloop
  endfacet
  facet normal -0.412736 -0.910851 -0
    outer loop
      vertex 23.6634 3.84531 2.5
      vertex 23.574 3.88582 0
      vertex 23.6634 3.84531 0
    endloop
  endfacet
  facet normal 0.52791 0.8493 -0
    outer loop
      vertex 22.25 -3.79904 0
      vertex 22.1666 -3.7472 2.5
      vertex 22.25 -3.79904 2.5
    endloop
  endfacet
  facet normal 0.52791 0.8493 0
    outer loop
      vertex 22.1666 -3.7472 2.5
      vertex 22.25 -3.79904 0
      vertex 22.1666 -3.7472 0
    endloop
  endfacet
  facet normal 0.290149 -0.956982 0
    outer loop
      vertex 22.5178 3.92039 0
      vertex 22.6118 3.94889 2.5
      vertex 22.5178 3.92039 2.5
    endloop
  endfacet
  facet normal 0.290149 -0.956982 0
    outer loop
      vertex 22.6118 3.94889 2.5
      vertex 22.5178 3.92039 0
      vertex 22.6118 3.94889 0
    endloop
  endfacet
  facet normal 0.0327042 -0.999465 0
    outer loop
      vertex 22.9019 3.99679 0
      vertex 23 4 2.5
      vertex 22.9019 3.99679 2.5
    endloop
  endfacet
  facet normal 0.0327042 -0.999465 0
    outer loop
      vertex 23 4 2.5
      vertex 22.9019 3.99679 0
      vertex 23 4 0
    endloop
  endfacet
  facet normal 0.910906 0.412613 0
    outer loop
      vertex 21.6547 -3.16343 2.5
      vertex 21.6142 -3.07402 0
      vertex 21.6142 -3.07402 2.5
    endloop
  endfacet
  facet normal 0.910906 0.412613 0
    outer loop
      vertex 21.6142 -3.07402 0
      vertex 21.6547 -3.16343 2.5
      vertex 21.6547 -3.16343 0
    endloop
  endfacet
  facet normal 0.634274 -0.773108 0
    outer loop
      vertex 22.011 3.62776 0
      vertex 22.0869 3.69003 2.5
      vertex 22.011 3.62776 2.5
    endloop
  endfacet
  facet normal 0.634274 -0.773108 0
    outer loop
      vertex 22.0869 3.69003 2.5
      vertex 22.011 3.62776 0
      vertex 22.0869 3.69003 0
    endloop
  endfacet
  facet normal -0.881805 -0.471614 0
    outer loop
      vertex 24.3453 3.16343 0
      vertex 24.299 3.25 2.5
      vertex 24.299 3.25 0
    endloop
  endfacet
  facet normal -0.881805 -0.471614 0
    outer loop
      vertex 24.299 3.25 2.5
      vertex 24.3453 3.16343 0
      vertex 24.3453 3.16343 2.5
    endloop
  endfacet
  facet normal 0.995206 -0.097799 0
    outer loop
      vertex 21.5032 2.5981 2.5
      vertex 21.5128 2.69579 0
      vertex 21.5128 2.69579 2.5
    endloop
  endfacet
  facet normal 0.995206 -0.097799 0
    outer loop
      vertex 21.5128 2.69579 0
      vertex 21.5032 2.5981 2.5
      vertex 21.5032 2.5981 0
    endloop
  endfacet
  facet normal -0.162977 0.98663 0
    outer loop
      vertex 23.2926 -3.97118 0
      vertex 23.1958 -3.98717 2.5
      vertex 23.2926 -3.97118 2.5
    endloop
  endfacet
  facet normal -0.162977 0.98663 0
    outer loop
      vertex 23.1958 -3.98717 2.5
      vertex 23.2926 -3.97118 0
      vertex 23.1958 -3.98717 0
    endloop
  endfacet
  facet normal 0.634274 0.773108 -0
    outer loop
      vertex 22.0869 -3.69003 0
      vertex 22.011 -3.62776 2.5
      vertex 22.0869 -3.69003 2.5
    endloop
  endfacet
  facet normal 0.634274 0.773108 0
    outer loop
      vertex 22.011 -3.62776 2.5
      vertex 22.0869 -3.69003 0
      vertex 22.011 -3.62776 0
    endloop
  endfacet
  facet normal -0.162977 -0.98663 0
    outer loop
      vertex 23.1958 3.98717 0
      vertex 23.2926 3.97118 2.5
      vertex 23.1958 3.98717 2.5
    endloop
  endfacet
  facet normal -0.162977 -0.98663 -0
    outer loop
      vertex 23.2926 3.97118 2.5
      vertex 23.1958 3.98717 0
      vertex 23.2926 3.97118 0
    endloop
  endfacet
  facet normal -0.910906 0.412613 0
    outer loop
      vertex 24.3453 -3.16343 0
      vertex 24.3858 -3.07402 2.5
      vertex 24.3858 -3.07402 0
    endloop
  endfacet
  facet normal -0.910906 0.412613 0
    outer loop
      vertex 24.3858 -3.07402 2.5
      vertex 24.3453 -3.16343 0
      vertex 24.3453 -3.16343 2.5
    endloop
  endfacet
  facet normal 1 -0 0
    outer loop
      vertex 21.5 -2.5 2.5
      vertex 21.5 2.5 0
      vertex 21.5 2.5 2.5
    endloop
  endfacet
  facet normal 1 0 0
    outer loop
      vertex 21.5 2.5 0
      vertex 21.5 -2.5 2.5
      vertex 21.5 -2.5 0
    endloop
  endfacet
  facet normal 0.729855 0.683602 0
    outer loop
      vertex 21.9393 -3.56066 2.5
      vertex 21.8722 -3.48902 0
      vertex 21.8722 -3.48902 2.5
    endloop
  endfacet
  facet normal 0.729855 0.683602 0
    outer loop
      vertex 21.8722 -3.48902 0
      vertex 21.9393 -3.56066 2.5
      vertex 21.9393 -3.56066 0
    endloop
  endfacet
  facet normal 0.995206 0.097799 0
    outer loop
      vertex 21.5128 -2.69579 2.5
      vertex 21.5032 -2.5981 0
      vertex 21.5032 -2.5981 2.5
    endloop
  endfacet
  facet normal 0.995206 0.097799 0
    outer loop
      vertex 21.5032 -2.5981 0
      vertex 21.5128 -2.69579 2.5
      vertex 21.5128 -2.69579 0
    endloop
  endfacet
  facet normal 0.812734 0.582634 0
    outer loop
      vertex 21.81 -3.41314 2.5
      vertex 21.7528 -3.33335 0
      vertex 21.7528 -3.33335 2.5
    endloop
  endfacet
  facet normal 0.812734 0.582634 0
    outer loop
      vertex 21.7528 -3.33335 0
      vertex 21.81 -3.41314 2.5
      vertex 21.81 -3.41314 0
    endloop
  endfacet
  facet normal 0.935817 -0.352485 0
    outer loop
      vertex 21.5796 2.98216 2.5
      vertex 21.6142 3.07402 0
      vertex 21.6142 3.07402 2.5
    endloop
  endfacet
  facet normal 0.935817 -0.352485 0
    outer loop
      vertex 21.6142 3.07402 0
      vertex 21.5796 2.98216 2.5
      vertex 21.5796 2.98216 0
    endloop
  endfacet
  facet normal -0.999468 -0.0326024 0
    outer loop
      vertex 24.5 2.5 0
      vertex 24.4968 2.5981 2.5
      vertex 24.4968 2.5981 0
    endloop
  endfacet
  facet normal -0.999468 -0.0326024 0
    outer loop
      vertex 24.4968 2.5981 2.5
      vertex 24.5 2.5 0
      vertex 24.5 2.5 2.5
    endloop
  endfacet
  facet normal -0.227069 -0.973879 0
    outer loop
      vertex 23.2926 3.97118 0
      vertex 23.3882 3.94889 2.5
      vertex 23.2926 3.97118 2.5
    endloop
  endfacet
  facet normal -0.227069 -0.973879 -0
    outer loop
      vertex 23.3882 3.94889 2.5
      vertex 23.2926 3.97118 0
      vertex 23.3882 3.94889 0
    endloop
  endfacet
  facet normal 0.999468 0.0326024 0
    outer loop
      vertex 21.5032 -2.5981 2.5
      vertex 21.5 -2.5 0
      vertex 21.5 -2.5 2.5
    endloop
  endfacet
  facet normal 0.999468 0.0326024 0
    outer loop
      vertex 21.5 -2.5 0
      vertex 21.5032 -2.5981 2.5
      vertex 21.5032 -2.5981 0
    endloop
  endfacet
  facet normal -0.849341 -0.527845 0
    outer loop
      vertex 24.299 3.25 0
      vertex 24.2472 3.33335 2.5
      vertex 24.2472 3.33335 0
    endloop
  endfacet
  facet normal -0.849341 -0.527845 0
    outer loop
      vertex 24.2472 3.33335 2.5
      vertex 24.299 3.25 0
      vertex 24.299 3.25 2.5
    endloop
  endfacet
  facet normal -0.995206 -0.097799 0
    outer loop
      vertex 24.4968 2.5981 0
      vertex 24.4872 2.69579 2.5
      vertex 24.4872 2.69579 0
    endloop
  endfacet
  facet normal -0.995206 -0.097799 0
    outer loop
      vertex 24.4872 2.69579 2.5
      vertex 24.4968 2.5981 0
      vertex 24.4968 2.5981 2.5
    endloop
  endfacet
  facet normal -0.986624 -0.163011 0
    outer loop
      vertex 24.4872 2.69579 0
      vertex 24.4712 2.79263 2.5
      vertex 24.4712 2.79263 0
    endloop
  endfacet
  facet normal -0.986624 -0.163011 0
    outer loop
      vertex 24.4712 2.79263 2.5
      vertex 24.4872 2.69579 0
      vertex 24.4872 2.69579 2.5
    endloop
  endfacet
  facet normal -0.471249 0.882 0
    outer loop
      vertex 23.75 -3.79904 0
      vertex 23.6634 -3.84531 2.5
      vertex 23.75 -3.79904 2.5
    endloop
  endfacet
  facet normal -0.471249 0.882 0
    outer loop
      vertex 23.6634 -3.84531 2.5
      vertex 23.75 -3.79904 0
      vertex 23.6634 -3.84531 0
    endloop
  endfacet
  facet normal -0.729855 -0.683602 0
    outer loop
      vertex 24.1278 3.48902 0
      vertex 24.0607 3.56066 2.5
      vertex 24.0607 3.56066 0
    endloop
  endfacet
  facet normal -0.729855 -0.683602 0
    outer loop
      vertex 24.0607 3.56066 2.5
      vertex 24.1278 3.48902 0
      vertex 24.1278 3.48902 2.5
    endloop
  endfacet
  facet normal 0.227069 -0.973879 0
    outer loop
      vertex 22.6118 3.94889 0
      vertex 22.7074 3.97118 2.5
      vertex 22.6118 3.94889 2.5
    endloop
  endfacet
  facet normal 0.227069 -0.973879 0
    outer loop
      vertex 22.7074 3.97118 2.5
      vertex 22.6118 3.94889 0
      vertex 22.7074 3.97118 0
    endloop
  endfacet
  facet normal -0.999468 0.0326024 0
    outer loop
      vertex 24.4968 -2.5981 0
      vertex 24.5 -2.5 2.5
      vertex 24.5 -2.5 0
    endloop
  endfacet
  facet normal -0.999468 0.0326024 0
    outer loop
      vertex 24.5 -2.5 2.5
      vertex 24.4968 -2.5981 0
      vertex 24.4968 -2.5981 2.5
    endloop
  endfacet
  facet normal -0.956922 -0.290347 0
    outer loop
      vertex 24.4489 2.88823 0
      vertex 24.4204 2.98216 2.5
      vertex 24.4204 2.98216 0
    endloop
  endfacet
  facet normal -0.956922 -0.290347 0
    outer loop
      vertex 24.4204 2.98216 2.5
      vertex 24.4489 2.88823 0
      vertex 24.4489 2.88823 2.5
    endloop
  endfacet
  facet normal 0.999468 -0.0326024 0
    outer loop
      vertex 21.5 2.5 2.5
      vertex 21.5032 2.5981 0
      vertex 21.5032 2.5981 2.5
    endloop
  endfacet
  facet normal 0.999468 -0.0326024 0
    outer loop
      vertex 21.5032 2.5981 0
      vertex 21.5 2.5 2.5
      vertex 21.5 2.5 0
    endloop
  endfacet
  facet normal -0.849341 0.527845 0
    outer loop
      vertex 24.2472 -3.33335 0
      vertex 24.299 -3.25 2.5
      vertex 24.299 -3.25 0
    endloop
  endfacet
  facet normal -0.849341 0.527845 0
    outer loop
      vertex 24.299 -3.25 2.5
      vertex 24.2472 -3.33335 0
      vertex 24.2472 -3.33335 2.5
    endloop
  endfacet
  facet normal -0.881805 0.471614 0
    outer loop
      vertex 24.299 -3.25 0
      vertex 24.3453 -3.16343 2.5
      vertex 24.3453 -3.16343 0
    endloop
  endfacet
  facet normal -0.881805 0.471614 0
    outer loop
      vertex 24.3453 -3.16343 2.5
      vertex 24.299 -3.25 0
      vertex 24.299 -3.25 2.5
    endloop
  endfacet
  facet normal -0.290149 -0.956982 0
    outer loop
      vertex 23.3882 3.94889 0
      vertex 23.4822 3.92039 2.5
      vertex 23.3882 3.94889 2.5
    endloop
  endfacet
  facet normal -0.290149 -0.956982 -0
    outer loop
      vertex 23.4822 3.92039 2.5
      vertex 23.3882 3.94889 0
      vertex 23.4822 3.92039 0
    endloop
  endfacet
  facet normal 0.773376 -0.633948 0
    outer loop
      vertex 21.81 3.41314 2.5
      vertex 21.8722 3.48902 0
      vertex 21.8722 3.48902 2.5
    endloop
  endfacet
  facet normal 0.773376 -0.633948 0
    outer loop
      vertex 21.8722 3.48902 0
      vertex 21.81 3.41314 2.5
      vertex 21.81 3.41314 0
    endloop
  endfacet
  facet normal -0.352419 0.935842 0
    outer loop
      vertex 23.574 -3.88582 0
      vertex 23.4822 -3.92039 2.5
      vertex 23.574 -3.88582 2.5
    endloop
  endfacet
  facet normal -0.352419 0.935842 0
    outer loop
      vertex 23.4822 -3.92039 2.5
      vertex 23.574 -3.88582 0
      vertex 23.4822 -3.92039 0
    endloop
  endfacet
  facet normal 0.881805 0.471614 0
    outer loop
      vertex 21.701 -3.25 2.5
      vertex 21.6547 -3.16343 0
      vertex 21.6547 -3.16343 2.5
    endloop
  endfacet
  facet normal 0.881805 0.471614 0
    outer loop
      vertex 21.6547 -3.16343 0
      vertex 21.701 -3.25 2.5
      vertex 21.701 -3.25 0
    endloop
  endfacet
  facet normal 0.471249 0.882 -0
    outer loop
      vertex 22.3366 -3.84531 0
      vertex 22.25 -3.79904 2.5
      vertex 22.3366 -3.84531 2.5
    endloop
  endfacet
  facet normal 0.471249 0.882 0
    outer loop
      vertex 22.25 -3.79904 2.5
      vertex 22.3366 -3.84531 0
      vertex 22.25 -3.79904 0
    endloop
  endfacet
  facet normal 0.412736 0.910851 -0
    outer loop
      vertex 22.426 -3.88582 0
      vertex 22.3366 -3.84531 2.5
      vertex 22.426 -3.88582 2.5
    endloop
  endfacet
  facet normal 0.412736 0.910851 0
    outer loop
      vertex 22.3366 -3.84531 2.5
      vertex 22.426 -3.88582 0
      vertex 22.3366 -3.84531 0
    endloop
  endfacet
  facet normal -0.995206 0.097799 0
    outer loop
      vertex 24.4872 -2.69579 0
      vertex 24.4968 -2.5981 2.5
      vertex 24.4968 -2.5981 0
    endloop
  endfacet
  facet normal -0.995206 0.097799 0
    outer loop
      vertex 24.4968 -2.5981 2.5
      vertex 24.4872 -2.69579 0
      vertex 24.4872 -2.69579 2.5
    endloop
  endfacet
  facet normal 0.956922 0.290347 0
    outer loop
      vertex 21.5796 -2.98216 2.5
      vertex 21.5511 -2.88823 0
      vertex 21.5511 -2.88823 2.5
    endloop
  endfacet
  facet normal 0.956922 0.290347 0
    outer loop
      vertex 21.5511 -2.88823 0
      vertex 21.5796 -2.98216 2.5
      vertex 21.5796 -2.98216 0
    endloop
  endfacet
  facet normal 0.0979908 -0.995187 0
    outer loop
      vertex 22.8042 3.98717 0
      vertex 22.9019 3.99679 2.5
      vertex 22.8042 3.98717 2.5
    endloop
  endfacet
  facet normal 0.0979908 -0.995187 0
    outer loop
      vertex 22.9019 3.99679 2.5
      vertex 22.8042 3.98717 0
      vertex 22.9019 3.99679 0
    endloop
  endfacet
  facet normal -0.812734 -0.582634 0
    outer loop
      vertex 24.2472 3.33335 0
      vertex 24.19 3.41314 2.5
      vertex 24.19 3.41314 0
    endloop
  endfacet
  facet normal -0.812734 -0.582634 0
    outer loop
      vertex 24.19 3.41314 2.5
      vertex 24.2472 3.33335 0
      vertex 24.2472 3.33335 2.5
    endloop
  endfacet
  facet normal -0.582867 -0.812568 0
    outer loop
      vertex 23.8334 3.7472 0
      vertex 23.9131 3.69003 2.5
      vertex 23.8334 3.7472 2.5
    endloop
  endfacet
  facet normal -0.582867 -0.812568 -0
    outer loop
      vertex 23.9131 3.69003 2.5
      vertex 23.8334 3.7472 0
      vertex 23.9131 3.69003 0
    endloop
  endfacet
  facet normal -0.52791 0.8493 0
    outer loop
      vertex 23.8334 -3.7472 0
      vertex 23.75 -3.79904 2.5
      vertex 23.8334 -3.7472 2.5
    endloop
  endfacet
  facet normal -0.52791 0.8493 0
    outer loop
      vertex 23.75 -3.79904 2.5
      vertex 23.8334 -3.7472 0
      vertex 23.75 -3.79904 0
    endloop
  endfacet
  facet normal 0.582867 -0.812568 0
    outer loop
      vertex 22.0869 3.69003 0
      vertex 22.1666 3.7472 2.5
      vertex 22.0869 3.69003 2.5
    endloop
  endfacet
  facet normal 0.582867 -0.812568 0
    outer loop
      vertex 22.1666 3.7472 2.5
      vertex 22.0869 3.69003 0
      vertex 22.1666 3.7472 0
    endloop
  endfacet
  facet normal -0.986624 0.163011 0
    outer loop
      vertex 24.4712 -2.79263 0
      vertex 24.4872 -2.69579 2.5
      vertex 24.4872 -2.69579 0
    endloop
  endfacet
  facet normal -0.986624 0.163011 0
    outer loop
      vertex 24.4872 -2.69579 2.5
      vertex 24.4712 -2.79263 0
      vertex 24.4712 -2.79263 2.5
    endloop
  endfacet
  facet normal -0.683297 -0.73014 0
    outer loop
      vertex 23.989 3.62776 0
      vertex 24.0607 3.56066 2.5
      vertex 23.989 3.62776 2.5
    endloop
  endfacet
  facet normal -0.683297 -0.73014 -0
    outer loop
      vertex 24.0607 3.56066 2.5
      vertex 23.989 3.62776 0
      vertex 24.0607 3.56066 0
    endloop
  endfacet
  facet normal -0.0979908 -0.995187 0
    outer loop
      vertex 23.0981 3.99679 0
      vertex 23.1958 3.98717 2.5
      vertex 23.0981 3.99679 2.5
    endloop
  endfacet
  facet normal -0.0979908 -0.995187 -0
    outer loop
      vertex 23.1958 3.98717 2.5
      vertex 23.0981 3.99679 0
      vertex 23.1958 3.98717 0
    endloop
  endfacet
  facet normal 0.683297 0.73014 -0
    outer loop
      vertex 22.011 -3.62776 0
      vertex 21.9393 -3.56066 2.5
      vertex 22.011 -3.62776 2.5
    endloop
  endfacet
  facet normal 0.683297 0.73014 0
    outer loop
      vertex 21.9393 -3.56066 2.5
      vertex 22.011 -3.62776 0
      vertex 21.9393 -3.56066 0
    endloop
  endfacet
  facet normal 0.290149 0.956982 -0
    outer loop
      vertex 22.6118 -3.94889 0
      vertex 22.5178 -3.92039 2.5
      vertex 22.6118 -3.94889 2.5
    endloop
  endfacet
  facet normal 0.290149 0.956982 0
    outer loop
      vertex 22.5178 -3.92039 2.5
      vertex 22.6118 -3.94889 0
      vertex 22.5178 -3.92039 0
    endloop
  endfacet
  facet normal 0.773376 0.633948 0
    outer loop
      vertex 21.8722 -3.48902 2.5
      vertex 21.81 -3.41314 0
      vertex 21.81 -3.41314 2.5
    endloop
  endfacet
  facet normal 0.773376 0.633948 0
    outer loop
      vertex 21.81 -3.41314 0
      vertex 21.8722 -3.48902 2.5
      vertex 21.8722 -3.48902 0
    endloop
  endfacet
  facet normal -0.683297 0.73014 0
    outer loop
      vertex 24.0607 -3.56066 0
      vertex 23.989 -3.62776 2.5
      vertex 24.0607 -3.56066 2.5
    endloop
  endfacet
  facet normal -0.683297 0.73014 0
    outer loop
      vertex 23.989 -3.62776 2.5
      vertex 24.0607 -3.56066 0
      vertex 23.989 -3.62776 0
    endloop
  endfacet
  facet normal 0.227069 0.973879 -0
    outer loop
      vertex 22.7074 -3.97118 0
      vertex 22.6118 -3.94889 2.5
      vertex 22.7074 -3.97118 2.5
    endloop
  endfacet
  facet normal 0.227069 0.973879 0
    outer loop
      vertex 22.6118 -3.94889 2.5
      vertex 22.7074 -3.97118 0
      vertex 22.6118 -3.94889 0
    endloop
  endfacet
  facet normal -0.729855 0.683602 0
    outer loop
      vertex 24.0607 -3.56066 0
      vertex 24.1278 -3.48902 2.5
      vertex 24.1278 -3.48902 0
    endloop
  endfacet
  facet normal -0.729855 0.683602 0
    outer loop
      vertex 24.1278 -3.48902 2.5
      vertex 24.0607 -3.56066 0
      vertex 24.0607 -3.56066 2.5
    endloop
  endfacet
  facet normal -0.634274 0.773108 0
    outer loop
      vertex 23.989 -3.62776 0
      vertex 23.9131 -3.69003 2.5
      vertex 23.989 -3.62776 2.5
    endloop
  endfacet
  facet normal -0.634274 0.773108 0
    outer loop
      vertex 23.9131 -3.69003 2.5
      vertex 23.989 -3.62776 0
      vertex 23.9131 -3.69003 0
    endloop
  endfacet
  facet normal 0.935817 0.352485 0
    outer loop
      vertex 21.6142 -3.07402 2.5
      vertex 21.5796 -2.98216 0
      vertex 21.5796 -2.98216 2.5
    endloop
  endfacet
  facet normal 0.935817 0.352485 0
    outer loop
      vertex 21.5796 -2.98216 0
      vertex 21.6142 -3.07402 2.5
      vertex 21.6142 -3.07402 0
    endloop
  endfacet
  facet normal -1 0 0
    outer loop
      vertex 24.5 -2.5 0
      vertex 24.5 2.5 2.5
      vertex 24.5 2.5 0
    endloop
  endfacet
  facet normal -1 -0 0
    outer loop
      vertex 24.5 2.5 2.5
      vertex 24.5 -2.5 0
      vertex 24.5 -2.5 2.5
    endloop
  endfacet
  facet normal -0.634274 -0.773108 0
    outer loop
      vertex 23.9131 3.69003 0
      vertex 23.989 3.62776 2.5
      vertex 23.9131 3.69003 2.5
    endloop
  endfacet
  facet normal -0.634274 -0.773108 -0
    outer loop
      vertex 23.989 3.62776 2.5
      vertex 23.9131 3.69003 0
      vertex 23.989 3.62776 0
    endloop
  endfacet
  facet normal -0.973856 -0.227165 0
    outer loop
      vertex 24.4712 2.79263 0
      vertex 24.4489 2.88823 2.5
      vertex 24.4489 2.88823 0
    endloop
  endfacet
  facet normal -0.973856 -0.227165 0
    outer loop
      vertex 24.4489 2.88823 2.5
      vertex 24.4712 2.79263 0
      vertex 24.4712 2.79263 2.5
    endloop
  endfacet
  facet normal 0.849341 -0.527845 0
    outer loop
      vertex 21.701 3.25 2.5
      vertex 21.7528 3.33335 0
      vertex 21.7528 3.33335 2.5
    endloop
  endfacet
  facet normal 0.849341 -0.527845 0
    outer loop
      vertex 21.7528 3.33335 0
      vertex 21.701 3.25 2.5
      vertex 21.701 3.25 0
    endloop
  endfacet
  facet normal 0.973856 -0.227165 0
    outer loop
      vertex 21.5288 2.79263 2.5
      vertex 21.5511 2.88823 0
      vertex 21.5511 2.88823 2.5
    endloop
  endfacet
  facet normal 0.973856 -0.227165 0
    outer loop
      vertex 21.5511 2.88823 0
      vertex 21.5288 2.79263 2.5
      vertex 21.5288 2.79263 0
    endloop
  endfacet
  facet normal 0.162977 -0.98663 0
    outer loop
      vertex 22.7074 3.97118 0
      vertex 22.8042 3.98717 2.5
      vertex 22.7074 3.97118 2.5
    endloop
  endfacet
  facet normal 0.162977 -0.98663 0
    outer loop
      vertex 22.8042 3.98717 2.5
      vertex 22.7074 3.97118 0
      vertex 22.8042 3.98717 0
    endloop
  endfacet
  facet normal 0.471249 -0.882 0
    outer loop
      vertex 22.25 3.79904 0
      vertex 22.3366 3.84531 2.5
      vertex 22.25 3.79904 2.5
    endloop
  endfacet
  facet normal 0.471249 -0.882 0
    outer loop
      vertex 22.3366 3.84531 2.5
      vertex 22.25 3.79904 0
      vertex 22.3366 3.84531 0
    endloop
  endfacet
  facet normal 0.52791 -0.8493 0
    outer loop
      vertex 22.1666 3.7472 0
      vertex 22.25 3.79904 2.5
      vertex 22.1666 3.7472 2.5
    endloop
  endfacet
  facet normal 0.52791 -0.8493 0
    outer loop
      vertex 22.25 3.79904 2.5
      vertex 22.1666 3.7472 0
      vertex 22.25 3.79904 0
    endloop
  endfacet
  facet normal 0.729855 -0.683602 0
    outer loop
      vertex 21.8722 3.48902 2.5
      vertex 21.9393 3.56066 0
      vertex 21.9393 3.56066 2.5
    endloop
  endfacet
  facet normal 0.729855 -0.683602 0
    outer loop
      vertex 21.9393 3.56066 0
      vertex 21.8722 3.48902 2.5
      vertex 21.8722 3.48902 0
    endloop
  endfacet
  facet normal 0.956922 -0.290347 0
    outer loop
      vertex 21.5511 2.88823 2.5
      vertex 21.5796 2.98216 0
      vertex 21.5796 2.98216 2.5
    endloop
  endfacet
  facet normal 0.956922 -0.290347 0
    outer loop
      vertex 21.5796 2.98216 0
      vertex 21.5511 2.88823 2.5
      vertex 21.5511 2.88823 0
    endloop
  endfacet
  facet normal 0.973856 0.227165 0
    outer loop
      vertex 21.5511 -2.88823 2.5
      vertex 21.5288 -2.79263 0
      vertex 21.5288 -2.79263 2.5
    endloop
  endfacet
  facet normal 0.973856 0.227165 0
    outer loop
      vertex 21.5288 -2.79263 0
      vertex 21.5511 -2.88823 2.5
      vertex 21.5511 -2.88823 0
    endloop
  endfacet
  facet normal -0.0979908 0.995187 0
    outer loop
      vertex 23.1958 -3.98717 0
      vertex 23.0981 -3.99679 2.5
      vertex 23.1958 -3.98717 2.5
    endloop
  endfacet
  facet normal -0.0979908 0.995187 0
    outer loop
      vertex 23.0981 -3.99679 2.5
      vertex 23.1958 -3.98717 0
      vertex 23.0981 -3.99679 0
    endloop
  endfacet
  facet normal -0.412736 0.910851 0
    outer loop
      vertex 23.6634 -3.84531 0
      vertex 23.574 -3.88582 2.5
      vertex 23.6634 -3.84531 2.5
    endloop
  endfacet
  facet normal -0.412736 0.910851 0
    outer loop
      vertex 23.574 -3.88582 2.5
      vertex 23.6634 -3.84531 0
      vertex 23.574 -3.88582 0
    endloop
  endfacet
  facet normal 0.352419 -0.935842 0
    outer loop
      vertex 22.426 3.88582 0
      vertex 22.5178 3.92039 2.5
      vertex 22.426 3.88582 2.5
    endloop
  endfacet
  facet normal 0.352419 -0.935842 0
    outer loop
      vertex 22.5178 3.92039 2.5
      vertex 22.426 3.88582 0
      vertex 22.5178 3.92039 0
    endloop
  endfacet
  facet normal 0.162977 0.98663 -0
    outer loop
      vertex 22.8042 -3.98717 0
      vertex 22.7074 -3.97118 2.5
      vertex 22.8042 -3.98717 2.5
    endloop
  endfacet
  facet normal 0.162977 0.98663 0
    outer loop
      vertex 22.7074 -3.97118 2.5
      vertex 22.8042 -3.98717 0
      vertex 22.7074 -3.97118 0
    endloop
  endfacet
  facet normal -0.0327042 -0.999465 0
    outer loop
      vertex 23 4 0
      vertex 23.0981 3.99679 2.5
      vertex 23 4 2.5
    endloop
  endfacet
  facet normal -0.0327042 -0.999465 -0
    outer loop
      vertex 23.0981 3.99679 2.5
      vertex 23 4 0
      vertex 23.0981 3.99679 0
    endloop
  endfacet
  facet normal -0.956922 0.290347 0
    outer loop
      vertex 24.4204 -2.98216 0
      vertex 24.4489 -2.88823 2.5
      vertex 24.4489 -2.88823 0
    endloop
  endfacet
  facet normal -0.956922 0.290347 0
    outer loop
      vertex 24.4489 -2.88823 2.5
      vertex 24.4204 -2.98216 0
      vertex 24.4204 -2.98216 2.5
    endloop
  endfacet
  facet normal -0.973856 0.227165 0
    outer loop
      vertex 24.4489 -2.88823 0
      vertex 24.4712 -2.79263 2.5
      vertex 24.4712 -2.79263 0
    endloop
  endfacet
  facet normal -0.973856 0.227165 0
    outer loop
      vertex 24.4712 -2.79263 2.5
      vertex 24.4489 -2.88823 0
      vertex 24.4489 -2.88823 2.5
    endloop
  endfacet
  facet normal 0.582867 0.812568 -0
    outer loop
      vertex 22.1666 -3.7472 0
      vertex 22.0869 -3.69003 2.5
      vertex 22.1666 -3.7472 2.5
    endloop
  endfacet
  facet normal 0.582867 0.812568 0
    outer loop
      vertex 22.0869 -3.69003 2.5
      vertex 22.1666 -3.7472 0
      vertex 22.0869 -3.69003 0
    endloop
  endfacet
  facet normal 0.412736 -0.910851 0
    outer loop
      vertex 22.3366 3.84531 0
      vertex 22.426 3.88582 2.5
      vertex 22.3366 3.84531 2.5
    endloop
  endfacet
  facet normal 0.412736 -0.910851 0
    outer loop
      vertex 22.426 3.88582 2.5
      vertex 22.3366 3.84531 0
      vertex 22.426 3.88582 0
    endloop
  endfacet
  facet normal -0.582867 0.812568 0
    outer loop
      vertex 23.9131 -3.69003 0
      vertex 23.8334 -3.7472 2.5
      vertex 23.9131 -3.69003 2.5
    endloop
  endfacet
  facet normal -0.582867 0.812568 0
    outer loop
      vertex 23.8334 -3.7472 2.5
      vertex 23.9131 -3.69003 0
      vertex 23.8334 -3.7472 0
    endloop
  endfacet
  facet normal -0.935817 -0.352485 0
    outer loop
      vertex 24.4204 2.98216 0
      vertex 24.3858 3.07402 2.5
      vertex 24.3858 3.07402 0
    endloop
  endfacet
  facet normal -0.935817 -0.352485 0
    outer loop
      vertex 24.3858 3.07402 2.5
      vertex 24.4204 2.98216 0
      vertex 24.4204 2.98216 2.5
    endloop
  endfacet
  facet normal -0.52791 -0.8493 0
    outer loop
      vertex 23.75 3.79904 0
      vertex 23.8334 3.7472 2.5
      vertex 23.75 3.79904 2.5
    endloop
  endfacet
  facet normal -0.52791 -0.8493 -0
    outer loop
      vertex 23.8334 3.7472 2.5
      vertex 23.75 3.79904 0
      vertex 23.8334 3.7472 0
    endloop
  endfacet
  facet normal 0.849341 0.527845 0
    outer loop
      vertex 21.7528 -3.33335 2.5
      vertex 21.701 -3.25 0
      vertex 21.701 -3.25 2.5
    endloop
  endfacet
  facet normal 0.849341 0.527845 0
    outer loop
      vertex 21.701 -3.25 0
      vertex 21.7528 -3.33335 2.5
      vertex 21.7528 -3.33335 0
    endloop
  endfacet
  facet normal 0.683297 -0.73014 0
    outer loop
      vertex 21.9393 3.56066 0
      vertex 22.011 3.62776 2.5
      vertex 21.9393 3.56066 2.5
    endloop
  endfacet
  facet normal 0.683297 -0.73014 0
    outer loop
      vertex 22.011 3.62776 2.5
      vertex 21.9393 3.56066 0
      vertex 22.011 3.62776 0
    endloop
  endfacet
  facet normal 0.812734 -0.582634 0
    outer loop
      vertex 21.7528 3.33335 2.5
      vertex 21.81 3.41314 0
      vertex 21.81 3.41314 2.5
    endloop
  endfacet
  facet normal 0.812734 -0.582634 0
    outer loop
      vertex 21.81 3.41314 0
      vertex 21.7528 3.33335 2.5
      vertex 21.7528 3.33335 0
    endloop
  endfacet
  facet normal 0.986624 -0.163011 0
    outer loop
      vertex 21.5128 2.69579 2.5
      vertex 21.5288 2.79263 0
      vertex 21.5288 2.79263 2.5
    endloop
  endfacet
  facet normal 0.986624 -0.163011 0
    outer loop
      vertex 21.5288 2.79263 0
      vertex 21.5128 2.69579 2.5
      vertex 21.5128 2.69579 0
    endloop
  endfacet
  facet normal -0.935817 0.352485 0
    outer loop
      vertex 24.3858 -3.07402 0
      vertex 24.4204 -2.98216 2.5
      vertex 24.4204 -2.98216 0
    endloop
  endfacet
  facet normal -0.935817 0.352485 0
    outer loop
      vertex 24.4204 -2.98216 2.5
      vertex 24.3858 -3.07402 0
      vertex 24.3858 -3.07402 2.5
    endloop
  endfacet
  facet normal 0.881805 -0.471614 0
    outer loop
      vertex 21.6547 3.16343 2.5
      vertex 21.701 3.25 0
      vertex 21.701 3.25 2.5
    endloop
  endfacet
  facet normal 0.881805 -0.471614 0
    outer loop
      vertex 21.701 3.25 0
      vertex 21.6547 3.16343 2.5
      vertex 21.6547 3.16343 0
    endloop
  endfacet
  facet normal 0.910906 -0.412613 0
    outer loop
      vertex 21.6142 3.07402 2.5
      vertex 21.6547 3.16343 0
      vertex 21.6547 3.16343 2.5
    endloop
  endfacet
  facet normal 0.910906 -0.412613 0
    outer loop
      vertex 21.6547 3.16343 0
      vertex 21.6142 3.07402 2.5
      vertex 21.6142 3.07402 0
    endloop
  endfacet
  facet normal -0.227069 0.973879 0
    outer loop
      vertex 23.3882 -3.94889 0
      vertex 23.2926 -3.97118 2.5
      vertex 23.3882 -3.94889 2.5
    endloop
  endfacet
  facet normal -0.227069 0.973879 0
    outer loop
      vertex 23.2926 -3.97118 2.5
      vertex 23.3882 -3.94889 0
      vertex 23.2926 -3.97118 0
    endloop
  endfacet
  facet normal 0.0327042 0.999465 -0
    outer loop
      vertex 23 -4 0
      vertex 22.9019 -3.99679 2.5
      vertex 23 -4 2.5
    endloop
  endfacet
  facet normal 0.0327042 0.999465 0
    outer loop
      vertex 22.9019 -3.99679 2.5
      vertex 23 -4 0
      vertex 22.9019 -3.99679 0
    endloop
  endfacet
  facet normal -0.773376 -0.633948 0
    outer loop
      vertex 24.19 3.41314 0
      vertex 24.1278 3.48902 2.5
      vertex 24.1278 3.48902 0
    endloop
  endfacet
  facet normal -0.773376 -0.633948 0
    outer loop
      vertex 24.1278 3.48902 2.5
      vertex 24.19 3.41314 0
      vertex 24.19 3.41314 2.5
    endloop
  endfacet
  facet normal -0.910906 -0.412613 0
    outer loop
      vertex 24.3858 3.07402 0
      vertex 24.3453 3.16343 2.5
      vertex 24.3453 3.16343 0
    endloop
  endfacet
  facet normal -0.910906 -0.412613 0
    outer loop
      vertex 24.3453 3.16343 2.5
      vertex 24.3858 3.07402 0
      vertex 24.3858 3.07402 2.5
    endloop
  endfacet
  facet normal -0.290149 0.956982 0
    outer loop
      vertex 23.4822 -3.92039 0
      vertex 23.3882 -3.94889 2.5
      vertex 23.4822 -3.92039 2.5
    endloop
  endfacet
  facet normal -0.290149 0.956982 0
    outer loop
      vertex 23.3882 -3.94889 2.5
      vertex 23.4822 -3.92039 0
      vertex 23.3882 -3.94889 0
    endloop
  endfacet
  facet normal -0.352419 -0.935842 0
    outer loop
      vertex 23.4822 3.92039 0
      vertex 23.574 3.88582 2.5
      vertex 23.4822 3.92039 2.5
    endloop
  endfacet
  facet normal -0.352419 -0.935842 -0
    outer loop
      vertex 23.574 3.88582 2.5
      vertex 23.4822 3.92039 0
      vertex 23.574 3.88582 0
    endloop
  endfacet
  facet normal 0.352419 0.935842 -0
    outer loop
      vertex 22.5178 -3.92039 0
      vertex 22.426 -3.88582 2.5
      vertex 22.5178 -3.92039 2.5
    endloop
  endfacet
  facet normal 0.352419 0.935842 0
    outer loop
      vertex 22.426 -3.88582 2.5
      vertex 22.5178 -3.92039 0
      vertex 22.426 -3.88582 0
    endloop
  endfacet
  facet normal 0.0979908 0.995187 -0
    outer loop
      vertex 22.9019 -3.99679 0
      vertex 22.8042 -3.98717 2.5
      vertex 22.9019 -3.99679 2.5
    endloop
  endfacet
  facet normal 0.0979908 0.995187 0
    outer loop
      vertex 22.8042 -3.98717 2.5
      vertex 22.9019 -3.99679 0
      vertex 22.8042 -3.98717 0
    endloop
  endfacet
  facet normal 0.986624 0.163011 0
    outer loop
      vertex 21.5288 -2.79263 2.5
      vertex 21.5128 -2.69579 0
      vertex 21.5128 -2.69579 2.5
    endloop
  endfacet
  facet normal 0.986624 0.163011 0
    outer loop
      vertex 21.5128 -2.69579 0
      vertex 21.5288 -2.79263 2.5
      vertex 21.5288 -2.79263 0
    endloop
  endfacet
  facet normal -0.773376 0.633948 0
    outer loop
      vertex 24.1278 -3.48902 0
      vertex 24.19 -3.41314 2.5
      vertex 24.19 -3.41314 0
    endloop
  endfacet
  facet normal -0.773376 0.633948 0
    outer loop
      vertex 24.19 -3.41314 2.5
      vertex 24.1278 -3.48902 0
      vertex 24.1278 -3.48902 2.5
    endloop
  endfacet
  facet normal -0.812734 0.582634 0
    outer loop
      vertex 24.19 -3.41314 0
      vertex 24.2472 -3.33335 2.5
      vertex 24.2472 -3.33335 0
    endloop
  endfacet
  facet normal -0.812734 0.582634 0
    outer loop
      vertex 24.2472 -3.33335 2.5
      vertex 24.19 -3.41314 0
      vertex 24.19 -3.41314 2.5
    endloop
  endfacet
  facet normal -0.0327042 0.999465 0
    outer loop
      vertex 23.0981 -3.99679 0
      vertex 23 -4 2.5
      vertex 23.0981 -3.99679 2.5
    endloop
  endfacet
  facet normal -0.0327042 0.999465 0
    outer loop
      vertex 23 -4 2.5
      vertex 23.0981 -3.99679 0
      vertex 23 -4 0
    endloop
  endfacet
  facet normal -0.812568 -0.582867 0
    outer loop
      vertex 3.7472 24.8334 0
      vertex 3.69003 24.9131 1.7
      vertex 3.69003 24.9131 0
    endloop
  endfacet
  facet normal -0.812568 -0.582867 0
    outer loop
      vertex 3.69003 24.9131 1.7
      vertex 3.7472 24.8334 0
      vertex 3.7472 24.8334 1.7
    endloop
  endfacet
  facet normal -0.412613 -0.910906 0
    outer loop
      vertex 3.07402 25.3858 0
      vertex 3.16343 25.3453 1.7
      vertex 3.07402 25.3858 1.7
    endloop
  endfacet
  facet normal -0.412613 -0.910906 -0
    outer loop
      vertex 3.16343 25.3453 1.7
      vertex 3.07402 25.3858 0
      vertex 3.16343 25.3453 0
    endloop
  endfacet
  facet normal -0.773108 -0.634274 0
    outer loop
      vertex 3.69003 24.9131 0
      vertex 3.62776 24.989 1.7
      vertex 3.62776 24.989 0
    endloop
  endfacet
  facet normal -0.773108 -0.634274 0
    outer loop
      vertex 3.62776 24.989 1.7
      vertex 3.69003 24.9131 0
      vertex 3.69003 24.9131 1.7
    endloop
  endfacet
  facet normal -0.910851 -0.412736 0
    outer loop
      vertex 3.88582 24.574 0
      vertex 3.84531 24.6634 1.7
      vertex 3.84531 24.6634 0
    endloop
  endfacet
  facet normal -0.910851 -0.412736 0
    outer loop
      vertex 3.84531 24.6634 1.7
      vertex 3.88582 24.574 0
      vertex 3.88582 24.574 1.7
    endloop
  endfacet
  facet normal 0.98663 0.162977 0
    outer loop
      vertex -3.97118 23.7074 1.7
      vertex -3.98717 23.8042 0
      vertex -3.98717 23.8042 1.7
    endloop
  endfacet
  facet normal 0.98663 0.162977 0
    outer loop
      vertex -3.98717 23.8042 0
      vertex -3.97118 23.7074 1.7
      vertex -3.97118 23.7074 0
    endloop
  endfacet
  facet normal 0.683602 -0.729855 0
    outer loop
      vertex -3.56066 25.0607 0
      vertex -3.48902 25.1278 1.7
      vertex -3.56066 25.0607 1.7
    endloop
  endfacet
  facet normal 0.683602 -0.729855 0
    outer loop
      vertex -3.48902 25.1278 1.7
      vertex -3.56066 25.0607 0
      vertex -3.48902 25.1278 0
    endloop
  endfacet
  facet normal -0.98663 0.162977 0
    outer loop
      vertex 3.97118 23.7074 0
      vertex 3.98717 23.8042 1.7
      vertex 3.98717 23.8042 0
    endloop
  endfacet
  facet normal -0.98663 0.162977 0
    outer loop
      vertex 3.98717 23.8042 1.7
      vertex 3.97118 23.7074 0
      vertex 3.97118 23.7074 1.7
    endloop
  endfacet
  facet normal 0 -1 0
    outer loop
      vertex -2.5 25.5 0
      vertex 2.5 25.5 1.7
      vertex -2.5 25.5 1.7
    endloop
  endfacet
  facet normal 0 -1 -0
    outer loop
      vertex 2.5 25.5 1.7
      vertex -2.5 25.5 0
      vertex 2.5 25.5 0
    endloop
  endfacet
  facet normal -0.973879 0.227069 0
    outer loop
      vertex 3.94889 23.6118 0
      vertex 3.97118 23.7074 1.7
      vertex 3.97118 23.7074 0
    endloop
  endfacet
  facet normal -0.973879 0.227069 0
    outer loop
      vertex 3.97118 23.7074 1.7
      vertex 3.94889 23.6118 0
      vertex 3.94889 23.6118 1.7
    endloop
  endfacet
  facet normal 0.882 -0.471249 0
    outer loop
      vertex -3.84531 24.6634 1.7
      vertex -3.79904 24.75 0
      vertex -3.79904 24.75 1.7
    endloop
  endfacet
  facet normal 0.882 -0.471249 0
    outer loop
      vertex -3.79904 24.75 0
      vertex -3.84531 24.6634 1.7
      vertex -3.84531 24.6634 0
    endloop
  endfacet
  facet normal 0.995187 -0.0979908 0
    outer loop
      vertex -3.99679 24.0981 1.7
      vertex -3.98717 24.1958 0
      vertex -3.98717 24.1958 1.7
    endloop
  endfacet
  facet normal 0.995187 -0.0979908 0
    outer loop
      vertex -3.98717 24.1958 0
      vertex -3.99679 24.0981 1.7
      vertex -3.99679 24.0981 0
    endloop
  endfacet
  facet normal -0.999465 -0.0327042 0
    outer loop
      vertex 4 24 0
      vertex 3.99679 24.0981 1.7
      vertex 3.99679 24.0981 0
    endloop
  endfacet
  facet normal -0.999465 -0.0327042 0
    outer loop
      vertex 3.99679 24.0981 1.7
      vertex 4 24 0
      vertex 4 24 1.7
    endloop
  endfacet
  facet normal 0.097799 -0.995206 0
    outer loop
      vertex -2.69579 25.4872 0
      vertex -2.5981 25.4968 1.7
      vertex -2.69579 25.4872 1.7
    endloop
  endfacet
  facet normal 0.097799 -0.995206 0
    outer loop
      vertex -2.5981 25.4968 1.7
      vertex -2.69579 25.4872 0
      vertex -2.5981 25.4968 0
    endloop
  endfacet
  facet normal -0.290347 0.956922 0
    outer loop
      vertex 2.98216 22.5796 0
      vertex 2.88823 22.5511 1.7
      vertex 2.98216 22.5796 1.7
    endloop
  endfacet
  facet normal -0.290347 0.956922 0
    outer loop
      vertex 2.88823 22.5511 1.7
      vertex 2.98216 22.5796 0
      vertex 2.88823 22.5511 0
    endloop
  endfacet
  facet normal 0.910851 0.412736 0
    outer loop
      vertex -3.84531 23.3366 1.7
      vertex -3.88582 23.426 0
      vertex -3.88582 23.426 1.7
    endloop
  endfacet
  facet normal 0.910851 0.412736 0
    outer loop
      vertex -3.88582 23.426 0
      vertex -3.84531 23.3366 1.7
      vertex -3.84531 23.3366 0
    endloop
  endfacet
  facet normal 0 1 -0
    outer loop
      vertex 2.5 22.5 0
      vertex -2.5 22.5 1.7
      vertex 2.5 22.5 1.7
    endloop
  endfacet
  facet normal 0 1 0
    outer loop
      vertex -2.5 22.5 1.7
      vertex 2.5 22.5 0
      vertex -2.5 22.5 0
    endloop
  endfacet
  facet normal -0.956982 -0.290149 0
    outer loop
      vertex 3.94889 24.3882 0
      vertex 3.92039 24.4822 1.7
      vertex 3.92039 24.4822 0
    endloop
  endfacet
  facet normal -0.956982 -0.290149 0
    outer loop
      vertex 3.92039 24.4822 1.7
      vertex 3.94889 24.3882 0
      vertex 3.94889 24.3882 1.7
    endloop
  endfacet
  facet normal -0.163011 0.986624 0
    outer loop
      vertex 2.79263 22.5288 0
      vertex 2.69579 22.5128 1.7
      vertex 2.79263 22.5288 1.7
    endloop
  endfacet
  facet normal -0.163011 0.986624 0
    outer loop
      vertex 2.69579 22.5128 1.7
      vertex 2.79263 22.5288 0
      vertex 2.69579 22.5128 0
    endloop
  endfacet
  facet normal -0.097799 0.995206 0
    outer loop
      vertex 2.69579 22.5128 0
      vertex 2.5981 22.5032 1.7
      vertex 2.69579 22.5128 1.7
    endloop
  endfacet
  facet normal -0.097799 0.995206 0
    outer loop
      vertex 2.5981 22.5032 1.7
      vertex 2.69579 22.5128 0
      vertex 2.5981 22.5032 0
    endloop
  endfacet
  facet normal -0.0326024 0.999468 0
    outer loop
      vertex 2.5981 22.5032 0
      vertex 2.5 22.5 1.7
      vertex 2.5981 22.5032 1.7
    endloop
  endfacet
  facet normal -0.0326024 0.999468 0
    outer loop
      vertex 2.5 22.5 1.7
      vertex 2.5981 22.5032 0
      vertex 2.5 22.5 0
    endloop
  endfacet
  facet normal -0.882 0.471249 0
    outer loop
      vertex 3.79904 23.25 0
      vertex 3.84531 23.3366 1.7
      vertex 3.84531 23.3366 0
    endloop
  endfacet
  facet normal -0.882 0.471249 0
    outer loop
      vertex 3.84531 23.3366 1.7
      vertex 3.79904 23.25 0
      vertex 3.79904 23.25 1.7
    endloop
  endfacet
  facet normal 0.773108 -0.634274 0
    outer loop
      vertex -3.69003 24.9131 1.7
      vertex -3.62776 24.989 0
      vertex -3.62776 24.989 1.7
    endloop
  endfacet
  facet normal 0.773108 -0.634274 0
    outer loop
      vertex -3.62776 24.989 0
      vertex -3.69003 24.9131 1.7
      vertex -3.69003 24.9131 0
    endloop
  endfacet
  facet normal -0.973879 -0.227069 0
    outer loop
      vertex 3.97118 24.2926 0
      vertex 3.94889 24.3882 1.7
      vertex 3.94889 24.3882 0
    endloop
  endfacet
  facet normal -0.973879 -0.227069 0
    outer loop
      vertex 3.94889 24.3882 1.7
      vertex 3.97118 24.2926 0
      vertex 3.97118 24.2926 1.7
    endloop
  endfacet
  facet normal -0.527845 -0.849341 0
    outer loop
      vertex 3.25 25.299 0
      vertex 3.33335 25.2472 1.7
      vertex 3.25 25.299 1.7
    endloop
  endfacet
  facet normal -0.527845 -0.849341 -0
    outer loop
      vertex 3.33335 25.2472 1.7
      vertex 3.25 25.299 0
      vertex 3.33335 25.2472 0
    endloop
  endfacet
  facet normal 0.352485 -0.935817 0
    outer loop
      vertex -3.07402 25.3858 0
      vertex -2.98216 25.4204 1.7
      vertex -3.07402 25.3858 1.7
    endloop
  endfacet
  facet normal 0.352485 -0.935817 0
    outer loop
      vertex -2.98216 25.4204 1.7
      vertex -3.07402 25.3858 0
      vertex -2.98216 25.4204 0
    endloop
  endfacet
  facet normal -0.352485 -0.935817 0
    outer loop
      vertex 2.98216 25.4204 0
      vertex 3.07402 25.3858 1.7
      vertex 2.98216 25.4204 1.7
    endloop
  endfacet
  facet normal -0.352485 -0.935817 -0
    outer loop
      vertex 3.07402 25.3858 1.7
      vertex 2.98216 25.4204 0
      vertex 3.07402 25.3858 0
    endloop
  endfacet
  facet normal 0.227165 -0.973856 0
    outer loop
      vertex -2.88823 25.4489 0
      vertex -2.79263 25.4712 1.7
      vertex -2.88823 25.4489 1.7
    endloop
  endfacet
  facet normal 0.227165 -0.973856 0
    outer loop
      vertex -2.79263 25.4712 1.7
      vertex -2.88823 25.4489 0
      vertex -2.79263 25.4712 0
    endloop
  endfacet
  facet normal 0.527845 0.849341 -0
    outer loop
      vertex -3.25 22.701 0
      vertex -3.33335 22.7528 1.7
      vertex -3.25 22.701 1.7
    endloop
  endfacet
  facet normal 0.527845 0.849341 0
    outer loop
      vertex -3.33335 22.7528 1.7
      vertex -3.25 22.701 0
      vertex -3.33335 22.7528 0
    endloop
  endfacet
  facet normal -0.683602 0.729855 0
    outer loop
      vertex 3.56066 22.9393 0
      vertex 3.48902 22.8722 1.7
      vertex 3.56066 22.9393 1.7
    endloop
  endfacet
  facet normal -0.683602 0.729855 0
    outer loop
      vertex 3.48902 22.8722 1.7
      vertex 3.56066 22.9393 0
      vertex 3.48902 22.8722 0
    endloop
  endfacet
  facet normal -0.412613 0.910906 0
    outer loop
      vertex 3.16343 22.6547 0
      vertex 3.07402 22.6142 1.7
      vertex 3.16343 22.6547 1.7
    endloop
  endfacet
  facet normal -0.412613 0.910906 0
    outer loop
      vertex 3.07402 22.6142 1.7
      vertex 3.16343 22.6547 0
      vertex 3.07402 22.6142 0
    endloop
  endfacet
  facet normal -0.935842 0.352419 0
    outer loop
      vertex 3.88582 23.426 0
      vertex 3.92039 23.5178 1.7
      vertex 3.92039 23.5178 0
    endloop
  endfacet
  facet normal -0.935842 0.352419 0
    outer loop
      vertex 3.92039 23.5178 1.7
      vertex 3.88582 23.426 0
      vertex 3.88582 23.426 1.7
    endloop
  endfacet
  facet normal 0.633948 -0.773376 0
    outer loop
      vertex -3.48902 25.1278 0
      vertex -3.41314 25.19 1.7
      vertex -3.48902 25.1278 1.7
    endloop
  endfacet
  facet normal 0.633948 -0.773376 0
    outer loop
      vertex -3.41314 25.19 1.7
      vertex -3.48902 25.1278 0
      vertex -3.41314 25.19 0
    endloop
  endfacet
  facet normal -0.683602 -0.729855 0
    outer loop
      vertex 3.48902 25.1278 0
      vertex 3.56066 25.0607 1.7
      vertex 3.48902 25.1278 1.7
    endloop
  endfacet
  facet normal -0.683602 -0.729855 -0
    outer loop
      vertex 3.56066 25.0607 1.7
      vertex 3.48902 25.1278 0
      vertex 3.56066 25.0607 0
    endloop
  endfacet
  facet normal 0.0326024 -0.999468 0
    outer loop
      vertex -2.5981 25.4968 0
      vertex -2.5 25.5 1.7
      vertex -2.5981 25.4968 1.7
    endloop
  endfacet
  facet normal 0.0326024 -0.999468 0
    outer loop
      vertex -2.5 25.5 1.7
      vertex -2.5981 25.4968 0
      vertex -2.5 25.5 0
    endloop
  endfacet
  facet normal -0.935842 -0.352419 0
    outer loop
      vertex 3.92039 24.4822 0
      vertex 3.88582 24.574 1.7
      vertex 3.88582 24.574 0
    endloop
  endfacet
  facet normal -0.935842 -0.352419 0
    outer loop
      vertex 3.88582 24.574 1.7
      vertex 3.92039 24.4822 0
      vertex 3.92039 24.4822 1.7
    endloop
  endfacet
  facet normal 0.0326024 0.999468 -0
    outer loop
      vertex -2.5 22.5 0
      vertex -2.5981 22.5032 1.7
      vertex -2.5 22.5 1.7
    endloop
  endfacet
  facet normal 0.0326024 0.999468 0
    outer loop
      vertex -2.5981 22.5032 1.7
      vertex -2.5 22.5 0
      vertex -2.5981 22.5032 0
    endloop
  endfacet
  facet normal 0.910851 -0.412736 0
    outer loop
      vertex -3.88582 24.574 1.7
      vertex -3.84531 24.6634 0
      vertex -3.84531 24.6634 1.7
    endloop
  endfacet
  facet normal 0.910851 -0.412736 0
    outer loop
      vertex -3.84531 24.6634 0
      vertex -3.88582 24.574 1.7
      vertex -3.88582 24.574 0
    endloop
  endfacet
  facet normal 0.999465 -0.0327042 0
    outer loop
      vertex -4 24 1.7
      vertex -3.99679 24.0981 0
      vertex -3.99679 24.0981 1.7
    endloop
  endfacet
  facet normal 0.999465 -0.0327042 0
    outer loop
      vertex -3.99679 24.0981 0
      vertex -4 24 1.7
      vertex -4 24 0
    endloop
  endfacet
  facet normal 0.097799 0.995206 -0
    outer loop
      vertex -2.5981 22.5032 0
      vertex -2.69579 22.5128 1.7
      vertex -2.5981 22.5032 1.7
    endloop
  endfacet
  facet normal 0.097799 0.995206 0
    outer loop
      vertex -2.69579 22.5128 1.7
      vertex -2.5981 22.5032 0
      vertex -2.69579 22.5128 0
    endloop
  endfacet
  facet normal -0.910851 0.412736 0
    outer loop
      vertex 3.84531 23.3366 0
      vertex 3.88582 23.426 1.7
      vertex 3.88582 23.426 0
    endloop
  endfacet
  facet normal -0.910851 0.412736 0
    outer loop
      vertex 3.88582 23.426 1.7
      vertex 3.84531 23.3366 0
      vertex 3.84531 23.3366 1.7
    endloop
  endfacet
  facet normal 0.8493 0.52791 0
    outer loop
      vertex -3.7472 23.1666 1.7
      vertex -3.79904 23.25 0
      vertex -3.79904 23.25 1.7
    endloop
  endfacet
  facet normal 0.8493 0.52791 0
    outer loop
      vertex -3.79904 23.25 0
      vertex -3.7472 23.1666 1.7
      vertex -3.7472 23.1666 0
    endloop
  endfacet
  facet normal -0.995187 0.0979908 0
    outer loop
      vertex 3.98717 23.8042 0
      vertex 3.99679 23.9019 1.7
      vertex 3.99679 23.9019 0
    endloop
  endfacet
  facet normal -0.995187 0.0979908 0
    outer loop
      vertex 3.99679 23.9019 1.7
      vertex 3.98717 23.8042 0
      vertex 3.98717 23.8042 1.7
    endloop
  endfacet
  facet normal 0.812568 -0.582867 0
    outer loop
      vertex -3.7472 24.8334 1.7
      vertex -3.69003 24.9131 0
      vertex -3.69003 24.9131 1.7
    endloop
  endfacet
  facet normal 0.812568 -0.582867 0
    outer loop
      vertex -3.69003 24.9131 0
      vertex -3.7472 24.8334 1.7
      vertex -3.7472 24.8334 0
    endloop
  endfacet
  facet normal -0.98663 -0.162977 0
    outer loop
      vertex 3.98717 24.1958 0
      vertex 3.97118 24.2926 1.7
      vertex 3.97118 24.2926 0
    endloop
  endfacet
  facet normal -0.98663 -0.162977 0
    outer loop
      vertex 3.97118 24.2926 1.7
      vertex 3.98717 24.1958 0
      vertex 3.98717 24.1958 1.7
    endloop
  endfacet
  facet normal -0.633948 -0.773376 0
    outer loop
      vertex 3.41314 25.19 0
      vertex 3.48902 25.1278 1.7
      vertex 3.41314 25.19 1.7
    endloop
  endfacet
  facet normal -0.633948 -0.773376 -0
    outer loop
      vertex 3.48902 25.1278 1.7
      vertex 3.41314 25.19 0
      vertex 3.48902 25.1278 0
    endloop
  endfacet
  facet normal 0.290347 -0.956922 0
    outer loop
      vertex -2.98216 25.4204 0
      vertex -2.88823 25.4489 1.7
      vertex -2.98216 25.4204 1.7
    endloop
  endfacet
  facet normal 0.290347 -0.956922 0
    outer loop
      vertex -2.88823 25.4489 1.7
      vertex -2.98216 25.4204 0
      vertex -2.88823 25.4489 0
    endloop
  endfacet
  facet normal 0.98663 -0.162977 0
    outer loop
      vertex -3.98717 24.1958 1.7
      vertex -3.97118 24.2926 0
      vertex -3.97118 24.2926 1.7
    endloop
  endfacet
  facet normal 0.98663 -0.162977 0
    outer loop
      vertex -3.97118 24.2926 0
      vertex -3.98717 24.1958 1.7
      vertex -3.98717 24.1958 0
    endloop
  endfacet
  facet normal -0.0326024 -0.999468 0
    outer loop
      vertex 2.5 25.5 0
      vertex 2.5981 25.4968 1.7
      vertex 2.5 25.5 1.7
    endloop
  endfacet
  facet normal -0.0326024 -0.999468 -0
    outer loop
      vertex 2.5981 25.4968 1.7
      vertex 2.5 25.5 0
      vertex 2.5981 25.4968 0
    endloop
  endfacet
  facet normal 0.163011 0.986624 -0
    outer loop
      vertex -2.69579 22.5128 0
      vertex -2.79263 22.5288 1.7
      vertex -2.69579 22.5128 1.7
    endloop
  endfacet
  facet normal 0.163011 0.986624 0
    outer loop
      vertex -2.79263 22.5288 1.7
      vertex -2.69579 22.5128 0
      vertex -2.79263 22.5288 0
    endloop
  endfacet
  facet normal -0.999465 0.0327042 0
    outer loop
      vertex 3.99679 23.9019 0
      vertex 4 24 1.7
      vertex 4 24 0
    endloop
  endfacet
  facet normal -0.999465 0.0327042 0
    outer loop
      vertex 4 24 1.7
      vertex 3.99679 23.9019 0
      vertex 3.99679 23.9019 1.7
    endloop
  endfacet
  facet normal -0.227165 0.973856 0
    outer loop
      vertex 2.88823 22.5511 0
      vertex 2.79263 22.5288 1.7
      vertex 2.88823 22.5511 1.7
    endloop
  endfacet
  facet normal -0.227165 0.973856 0
    outer loop
      vertex 2.79263 22.5288 1.7
      vertex 2.88823 22.5511 0
      vertex 2.79263 22.5288 0
    endloop
  endfacet
  facet normal 0.412613 0.910906 -0
    outer loop
      vertex -3.07402 22.6142 0
      vertex -3.16343 22.6547 1.7
      vertex -3.07402 22.6142 1.7
    endloop
  endfacet
  facet normal 0.412613 0.910906 0
    outer loop
      vertex -3.16343 22.6547 1.7
      vertex -3.07402 22.6142 0
      vertex -3.16343 22.6547 0
    endloop
  endfacet
  facet normal 0.471614 0.881805 -0
    outer loop
      vertex -3.16343 22.6547 0
      vertex -3.25 22.701 1.7
      vertex -3.16343 22.6547 1.7
    endloop
  endfacet
  facet normal 0.471614 0.881805 0
    outer loop
      vertex -3.25 22.701 1.7
      vertex -3.16343 22.6547 0
      vertex -3.25 22.701 0
    endloop
  endfacet
  facet normal -0.882 -0.471249 0
    outer loop
      vertex 3.84531 24.6634 0
      vertex 3.79904 24.75 1.7
      vertex 3.79904 24.75 0
    endloop
  endfacet
  facet normal -0.882 -0.471249 0
    outer loop
      vertex 3.79904 24.75 1.7
      vertex 3.84531 24.6634 0
      vertex 3.84531 24.6634 1.7
    endloop
  endfacet
  facet normal -0.8493 0.52791 0
    outer loop
      vertex 3.7472 23.1666 0
      vertex 3.79904 23.25 1.7
      vertex 3.79904 23.25 0
    endloop
  endfacet
  facet normal -0.8493 0.52791 0
    outer loop
      vertex 3.79904 23.25 1.7
      vertex 3.7472 23.1666 0
      vertex 3.7472 23.1666 1.7
    endloop
  endfacet
  facet normal -0.582634 0.812734 0
    outer loop
      vertex 3.41314 22.81 0
      vertex 3.33335 22.7528 1.7
      vertex 3.41314 22.81 1.7
    endloop
  endfacet
  facet normal -0.582634 0.812734 0
    outer loop
      vertex 3.33335 22.7528 1.7
      vertex 3.41314 22.81 0
      vertex 3.33335 22.7528 0
    endloop
  endfacet
  facet normal -0.227165 -0.973856 0
    outer loop
      vertex 2.79263 25.4712 0
      vertex 2.88823 25.4489 1.7
      vertex 2.79263 25.4712 1.7
    endloop
  endfacet
  facet normal -0.227165 -0.973856 -0
    outer loop
      vertex 2.88823 25.4489 1.7
      vertex 2.79263 25.4712 0
      vertex 2.88823 25.4489 0
    endloop
  endfacet
  facet normal -0.471614 -0.881805 0
    outer loop
      vertex 3.16343 25.3453 0
      vertex 3.25 25.299 1.7
      vertex 3.16343 25.3453 1.7
    endloop
  endfacet
  facet normal -0.471614 -0.881805 -0
    outer loop
      vertex 3.25 25.299 1.7
      vertex 3.16343 25.3453 0
      vertex 3.25 25.299 0
    endloop
  endfacet
  facet normal 0.73014 -0.683297 0
    outer loop
      vertex -3.62776 24.989 1.7
      vertex -3.56066 25.0607 0
      vertex -3.56066 25.0607 1.7
    endloop
  endfacet
  facet normal 0.73014 -0.683297 0
    outer loop
      vertex -3.56066 25.0607 0
      vertex -3.62776 24.989 1.7
      vertex -3.62776 24.989 0
    endloop
  endfacet
  facet normal 0.882 0.471249 0
    outer loop
      vertex -3.79904 23.25 1.7
      vertex -3.84531 23.3366 0
      vertex -3.84531 23.3366 1.7
    endloop
  endfacet
  facet normal 0.882 0.471249 0
    outer loop
      vertex -3.84531 23.3366 0
      vertex -3.79904 23.25 1.7
      vertex -3.79904 23.25 0
    endloop
  endfacet
  facet normal -0.73014 0.683297 0
    outer loop
      vertex 3.56066 22.9393 0
      vertex 3.62776 23.011 1.7
      vertex 3.62776 23.011 0
    endloop
  endfacet
  facet normal -0.73014 0.683297 0
    outer loop
      vertex 3.62776 23.011 1.7
      vertex 3.56066 22.9393 0
      vertex 3.56066 22.9393 1.7
    endloop
  endfacet
  facet normal -0.8493 -0.52791 0
    outer loop
      vertex 3.79904 24.75 0
      vertex 3.7472 24.8334 1.7
      vertex 3.7472 24.8334 0
    endloop
  endfacet
  facet normal -0.8493 -0.52791 0
    outer loop
      vertex 3.7472 24.8334 1.7
      vertex 3.79904 24.75 0
      vertex 3.79904 24.75 1.7
    endloop
  endfacet
  facet normal 0.935842 0.352419 0
    outer loop
      vertex -3.88582 23.426 1.7
      vertex -3.92039 23.5178 0
      vertex -3.92039 23.5178 1.7
    endloop
  endfacet
  facet normal 0.935842 0.352419 0
    outer loop
      vertex -3.92039 23.5178 0
      vertex -3.88582 23.426 1.7
      vertex -3.88582 23.426 0
    endloop
  endfacet
  facet normal -0.956982 0.290149 0
    outer loop
      vertex 3.92039 23.5178 0
      vertex 3.94889 23.6118 1.7
      vertex 3.94889 23.6118 0
    endloop
  endfacet
  facet normal -0.956982 0.290149 0
    outer loop
      vertex 3.94889 23.6118 1.7
      vertex 3.92039 23.5178 0
      vertex 3.92039 23.5178 1.7
    endloop
  endfacet
  facet normal 0.8493 -0.52791 0
    outer loop
      vertex -3.79904 24.75 1.7
      vertex -3.7472 24.8334 0
      vertex -3.7472 24.8334 1.7
    endloop
  endfacet
  facet normal 0.8493 -0.52791 0
    outer loop
      vertex -3.7472 24.8334 0
      vertex -3.79904 24.75 1.7
      vertex -3.79904 24.75 0
    endloop
  endfacet
  facet normal 0.812568 0.582867 0
    outer loop
      vertex -3.69003 23.0869 1.7
      vertex -3.7472 23.1666 0
      vertex -3.7472 23.1666 1.7
    endloop
  endfacet
  facet normal 0.812568 0.582867 0
    outer loop
      vertex -3.7472 23.1666 0
      vertex -3.69003 23.0869 1.7
      vertex -3.69003 23.0869 0
    endloop
  endfacet
  facet normal -0.290347 -0.956922 0
    outer loop
      vertex 2.88823 25.4489 0
      vertex 2.98216 25.4204 1.7
      vertex 2.88823 25.4489 1.7
    endloop
  endfacet
  facet normal -0.290347 -0.956922 -0
    outer loop
      vertex 2.98216 25.4204 1.7
      vertex 2.88823 25.4489 0
      vertex 2.98216 25.4204 0
    endloop
  endfacet
  facet normal -0.773108 0.634274 0
    outer loop
      vertex 3.62776 23.011 0
      vertex 3.69003 23.0869 1.7
      vertex 3.69003 23.0869 0
    endloop
  endfacet
  facet normal -0.773108 0.634274 0
    outer loop
      vertex 3.69003 23.0869 1.7
      vertex 3.62776 23.011 0
      vertex 3.62776 23.011 1.7
    endloop
  endfacet
  facet normal -0.097799 -0.995206 0
    outer loop
      vertex 2.5981 25.4968 0
      vertex 2.69579 25.4872 1.7
      vertex 2.5981 25.4968 1.7
    endloop
  endfacet
  facet normal -0.097799 -0.995206 -0
    outer loop
      vertex 2.69579 25.4872 1.7
      vertex 2.5981 25.4968 0
      vertex 2.69579 25.4872 0
    endloop
  endfacet
  facet normal 0.995187 0.0979908 0
    outer loop
      vertex -3.98717 23.8042 1.7
      vertex -3.99679 23.9019 0
      vertex -3.99679 23.9019 1.7
    endloop
  endfacet
  facet normal 0.995187 0.0979908 0
    outer loop
      vertex -3.99679 23.9019 0
      vertex -3.98717 23.8042 1.7
      vertex -3.98717 23.8042 0
    endloop
  endfacet
  facet normal 0.973879 -0.227069 0
    outer loop
      vertex -3.97118 24.2926 1.7
      vertex -3.94889 24.3882 0
      vertex -3.94889 24.3882 1.7
    endloop
  endfacet
  facet normal 0.973879 -0.227069 0
    outer loop
      vertex -3.94889 24.3882 0
      vertex -3.97118 24.2926 1.7
      vertex -3.97118 24.2926 0
    endloop
  endfacet
  facet normal 0.290347 0.956922 -0
    outer loop
      vertex -2.88823 22.5511 0
      vertex -2.98216 22.5796 1.7
      vertex -2.88823 22.5511 1.7
    endloop
  endfacet
  facet normal 0.290347 0.956922 0
    outer loop
      vertex -2.98216 22.5796 1.7
      vertex -2.88823 22.5511 0
      vertex -2.98216 22.5796 0
    endloop
  endfacet
  facet normal 0.227165 0.973856 -0
    outer loop
      vertex -2.79263 22.5288 0
      vertex -2.88823 22.5511 1.7
      vertex -2.79263 22.5288 1.7
    endloop
  endfacet
  facet normal 0.227165 0.973856 0
    outer loop
      vertex -2.88823 22.5511 1.7
      vertex -2.79263 22.5288 0
      vertex -2.88823 22.5511 0
    endloop
  endfacet
  facet normal -0.582634 -0.812734 0
    outer loop
      vertex 3.33335 25.2472 0
      vertex 3.41314 25.19 1.7
      vertex 3.33335 25.2472 1.7
    endloop
  endfacet
  facet normal -0.582634 -0.812734 -0
    outer loop
      vertex 3.41314 25.19 1.7
      vertex 3.33335 25.2472 0
      vertex 3.41314 25.19 0
    endloop
  endfacet
  facet normal -0.995187 -0.0979908 0
    outer loop
      vertex 3.99679 24.0981 0
      vertex 3.98717 24.1958 1.7
      vertex 3.98717 24.1958 0
    endloop
  endfacet
  facet normal -0.995187 -0.0979908 0
    outer loop
      vertex 3.98717 24.1958 1.7
      vertex 3.99679 24.0981 0
      vertex 3.99679 24.0981 1.7
    endloop
  endfacet
  facet normal 0.352485 0.935817 -0
    outer loop
      vertex -2.98216 22.5796 0
      vertex -3.07402 22.6142 1.7
      vertex -2.98216 22.5796 1.7
    endloop
  endfacet
  facet normal 0.352485 0.935817 0
    outer loop
      vertex -3.07402 22.6142 1.7
      vertex -2.98216 22.5796 0
      vertex -3.07402 22.6142 0
    endloop
  endfacet
  facet normal 0.773108 0.634274 0
    outer loop
      vertex -3.62776 23.011 1.7
      vertex -3.69003 23.0869 0
      vertex -3.69003 23.0869 1.7
    endloop
  endfacet
  facet normal 0.773108 0.634274 0
    outer loop
      vertex -3.69003 23.0869 0
      vertex -3.62776 23.011 1.7
      vertex -3.62776 23.011 0
    endloop
  endfacet
  facet normal 0.527845 -0.849341 0
    outer loop
      vertex -3.33335 25.2472 0
      vertex -3.25 25.299 1.7
      vertex -3.33335 25.2472 1.7
    endloop
  endfacet
  facet normal 0.527845 -0.849341 0
    outer loop
      vertex -3.25 25.299 1.7
      vertex -3.33335 25.2472 0
      vertex -3.25 25.299 0
    endloop
  endfacet
  facet normal 0.683602 0.729855 -0
    outer loop
      vertex -3.48902 22.8722 0
      vertex -3.56066 22.9393 1.7
      vertex -3.48902 22.8722 1.7
    endloop
  endfacet
  facet normal 0.683602 0.729855 0
    outer loop
      vertex -3.56066 22.9393 1.7
      vertex -3.48902 22.8722 0
      vertex -3.56066 22.9393 0
    endloop
  endfacet
  facet normal 0.935842 -0.352419 0
    outer loop
      vertex -3.92039 24.4822 1.7
      vertex -3.88582 24.574 0
      vertex -3.88582 24.574 1.7
    endloop
  endfacet
  facet normal 0.935842 -0.352419 0
    outer loop
      vertex -3.88582 24.574 0
      vertex -3.92039 24.4822 1.7
      vertex -3.92039 24.4822 0
    endloop
  endfacet
  facet normal 0.956982 -0.290149 0
    outer loop
      vertex -3.94889 24.3882 1.7
      vertex -3.92039 24.4822 0
      vertex -3.92039 24.4822 1.7
    endloop
  endfacet
  facet normal 0.956982 -0.290149 0
    outer loop
      vertex -3.92039 24.4822 0
      vertex -3.94889 24.3882 1.7
      vertex -3.94889 24.3882 0
    endloop
  endfacet
  facet normal -0.163011 -0.986624 0
    outer loop
      vertex 2.69579 25.4872 0
      vertex 2.79263 25.4712 1.7
      vertex 2.69579 25.4872 1.7
    endloop
  endfacet
  facet normal -0.163011 -0.986624 -0
    outer loop
      vertex 2.79263 25.4712 1.7
      vertex 2.69579 25.4872 0
      vertex 2.79263 25.4712 0
    endloop
  endfacet
  facet normal -0.352485 0.935817 0
    outer loop
      vertex 3.07402 22.6142 0
      vertex 2.98216 22.5796 1.7
      vertex 3.07402 22.6142 1.7
    endloop
  endfacet
  facet normal -0.352485 0.935817 0
    outer loop
      vertex 2.98216 22.5796 1.7
      vertex 3.07402 22.6142 0
      vertex 2.98216 22.5796 0
    endloop
  endfacet
  facet normal 0.582634 -0.812734 0
    outer loop
      vertex -3.41314 25.19 0
      vertex -3.33335 25.2472 1.7
      vertex -3.41314 25.19 1.7
    endloop
  endfacet
  facet normal 0.582634 -0.812734 0
    outer loop
      vertex -3.33335 25.2472 1.7
      vertex -3.41314 25.19 0
      vertex -3.33335 25.2472 0
    endloop
  endfacet
  facet normal -0.73014 -0.683297 0
    outer loop
      vertex 3.62776 24.989 0
      vertex 3.56066 25.0607 1.7
      vertex 3.56066 25.0607 0
    endloop
  endfacet
  facet normal -0.73014 -0.683297 0
    outer loop
      vertex 3.56066 25.0607 1.7
      vertex 3.62776 24.989 0
      vertex 3.62776 24.989 1.7
    endloop
  endfacet
  facet normal -0.471614 0.881805 0
    outer loop
      vertex 3.25 22.701 0
      vertex 3.16343 22.6547 1.7
      vertex 3.25 22.701 1.7
    endloop
  endfacet
  facet normal -0.471614 0.881805 0
    outer loop
      vertex 3.16343 22.6547 1.7
      vertex 3.25 22.701 0
      vertex 3.16343 22.6547 0
    endloop
  endfacet
  facet normal 0.412613 -0.910906 0
    outer loop
      vertex -3.16343 25.3453 0
      vertex -3.07402 25.3858 1.7
      vertex -3.16343 25.3453 1.7
    endloop
  endfacet
  facet normal 0.412613 -0.910906 0
    outer loop
      vertex -3.07402 25.3858 1.7
      vertex -3.16343 25.3453 0
      vertex -3.07402 25.3858 0
    endloop
  endfacet
  facet normal 0.973879 0.227069 0
    outer loop
      vertex -3.94889 23.6118 1.7
      vertex -3.97118 23.7074 0
      vertex -3.97118 23.7074 1.7
    endloop
  endfacet
  facet normal 0.973879 0.227069 0
    outer loop
      vertex -3.97118 23.7074 0
      vertex -3.94889 23.6118 1.7
      vertex -3.94889 23.6118 0
    endloop
  endfacet
  facet normal 0.956982 0.290149 0
    outer loop
      vertex -3.92039 23.5178 1.7
      vertex -3.94889 23.6118 0
      vertex -3.94889 23.6118 1.7
    endloop
  endfacet
  facet normal 0.956982 0.290149 0
    outer loop
      vertex -3.94889 23.6118 0
      vertex -3.92039 23.5178 1.7
      vertex -3.92039 23.5178 0
    endloop
  endfacet
  facet normal 0.163011 -0.986624 0
    outer loop
      vertex -2.79263 25.4712 0
      vertex -2.69579 25.4872 1.7
      vertex -2.79263 25.4712 1.7
    endloop
  endfacet
  facet normal 0.163011 -0.986624 0
    outer loop
      vertex -2.69579 25.4872 1.7
      vertex -2.79263 25.4712 0
      vertex -2.69579 25.4872 0
    endloop
  endfacet
  facet normal -0.633948 0.773376 0
    outer loop
      vertex 3.48902 22.8722 0
      vertex 3.41314 22.81 1.7
      vertex 3.48902 22.8722 1.7
    endloop
  endfacet
  facet normal -0.633948 0.773376 0
    outer loop
      vertex 3.41314 22.81 1.7
      vertex 3.48902 22.8722 0
      vertex 3.41314 22.81 0
    endloop
  endfacet
  facet normal -0.527845 0.849341 0
    outer loop
      vertex 3.33335 22.7528 0
      vertex 3.25 22.701 1.7
      vertex 3.33335 22.7528 1.7
    endloop
  endfacet
  facet normal -0.527845 0.849341 0
    outer loop
      vertex 3.25 22.701 1.7
      vertex 3.33335 22.7528 0
      vertex 3.25 22.701 0
    endloop
  endfacet
  facet normal -0.812568 0.582867 0
    outer loop
      vertex 3.69003 23.0869 0
      vertex 3.7472 23.1666 1.7
      vertex 3.7472 23.1666 0
    endloop
  endfacet
  facet normal -0.812568 0.582867 0
    outer loop
      vertex 3.7472 23.1666 1.7
      vertex 3.69003 23.0869 0
      vertex 3.69003 23.0869 1.7
    endloop
  endfacet
  facet normal 0.73014 0.683297 0
    outer loop
      vertex -3.56066 22.9393 1.7
      vertex -3.62776 23.011 0
      vertex -3.62776 23.011 1.7
    endloop
  endfacet
  facet normal 0.73014 0.683297 0
    outer loop
      vertex -3.62776 23.011 0
      vertex -3.56066 22.9393 1.7
      vertex -3.56066 22.9393 0
    endloop
  endfacet
  facet normal 0.633948 0.773376 -0
    outer loop
      vertex -3.41314 22.81 0
      vertex -3.48902 22.8722 1.7
      vertex -3.41314 22.81 1.7
    endloop
  endfacet
  facet normal 0.633948 0.773376 0
    outer loop
      vertex -3.48902 22.8722 1.7
      vertex -3.41314 22.81 0
      vertex -3.48902 22.8722 0
    endloop
  endfacet
  facet normal 0.471614 -0.881805 0
    outer loop
      vertex -3.25 25.299 0
      vertex -3.16343 25.3453 1.7
      vertex -3.25 25.299 1.7
    endloop
  endfacet
  facet normal 0.471614 -0.881805 0
    outer loop
      vertex -3.16343 25.3453 1.7
      vertex -3.25 25.299 0
      vertex -3.16343 25.3453 0
    endloop
  endfacet
  facet normal 0.582634 0.812734 -0
    outer loop
      vertex -3.33335 22.7528 0
      vertex -3.41314 22.81 1.7
      vertex -3.33335 22.7528 1.7
    endloop
  endfacet
  facet normal 0.582634 0.812734 0
    outer loop
      vertex -3.41314 22.81 1.7
      vertex -3.33335 22.7528 0
      vertex -3.41314 22.81 0
    endloop
  endfacet
  facet normal 0.999465 0.0327042 0
    outer loop
      vertex -3.99679 23.9019 1.7
      vertex -4 24 0
      vertex -4 24 1.7
    endloop
  endfacet
  facet normal 0.999465 0.0327042 0
    outer loop
      vertex -4 24 0
      vertex -3.99679 23.9019 1.7
      vertex -3.99679 23.9019 0
    endloop
  endfacet
  facet normal 0.471614 -0.881805 0
    outer loop
      vertex -3.25 -22.701 0
      vertex -3.16343 -22.6547 1.7
      vertex -3.25 -22.701 1.7
    endloop
  endfacet
  facet normal 0.471614 -0.881805 0
    outer loop
      vertex -3.16343 -22.6547 1.7
      vertex -3.25 -22.701 0
      vertex -3.16343 -22.6547 0
    endloop
  endfacet
  facet normal 0.8493 -0.52791 0
    outer loop
      vertex -3.79904 -23.25 1.7
      vertex -3.7472 -23.1666 0
      vertex -3.7472 -23.1666 1.7
    endloop
  endfacet
  facet normal 0.8493 -0.52791 0
    outer loop
      vertex -3.7472 -23.1666 0
      vertex -3.79904 -23.25 1.7
      vertex -3.79904 -23.25 0
    endloop
  endfacet
  facet normal -0.956982 -0.290149 0
    outer loop
      vertex 3.94889 -23.6118 0
      vertex 3.92039 -23.5178 1.7
      vertex 3.92039 -23.5178 0
    endloop
  endfacet
  facet normal -0.956982 -0.290149 0
    outer loop
      vertex 3.92039 -23.5178 1.7
      vertex 3.94889 -23.6118 0
      vertex 3.94889 -23.6118 1.7
    endloop
  endfacet
  facet normal -0.999465 -0.0327042 0
    outer loop
      vertex 4 -24 0
      vertex 3.99679 -23.9019 1.7
      vertex 3.99679 -23.9019 0
    endloop
  endfacet
  facet normal -0.999465 -0.0327042 0
    outer loop
      vertex 3.99679 -23.9019 1.7
      vertex 4 -24 0
      vertex 4 -24 1.7
    endloop
  endfacet
  facet normal 0.999465 0.0327042 0
    outer loop
      vertex -3.99679 -24.0981 1.7
      vertex -4 -24 0
      vertex -4 -24 1.7
    endloop
  endfacet
  facet normal 0.999465 0.0327042 0
    outer loop
      vertex -4 -24 0
      vertex -3.99679 -24.0981 1.7
      vertex -3.99679 -24.0981 0
    endloop
  endfacet
  facet normal -0.773108 -0.634274 0
    outer loop
      vertex 3.69003 -23.0869 0
      vertex 3.62776 -23.011 1.7
      vertex 3.62776 -23.011 0
    endloop
  endfacet
  facet normal -0.773108 -0.634274 0
    outer loop
      vertex 3.62776 -23.011 1.7
      vertex 3.69003 -23.0869 0
      vertex 3.69003 -23.0869 1.7
    endloop
  endfacet
  facet normal -0.097799 -0.995206 0
    outer loop
      vertex 2.5981 -22.5032 0
      vertex 2.69579 -22.5128 1.7
      vertex 2.5981 -22.5032 1.7
    endloop
  endfacet
  facet normal -0.097799 -0.995206 -0
    outer loop
      vertex 2.69579 -22.5128 1.7
      vertex 2.5981 -22.5032 0
      vertex 2.69579 -22.5128 0
    endloop
  endfacet
  facet normal -0.73014 -0.683297 0
    outer loop
      vertex 3.62776 -23.011 0
      vertex 3.56066 -22.9393 1.7
      vertex 3.56066 -22.9393 0
    endloop
  endfacet
  facet normal -0.73014 -0.683297 0
    outer loop
      vertex 3.56066 -22.9393 1.7
      vertex 3.62776 -23.011 0
      vertex 3.62776 -23.011 1.7
    endloop
  endfacet
  facet normal 0.98663 0.162977 0
    outer loop
      vertex -3.97118 -24.2926 1.7
      vertex -3.98717 -24.1958 0
      vertex -3.98717 -24.1958 1.7
    endloop
  endfacet
  facet normal 0.98663 0.162977 0
    outer loop
      vertex -3.98717 -24.1958 0
      vertex -3.97118 -24.2926 1.7
      vertex -3.97118 -24.2926 0
    endloop
  endfacet
  facet normal 0.773108 -0.634274 0
    outer loop
      vertex -3.69003 -23.0869 1.7
      vertex -3.62776 -23.011 0
      vertex -3.62776 -23.011 1.7
    endloop
  endfacet
  facet normal 0.773108 -0.634274 0
    outer loop
      vertex -3.62776 -23.011 0
      vertex -3.69003 -23.0869 1.7
      vertex -3.69003 -23.0869 0
    endloop
  endfacet
  facet normal -0.98663 0.162977 0
    outer loop
      vertex 3.97118 -24.2926 0
      vertex 3.98717 -24.1958 1.7
      vertex 3.98717 -24.1958 0
    endloop
  endfacet
  facet normal -0.98663 0.162977 0
    outer loop
      vertex 3.98717 -24.1958 1.7
      vertex 3.97118 -24.2926 0
      vertex 3.97118 -24.2926 1.7
    endloop
  endfacet
  facet normal 0 -1 0
    outer loop
      vertex -2.5 -22.5 0
      vertex 2.5 -22.5 1.7
      vertex -2.5 -22.5 1.7
    endloop
  endfacet
  facet normal 0 -1 -0
    outer loop
      vertex 2.5 -22.5 1.7
      vertex -2.5 -22.5 0
      vertex 2.5 -22.5 0
    endloop
  endfacet
  facet normal 0.98663 -0.162977 0
    outer loop
      vertex -3.98717 -23.8042 1.7
      vertex -3.97118 -23.7074 0
      vertex -3.97118 -23.7074 1.7
    endloop
  endfacet
  facet normal 0.98663 -0.162977 0
    outer loop
      vertex -3.97118 -23.7074 0
      vertex -3.98717 -23.8042 1.7
      vertex -3.98717 -23.8042 0
    endloop
  endfacet
  facet normal 0.882 -0.471249 0
    outer loop
      vertex -3.84531 -23.3366 1.7
      vertex -3.79904 -23.25 0
      vertex -3.79904 -23.25 1.7
    endloop
  endfacet
  facet normal 0.882 -0.471249 0
    outer loop
      vertex -3.79904 -23.25 0
      vertex -3.84531 -23.3366 1.7
      vertex -3.84531 -23.3366 0
    endloop
  endfacet
  facet normal -0.8493 -0.52791 0
    outer loop
      vertex 3.79904 -23.25 0
      vertex 3.7472 -23.1666 1.7
      vertex 3.7472 -23.1666 0
    endloop
  endfacet
  facet normal -0.8493 -0.52791 0
    outer loop
      vertex 3.7472 -23.1666 1.7
      vertex 3.79904 -23.25 0
      vertex 3.79904 -23.25 1.7
    endloop
  endfacet
  facet normal 0.097799 -0.995206 0
    outer loop
      vertex -2.69579 -22.5128 0
      vertex -2.5981 -22.5032 1.7
      vertex -2.69579 -22.5128 1.7
    endloop
  endfacet
  facet normal 0.097799 -0.995206 0
    outer loop
      vertex -2.5981 -22.5032 1.7
      vertex -2.69579 -22.5128 0
      vertex -2.5981 -22.5032 0
    endloop
  endfacet
  facet normal -0.290347 -0.956922 0
    outer loop
      vertex 2.88823 -22.5511 0
      vertex 2.98216 -22.5796 1.7
      vertex 2.88823 -22.5511 1.7
    endloop
  endfacet
  facet normal -0.290347 -0.956922 -0
    outer loop
      vertex 2.98216 -22.5796 1.7
      vertex 2.88823 -22.5511 0
      vertex 2.98216 -22.5796 0
    endloop
  endfacet
  facet normal 0.527845 -0.849341 0
    outer loop
      vertex -3.33335 -22.7528 0
      vertex -3.25 -22.701 1.7
      vertex -3.33335 -22.7528 1.7
    endloop
  endfacet
  facet normal 0.527845 -0.849341 0
    outer loop
      vertex -3.25 -22.701 1.7
      vertex -3.33335 -22.7528 0
      vertex -3.25 -22.701 0
    endloop
  endfacet
  facet normal -0.773108 0.634274 0
    outer loop
      vertex 3.62776 -24.989 0
      vertex 3.69003 -24.9131 1.7
      vertex 3.69003 -24.9131 0
    endloop
  endfacet
  facet normal -0.773108 0.634274 0
    outer loop
      vertex 3.69003 -24.9131 1.7
      vertex 3.62776 -24.989 0
      vertex 3.62776 -24.989 1.7
    endloop
  endfacet
  facet normal 0.882 0.471249 0
    outer loop
      vertex -3.79904 -24.75 1.7
      vertex -3.84531 -24.6634 0
      vertex -3.84531 -24.6634 1.7
    endloop
  endfacet
  facet normal 0.882 0.471249 0
    outer loop
      vertex -3.84531 -24.6634 0
      vertex -3.79904 -24.75 1.7
      vertex -3.79904 -24.75 0
    endloop
  endfacet
  facet normal -0.910851 -0.412736 0
    outer loop
      vertex 3.88582 -23.426 0
      vertex 3.84531 -23.3366 1.7
      vertex 3.84531 -23.3366 0
    endloop
  endfacet
  facet normal -0.910851 -0.412736 0
    outer loop
      vertex 3.84531 -23.3366 1.7
      vertex 3.88582 -23.426 0
      vertex 3.88582 -23.426 1.7
    endloop
  endfacet
  facet normal 0.973879 0.227069 0
    outer loop
      vertex -3.94889 -24.3882 1.7
      vertex -3.97118 -24.2926 0
      vertex -3.97118 -24.2926 1.7
    endloop
  endfacet
  facet normal 0.973879 0.227069 0
    outer loop
      vertex -3.97118 -24.2926 0
      vertex -3.94889 -24.3882 1.7
      vertex -3.94889 -24.3882 0
    endloop
  endfacet
  facet normal 0.352485 -0.935817 0
    outer loop
      vertex -3.07402 -22.6142 0
      vertex -2.98216 -22.5796 1.7
      vertex -3.07402 -22.6142 1.7
    endloop
  endfacet
  facet normal 0.352485 -0.935817 0
    outer loop
      vertex -2.98216 -22.5796 1.7
      vertex -3.07402 -22.6142 0
      vertex -2.98216 -22.5796 0
    endloop
  endfacet
  facet normal 0.290347 -0.956922 0
    outer loop
      vertex -2.98216 -22.5796 0
      vertex -2.88823 -22.5511 1.7
      vertex -2.98216 -22.5796 1.7
    endloop
  endfacet
  facet normal 0.290347 -0.956922 0
    outer loop
      vertex -2.88823 -22.5511 1.7
      vertex -2.98216 -22.5796 0
      vertex -2.88823 -22.5511 0
    endloop
  endfacet
  facet normal -0.0326024 -0.999468 0
    outer loop
      vertex 2.5 -22.5 0
      vertex 2.5981 -22.5032 1.7
      vertex 2.5 -22.5 1.7
    endloop
  endfacet
  facet normal -0.0326024 -0.999468 -0
    outer loop
      vertex 2.5981 -22.5032 1.7
      vertex 2.5 -22.5 0
      vertex 2.5981 -22.5032 0
    endloop
  endfacet
  facet normal -0.882 0.471249 0
    outer loop
      vertex 3.79904 -24.75 0
      vertex 3.84531 -24.6634 1.7
      vertex 3.84531 -24.6634 0
    endloop
  endfacet
  facet normal -0.882 0.471249 0
    outer loop
      vertex 3.84531 -24.6634 1.7
      vertex 3.79904 -24.75 0
      vertex 3.79904 -24.75 1.7
    endloop
  endfacet
  facet normal -0.935842 -0.352419 0
    outer loop
      vertex 3.92039 -23.5178 0
      vertex 3.88582 -23.426 1.7
      vertex 3.88582 -23.426 0
    endloop
  endfacet
  facet normal -0.935842 -0.352419 0
    outer loop
      vertex 3.88582 -23.426 1.7
      vertex 3.92039 -23.5178 0
      vertex 3.92039 -23.5178 1.7
    endloop
  endfacet
  facet normal -0.412613 -0.910906 0
    outer loop
      vertex 3.07402 -22.6142 0
      vertex 3.16343 -22.6547 1.7
      vertex 3.07402 -22.6142 1.7
    endloop
  endfacet
  facet normal -0.412613 -0.910906 -0
    outer loop
      vertex 3.16343 -22.6547 1.7
      vertex 3.07402 -22.6142 0
      vertex 3.16343 -22.6547 0
    endloop
  endfacet
  facet normal -0.956982 0.290149 0
    outer loop
      vertex 3.92039 -24.4822 0
      vertex 3.94889 -24.3882 1.7
      vertex 3.94889 -24.3882 0
    endloop
  endfacet
  facet normal -0.956982 0.290149 0
    outer loop
      vertex 3.94889 -24.3882 1.7
      vertex 3.92039 -24.4822 0
      vertex 3.92039 -24.4822 1.7
    endloop
  endfacet
  facet normal 0.935842 0.352419 0
    outer loop
      vertex -3.88582 -24.574 1.7
      vertex -3.92039 -24.4822 0
      vertex -3.92039 -24.4822 1.7
    endloop
  endfacet
  facet normal 0.935842 0.352419 0
    outer loop
      vertex -3.92039 -24.4822 0
      vertex -3.88582 -24.574 1.7
      vertex -3.88582 -24.574 0
    endloop
  endfacet
  facet normal 0.0326024 -0.999468 0
    outer loop
      vertex -2.5981 -22.5032 0
      vertex -2.5 -22.5 1.7
      vertex -2.5981 -22.5032 1.7
    endloop
  endfacet
  facet normal 0.0326024 -0.999468 0
    outer loop
      vertex -2.5 -22.5 1.7
      vertex -2.5981 -22.5032 0
      vertex -2.5 -22.5 0
    endloop
  endfacet
  facet normal 0.227165 -0.973856 0
    outer loop
      vertex -2.88823 -22.5511 0
      vertex -2.79263 -22.5288 1.7
      vertex -2.88823 -22.5511 1.7
    endloop
  endfacet
  facet normal 0.227165 -0.973856 0
    outer loop
      vertex -2.79263 -22.5288 1.7
      vertex -2.88823 -22.5511 0
      vertex -2.79263 -22.5288 0
    endloop
  endfacet
  facet normal 0.910851 -0.412736 0
    outer loop
      vertex -3.88582 -23.426 1.7
      vertex -3.84531 -23.3366 0
      vertex -3.84531 -23.3366 1.7
    endloop
  endfacet
  facet normal 0.910851 -0.412736 0
    outer loop
      vertex -3.84531 -23.3366 0
      vertex -3.88582 -23.426 1.7
      vertex -3.88582 -23.426 0
    endloop
  endfacet
  facet normal -0.995187 0.0979908 0
    outer loop
      vertex 3.98717 -24.1958 0
      vertex 3.99679 -24.0981 1.7
      vertex 3.99679 -24.0981 0
    endloop
  endfacet
  facet normal -0.995187 0.0979908 0
    outer loop
      vertex 3.99679 -24.0981 1.7
      vertex 3.98717 -24.1958 0
      vertex 3.98717 -24.1958 1.7
    endloop
  endfacet
  facet normal -0.995187 -0.0979908 0
    outer loop
      vertex 3.99679 -23.9019 0
      vertex 3.98717 -23.8042 1.7
      vertex 3.98717 -23.8042 0
    endloop
  endfacet
  facet normal -0.995187 -0.0979908 0
    outer loop
      vertex 3.98717 -23.8042 1.7
      vertex 3.99679 -23.9019 0
      vertex 3.99679 -23.9019 1.7
    endloop
  endfacet
  facet normal -0.633948 -0.773376 0
    outer loop
      vertex 3.41314 -22.81 0
      vertex 3.48902 -22.8722 1.7
      vertex 3.41314 -22.81 1.7
    endloop
  endfacet
  facet normal -0.633948 -0.773376 -0
    outer loop
      vertex 3.48902 -22.8722 1.7
      vertex 3.41314 -22.81 0
      vertex 3.48902 -22.8722 0
    endloop
  endfacet
  facet normal 0.812568 -0.582867 0
    outer loop
      vertex -3.7472 -23.1666 1.7
      vertex -3.69003 -23.0869 0
      vertex -3.69003 -23.0869 1.7
    endloop
  endfacet
  facet normal 0.812568 -0.582867 0
    outer loop
      vertex -3.69003 -23.0869 0
      vertex -3.7472 -23.1666 1.7
      vertex -3.7472 -23.1666 0
    endloop
  endfacet
  facet normal -0.812568 0.582867 0
    outer loop
      vertex 3.69003 -24.9131 0
      vertex 3.7472 -24.8334 1.7
      vertex 3.7472 -24.8334 0
    endloop
  endfacet
  facet normal -0.812568 0.582867 0
    outer loop
      vertex 3.7472 -24.8334 1.7
      vertex 3.69003 -24.9131 0
      vertex 3.69003 -24.9131 1.7
    endloop
  endfacet
  facet normal -0.973879 0.227069 0
    outer loop
      vertex 3.94889 -24.3882 0
      vertex 3.97118 -24.2926 1.7
      vertex 3.97118 -24.2926 0
    endloop
  endfacet
  facet normal -0.973879 0.227069 0
    outer loop
      vertex 3.97118 -24.2926 1.7
      vertex 3.94889 -24.3882 0
      vertex 3.94889 -24.3882 1.7
    endloop
  endfacet
  facet normal 0.8493 0.52791 0
    outer loop
      vertex -3.7472 -24.8334 1.7
      vertex -3.79904 -24.75 0
      vertex -3.79904 -24.75 1.7
    endloop
  endfacet
  facet normal 0.8493 0.52791 0
    outer loop
      vertex -3.79904 -24.75 0
      vertex -3.7472 -24.8334 1.7
      vertex -3.7472 -24.8334 0
    endloop
  endfacet
  facet normal -0.812568 -0.582867 0
    outer loop
      vertex 3.7472 -23.1666 0
      vertex 3.69003 -23.0869 1.7
      vertex 3.69003 -23.0869 0
    endloop
  endfacet
  facet normal -0.812568 -0.582867 0
    outer loop
      vertex 3.69003 -23.0869 1.7
      vertex 3.7472 -23.1666 0
      vertex 3.7472 -23.1666 1.7
    endloop
  endfacet
  facet normal -0.73014 0.683297 0
    outer loop
      vertex 3.56066 -25.0607 0
      vertex 3.62776 -24.989 1.7
      vertex 3.62776 -24.989 0
    endloop
  endfacet
  facet normal -0.73014 0.683297 0
    outer loop
      vertex 3.62776 -24.989 1.7
      vertex 3.56066 -25.0607 0
      vertex 3.56066 -25.0607 1.7
    endloop
  endfacet
  facet normal -0.352485 -0.935817 0
    outer loop
      vertex 2.98216 -22.5796 0
      vertex 3.07402 -22.6142 1.7
      vertex 2.98216 -22.5796 1.7
    endloop
  endfacet
  facet normal -0.352485 -0.935817 -0
    outer loop
      vertex 3.07402 -22.6142 1.7
      vertex 2.98216 -22.5796 0
      vertex 3.07402 -22.6142 0
    endloop
  endfacet
  facet normal 0.73014 -0.683297 0
    outer loop
      vertex -3.62776 -23.011 1.7
      vertex -3.56066 -22.9393 0
      vertex -3.56066 -22.9393 1.7
    endloop
  endfacet
  facet normal 0.73014 -0.683297 0
    outer loop
      vertex -3.56066 -22.9393 0
      vertex -3.62776 -23.011 1.7
      vertex -3.62776 -23.011 0
    endloop
  endfacet
  facet normal -0.527845 -0.849341 0
    outer loop
      vertex 3.25 -22.701 0
      vertex 3.33335 -22.7528 1.7
      vertex 3.25 -22.701 1.7
    endloop
  endfacet
  facet normal -0.527845 -0.849341 -0
    outer loop
      vertex 3.33335 -22.7528 1.7
      vertex 3.25 -22.701 0
      vertex 3.33335 -22.7528 0
    endloop
  endfacet
  facet normal -0.683247 0.730187 0
    outer loop
      vertex 3.56066 -25.0607 0
      vertex 3.51866 -25.1 1.7
      vertex 3.56066 -25.0607 1.7
    endloop
  endfacet
  facet normal -0.683247 0.730187 0
    outer loop
      vertex 3.51866 -25.1 1.7
      vertex 3.56066 -25.0607 0
      vertex 3.51866 -25.1 0
    endloop
  endfacet
  facet normal -0.98663 -0.162977 0
    outer loop
      vertex 3.98717 -23.8042 0
      vertex 3.97118 -23.7074 1.7
      vertex 3.97118 -23.7074 0
    endloop
  endfacet
  facet normal -0.98663 -0.162977 0
    outer loop
      vertex 3.97118 -23.7074 1.7
      vertex 3.98717 -23.8042 0
      vertex 3.98717 -23.8042 1.7
    endloop
  endfacet
  facet normal -0.882 -0.471249 0
    outer loop
      vertex 3.84531 -23.3366 0
      vertex 3.79904 -23.25 1.7
      vertex 3.79904 -23.25 0
    endloop
  endfacet
  facet normal -0.882 -0.471249 0
    outer loop
      vertex 3.79904 -23.25 1.7
      vertex 3.84531 -23.3366 0
      vertex 3.84531 -23.3366 1.7
    endloop
  endfacet
  facet normal 0.683247 0.730187 -0
    outer loop
      vertex -3.51866 -25.1 0
      vertex -3.56066 -25.0607 1.7
      vertex -3.51866 -25.1 1.7
    endloop
  endfacet
  facet normal 0.683247 0.730187 0
    outer loop
      vertex -3.56066 -25.0607 1.7
      vertex -3.51866 -25.1 0
      vertex -3.56066 -25.0607 0
    endloop
  endfacet
  facet normal 0.683602 -0.729855 0
    outer loop
      vertex -3.56066 -22.9393 0
      vertex -3.48902 -22.8722 1.7
      vertex -3.56066 -22.9393 1.7
    endloop
  endfacet
  facet normal 0.683602 -0.729855 0
    outer loop
      vertex -3.48902 -22.8722 1.7
      vertex -3.56066 -22.9393 0
      vertex -3.48902 -22.8722 0
    endloop
  endfacet
  facet normal 0.812568 0.582867 0
    outer loop
      vertex -3.69003 -24.9131 1.7
      vertex -3.7472 -24.8334 0
      vertex -3.7472 -24.8334 1.7
    endloop
  endfacet
  facet normal 0.812568 0.582867 0
    outer loop
      vertex -3.7472 -24.8334 0
      vertex -3.69003 -24.9131 1.7
      vertex -3.69003 -24.9131 0
    endloop
  endfacet
  facet normal 0.73014 0.683297 0
    outer loop
      vertex -3.56066 -25.0607 1.7
      vertex -3.62776 -24.989 0
      vertex -3.62776 -24.989 1.7
    endloop
  endfacet
  facet normal 0.73014 0.683297 0
    outer loop
      vertex -3.62776 -24.989 0
      vertex -3.56066 -25.0607 1.7
      vertex -3.56066 -25.0607 0
    endloop
  endfacet
  facet normal -0.163011 -0.986624 0
    outer loop
      vertex 2.69579 -22.5128 0
      vertex 2.79263 -22.5288 1.7
      vertex 2.69579 -22.5128 1.7
    endloop
  endfacet
  facet normal -0.163011 -0.986624 -0
    outer loop
      vertex 2.79263 -22.5288 1.7
      vertex 2.69579 -22.5128 0
      vertex 2.79263 -22.5288 0
    endloop
  endfacet
  facet normal 0.995187 0.0979908 0
    outer loop
      vertex -3.98717 -24.1958 1.7
      vertex -3.99679 -24.0981 0
      vertex -3.99679 -24.0981 1.7
    endloop
  endfacet
  facet normal 0.995187 0.0979908 0
    outer loop
      vertex -3.99679 -24.0981 0
      vertex -3.98717 -24.1958 1.7
      vertex -3.98717 -24.1958 0
    endloop
  endfacet
  facet normal 0.910851 0.412736 0
    outer loop
      vertex -3.84531 -24.6634 1.7
      vertex -3.88582 -24.574 0
      vertex -3.88582 -24.574 1.7
    endloop
  endfacet
  facet normal 0.910851 0.412736 0
    outer loop
      vertex -3.88582 -24.574 0
      vertex -3.84531 -24.6634 1.7
      vertex -3.84531 -24.6634 0
    endloop
  endfacet
  facet normal 0.773108 0.634274 0
    outer loop
      vertex -3.62776 -24.989 1.7
      vertex -3.69003 -24.9131 0
      vertex -3.69003 -24.9131 1.7
    endloop
  endfacet
  facet normal 0.773108 0.634274 0
    outer loop
      vertex -3.69003 -24.9131 0
      vertex -3.62776 -24.989 1.7
      vertex -3.62776 -24.989 0
    endloop
  endfacet
  facet normal 0.956982 -0.290149 0
    outer loop
      vertex -3.94889 -23.6118 1.7
      vertex -3.92039 -23.5178 0
      vertex -3.92039 -23.5178 1.7
    endloop
  endfacet
  facet normal 0.956982 -0.290149 0
    outer loop
      vertex -3.92039 -23.5178 0
      vertex -3.94889 -23.6118 1.7
      vertex -3.94889 -23.6118 0
    endloop
  endfacet
  facet normal -0.582634 -0.812734 0
    outer loop
      vertex 3.33335 -22.7528 0
      vertex 3.41314 -22.81 1.7
      vertex 3.33335 -22.7528 1.7
    endloop
  endfacet
  facet normal -0.582634 -0.812734 -0
    outer loop
      vertex 3.41314 -22.81 1.7
      vertex 3.33335 -22.7528 0
      vertex 3.41314 -22.81 0
    endloop
  endfacet
  facet normal 0.995187 -0.0979908 0
    outer loop
      vertex -3.99679 -23.9019 1.7
      vertex -3.98717 -23.8042 0
      vertex -3.98717 -23.8042 1.7
    endloop
  endfacet
  facet normal 0.995187 -0.0979908 0
    outer loop
      vertex -3.98717 -23.8042 0
      vertex -3.99679 -23.9019 1.7
      vertex -3.99679 -23.9019 0
    endloop
  endfacet
  facet normal -0.973879 -0.227069 0
    outer loop
      vertex 3.97118 -23.7074 0
      vertex 3.94889 -23.6118 1.7
      vertex 3.94889 -23.6118 0
    endloop
  endfacet
  facet normal -0.973879 -0.227069 0
    outer loop
      vertex 3.94889 -23.6118 1.7
      vertex 3.97118 -23.7074 0
      vertex 3.97118 -23.7074 1.7
    endloop
  endfacet
  facet normal -0.471614 -0.881805 0
    outer loop
      vertex 3.16343 -22.6547 0
      vertex 3.25 -22.701 1.7
      vertex 3.16343 -22.6547 1.7
    endloop
  endfacet
  facet normal -0.471614 -0.881805 -0
    outer loop
      vertex 3.25 -22.701 1.7
      vertex 3.16343 -22.6547 0
      vertex 3.25 -22.701 0
    endloop
  endfacet
  facet normal -0.227165 -0.973856 0
    outer loop
      vertex 2.79263 -22.5288 0
      vertex 2.88823 -22.5511 1.7
      vertex 2.79263 -22.5288 1.7
    endloop
  endfacet
  facet normal -0.227165 -0.973856 -0
    outer loop
      vertex 2.88823 -22.5511 1.7
      vertex 2.79263 -22.5288 0
      vertex 2.88823 -22.5511 0
    endloop
  endfacet
  facet normal 0.582634 -0.812734 0
    outer loop
      vertex -3.41314 -22.81 0
      vertex -3.33335 -22.7528 1.7
      vertex -3.41314 -22.81 1.7
    endloop
  endfacet
  facet normal 0.582634 -0.812734 0
    outer loop
      vertex -3.33335 -22.7528 1.7
      vertex -3.41314 -22.81 0
      vertex -3.33335 -22.7528 0
    endloop
  endfacet
  facet normal 0.633948 -0.773376 0
    outer loop
      vertex -3.48902 -22.8722 0
      vertex -3.41314 -22.81 1.7
      vertex -3.48902 -22.8722 1.7
    endloop
  endfacet
  facet normal 0.633948 -0.773376 0
    outer loop
      vertex -3.41314 -22.81 1.7
      vertex -3.48902 -22.8722 0
      vertex -3.41314 -22.81 0
    endloop
  endfacet
  facet normal -0.910851 0.412736 0
    outer loop
      vertex 3.84531 -24.6634 0
      vertex 3.88582 -24.574 1.7
      vertex 3.88582 -24.574 0
    endloop
  endfacet
  facet normal -0.910851 0.412736 0
    outer loop
      vertex 3.88582 -24.574 1.7
      vertex 3.84531 -24.6634 0
      vertex 3.84531 -24.6634 1.7
    endloop
  endfacet
  facet normal -0.999465 0.0327042 0
    outer loop
      vertex 3.99679 -24.0981 0
      vertex 4 -24 1.7
      vertex 4 -24 0
    endloop
  endfacet
  facet normal -0.999465 0.0327042 0
    outer loop
      vertex 4 -24 1.7
      vertex 3.99679 -24.0981 0
      vertex 3.99679 -24.0981 1.7
    endloop
  endfacet
  facet normal 0.973879 -0.227069 0
    outer loop
      vertex -3.97118 -23.7074 1.7
      vertex -3.94889 -23.6118 0
      vertex -3.94889 -23.6118 1.7
    endloop
  endfacet
  facet normal 0.973879 -0.227069 0
    outer loop
      vertex -3.94889 -23.6118 0
      vertex -3.97118 -23.7074 1.7
      vertex -3.97118 -23.7074 0
    endloop
  endfacet
  facet normal 0.935842 -0.352419 0
    outer loop
      vertex -3.92039 -23.5178 1.7
      vertex -3.88582 -23.426 0
      vertex -3.88582 -23.426 1.7
    endloop
  endfacet
  facet normal 0.935842 -0.352419 0
    outer loop
      vertex -3.88582 -23.426 0
      vertex -3.92039 -23.5178 1.7
      vertex -3.92039 -23.5178 0
    endloop
  endfacet
  facet normal -0.8493 0.52791 0
    outer loop
      vertex 3.7472 -24.8334 0
      vertex 3.79904 -24.75 1.7
      vertex 3.79904 -24.75 0
    endloop
  endfacet
  facet normal -0.8493 0.52791 0
    outer loop
      vertex 3.79904 -24.75 1.7
      vertex 3.7472 -24.8334 0
      vertex 3.7472 -24.8334 1.7
    endloop
  endfacet
  facet normal 0.999465 -0.0327042 0
    outer loop
      vertex -4 -24 1.7
      vertex -3.99679 -23.9019 0
      vertex -3.99679 -23.9019 1.7
    endloop
  endfacet
  facet normal 0.999465 -0.0327042 0
    outer loop
      vertex -3.99679 -23.9019 0
      vertex -4 -24 1.7
      vertex -4 -24 0
    endloop
  endfacet
  facet normal -0.683602 -0.729855 0
    outer loop
      vertex 3.48902 -22.8722 0
      vertex 3.56066 -22.9393 1.7
      vertex 3.48902 -22.8722 1.7
    endloop
  endfacet
  facet normal -0.683602 -0.729855 -0
    outer loop
      vertex 3.56066 -22.9393 1.7
      vertex 3.48902 -22.8722 0
      vertex 3.56066 -22.9393 0
    endloop
  endfacet
  facet normal 0.956982 0.290149 0
    outer loop
      vertex -3.92039 -24.4822 1.7
      vertex -3.94889 -24.3882 0
      vertex -3.94889 -24.3882 1.7
    endloop
  endfacet
  facet normal 0.956982 0.290149 0
    outer loop
      vertex -3.94889 -24.3882 0
      vertex -3.92039 -24.4822 1.7
      vertex -3.92039 -24.4822 0
    endloop
  endfacet
  facet normal -0.935842 0.352419 0
    outer loop
      vertex 3.88582 -24.574 0
      vertex 3.92039 -24.4822 1.7
      vertex 3.92039 -24.4822 0
    endloop
  endfacet
  facet normal -0.935842 0.352419 0
    outer loop
      vertex 3.92039 -24.4822 1.7
      vertex 3.88582 -24.574 0
      vertex 3.88582 -24.574 1.7
    endloop
  endfacet
  facet normal 0.163011 -0.986624 0
    outer loop
      vertex -2.79263 -22.5288 0
      vertex -2.69579 -22.5128 1.7
      vertex -2.79263 -22.5288 1.7
    endloop
  endfacet
  facet normal 0.163011 -0.986624 0
    outer loop
      vertex -2.69579 -22.5128 1.7
      vertex -2.79263 -22.5288 0
      vertex -2.69579 -22.5128 0
    endloop
  endfacet
  facet normal 0.412613 -0.910906 0
    outer loop
      vertex -3.16343 -22.6547 0
      vertex -3.07402 -22.6142 1.7
      vertex -3.16343 -22.6547 1.7
    endloop
  endfacet
  facet normal 0.412613 -0.910906 0
    outer loop
      vertex -3.07402 -22.6142 1.7
      vertex -3.16343 -22.6547 0
      vertex -3.07402 -22.6142 0
    endloop
  endfacet
endsolid OpenSCAD_Model
