solid OpenSCAD_Model
  facet normal 0.989174 0.146746 0
    outer loop
      vertex 39.2103 3.86187 3
      vertex 38.6429 7.68656 0
      vertex 38.6429 7.68656 3
    endloop
  endfacet
  facet normal 0.989174 0.146746 0
    outer loop
      vertex 38.6429 7.68656 0
      vertex 39.2103 3.86187 3
      vertex 39.2103 3.86187 0
    endloop
  endfacet
  facet normal 0.998796 0.0490621 0
    outer loop
      vertex 39.4 0 3
      vertex 39.2103 3.86187 0
      vertex 39.2103 3.86187 3
    endloop
  endfacet
  facet normal 0.998796 0.0490621 0
    outer loop
      vertex 39.2103 3.86187 0
      vertex 39.4 0 3
      vertex 39.4 0 0
    endloop
  endfacet
  facet normal 0.97003 0.242983 0
    outer loop
      vertex 38.6429 7.68656 3
      vertex 37.7034 11.4372 0
      vertex 37.7034 11.4372 3
    endloop
  endfacet
  facet normal 0.97003 0.242983 0
    outer loop
      vertex 37.7034 11.4372 0
      vertex 38.6429 7.68656 3
      vertex 38.6429 7.68656 0
    endloop
  endfacet
  facet normal 0.336869 -0.941552 0
    outer loop
      vertex 11.4372 -37.7034 0
      vertex 15.0777 -36.4009 3
      vertex 11.4372 -37.7034 3
    endloop
  endfacet
  facet normal 0.336869 -0.941552 0
    outer loop
      vertex 15.0777 -36.4009 3
      vertex 11.4372 -37.7034 0
      vertex 15.0777 -36.4009 0
    endloop
  endfacet
  facet normal 0.427565 0.903985 -0
    outer loop
      vertex 18.573 34.7477 0
      vertex 15.0777 36.4009 3
      vertex 18.573 34.7477 3
    endloop
  endfacet
  facet normal 0.427565 0.903985 0
    outer loop
      vertex 15.0777 36.4009 3
      vertex 18.573 34.7477 0
      vertex 15.0777 36.4009 0
    endloop
  endfacet
  facet normal 0.998796 -0.0490621 0
    outer loop
      vertex 39.2103 -3.86187 3
      vertex 39.4 0 0
      vertex 39.4 0 3
    endloop
  endfacet
  facet normal 0.998796 -0.0490621 0
    outer loop
      vertex 39.4 0 0
      vertex 39.2103 -3.86187 3
      vertex 39.2103 -3.86187 0
    endloop
  endfacet
  facet normal 0.989174 -0.146746 0
    outer loop
      vertex 38.6429 -7.68656 3
      vertex 39.2103 -3.86187 0
      vertex 39.2103 -3.86187 3
    endloop
  endfacet
  facet normal 0.989174 -0.146746 0
    outer loop
      vertex 39.2103 -3.86187 0
      vertex 38.6429 -7.68656 3
      vertex 38.6429 -7.68656 0
    endloop
  endfacet
  facet normal 0.595704 0.803204 -0
    outer loop
      vertex 24.9951 30.4566 0
      vertex 21.8895 32.7599 3
      vertex 24.9951 30.4566 3
    endloop
  endfacet
  facet normal 0.595704 0.803204 0
    outer loop
      vertex 21.8895 32.7599 3
      vertex 24.9951 30.4566 0
      vertex 21.8895 32.7599 0
    endloop
  endfacet
  facet normal 0.427565 -0.903985 0
    outer loop
      vertex 15.0777 -36.4009 0
      vertex 18.573 -34.7477 3
      vertex 15.0777 -36.4009 3
    endloop
  endfacet
  facet normal 0.427565 -0.903985 0
    outer loop
      vertex 18.573 -34.7477 3
      vertex 15.0777 -36.4009 0
      vertex 18.573 -34.7477 0
    endloop
  endfacet
  facet normal 0.903985 -0.427565 0
    outer loop
      vertex 34.7477 -18.573 3
      vertex 36.4009 -15.0777 0
      vertex 36.4009 -15.0777 3
    endloop
  endfacet
  facet normal 0.903985 -0.427565 0
    outer loop
      vertex 36.4009 -15.0777 0
      vertex 34.7477 -18.573 3
      vertex 34.7477 -18.573 0
    endloop
  endfacet
  facet normal -0.514096 0.857732 0
    outer loop
      vertex -18.573 34.7477 0
      vertex -21.8895 32.7599 3
      vertex -18.573 34.7477 3
    endloop
  endfacet
  facet normal -0.514096 0.857732 0
    outer loop
      vertex -21.8895 32.7599 3
      vertex -18.573 34.7477 0
      vertex -21.8895 32.7599 0
    endloop
  endfacet
  facet normal 0.903985 0.427565 0
    outer loop
      vertex 36.4009 15.0777 3
      vertex 34.7477 18.573 0
      vertex 34.7477 18.573 3
    endloop
  endfacet
  facet normal 0.903985 0.427565 0
    outer loop
      vertex 34.7477 18.573 0
      vertex 36.4009 15.0777 3
      vertex 36.4009 15.0777 0
    endloop
  endfacet
  facet normal -0.903985 -0.427565 0
    outer loop
      vertex -34.7477 -18.573 0
      vertex -36.4009 -15.0777 3
      vertex -36.4009 -15.0777 0
    endloop
  endfacet
  facet normal -0.903985 -0.427565 0
    outer loop
      vertex -36.4009 -15.0777 3
      vertex -34.7477 -18.573 0
      vertex -34.7477 -18.573 3
    endloop
  endfacet
  facet normal -0.242983 0.97003 0
    outer loop
      vertex -7.68656 38.6429 0
      vertex -11.4372 37.7034 3
      vertex -7.68656 38.6429 3
    endloop
  endfacet
  facet normal -0.242983 0.97003 0
    outer loop
      vertex -11.4372 37.7034 3
      vertex -7.68656 38.6429 0
      vertex -11.4372 37.7034 0
    endloop
  endfacet
  facet normal 0.514096 0.857732 -0
    outer loop
      vertex 21.8895 32.7599 0
      vertex 18.573 34.7477 3
      vertex 21.8895 32.7599 3
    endloop
  endfacet
  facet normal 0.514096 0.857732 0
    outer loop
      vertex 18.573 34.7477 3
      vertex 21.8895 32.7599 0
      vertex 18.573 34.7477 0
    endloop
  endfacet
  facet normal -0.595704 -0.803204 0
    outer loop
      vertex -24.9951 -30.4566 0
      vertex -21.8895 -32.7599 3
      vertex -24.9951 -30.4566 3
    endloop
  endfacet
  facet normal -0.595704 -0.803204 -0
    outer loop
      vertex -21.8895 -32.7599 3
      vertex -24.9951 -30.4566 0
      vertex -21.8895 -32.7599 0
    endloop
  endfacet
  facet normal -0.427565 0.903985 0
    outer loop
      vertex -15.0777 36.4009 0
      vertex -18.573 34.7477 3
      vertex -15.0777 36.4009 3
    endloop
  endfacet
  facet normal -0.427565 0.903985 0
    outer loop
      vertex -18.573 34.7477 3
      vertex -15.0777 36.4009 0
      vertex -18.573 34.7477 0
    endloop
  endfacet
  facet normal 0.595704 -0.803204 0
    outer loop
      vertex 21.8895 -32.7599 0
      vertex 24.9951 -30.4566 3
      vertex 21.8895 -32.7599 3
    endloop
  endfacet
  facet normal 0.595704 -0.803204 0
    outer loop
      vertex 24.9951 -30.4566 3
      vertex 21.8895 -32.7599 0
      vertex 24.9951 -30.4566 0
    endloop
  endfacet
  facet normal 0.803204 0.595704 0
    outer loop
      vertex 32.7599 21.8895 3
      vertex 30.4566 24.9951 0
      vertex 30.4566 24.9951 3
    endloop
  endfacet
  facet normal 0.803204 0.595704 0
    outer loop
      vertex 30.4566 24.9951 0
      vertex 32.7599 21.8895 3
      vertex 32.7599 21.8895 0
    endloop
  endfacet
  facet normal 0.146756 -0.989173 0
    outer loop
      vertex 3.86187 -39.2103 0.799999
      vertex 3.86187 -39.2103 0
      vertex 6.5 -38.8189 0.799999
    endloop
  endfacet
  facet normal 0.146723 -0.989178 0
    outer loop
      vertex 6.5 -38.8189 0.799999
      vertex 7.68656 -38.6429 3
      vertex 6.5 -38.8189 3
    endloop
  endfacet
  facet normal 0.146723 -0.989178 0
    outer loop
      vertex 6.5 -38.8189 0.799999
      vertex 7.68656 -38.6429 0
      vertex 7.68656 -38.6429 3
    endloop
  endfacet
  facet normal 0.146746 -0.989174 3.51425e-05
    outer loop
      vertex 7.68656 -38.6429 0
      vertex 6.5 -38.8189 0.799999
      vertex 3.86187 -39.2103 0
    endloop
  endfacet
  facet normal -0.941552 -0.336869 0
    outer loop
      vertex -36.4009 -15.0777 0
      vertex -37.7034 -11.4372 3
      vertex -37.7034 -11.4372 0
    endloop
  endfacet
  facet normal -0.941552 -0.336869 0
    outer loop
      vertex -37.7034 -11.4372 3
      vertex -36.4009 -15.0777 0
      vertex -36.4009 -15.0777 3
    endloop
  endfacet
  facet normal -0.989174 0.146746 0
    outer loop
      vertex -39.2103 3.86187 0
      vertex -38.6429 7.68656 3
      vertex -38.6429 7.68656 0
    endloop
  endfacet
  facet normal -0.989174 0.146746 0
    outer loop
      vertex -38.6429 7.68656 3
      vertex -39.2103 3.86187 0
      vertex -39.2103 3.86187 3
    endloop
  endfacet
  facet normal -0.595704 0.803204 0
    outer loop
      vertex -21.8895 32.7599 0
      vertex -24.9951 30.4566 3
      vertex -21.8895 32.7599 3
    endloop
  endfacet
  facet normal -0.595704 0.803204 0
    outer loop
      vertex -24.9951 30.4566 3
      vertex -21.8895 32.7599 0
      vertex -24.9951 30.4566 0
    endloop
  endfacet
  facet normal -0.427565 -0.903985 0
    outer loop
      vertex -18.573 -34.7477 0
      vertex -15.0777 -36.4009 3
      vertex -18.573 -34.7477 3
    endloop
  endfacet
  facet normal -0.427565 -0.903985 -0
    outer loop
      vertex -15.0777 -36.4009 3
      vertex -18.573 -34.7477 0
      vertex -15.0777 -36.4009 0
    endloop
  endfacet
  facet normal -0.97003 -0.242983 0
    outer loop
      vertex -37.7034 -11.4372 0
      vertex -38.6429 -7.68656 3
      vertex -38.6429 -7.68656 0
    endloop
  endfacet
  facet normal -0.97003 -0.242983 0
    outer loop
      vertex -38.6429 -7.68656 3
      vertex -37.7034 -11.4372 0
      vertex -37.7034 -11.4372 3
    endloop
  endfacet
  facet normal -0.998796 -0.0490621 0
    outer loop
      vertex -39.2103 -3.86187 0
      vertex -39.4 0 3
      vertex -39.4 0 0
    endloop
  endfacet
  facet normal -0.998796 -0.0490621 0
    outer loop
      vertex -39.4 0 3
      vertex -39.2103 -3.86187 0
      vertex -39.2103 -3.86187 3
    endloop
  endfacet
  facet normal 0.97003 -0.242983 0
    outer loop
      vertex 37.7034 -11.4372 3
      vertex 38.6429 -7.68656 0
      vertex 38.6429 -7.68656 3
    endloop
  endfacet
  facet normal 0.97003 -0.242983 0
    outer loop
      vertex 38.6429 -7.68656 0
      vertex 37.7034 -11.4372 3
      vertex 37.7034 -11.4372 0
    endloop
  endfacet
  facet normal 0.941552 -0.336869 0
    outer loop
      vertex 36.4009 -15.0777 3
      vertex 37.7034 -11.4372 0
      vertex 37.7034 -11.4372 3
    endloop
  endfacet
  facet normal 0.941552 -0.336869 0
    outer loop
      vertex 37.7034 -11.4372 0
      vertex 36.4009 -15.0777 3
      vertex 36.4009 -15.0777 0
    endloop
  endfacet
  facet normal 0.941552 0.336869 0
    outer loop
      vertex 37.7034 11.4372 3
      vertex 36.4009 15.0777 0
      vertex 36.4009 15.0777 3
    endloop
  endfacet
  facet normal 0.941552 0.336869 0
    outer loop
      vertex 36.4009 15.0777 0
      vertex 37.7034 11.4372 3
      vertex 37.7034 11.4372 0
    endloop
  endfacet
  facet normal 0.242983 0.97003 -0
    outer loop
      vertex 11.4372 37.7034 0
      vertex 7.68656 38.6429 3
      vertex 11.4372 37.7034 3
    endloop
  endfacet
  facet normal 0.242983 0.97003 0
    outer loop
      vertex 7.68656 38.6429 3
      vertex 11.4372 37.7034 0
      vertex 7.68656 38.6429 0
    endloop
  endfacet
  facet normal -0.0490621 0.998796 0
    outer loop
      vertex 0 39.4 0
      vertex -3.86187 39.2103 3
      vertex 0 39.4 3
    endloop
  endfacet
  facet normal -0.0490621 0.998796 0
    outer loop
      vertex -3.86187 39.2103 3
      vertex 0 39.4 0
      vertex -3.86187 39.2103 0
    endloop
  endfacet
  facet normal 0.0490621 0.998796 -0
    outer loop
      vertex 3.86187 39.2103 0
      vertex 0 39.4 3
      vertex 3.86187 39.2103 3
    endloop
  endfacet
  facet normal 0.0490621 0.998796 0
    outer loop
      vertex 0 39.4 3
      vertex 3.86187 39.2103 0
      vertex 0 39.4 0
    endloop
  endfacet
  facet normal -0.941552 0.336869 0
    outer loop
      vertex -37.7034 11.4372 0
      vertex -36.4009 15.0777 3
      vertex -36.4009 15.0777 0
    endloop
  endfacet
  facet normal -0.941552 0.336869 0
    outer loop
      vertex -36.4009 15.0777 3
      vertex -37.7034 11.4372 0
      vertex -37.7034 11.4372 3
    endloop
  endfacet
  facet normal -0.74095 0.67156 0
    outer loop
      vertex -30.4566 24.9951 0
      vertex -27.86 27.86 3
      vertex -27.86 27.86 0
    endloop
  endfacet
  facet normal -0.74095 0.67156 0
    outer loop
      vertex -27.86 27.86 3
      vertex -30.4566 24.9951 0
      vertex -30.4566 24.9951 3
    endloop
  endfacet
  facet normal -0.903985 0.427565 0
    outer loop
      vertex -36.4009 15.0777 0
      vertex -34.7477 18.573 3
      vertex -34.7477 18.573 0
    endloop
  endfacet
  facet normal -0.903985 0.427565 0
    outer loop
      vertex -34.7477 18.573 3
      vertex -36.4009 15.0777 0
      vertex -36.4009 15.0777 3
    endloop
  endfacet
  facet normal -0.146746 0.989174 0
    outer loop
      vertex -3.86187 39.2103 0
      vertex -7.68656 38.6429 3
      vertex -3.86187 39.2103 3
    endloop
  endfacet
  facet normal -0.146746 0.989174 0
    outer loop
      vertex -7.68656 38.6429 3
      vertex -3.86187 39.2103 0
      vertex -7.68656 38.6429 0
    endloop
  endfacet
  facet normal 0.0490621 -0.998796 0
    outer loop
      vertex 0 -39.4 0
      vertex 3.86187 -39.2103 0.799999
      vertex 0 -39.4 0.799999
    endloop
  endfacet
  facet normal 0.0490621 -0.998796 0
    outer loop
      vertex 3.86187 -39.2103 0.799999
      vertex 0 -39.4 0
      vertex 3.86187 -39.2103 0
    endloop
  endfacet
  facet normal 0.242983 -0.97003 0
    outer loop
      vertex 7.68656 -38.6429 0
      vertex 11.4372 -37.7034 3
      vertex 7.68656 -38.6429 3
    endloop
  endfacet
  facet normal 0.242983 -0.97003 0
    outer loop
      vertex 11.4372 -37.7034 3
      vertex 7.68656 -38.6429 0
      vertex 11.4372 -37.7034 0
    endloop
  endfacet
  facet normal 0.803204 -0.595704 0
    outer loop
      vertex 30.4566 -24.9951 3
      vertex 32.7599 -21.8895 0
      vertex 32.7599 -21.8895 3
    endloop
  endfacet
  facet normal 0.803204 -0.595704 0
    outer loop
      vertex 32.7599 -21.8895 0
      vertex 30.4566 -24.9951 3
      vertex 30.4566 -24.9951 0
    endloop
  endfacet
  facet normal 0.514096 -0.857732 0
    outer loop
      vertex 18.573 -34.7477 0
      vertex 21.8895 -32.7599 3
      vertex 18.573 -34.7477 3
    endloop
  endfacet
  facet normal 0.514096 -0.857732 0
    outer loop
      vertex 21.8895 -32.7599 3
      vertex 18.573 -34.7477 0
      vertex 21.8895 -32.7599 0
    endloop
  endfacet
  facet normal 0.857732 -0.514096 0
    outer loop
      vertex 32.7599 -21.8895 3
      vertex 34.7477 -18.573 0
      vertex 34.7477 -18.573 3
    endloop
  endfacet
  facet normal 0.857732 -0.514096 0
    outer loop
      vertex 34.7477 -18.573 0
      vertex 32.7599 -21.8895 3
      vertex 32.7599 -21.8895 0
    endloop
  endfacet
  facet normal -0.146723 -0.989178 0
    outer loop
      vertex -7.68656 -38.6429 3
      vertex -6.5 -38.8189 0.799999
      vertex -6.5 -38.8189 3
    endloop
  endfacet
  facet normal -0.146723 -0.989178 0
    outer loop
      vertex -7.68656 -38.6429 0
      vertex -6.5 -38.8189 0.799999
      vertex -7.68656 -38.6429 3
    endloop
  endfacet
  facet normal -0.146746 -0.989174 3.51425e-05
    outer loop
      vertex -3.86187 -39.2103 0
      vertex -6.5 -38.8189 0.799999
      vertex -7.68656 -38.6429 0
    endloop
  endfacet
  facet normal -0.146756 -0.989173 0
    outer loop
      vertex -6.5 -38.8189 0.799999
      vertex -3.86187 -39.2103 0
      vertex -3.86187 -39.2103 0.799999
    endloop
  endfacet
  facet normal -0.857732 -0.514096 0
    outer loop
      vertex -32.7599 -21.8895 0
      vertex -34.7477 -18.573 3
      vertex -34.7477 -18.573 0
    endloop
  endfacet
  facet normal -0.857732 -0.514096 0
    outer loop
      vertex -34.7477 -18.573 3
      vertex -32.7599 -21.8895 0
      vertex -32.7599 -21.8895 3
    endloop
  endfacet
  facet normal 0.857732 0.514096 0
    outer loop
      vertex 34.7477 18.573 3
      vertex 32.7599 21.8895 0
      vertex 32.7599 21.8895 3
    endloop
  endfacet
  facet normal 0.857732 0.514096 0
    outer loop
      vertex 32.7599 21.8895 0
      vertex 34.7477 18.573 3
      vertex 34.7477 18.573 0
    endloop
  endfacet
  facet normal 0.67156 0.74095 -0
    outer loop
      vertex 27.86 27.86 0
      vertex 24.9951 30.4566 3
      vertex 27.86 27.86 3
    endloop
  endfacet
  facet normal 0.67156 0.74095 0
    outer loop
      vertex 24.9951 30.4566 3
      vertex 27.86 27.86 0
      vertex 24.9951 30.4566 0
    endloop
  endfacet
  facet normal -0.336869 0.941552 0
    outer loop
      vertex -11.4372 37.7034 0
      vertex -15.0777 36.4009 3
      vertex -11.4372 37.7034 3
    endloop
  endfacet
  facet normal -0.336869 0.941552 0
    outer loop
      vertex -15.0777 36.4009 3
      vertex -11.4372 37.7034 0
      vertex -15.0777 36.4009 0
    endloop
  endfacet
  facet normal -0.74095 -0.67156 0
    outer loop
      vertex -27.86 -27.86 0
      vertex -30.4566 -24.9951 3
      vertex -30.4566 -24.9951 0
    endloop
  endfacet
  facet normal -0.74095 -0.67156 0
    outer loop
      vertex -30.4566 -24.9951 3
      vertex -27.86 -27.86 0
      vertex -27.86 -27.86 3
    endloop
  endfacet
  facet normal -0.67156 0.74095 0
    outer loop
      vertex -24.9951 30.4566 0
      vertex -27.86 27.86 3
      vertex -24.9951 30.4566 3
    endloop
  endfacet
  facet normal -0.67156 0.74095 0
    outer loop
      vertex -27.86 27.86 3
      vertex -24.9951 30.4566 0
      vertex -27.86 27.86 0
    endloop
  endfacet
  facet normal -0.514096 -0.857732 0
    outer loop
      vertex -21.8895 -32.7599 0
      vertex -18.573 -34.7477 3
      vertex -21.8895 -32.7599 3
    endloop
  endfacet
  facet normal -0.514096 -0.857732 -0
    outer loop
      vertex -18.573 -34.7477 3
      vertex -21.8895 -32.7599 0
      vertex -18.573 -34.7477 0
    endloop
  endfacet
  facet normal 0.146746 0.989174 -0
    outer loop
      vertex 7.68656 38.6429 0
      vertex 3.86187 39.2103 3
      vertex 7.68656 38.6429 3
    endloop
  endfacet
  facet normal 0.146746 0.989174 0
    outer loop
      vertex 3.86187 39.2103 3
      vertex 7.68656 38.6429 0
      vertex 3.86187 39.2103 0
    endloop
  endfacet
  facet normal -0.803204 -0.595704 0
    outer loop
      vertex -30.4566 -24.9951 0
      vertex -32.7599 -21.8895 3
      vertex -32.7599 -21.8895 0
    endloop
  endfacet
  facet normal -0.803204 -0.595704 0
    outer loop
      vertex -32.7599 -21.8895 3
      vertex -30.4566 -24.9951 0
      vertex -30.4566 -24.9951 3
    endloop
  endfacet
  facet normal -0.989174 -0.146746 0
    outer loop
      vertex -38.6429 -7.68656 0
      vertex -39.2103 -3.86187 3
      vertex -39.2103 -3.86187 0
    endloop
  endfacet
  facet normal -0.989174 -0.146746 0
    outer loop
      vertex -39.2103 -3.86187 3
      vertex -38.6429 -7.68656 0
      vertex -38.6429 -7.68656 3
    endloop
  endfacet
  facet normal -0.97003 0.242983 0
    outer loop
      vertex -38.6429 7.68656 0
      vertex -37.7034 11.4372 3
      vertex -37.7034 11.4372 0
    endloop
  endfacet
  facet normal -0.97003 0.242983 0
    outer loop
      vertex -37.7034 11.4372 3
      vertex -38.6429 7.68656 0
      vertex -38.6429 7.68656 3
    endloop
  endfacet
  facet normal 0 0 -1
    outer loop
      vertex 21.9235 -22.5803 0
      vertex -21.9235 -22.5803 0
      vertex 22.0042 -22.4456 0
    endloop
  endfacet
  facet normal 0 0 -1
    outer loop
      vertex 22.2032 22.2032 0
      vertex -21.7422 23.1777 0
      vertex -21.7345 23.3345 0
    endloop
  endfacet
  facet normal 0 0 -1
    outer loop
      vertex -22.0042 -22.4456 0
      vertex 22.0042 -22.4456 0
      vertex -21.9235 -22.5803 0
    endloop
  endfacet
  facet normal 0 0 -1
    outer loop
      vertex 22.2032 22.2032 0
      vertex -21.7653 23.0224 0
      vertex -21.7422 23.1777 0
    endloop
  endfacet
  facet normal 0 0 -1
    outer loop
      vertex 22.0042 -22.4456 0
      vertex -22.0042 -22.4456 0
      vertex 22.0977 -22.3195 0
    endloop
  endfacet
  facet normal 0 0 -1
    outer loop
      vertex 22.2032 22.2032 0
      vertex -21.8034 22.8701 0
      vertex -21.7653 23.0224 0
    endloop
  endfacet
  facet normal 0 0 -1
    outer loop
      vertex -22.0977 -22.3195 0
      vertex 22.0977 -22.3195 0
      vertex -22.0042 -22.4456 0
    endloop
  endfacet
  facet normal 0 0 -1
    outer loop
      vertex 22.2032 22.2032 0
      vertex -21.8563 22.7222 0
      vertex -21.8034 22.8701 0
    endloop
  endfacet
  facet normal 0 0 -1
    outer loop
      vertex 22.0977 -22.3195 0
      vertex -22.0977 -22.3195 0
      vertex 22.2032 -22.2032 0
    endloop
  endfacet
  facet normal 0 0 -1
    outer loop
      vertex 22.2032 22.2032 0
      vertex -21.9235 22.5803 0
      vertex -21.8563 22.7222 0
    endloop
  endfacet
  facet normal 0 0 -1
    outer loop
      vertex -22.2032 -22.2032 0
      vertex 22.2032 -22.2032 0
      vertex -22.0977 -22.3195 0
    endloop
  endfacet
  facet normal 0 0 -1
    outer loop
      vertex 22.2032 22.2032 0
      vertex -22.0042 22.4456 0
      vertex -21.9235 22.5803 0
    endloop
  endfacet
  facet normal 0 0 -1
    outer loop
      vertex 22.2032 -22.2032 0
      vertex -22.2032 -22.2032 0
      vertex 22.2032 22.2032 0
    endloop
  endfacet
  facet normal 0 0 -1
    outer loop
      vertex 22.2032 22.2032 0
      vertex -22.0977 22.3195 0
      vertex -22.0042 22.4456 0
    endloop
  endfacet
  facet normal 0 0 -1
    outer loop
      vertex -22.2032 22.2032 0
      vertex 22.2032 22.2032 0
      vertex -22.2032 -22.2032 0
    endloop
  endfacet
  facet normal 0 0 -1
    outer loop
      vertex 22.2032 22.2032 0
      vertex -22.2032 22.2032 0
      vertex -22.0977 22.3195 0
    endloop
  endfacet
  facet normal 0 0 -1
    outer loop
      vertex -22.3195 -22.0977 0
      vertex -22.2032 22.2032 0
      vertex -22.2032 -22.2032 0
    endloop
  endfacet
  facet normal 0 0 -1
    outer loop
      vertex -22.3195 -22.0977 0
      vertex -22.3195 22.0977 0
      vertex -22.2032 22.2032 0
    endloop
  endfacet
  facet normal 0 0 -1
    outer loop
      vertex -22.4456 -22.0042 0
      vertex -22.3195 22.0977 0
      vertex -22.3195 -22.0977 0
    endloop
  endfacet
  facet normal 0 0 -1
    outer loop
      vertex -22.4456 -22.0042 0
      vertex -22.4456 22.0042 0
      vertex -22.3195 22.0977 0
    endloop
  endfacet
  facet normal 0 0 -1
    outer loop
      vertex -22.5803 -21.9235 0
      vertex -22.4456 22.0042 0
      vertex -22.4456 -22.0042 0
    endloop
  endfacet
  facet normal 0 0 -1
    outer loop
      vertex -22.5803 -21.9235 0
      vertex -22.5803 21.9235 0
      vertex -22.4456 22.0042 0
    endloop
  endfacet
  facet normal 0 0 -1
    outer loop
      vertex -22.7222 -21.8563 0
      vertex -22.5803 21.9235 0
      vertex -22.5803 -21.9235 0
    endloop
  endfacet
  facet normal 0 0 -1
    outer loop
      vertex -22.7222 -21.8563 0
      vertex -22.7222 21.8563 0
      vertex -22.5803 21.9235 0
    endloop
  endfacet
  facet normal 0 0 -1
    outer loop
      vertex -22.8701 -21.8034 0
      vertex -22.7222 21.8563 0
      vertex -22.7222 -21.8563 0
    endloop
  endfacet
  facet normal 0 0 -1
    outer loop
      vertex -22.8701 -21.8034 0
      vertex -22.8701 21.8034 0
      vertex -22.7222 21.8563 0
    endloop
  endfacet
  facet normal 0 0 -1
    outer loop
      vertex -39.4 0 0
      vertex -22.8701 -21.8034 0
      vertex -23.0224 -21.7653 0
    endloop
  endfacet
  facet normal 0 0 -1
    outer loop
      vertex -22.8701 -21.8034 0
      vertex -39.4 0 0
      vertex -22.8701 21.8034 0
    endloop
  endfacet
  facet normal 0 0 -1
    outer loop
      vertex -39.2103 -3.86187 0
      vertex -23.0224 -21.7653 0
      vertex -23.1777 -21.7422 0
    endloop
  endfacet
  facet normal 0 0 -1
    outer loop
      vertex -22.8701 21.8034 0
      vertex -39.4 0 0
      vertex -23.0224 21.7653 0
    endloop
  endfacet
  facet normal 0 0 -1
    outer loop
      vertex -38.6429 -7.68656 0
      vertex -23.1777 -21.7422 0
      vertex -23.3345 -21.7345 0
    endloop
  endfacet
  facet normal 0 -0 -1
    outer loop
      vertex -39.2103 3.86187 0
      vertex -23.0224 21.7653 0
      vertex -39.4 0 0
    endloop
  endfacet
  facet normal 0 0 -1
    outer loop
      vertex -37.7034 -11.4372 0
      vertex -23.3345 -21.7345 0
      vertex -23.4914 -21.7422 0
    endloop
  endfacet
  facet normal 0 0 -1
    outer loop
      vertex -23.0224 21.7653 0
      vertex -39.2103 3.86187 0
      vertex -23.1777 21.7422 0
    endloop
  endfacet
  facet normal 0 0 -1
    outer loop
      vertex -36.4009 -15.0777 0
      vertex -23.4914 -21.7422 0
      vertex -23.6467 -21.7653 0
    endloop
  endfacet
  facet normal 0 -0 -1
    outer loop
      vertex -38.6429 7.68656 0
      vertex -23.1777 21.7422 0
      vertex -39.2103 3.86187 0
    endloop
  endfacet
  facet normal 0 0 -1
    outer loop
      vertex -36.4009 -15.0777 0
      vertex -23.6467 -21.7653 0
      vertex -23.799 -21.8034 0
    endloop
  endfacet
  facet normal 0 0 -1
    outer loop
      vertex -23.1777 21.7422 0
      vertex -38.6429 7.68656 0
      vertex -23.3345 21.7345 0
    endloop
  endfacet
  facet normal 0 0 -1
    outer loop
      vertex -36.4009 -15.0777 0
      vertex -23.799 -21.8034 0
      vertex -23.9468 -21.8563 0
    endloop
  endfacet
  facet normal 0 -0 -1
    outer loop
      vertex -37.7034 11.4372 0
      vertex -23.3345 21.7345 0
      vertex -38.6429 7.68656 0
    endloop
  endfacet
  facet normal 0 0 -1
    outer loop
      vertex -34.7477 -18.573 0
      vertex -23.9468 -21.8563 0
      vertex -24.0888 -21.9235 0
    endloop
  endfacet
  facet normal -0 0 -1
    outer loop
      vertex -23.3345 21.7345 0
      vertex -37.7034 11.4372 0
      vertex -23.4914 21.7422 0
    endloop
  endfacet
  facet normal 0 0 -1
    outer loop
      vertex -34.7477 -18.573 0
      vertex -24.0888 -21.9235 0
      vertex -24.2234 -22.0042 0
    endloop
  endfacet
  facet normal 0 -0 -1
    outer loop
      vertex -36.4009 15.0777 0
      vertex -23.4914 21.7422 0
      vertex -37.7034 11.4372 0
    endloop
  endfacet
  facet normal 0 0 -1
    outer loop
      vertex -34.7477 -18.573 0
      vertex -24.2234 -22.0042 0
      vertex -24.3496 -22.0977 0
    endloop
  endfacet
  facet normal -0 0 -1
    outer loop
      vertex -23.4914 21.7422 0
      vertex -36.4009 15.0777 0
      vertex -23.6467 21.7653 0
    endloop
  endfacet
  facet normal 0 0 -1
    outer loop
      vertex -32.7599 -21.8895 0
      vertex -24.3496 -22.0977 0
      vertex -24.4659 -22.2032 0
    endloop
  endfacet
  facet normal -0 0 -1
    outer loop
      vertex -23.6467 21.7653 0
      vertex -36.4009 15.0777 0
      vertex -23.799 21.8034 0
    endloop
  endfacet
  facet normal 0 0 -1
    outer loop
      vertex -32.7599 -21.8895 0
      vertex -24.4659 -22.2032 0
      vertex -24.5713 -22.3195 0
    endloop
  endfacet
  facet normal -0 0 -1
    outer loop
      vertex -23.799 21.8034 0
      vertex -36.4009 15.0777 0
      vertex -23.9468 21.8563 0
    endloop
  endfacet
  facet normal 0 0 -1
    outer loop
      vertex -32.7599 -21.8895 0
      vertex -24.5713 -22.3195 0
      vertex -24.6649 -22.4456 0
    endloop
  endfacet
  facet normal 0 -0 -1
    outer loop
      vertex -34.7477 18.573 0
      vertex -23.9468 21.8563 0
      vertex -36.4009 15.0777 0
    endloop
  endfacet
  facet normal 0 0 -1
    outer loop
      vertex -32.7599 -21.8895 0
      vertex -24.6649 -22.4456 0
      vertex -24.7456 -22.5803 0
    endloop
  endfacet
  facet normal -0 0 -1
    outer loop
      vertex -23.9468 21.8563 0
      vertex -34.7477 18.573 0
      vertex -24.0888 21.9235 0
    endloop
  endfacet
  facet normal 0 0 -1
    outer loop
      vertex -32.7599 -21.8895 0
      vertex -24.7456 -22.5803 0
      vertex -24.8127 -22.7222 0
    endloop
  endfacet
  facet normal -0 0 -1
    outer loop
      vertex -24.0888 21.9235 0
      vertex -34.7477 18.573 0
      vertex -24.2234 22.0042 0
    endloop
  endfacet
  facet normal 0 0 -1
    outer loop
      vertex -30.4566 -24.9951 0
      vertex -24.8127 -22.7222 0
      vertex -24.8656 -22.8701 0
    endloop
  endfacet
  facet normal -0 0 -1
    outer loop
      vertex -24.2234 22.0042 0
      vertex -34.7477 18.573 0
      vertex -24.3496 22.0977 0
    endloop
  endfacet
  facet normal 0 0 -1
    outer loop
      vertex -30.4566 -24.9951 0
      vertex -24.8656 -22.8701 0
      vertex -24.9038 -23.0224 0
    endloop
  endfacet
  facet normal 0 -0 -1
    outer loop
      vertex -32.7599 21.8895 0
      vertex -24.3496 22.0977 0
      vertex -34.7477 18.573 0
    endloop
  endfacet
  facet normal 0 0 -1
    outer loop
      vertex -30.4566 -24.9951 0
      vertex -24.9038 -23.0224 0
      vertex -24.9268 -23.1777 0
    endloop
  endfacet
  facet normal -0 0 -1
    outer loop
      vertex -24.3496 22.0977 0
      vertex -32.7599 21.8895 0
      vertex -24.4659 22.2032 0
    endloop
  endfacet
  facet normal 0 0 -1
    outer loop
      vertex -30.4566 -24.9951 0
      vertex -24.9268 -23.1777 0
      vertex -24.9345 -23.3345 0
    endloop
  endfacet
  facet normal -0 0 -1
    outer loop
      vertex -24.4659 22.2032 0
      vertex -32.7599 21.8895 0
      vertex -24.5713 22.3195 0
    endloop
  endfacet
  facet normal 0 0 -1
    outer loop
      vertex -11.4372 37.7034 0
      vertex -21.7422 23.4914 0
      vertex -15.0777 36.4009 0
    endloop
  endfacet
  facet normal 0 0 -1
    outer loop
      vertex -21.7653 23.6467 0
      vertex -15.0777 36.4009 0
      vertex -21.7422 23.4914 0
    endloop
  endfacet
  facet normal 0 0 -1
    outer loop
      vertex -21.8034 23.799 0
      vertex -15.0777 36.4009 0
      vertex -21.7653 23.6467 0
    endloop
  endfacet
  facet normal 0 0 -1
    outer loop
      vertex -15.0777 36.4009 0
      vertex -21.8034 23.799 0
      vertex -18.573 34.7477 0
    endloop
  endfacet
  facet normal 0 0 -1
    outer loop
      vertex -21.8563 23.9468 0
      vertex -18.573 34.7477 0
      vertex -21.8034 23.799 0
    endloop
  endfacet
  facet normal 0 0 -1
    outer loop
      vertex -21.9235 24.0888 0
      vertex -18.573 34.7477 0
      vertex -21.8563 23.9468 0
    endloop
  endfacet
  facet normal 0 0 -1
    outer loop
      vertex -22.0042 24.2234 0
      vertex -18.573 34.7477 0
      vertex -21.9235 24.0888 0
    endloop
  endfacet
  facet normal 0 0 -1
    outer loop
      vertex -22.0977 24.3496 0
      vertex -18.573 34.7477 0
      vertex -22.0042 24.2234 0
    endloop
  endfacet
  facet normal 0 0 -1
    outer loop
      vertex -18.573 34.7477 0
      vertex -22.0977 24.3496 0
      vertex -21.8895 32.7599 0
    endloop
  endfacet
  facet normal 0 0 -1
    outer loop
      vertex -22.2032 24.4659 0
      vertex -21.8895 32.7599 0
      vertex -22.0977 24.3496 0
    endloop
  endfacet
  facet normal 0 0 -1
    outer loop
      vertex -22.3195 24.5713 0
      vertex -21.8895 32.7599 0
      vertex -22.2032 24.4659 0
    endloop
  endfacet
  facet normal 0 0 -1
    outer loop
      vertex -22.4456 24.6649 0
      vertex -21.8895 32.7599 0
      vertex -22.3195 24.5713 0
    endloop
  endfacet
  facet normal 0 0 -1
    outer loop
      vertex -22.5803 24.7456 0
      vertex -21.8895 32.7599 0
      vertex -22.4456 24.6649 0
    endloop
  endfacet
  facet normal 0 0 -1
    outer loop
      vertex -22.7222 24.8127 0
      vertex -21.8895 32.7599 0
      vertex -22.5803 24.7456 0
    endloop
  endfacet
  facet normal 0 0 -1
    outer loop
      vertex -24.9951 30.4566 0
      vertex -22.7222 24.8127 0
      vertex -22.8701 24.8656 0
    endloop
  endfacet
  facet normal 0 0 -1
    outer loop
      vertex -24.9951 30.4566 0
      vertex -22.8701 24.8656 0
      vertex -23.0224 24.9038 0
    endloop
  endfacet
  facet normal 0 0 -1
    outer loop
      vertex -24.9951 30.4566 0
      vertex -23.0224 24.9038 0
      vertex -23.1777 24.9268 0
    endloop
  endfacet
  facet normal 0 0 -1
    outer loop
      vertex -24.9951 30.4566 0
      vertex -23.1777 24.9268 0
      vertex -23.3345 24.9345 0
    endloop
  endfacet
  facet normal 0 0 -1
    outer loop
      vertex -24.9951 30.4566 0
      vertex -23.3345 24.9345 0
      vertex -23.4914 24.9268 0
    endloop
  endfacet
  facet normal 0 0 -1
    outer loop
      vertex -24.9951 30.4566 0
      vertex -23.4914 24.9268 0
      vertex -23.6467 24.9038 0
    endloop
  endfacet
  facet normal 0 0 -1
    outer loop
      vertex -24.9951 30.4566 0
      vertex -23.6467 24.9038 0
      vertex -23.799 24.8656 0
    endloop
  endfacet
  facet normal 0 0 -1
    outer loop
      vertex -24.9951 30.4566 0
      vertex -23.799 24.8656 0
      vertex -23.9468 24.8127 0
    endloop
  endfacet
  facet normal 0 0 -1
    outer loop
      vertex -27.86 27.86 0
      vertex -23.9468 24.8127 0
      vertex -24.0888 24.7456 0
    endloop
  endfacet
  facet normal 0 0 -1
    outer loop
      vertex -27.86 27.86 0
      vertex -24.0888 24.7456 0
      vertex -24.2234 24.6649 0
    endloop
  endfacet
  facet normal 0 0 -1
    outer loop
      vertex -27.86 27.86 0
      vertex -24.2234 24.6649 0
      vertex -24.3496 24.5713 0
    endloop
  endfacet
  facet normal 0 0 -1
    outer loop
      vertex -27.86 27.86 0
      vertex -24.3496 24.5713 0
      vertex -24.4659 24.4659 0
    endloop
  endfacet
  facet normal 0 0 -1
    outer loop
      vertex -27.86 27.86 0
      vertex -24.4659 24.4659 0
      vertex -24.5713 24.3496 0
    endloop
  endfacet
  facet normal 0 0 -1
    outer loop
      vertex -27.86 27.86 0
      vertex -24.5713 24.3496 0
      vertex -24.6649 24.2234 0
    endloop
  endfacet
  facet normal 0 0 -1
    outer loop
      vertex -27.86 27.86 0
      vertex -24.6649 24.2234 0
      vertex -24.7456 24.0888 0
    endloop
  endfacet
  facet normal 0 0 -1
    outer loop
      vertex -27.86 27.86 0
      vertex -24.7456 24.0888 0
      vertex -24.8127 23.9468 0
    endloop
  endfacet
  facet normal 0 0 -1
    outer loop
      vertex -30.4566 24.9951 0
      vertex -24.8127 23.9468 0
      vertex -24.8656 23.799 0
    endloop
  endfacet
  facet normal 0 0 -1
    outer loop
      vertex -22.7222 24.8127 0
      vertex -24.9951 30.4566 0
      vertex -21.8895 32.7599 0
    endloop
  endfacet
  facet normal 0 0 -1
    outer loop
      vertex -30.4566 24.9951 0
      vertex -24.8656 23.799 0
      vertex -24.9038 23.6467 0
    endloop
  endfacet
  facet normal 0 0 -1
    outer loop
      vertex -30.4566 24.9951 0
      vertex -24.9038 23.6467 0
      vertex -24.9268 23.4914 0
    endloop
  endfacet
  facet normal 0 0 -1
    outer loop
      vertex -30.4566 24.9951 0
      vertex -24.9268 23.4914 0
      vertex -24.9345 23.3345 0
    endloop
  endfacet
  facet normal -0 0 -1
    outer loop
      vertex -24.9268 -23.4914 0
      vertex -30.4566 -24.9951 0
      vertex -24.9345 -23.3345 0
    endloop
  endfacet
  facet normal -0 0 -1
    outer loop
      vertex -24.8127 -22.7222 0
      vertex -30.4566 -24.9951 0
      vertex -32.7599 -21.8895 0
    endloop
  endfacet
  facet normal 0 0 -1
    outer loop
      vertex -23.9468 24.8127 0
      vertex -27.86 27.86 0
      vertex -24.9951 30.4566 0
    endloop
  endfacet
  facet normal 0 0 -1
    outer loop
      vertex -24.3496 -22.0977 0
      vertex -32.7599 -21.8895 0
      vertex -34.7477 -18.573 0
    endloop
  endfacet
  facet normal 0 0 -1
    outer loop
      vertex -24.8127 23.9468 0
      vertex -30.4566 24.9951 0
      vertex -27.86 27.86 0
    endloop
  endfacet
  facet normal 0 0 -1
    outer loop
      vertex -23.9468 -21.8563 0
      vertex -34.7477 -18.573 0
      vertex -36.4009 -15.0777 0
    endloop
  endfacet
  facet normal 0 0 -1
    outer loop
      vertex -24.9268 23.1777 0
      vertex -30.4566 24.9951 0
      vertex -24.9345 23.3345 0
    endloop
  endfacet
  facet normal 0 0 -1
    outer loop
      vertex -23.4914 -21.7422 0
      vertex -36.4009 -15.0777 0
      vertex -37.7034 -11.4372 0
    endloop
  endfacet
  facet normal 0 0 -1
    outer loop
      vertex -24.9038 23.0224 0
      vertex -30.4566 24.9951 0
      vertex -24.9268 23.1777 0
    endloop
  endfacet
  facet normal 0 0 -1
    outer loop
      vertex -23.3345 -21.7345 0
      vertex -37.7034 -11.4372 0
      vertex -38.6429 -7.68656 0
    endloop
  endfacet
  facet normal 0 0 -1
    outer loop
      vertex -24.8656 22.8701 0
      vertex -30.4566 24.9951 0
      vertex -24.9038 23.0224 0
    endloop
  endfacet
  facet normal 0 0 -1
    outer loop
      vertex -23.1777 -21.7422 0
      vertex -38.6429 -7.68656 0
      vertex -39.2103 -3.86187 0
    endloop
  endfacet
  facet normal 0 0 -1
    outer loop
      vertex -24.8127 22.7222 0
      vertex -30.4566 24.9951 0
      vertex -24.8656 22.8701 0
    endloop
  endfacet
  facet normal 0 0 -1
    outer loop
      vertex -23.0224 -21.7653 0
      vertex -39.2103 -3.86187 0
      vertex -39.4 0 0
    endloop
  endfacet
  facet normal 0 -0 -1
    outer loop
      vertex -30.4566 24.9951 0
      vertex -24.8127 22.7222 0
      vertex -32.7599 21.8895 0
    endloop
  endfacet
  facet normal -0 0 -1
    outer loop
      vertex -24.5713 22.3195 0
      vertex -32.7599 21.8895 0
      vertex -24.6649 22.4456 0
    endloop
  endfacet
  facet normal -0 0 -1
    outer loop
      vertex -24.7456 22.5803 0
      vertex -32.7599 21.8895 0
      vertex -24.8127 22.7222 0
    endloop
  endfacet
  facet normal -0 0 -1
    outer loop
      vertex -24.6649 22.4456 0
      vertex -32.7599 21.8895 0
      vertex -24.7456 22.5803 0
    endloop
  endfacet
  facet normal 0 0 -1
    outer loop
      vertex 24.4659 -22.2032 0
      vertex 32.7599 -21.8895 0
      vertex 24.5713 -22.3195 0
    endloop
  endfacet
  facet normal 0 0 -1
    outer loop
      vertex 39.4 0 0
      vertex 24.9268 23.1777 0
      vertex 24.9345 23.3345 0
    endloop
  endfacet
  facet normal 0 0 -1
    outer loop
      vertex 24.3496 -22.0977 0
      vertex 32.7599 -21.8895 0
      vertex 24.4659 -22.2032 0
    endloop
  endfacet
  facet normal 0 0 -1
    outer loop
      vertex 39.4 0 0
      vertex 24.9038 23.0224 0
      vertex 24.9268 23.1777 0
    endloop
  endfacet
  facet normal -0 0 -1
    outer loop
      vertex 32.7599 -21.8895 0
      vertex 24.3496 -22.0977 0
      vertex 34.7477 -18.573 0
    endloop
  endfacet
  facet normal 0 0 -1
    outer loop
      vertex 39.4 0 0
      vertex 24.8656 22.8701 0
      vertex 24.9038 23.0224 0
    endloop
  endfacet
  facet normal 0 0 -1
    outer loop
      vertex 24.2234 -22.0042 0
      vertex 34.7477 -18.573 0
      vertex 24.3496 -22.0977 0
    endloop
  endfacet
  facet normal 0 0 -1
    outer loop
      vertex 39.4 0 0
      vertex 24.8127 22.7222 0
      vertex 24.8656 22.8701 0
    endloop
  endfacet
  facet normal 0 0 -1
    outer loop
      vertex 24.0888 -21.9235 0
      vertex 34.7477 -18.573 0
      vertex 24.2234 -22.0042 0
    endloop
  endfacet
  facet normal 0 0 -1
    outer loop
      vertex 39.4 0 0
      vertex 24.7456 22.5803 0
      vertex 24.8127 22.7222 0
    endloop
  endfacet
  facet normal 0 0 -1
    outer loop
      vertex 23.9468 -21.8563 0
      vertex 34.7477 -18.573 0
      vertex 24.0888 -21.9235 0
    endloop
  endfacet
  facet normal 0 0 -1
    outer loop
      vertex 39.4 0 0
      vertex 24.6649 22.4456 0
      vertex 24.7456 22.5803 0
    endloop
  endfacet
  facet normal -0 0 -1
    outer loop
      vertex 34.7477 -18.573 0
      vertex 23.9468 -21.8563 0
      vertex 36.4009 -15.0777 0
    endloop
  endfacet
  facet normal 0 0 -1
    outer loop
      vertex 39.4 0 0
      vertex 24.5713 22.3195 0
      vertex 24.6649 22.4456 0
    endloop
  endfacet
  facet normal 0 0 -1
    outer loop
      vertex 23.799 -21.8034 0
      vertex 36.4009 -15.0777 0
      vertex 23.9468 -21.8563 0
    endloop
  endfacet
  facet normal 0 0 -1
    outer loop
      vertex 39.4 0 0
      vertex 24.4659 22.2032 0
      vertex 24.5713 22.3195 0
    endloop
  endfacet
  facet normal 0 0 -1
    outer loop
      vertex 23.6467 -21.7653 0
      vertex 36.4009 -15.0777 0
      vertex 23.799 -21.8034 0
    endloop
  endfacet
  facet normal 0 0 -1
    outer loop
      vertex 39.4 0 0
      vertex 24.3496 22.0977 0
      vertex 24.4659 22.2032 0
    endloop
  endfacet
  facet normal 0 0 -1
    outer loop
      vertex 23.4914 -21.7422 0
      vertex 36.4009 -15.0777 0
      vertex 23.6467 -21.7653 0
    endloop
  endfacet
  facet normal 0 0 -1
    outer loop
      vertex 39.4 0 0
      vertex 24.2234 22.0042 0
      vertex 24.3496 22.0977 0
    endloop
  endfacet
  facet normal -0 0 -1
    outer loop
      vertex 36.4009 -15.0777 0
      vertex 23.4914 -21.7422 0
      vertex 37.7034 -11.4372 0
    endloop
  endfacet
  facet normal 0 0 -1
    outer loop
      vertex 39.4 0 0
      vertex 24.0888 21.9235 0
      vertex 24.2234 22.0042 0
    endloop
  endfacet
  facet normal 0 0 -1
    outer loop
      vertex 23.3345 -21.7345 0
      vertex 37.7034 -11.4372 0
      vertex 23.4914 -21.7422 0
    endloop
  endfacet
  facet normal 0 0 -1
    outer loop
      vertex 39.4 0 0
      vertex 23.9468 21.8563 0
      vertex 24.0888 21.9235 0
    endloop
  endfacet
  facet normal -0 0 -1
    outer loop
      vertex 37.7034 -11.4372 0
      vertex 23.3345 -21.7345 0
      vertex 38.6429 -7.68656 0
    endloop
  endfacet
  facet normal 0 0 -1
    outer loop
      vertex 39.4 0 0
      vertex 23.799 21.8034 0
      vertex 23.9468 21.8563 0
    endloop
  endfacet
  facet normal 0 0 -1
    outer loop
      vertex 23.1777 -21.7422 0
      vertex 38.6429 -7.68656 0
      vertex 23.3345 -21.7345 0
    endloop
  endfacet
  facet normal 0 0 -1
    outer loop
      vertex 39.4 0 0
      vertex 23.6467 21.7653 0
      vertex 23.799 21.8034 0
    endloop
  endfacet
  facet normal -0 0 -1
    outer loop
      vertex 38.6429 -7.68656 0
      vertex 23.1777 -21.7422 0
      vertex 39.2103 -3.86187 0
    endloop
  endfacet
  facet normal 0 0 -1
    outer loop
      vertex 39.4 0 0
      vertex 23.4914 21.7422 0
      vertex 23.6467 21.7653 0
    endloop
  endfacet
  facet normal 0 0 -1
    outer loop
      vertex 23.0224 -21.7653 0
      vertex 39.2103 -3.86187 0
      vertex 23.1777 -21.7422 0
    endloop
  endfacet
  facet normal 0 0 -1
    outer loop
      vertex 39.4 0 0
      vertex 23.3345 21.7345 0
      vertex 23.4914 21.7422 0
    endloop
  endfacet
  facet normal -0 0 -1
    outer loop
      vertex 39.2103 -3.86187 0
      vertex 23.0224 -21.7653 0
      vertex 39.4 0 0
    endloop
  endfacet
  facet normal 0 0 -1
    outer loop
      vertex 39.4 0 0
      vertex 23.1777 21.7422 0
      vertex 23.3345 21.7345 0
    endloop
  endfacet
  facet normal 0 0 -1
    outer loop
      vertex 22.8701 -21.8034 0
      vertex 39.4 0 0
      vertex 23.0224 -21.7653 0
    endloop
  endfacet
  facet normal 0 0 -1
    outer loop
      vertex 39.4 0 0
      vertex 23.0224 21.7653 0
      vertex 23.1777 21.7422 0
    endloop
  endfacet
  facet normal 0 0 -1
    outer loop
      vertex 22.8701 21.8034 0
      vertex 39.4 0 0
      vertex 22.8701 -21.8034 0
    endloop
  endfacet
  facet normal 0 0 -1
    outer loop
      vertex 39.4 0 0
      vertex 22.8701 21.8034 0
      vertex 23.0224 21.7653 0
    endloop
  endfacet
  facet normal 0 0 -1
    outer loop
      vertex 22.7222 -21.8563 0
      vertex 22.8701 21.8034 0
      vertex 22.8701 -21.8034 0
    endloop
  endfacet
  facet normal 0 0 -1
    outer loop
      vertex 22.7222 -21.8563 0
      vertex 22.7222 21.8563 0
      vertex 22.8701 21.8034 0
    endloop
  endfacet
  facet normal 0 0 -1
    outer loop
      vertex 22.5803 -21.9235 0
      vertex 22.7222 21.8563 0
      vertex 22.7222 -21.8563 0
    endloop
  endfacet
  facet normal 0 0 -1
    outer loop
      vertex 22.5803 -21.9235 0
      vertex 22.5803 21.9235 0
      vertex 22.7222 21.8563 0
    endloop
  endfacet
  facet normal 0 0 -1
    outer loop
      vertex 22.4456 -22.0042 0
      vertex 22.5803 21.9235 0
      vertex 22.5803 -21.9235 0
    endloop
  endfacet
  facet normal 0 0 -1
    outer loop
      vertex 22.4456 -22.0042 0
      vertex 22.4456 22.0042 0
      vertex 22.5803 21.9235 0
    endloop
  endfacet
  facet normal 0 0 -1
    outer loop
      vertex 22.3195 -22.0977 0
      vertex 22.4456 22.0042 0
      vertex 22.4456 -22.0042 0
    endloop
  endfacet
  facet normal 0 0 -1
    outer loop
      vertex 22.3195 -22.0977 0
      vertex 22.3195 22.0977 0
      vertex 22.4456 22.0042 0
    endloop
  endfacet
  facet normal 0 0 -1
    outer loop
      vertex 22.2032 -22.2032 0
      vertex 22.3195 22.0977 0
      vertex 22.3195 -22.0977 0
    endloop
  endfacet
  facet normal 0 0 -1
    outer loop
      vertex 22.2032 -22.2032 0
      vertex 22.2032 22.2032 0
      vertex 22.3195 22.0977 0
    endloop
  endfacet
  facet normal 0 0 -1
    outer loop
      vertex -21.8563 -22.7222 0
      vertex 21.8563 -22.7222 0
      vertex -21.8034 -22.8701 0
    endloop
  endfacet
  facet normal 0 0 -1
    outer loop
      vertex 21.8563 -22.7222 0
      vertex -21.8563 -22.7222 0
      vertex 21.9235 -22.5803 0
    endloop
  endfacet
  facet normal 0 0 -1
    outer loop
      vertex 21.8034 -22.8701 0
      vertex -21.8034 -22.8701 0
      vertex 21.8563 -22.7222 0
    endloop
  endfacet
  facet normal 0 0 -1
    outer loop
      vertex -21.9235 -22.5803 0
      vertex 21.9235 -22.5803 0
      vertex -21.8563 -22.7222 0
    endloop
  endfacet
  facet normal 0 0 -1
    outer loop
      vertex 0 -39.4 0
      vertex -21.8034 -22.8701 0
      vertex 21.8034 -22.8701 0
    endloop
  endfacet
  facet normal 0 0 -1
    outer loop
      vertex 22.2032 22.2032 0
      vertex -21.7345 23.3345 0
      vertex 22.0977 22.3195 0
    endloop
  endfacet
  facet normal 0 0 -1
    outer loop
      vertex -21.8034 -22.8701 0
      vertex 0 -39.4 0
      vertex -21.7653 -23.0224 0
    endloop
  endfacet
  facet normal 0 0 -1
    outer loop
      vertex 22.0977 22.3195 0
      vertex -21.7345 23.3345 0
      vertex 22.0042 22.4456 0
    endloop
  endfacet
  facet normal 0 0 -1
    outer loop
      vertex -3.86187 -39.2103 0
      vertex -21.7653 -23.0224 0
      vertex 0 -39.4 0
    endloop
  endfacet
  facet normal 0 0 -1
    outer loop
      vertex -21.7345 23.3345 0
      vertex 21.9235 22.5803 0
      vertex 22.0042 22.4456 0
    endloop
  endfacet
  facet normal 0 0 -1
    outer loop
      vertex 0 -39.4 0
      vertex 21.8034 -22.8701 0
      vertex 21.7653 -23.0224 0
    endloop
  endfacet
  facet normal 0 0 -1
    outer loop
      vertex -21.7422 23.4914 0
      vertex -11.4372 37.7034 0
      vertex -21.7345 23.3345 0
    endloop
  endfacet
  facet normal 0 0 -1
    outer loop
      vertex 3.86187 -39.2103 0
      vertex 21.7653 -23.0224 0
      vertex 21.7422 -23.1777 0
    endloop
  endfacet
  facet normal 0 0 -1
    outer loop
      vertex -21.7345 23.3345 0
      vertex 21.8563 22.7222 0
      vertex 21.9235 22.5803 0
    endloop
  endfacet
  facet normal 0 0 -1
    outer loop
      vertex 7.68656 -38.6429 0
      vertex 21.7422 -23.1777 0
      vertex 21.7345 -23.3345 0
    endloop
  endfacet
  facet normal 0 0 -1
    outer loop
      vertex -7.68656 38.6429 0
      vertex -21.7345 23.3345 0
      vertex -11.4372 37.7034 0
    endloop
  endfacet
  facet normal 0 0 -1
    outer loop
      vertex 24.6649 -22.4456 0
      vertex 32.7599 -21.8895 0
      vertex 24.7456 -22.5803 0
    endloop
  endfacet
  facet normal 0 0 -1
    outer loop
      vertex 24.7456 -22.5803 0
      vertex 32.7599 -21.8895 0
      vertex 24.8127 -22.7222 0
    endloop
  endfacet
  facet normal 0 0 -1
    outer loop
      vertex 24.5713 -22.3195 0
      vertex 32.7599 -21.8895 0
      vertex 24.6649 -22.4456 0
    endloop
  endfacet
  facet normal 0 0 -1
    outer loop
      vertex 30.4566 -24.9951 0
      vertex 24.8127 -22.7222 0
      vertex 32.7599 -21.8895 0
    endloop
  endfacet
  facet normal 0 0 -1
    outer loop
      vertex 39.4 0 0
      vertex 24.9345 23.3345 0
      vertex 39.2103 3.86187 0
    endloop
  endfacet
  facet normal 0 0 -1
    outer loop
      vertex 24.8127 -22.7222 0
      vertex 30.4566 -24.9951 0
      vertex 24.8656 -22.8701 0
    endloop
  endfacet
  facet normal 0 0 -1
    outer loop
      vertex 39.2103 3.86187 0
      vertex 24.9345 23.3345 0
      vertex 38.6429 7.68656 0
    endloop
  endfacet
  facet normal 0 0 -1
    outer loop
      vertex 24.8656 -22.8701 0
      vertex 30.4566 -24.9951 0
      vertex 24.9038 -23.0224 0
    endloop
  endfacet
  facet normal 0 0 -1
    outer loop
      vertex 38.6429 7.68656 0
      vertex 24.9345 23.3345 0
      vertex 37.7034 11.4372 0
    endloop
  endfacet
  facet normal 0 0 -1
    outer loop
      vertex 24.9038 -23.0224 0
      vertex 30.4566 -24.9951 0
      vertex 24.9268 -23.1777 0
    endloop
  endfacet
  facet normal 0 0 -1
    outer loop
      vertex 37.7034 11.4372 0
      vertex 24.9345 23.3345 0
      vertex 36.4009 15.0777 0
    endloop
  endfacet
  facet normal 0 0 -1
    outer loop
      vertex 24.9268 -23.1777 0
      vertex 30.4566 -24.9951 0
      vertex 24.9345 -23.3345 0
    endloop
  endfacet
  facet normal 0 0 -1
    outer loop
      vertex 36.4009 15.0777 0
      vertex 24.9345 23.3345 0
      vertex 34.7477 18.573 0
    endloop
  endfacet
  facet normal 0 0 -1
    outer loop
      vertex 24.8127 -23.9468 0
      vertex 30.4566 -24.9951 0
      vertex 27.86 -27.86 0
    endloop
  endfacet
  facet normal 0 0 -1
    outer loop
      vertex 34.7477 18.573 0
      vertex 24.9345 23.3345 0
      vertex 32.7599 21.8895 0
    endloop
  endfacet
  facet normal 0 0 -1
    outer loop
      vertex 23.9468 -24.8127 0
      vertex 27.86 -27.86 0
      vertex 24.9951 -30.4566 0
    endloop
  endfacet
  facet normal 0 0 -1
    outer loop
      vertex 32.7599 21.8895 0
      vertex 24.9345 23.3345 0
      vertex 30.4566 24.9951 0
    endloop
  endfacet
  facet normal 0 0 -1
    outer loop
      vertex 24.9268 23.4914 0
      vertex 30.4566 24.9951 0
      vertex 24.9345 23.3345 0
    endloop
  endfacet
  facet normal 0 0 -1
    outer loop
      vertex 30.4566 -24.9951 0
      vertex 24.9268 -23.4914 0
      vertex 24.9345 -23.3345 0
    endloop
  endfacet
  facet normal 0 0 -1
    outer loop
      vertex 30.4566 -24.9951 0
      vertex 24.9038 -23.6467 0
      vertex 24.9268 -23.4914 0
    endloop
  endfacet
  facet normal 0 0 -1
    outer loop
      vertex 30.4566 -24.9951 0
      vertex 24.8656 -23.799 0
      vertex 24.9038 -23.6467 0
    endloop
  endfacet
  facet normal 0 0 -1
    outer loop
      vertex 30.4566 -24.9951 0
      vertex 24.8127 -23.9468 0
      vertex 24.8656 -23.799 0
    endloop
  endfacet
  facet normal 0 0 -1
    outer loop
      vertex 27.86 -27.86 0
      vertex 24.7456 -24.0888 0
      vertex 24.8127 -23.9468 0
    endloop
  endfacet
  facet normal 0 0 -1
    outer loop
      vertex 27.86 -27.86 0
      vertex 24.6649 -24.2234 0
      vertex 24.7456 -24.0888 0
    endloop
  endfacet
  facet normal 0 0 -1
    outer loop
      vertex 27.86 -27.86 0
      vertex 24.5713 -24.3496 0
      vertex 24.6649 -24.2234 0
    endloop
  endfacet
  facet normal 0 0 -1
    outer loop
      vertex 27.86 -27.86 0
      vertex 24.4659 -24.4659 0
      vertex 24.5713 -24.3496 0
    endloop
  endfacet
  facet normal 0 0 -1
    outer loop
      vertex 27.86 -27.86 0
      vertex 24.3496 -24.5713 0
      vertex 24.4659 -24.4659 0
    endloop
  endfacet
  facet normal 0 0 -1
    outer loop
      vertex 27.86 -27.86 0
      vertex 24.2234 -24.6649 0
      vertex 24.3496 -24.5713 0
    endloop
  endfacet
  facet normal 0 0 -1
    outer loop
      vertex 27.86 -27.86 0
      vertex 24.0888 -24.7456 0
      vertex 24.2234 -24.6649 0
    endloop
  endfacet
  facet normal 0 0 -1
    outer loop
      vertex 27.86 -27.86 0
      vertex 23.9468 -24.8127 0
      vertex 24.0888 -24.7456 0
    endloop
  endfacet
  facet normal 0 0 -1
    outer loop
      vertex 24.9951 -30.4566 0
      vertex 23.799 -24.8656 0
      vertex 23.9468 -24.8127 0
    endloop
  endfacet
  facet normal 0 0 -1
    outer loop
      vertex 24.9951 -30.4566 0
      vertex 23.6467 -24.9038 0
      vertex 23.799 -24.8656 0
    endloop
  endfacet
  facet normal 0 0 -1
    outer loop
      vertex 24.9951 -30.4566 0
      vertex 23.4914 -24.9268 0
      vertex 23.6467 -24.9038 0
    endloop
  endfacet
  facet normal 0 0 -1
    outer loop
      vertex 24.9951 -30.4566 0
      vertex 23.3345 -24.9345 0
      vertex 23.4914 -24.9268 0
    endloop
  endfacet
  facet normal 0 0 -1
    outer loop
      vertex 24.9951 -30.4566 0
      vertex 23.1777 -24.9268 0
      vertex 23.3345 -24.9345 0
    endloop
  endfacet
  facet normal 0 0 -1
    outer loop
      vertex 24.9951 -30.4566 0
      vertex 23.0224 -24.9038 0
      vertex 23.1777 -24.9268 0
    endloop
  endfacet
  facet normal 0 0 -1
    outer loop
      vertex 24.9951 -30.4566 0
      vertex 22.8701 -24.8656 0
      vertex 23.0224 -24.9038 0
    endloop
  endfacet
  facet normal 0 0 -1
    outer loop
      vertex 24.9951 -30.4566 0
      vertex 22.7222 -24.8127 0
      vertex 22.8701 -24.8656 0
    endloop
  endfacet
  facet normal 0 0 -1
    outer loop
      vertex 21.8895 -32.7599 0
      vertex 22.7222 -24.8127 0
      vertex 24.9951 -30.4566 0
    endloop
  endfacet
  facet normal -0 0 -1
    outer loop
      vertex 22.7222 -24.8127 0
      vertex 21.8895 -32.7599 0
      vertex 22.5803 -24.7456 0
    endloop
  endfacet
  facet normal -0 0 -1
    outer loop
      vertex 22.5803 -24.7456 0
      vertex 21.8895 -32.7599 0
      vertex 22.4456 -24.6649 0
    endloop
  endfacet
  facet normal -0 0 -1
    outer loop
      vertex 22.4456 -24.6649 0
      vertex 21.8895 -32.7599 0
      vertex 22.3195 -24.5713 0
    endloop
  endfacet
  facet normal -0 0 -1
    outer loop
      vertex 22.3195 -24.5713 0
      vertex 21.8895 -32.7599 0
      vertex 22.2032 -24.4659 0
    endloop
  endfacet
  facet normal -0 0 -1
    outer loop
      vertex 22.2032 -24.4659 0
      vertex 21.8895 -32.7599 0
      vertex 22.0977 -24.3496 0
    endloop
  endfacet
  facet normal 0 0 -1
    outer loop
      vertex 18.573 -34.7477 0
      vertex 22.0977 -24.3496 0
      vertex 21.8895 -32.7599 0
    endloop
  endfacet
  facet normal -0 0 -1
    outer loop
      vertex 22.0977 -24.3496 0
      vertex 18.573 -34.7477 0
      vertex 22.0042 -24.2234 0
    endloop
  endfacet
  facet normal -0 0 -1
    outer loop
      vertex 22.0042 -24.2234 0
      vertex 18.573 -34.7477 0
      vertex 21.9235 -24.0888 0
    endloop
  endfacet
  facet normal -0 0 -1
    outer loop
      vertex 21.9235 -24.0888 0
      vertex 18.573 -34.7477 0
      vertex 21.8563 -23.9468 0
    endloop
  endfacet
  facet normal -0 0 -1
    outer loop
      vertex 21.8563 -23.9468 0
      vertex 18.573 -34.7477 0
      vertex 21.8034 -23.799 0
    endloop
  endfacet
  facet normal 0 0 -1
    outer loop
      vertex 15.0777 -36.4009 0
      vertex 21.8034 -23.799 0
      vertex 18.573 -34.7477 0
    endloop
  endfacet
  facet normal -0 0 -1
    outer loop
      vertex 21.8034 -23.799 0
      vertex 15.0777 -36.4009 0
      vertex 21.7653 -23.6467 0
    endloop
  endfacet
  facet normal 0 0 -1
    outer loop
      vertex 11.4372 -37.7034 0
      vertex 21.7422 -23.4914 0
      vertex 15.0777 -36.4009 0
    endloop
  endfacet
  facet normal -0 0 -1
    outer loop
      vertex 21.7653 -23.6467 0
      vertex 15.0777 -36.4009 0
      vertex 21.7422 -23.4914 0
    endloop
  endfacet
  facet normal 0 0 -1
    outer loop
      vertex 24.9038 23.6467 0
      vertex 30.4566 24.9951 0
      vertex 24.9268 23.4914 0
    endloop
  endfacet
  facet normal 0 0 -1
    outer loop
      vertex 24.8656 23.799 0
      vertex 30.4566 24.9951 0
      vertex 24.9038 23.6467 0
    endloop
  endfacet
  facet normal 0 0 -1
    outer loop
      vertex 24.8127 23.9468 0
      vertex 30.4566 24.9951 0
      vertex 24.8656 23.799 0
    endloop
  endfacet
  facet normal -0 0 -1
    outer loop
      vertex 30.4566 24.9951 0
      vertex 24.8127 23.9468 0
      vertex 27.86 27.86 0
    endloop
  endfacet
  facet normal 0 0 -1
    outer loop
      vertex 24.7456 24.0888 0
      vertex 27.86 27.86 0
      vertex 24.8127 23.9468 0
    endloop
  endfacet
  facet normal 0 0 -1
    outer loop
      vertex 24.6649 24.2234 0
      vertex 27.86 27.86 0
      vertex 24.7456 24.0888 0
    endloop
  endfacet
  facet normal 0 0 -1
    outer loop
      vertex 24.5713 24.3496 0
      vertex 27.86 27.86 0
      vertex 24.6649 24.2234 0
    endloop
  endfacet
  facet normal 0 0 -1
    outer loop
      vertex 24.4659 24.4659 0
      vertex 27.86 27.86 0
      vertex 24.5713 24.3496 0
    endloop
  endfacet
  facet normal 0 0 -1
    outer loop
      vertex 24.3496 24.5713 0
      vertex 27.86 27.86 0
      vertex 24.4659 24.4659 0
    endloop
  endfacet
  facet normal 0 0 -1
    outer loop
      vertex 24.2234 24.6649 0
      vertex 27.86 27.86 0
      vertex 24.3496 24.5713 0
    endloop
  endfacet
  facet normal 0 0 -1
    outer loop
      vertex 24.0888 24.7456 0
      vertex 27.86 27.86 0
      vertex 24.2234 24.6649 0
    endloop
  endfacet
  facet normal 0 0 -1
    outer loop
      vertex 23.9468 24.8127 0
      vertex 27.86 27.86 0
      vertex 24.0888 24.7456 0
    endloop
  endfacet
  facet normal -0 0 -1
    outer loop
      vertex 27.86 27.86 0
      vertex 23.9468 24.8127 0
      vertex 24.9951 30.4566 0
    endloop
  endfacet
  facet normal 0 0 -1
    outer loop
      vertex 23.799 24.8656 0
      vertex 24.9951 30.4566 0
      vertex 23.9468 24.8127 0
    endloop
  endfacet
  facet normal 0 0 -1
    outer loop
      vertex 23.6467 24.9038 0
      vertex 24.9951 30.4566 0
      vertex 23.799 24.8656 0
    endloop
  endfacet
  facet normal 0 0 -1
    outer loop
      vertex 23.4914 24.9268 0
      vertex 24.9951 30.4566 0
      vertex 23.6467 24.9038 0
    endloop
  endfacet
  facet normal 0 0 -1
    outer loop
      vertex 23.3345 24.9345 0
      vertex 24.9951 30.4566 0
      vertex 23.4914 24.9268 0
    endloop
  endfacet
  facet normal 0 0 -1
    outer loop
      vertex 23.1777 24.9268 0
      vertex 24.9951 30.4566 0
      vertex 23.3345 24.9345 0
    endloop
  endfacet
  facet normal 0 0 -1
    outer loop
      vertex 23.0224 24.9038 0
      vertex 24.9951 30.4566 0
      vertex 23.1777 24.9268 0
    endloop
  endfacet
  facet normal 0 0 -1
    outer loop
      vertex 22.8701 24.8656 0
      vertex 24.9951 30.4566 0
      vertex 23.0224 24.9038 0
    endloop
  endfacet
  facet normal 0 0 -1
    outer loop
      vertex 22.7222 24.8127 0
      vertex 24.9951 30.4566 0
      vertex 22.8701 24.8656 0
    endloop
  endfacet
  facet normal 0 0 -1
    outer loop
      vertex 21.8895 32.7599 0
      vertex 22.7222 24.8127 0
      vertex 22.5803 24.7456 0
    endloop
  endfacet
  facet normal 0 0 -1
    outer loop
      vertex 21.8895 32.7599 0
      vertex 22.5803 24.7456 0
      vertex 22.4456 24.6649 0
    endloop
  endfacet
  facet normal 0 0 -1
    outer loop
      vertex 21.8895 32.7599 0
      vertex 22.4456 24.6649 0
      vertex 22.3195 24.5713 0
    endloop
  endfacet
  facet normal 0 0 -1
    outer loop
      vertex 21.8895 32.7599 0
      vertex 22.3195 24.5713 0
      vertex 22.2032 24.4659 0
    endloop
  endfacet
  facet normal 0 0 -1
    outer loop
      vertex 21.8895 32.7599 0
      vertex 22.2032 24.4659 0
      vertex 22.0977 24.3496 0
    endloop
  endfacet
  facet normal 0 0 -1
    outer loop
      vertex 18.573 34.7477 0
      vertex 22.0977 24.3496 0
      vertex 22.0042 24.2234 0
    endloop
  endfacet
  facet normal 0 0 -1
    outer loop
      vertex 18.573 34.7477 0
      vertex 22.0042 24.2234 0
      vertex 21.9235 24.0888 0
    endloop
  endfacet
  facet normal 0 0 -1
    outer loop
      vertex 22.7222 24.8127 0
      vertex 21.8895 32.7599 0
      vertex 24.9951 30.4566 0
    endloop
  endfacet
  facet normal 0 0 -1
    outer loop
      vertex 18.573 34.7477 0
      vertex 21.9235 24.0888 0
      vertex 21.8563 23.9468 0
    endloop
  endfacet
  facet normal 0 0 -1
    outer loop
      vertex 18.573 34.7477 0
      vertex 21.8563 23.9468 0
      vertex 21.8034 23.799 0
    endloop
  endfacet
  facet normal 0 0 -1
    outer loop
      vertex 15.0777 36.4009 0
      vertex 21.8034 23.799 0
      vertex 21.7653 23.6467 0
    endloop
  endfacet
  facet normal 0 0 -1
    outer loop
      vertex 15.0777 36.4009 0
      vertex 21.7653 23.6467 0
      vertex 21.7422 23.4914 0
    endloop
  endfacet
  facet normal 0 0 -1
    outer loop
      vertex 11.4372 37.7034 0
      vertex 21.7422 23.4914 0
      vertex 21.7345 23.3345 0
    endloop
  endfacet
  facet normal 0 0 -1
    outer loop
      vertex -3.86187 39.2103 0
      vertex -21.7345 23.3345 0
      vertex -7.68656 38.6429 0
    endloop
  endfacet
  facet normal 0 0 -1
    outer loop
      vertex 0 39.4 0
      vertex -21.7345 23.3345 0
      vertex -3.86187 39.2103 0
    endloop
  endfacet
  facet normal -0 0 -1
    outer loop
      vertex 21.7422 -23.4914 0
      vertex 11.4372 -37.7034 0
      vertex 21.7345 -23.3345 0
    endloop
  endfacet
  facet normal 0 0 -1
    outer loop
      vertex 22.0977 24.3496 0
      vertex 18.573 34.7477 0
      vertex 21.8895 32.7599 0
    endloop
  endfacet
  facet normal 0 0 -1
    outer loop
      vertex 7.68656 -38.6429 0
      vertex 21.7345 -23.3345 0
      vertex 11.4372 -37.7034 0
    endloop
  endfacet
  facet normal 0 0 -1
    outer loop
      vertex 21.8034 23.799 0
      vertex 15.0777 36.4009 0
      vertex 18.573 34.7477 0
    endloop
  endfacet
  facet normal 0 0 -1
    outer loop
      vertex 21.7422 -23.1777 0
      vertex 7.68656 -38.6429 0
      vertex 3.86187 -39.2103 0
    endloop
  endfacet
  facet normal 0 0 -1
    outer loop
      vertex 21.7422 23.4914 0
      vertex 11.4372 37.7034 0
      vertex 15.0777 36.4009 0
    endloop
  endfacet
  facet normal 0 0 -1
    outer loop
      vertex 21.7653 -23.0224 0
      vertex 3.86187 -39.2103 0
      vertex 0 -39.4 0
    endloop
  endfacet
  facet normal 0 0 -1
    outer loop
      vertex 21.7345 23.3345 0
      vertex 7.68656 38.6429 0
      vertex 11.4372 37.7034 0
    endloop
  endfacet
  facet normal 0 0 -1
    outer loop
      vertex -21.7653 -23.0224 0
      vertex -3.86187 -39.2103 0
      vertex -21.7422 -23.1777 0
    endloop
  endfacet
  facet normal 0 0 -1
    outer loop
      vertex 21.7422 23.1777 0
      vertex 7.68656 38.6429 0
      vertex 21.7345 23.3345 0
    endloop
  endfacet
  facet normal 0 0 -1
    outer loop
      vertex -7.68656 -38.6429 0
      vertex -21.7422 -23.1777 0
      vertex -3.86187 -39.2103 0
    endloop
  endfacet
  facet normal -0 -0 -1
    outer loop
      vertex 7.68656 38.6429 0
      vertex 21.7422 23.1777 0
      vertex 3.86187 39.2103 0
    endloop
  endfacet
  facet normal 0 0 -1
    outer loop
      vertex -21.7422 -23.1777 0
      vertex -7.68656 -38.6429 0
      vertex -21.7345 -23.3345 0
    endloop
  endfacet
  facet normal 0 0 -1
    outer loop
      vertex 21.7653 23.0224 0
      vertex 3.86187 39.2103 0
      vertex 21.7422 23.1777 0
    endloop
  endfacet
  facet normal 0 0 -1
    outer loop
      vertex -21.7345 -23.3345 0
      vertex -7.68656 -38.6429 0
      vertex -11.4372 -37.7034 0
    endloop
  endfacet
  facet normal -0 -0 -1
    outer loop
      vertex 3.86187 39.2103 0
      vertex 21.7653 23.0224 0
      vertex 0 39.4 0
    endloop
  endfacet
  facet normal 0 0 -1
    outer loop
      vertex -21.7422 -23.4914 0
      vertex -11.4372 -37.7034 0
      vertex -15.0777 -36.4009 0
    endloop
  endfacet
  facet normal 0 0 -1
    outer loop
      vertex 21.8034 22.8701 0
      vertex 0 39.4 0
      vertex 21.7653 23.0224 0
    endloop
  endfacet
  facet normal 0 0 -1
    outer loop
      vertex -21.8034 -23.799 0
      vertex -15.0777 -36.4009 0
      vertex -18.573 -34.7477 0
    endloop
  endfacet
  facet normal 0 0 -1
    outer loop
      vertex -21.7345 23.3345 0
      vertex 0 39.4 0
      vertex 21.8034 22.8701 0
    endloop
  endfacet
  facet normal 0 0 -1
    outer loop
      vertex -21.7345 23.3345 0
      vertex 21.8034 22.8701 0
      vertex 21.8563 22.7222 0
    endloop
  endfacet
  facet normal 0 0 -1
    outer loop
      vertex -11.4372 -37.7034 0
      vertex -21.7422 -23.4914 0
      vertex -21.7345 -23.3345 0
    endloop
  endfacet
  facet normal 0 0 -1
    outer loop
      vertex -15.0777 -36.4009 0
      vertex -21.7653 -23.6467 0
      vertex -21.7422 -23.4914 0
    endloop
  endfacet
  facet normal 0 0 -1
    outer loop
      vertex -15.0777 -36.4009 0
      vertex -21.8034 -23.799 0
      vertex -21.7653 -23.6467 0
    endloop
  endfacet
  facet normal 0 0 -1
    outer loop
      vertex -18.573 -34.7477 0
      vertex -21.8563 -23.9468 0
      vertex -21.8034 -23.799 0
    endloop
  endfacet
  facet normal 0 0 -1
    outer loop
      vertex -22.0977 -24.3496 0
      vertex -18.573 -34.7477 0
      vertex -21.8895 -32.7599 0
    endloop
  endfacet
  facet normal 0 0 -1
    outer loop
      vertex -18.573 -34.7477 0
      vertex -21.9235 -24.0888 0
      vertex -21.8563 -23.9468 0
    endloop
  endfacet
  facet normal 0 0 -1
    outer loop
      vertex -18.573 -34.7477 0
      vertex -22.0042 -24.2234 0
      vertex -21.9235 -24.0888 0
    endloop
  endfacet
  facet normal 0 0 -1
    outer loop
      vertex -18.573 -34.7477 0
      vertex -22.0977 -24.3496 0
      vertex -22.0042 -24.2234 0
    endloop
  endfacet
  facet normal 0 0 -1
    outer loop
      vertex -21.8895 -32.7599 0
      vertex -22.2032 -24.4659 0
      vertex -22.0977 -24.3496 0
    endloop
  endfacet
  facet normal 0 0 -1
    outer loop
      vertex -21.8895 -32.7599 0
      vertex -22.3195 -24.5713 0
      vertex -22.2032 -24.4659 0
    endloop
  endfacet
  facet normal 0 0 -1
    outer loop
      vertex -21.8895 -32.7599 0
      vertex -22.4456 -24.6649 0
      vertex -22.3195 -24.5713 0
    endloop
  endfacet
  facet normal 0 0 -1
    outer loop
      vertex -21.8895 -32.7599 0
      vertex -22.5803 -24.7456 0
      vertex -22.4456 -24.6649 0
    endloop
  endfacet
  facet normal 0 0 -1
    outer loop
      vertex -21.8895 -32.7599 0
      vertex -22.7222 -24.8127 0
      vertex -22.5803 -24.7456 0
    endloop
  endfacet
  facet normal 0 0 -1
    outer loop
      vertex -24.9951 -30.4566 0
      vertex -22.7222 -24.8127 0
      vertex -21.8895 -32.7599 0
    endloop
  endfacet
  facet normal 0 0 -1
    outer loop
      vertex -22.7222 -24.8127 0
      vertex -24.9951 -30.4566 0
      vertex -22.8701 -24.8656 0
    endloop
  endfacet
  facet normal 0 0 -1
    outer loop
      vertex -22.8701 -24.8656 0
      vertex -24.9951 -30.4566 0
      vertex -23.0224 -24.9038 0
    endloop
  endfacet
  facet normal 0 0 -1
    outer loop
      vertex -23.0224 -24.9038 0
      vertex -24.9951 -30.4566 0
      vertex -23.1777 -24.9268 0
    endloop
  endfacet
  facet normal 0 0 -1
    outer loop
      vertex -23.1777 -24.9268 0
      vertex -24.9951 -30.4566 0
      vertex -23.3345 -24.9345 0
    endloop
  endfacet
  facet normal -0 0 -1
    outer loop
      vertex -23.3345 -24.9345 0
      vertex -24.9951 -30.4566 0
      vertex -23.4914 -24.9268 0
    endloop
  endfacet
  facet normal -0 0 -1
    outer loop
      vertex -23.4914 -24.9268 0
      vertex -24.9951 -30.4566 0
      vertex -23.6467 -24.9038 0
    endloop
  endfacet
  facet normal -0 0 -1
    outer loop
      vertex -23.6467 -24.9038 0
      vertex -24.9951 -30.4566 0
      vertex -23.799 -24.8656 0
    endloop
  endfacet
  facet normal -0 0 -1
    outer loop
      vertex -23.799 -24.8656 0
      vertex -24.9951 -30.4566 0
      vertex -23.9468 -24.8127 0
    endloop
  endfacet
  facet normal 0 0 -1
    outer loop
      vertex -27.86 -27.86 0
      vertex -23.9468 -24.8127 0
      vertex -24.9951 -30.4566 0
    endloop
  endfacet
  facet normal -0 0 -1
    outer loop
      vertex -23.9468 -24.8127 0
      vertex -27.86 -27.86 0
      vertex -24.0888 -24.7456 0
    endloop
  endfacet
  facet normal -0 0 -1
    outer loop
      vertex -24.0888 -24.7456 0
      vertex -27.86 -27.86 0
      vertex -24.2234 -24.6649 0
    endloop
  endfacet
  facet normal -0 0 -1
    outer loop
      vertex -24.2234 -24.6649 0
      vertex -27.86 -27.86 0
      vertex -24.3496 -24.5713 0
    endloop
  endfacet
  facet normal -0 0 -1
    outer loop
      vertex -24.3496 -24.5713 0
      vertex -27.86 -27.86 0
      vertex -24.4659 -24.4659 0
    endloop
  endfacet
  facet normal -0 0 -1
    outer loop
      vertex -24.4659 -24.4659 0
      vertex -27.86 -27.86 0
      vertex -24.5713 -24.3496 0
    endloop
  endfacet
  facet normal -0 0 -1
    outer loop
      vertex -24.5713 -24.3496 0
      vertex -27.86 -27.86 0
      vertex -24.6649 -24.2234 0
    endloop
  endfacet
  facet normal -0 0 -1
    outer loop
      vertex -24.6649 -24.2234 0
      vertex -27.86 -27.86 0
      vertex -24.7456 -24.0888 0
    endloop
  endfacet
  facet normal -0 0 -1
    outer loop
      vertex -24.9038 -23.6467 0
      vertex -30.4566 -24.9951 0
      vertex -24.9268 -23.4914 0
    endloop
  endfacet
  facet normal -0 0 -1
    outer loop
      vertex -24.8656 -23.799 0
      vertex -30.4566 -24.9951 0
      vertex -24.9038 -23.6467 0
    endloop
  endfacet
  facet normal -0 0 -1
    outer loop
      vertex -24.8127 -23.9468 0
      vertex -30.4566 -24.9951 0
      vertex -24.8656 -23.799 0
    endloop
  endfacet
  facet normal 0 0 -1
    outer loop
      vertex -30.4566 -24.9951 0
      vertex -24.8127 -23.9468 0
      vertex -27.86 -27.86 0
    endloop
  endfacet
  facet normal -0 0 -1
    outer loop
      vertex -24.7456 -24.0888 0
      vertex -27.86 -27.86 0
      vertex -24.8127 -23.9468 0
    endloop
  endfacet
  facet normal -0.67156 -0.74095 0
    outer loop
      vertex -27.86 -27.86 0
      vertex -24.9951 -30.4566 3
      vertex -27.86 -27.86 3
    endloop
  endfacet
  facet normal -0.67156 -0.74095 -0
    outer loop
      vertex -24.9951 -30.4566 3
      vertex -27.86 -27.86 0
      vertex -24.9951 -30.4566 0
    endloop
  endfacet
  facet normal -0.242983 -0.97003 0
    outer loop
      vertex -11.4372 -37.7034 0
      vertex -7.68656 -38.6429 3
      vertex -11.4372 -37.7034 3
    endloop
  endfacet
  facet normal -0.242983 -0.97003 -0
    outer loop
      vertex -7.68656 -38.6429 3
      vertex -11.4372 -37.7034 0
      vertex -7.68656 -38.6429 0
    endloop
  endfacet
  facet normal 0.74095 0.67156 0
    outer loop
      vertex 30.4566 24.9951 3
      vertex 27.86 27.86 0
      vertex 27.86 27.86 3
    endloop
  endfacet
  facet normal 0.74095 0.67156 0
    outer loop
      vertex 27.86 27.86 0
      vertex 30.4566 24.9951 3
      vertex 30.4566 24.9951 0
    endloop
  endfacet
  facet normal -0.803204 0.595704 0
    outer loop
      vertex -32.7599 21.8895 0
      vertex -30.4566 24.9951 3
      vertex -30.4566 24.9951 0
    endloop
  endfacet
  facet normal -0.803204 0.595704 0
    outer loop
      vertex -30.4566 24.9951 3
      vertex -32.7599 21.8895 0
      vertex -32.7599 21.8895 3
    endloop
  endfacet
  facet normal -0.857732 0.514096 0
    outer loop
      vertex -34.7477 18.573 0
      vertex -32.7599 21.8895 3
      vertex -32.7599 21.8895 0
    endloop
  endfacet
  facet normal -0.857732 0.514096 0
    outer loop
      vertex -32.7599 21.8895 3
      vertex -34.7477 18.573 0
      vertex -34.7477 18.573 3
    endloop
  endfacet
  facet normal 0 0 1
    outer loop
      vertex 36.45 0 3
      vertex 39.4 0 3
      vertex 39.2103 3.86187 3
    endloop
  endfacet
  facet normal 0 0 1
    outer loop
      vertex 36.2745 3.57272 3
      vertex 39.2103 3.86187 3
      vertex 38.6429 7.68656 3
    endloop
  endfacet
  facet normal 0 0 1
    outer loop
      vertex 39.4 0 3
      vertex 36.45 0 3
      vertex 39.2103 -3.86187 3
    endloop
  endfacet
  facet normal 0 0 1
    outer loop
      vertex 35.7496 7.11104 3
      vertex 38.6429 7.68656 3
      vertex 37.7034 11.4372 3
    endloop
  endfacet
  facet normal -0 0 1
    outer loop
      vertex 36.2745 -3.57272 3
      vertex 39.2103 -3.86187 3
      vertex 36.45 0 3
    endloop
  endfacet
  facet normal 0 0 1
    outer loop
      vertex 39.2103 -3.86187 3
      vertex 36.2745 -3.57272 3
      vertex 38.6429 -7.68656 3
    endloop
  endfacet
  facet normal 0 0 1
    outer loop
      vertex 34.8805 10.5809 3
      vertex 37.7034 11.4372 3
      vertex 36.4009 15.0777 3
    endloop
  endfacet
  facet normal 0 0 1
    outer loop
      vertex 39.2103 3.86187 3
      vertex 36.2745 3.57272 3
      vertex 36.45 0 3
    endloop
  endfacet
  facet normal 0 0 1
    outer loop
      vertex 38.6429 7.68656 3
      vertex 35.7496 7.11104 3
      vertex 36.2745 3.57272 3
    endloop
  endfacet
  facet normal 0 0 1
    outer loop
      vertex 37.7034 11.4372 3
      vertex 34.8805 10.5809 3
      vertex 35.7496 7.11104 3
    endloop
  endfacet
  facet normal 0 0 1
    outer loop
      vertex 33.6754 13.9488 3
      vertex 36.4009 15.0777 3
      vertex 34.7477 18.573 3
    endloop
  endfacet
  facet normal 0 0 1
    outer loop
      vertex 36.4009 15.0777 3
      vertex 33.6754 13.9488 3
      vertex 34.8805 10.5809 3
    endloop
  endfacet
  facet normal 0 0 1
    outer loop
      vertex 32.146 17.1824 3
      vertex 34.7477 18.573 3
      vertex 32.7599 21.8895 3
    endloop
  endfacet
  facet normal 0 0 1
    outer loop
      vertex 34.7477 18.573 3
      vertex 32.146 17.1824 3
      vertex 33.6754 13.9488 3
    endloop
  endfacet
  facet normal 0 0 1
    outer loop
      vertex 30.3071 20.2505 3
      vertex 32.7599 21.8895 3
      vertex 30.4566 24.9951 3
    endloop
  endfacet
  facet normal 0 0 1
    outer loop
      vertex 32.7599 21.8895 3
      vertex 30.3071 20.2505 3
      vertex 32.146 17.1824 3
    endloop
  endfacet
  facet normal 0 0 1
    outer loop
      vertex 30.4566 24.9951 3
      vertex 28.1762 23.1236 3
      vertex 30.3071 20.2505 3
    endloop
  endfacet
  facet normal 0 0 1
    outer loop
      vertex 27.86 27.86 3
      vertex 28.1762 23.1236 3
      vertex 30.4566 24.9951 3
    endloop
  endfacet
  facet normal 0 0 1
    outer loop
      vertex 27.86 27.86 3
      vertex 25.774 25.774 3
      vertex 28.1762 23.1236 3
    endloop
  endfacet
  facet normal 0 0 1
    outer loop
      vertex 24.9951 30.4566 3
      vertex 25.774 25.774 3
      vertex 27.86 27.86 3
    endloop
  endfacet
  facet normal 0 0 1
    outer loop
      vertex 24.9951 30.4566 3
      vertex 23.1236 28.1762 3
      vertex 25.774 25.774 3
    endloop
  endfacet
  facet normal 0 0 1
    outer loop
      vertex 21.8895 32.7599 3
      vertex 23.1236 28.1762 3
      vertex 24.9951 30.4566 3
    endloop
  endfacet
  facet normal 0 0 1
    outer loop
      vertex 21.8895 32.7599 3
      vertex 20.2505 30.3071 3
      vertex 23.1236 28.1762 3
    endloop
  endfacet
  facet normal 0 0 1
    outer loop
      vertex 18.573 34.7477 3
      vertex 20.2505 30.3071 3
      vertex 21.8895 32.7599 3
    endloop
  endfacet
  facet normal 0 0 1
    outer loop
      vertex 18.573 34.7477 3
      vertex 17.1824 32.146 3
      vertex 20.2505 30.3071 3
    endloop
  endfacet
  facet normal 0 0 1
    outer loop
      vertex 15.0777 36.4009 3
      vertex 17.1824 32.146 3
      vertex 18.573 34.7477 3
    endloop
  endfacet
  facet normal 0 0 1
    outer loop
      vertex 15.0777 36.4009 3
      vertex 13.9488 33.6754 3
      vertex 17.1824 32.146 3
    endloop
  endfacet
  facet normal 0 0 1
    outer loop
      vertex 11.4372 37.7034 3
      vertex 13.9488 33.6754 3
      vertex 15.0777 36.4009 3
    endloop
  endfacet
  facet normal 0 0 1
    outer loop
      vertex 11.4372 37.7034 3
      vertex 10.5809 34.8805 3
      vertex 13.9488 33.6754 3
    endloop
  endfacet
  facet normal 0 0 1
    outer loop
      vertex 7.68656 38.6429 3
      vertex 10.5809 34.8805 3
      vertex 11.4372 37.7034 3
    endloop
  endfacet
  facet normal 0 0 1
    outer loop
      vertex 7.68656 38.6429 3
      vertex 7.11104 35.7496 3
      vertex 10.5809 34.8805 3
    endloop
  endfacet
  facet normal 0 0 1
    outer loop
      vertex 3.86187 39.2103 3
      vertex 7.11104 35.7496 3
      vertex 7.68656 38.6429 3
    endloop
  endfacet
  facet normal 0 0 1
    outer loop
      vertex 3.86187 39.2103 3
      vertex 3.57272 36.2745 3
      vertex 7.11104 35.7496 3
    endloop
  endfacet
  facet normal 0 0 1
    outer loop
      vertex 0 39.4 3
      vertex 3.57272 36.2745 3
      vertex 3.86187 39.2103 3
    endloop
  endfacet
  facet normal 0 0 1
    outer loop
      vertex 0 39.4 3
      vertex 0 36.45 3
      vertex 3.57272 36.2745 3
    endloop
  endfacet
  facet normal 0 0 1
    outer loop
      vertex 0 39.4 3
      vertex -3.57272 36.2745 3
      vertex 0 36.45 3
    endloop
  endfacet
  facet normal -0 0 1
    outer loop
      vertex -3.86187 39.2103 3
      vertex -3.57272 36.2745 3
      vertex 0 39.4 3
    endloop
  endfacet
  facet normal 0 0 1
    outer loop
      vertex -3.86187 39.2103 3
      vertex -7.11104 35.7496 3
      vertex -3.57272 36.2745 3
    endloop
  endfacet
  facet normal -0 0 1
    outer loop
      vertex -7.68656 38.6429 3
      vertex -7.11104 35.7496 3
      vertex -3.86187 39.2103 3
    endloop
  endfacet
  facet normal 0 0 1
    outer loop
      vertex -7.68656 38.6429 3
      vertex -10.5809 34.8805 3
      vertex -7.11104 35.7496 3
    endloop
  endfacet
  facet normal -0 0 1
    outer loop
      vertex -11.4372 37.7034 3
      vertex -10.5809 34.8805 3
      vertex -7.68656 38.6429 3
    endloop
  endfacet
  facet normal 0 0 1
    outer loop
      vertex -11.4372 37.7034 3
      vertex -13.9488 33.6754 3
      vertex -10.5809 34.8805 3
    endloop
  endfacet
  facet normal -0 0 1
    outer loop
      vertex -15.0777 36.4009 3
      vertex -13.9488 33.6754 3
      vertex -11.4372 37.7034 3
    endloop
  endfacet
  facet normal 0 0 1
    outer loop
      vertex -15.0777 36.4009 3
      vertex -17.1824 32.146 3
      vertex -13.9488 33.6754 3
    endloop
  endfacet
  facet normal -0 0 1
    outer loop
      vertex -18.573 34.7477 3
      vertex -17.1824 32.146 3
      vertex -15.0777 36.4009 3
    endloop
  endfacet
  facet normal 0 0 1
    outer loop
      vertex -18.573 34.7477 3
      vertex -20.2505 30.3071 3
      vertex -17.1824 32.146 3
    endloop
  endfacet
  facet normal -0 0 1
    outer loop
      vertex -21.8895 32.7599 3
      vertex -20.2505 30.3071 3
      vertex -18.573 34.7477 3
    endloop
  endfacet
  facet normal 0 0 1
    outer loop
      vertex -21.8895 32.7599 3
      vertex -23.1236 28.1762 3
      vertex -20.2505 30.3071 3
    endloop
  endfacet
  facet normal -0 0 1
    outer loop
      vertex -24.9951 30.4566 3
      vertex -23.1236 28.1762 3
      vertex -21.8895 32.7599 3
    endloop
  endfacet
  facet normal 0 0 1
    outer loop
      vertex -24.9951 30.4566 3
      vertex -25.774 25.774 3
      vertex -23.1236 28.1762 3
    endloop
  endfacet
  facet normal -0 0 1
    outer loop
      vertex -27.86 27.86 3
      vertex -25.774 25.774 3
      vertex -24.9951 30.4566 3
    endloop
  endfacet
  facet normal 0 0 1
    outer loop
      vertex -27.86 27.86 3
      vertex -28.1762 23.1236 3
      vertex -25.774 25.774 3
    endloop
  endfacet
  facet normal -0 0 1
    outer loop
      vertex -30.4566 24.9951 3
      vertex -28.1762 23.1236 3
      vertex -27.86 27.86 3
    endloop
  endfacet
  facet normal 0 0 1
    outer loop
      vertex -28.1762 23.1236 3
      vertex -30.4566 24.9951 3
      vertex -30.3071 20.2505 3
    endloop
  endfacet
  facet normal -0 0 1
    outer loop
      vertex -32.7599 21.8895 3
      vertex -30.3071 20.2505 3
      vertex -30.4566 24.9951 3
    endloop
  endfacet
  facet normal 0 0 1
    outer loop
      vertex -30.3071 20.2505 3
      vertex -32.7599 21.8895 3
      vertex -32.146 17.1824 3
    endloop
  endfacet
  facet normal -0 0 1
    outer loop
      vertex -34.7477 18.573 3
      vertex -32.146 17.1824 3
      vertex -32.7599 21.8895 3
    endloop
  endfacet
  facet normal 0 0 1
    outer loop
      vertex -32.146 17.1824 3
      vertex -34.7477 18.573 3
      vertex -33.6754 13.9488 3
    endloop
  endfacet
  facet normal -0 0 1
    outer loop
      vertex -36.4009 15.0777 3
      vertex -33.6754 13.9488 3
      vertex -34.7477 18.573 3
    endloop
  endfacet
  facet normal 0 0 1
    outer loop
      vertex -33.6754 13.9488 3
      vertex -36.4009 15.0777 3
      vertex -34.8805 10.5809 3
    endloop
  endfacet
  facet normal -0 0 1
    outer loop
      vertex -37.7034 11.4372 3
      vertex -34.8805 10.5809 3
      vertex -36.4009 15.0777 3
    endloop
  endfacet
  facet normal 0 0 1
    outer loop
      vertex -34.8805 10.5809 3
      vertex -37.7034 11.4372 3
      vertex -35.7496 7.11104 3
    endloop
  endfacet
  facet normal -0 0 1
    outer loop
      vertex -38.6429 7.68656 3
      vertex -35.7496 7.11104 3
      vertex -37.7034 11.4372 3
    endloop
  endfacet
  facet normal 0 0 1
    outer loop
      vertex -35.7496 7.11104 3
      vertex -38.6429 7.68656 3
      vertex -36.2745 3.57272 3
    endloop
  endfacet
  facet normal -0 0 1
    outer loop
      vertex 35.7496 -7.11104 3
      vertex 38.6429 -7.68656 3
      vertex 36.2745 -3.57272 3
    endloop
  endfacet
  facet normal 0 0 1
    outer loop
      vertex 38.6429 -7.68656 3
      vertex 35.7496 -7.11104 3
      vertex 37.7034 -11.4372 3
    endloop
  endfacet
  facet normal -0 0 1
    outer loop
      vertex 34.8805 -10.5809 3
      vertex 37.7034 -11.4372 3
      vertex 35.7496 -7.11104 3
    endloop
  endfacet
  facet normal 0 0 1
    outer loop
      vertex 37.7034 -11.4372 3
      vertex 34.8805 -10.5809 3
      vertex 36.4009 -15.0777 3
    endloop
  endfacet
  facet normal -0 0 1
    outer loop
      vertex 33.6754 -13.9488 3
      vertex 36.4009 -15.0777 3
      vertex 34.8805 -10.5809 3
    endloop
  endfacet
  facet normal 0 0 1
    outer loop
      vertex 36.4009 -15.0777 3
      vertex 33.6754 -13.9488 3
      vertex 34.7477 -18.573 3
    endloop
  endfacet
  facet normal -0 0 1
    outer loop
      vertex 32.146 -17.1824 3
      vertex 34.7477 -18.573 3
      vertex 33.6754 -13.9488 3
    endloop
  endfacet
  facet normal 0 0 1
    outer loop
      vertex 34.7477 -18.573 3
      vertex 32.146 -17.1824 3
      vertex 32.7599 -21.8895 3
    endloop
  endfacet
  facet normal -0 0 1
    outer loop
      vertex 30.3071 -20.2505 3
      vertex 32.7599 -21.8895 3
      vertex 32.146 -17.1824 3
    endloop
  endfacet
  facet normal 0 0 1
    outer loop
      vertex 32.7599 -21.8895 3
      vertex 30.3071 -20.2505 3
      vertex 30.4566 -24.9951 3
    endloop
  endfacet
  facet normal -0 0 1
    outer loop
      vertex 28.1762 -23.1236 3
      vertex 30.4566 -24.9951 3
      vertex 30.3071 -20.2505 3
    endloop
  endfacet
  facet normal 0 0 1
    outer loop
      vertex 28.1762 -23.1236 3
      vertex 27.86 -27.86 3
      vertex 30.4566 -24.9951 3
    endloop
  endfacet
  facet normal -0 0 1
    outer loop
      vertex 25.774 -25.774 3
      vertex 27.86 -27.86 3
      vertex 28.1762 -23.1236 3
    endloop
  endfacet
  facet normal 0 0 1
    outer loop
      vertex 25.774 -25.774 3
      vertex 24.9951 -30.4566 3
      vertex 27.86 -27.86 3
    endloop
  endfacet
  facet normal -0 0 1
    outer loop
      vertex 23.1236 -28.1762 3
      vertex 24.9951 -30.4566 3
      vertex 25.774 -25.774 3
    endloop
  endfacet
  facet normal 0 0 1
    outer loop
      vertex 23.1236 -28.1762 3
      vertex 21.8895 -32.7599 3
      vertex 24.9951 -30.4566 3
    endloop
  endfacet
  facet normal -0 0 1
    outer loop
      vertex 20.2505 -30.3071 3
      vertex 21.8895 -32.7599 3
      vertex 23.1236 -28.1762 3
    endloop
  endfacet
  facet normal 0 0 1
    outer loop
      vertex 20.2505 -30.3071 3
      vertex 18.573 -34.7477 3
      vertex 21.8895 -32.7599 3
    endloop
  endfacet
  facet normal -0 0 1
    outer loop
      vertex 17.1824 -32.146 3
      vertex 18.573 -34.7477 3
      vertex 20.2505 -30.3071 3
    endloop
  endfacet
  facet normal 0 0 1
    outer loop
      vertex 17.1824 -32.146 3
      vertex 15.0777 -36.4009 3
      vertex 18.573 -34.7477 3
    endloop
  endfacet
  facet normal -0 0 1
    outer loop
      vertex 13.9488 -33.6754 3
      vertex 15.0777 -36.4009 3
      vertex 17.1824 -32.146 3
    endloop
  endfacet
  facet normal 0 0 1
    outer loop
      vertex 13.9488 -33.6754 3
      vertex 11.4372 -37.7034 3
      vertex 15.0777 -36.4009 3
    endloop
  endfacet
  facet normal -0 0 1
    outer loop
      vertex 10.5809 -34.8805 3
      vertex 11.4372 -37.7034 3
      vertex 13.9488 -33.6754 3
    endloop
  endfacet
  facet normal 0 0 1
    outer loop
      vertex 10.5809 -34.8805 3
      vertex 7.68656 -38.6429 3
      vertex 11.4372 -37.7034 3
    endloop
  endfacet
  facet normal -0 0 1
    outer loop
      vertex 7.11104 -35.7496 3
      vertex 7.68656 -38.6429 3
      vertex 10.5809 -34.8805 3
    endloop
  endfacet
  facet normal -0 0 1
    outer loop
      vertex 6.5 -35.8403 3
      vertex 7.68656 -38.6429 3
      vertex 7.11104 -35.7496 3
    endloop
  endfacet
  facet normal 0 0 1
    outer loop
      vertex 7.68656 -38.6429 3
      vertex 6.5 -35.8403 3
      vertex 6.5 -38.8189 3
    endloop
  endfacet
  facet normal 0 0 1
    outer loop
      vertex -7.68656 -38.6429 3
      vertex -6.5 -35.8403 3
      vertex -7.11104 -35.7496 3
    endloop
  endfacet
  facet normal 0 0 1
    outer loop
      vertex -6.5 -35.8403 3
      vertex -7.68656 -38.6429 3
      vertex -6.5 -38.8189 3
    endloop
  endfacet
  facet normal 0 0 1
    outer loop
      vertex -10.5809 -34.8805 3
      vertex -7.68656 -38.6429 3
      vertex -7.11104 -35.7496 3
    endloop
  endfacet
  facet normal 0 0 1
    outer loop
      vertex -10.5809 -34.8805 3
      vertex -11.4372 -37.7034 3
      vertex -7.68656 -38.6429 3
    endloop
  endfacet
  facet normal 0 0 1
    outer loop
      vertex -13.9488 -33.6754 3
      vertex -11.4372 -37.7034 3
      vertex -10.5809 -34.8805 3
    endloop
  endfacet
  facet normal 0 0 1
    outer loop
      vertex -13.9488 -33.6754 3
      vertex -15.0777 -36.4009 3
      vertex -11.4372 -37.7034 3
    endloop
  endfacet
  facet normal 0 0 1
    outer loop
      vertex -17.1824 -32.146 3
      vertex -15.0777 -36.4009 3
      vertex -13.9488 -33.6754 3
    endloop
  endfacet
  facet normal 0 0 1
    outer loop
      vertex -17.1824 -32.146 3
      vertex -18.573 -34.7477 3
      vertex -15.0777 -36.4009 3
    endloop
  endfacet
  facet normal 0 0 1
    outer loop
      vertex -20.2505 -30.3071 3
      vertex -18.573 -34.7477 3
      vertex -17.1824 -32.146 3
    endloop
  endfacet
  facet normal 0 0 1
    outer loop
      vertex -20.2505 -30.3071 3
      vertex -21.8895 -32.7599 3
      vertex -18.573 -34.7477 3
    endloop
  endfacet
  facet normal 0 0 1
    outer loop
      vertex -23.1236 -28.1762 3
      vertex -21.8895 -32.7599 3
      vertex -20.2505 -30.3071 3
    endloop
  endfacet
  facet normal 0 0 1
    outer loop
      vertex -23.1236 -28.1762 3
      vertex -24.9951 -30.4566 3
      vertex -21.8895 -32.7599 3
    endloop
  endfacet
  facet normal 0 0 1
    outer loop
      vertex -25.774 -25.774 3
      vertex -24.9951 -30.4566 3
      vertex -23.1236 -28.1762 3
    endloop
  endfacet
  facet normal 0 0 1
    outer loop
      vertex -25.774 -25.774 3
      vertex -27.86 -27.86 3
      vertex -24.9951 -30.4566 3
    endloop
  endfacet
  facet normal 0 0 1
    outer loop
      vertex -28.1762 -23.1236 3
      vertex -27.86 -27.86 3
      vertex -25.774 -25.774 3
    endloop
  endfacet
  facet normal 0 0 1
    outer loop
      vertex -30.4566 -24.9951 3
      vertex -28.1762 -23.1236 3
      vertex -30.3071 -20.2505 3
    endloop
  endfacet
  facet normal 0 0 1
    outer loop
      vertex -28.1762 -23.1236 3
      vertex -30.4566 -24.9951 3
      vertex -27.86 -27.86 3
    endloop
  endfacet
  facet normal 0 0 1
    outer loop
      vertex -32.7599 -21.8895 3
      vertex -30.3071 -20.2505 3
      vertex -32.146 -17.1824 3
    endloop
  endfacet
  facet normal 0 0 1
    outer loop
      vertex -30.3071 -20.2505 3
      vertex -32.7599 -21.8895 3
      vertex -30.4566 -24.9951 3
    endloop
  endfacet
  facet normal 0 0 1
    outer loop
      vertex -34.7477 -18.573 3
      vertex -32.146 -17.1824 3
      vertex -33.6754 -13.9488 3
    endloop
  endfacet
  facet normal 0 0 1
    outer loop
      vertex -32.146 -17.1824 3
      vertex -34.7477 -18.573 3
      vertex -32.7599 -21.8895 3
    endloop
  endfacet
  facet normal 0 0 1
    outer loop
      vertex -36.4009 -15.0777 3
      vertex -33.6754 -13.9488 3
      vertex -34.8805 -10.5809 3
    endloop
  endfacet
  facet normal 0 0 1
    outer loop
      vertex -37.7034 -11.4372 3
      vertex -34.8805 -10.5809 3
      vertex -35.7496 -7.11104 3
    endloop
  endfacet
  facet normal 0 0 1
    outer loop
      vertex -38.6429 -7.68656 3
      vertex -35.7496 -7.11104 3
      vertex -36.2745 -3.57272 3
    endloop
  endfacet
  facet normal 0 0 1
    outer loop
      vertex -33.6754 -13.9488 3
      vertex -36.4009 -15.0777 3
      vertex -34.7477 -18.573 3
    endloop
  endfacet
  facet normal 0 0 1
    outer loop
      vertex -39.2103 -3.86187 3
      vertex -36.2745 -3.57272 3
      vertex -36.45 0 3
    endloop
  endfacet
  facet normal -0 0 1
    outer loop
      vertex -39.2103 3.86187 3
      vertex -36.2745 3.57272 3
      vertex -38.6429 7.68656 3
    endloop
  endfacet
  facet normal 0 0 1
    outer loop
      vertex -34.8805 -10.5809 3
      vertex -37.7034 -11.4372 3
      vertex -36.4009 -15.0777 3
    endloop
  endfacet
  facet normal 0 0 1
    outer loop
      vertex -36.2745 3.57272 3
      vertex -39.2103 3.86187 3
      vertex -36.45 0 3
    endloop
  endfacet
  facet normal 0 0 1
    outer loop
      vertex -35.7496 -7.11104 3
      vertex -38.6429 -7.68656 3
      vertex -37.7034 -11.4372 3
    endloop
  endfacet
  facet normal 0 0 1
    outer loop
      vertex -39.4 0 3
      vertex -36.45 0 3
      vertex -39.2103 3.86187 3
    endloop
  endfacet
  facet normal 0 0 1
    outer loop
      vertex -36.2745 -3.57272 3
      vertex -39.2103 -3.86187 3
      vertex -38.6429 -7.68656 3
    endloop
  endfacet
  facet normal 0 0 1
    outer loop
      vertex -36.45 0 3
      vertex -39.4 0 3
      vertex -39.2103 -3.86187 3
    endloop
  endfacet
  facet normal -0.0490621 -0.998796 0
    outer loop
      vertex -3.86187 -39.2103 0
      vertex 0 -39.4 0.799999
      vertex -3.86187 -39.2103 0.799999
    endloop
  endfacet
  facet normal -0.0490621 -0.998796 -0
    outer loop
      vertex 0 -39.4 0.799999
      vertex -3.86187 -39.2103 0
      vertex 0 -39.4 0
    endloop
  endfacet
  facet normal -0.998796 0.0490621 0
    outer loop
      vertex -39.4 0 0
      vertex -39.2103 3.86187 3
      vertex -39.2103 3.86187 0
    endloop
  endfacet
  facet normal -0.998796 0.0490621 0
    outer loop
      vertex -39.2103 3.86187 3
      vertex -39.4 0 0
      vertex -39.4 0 3
    endloop
  endfacet
  facet normal -0.336869 -0.941552 0
    outer loop
      vertex -15.0777 -36.4009 0
      vertex -11.4372 -37.7034 3
      vertex -15.0777 -36.4009 3
    endloop
  endfacet
  facet normal -0.336869 -0.941552 -0
    outer loop
      vertex -11.4372 -37.7034 3
      vertex -15.0777 -36.4009 0
      vertex -11.4372 -37.7034 0
    endloop
  endfacet
  facet normal 0.336869 0.941552 -0
    outer loop
      vertex 15.0777 36.4009 0
      vertex 11.4372 37.7034 3
      vertex 15.0777 36.4009 3
    endloop
  endfacet
  facet normal 0.336869 0.941552 0
    outer loop
      vertex 11.4372 37.7034 3
      vertex 15.0777 36.4009 0
      vertex 11.4372 37.7034 0
    endloop
  endfacet
  facet normal 0.74095 -0.67156 0
    outer loop
      vertex 27.86 -27.86 3
      vertex 30.4566 -24.9951 0
      vertex 30.4566 -24.9951 3
    endloop
  endfacet
  facet normal 0.74095 -0.67156 0
    outer loop
      vertex 30.4566 -24.9951 0
      vertex 27.86 -27.86 3
      vertex 27.86 -27.86 0
    endloop
  endfacet
  facet normal 0.67156 -0.74095 0
    outer loop
      vertex 24.9951 -30.4566 0
      vertex 27.86 -27.86 3
      vertex 24.9951 -30.4566 3
    endloop
  endfacet
  facet normal 0.67156 -0.74095 0
    outer loop
      vertex 27.86 -27.86 3
      vertex 24.9951 -30.4566 0
      vertex 27.86 -27.86 0
    endloop
  endfacet
  facet normal 0.740949 0.671562 0
    outer loop
      vertex 28.1762 23.1236 6
      vertex 25.774 25.774 3
      vertex 25.774 25.774 6
    endloop
  endfacet
  facet normal 0.740949 0.671562 0
    outer loop
      vertex 25.774 25.774 3
      vertex 28.1762 23.1236 6
      vertex 28.1762 23.1236 3
    endloop
  endfacet
  facet normal 0.989175 0.146741 0
    outer loop
      vertex 36.2745 3.57272 6
      vertex 35.7496 7.11104 3
      vertex 35.7496 7.11104 6
    endloop
  endfacet
  facet normal 0.989175 0.146741 0
    outer loop
      vertex 35.7496 7.11104 3
      vertex 36.2745 3.57272 6
      vertex 36.2745 3.57272 3
    endloop
  endfacet
  facet normal 0.998796 0.0490631 0
    outer loop
      vertex 36.45 0 6
      vertex 36.2745 3.57272 3
      vertex 36.2745 3.57272 6
    endloop
  endfacet
  facet normal 0.998796 0.0490631 0
    outer loop
      vertex 36.2745 3.57272 3
      vertex 36.45 0 6
      vertex 36.45 0 3
    endloop
  endfacet
  facet normal 0.970035 0.242966 0
    outer loop
      vertex 35.7496 7.11104 6
      vertex 34.8805 10.5809 3
      vertex 34.8805 10.5809 6
    endloop
  endfacet
  facet normal 0.970035 0.242966 0
    outer loop
      vertex 34.8805 10.5809 3
      vertex 35.7496 7.11104 6
      vertex 35.7496 7.11104 3
    endloop
  endfacet
  facet normal 0.336901 -0.94154 0
    outer loop
      vertex 10.5809 -34.8805 3
      vertex 13.9488 -33.6754 6
      vertex 10.5809 -34.8805 6
    endloop
  endfacet
  facet normal 0.336901 -0.94154 0
    outer loop
      vertex 13.9488 -33.6754 6
      vertex 10.5809 -34.8805 3
      vertex 13.9488 -33.6754 3
    endloop
  endfacet
  facet normal 0.671562 0.740949 -0
    outer loop
      vertex 25.774 25.774 3
      vertex 23.1236 28.1762 6
      vertex 25.774 25.774 6
    endloop
  endfacet
  facet normal 0.671562 0.740949 0
    outer loop
      vertex 23.1236 28.1762 6
      vertex 25.774 25.774 3
      vertex 23.1236 28.1762 3
    endloop
  endfacet
  facet normal 0.94154 0.336901 0
    outer loop
      vertex 34.8805 10.5809 6
      vertex 33.6754 13.9488 3
      vertex 33.6754 13.9488 6
    endloop
  endfacet
  facet normal 0.94154 0.336901 0
    outer loop
      vertex 33.6754 13.9488 3
      vertex 34.8805 10.5809 6
      vertex 34.8805 10.5809 3
    endloop
  endfacet
  facet normal -0.595711 -0.803199 0
    outer loop
      vertex -23.1236 -28.1762 3
      vertex -20.2505 -30.3071 6
      vertex -23.1236 -28.1762 6
    endloop
  endfacet
  facet normal -0.595711 -0.803199 -0
    outer loop
      vertex -20.2505 -30.3071 6
      vertex -23.1236 -28.1762 3
      vertex -20.2505 -30.3071 3
    endloop
  endfacet
  facet normal -0.242966 -0.970035 0
    outer loop
      vertex -10.5809 -34.8805 3
      vertex -7.11104 -35.7496 6
      vertex -10.5809 -34.8805 6
    endloop
  endfacet
  facet normal -0.242966 -0.970035 -0
    outer loop
      vertex -7.11104 -35.7496 6
      vertex -10.5809 -34.8805 3
      vertex -7.11104 -35.7496 3
    endloop
  endfacet
  facet normal 0.857735 0.514093 0
    outer loop
      vertex 32.146 17.1824 6
      vertex 30.3071 20.2505 3
      vertex 30.3071 20.2505 6
    endloop
  endfacet
  facet normal 0.857735 0.514093 0
    outer loop
      vertex 30.3071 20.2505 3
      vertex 32.146 17.1824 6
      vertex 32.146 17.1824 3
    endloop
  endfacet
  facet normal -0.998796 -0.0490631 0
    outer loop
      vertex -36.2745 -3.57272 3
      vertex -36.45 0 6
      vertex -36.45 0 3
    endloop
  endfacet
  facet normal -0.998796 -0.0490631 0
    outer loop
      vertex -36.45 0 6
      vertex -36.2745 -3.57272 3
      vertex -36.2745 -3.57272 6
    endloop
  endfacet
  facet normal -0.903987 -0.42756 0
    outer loop
      vertex -32.146 -17.1824 3
      vertex -33.6754 -13.9488 6
      vertex -33.6754 -13.9488 3
    endloop
  endfacet
  facet normal -0.903987 -0.42756 0
    outer loop
      vertex -33.6754 -13.9488 6
      vertex -32.146 -17.1824 3
      vertex -32.146 -17.1824 6
    endloop
  endfacet
  facet normal 0.903987 0.42756 0
    outer loop
      vertex 33.6754 13.9488 6
      vertex 32.146 17.1824 3
      vertex 32.146 17.1824 6
    endloop
  endfacet
  facet normal 0.903987 0.42756 0
    outer loop
      vertex 32.146 17.1824 3
      vertex 33.6754 13.9488 6
      vertex 33.6754 13.9488 3
    endloop
  endfacet
  facet normal 0.970035 -0.242966 0
    outer loop
      vertex 34.8805 -10.5809 6
      vertex 35.7496 -7.11104 3
      vertex 35.7496 -7.11104 6
    endloop
  endfacet
  facet normal 0.970035 -0.242966 0
    outer loop
      vertex 35.7496 -7.11104 3
      vertex 34.8805 -10.5809 6
      vertex 34.8805 -10.5809 3
    endloop
  endfacet
  facet normal -0.514093 0.857735 0
    outer loop
      vertex -17.1824 32.146 3
      vertex -20.2505 30.3071 6
      vertex -17.1824 32.146 6
    endloop
  endfacet
  facet normal -0.514093 0.857735 0
    outer loop
      vertex -20.2505 30.3071 6
      vertex -17.1824 32.146 3
      vertex -20.2505 30.3071 3
    endloop
  endfacet
  facet normal -0.970035 -0.242966 0
    outer loop
      vertex -34.8805 -10.5809 3
      vertex -35.7496 -7.11104 6
      vertex -35.7496 -7.11104 3
    endloop
  endfacet
  facet normal -0.970035 -0.242966 0
    outer loop
      vertex -35.7496 -7.11104 6
      vertex -34.8805 -10.5809 3
      vertex -34.8805 -10.5809 6
    endloop
  endfacet
  facet normal 0.242966 0.970035 -0
    outer loop
      vertex 10.5809 34.8805 3
      vertex 7.11104 35.7496 6
      vertex 10.5809 34.8805 6
    endloop
  endfacet
  facet normal 0.242966 0.970035 0
    outer loop
      vertex 7.11104 35.7496 6
      vertex 10.5809 34.8805 3
      vertex 7.11104 35.7496 3
    endloop
  endfacet
  facet normal 0.94154 -0.336901 0
    outer loop
      vertex 33.6754 -13.9488 6
      vertex 34.8805 -10.5809 3
      vertex 34.8805 -10.5809 6
    endloop
  endfacet
  facet normal 0.94154 -0.336901 0
    outer loop
      vertex 34.8805 -10.5809 3
      vertex 33.6754 -13.9488 6
      vertex 33.6754 -13.9488 3
    endloop
  endfacet
  facet normal 0.989175 -0.146741 0
    outer loop
      vertex 35.7496 -7.11104 6
      vertex 36.2745 -3.57272 3
      vertex 36.2745 -3.57272 6
    endloop
  endfacet
  facet normal 0.989175 -0.146741 0
    outer loop
      vertex 36.2745 -3.57272 3
      vertex 35.7496 -7.11104 6
      vertex 35.7496 -7.11104 3
    endloop
  endfacet
  facet normal 0.146741 0.989175 -0
    outer loop
      vertex 7.11104 35.7496 3
      vertex 3.57272 36.2745 6
      vertex 7.11104 35.7496 6
    endloop
  endfacet
  facet normal 0.146741 0.989175 0
    outer loop
      vertex 3.57272 36.2745 6
      vertex 7.11104 35.7496 3
      vertex 3.57272 36.2745 3
    endloop
  endfacet
  facet normal -0.42756 0.903987 0
    outer loop
      vertex -13.9488 33.6754 3
      vertex -17.1824 32.146 6
      vertex -13.9488 33.6754 6
    endloop
  endfacet
  facet normal -0.42756 0.903987 0
    outer loop
      vertex -17.1824 32.146 6
      vertex -13.9488 33.6754 3
      vertex -17.1824 32.146 3
    endloop
  endfacet
  facet normal -0.146741 0.989175 0
    outer loop
      vertex -3.57272 36.2745 3
      vertex -7.11104 35.7496 6
      vertex -3.57272 36.2745 6
    endloop
  endfacet
  facet normal -0.146741 0.989175 0
    outer loop
      vertex -7.11104 35.7496 6
      vertex -3.57272 36.2745 3
      vertex -7.11104 35.7496 3
    endloop
  endfacet
  facet normal 0.42756 -0.903987 0
    outer loop
      vertex 13.9488 -33.6754 3
      vertex 17.1824 -32.146 6
      vertex 13.9488 -33.6754 6
    endloop
  endfacet
  facet normal 0.42756 -0.903987 0
    outer loop
      vertex 17.1824 -32.146 6
      vertex 13.9488 -33.6754 3
      vertex 17.1824 -32.146 3
    endloop
  endfacet
  facet normal -0.671562 0.740949 0
    outer loop
      vertex -23.1236 28.1762 3
      vertex -25.774 25.774 6
      vertex -23.1236 28.1762 6
    endloop
  endfacet
  facet normal -0.671562 0.740949 0
    outer loop
      vertex -25.774 25.774 6
      vertex -23.1236 28.1762 3
      vertex -25.774 25.774 3
    endloop
  endfacet
  facet normal 0.857735 -0.514093 0
    outer loop
      vertex 30.3071 -20.2505 6
      vertex 32.146 -17.1824 3
      vertex 32.146 -17.1824 6
    endloop
  endfacet
  facet normal 0.857735 -0.514093 0
    outer loop
      vertex 32.146 -17.1824 3
      vertex 30.3071 -20.2505 6
      vertex 30.3071 -20.2505 3
    endloop
  endfacet
  facet normal -0.595711 0.803199 0
    outer loop
      vertex -20.2505 30.3071 3
      vertex -23.1236 28.1762 6
      vertex -20.2505 30.3071 6
    endloop
  endfacet
  facet normal -0.595711 0.803199 0
    outer loop
      vertex -23.1236 28.1762 6
      vertex -20.2505 30.3071 3
      vertex -23.1236 28.1762 3
    endloop
  endfacet
  facet normal 0.903987 -0.42756 0
    outer loop
      vertex 32.146 -17.1824 6
      vertex 33.6754 -13.9488 3
      vertex 33.6754 -13.9488 6
    endloop
  endfacet
  facet normal 0.903987 -0.42756 0
    outer loop
      vertex 33.6754 -13.9488 3
      vertex 32.146 -17.1824 6
      vertex 32.146 -17.1824 3
    endloop
  endfacet
  facet normal 0.998796 -0.0490631 0
    outer loop
      vertex 36.2745 -3.57272 6
      vertex 36.45 0 3
      vertex 36.45 0 6
    endloop
  endfacet
  facet normal 0.998796 -0.0490631 0
    outer loop
      vertex 36.45 0 3
      vertex 36.2745 -3.57272 6
      vertex 36.2745 -3.57272 3
    endloop
  endfacet
  facet normal -0.740949 0.671562 0
    outer loop
      vertex -28.1762 23.1236 3
      vertex -25.774 25.774 6
      vertex -25.774 25.774 3
    endloop
  endfacet
  facet normal -0.740949 0.671562 0
    outer loop
      vertex -25.774 25.774 6
      vertex -28.1762 23.1236 3
      vertex -28.1762 23.1236 6
    endloop
  endfacet
  facet normal -0.94154 -0.336901 0
    outer loop
      vertex -33.6754 -13.9488 3
      vertex -34.8805 -10.5809 6
      vertex -34.8805 -10.5809 3
    endloop
  endfacet
  facet normal -0.94154 -0.336901 0
    outer loop
      vertex -34.8805 -10.5809 6
      vertex -33.6754 -13.9488 3
      vertex -33.6754 -13.9488 6
    endloop
  endfacet
  facet normal 0.514093 0.857735 -0
    outer loop
      vertex 20.2505 30.3071 3
      vertex 17.1824 32.146 6
      vertex 20.2505 30.3071 6
    endloop
  endfacet
  facet normal 0.514093 0.857735 0
    outer loop
      vertex 17.1824 32.146 6
      vertex 20.2505 30.3071 3
      vertex 17.1824 32.146 3
    endloop
  endfacet
  facet normal 0.595711 0.803199 -0
    outer loop
      vertex 23.1236 28.1762 3
      vertex 20.2505 30.3071 6
      vertex 23.1236 28.1762 6
    endloop
  endfacet
  facet normal 0.595711 0.803199 0
    outer loop
      vertex 20.2505 30.3071 6
      vertex 23.1236 28.1762 3
      vertex 20.2505 30.3071 3
    endloop
  endfacet
  facet normal 0.146827 -0.989162 0
    outer loop
      vertex 6.5 -35.8403 3
      vertex 7.11104 -35.7496 6
      vertex 6.5 -35.8403 6
    endloop
  endfacet
  facet normal 0.146827 -0.989162 0
    outer loop
      vertex 7.11104 -35.7496 6
      vertex 6.5 -35.8403 3
      vertex 7.11104 -35.7496 3
    endloop
  endfacet
  facet normal 0.740949 -0.671562 0
    outer loop
      vertex 25.774 -25.774 6
      vertex 28.1762 -23.1236 3
      vertex 28.1762 -23.1236 6
    endloop
  endfacet
  facet normal 0.740949 -0.671562 0
    outer loop
      vertex 28.1762 -23.1236 3
      vertex 25.774 -25.774 6
      vertex 25.774 -25.774 3
    endloop
  endfacet
  facet normal 0.803199 -0.595711 0
    outer loop
      vertex 28.1762 -23.1236 6
      vertex 30.3071 -20.2505 3
      vertex 30.3071 -20.2505 6
    endloop
  endfacet
  facet normal 0.803199 -0.595711 0
    outer loop
      vertex 30.3071 -20.2505 3
      vertex 28.1762 -23.1236 6
      vertex 28.1762 -23.1236 3
    endloop
  endfacet
  facet normal 0.242966 -0.970035 0
    outer loop
      vertex 7.11104 -35.7496 3
      vertex 10.5809 -34.8805 6
      vertex 7.11104 -35.7496 6
    endloop
  endfacet
  facet normal 0.242966 -0.970035 0
    outer loop
      vertex 10.5809 -34.8805 6
      vertex 7.11104 -35.7496 3
      vertex 10.5809 -34.8805 3
    endloop
  endfacet
  facet normal -0.242966 0.970035 0
    outer loop
      vertex -7.11104 35.7496 3
      vertex -10.5809 34.8805 6
      vertex -7.11104 35.7496 6
    endloop
  endfacet
  facet normal -0.242966 0.970035 0
    outer loop
      vertex -10.5809 34.8805 6
      vertex -7.11104 35.7496 3
      vertex -10.5809 34.8805 3
    endloop
  endfacet
  facet normal 0.803199 0.595711 0
    outer loop
      vertex 30.3071 20.2505 6
      vertex 28.1762 23.1236 3
      vertex 28.1762 23.1236 6
    endloop
  endfacet
  facet normal 0.803199 0.595711 0
    outer loop
      vertex 28.1762 23.1236 3
      vertex 30.3071 20.2505 6
      vertex 30.3071 20.2505 3
    endloop
  endfacet
  facet normal 0.0490631 0.998796 -0
    outer loop
      vertex 3.57272 36.2745 3
      vertex 0 36.45 6
      vertex 3.57272 36.2745 6
    endloop
  endfacet
  facet normal 0.0490631 0.998796 0
    outer loop
      vertex 0 36.45 6
      vertex 3.57272 36.2745 3
      vertex 0 36.45 3
    endloop
  endfacet
  facet normal -0.857735 0.514093 0
    outer loop
      vertex -32.146 17.1824 3
      vertex -30.3071 20.2505 6
      vertex -30.3071 20.2505 3
    endloop
  endfacet
  facet normal -0.857735 0.514093 0
    outer loop
      vertex -30.3071 20.2505 6
      vertex -32.146 17.1824 3
      vertex -32.146 17.1824 6
    endloop
  endfacet
  facet normal 0.42756 0.903987 -0
    outer loop
      vertex 17.1824 32.146 3
      vertex 13.9488 33.6754 6
      vertex 17.1824 32.146 6
    endloop
  endfacet
  facet normal 0.42756 0.903987 0
    outer loop
      vertex 13.9488 33.6754 6
      vertex 17.1824 32.146 3
      vertex 13.9488 33.6754 3
    endloop
  endfacet
  facet normal -0.857735 -0.514093 0
    outer loop
      vertex -30.3071 -20.2505 3
      vertex -32.146 -17.1824 6
      vertex -32.146 -17.1824 3
    endloop
  endfacet
  facet normal -0.857735 -0.514093 0
    outer loop
      vertex -32.146 -17.1824 6
      vertex -30.3071 -20.2505 3
      vertex -30.3071 -20.2505 6
    endloop
  endfacet
  facet normal -0.42756 -0.903987 0
    outer loop
      vertex -17.1824 -32.146 3
      vertex -13.9488 -33.6754 6
      vertex -17.1824 -32.146 6
    endloop
  endfacet
  facet normal -0.42756 -0.903987 -0
    outer loop
      vertex -13.9488 -33.6754 6
      vertex -17.1824 -32.146 3
      vertex -13.9488 -33.6754 3
    endloop
  endfacet
  facet normal -0.740949 -0.671562 0
    outer loop
      vertex -25.774 -25.774 3
      vertex -28.1762 -23.1236 6
      vertex -28.1762 -23.1236 3
    endloop
  endfacet
  facet normal -0.740949 -0.671562 0
    outer loop
      vertex -28.1762 -23.1236 6
      vertex -25.774 -25.774 3
      vertex -25.774 -25.774 6
    endloop
  endfacet
  facet normal -0.336901 0.94154 0
    outer loop
      vertex -10.5809 34.8805 3
      vertex -13.9488 33.6754 6
      vertex -10.5809 34.8805 6
    endloop
  endfacet
  facet normal -0.336901 0.94154 0
    outer loop
      vertex -13.9488 33.6754 6
      vertex -10.5809 34.8805 3
      vertex -13.9488 33.6754 3
    endloop
  endfacet
  facet normal -0.514093 -0.857735 0
    outer loop
      vertex -20.2505 -30.3071 3
      vertex -17.1824 -32.146 6
      vertex -20.2505 -30.3071 6
    endloop
  endfacet
  facet normal -0.514093 -0.857735 -0
    outer loop
      vertex -17.1824 -32.146 6
      vertex -20.2505 -30.3071 3
      vertex -17.1824 -32.146 3
    endloop
  endfacet
  facet normal 0.595711 -0.803199 0
    outer loop
      vertex 20.2505 -30.3071 3
      vertex 23.1236 -28.1762 6
      vertex 20.2505 -30.3071 6
    endloop
  endfacet
  facet normal 0.595711 -0.803199 0
    outer loop
      vertex 23.1236 -28.1762 6
      vertex 20.2505 -30.3071 3
      vertex 23.1236 -28.1762 3
    endloop
  endfacet
  facet normal -0.0490631 0.998796 0
    outer loop
      vertex 0 36.45 3
      vertex -3.57272 36.2745 6
      vertex 0 36.45 6
    endloop
  endfacet
  facet normal -0.0490631 0.998796 0
    outer loop
      vertex -3.57272 36.2745 6
      vertex 0 36.45 3
      vertex -3.57272 36.2745 3
    endloop
  endfacet
  facet normal -0.970035 0.242966 0
    outer loop
      vertex -35.7496 7.11104 3
      vertex -34.8805 10.5809 6
      vertex -34.8805 10.5809 3
    endloop
  endfacet
  facet normal -0.970035 0.242966 0
    outer loop
      vertex -34.8805 10.5809 6
      vertex -35.7496 7.11104 3
      vertex -35.7496 7.11104 6
    endloop
  endfacet
  facet normal -0.94154 0.336901 0
    outer loop
      vertex -34.8805 10.5809 3
      vertex -33.6754 13.9488 6
      vertex -33.6754 13.9488 3
    endloop
  endfacet
  facet normal -0.94154 0.336901 0
    outer loop
      vertex -33.6754 13.9488 6
      vertex -34.8805 10.5809 3
      vertex -34.8805 10.5809 6
    endloop
  endfacet
  facet normal -0.989175 -0.146741 0
    outer loop
      vertex -35.7496 -7.11104 3
      vertex -36.2745 -3.57272 6
      vertex -36.2745 -3.57272 3
    endloop
  endfacet
  facet normal -0.989175 -0.146741 0
    outer loop
      vertex -36.2745 -3.57272 6
      vertex -35.7496 -7.11104 3
      vertex -35.7496 -7.11104 6
    endloop
  endfacet
  facet normal 0.336901 0.94154 -0
    outer loop
      vertex 13.9488 33.6754 3
      vertex 10.5809 34.8805 6
      vertex 13.9488 33.6754 6
    endloop
  endfacet
  facet normal 0.336901 0.94154 0
    outer loop
      vertex 10.5809 34.8805 6
      vertex 13.9488 33.6754 3
      vertex 10.5809 34.8805 3
    endloop
  endfacet
  facet normal -0.803199 -0.595711 0
    outer loop
      vertex -28.1762 -23.1236 3
      vertex -30.3071 -20.2505 6
      vertex -30.3071 -20.2505 3
    endloop
  endfacet
  facet normal -0.803199 -0.595711 0
    outer loop
      vertex -30.3071 -20.2505 6
      vertex -28.1762 -23.1236 3
      vertex -28.1762 -23.1236 6
    endloop
  endfacet
  facet normal -0.903987 0.42756 0
    outer loop
      vertex -33.6754 13.9488 3
      vertex -32.146 17.1824 6
      vertex -32.146 17.1824 3
    endloop
  endfacet
  facet normal -0.903987 0.42756 0
    outer loop
      vertex -32.146 17.1824 6
      vertex -33.6754 13.9488 3
      vertex -33.6754 13.9488 6
    endloop
  endfacet
  facet normal 0.514093 -0.857735 0
    outer loop
      vertex 17.1824 -32.146 3
      vertex 20.2505 -30.3071 6
      vertex 17.1824 -32.146 6
    endloop
  endfacet
  facet normal 0.514093 -0.857735 0
    outer loop
      vertex 20.2505 -30.3071 6
      vertex 17.1824 -32.146 3
      vertex 20.2505 -30.3071 3
    endloop
  endfacet
  facet normal -0.671562 -0.740949 0
    outer loop
      vertex -25.774 -25.774 3
      vertex -23.1236 -28.1762 6
      vertex -25.774 -25.774 6
    endloop
  endfacet
  facet normal -0.671562 -0.740949 -0
    outer loop
      vertex -23.1236 -28.1762 6
      vertex -25.774 -25.774 3
      vertex -23.1236 -28.1762 3
    endloop
  endfacet
  facet normal -0.803199 0.595711 0
    outer loop
      vertex -30.3071 20.2505 3
      vertex -28.1762 23.1236 6
      vertex -28.1762 23.1236 3
    endloop
  endfacet
  facet normal -0.803199 0.595711 0
    outer loop
      vertex -28.1762 23.1236 6
      vertex -30.3071 20.2505 3
      vertex -30.3071 20.2505 6
    endloop
  endfacet
  facet normal -0.146827 -0.989162 0
    outer loop
      vertex -7.11104 -35.7496 3
      vertex -6.5 -35.8403 6
      vertex -7.11104 -35.7496 6
    endloop
  endfacet
  facet normal -0.146827 -0.989162 -0
    outer loop
      vertex -6.5 -35.8403 6
      vertex -7.11104 -35.7496 3
      vertex -6.5 -35.8403 3
    endloop
  endfacet
  facet normal -0.989175 0.146741 0
    outer loop
      vertex -36.2745 3.57272 3
      vertex -35.7496 7.11104 6
      vertex -35.7496 7.11104 3
    endloop
  endfacet
  facet normal -0.989175 0.146741 0
    outer loop
      vertex -35.7496 7.11104 6
      vertex -36.2745 3.57272 3
      vertex -36.2745 3.57272 6
    endloop
  endfacet
  facet normal -0.998796 0.0490631 0
    outer loop
      vertex -36.45 0 3
      vertex -36.2745 3.57272 6
      vertex -36.2745 3.57272 3
    endloop
  endfacet
  facet normal -0.998796 0.0490631 0
    outer loop
      vertex -36.2745 3.57272 6
      vertex -36.45 0 3
      vertex -36.45 0 6
    endloop
  endfacet
  facet normal -0.336901 -0.94154 0
    outer loop
      vertex -13.9488 -33.6754 3
      vertex -10.5809 -34.8805 6
      vertex -13.9488 -33.6754 6
    endloop
  endfacet
  facet normal -0.336901 -0.94154 -0
    outer loop
      vertex -10.5809 -34.8805 6
      vertex -13.9488 -33.6754 3
      vertex -10.5809 -34.8805 3
    endloop
  endfacet
  facet normal 0.671562 -0.740949 0
    outer loop
      vertex 23.1236 -28.1762 3
      vertex 25.774 -25.774 6
      vertex 23.1236 -28.1762 6
    endloop
  endfacet
  facet normal 0.671562 -0.740949 0
    outer loop
      vertex 25.774 -25.774 6
      vertex 23.1236 -28.1762 3
      vertex 25.774 -25.774 3
    endloop
  endfacet
  facet normal 0 0 1
    outer loop
      vertex 21.9235 22.5803 6
      vertex -21.9235 22.5803 6
      vertex 22.0042 22.4456 6
    endloop
  endfacet
  facet normal 0 0 1
    outer loop
      vertex -6.5 -30.5 6
      vertex -21.7422 -23.1777 6
      vertex -21.7345 -23.3345 6
    endloop
  endfacet
  facet normal 0 0 1
    outer loop
      vertex -22.0042 22.4456 6
      vertex 22.0042 22.4456 6
      vertex -21.9235 22.5803 6
    endloop
  endfacet
  facet normal 0 0 1
    outer loop
      vertex -6.5 -30.5 6
      vertex -21.7653 -23.0224 6
      vertex -21.7422 -23.1777 6
    endloop
  endfacet
  facet normal 0 0 1
    outer loop
      vertex 22.0042 22.4456 6
      vertex -22.0042 22.4456 6
      vertex 22.0977 22.3195 6
    endloop
  endfacet
  facet normal 0 0 1
    outer loop
      vertex -6.5 -30.5 6
      vertex -21.8034 -22.8701 6
      vertex -21.7653 -23.0224 6
    endloop
  endfacet
  facet normal 0 0 1
    outer loop
      vertex -22.0977 22.3195 6
      vertex 22.0977 22.3195 6
      vertex -22.0042 22.4456 6
    endloop
  endfacet
  facet normal 0 0 1
    outer loop
      vertex -6.5 -30.5 6
      vertex -21.8563 -22.7222 6
      vertex -21.8034 -22.8701 6
    endloop
  endfacet
  facet normal 0 0 1
    outer loop
      vertex 22.0977 22.3195 6
      vertex -22.0977 22.3195 6
      vertex 22.2032 22.2032 6
    endloop
  endfacet
  facet normal 0 0 1
    outer loop
      vertex -6.5 -30.5 6
      vertex -21.9235 -22.5803 6
      vertex -21.8563 -22.7222 6
    endloop
  endfacet
  facet normal 0 0 1
    outer loop
      vertex -22.2032 22.2032 6
      vertex 22.2032 22.2032 6
      vertex -22.0977 22.3195 6
    endloop
  endfacet
  facet normal 0 0 1
    outer loop
      vertex -6.5 -30.5 6
      vertex -22.0042 -22.4456 6
      vertex -21.9235 -22.5803 6
    endloop
  endfacet
  facet normal 0 0 1
    outer loop
      vertex 22.2032 22.2032 6
      vertex -22.2032 22.2032 6
      vertex -6.5 -30.5 6
    endloop
  endfacet
  facet normal 0 0 1
    outer loop
      vertex -6.5 -30.5 6
      vertex -22.0977 -22.3195 6
      vertex -22.0042 -22.4456 6
    endloop
  endfacet
  facet normal -0 0 1
    outer loop
      vertex -22.2032 -22.2032 6
      vertex -6.5 -30.5 6
      vertex -22.2032 22.2032 6
    endloop
  endfacet
  facet normal 0 0 1
    outer loop
      vertex -6.5 -30.5 6
      vertex -22.2032 -22.2032 6
      vertex -22.0977 -22.3195 6
    endloop
  endfacet
  facet normal -0 0 1
    outer loop
      vertex -22.3195 22.0977 6
      vertex -22.2032 -22.2032 6
      vertex -22.2032 22.2032 6
    endloop
  endfacet
  facet normal 0 0 1
    outer loop
      vertex -22.3195 22.0977 6
      vertex -22.3195 -22.0977 6
      vertex -22.2032 -22.2032 6
    endloop
  endfacet
  facet normal -0 0 1
    outer loop
      vertex -22.4456 22.0042 6
      vertex -22.3195 -22.0977 6
      vertex -22.3195 22.0977 6
    endloop
  endfacet
  facet normal 0 0 1
    outer loop
      vertex -22.4456 22.0042 6
      vertex -22.4456 -22.0042 6
      vertex -22.3195 -22.0977 6
    endloop
  endfacet
  facet normal -0 0 1
    outer loop
      vertex -22.5803 21.9235 6
      vertex -22.4456 -22.0042 6
      vertex -22.4456 22.0042 6
    endloop
  endfacet
  facet normal 0 0 1
    outer loop
      vertex -22.5803 21.9235 6
      vertex -22.5803 -21.9235 6
      vertex -22.4456 -22.0042 6
    endloop
  endfacet
  facet normal -0 0 1
    outer loop
      vertex -22.7222 21.8563 6
      vertex -22.5803 -21.9235 6
      vertex -22.5803 21.9235 6
    endloop
  endfacet
  facet normal 0 0 1
    outer loop
      vertex -22.7222 21.8563 6
      vertex -22.7222 -21.8563 6
      vertex -22.5803 -21.9235 6
    endloop
  endfacet
  facet normal 0 0 1
    outer loop
      vertex -35.7496 7.11104 6
      vertex -22.7222 21.8563 6
      vertex -22.8701 21.8034 6
    endloop
  endfacet
  facet normal 0 0 1
    outer loop
      vertex -22.7222 21.8563 6
      vertex -36.45 0 6
      vertex -22.7222 -21.8563 6
    endloop
  endfacet
  facet normal 0 0 1
    outer loop
      vertex -34.8805 10.5809 6
      vertex -22.8701 21.8034 6
      vertex -23.0224 21.7653 6
    endloop
  endfacet
  facet normal -0 -0 1
    outer loop
      vertex -36.2745 -3.57272 6
      vertex -22.7222 -21.8563 6
      vertex -36.45 0 6
    endloop
  endfacet
  facet normal 0 0 1
    outer loop
      vertex -33.6754 13.9488 6
      vertex -23.0224 21.7653 6
      vertex -23.1777 21.7422 6
    endloop
  endfacet
  facet normal -0 -0 1
    outer loop
      vertex -35.7496 -7.11104 6
      vertex -22.7222 -21.8563 6
      vertex -36.2745 -3.57272 6
    endloop
  endfacet
  facet normal 0 0 1
    outer loop
      vertex -33.6754 13.9488 6
      vertex -23.1777 21.7422 6
      vertex -23.3345 21.7345 6
    endloop
  endfacet
  facet normal 0 0 1
    outer loop
      vertex -22.7222 -21.8563 6
      vertex -35.7496 -7.11104 6
      vertex -22.8701 -21.8034 6
    endloop
  endfacet
  facet normal 0 0 1
    outer loop
      vertex -32.146 17.1824 6
      vertex -23.3345 21.7345 6
      vertex -23.4914 21.7422 6
    endloop
  endfacet
  facet normal -0 -0 1
    outer loop
      vertex -34.8805 -10.5809 6
      vertex -22.8701 -21.8034 6
      vertex -35.7496 -7.11104 6
    endloop
  endfacet
  facet normal 0 0 1
    outer loop
      vertex -32.146 17.1824 6
      vertex -23.4914 21.7422 6
      vertex -23.6467 21.7653 6
    endloop
  endfacet
  facet normal 0 0 1
    outer loop
      vertex -22.8701 -21.8034 6
      vertex -34.8805 -10.5809 6
      vertex -23.0224 -21.7653 6
    endloop
  endfacet
  facet normal 0 0 1
    outer loop
      vertex -32.146 17.1824 6
      vertex -23.6467 21.7653 6
      vertex -23.799 21.8034 6
    endloop
  endfacet
  facet normal -0 -0 1
    outer loop
      vertex -33.6754 -13.9488 6
      vertex -23.0224 -21.7653 6
      vertex -34.8805 -10.5809 6
    endloop
  endfacet
  facet normal 0 0 1
    outer loop
      vertex -30.3071 20.2505 6
      vertex -23.799 21.8034 6
      vertex -23.9468 21.8563 6
    endloop
  endfacet
  facet normal 0 0 1
    outer loop
      vertex -23.0224 -21.7653 6
      vertex -33.6754 -13.9488 6
      vertex -23.1777 -21.7422 6
    endloop
  endfacet
  facet normal 0 0 1
    outer loop
      vertex -30.3071 20.2505 6
      vertex -23.9468 21.8563 6
      vertex -24.0888 21.9235 6
    endloop
  endfacet
  facet normal 0 0 1
    outer loop
      vertex -23.1777 -21.7422 6
      vertex -33.6754 -13.9488 6
      vertex -23.3345 -21.7345 6
    endloop
  endfacet
  facet normal 0 0 1
    outer loop
      vertex -30.3071 20.2505 6
      vertex -24.0888 21.9235 6
      vertex -24.2234 22.0042 6
    endloop
  endfacet
  facet normal -0 -0 1
    outer loop
      vertex -32.146 -17.1824 6
      vertex -23.3345 -21.7345 6
      vertex -33.6754 -13.9488 6
    endloop
  endfacet
  facet normal 0 0 1
    outer loop
      vertex -30.3071 20.2505 6
      vertex -24.2234 22.0042 6
      vertex -24.3496 22.0977 6
    endloop
  endfacet
  facet normal 0 0 1
    outer loop
      vertex -23.3345 -21.7345 6
      vertex -32.146 -17.1824 6
      vertex -23.4914 -21.7422 6
    endloop
  endfacet
  facet normal 0 0 1
    outer loop
      vertex -30.3071 20.2505 6
      vertex -24.3496 22.0977 6
      vertex -24.4659 22.2032 6
    endloop
  endfacet
  facet normal 0 0 1
    outer loop
      vertex -23.4914 -21.7422 6
      vertex -32.146 -17.1824 6
      vertex -23.6467 -21.7653 6
    endloop
  endfacet
  facet normal 0 0 1
    outer loop
      vertex -30.3071 20.2505 6
      vertex -24.4659 22.2032 6
      vertex -24.5713 22.3195 6
    endloop
  endfacet
  facet normal 0 0 1
    outer loop
      vertex -23.6467 -21.7653 6
      vertex -32.146 -17.1824 6
      vertex -23.799 -21.8034 6
    endloop
  endfacet
  facet normal 0 0 1
    outer loop
      vertex -28.1762 23.1236 6
      vertex -24.5713 22.3195 6
      vertex -24.6649 22.4456 6
    endloop
  endfacet
  facet normal -0 -0 1
    outer loop
      vertex -30.3071 -20.2505 6
      vertex -23.799 -21.8034 6
      vertex -32.146 -17.1824 6
    endloop
  endfacet
  facet normal 0 0 1
    outer loop
      vertex -28.1762 23.1236 6
      vertex -24.6649 22.4456 6
      vertex -24.7456 22.5803 6
    endloop
  endfacet
  facet normal 0 0 1
    outer loop
      vertex -23.799 -21.8034 6
      vertex -30.3071 -20.2505 6
      vertex -23.9468 -21.8563 6
    endloop
  endfacet
  facet normal 0 0 1
    outer loop
      vertex -28.1762 23.1236 6
      vertex -24.7456 22.5803 6
      vertex -24.8127 22.7222 6
    endloop
  endfacet
  facet normal 0 0 1
    outer loop
      vertex -23.9468 -21.8563 6
      vertex -30.3071 -20.2505 6
      vertex -24.0888 -21.9235 6
    endloop
  endfacet
  facet normal 0 0 1
    outer loop
      vertex -28.1762 23.1236 6
      vertex -24.8127 22.7222 6
      vertex -24.8656 22.8701 6
    endloop
  endfacet
  facet normal 0 0 1
    outer loop
      vertex -24.0888 -21.9235 6
      vertex -30.3071 -20.2505 6
      vertex -24.2234 -22.0042 6
    endloop
  endfacet
  facet normal 0 0 1
    outer loop
      vertex -28.1762 23.1236 6
      vertex -24.8656 22.8701 6
      vertex -24.9038 23.0224 6
    endloop
  endfacet
  facet normal 0 0 1
    outer loop
      vertex -24.2234 -22.0042 6
      vertex -30.3071 -20.2505 6
      vertex -24.3496 -22.0977 6
    endloop
  endfacet
  facet normal -0 0 1
    outer loop
      vertex -28.1762 23.1236 6
      vertex -24.9038 23.0224 6
      vertex -24.9268 23.1777 6
    endloop
  endfacet
  facet normal 0 0 1
    outer loop
      vertex -24.3496 -22.0977 6
      vertex -30.3071 -20.2505 6
      vertex -24.4659 -22.2032 6
    endloop
  endfacet
  facet normal 0 0 1
    outer loop
      vertex -28.1762 23.1236 6
      vertex -24.9268 23.1777 6
      vertex -24.9345 23.3345 6
    endloop
  endfacet
  facet normal 0 0 1
    outer loop
      vertex -24.4659 -22.2032 6
      vertex -30.3071 -20.2505 6
      vertex -24.5713 -22.3195 6
    endloop
  endfacet
  facet normal 0 0 1
    outer loop
      vertex 7.11104 -35.7496 6
      vertex 6.5 -30.5 6
      vertex 6.5 -35.8403 6
    endloop
  endfacet
  facet normal 0 0 1
    outer loop
      vertex -6.5 -30.5 6
      vertex -21.7422 -23.4914 6
      vertex -17.1824 -32.146 6
    endloop
  endfacet
  facet normal -0 0 1
    outer loop
      vertex -21.7653 -23.6467 6
      vertex -17.1824 -32.146 6
      vertex -21.7422 -23.4914 6
    endloop
  endfacet
  facet normal -0 0 1
    outer loop
      vertex -21.8034 -23.799 6
      vertex -17.1824 -32.146 6
      vertex -21.7653 -23.6467 6
    endloop
  endfacet
  facet normal 0 0 1
    outer loop
      vertex -17.1824 -32.146 6
      vertex -21.8034 -23.799 6
      vertex -20.2505 -30.3071 6
    endloop
  endfacet
  facet normal -0 0 1
    outer loop
      vertex -21.8563 -23.9468 6
      vertex -20.2505 -30.3071 6
      vertex -21.8034 -23.799 6
    endloop
  endfacet
  facet normal -0 0 1
    outer loop
      vertex -21.9235 -24.0888 6
      vertex -20.2505 -30.3071 6
      vertex -21.8563 -23.9468 6
    endloop
  endfacet
  facet normal -0 0 1
    outer loop
      vertex -22.0042 -24.2234 6
      vertex -20.2505 -30.3071 6
      vertex -21.9235 -24.0888 6
    endloop
  endfacet
  facet normal -0 0 1
    outer loop
      vertex -22.0977 -24.3496 6
      vertex -20.2505 -30.3071 6
      vertex -22.0042 -24.2234 6
    endloop
  endfacet
  facet normal -0 0 1
    outer loop
      vertex -22.2032 -24.4659 6
      vertex -20.2505 -30.3071 6
      vertex -22.0977 -24.3496 6
    endloop
  endfacet
  facet normal -0 0 1
    outer loop
      vertex -22.3195 -24.5713 6
      vertex -20.2505 -30.3071 6
      vertex -22.2032 -24.4659 6
    endloop
  endfacet
  facet normal 0 0 1
    outer loop
      vertex -23.1236 -28.1762 6
      vertex -22.3195 -24.5713 6
      vertex -22.4456 -24.6649 6
    endloop
  endfacet
  facet normal 0 0 1
    outer loop
      vertex -23.1236 -28.1762 6
      vertex -22.4456 -24.6649 6
      vertex -22.5803 -24.7456 6
    endloop
  endfacet
  facet normal 0 0 1
    outer loop
      vertex -23.1236 -28.1762 6
      vertex -22.5803 -24.7456 6
      vertex -22.7222 -24.8127 6
    endloop
  endfacet
  facet normal 0 0 1
    outer loop
      vertex -23.1236 -28.1762 6
      vertex -22.7222 -24.8127 6
      vertex -22.8701 -24.8656 6
    endloop
  endfacet
  facet normal 0 0 1
    outer loop
      vertex -23.1236 -28.1762 6
      vertex -22.8701 -24.8656 6
      vertex -23.0224 -24.9038 6
    endloop
  endfacet
  facet normal 0 0 1
    outer loop
      vertex -22.3195 -24.5713 6
      vertex -23.1236 -28.1762 6
      vertex -20.2505 -30.3071 6
    endloop
  endfacet
  facet normal -0 0 1
    outer loop
      vertex -23.1777 -24.9268 6
      vertex -23.1236 -28.1762 6
      vertex -23.0224 -24.9038 6
    endloop
  endfacet
  facet normal -0 0 1
    outer loop
      vertex -23.3345 -24.9345 6
      vertex -23.1236 -28.1762 6
      vertex -23.1777 -24.9268 6
    endloop
  endfacet
  facet normal 0 0 1
    outer loop
      vertex -23.4914 -24.9268 6
      vertex -23.1236 -28.1762 6
      vertex -23.3345 -24.9345 6
    endloop
  endfacet
  facet normal 0 0 1
    outer loop
      vertex -23.6467 -24.9038 6
      vertex -23.1236 -28.1762 6
      vertex -23.4914 -24.9268 6
    endloop
  endfacet
  facet normal 0 0 1
    outer loop
      vertex -23.799 -24.8656 6
      vertex -23.1236 -28.1762 6
      vertex -23.6467 -24.9038 6
    endloop
  endfacet
  facet normal 0 0 1
    outer loop
      vertex -25.774 -25.774 6
      vertex -23.799 -24.8656 6
      vertex -23.9468 -24.8127 6
    endloop
  endfacet
  facet normal 0 0 1
    outer loop
      vertex -25.774 -25.774 6
      vertex -23.9468 -24.8127 6
      vertex -24.0888 -24.7456 6
    endloop
  endfacet
  facet normal 0 0 1
    outer loop
      vertex -25.774 -25.774 6
      vertex -24.0888 -24.7456 6
      vertex -24.2234 -24.6649 6
    endloop
  endfacet
  facet normal 0 0 1
    outer loop
      vertex -25.774 -25.774 6
      vertex -24.2234 -24.6649 6
      vertex -24.3496 -24.5713 6
    endloop
  endfacet
  facet normal 0 0 1
    outer loop
      vertex -25.774 -25.774 6
      vertex -24.3496 -24.5713 6
      vertex -24.4659 -24.4659 6
    endloop
  endfacet
  facet normal 0 0 1
    outer loop
      vertex -25.774 -25.774 6
      vertex -24.4659 -24.4659 6
      vertex -24.5713 -24.3496 6
    endloop
  endfacet
  facet normal 0 0 1
    outer loop
      vertex -25.774 -25.774 6
      vertex -24.5713 -24.3496 6
      vertex -24.6649 -24.2234 6
    endloop
  endfacet
  facet normal 0 0 1
    outer loop
      vertex -25.774 -25.774 6
      vertex -24.6649 -24.2234 6
      vertex -24.7456 -24.0888 6
    endloop
  endfacet
  facet normal 0 0 1
    outer loop
      vertex -25.774 -25.774 6
      vertex -24.7456 -24.0888 6
      vertex -24.8127 -23.9468 6
    endloop
  endfacet
  facet normal 0 0 1
    outer loop
      vertex -23.799 -24.8656 6
      vertex -25.774 -25.774 6
      vertex -23.1236 -28.1762 6
    endloop
  endfacet
  facet normal 0 0 1
    outer loop
      vertex -24.8656 -23.799 6
      vertex -25.774 -25.774 6
      vertex -24.8127 -23.9468 6
    endloop
  endfacet
  facet normal 0 0 1
    outer loop
      vertex -24.9038 -23.6467 6
      vertex -25.774 -25.774 6
      vertex -24.8656 -23.799 6
    endloop
  endfacet
  facet normal 0 0 1
    outer loop
      vertex -28.1762 -23.1236 6
      vertex -24.9038 -23.6467 6
      vertex -24.9268 -23.4914 6
    endloop
  endfacet
  facet normal 0 0 1
    outer loop
      vertex -28.1762 -23.1236 6
      vertex -24.9268 -23.4914 6
      vertex -24.9345 -23.3345 6
    endloop
  endfacet
  facet normal 0 0 1
    outer loop
      vertex -24.5713 22.3195 6
      vertex -28.1762 23.1236 6
      vertex -30.3071 20.2505 6
    endloop
  endfacet
  facet normal 0 0 1
    outer loop
      vertex -23.799 21.8034 6
      vertex -30.3071 20.2505 6
      vertex -32.146 17.1824 6
    endloop
  endfacet
  facet normal 0 0 1
    outer loop
      vertex -24.9038 -23.6467 6
      vertex -28.1762 -23.1236 6
      vertex -25.774 -25.774 6
    endloop
  endfacet
  facet normal 0 0 1
    outer loop
      vertex -23.3345 21.7345 6
      vertex -32.146 17.1824 6
      vertex -33.6754 13.9488 6
    endloop
  endfacet
  facet normal 0 0 1
    outer loop
      vertex -24.9268 -23.1777 6
      vertex -28.1762 -23.1236 6
      vertex -24.9345 -23.3345 6
    endloop
  endfacet
  facet normal 0 0 1
    outer loop
      vertex -23.0224 21.7653 6
      vertex -33.6754 13.9488 6
      vertex -34.8805 10.5809 6
    endloop
  endfacet
  facet normal 0 0 1
    outer loop
      vertex -24.9038 -23.0224 6
      vertex -28.1762 -23.1236 6
      vertex -24.9268 -23.1777 6
    endloop
  endfacet
  facet normal 0 0 1
    outer loop
      vertex -22.8701 21.8034 6
      vertex -34.8805 10.5809 6
      vertex -35.7496 7.11104 6
    endloop
  endfacet
  facet normal 0 0 1
    outer loop
      vertex -24.8656 -22.8701 6
      vertex -28.1762 -23.1236 6
      vertex -24.9038 -23.0224 6
    endloop
  endfacet
  facet normal 0 0 1
    outer loop
      vertex -22.7222 21.8563 6
      vertex -35.7496 7.11104 6
      vertex -36.2745 3.57272 6
    endloop
  endfacet
  facet normal 0 0 1
    outer loop
      vertex -24.8127 -22.7222 6
      vertex -28.1762 -23.1236 6
      vertex -24.8656 -22.8701 6
    endloop
  endfacet
  facet normal 0 0 1
    outer loop
      vertex -22.7222 21.8563 6
      vertex -36.2745 3.57272 6
      vertex -36.45 0 6
    endloop
  endfacet
  facet normal 0 0 1
    outer loop
      vertex -24.7456 -22.5803 6
      vertex -28.1762 -23.1236 6
      vertex -24.8127 -22.7222 6
    endloop
  endfacet
  facet normal 0 -0 1
    outer loop
      vertex -28.1762 -23.1236 6
      vertex -24.5713 -22.3195 6
      vertex -30.3071 -20.2505 6
    endloop
  endfacet
  facet normal 0 0 1
    outer loop
      vertex -24.6649 -22.4456 6
      vertex -28.1762 -23.1236 6
      vertex -24.7456 -22.5803 6
    endloop
  endfacet
  facet normal 0 0 1
    outer loop
      vertex -24.5713 -22.3195 6
      vertex -28.1762 -23.1236 6
      vertex -24.6649 -22.4456 6
    endloop
  endfacet
  facet normal -0 0 1
    outer loop
      vertex 24.4659 22.2032 6
      vertex 30.3071 20.2505 6
      vertex 24.5713 22.3195 6
    endloop
  endfacet
  facet normal 0 0 1
    outer loop
      vertex 36.45 0 6
      vertex 24.9268 -23.1777 6
      vertex 24.9345 -23.3345 6
    endloop
  endfacet
  facet normal -0 0 1
    outer loop
      vertex 24.3496 22.0977 6
      vertex 30.3071 20.2505 6
      vertex 24.4659 22.2032 6
    endloop
  endfacet
  facet normal 0 0 1
    outer loop
      vertex 36.45 0 6
      vertex 24.9038 -23.0224 6
      vertex 24.9268 -23.1777 6
    endloop
  endfacet
  facet normal -0 0 1
    outer loop
      vertex 24.2234 22.0042 6
      vertex 30.3071 20.2505 6
      vertex 24.3496 22.0977 6
    endloop
  endfacet
  facet normal 0 0 1
    outer loop
      vertex 36.45 0 6
      vertex 24.8656 -22.8701 6
      vertex 24.9038 -23.0224 6
    endloop
  endfacet
  facet normal -0 0 1
    outer loop
      vertex 24.0888 21.9235 6
      vertex 30.3071 20.2505 6
      vertex 24.2234 22.0042 6
    endloop
  endfacet
  facet normal 0 0 1
    outer loop
      vertex 36.45 0 6
      vertex 24.8127 -22.7222 6
      vertex 24.8656 -22.8701 6
    endloop
  endfacet
  facet normal -0 0 1
    outer loop
      vertex 23.9468 21.8563 6
      vertex 30.3071 20.2505 6
      vertex 24.0888 21.9235 6
    endloop
  endfacet
  facet normal 0 0 1
    outer loop
      vertex 36.45 0 6
      vertex 24.7456 -22.5803 6
      vertex 24.8127 -22.7222 6
    endloop
  endfacet
  facet normal -0 0 1
    outer loop
      vertex 23.799 21.8034 6
      vertex 30.3071 20.2505 6
      vertex 23.9468 21.8563 6
    endloop
  endfacet
  facet normal 0 0 1
    outer loop
      vertex 36.45 0 6
      vertex 24.6649 -22.4456 6
      vertex 24.7456 -22.5803 6
    endloop
  endfacet
  facet normal 0 0 1
    outer loop
      vertex 30.3071 20.2505 6
      vertex 23.799 21.8034 6
      vertex 32.146 17.1824 6
    endloop
  endfacet
  facet normal 0 0 1
    outer loop
      vertex 36.45 0 6
      vertex 24.5713 -22.3195 6
      vertex 24.6649 -22.4456 6
    endloop
  endfacet
  facet normal -0 0 1
    outer loop
      vertex 23.6467 21.7653 6
      vertex 32.146 17.1824 6
      vertex 23.799 21.8034 6
    endloop
  endfacet
  facet normal 0 0 1
    outer loop
      vertex 36.45 0 6
      vertex 24.4659 -22.2032 6
      vertex 24.5713 -22.3195 6
    endloop
  endfacet
  facet normal -0 0 1
    outer loop
      vertex 23.4914 21.7422 6
      vertex 32.146 17.1824 6
      vertex 23.6467 21.7653 6
    endloop
  endfacet
  facet normal 0 0 1
    outer loop
      vertex 36.45 0 6
      vertex 24.3496 -22.0977 6
      vertex 24.4659 -22.2032 6
    endloop
  endfacet
  facet normal -0 0 1
    outer loop
      vertex 23.3345 21.7345 6
      vertex 32.146 17.1824 6
      vertex 23.4914 21.7422 6
    endloop
  endfacet
  facet normal 0 0 1
    outer loop
      vertex 36.45 0 6
      vertex 24.2234 -22.0042 6
      vertex 24.3496 -22.0977 6
    endloop
  endfacet
  facet normal 0 0 1
    outer loop
      vertex 32.146 17.1824 6
      vertex 23.3345 21.7345 6
      vertex 33.6754 13.9488 6
    endloop
  endfacet
  facet normal 0 0 1
    outer loop
      vertex 36.45 0 6
      vertex 24.0888 -21.9235 6
      vertex 24.2234 -22.0042 6
    endloop
  endfacet
  facet normal 0 0 1
    outer loop
      vertex 23.1777 21.7422 6
      vertex 33.6754 13.9488 6
      vertex 23.3345 21.7345 6
    endloop
  endfacet
  facet normal 0 0 1
    outer loop
      vertex 36.45 0 6
      vertex 23.9468 -21.8563 6
      vertex 24.0888 -21.9235 6
    endloop
  endfacet
  facet normal 0 0 1
    outer loop
      vertex 23.0224 21.7653 6
      vertex 33.6754 13.9488 6
      vertex 23.1777 21.7422 6
    endloop
  endfacet
  facet normal 0 0 1
    outer loop
      vertex 36.45 0 6
      vertex 23.799 -21.8034 6
      vertex 23.9468 -21.8563 6
    endloop
  endfacet
  facet normal 0 0 1
    outer loop
      vertex 33.6754 13.9488 6
      vertex 23.0224 21.7653 6
      vertex 34.8805 10.5809 6
    endloop
  endfacet
  facet normal 0 0 1
    outer loop
      vertex 36.45 0 6
      vertex 23.6467 -21.7653 6
      vertex 23.799 -21.8034 6
    endloop
  endfacet
  facet normal 0 0 1
    outer loop
      vertex 22.8701 21.8034 6
      vertex 34.8805 10.5809 6
      vertex 23.0224 21.7653 6
    endloop
  endfacet
  facet normal 0 0 1
    outer loop
      vertex 36.45 0 6
      vertex 23.4914 -21.7422 6
      vertex 23.6467 -21.7653 6
    endloop
  endfacet
  facet normal 0 0 1
    outer loop
      vertex 34.8805 10.5809 6
      vertex 22.8701 21.8034 6
      vertex 35.7496 7.11104 6
    endloop
  endfacet
  facet normal 0 0 1
    outer loop
      vertex 36.45 0 6
      vertex 23.3345 -21.7345 6
      vertex 23.4914 -21.7422 6
    endloop
  endfacet
  facet normal 0 0 1
    outer loop
      vertex 22.7222 21.8563 6
      vertex 35.7496 7.11104 6
      vertex 22.8701 21.8034 6
    endloop
  endfacet
  facet normal 0 0 1
    outer loop
      vertex 36.45 0 6
      vertex 23.1777 -21.7422 6
      vertex 23.3345 -21.7345 6
    endloop
  endfacet
  facet normal 0 0 1
    outer loop
      vertex 35.7496 7.11104 6
      vertex 22.7222 21.8563 6
      vertex 36.2745 3.57272 6
    endloop
  endfacet
  facet normal 0 0 1
    outer loop
      vertex 36.45 0 6
      vertex 23.0224 -21.7653 6
      vertex 23.1777 -21.7422 6
    endloop
  endfacet
  facet normal 0 0 1
    outer loop
      vertex 36.2745 3.57272 6
      vertex 22.7222 21.8563 6
      vertex 36.45 0 6
    endloop
  endfacet
  facet normal 0 0 1
    outer loop
      vertex 36.45 0 6
      vertex 22.8701 -21.8034 6
      vertex 23.0224 -21.7653 6
    endloop
  endfacet
  facet normal 0 0 1
    outer loop
      vertex 22.7222 -21.8563 6
      vertex 36.45 0 6
      vertex 22.7222 21.8563 6
    endloop
  endfacet
  facet normal 0 0 1
    outer loop
      vertex 36.45 0 6
      vertex 22.7222 -21.8563 6
      vertex 22.8701 -21.8034 6
    endloop
  endfacet
  facet normal 0 0 1
    outer loop
      vertex 22.5803 21.9235 6
      vertex 22.7222 -21.8563 6
      vertex 22.7222 21.8563 6
    endloop
  endfacet
  facet normal 0 0 1
    outer loop
      vertex 22.5803 21.9235 6
      vertex 22.5803 -21.9235 6
      vertex 22.7222 -21.8563 6
    endloop
  endfacet
  facet normal 0 0 1
    outer loop
      vertex 22.4456 22.0042 6
      vertex 22.5803 -21.9235 6
      vertex 22.5803 21.9235 6
    endloop
  endfacet
  facet normal 0 0 1
    outer loop
      vertex 22.4456 22.0042 6
      vertex 22.4456 -22.0042 6
      vertex 22.5803 -21.9235 6
    endloop
  endfacet
  facet normal 0 0 1
    outer loop
      vertex 22.3195 22.0977 6
      vertex 22.4456 -22.0042 6
      vertex 22.4456 22.0042 6
    endloop
  endfacet
  facet normal 0 0 1
    outer loop
      vertex 22.3195 22.0977 6
      vertex 22.3195 -22.0977 6
      vertex 22.4456 -22.0042 6
    endloop
  endfacet
  facet normal 0 0 1
    outer loop
      vertex 22.2032 22.2032 6
      vertex 22.3195 -22.0977 6
      vertex 22.3195 22.0977 6
    endloop
  endfacet
  facet normal 0 0 1
    outer loop
      vertex 22.2032 22.2032 6
      vertex 22.2032 -22.2032 6
      vertex 22.3195 -22.0977 6
    endloop
  endfacet
  facet normal 0 0 1
    outer loop
      vertex 0 36.45 6
      vertex -21.8563 22.7222 6
      vertex 21.8563 22.7222 6
    endloop
  endfacet
  facet normal 0 0 1
    outer loop
      vertex 22.2032 22.2032 6
      vertex 6.5 -30.5 6
      vertex 22.2032 -22.2032 6
    endloop
  endfacet
  facet normal -0 0 1
    outer loop
      vertex -3.57272 36.2745 6
      vertex -21.8563 22.7222 6
      vertex 0 36.45 6
    endloop
  endfacet
  facet normal 0 0 1
    outer loop
      vertex 22.2032 -22.2032 6
      vertex 6.5 -30.5 6
      vertex 22.0977 -22.3195 6
    endloop
  endfacet
  facet normal -0 0 1
    outer loop
      vertex -7.11104 35.7496 6
      vertex -21.8563 22.7222 6
      vertex -3.57272 36.2745 6
    endloop
  endfacet
  facet normal 0 0 1
    outer loop
      vertex 22.0977 -22.3195 6
      vertex 6.5 -30.5 6
      vertex 22.0042 -22.4456 6
    endloop
  endfacet
  facet normal 0 0 1
    outer loop
      vertex -21.8563 22.7222 6
      vertex -7.11104 35.7496 6
      vertex -21.8034 22.8701 6
    endloop
  endfacet
  facet normal 0 0 1
    outer loop
      vertex 22.0042 -22.4456 6
      vertex 6.5 -30.5 6
      vertex 21.9235 -22.5803 6
    endloop
  endfacet
  facet normal 0 0 1
    outer loop
      vertex 7.11104 35.7496 6
      vertex 21.8563 22.7222 6
      vertex 21.8034 22.8701 6
    endloop
  endfacet
  facet normal 0 0 1
    outer loop
      vertex 21.9235 -22.5803 6
      vertex 6.5 -30.5 6
      vertex 21.8563 -22.7222 6
    endloop
  endfacet
  facet normal 0 0 1
    outer loop
      vertex 10.5809 34.8805 6
      vertex 21.8034 22.8701 6
      vertex 21.7653 23.0224 6
    endloop
  endfacet
  facet normal 0 0 1
    outer loop
      vertex 21.8563 -22.7222 6
      vertex 6.5 -30.5 6
      vertex 21.8034 -22.8701 6
    endloop
  endfacet
  facet normal 0 0 1
    outer loop
      vertex 13.9488 33.6754 6
      vertex 21.7653 23.0224 6
      vertex 21.7422 23.1777 6
    endloop
  endfacet
  facet normal 0 0 1
    outer loop
      vertex 21.8034 -22.8701 6
      vertex 6.5 -30.5 6
      vertex 21.7653 -23.0224 6
    endloop
  endfacet
  facet normal 0 0 1
    outer loop
      vertex 13.9488 33.6754 6
      vertex 21.7422 23.1777 6
      vertex 21.7345 23.3345 6
    endloop
  endfacet
  facet normal 0 0 1
    outer loop
      vertex 21.7653 -23.0224 6
      vertex 6.5 -30.5 6
      vertex 21.7422 -23.1777 6
    endloop
  endfacet
  facet normal 0 0 1
    outer loop
      vertex 24.5713 22.3195 6
      vertex 28.1762 23.1236 6
      vertex 24.6649 22.4456 6
    endloop
  endfacet
  facet normal 0 0 1
    outer loop
      vertex 24.6649 22.4456 6
      vertex 28.1762 23.1236 6
      vertex 24.7456 22.5803 6
    endloop
  endfacet
  facet normal 0 0 1
    outer loop
      vertex 28.1762 23.1236 6
      vertex 24.5713 22.3195 6
      vertex 30.3071 20.2505 6
    endloop
  endfacet
  facet normal 0 0 1
    outer loop
      vertex 24.7456 22.5803 6
      vertex 28.1762 23.1236 6
      vertex 24.8127 22.7222 6
    endloop
  endfacet
  facet normal 0 0 1
    outer loop
      vertex 36.45 0 6
      vertex 24.9345 -23.3345 6
      vertex 36.2745 -3.57272 6
    endloop
  endfacet
  facet normal 0 0 1
    outer loop
      vertex 24.8127 22.7222 6
      vertex 28.1762 23.1236 6
      vertex 24.8656 22.8701 6
    endloop
  endfacet
  facet normal 0 0 1
    outer loop
      vertex 36.2745 -3.57272 6
      vertex 24.9345 -23.3345 6
      vertex 35.7496 -7.11104 6
    endloop
  endfacet
  facet normal 0 0 1
    outer loop
      vertex 24.8656 22.8701 6
      vertex 28.1762 23.1236 6
      vertex 24.9038 23.0224 6
    endloop
  endfacet
  facet normal 0 0 1
    outer loop
      vertex 35.7496 -7.11104 6
      vertex 24.9345 -23.3345 6
      vertex 34.8805 -10.5809 6
    endloop
  endfacet
  facet normal 0 0 1
    outer loop
      vertex 24.9038 23.0224 6
      vertex 28.1762 23.1236 6
      vertex 24.9268 23.1777 6
    endloop
  endfacet
  facet normal 0 0 1
    outer loop
      vertex 34.8805 -10.5809 6
      vertex 24.9345 -23.3345 6
      vertex 33.6754 -13.9488 6
    endloop
  endfacet
  facet normal -0 0 1
    outer loop
      vertex 24.9268 23.1777 6
      vertex 28.1762 23.1236 6
      vertex 24.9345 23.3345 6
    endloop
  endfacet
  facet normal 0 0 1
    outer loop
      vertex 33.6754 -13.9488 6
      vertex 24.9345 -23.3345 6
      vertex 32.146 -17.1824 6
    endloop
  endfacet
  facet normal -0 0 1
    outer loop
      vertex 24.9038 23.6467 6
      vertex 28.1762 23.1236 6
      vertex 25.774 25.774 6
    endloop
  endfacet
  facet normal 0 0 1
    outer loop
      vertex 32.146 -17.1824 6
      vertex 24.9345 -23.3345 6
      vertex 30.3071 -20.2505 6
    endloop
  endfacet
  facet normal 0 0 1
    outer loop
      vertex 30.3071 -20.2505 6
      vertex 24.9345 -23.3345 6
      vertex 28.1762 -23.1236 6
    endloop
  endfacet
  facet normal 0 0 1
    outer loop
      vertex 28.1762 23.1236 6
      vertex 24.9268 23.4914 6
      vertex 24.9345 23.3345 6
    endloop
  endfacet
  facet normal 0 0 1
    outer loop
      vertex 28.1762 23.1236 6
      vertex 24.9038 23.6467 6
      vertex 24.9268 23.4914 6
    endloop
  endfacet
  facet normal 0 0 1
    outer loop
      vertex 25.774 25.774 6
      vertex 24.8656 23.799 6
      vertex 24.9038 23.6467 6
    endloop
  endfacet
  facet normal 0 0 1
    outer loop
      vertex 25.774 25.774 6
      vertex 24.8127 23.9468 6
      vertex 24.8656 23.799 6
    endloop
  endfacet
  facet normal 0 0 1
    outer loop
      vertex 25.774 25.774 6
      vertex 24.7456 24.0888 6
      vertex 24.8127 23.9468 6
    endloop
  endfacet
  facet normal 0 0 1
    outer loop
      vertex 25.774 25.774 6
      vertex 24.6649 24.2234 6
      vertex 24.7456 24.0888 6
    endloop
  endfacet
  facet normal 0 0 1
    outer loop
      vertex 25.774 25.774 6
      vertex 24.5713 24.3496 6
      vertex 24.6649 24.2234 6
    endloop
  endfacet
  facet normal 0 0 1
    outer loop
      vertex 25.774 25.774 6
      vertex 24.4659 24.4659 6
      vertex 24.5713 24.3496 6
    endloop
  endfacet
  facet normal 0 0 1
    outer loop
      vertex 25.774 25.774 6
      vertex 24.3496 24.5713 6
      vertex 24.4659 24.4659 6
    endloop
  endfacet
  facet normal 0 0 1
    outer loop
      vertex 25.774 25.774 6
      vertex 24.2234 24.6649 6
      vertex 24.3496 24.5713 6
    endloop
  endfacet
  facet normal 0 0 1
    outer loop
      vertex 25.774 25.774 6
      vertex 24.0888 24.7456 6
      vertex 24.2234 24.6649 6
    endloop
  endfacet
  facet normal 0 0 1
    outer loop
      vertex 25.774 25.774 6
      vertex 23.9468 24.8127 6
      vertex 24.0888 24.7456 6
    endloop
  endfacet
  facet normal 0 0 1
    outer loop
      vertex 25.774 25.774 6
      vertex 23.799 24.8656 6
      vertex 23.9468 24.8127 6
    endloop
  endfacet
  facet normal 0 0 1
    outer loop
      vertex 25.774 25.774 6
      vertex 23.6467 24.9038 6
      vertex 23.799 24.8656 6
    endloop
  endfacet
  facet normal 0 0 1
    outer loop
      vertex 23.1236 28.1762 6
      vertex 23.6467 24.9038 6
      vertex 25.774 25.774 6
    endloop
  endfacet
  facet normal 0 0 1
    outer loop
      vertex 23.6467 24.9038 6
      vertex 23.1236 28.1762 6
      vertex 23.4914 24.9268 6
    endloop
  endfacet
  facet normal 0 0 1
    outer loop
      vertex 23.4914 24.9268 6
      vertex 23.1236 28.1762 6
      vertex 23.3345 24.9345 6
    endloop
  endfacet
  facet normal 0 0 1
    outer loop
      vertex 23.3345 24.9345 6
      vertex 23.1236 28.1762 6
      vertex 23.1777 24.9268 6
    endloop
  endfacet
  facet normal 0 0 1
    outer loop
      vertex 23.1236 28.1762 6
      vertex 23.0224 24.9038 6
      vertex 23.1777 24.9268 6
    endloop
  endfacet
  facet normal 0 0 1
    outer loop
      vertex 23.1236 28.1762 6
      vertex 22.8701 24.8656 6
      vertex 23.0224 24.9038 6
    endloop
  endfacet
  facet normal 0 0 1
    outer loop
      vertex 23.1236 28.1762 6
      vertex 22.7222 24.8127 6
      vertex 22.8701 24.8656 6
    endloop
  endfacet
  facet normal 0 0 1
    outer loop
      vertex 23.1236 28.1762 6
      vertex 22.5803 24.7456 6
      vertex 22.7222 24.8127 6
    endloop
  endfacet
  facet normal 0 0 1
    outer loop
      vertex 23.1236 28.1762 6
      vertex 22.4456 24.6649 6
      vertex 22.5803 24.7456 6
    endloop
  endfacet
  facet normal 0 0 1
    outer loop
      vertex 23.1236 28.1762 6
      vertex 22.3195 24.5713 6
      vertex 22.4456 24.6649 6
    endloop
  endfacet
  facet normal 0 0 1
    outer loop
      vertex 23.1236 28.1762 6
      vertex 22.2032 24.4659 6
      vertex 22.3195 24.5713 6
    endloop
  endfacet
  facet normal 0 0 1
    outer loop
      vertex 20.2505 30.3071 6
      vertex 22.2032 24.4659 6
      vertex 23.1236 28.1762 6
    endloop
  endfacet
  facet normal 0 0 1
    outer loop
      vertex 22.2032 24.4659 6
      vertex 20.2505 30.3071 6
      vertex 22.0977 24.3496 6
    endloop
  endfacet
  facet normal 0 0 1
    outer loop
      vertex 22.0977 24.3496 6
      vertex 20.2505 30.3071 6
      vertex 22.0042 24.2234 6
    endloop
  endfacet
  facet normal 0 0 1
    outer loop
      vertex 22.0042 24.2234 6
      vertex 20.2505 30.3071 6
      vertex 21.9235 24.0888 6
    endloop
  endfacet
  facet normal 0 0 1
    outer loop
      vertex 21.9235 24.0888 6
      vertex 20.2505 30.3071 6
      vertex 21.8563 23.9468 6
    endloop
  endfacet
  facet normal 0 0 1
    outer loop
      vertex 21.7422 23.4914 6
      vertex 17.1824 32.146 6
      vertex 21.7345 23.3345 6
    endloop
  endfacet
  facet normal 0 0 1
    outer loop
      vertex 21.7653 23.6467 6
      vertex 17.1824 32.146 6
      vertex 21.7422 23.4914 6
    endloop
  endfacet
  facet normal 0 0 1
    outer loop
      vertex 21.8034 23.799 6
      vertex 17.1824 32.146 6
      vertex 21.7653 23.6467 6
    endloop
  endfacet
  facet normal 0 0 1
    outer loop
      vertex 17.1824 32.146 6
      vertex 21.8034 23.799 6
      vertex 20.2505 30.3071 6
    endloop
  endfacet
  facet normal 0 0 1
    outer loop
      vertex 21.8563 23.9468 6
      vertex 20.2505 30.3071 6
      vertex 21.8034 23.799 6
    endloop
  endfacet
  facet normal 0 0 1
    outer loop
      vertex 24.9268 -23.4914 6
      vertex 28.1762 -23.1236 6
      vertex 24.9345 -23.3345 6
    endloop
  endfacet
  facet normal 0 0 1
    outer loop
      vertex 24.9038 -23.6467 6
      vertex 28.1762 -23.1236 6
      vertex 24.9268 -23.4914 6
    endloop
  endfacet
  facet normal 0 0 1
    outer loop
      vertex 28.1762 -23.1236 6
      vertex 24.9038 -23.6467 6
      vertex 25.774 -25.774 6
    endloop
  endfacet
  facet normal -0 0 1
    outer loop
      vertex 24.8656 -23.799 6
      vertex 25.774 -25.774 6
      vertex 24.9038 -23.6467 6
    endloop
  endfacet
  facet normal -0 0 1
    outer loop
      vertex 24.8127 -23.9468 6
      vertex 25.774 -25.774 6
      vertex 24.8656 -23.799 6
    endloop
  endfacet
  facet normal -0 0 1
    outer loop
      vertex 24.7456 -24.0888 6
      vertex 25.774 -25.774 6
      vertex 24.8127 -23.9468 6
    endloop
  endfacet
  facet normal -0 0 1
    outer loop
      vertex 24.6649 -24.2234 6
      vertex 25.774 -25.774 6
      vertex 24.7456 -24.0888 6
    endloop
  endfacet
  facet normal -0 0 1
    outer loop
      vertex 24.5713 -24.3496 6
      vertex 25.774 -25.774 6
      vertex 24.6649 -24.2234 6
    endloop
  endfacet
  facet normal -0 0 1
    outer loop
      vertex 24.4659 -24.4659 6
      vertex 25.774 -25.774 6
      vertex 24.5713 -24.3496 6
    endloop
  endfacet
  facet normal -0 0 1
    outer loop
      vertex 24.3496 -24.5713 6
      vertex 25.774 -25.774 6
      vertex 24.4659 -24.4659 6
    endloop
  endfacet
  facet normal -0 0 1
    outer loop
      vertex 24.2234 -24.6649 6
      vertex 25.774 -25.774 6
      vertex 24.3496 -24.5713 6
    endloop
  endfacet
  facet normal -0 0 1
    outer loop
      vertex 24.0888 -24.7456 6
      vertex 25.774 -25.774 6
      vertex 24.2234 -24.6649 6
    endloop
  endfacet
  facet normal -0 0 1
    outer loop
      vertex 23.9468 -24.8127 6
      vertex 25.774 -25.774 6
      vertex 24.0888 -24.7456 6
    endloop
  endfacet
  facet normal -0 0 1
    outer loop
      vertex 23.799 -24.8656 6
      vertex 25.774 -25.774 6
      vertex 23.9468 -24.8127 6
    endloop
  endfacet
  facet normal -0 0 1
    outer loop
      vertex 23.6467 -24.9038 6
      vertex 25.774 -25.774 6
      vertex 23.799 -24.8656 6
    endloop
  endfacet
  facet normal 0 0 1
    outer loop
      vertex 23.1236 -28.1762 6
      vertex 23.6467 -24.9038 6
      vertex 23.4914 -24.9268 6
    endloop
  endfacet
  facet normal 0 0 1
    outer loop
      vertex 23.1236 -28.1762 6
      vertex 23.4914 -24.9268 6
      vertex 23.3345 -24.9345 6
    endloop
  endfacet
  facet normal 0 0 1
    outer loop
      vertex 23.1236 -28.1762 6
      vertex 23.3345 -24.9345 6
      vertex 23.1777 -24.9268 6
    endloop
  endfacet
  facet normal 0 0 1
    outer loop
      vertex 23.6467 -24.9038 6
      vertex 23.1236 -28.1762 6
      vertex 25.774 -25.774 6
    endloop
  endfacet
  facet normal 0 0 1
    outer loop
      vertex 23.0224 -24.9038 6
      vertex 23.1236 -28.1762 6
      vertex 23.1777 -24.9268 6
    endloop
  endfacet
  facet normal 0 0 1
    outer loop
      vertex 22.8701 -24.8656 6
      vertex 23.1236 -28.1762 6
      vertex 23.0224 -24.9038 6
    endloop
  endfacet
  facet normal 0 0 1
    outer loop
      vertex 22.7222 -24.8127 6
      vertex 23.1236 -28.1762 6
      vertex 22.8701 -24.8656 6
    endloop
  endfacet
  facet normal 0 0 1
    outer loop
      vertex 22.5803 -24.7456 6
      vertex 23.1236 -28.1762 6
      vertex 22.7222 -24.8127 6
    endloop
  endfacet
  facet normal 0 0 1
    outer loop
      vertex 22.4456 -24.6649 6
      vertex 23.1236 -28.1762 6
      vertex 22.5803 -24.7456 6
    endloop
  endfacet
  facet normal 0 0 1
    outer loop
      vertex 22.3195 -24.5713 6
      vertex 23.1236 -28.1762 6
      vertex 22.4456 -24.6649 6
    endloop
  endfacet
  facet normal 0 0 1
    outer loop
      vertex 22.2032 -24.4659 6
      vertex 23.1236 -28.1762 6
      vertex 22.3195 -24.5713 6
    endloop
  endfacet
  facet normal 0 0 1
    outer loop
      vertex 20.2505 -30.3071 6
      vertex 22.2032 -24.4659 6
      vertex 22.0977 -24.3496 6
    endloop
  endfacet
  facet normal 0 0 1
    outer loop
      vertex 20.2505 -30.3071 6
      vertex 22.0977 -24.3496 6
      vertex 22.0042 -24.2234 6
    endloop
  endfacet
  facet normal 0 0 1
    outer loop
      vertex 20.2505 -30.3071 6
      vertex 22.0042 -24.2234 6
      vertex 21.9235 -24.0888 6
    endloop
  endfacet
  facet normal 0 0 1
    outer loop
      vertex 20.2505 -30.3071 6
      vertex 21.9235 -24.0888 6
      vertex 21.8563 -23.9468 6
    endloop
  endfacet
  facet normal 0 0 1
    outer loop
      vertex 20.2505 -30.3071 6
      vertex 21.8563 -23.9468 6
      vertex 21.8034 -23.799 6
    endloop
  endfacet
  facet normal 0 0 1
    outer loop
      vertex 22.2032 -24.4659 6
      vertex 20.2505 -30.3071 6
      vertex 23.1236 -28.1762 6
    endloop
  endfacet
  facet normal 0 0 1
    outer loop
      vertex 17.1824 -32.146 6
      vertex 21.8034 -23.799 6
      vertex 21.7653 -23.6467 6
    endloop
  endfacet
  facet normal 0 0 1
    outer loop
      vertex 17.1824 -32.146 6
      vertex 21.7653 -23.6467 6
      vertex 21.7422 -23.4914 6
    endloop
  endfacet
  facet normal 0 0 1
    outer loop
      vertex 6.5 -30.5 6
      vertex 21.7422 -23.4914 6
      vertex 21.7345 -23.3345 6
    endloop
  endfacet
  facet normal 0 0 1
    outer loop
      vertex 21.8563 22.7222 6
      vertex -21.8563 22.7222 6
      vertex 21.9235 22.5803 6
    endloop
  endfacet
  facet normal 0 0 1
    outer loop
      vertex 13.9488 33.6754 6
      vertex 21.7345 23.3345 6
      vertex 17.1824 32.146 6
    endloop
  endfacet
  facet normal 0 0 1
    outer loop
      vertex 21.7422 -23.4914 6
      vertex 6.5 -30.5 6
      vertex 17.1824 -32.146 6
    endloop
  endfacet
  facet normal 0 0 1
    outer loop
      vertex 21.7653 23.0224 6
      vertex 13.9488 33.6754 6
      vertex 10.5809 34.8805 6
    endloop
  endfacet
  facet normal 0 0 1
    outer loop
      vertex 21.8034 -23.799 6
      vertex 17.1824 -32.146 6
      vertex 20.2505 -30.3071 6
    endloop
  endfacet
  facet normal 0 0 1
    outer loop
      vertex 21.8034 22.8701 6
      vertex 10.5809 34.8805 6
      vertex 7.11104 35.7496 6
    endloop
  endfacet
  facet normal 0 0 1
    outer loop
      vertex 17.1824 -32.146 6
      vertex 6.5 -30.5 6
      vertex 13.9488 -33.6754 6
    endloop
  endfacet
  facet normal 0 0 1
    outer loop
      vertex 21.8563 22.7222 6
      vertex 7.11104 35.7496 6
      vertex 3.57272 36.2745 6
    endloop
  endfacet
  facet normal 0 0 1
    outer loop
      vertex 13.9488 -33.6754 6
      vertex 6.5 -30.5 6
      vertex 10.5809 -34.8805 6
    endloop
  endfacet
  facet normal 0 0 1
    outer loop
      vertex 10.5809 -34.8805 6
      vertex 6.5 -30.5 6
      vertex 7.11104 -35.7496 6
    endloop
  endfacet
  facet normal 0 0 1
    outer loop
      vertex 21.8563 22.7222 6
      vertex 3.57272 36.2745 6
      vertex 0 36.45 6
    endloop
  endfacet
  facet normal -0 0 1
    outer loop
      vertex -10.5809 34.8805 6
      vertex -21.8034 22.8701 6
      vertex -7.11104 35.7496 6
    endloop
  endfacet
  facet normal 0 0 1
    outer loop
      vertex -21.8034 22.8701 6
      vertex -10.5809 34.8805 6
      vertex -21.7653 23.0224 6
    endloop
  endfacet
  facet normal 0 0 1
    outer loop
      vertex 21.7422 -23.1777 6
      vertex 6.5 -30.5 6
      vertex 21.7345 -23.3345 6
    endloop
  endfacet
  facet normal -0 0 1
    outer loop
      vertex -13.9488 33.6754 6
      vertex -21.7653 23.0224 6
      vertex -10.5809 34.8805 6
    endloop
  endfacet
  facet normal 0 0 1
    outer loop
      vertex 22.2032 22.2032 6
      vertex -6.5 -30.5 6
      vertex 6.5 -30.5 6
    endloop
  endfacet
  facet normal 0 0 1
    outer loop
      vertex -21.9235 22.5803 6
      vertex 21.9235 22.5803 6
      vertex -21.8563 22.7222 6
    endloop
  endfacet
  facet normal 0 0 1
    outer loop
      vertex -21.7653 23.0224 6
      vertex -13.9488 33.6754 6
      vertex -21.7422 23.1777 6
    endloop
  endfacet
  facet normal 0 -0 1
    outer loop
      vertex -7.11104 -35.7496 6
      vertex -6.5 -30.5 6
      vertex -10.5809 -34.8805 6
    endloop
  endfacet
  facet normal 0 0 1
    outer loop
      vertex -21.7422 23.1777 6
      vertex -13.9488 33.6754 6
      vertex -21.7345 23.3345 6
    endloop
  endfacet
  facet normal 0 0 1
    outer loop
      vertex -6.5 -30.5 6
      vertex -7.11104 -35.7496 6
      vertex -6.5 -35.8403 6
    endloop
  endfacet
  facet normal 0 0 1
    outer loop
      vertex -21.7345 23.3345 6
      vertex -13.9488 33.6754 6
      vertex -17.1824 32.146 6
    endloop
  endfacet
  facet normal 0 0 1
    outer loop
      vertex -6.5 -30.5 6
      vertex -13.9488 -33.6754 6
      vertex -10.5809 -34.8805 6
    endloop
  endfacet
  facet normal 0 0 1
    outer loop
      vertex -21.8034 23.799 6
      vertex -17.1824 32.146 6
      vertex -20.2505 30.3071 6
    endloop
  endfacet
  facet normal 0 0 1
    outer loop
      vertex -6.5 -30.5 6
      vertex -17.1824 -32.146 6
      vertex -13.9488 -33.6754 6
    endloop
  endfacet
  facet normal -0 0 1
    outer loop
      vertex -21.7422 -23.4914 6
      vertex -6.5 -30.5 6
      vertex -21.7345 -23.3345 6
    endloop
  endfacet
  facet normal 0 0 1
    outer loop
      vertex -17.1824 32.146 6
      vertex -21.7422 23.4914 6
      vertex -21.7345 23.3345 6
    endloop
  endfacet
  facet normal 0 0 1
    outer loop
      vertex -17.1824 32.146 6
      vertex -21.7653 23.6467 6
      vertex -21.7422 23.4914 6
    endloop
  endfacet
  facet normal 0 0 1
    outer loop
      vertex -17.1824 32.146 6
      vertex -21.8034 23.799 6
      vertex -21.7653 23.6467 6
    endloop
  endfacet
  facet normal 0 0 1
    outer loop
      vertex -20.2505 30.3071 6
      vertex -21.8563 23.9468 6
      vertex -21.8034 23.799 6
    endloop
  endfacet
  facet normal 0 0 1
    outer loop
      vertex -20.2505 30.3071 6
      vertex -21.9235 24.0888 6
      vertex -21.8563 23.9468 6
    endloop
  endfacet
  facet normal 0 0 1
    outer loop
      vertex -20.2505 30.3071 6
      vertex -22.0042 24.2234 6
      vertex -21.9235 24.0888 6
    endloop
  endfacet
  facet normal 0 0 1
    outer loop
      vertex -20.2505 30.3071 6
      vertex -22.0977 24.3496 6
      vertex -22.0042 24.2234 6
    endloop
  endfacet
  facet normal 0 0 1
    outer loop
      vertex -20.2505 30.3071 6
      vertex -22.2032 24.4659 6
      vertex -22.0977 24.3496 6
    endloop
  endfacet
  facet normal 0 0 1
    outer loop
      vertex -20.2505 30.3071 6
      vertex -22.3195 24.5713 6
      vertex -22.2032 24.4659 6
    endloop
  endfacet
  facet normal -0 0 1
    outer loop
      vertex -23.1236 28.1762 6
      vertex -22.3195 24.5713 6
      vertex -20.2505 30.3071 6
    endloop
  endfacet
  facet normal 0 0 1
    outer loop
      vertex -22.3195 24.5713 6
      vertex -23.1236 28.1762 6
      vertex -22.4456 24.6649 6
    endloop
  endfacet
  facet normal 0 0 1
    outer loop
      vertex -22.4456 24.6649 6
      vertex -23.1236 28.1762 6
      vertex -22.5803 24.7456 6
    endloop
  endfacet
  facet normal 0 0 1
    outer loop
      vertex -22.5803 24.7456 6
      vertex -23.1236 28.1762 6
      vertex -22.7222 24.8127 6
    endloop
  endfacet
  facet normal 0 0 1
    outer loop
      vertex -22.7222 24.8127 6
      vertex -23.1236 28.1762 6
      vertex -22.8701 24.8656 6
    endloop
  endfacet
  facet normal 0 0 1
    outer loop
      vertex -22.8701 24.8656 6
      vertex -23.1236 28.1762 6
      vertex -23.0224 24.9038 6
    endloop
  endfacet
  facet normal 0 0 1
    outer loop
      vertex -23.1236 28.1762 6
      vertex -23.1777 24.9268 6
      vertex -23.0224 24.9038 6
    endloop
  endfacet
  facet normal 0 0 1
    outer loop
      vertex -23.1236 28.1762 6
      vertex -23.3345 24.9345 6
      vertex -23.1777 24.9268 6
    endloop
  endfacet
  facet normal 0 0 1
    outer loop
      vertex -23.1236 28.1762 6
      vertex -23.4914 24.9268 6
      vertex -23.3345 24.9345 6
    endloop
  endfacet
  facet normal 0 0 1
    outer loop
      vertex -23.1236 28.1762 6
      vertex -23.6467 24.9038 6
      vertex -23.4914 24.9268 6
    endloop
  endfacet
  facet normal 0 0 1
    outer loop
      vertex -23.1236 28.1762 6
      vertex -23.799 24.8656 6
      vertex -23.6467 24.9038 6
    endloop
  endfacet
  facet normal -0 0 1
    outer loop
      vertex -25.774 25.774 6
      vertex -23.799 24.8656 6
      vertex -23.1236 28.1762 6
    endloop
  endfacet
  facet normal 0 0 1
    outer loop
      vertex -23.799 24.8656 6
      vertex -25.774 25.774 6
      vertex -23.9468 24.8127 6
    endloop
  endfacet
  facet normal 0 0 1
    outer loop
      vertex -23.9468 24.8127 6
      vertex -25.774 25.774 6
      vertex -24.0888 24.7456 6
    endloop
  endfacet
  facet normal 0 0 1
    outer loop
      vertex -24.0888 24.7456 6
      vertex -25.774 25.774 6
      vertex -24.2234 24.6649 6
    endloop
  endfacet
  facet normal 0 0 1
    outer loop
      vertex -24.2234 24.6649 6
      vertex -25.774 25.774 6
      vertex -24.3496 24.5713 6
    endloop
  endfacet
  facet normal 0 0 1
    outer loop
      vertex -24.3496 24.5713 6
      vertex -25.774 25.774 6
      vertex -24.4659 24.4659 6
    endloop
  endfacet
  facet normal 0 0 1
    outer loop
      vertex -24.4659 24.4659 6
      vertex -25.774 25.774 6
      vertex -24.5713 24.3496 6
    endloop
  endfacet
  facet normal 0 0 1
    outer loop
      vertex -24.5713 24.3496 6
      vertex -25.774 25.774 6
      vertex -24.6649 24.2234 6
    endloop
  endfacet
  facet normal 0 0 1
    outer loop
      vertex -24.6649 24.2234 6
      vertex -25.774 25.774 6
      vertex -24.7456 24.0888 6
    endloop
  endfacet
  facet normal 0 0 1
    outer loop
      vertex -24.9268 23.4914 6
      vertex -28.1762 23.1236 6
      vertex -24.9345 23.3345 6
    endloop
  endfacet
  facet normal 0 0 1
    outer loop
      vertex -24.9038 23.6467 6
      vertex -28.1762 23.1236 6
      vertex -24.9268 23.4914 6
    endloop
  endfacet
  facet normal 0 0 1
    outer loop
      vertex -28.1762 23.1236 6
      vertex -24.9038 23.6467 6
      vertex -25.774 25.774 6
    endloop
  endfacet
  facet normal 0 0 1
    outer loop
      vertex -24.8656 23.799 6
      vertex -25.774 25.774 6
      vertex -24.9038 23.6467 6
    endloop
  endfacet
  facet normal 0 0 1
    outer loop
      vertex -24.8127 23.9468 6
      vertex -25.774 25.774 6
      vertex -24.8656 23.799 6
    endloop
  endfacet
  facet normal 0 0 1
    outer loop
      vertex -24.7456 24.0888 6
      vertex -25.774 25.774 6
      vertex -24.8127 23.9468 6
    endloop
  endfacet
  facet normal -0.98921 -0.146502 0
    outer loop
      vertex 24.9268 23.4914 0
      vertex 24.9038 23.6467 6
      vertex 24.9038 23.6467 0
    endloop
  endfacet
  facet normal -0.98921 -0.146502 0
    outer loop
      vertex 24.9038 23.6467 6
      vertex 24.9268 23.4914 0
      vertex 24.9268 23.4914 6
    endloop
  endfacet
  facet normal 0.049048 0.998796 -0
    outer loop
      vertex 23.3345 21.7345 0
      vertex 23.1777 21.7422 6
      vertex 23.3345 21.7345 6
    endloop
  endfacet
  facet normal 0.049048 0.998796 0
    outer loop
      vertex 23.1777 21.7422 6
      vertex 23.3345 21.7345 0
      vertex 23.1777 21.7422 0
    endloop
  endfacet
  facet normal -0.740977 -0.67153 0
    outer loop
      vertex 24.5713 24.3496 0
      vertex 24.4659 24.4659 6
      vertex 24.4659 24.4659 0
    endloop
  endfacet
  facet normal -0.740977 -0.67153 0
    outer loop
      vertex 24.4659 24.4659 6
      vertex 24.5713 24.3496 0
      vertex 24.5713 24.3496 6
    endloop
  endfacet
  facet normal -0.242685 0.970105 0
    outer loop
      vertex 23.799 21.8034 0
      vertex 23.6467 21.7653 6
      vertex 23.799 21.8034 6
    endloop
  endfacet
  facet normal -0.242685 0.970105 0
    outer loop
      vertex 23.6467 21.7653 6
      vertex 23.799 21.8034 0
      vertex 23.6467 21.7653 0
    endloop
  endfacet
  facet normal -0.80297 0.596019 0
    outer loop
      vertex 24.5713 22.3195 0
      vertex 24.6649 22.4456 6
      vertex 24.6649 22.4456 0
    endloop
  endfacet
  facet normal -0.80297 0.596019 0
    outer loop
      vertex 24.6649 22.4456 6
      vertex 24.5713 22.3195 0
      vertex 24.5713 22.3195 6
    endloop
  endfacet
  facet normal -0.595304 0.803501 0
    outer loop
      vertex 24.3496 22.0977 0
      vertex 24.2234 22.0042 6
      vertex 24.3496 22.0977 6
    endloop
  endfacet
  facet normal -0.595304 0.803501 0
    outer loop
      vertex 24.2234 22.0042 6
      vertex 24.3496 22.0977 0
      vertex 24.2234 22.0042 0
    endloop
  endfacet
  facet normal 0.803501 -0.595304 0
    outer loop
      vertex 22.0042 24.2234 6
      vertex 22.0977 24.3496 0
      vertex 22.0977 24.3496 6
    endloop
  endfacet
  facet normal 0.803501 -0.595304 0
    outer loop
      vertex 22.0977 24.3496 0
      vertex 22.0042 24.2234 6
      vertex 22.0042 24.2234 0
    endloop
  endfacet
  facet normal -0.941511 -0.336982 0
    outer loop
      vertex 24.8656 23.799 0
      vertex 24.8127 23.9468 6
      vertex 24.8127 23.9468 0
    endloop
  endfacet
  facet normal -0.941511 -0.336982 0
    outer loop
      vertex 24.8127 23.9468 6
      vertex 24.8656 23.799 0
      vertex 24.8656 23.799 6
    endloop
  endfacet
  facet normal 0.941583 0.33678 0
    outer loop
      vertex 21.8563 22.7222 6
      vertex 21.8034 22.8701 0
      vertex 21.8034 22.8701 6
    endloop
  endfacet
  facet normal 0.941583 0.33678 0
    outer loop
      vertex 21.8034 22.8701 0
      vertex 21.8563 22.7222 6
      vertex 21.8563 22.7222 0
    endloop
  endfacet
  facet normal -0.336982 -0.941511 0
    outer loop
      vertex 23.799 24.8656 0
      vertex 23.9468 24.8127 6
      vertex 23.799 24.8656 6
    endloop
  endfacet
  facet normal -0.336982 -0.941511 -0
    outer loop
      vertex 23.9468 24.8127 6
      vertex 23.799 24.8656 0
      vertex 23.9468 24.8127 0
    endloop
  endfacet
  facet normal -0.67188 0.74066 0
    outer loop
      vertex 24.4659 22.2032 0
      vertex 24.3496 22.0977 6
      vertex 24.4659 22.2032 6
    endloop
  endfacet
  facet normal -0.67188 0.74066 0
    outer loop
      vertex 24.3496 22.0977 6
      vertex 24.4659 22.2032 0
      vertex 24.3496 22.0977 0
    endloop
  endfacet
  facet normal -0.98921 0.146502 0
    outer loop
      vertex 24.9038 23.0224 0
      vertex 24.9268 23.1777 6
      vertex 24.9268 23.1777 0
    endloop
  endfacet
  facet normal -0.98921 0.146502 0
    outer loop
      vertex 24.9268 23.1777 6
      vertex 24.9038 23.0224 0
      vertex 24.9038 23.0224 6
    endloop
  endfacet
  facet normal 0.74066 0.67188 0
    outer loop
      vertex 22.2032 22.2032 6
      vertex 22.0977 22.3195 0
      vertex 22.0977 22.3195 6
    endloop
  endfacet
  facet normal 0.74066 0.67188 0
    outer loop
      vertex 22.0977 22.3195 0
      vertex 22.2032 22.2032 6
      vertex 22.2032 22.2032 0
    endloop
  endfacet
  facet normal -0.904023 0.427484 0
    outer loop
      vertex 24.7456 22.5803 0
      vertex 24.8127 22.7222 6
      vertex 24.8127 22.7222 0
    endloop
  endfacet
  facet normal -0.904023 0.427484 0
    outer loop
      vertex 24.8127 22.7222 6
      vertex 24.7456 22.5803 0
      vertex 24.7456 22.5803 6
    endloop
  endfacet
  facet normal 0.049048 -0.998796 0
    outer loop
      vertex 23.1777 24.9268 0
      vertex 23.3345 24.9345 6
      vertex 23.1777 24.9268 6
    endloop
  endfacet
  facet normal 0.049048 -0.998796 0
    outer loop
      vertex 23.3345 24.9345 6
      vertex 23.1777 24.9268 0
      vertex 23.3345 24.9345 0
    endloop
  endfacet
  facet normal 0.85783 0.513934 0
    outer loop
      vertex 22.0042 22.4456 6
      vertex 21.9235 22.5803 0
      vertex 21.9235 22.5803 6
    endloop
  endfacet
  facet normal 0.85783 0.513934 0
    outer loop
      vertex 21.9235 22.5803 0
      vertex 22.0042 22.4456 6
      vertex 22.0042 22.4456 0
    endloop
  endfacet
  facet normal -0.998798 -0.0490169 0
    outer loop
      vertex 24.9345 23.3345 0
      vertex 24.9268 23.4914 6
      vertex 24.9268 23.4914 0
    endloop
  endfacet
  facet normal -0.998798 -0.0490169 0
    outer loop
      vertex 24.9268 23.4914 6
      vertex 24.9345 23.3345 0
      vertex 24.9345 23.3345 6
    endloop
  endfacet
  facet normal -0.969955 -0.243285 0
    outer loop
      vertex 24.9038 23.6467 0
      vertex 24.8656 23.799 6
      vertex 24.8656 23.799 0
    endloop
  endfacet
  facet normal -0.969955 -0.243285 0
    outer loop
      vertex 24.8656 23.799 6
      vertex 24.9038 23.6467 0
      vertex 24.9038 23.6467 6
    endloop
  endfacet
  facet normal 0.146502 -0.98921 0
    outer loop
      vertex 23.0224 24.9038 0
      vertex 23.1777 24.9268 6
      vertex 23.0224 24.9038 6
    endloop
  endfacet
  facet normal 0.146502 -0.98921 0
    outer loop
      vertex 23.1777 24.9268 6
      vertex 23.0224 24.9038 0
      vertex 23.1777 24.9268 0
    endloop
  endfacet
  facet normal 0.243285 -0.969955 0
    outer loop
      vertex 22.8701 24.8656 0
      vertex 23.0224 24.9038 6
      vertex 22.8701 24.8656 6
    endloop
  endfacet
  facet normal 0.243285 -0.969955 0
    outer loop
      vertex 23.0224 24.9038 6
      vertex 22.8701 24.8656 0
      vertex 23.0224 24.9038 0
    endloop
  endfacet
  facet normal -0.0490169 0.998798 0
    outer loop
      vertex 23.4914 21.7422 0
      vertex 23.3345 21.7345 6
      vertex 23.4914 21.7422 6
    endloop
  endfacet
  facet normal -0.0490169 0.998798 0
    outer loop
      vertex 23.3345 21.7345 6
      vertex 23.4914 21.7422 0
      vertex 23.3345 21.7345 0
    endloop
  endfacet
  facet normal 0.33678 0.941583 -0
    outer loop
      vertex 22.8701 21.8034 0
      vertex 22.7222 21.8563 6
      vertex 22.8701 21.8034 6
    endloop
  endfacet
  facet normal 0.33678 0.941583 0
    outer loop
      vertex 22.7222 21.8563 6
      vertex 22.8701 21.8034 0
      vertex 22.7222 21.8563 0
    endloop
  endfacet
  facet normal -0.67153 -0.740977 0
    outer loop
      vertex 24.3496 24.5713 0
      vertex 24.4659 24.4659 6
      vertex 24.3496 24.5713 6
    endloop
  endfacet
  facet normal -0.67153 -0.740977 -0
    outer loop
      vertex 24.4659 24.4659 6
      vertex 24.3496 24.5713 0
      vertex 24.4659 24.4659 0
    endloop
  endfacet
  facet normal -0.514215 -0.857662 0
    outer loop
      vertex 24.0888 24.7456 0
      vertex 24.2234 24.6649 6
      vertex 24.0888 24.7456 6
    endloop
  endfacet
  facet normal -0.514215 -0.857662 -0
    outer loop
      vertex 24.2234 24.6649 6
      vertex 24.0888 24.7456 0
      vertex 24.2234 24.6649 0
    endloop
  endfacet
  facet normal -0.904139 -0.427238 0
    outer loop
      vertex 24.8127 23.9468 0
      vertex 24.7456 24.0888 6
      vertex 24.7456 24.0888 0
    endloop
  endfacet
  facet normal -0.904139 -0.427238 0
    outer loop
      vertex 24.7456 24.0888 6
      vertex 24.8127 23.9468 0
      vertex 24.8127 23.9468 6
    endloop
  endfacet
  facet normal 0.33678 -0.941583 0
    outer loop
      vertex 22.7222 24.8127 0
      vertex 22.8701 24.8656 6
      vertex 22.7222 24.8127 6
    endloop
  endfacet
  facet normal 0.33678 -0.941583 0
    outer loop
      vertex 22.8701 24.8656 6
      vertex 22.7222 24.8127 0
      vertex 22.8701 24.8656 0
    endloop
  endfacet
  facet normal 0.67188 0.74066 -0
    outer loop
      vertex 22.3195 22.0977 0
      vertex 22.2032 22.2032 6
      vertex 22.3195 22.0977 6
    endloop
  endfacet
  facet normal 0.67188 0.74066 0
    outer loop
      vertex 22.2032 22.2032 6
      vertex 22.3195 22.0977 0
      vertex 22.2032 22.2032 0
    endloop
  endfacet
  facet normal 0.998798 -0.0490169 0
    outer loop
      vertex 21.7345 23.3345 6
      vertex 21.7422 23.4914 0
      vertex 21.7422 23.4914 6
    endloop
  endfacet
  facet normal 0.998798 -0.0490169 0
    outer loop
      vertex 21.7422 23.4914 0
      vertex 21.7345 23.3345 6
      vertex 21.7345 23.3345 0
    endloop
  endfacet
  facet normal 0.74066 -0.67188 0
    outer loop
      vertex 22.0977 24.3496 6
      vertex 22.2032 24.4659 0
      vertex 22.2032 24.4659 6
    endloop
  endfacet
  facet normal 0.74066 -0.67188 0
    outer loop
      vertex 22.2032 24.4659 0
      vertex 22.0977 24.3496 6
      vertex 22.0977 24.3496 0
    endloop
  endfacet
  facet normal -0.0490169 -0.998798 0
    outer loop
      vertex 23.3345 24.9345 0
      vertex 23.4914 24.9268 6
      vertex 23.3345 24.9345 6
    endloop
  endfacet
  facet normal -0.0490169 -0.998798 -0
    outer loop
      vertex 23.4914 24.9268 6
      vertex 23.3345 24.9345 0
      vertex 23.4914 24.9268 0
    endloop
  endfacet
  facet normal -0.998796 0.049048 0
    outer loop
      vertex 24.9268 23.1777 0
      vertex 24.9345 23.3345 6
      vertex 24.9345 23.3345 0
    endloop
  endfacet
  facet normal -0.998796 0.049048 0
    outer loop
      vertex 24.9345 23.3345 6
      vertex 24.9268 23.1777 0
      vertex 24.9268 23.1777 6
    endloop
  endfacet
  facet normal -0.336982 0.941511 0
    outer loop
      vertex 23.9468 21.8563 0
      vertex 23.799 21.8034 6
      vertex 23.9468 21.8563 6
    endloop
  endfacet
  facet normal -0.336982 0.941511 0
    outer loop
      vertex 23.799 21.8034 6
      vertex 23.9468 21.8563 0
      vertex 23.799 21.8034 0
    endloop
  endfacet
  facet normal 0.803275 0.595608 0
    outer loop
      vertex 22.0977 22.3195 6
      vertex 22.0042 22.4456 0
      vertex 22.0042 22.4456 6
    endloop
  endfacet
  facet normal 0.803275 0.595608 0
    outer loop
      vertex 22.0042 22.4456 0
      vertex 22.0977 22.3195 6
      vertex 22.0977 22.3195 0
    endloop
  endfacet
  facet normal -0.427238 -0.904139 0
    outer loop
      vertex 23.9468 24.8127 0
      vertex 24.0888 24.7456 6
      vertex 23.9468 24.8127 6
    endloop
  endfacet
  facet normal -0.427238 -0.904139 -0
    outer loop
      vertex 24.0888 24.7456 6
      vertex 23.9468 24.8127 0
      vertex 24.0888 24.7456 0
    endloop
  endfacet
  facet normal -0.595715 -0.803196 0
    outer loop
      vertex 24.2234 24.6649 0
      vertex 24.3496 24.5713 6
      vertex 24.2234 24.6649 6
    endloop
  endfacet
  facet normal -0.595715 -0.803196 -0
    outer loop
      vertex 24.3496 24.5713 6
      vertex 24.2234 24.6649 0
      vertex 24.3496 24.5713 0
    endloop
  endfacet
  facet normal -0.85783 0.513934 0
    outer loop
      vertex 24.6649 22.4456 0
      vertex 24.7456 22.5803 6
      vertex 24.7456 22.5803 0
    endloop
  endfacet
  facet normal -0.85783 0.513934 0
    outer loop
      vertex 24.7456 22.5803 6
      vertex 24.6649 22.4456 0
      vertex 24.6649 22.4456 6
    endloop
  endfacet
  facet normal 0.596019 -0.80297 0
    outer loop
      vertex 22.3195 24.5713 0
      vertex 22.4456 24.6649 6
      vertex 22.3195 24.5713 6
    endloop
  endfacet
  facet normal 0.596019 -0.80297 0
    outer loop
      vertex 22.4456 24.6649 6
      vertex 22.3195 24.5713 0
      vertex 22.4456 24.6649 0
    endloop
  endfacet
  facet normal 0.998796 0.049048 0
    outer loop
      vertex 21.7422 23.1777 6
      vertex 21.7345 23.3345 0
      vertex 21.7345 23.3345 6
    endloop
  endfacet
  facet normal 0.998796 0.049048 0
    outer loop
      vertex 21.7345 23.3345 0
      vertex 21.7422 23.1777 6
      vertex 21.7422 23.1777 0
    endloop
  endfacet
  facet normal 0.989118 0.147126 0
    outer loop
      vertex 21.7653 23.0224 6
      vertex 21.7422 23.1777 0
      vertex 21.7422 23.1777 6
    endloop
  endfacet
  facet normal 0.989118 0.147126 0
    outer loop
      vertex 21.7422 23.1777 0
      vertex 21.7653 23.0224 6
      vertex 21.7653 23.0224 0
    endloop
  endfacet
  facet normal -0.147126 0.989118 0
    outer loop
      vertex 23.6467 21.7653 0
      vertex 23.4914 21.7422 6
      vertex 23.6467 21.7653 6
    endloop
  endfacet
  facet normal -0.147126 0.989118 0
    outer loop
      vertex 23.4914 21.7422 6
      vertex 23.6467 21.7653 0
      vertex 23.4914 21.7422 0
    endloop
  endfacet
  facet normal 0.428004 0.903777 -0
    outer loop
      vertex 22.7222 21.8563 0
      vertex 22.5803 21.9235 6
      vertex 22.7222 21.8563 6
    endloop
  endfacet
  facet normal 0.428004 0.903777 0
    outer loop
      vertex 22.5803 21.9235 6
      vertex 22.7222 21.8563 0
      vertex 22.5803 21.9235 0
    endloop
  endfacet
  facet normal -0.803196 -0.595715 0
    outer loop
      vertex 24.6649 24.2234 0
      vertex 24.5713 24.3496 6
      vertex 24.5713 24.3496 0
    endloop
  endfacet
  facet normal -0.803196 -0.595715 0
    outer loop
      vertex 24.5713 24.3496 6
      vertex 24.6649 24.2234 0
      vertex 24.6649 24.2234 6
    endloop
  endfacet
  facet normal -0.969955 0.243285 0
    outer loop
      vertex 24.8656 22.8701 0
      vertex 24.9038 23.0224 6
      vertex 24.9038 23.0224 0
    endloop
  endfacet
  facet normal -0.969955 0.243285 0
    outer loop
      vertex 24.9038 23.0224 6
      vertex 24.8656 22.8701 0
      vertex 24.8656 22.8701 6
    endloop
  endfacet
  facet normal -0.941583 0.33678 0
    outer loop
      vertex 24.8127 22.7222 0
      vertex 24.8656 22.8701 6
      vertex 24.8656 22.8701 0
    endloop
  endfacet
  facet normal -0.941583 0.33678 0
    outer loop
      vertex 24.8656 22.8701 6
      vertex 24.8127 22.7222 0
      vertex 24.8127 22.7222 6
    endloop
  endfacet
  facet normal 0.595608 0.803275 -0
    outer loop
      vertex 22.4456 22.0042 0
      vertex 22.3195 22.0977 6
      vertex 22.4456 22.0042 6
    endloop
  endfacet
  facet normal 0.595608 0.803275 0
    outer loop
      vertex 22.3195 22.0977 6
      vertex 22.4456 22.0042 0
      vertex 22.3195 22.0977 0
    endloop
  endfacet
  facet normal -0.857662 -0.514215 0
    outer loop
      vertex 24.7456 24.0888 0
      vertex 24.6649 24.2234 6
      vertex 24.6649 24.2234 0
    endloop
  endfacet
  facet normal -0.857662 -0.514215 0
    outer loop
      vertex 24.6649 24.2234 6
      vertex 24.7456 24.0888 0
      vertex 24.7456 24.0888 6
    endloop
  endfacet
  facet normal 0.242685 0.970105 -0
    outer loop
      vertex 23.0224 21.7653 0
      vertex 22.8701 21.8034 6
      vertex 23.0224 21.7653 6
    endloop
  endfacet
  facet normal 0.242685 0.970105 0
    outer loop
      vertex 22.8701 21.8034 6
      vertex 23.0224 21.7653 0
      vertex 22.8701 21.8034 0
    endloop
  endfacet
  facet normal 0.67153 -0.740977 0
    outer loop
      vertex 22.2032 24.4659 0
      vertex 22.3195 24.5713 6
      vertex 22.2032 24.4659 6
    endloop
  endfacet
  facet normal 0.67153 -0.740977 0
    outer loop
      vertex 22.3195 24.5713 6
      vertex 22.2032 24.4659 0
      vertex 22.3195 24.5713 0
    endloop
  endfacet
  facet normal 0.903777 0.428004 0
    outer loop
      vertex 21.9235 22.5803 6
      vertex 21.8563 22.7222 0
      vertex 21.8563 22.7222 6
    endloop
  endfacet
  facet normal 0.903777 0.428004 0
    outer loop
      vertex 21.8563 22.7222 0
      vertex 21.9235 22.5803 6
      vertex 21.9235 22.5803 0
    endloop
  endfacet
  facet normal -0.146502 -0.98921 0
    outer loop
      vertex 23.4914 24.9268 0
      vertex 23.6467 24.9038 6
      vertex 23.4914 24.9268 6
    endloop
  endfacet
  facet normal -0.146502 -0.98921 -0
    outer loop
      vertex 23.6467 24.9038 6
      vertex 23.4914 24.9268 0
      vertex 23.6467 24.9038 0
    endloop
  endfacet
  facet normal 0.857662 -0.514215 0
    outer loop
      vertex 21.9235 24.0888 6
      vertex 22.0042 24.2234 0
      vertex 22.0042 24.2234 6
    endloop
  endfacet
  facet normal 0.857662 -0.514215 0
    outer loop
      vertex 22.0042 24.2234 0
      vertex 21.9235 24.0888 6
      vertex 21.9235 24.0888 0
    endloop
  endfacet
  facet normal 0.989118 -0.147126 0
    outer loop
      vertex 21.7422 23.4914 6
      vertex 21.7653 23.6467 0
      vertex 21.7653 23.6467 6
    endloop
  endfacet
  facet normal 0.989118 -0.147126 0
    outer loop
      vertex 21.7653 23.6467 0
      vertex 21.7422 23.4914 6
      vertex 21.7422 23.4914 0
    endloop
  endfacet
  facet normal 0.970105 -0.242685 0
    outer loop
      vertex 21.7653 23.6467 6
      vertex 21.8034 23.799 0
      vertex 21.8034 23.799 6
    endloop
  endfacet
  facet normal 0.970105 -0.242685 0
    outer loop
      vertex 21.8034 23.799 0
      vertex 21.7653 23.6467 6
      vertex 21.7653 23.6467 0
    endloop
  endfacet
  facet normal 0.147126 0.989118 -0
    outer loop
      vertex 23.1777 21.7422 0
      vertex 23.0224 21.7653 6
      vertex 23.1777 21.7422 6
    endloop
  endfacet
  facet normal 0.147126 0.989118 0
    outer loop
      vertex 23.0224 21.7653 6
      vertex 23.1777 21.7422 0
      vertex 23.0224 21.7653 0
    endloop
  endfacet
  facet normal 0.427484 -0.904023 0
    outer loop
      vertex 22.5803 24.7456 0
      vertex 22.7222 24.8127 6
      vertex 22.5803 24.7456 6
    endloop
  endfacet
  facet normal 0.427484 -0.904023 0
    outer loop
      vertex 22.7222 24.8127 6
      vertex 22.5803 24.7456 0
      vertex 22.7222 24.8127 0
    endloop
  endfacet
  facet normal -0.740977 0.67153 0
    outer loop
      vertex 24.4659 22.2032 0
      vertex 24.5713 22.3195 6
      vertex 24.5713 22.3195 0
    endloop
  endfacet
  facet normal -0.740977 0.67153 0
    outer loop
      vertex 24.5713 22.3195 6
      vertex 24.4659 22.2032 0
      vertex 24.4659 22.2032 6
    endloop
  endfacet
  facet normal 0.941511 -0.336982 0
    outer loop
      vertex 21.8034 23.799 6
      vertex 21.8563 23.9468 0
      vertex 21.8563 23.9468 6
    endloop
  endfacet
  facet normal 0.941511 -0.336982 0
    outer loop
      vertex 21.8563 23.9468 0
      vertex 21.8034 23.799 6
      vertex 21.8034 23.799 0
    endloop
  endfacet
  facet normal 0.970105 0.242685 0
    outer loop
      vertex 21.8034 22.8701 6
      vertex 21.7653 23.0224 0
      vertex 21.7653 23.0224 6
    endloop
  endfacet
  facet normal 0.970105 0.242685 0
    outer loop
      vertex 21.7653 23.0224 0
      vertex 21.8034 22.8701 6
      vertex 21.8034 22.8701 0
    endloop
  endfacet
  facet normal -0.243285 -0.969955 0
    outer loop
      vertex 23.6467 24.9038 0
      vertex 23.799 24.8656 6
      vertex 23.6467 24.9038 6
    endloop
  endfacet
  facet normal -0.243285 -0.969955 -0
    outer loop
      vertex 23.799 24.8656 6
      vertex 23.6467 24.9038 0
      vertex 23.799 24.8656 0
    endloop
  endfacet
  facet normal -0.427758 0.903893 0
    outer loop
      vertex 24.0888 21.9235 0
      vertex 23.9468 21.8563 6
      vertex 24.0888 21.9235 6
    endloop
  endfacet
  facet normal -0.427758 0.903893 0
    outer loop
      vertex 23.9468 21.8563 6
      vertex 24.0888 21.9235 0
      vertex 23.9468 21.8563 0
    endloop
  endfacet
  facet normal -0.514215 0.857662 0
    outer loop
      vertex 24.2234 22.0042 0
      vertex 24.0888 21.9235 6
      vertex 24.2234 22.0042 6
    endloop
  endfacet
  facet normal -0.514215 0.857662 0
    outer loop
      vertex 24.0888 21.9235 6
      vertex 24.2234 22.0042 0
      vertex 24.0888 21.9235 0
    endloop
  endfacet
  facet normal 0.513934 -0.85783 0
    outer loop
      vertex 22.4456 24.6649 0
      vertex 22.5803 24.7456 6
      vertex 22.4456 24.6649 6
    endloop
  endfacet
  facet normal 0.513934 -0.85783 0
    outer loop
      vertex 22.5803 24.7456 6
      vertex 22.4456 24.6649 0
      vertex 22.5803 24.7456 0
    endloop
  endfacet
  facet normal 0.903893 -0.427758 0
    outer loop
      vertex 21.8563 23.9468 6
      vertex 21.9235 24.0888 0
      vertex 21.9235 24.0888 6
    endloop
  endfacet
  facet normal 0.903893 -0.427758 0
    outer loop
      vertex 21.9235 24.0888 0
      vertex 21.8563 23.9468 6
      vertex 21.8563 23.9468 0
    endloop
  endfacet
  facet normal 0.513934 0.85783 -0
    outer loop
      vertex 22.5803 21.9235 0
      vertex 22.4456 22.0042 6
      vertex 22.5803 21.9235 6
    endloop
  endfacet
  facet normal 0.513934 0.85783 0
    outer loop
      vertex 22.4456 22.0042 6
      vertex 22.5803 21.9235 0
      vertex 22.4456 22.0042 0
    endloop
  endfacet
  facet normal -0.989118 -0.147126 0
    outer loop
      vertex -21.7422 23.4914 0
      vertex -21.7653 23.6467 6
      vertex -21.7653 23.6467 0
    endloop
  endfacet
  facet normal -0.989118 -0.147126 0
    outer loop
      vertex -21.7653 23.6467 6
      vertex -21.7422 23.4914 0
      vertex -21.7422 23.4914 6
    endloop
  endfacet
  facet normal -0.998798 -0.0490169 0
    outer loop
      vertex -21.7345 23.3345 0
      vertex -21.7422 23.4914 6
      vertex -21.7422 23.4914 0
    endloop
  endfacet
  facet normal -0.998798 -0.0490169 0
    outer loop
      vertex -21.7422 23.4914 6
      vertex -21.7345 23.3345 0
      vertex -21.7345 23.3345 6
    endloop
  endfacet
  facet normal -0.970105 -0.242685 0
    outer loop
      vertex -21.7653 23.6467 0
      vertex -21.8034 23.799 6
      vertex -21.8034 23.799 0
    endloop
  endfacet
  facet normal -0.970105 -0.242685 0
    outer loop
      vertex -21.8034 23.799 6
      vertex -21.7653 23.6467 0
      vertex -21.7653 23.6467 6
    endloop
  endfacet
  facet normal 0.147126 0.989118 -0
    outer loop
      vertex -23.4914 21.7422 0
      vertex -23.6467 21.7653 6
      vertex -23.4914 21.7422 6
    endloop
  endfacet
  facet normal 0.147126 0.989118 0
    outer loop
      vertex -23.6467 21.7653 6
      vertex -23.4914 21.7422 0
      vertex -23.6467 21.7653 0
    endloop
  endfacet
  facet normal -0.428004 0.903777 0
    outer loop
      vertex -22.5803 21.9235 0
      vertex -22.7222 21.8563 6
      vertex -22.5803 21.9235 6
    endloop
  endfacet
  facet normal -0.428004 0.903777 0
    outer loop
      vertex -22.7222 21.8563 6
      vertex -22.5803 21.9235 0
      vertex -22.7222 21.8563 0
    endloop
  endfacet
  facet normal -0.243285 -0.969955 0
    outer loop
      vertex -23.0224 24.9038 0
      vertex -22.8701 24.8656 6
      vertex -23.0224 24.9038 6
    endloop
  endfacet
  facet normal -0.243285 -0.969955 -0
    outer loop
      vertex -22.8701 24.8656 6
      vertex -23.0224 24.9038 0
      vertex -22.8701 24.8656 0
    endloop
  endfacet
  facet normal 0.941583 0.33678 0
    outer loop
      vertex -24.8127 22.7222 6
      vertex -24.8656 22.8701 0
      vertex -24.8656 22.8701 6
    endloop
  endfacet
  facet normal 0.941583 0.33678 0
    outer loop
      vertex -24.8656 22.8701 0
      vertex -24.8127 22.7222 6
      vertex -24.8127 22.7222 0
    endloop
  endfacet
  facet normal 0.146502 -0.98921 0
    outer loop
      vertex -23.6467 24.9038 0
      vertex -23.4914 24.9268 6
      vertex -23.6467 24.9038 6
    endloop
  endfacet
  facet normal 0.146502 -0.98921 0
    outer loop
      vertex -23.4914 24.9268 6
      vertex -23.6467 24.9038 0
      vertex -23.4914 24.9268 0
    endloop
  endfacet
  facet normal -0.513934 -0.85783 0
    outer loop
      vertex -22.5803 24.7456 0
      vertex -22.4456 24.6649 6
      vertex -22.5803 24.7456 6
    endloop
  endfacet
  facet normal -0.513934 -0.85783 -0
    outer loop
      vertex -22.4456 24.6649 6
      vertex -22.5803 24.7456 0
      vertex -22.4456 24.6649 0
    endloop
  endfacet
  facet normal -0.903777 0.428004 0
    outer loop
      vertex -21.9235 22.5803 0
      vertex -21.8563 22.7222 6
      vertex -21.8563 22.7222 0
    endloop
  endfacet
  facet normal -0.903777 0.428004 0
    outer loop
      vertex -21.8563 22.7222 6
      vertex -21.9235 22.5803 0
      vertex -21.9235 22.5803 6
    endloop
  endfacet
  facet normal 0.427238 -0.904139 0
    outer loop
      vertex -24.0888 24.7456 0
      vertex -23.9468 24.8127 6
      vertex -24.0888 24.7456 6
    endloop
  endfacet
  facet normal 0.427238 -0.904139 0
    outer loop
      vertex -23.9468 24.8127 6
      vertex -24.0888 24.7456 0
      vertex -23.9468 24.8127 0
    endloop
  endfacet
  facet normal 0.98921 -0.146502 0
    outer loop
      vertex -24.9268 23.4914 6
      vertex -24.9038 23.6467 0
      vertex -24.9038 23.6467 6
    endloop
  endfacet
  facet normal 0.98921 -0.146502 0
    outer loop
      vertex -24.9038 23.6467 0
      vertex -24.9268 23.4914 6
      vertex -24.9268 23.4914 0
    endloop
  endfacet
  facet normal 0.243285 -0.969955 0
    outer loop
      vertex -23.799 24.8656 0
      vertex -23.6467 24.9038 6
      vertex -23.799 24.8656 6
    endloop
  endfacet
  facet normal 0.243285 -0.969955 0
    outer loop
      vertex -23.6467 24.9038 6
      vertex -23.799 24.8656 0
      vertex -23.6467 24.9038 0
    endloop
  endfacet
  facet normal -0.803501 -0.595304 0
    outer loop
      vertex -22.0042 24.2234 0
      vertex -22.0977 24.3496 6
      vertex -22.0977 24.3496 0
    endloop
  endfacet
  facet normal -0.803501 -0.595304 0
    outer loop
      vertex -22.0977 24.3496 6
      vertex -22.0042 24.2234 0
      vertex -22.0042 24.2234 6
    endloop
  endfacet
  facet normal 0.904139 -0.427238 0
    outer loop
      vertex -24.8127 23.9468 6
      vertex -24.7456 24.0888 0
      vertex -24.7456 24.0888 6
    endloop
  endfacet
  facet normal 0.904139 -0.427238 0
    outer loop
      vertex -24.7456 24.0888 0
      vertex -24.8127 23.9468 6
      vertex -24.8127 23.9468 0
    endloop
  endfacet
  facet normal -0.33678 -0.941583 0
    outer loop
      vertex -22.8701 24.8656 0
      vertex -22.7222 24.8127 6
      vertex -22.8701 24.8656 6
    endloop
  endfacet
  facet normal -0.33678 -0.941583 -0
    outer loop
      vertex -22.7222 24.8127 6
      vertex -22.8701 24.8656 0
      vertex -22.7222 24.8127 0
    endloop
  endfacet
  facet normal 0.98921 0.146502 0
    outer loop
      vertex -24.9038 23.0224 6
      vertex -24.9268 23.1777 0
      vertex -24.9268 23.1777 6
    endloop
  endfacet
  facet normal 0.98921 0.146502 0
    outer loop
      vertex -24.9268 23.1777 0
      vertex -24.9038 23.0224 6
      vertex -24.9038 23.0224 0
    endloop
  endfacet
  facet normal -0.595608 0.803275 0
    outer loop
      vertex -22.3195 22.0977 0
      vertex -22.4456 22.0042 6
      vertex -22.3195 22.0977 6
    endloop
  endfacet
  facet normal -0.595608 0.803275 0
    outer loop
      vertex -22.4456 22.0042 6
      vertex -22.3195 22.0977 0
      vertex -22.4456 22.0042 0
    endloop
  endfacet
  facet normal -0.67153 -0.740977 0
    outer loop
      vertex -22.3195 24.5713 0
      vertex -22.2032 24.4659 6
      vertex -22.3195 24.5713 6
    endloop
  endfacet
  facet normal -0.67153 -0.740977 -0
    outer loop
      vertex -22.2032 24.4659 6
      vertex -22.3195 24.5713 0
      vertex -22.2032 24.4659 0
    endloop
  endfacet
  facet normal -0.803275 0.595608 0
    outer loop
      vertex -22.0977 22.3195 0
      vertex -22.0042 22.4456 6
      vertex -22.0042 22.4456 0
    endloop
  endfacet
  facet normal -0.803275 0.595608 0
    outer loop
      vertex -22.0042 22.4456 6
      vertex -22.0977 22.3195 0
      vertex -22.0977 22.3195 6
    endloop
  endfacet
  facet normal 0.595715 -0.803196 0
    outer loop
      vertex -24.3496 24.5713 0
      vertex -24.2234 24.6649 6
      vertex -24.3496 24.5713 6
    endloop
  endfacet
  facet normal 0.595715 -0.803196 0
    outer loop
      vertex -24.2234 24.6649 6
      vertex -24.3496 24.5713 0
      vertex -24.2234 24.6649 0
    endloop
  endfacet
  facet normal -0.427484 -0.904023 0
    outer loop
      vertex -22.7222 24.8127 0
      vertex -22.5803 24.7456 6
      vertex -22.7222 24.8127 6
    endloop
  endfacet
  facet normal -0.427484 -0.904023 -0
    outer loop
      vertex -22.5803 24.7456 6
      vertex -22.7222 24.8127 0
      vertex -22.5803 24.7456 0
    endloop
  endfacet
  facet normal -0.146502 -0.98921 0
    outer loop
      vertex -23.1777 24.9268 0
      vertex -23.0224 24.9038 6
      vertex -23.1777 24.9268 6
    endloop
  endfacet
  facet normal -0.146502 -0.98921 -0
    outer loop
      vertex -23.0224 24.9038 6
      vertex -23.1777 24.9268 0
      vertex -23.0224 24.9038 0
    endloop
  endfacet
  facet normal -0.941511 -0.336982 0
    outer loop
      vertex -21.8034 23.799 0
      vertex -21.8563 23.9468 6
      vertex -21.8563 23.9468 0
    endloop
  endfacet
  facet normal -0.941511 -0.336982 0
    outer loop
      vertex -21.8563 23.9468 6
      vertex -21.8034 23.799 0
      vertex -21.8034 23.799 6
    endloop
  endfacet
  facet normal -0.596019 -0.80297 0
    outer loop
      vertex -22.4456 24.6649 0
      vertex -22.3195 24.5713 6
      vertex -22.4456 24.6649 6
    endloop
  endfacet
  facet normal -0.596019 -0.80297 -0
    outer loop
      vertex -22.3195 24.5713 6
      vertex -22.4456 24.6649 0
      vertex -22.3195 24.5713 0
    endloop
  endfacet
  facet normal -0.989118 0.147126 0
    outer loop
      vertex -21.7653 23.0224 0
      vertex -21.7422 23.1777 6
      vertex -21.7422 23.1777 0
    endloop
  endfacet
  facet normal -0.989118 0.147126 0
    outer loop
      vertex -21.7422 23.1777 6
      vertex -21.7653 23.0224 0
      vertex -21.7653 23.0224 6
    endloop
  endfacet
  facet normal -0.998796 0.049048 0
    outer loop
      vertex -21.7422 23.1777 0
      vertex -21.7345 23.3345 6
      vertex -21.7345 23.3345 0
    endloop
  endfacet
  facet normal -0.998796 0.049048 0
    outer loop
      vertex -21.7345 23.3345 6
      vertex -21.7422 23.1777 0
      vertex -21.7422 23.1777 6
    endloop
  endfacet
  facet normal 0.969955 -0.243285 0
    outer loop
      vertex -24.9038 23.6467 6
      vertex -24.8656 23.799 0
      vertex -24.8656 23.799 6
    endloop
  endfacet
  facet normal 0.969955 -0.243285 0
    outer loop
      vertex -24.8656 23.799 0
      vertex -24.9038 23.6467 6
      vertex -24.9038 23.6467 0
    endloop
  endfacet
  facet normal 0.740977 0.67153 0
    outer loop
      vertex -24.4659 22.2032 6
      vertex -24.5713 22.3195 0
      vertex -24.5713 22.3195 6
    endloop
  endfacet
  facet normal 0.740977 0.67153 0
    outer loop
      vertex -24.5713 22.3195 0
      vertex -24.4659 22.2032 6
      vertex -24.4659 22.2032 0
    endloop
  endfacet
  facet normal -0.903893 -0.427758 0
    outer loop
      vertex -21.8563 23.9468 0
      vertex -21.9235 24.0888 6
      vertex -21.9235 24.0888 0
    endloop
  endfacet
  facet normal -0.903893 -0.427758 0
    outer loop
      vertex -21.9235 24.0888 6
      vertex -21.8563 23.9468 0
      vertex -21.8563 23.9468 6
    endloop
  endfacet
  facet normal -0.147126 0.989118 0
    outer loop
      vertex -23.0224 21.7653 0
      vertex -23.1777 21.7422 6
      vertex -23.0224 21.7653 6
    endloop
  endfacet
  facet normal -0.147126 0.989118 0
    outer loop
      vertex -23.1777 21.7422 6
      vertex -23.0224 21.7653 0
      vertex -23.1777 21.7422 0
    endloop
  endfacet
  facet normal 0.242685 0.970105 -0
    outer loop
      vertex -23.6467 21.7653 0
      vertex -23.799 21.8034 6
      vertex -23.6467 21.7653 6
    endloop
  endfacet
  facet normal 0.242685 0.970105 0
    outer loop
      vertex -23.799 21.8034 6
      vertex -23.6467 21.7653 0
      vertex -23.799 21.8034 0
    endloop
  endfacet
  facet normal -0.970105 0.242685 0
    outer loop
      vertex -21.8034 22.8701 0
      vertex -21.7653 23.0224 6
      vertex -21.7653 23.0224 0
    endloop
  endfacet
  facet normal -0.970105 0.242685 0
    outer loop
      vertex -21.7653 23.0224 6
      vertex -21.8034 22.8701 0
      vertex -21.8034 22.8701 6
    endloop
  endfacet
  facet normal -0.941583 0.33678 0
    outer loop
      vertex -21.8563 22.7222 0
      vertex -21.8034 22.8701 6
      vertex -21.8034 22.8701 0
    endloop
  endfacet
  facet normal -0.941583 0.33678 0
    outer loop
      vertex -21.8034 22.8701 6
      vertex -21.8563 22.7222 0
      vertex -21.8563 22.7222 6
    endloop
  endfacet
  facet normal 0.0490169 -0.998798 0
    outer loop
      vertex -23.4914 24.9268 0
      vertex -23.3345 24.9345 6
      vertex -23.4914 24.9268 6
    endloop
  endfacet
  facet normal 0.0490169 -0.998798 0
    outer loop
      vertex -23.3345 24.9345 6
      vertex -23.4914 24.9268 0
      vertex -23.3345 24.9345 0
    endloop
  endfacet
  facet normal 0.336982 -0.941511 0
    outer loop
      vertex -23.9468 24.8127 0
      vertex -23.799 24.8656 6
      vertex -23.9468 24.8127 6
    endloop
  endfacet
  facet normal 0.336982 -0.941511 0
    outer loop
      vertex -23.799 24.8656 6
      vertex -23.9468 24.8127 0
      vertex -23.799 24.8656 0
    endloop
  endfacet
  facet normal -0.857662 -0.514215 0
    outer loop
      vertex -21.9235 24.0888 0
      vertex -22.0042 24.2234 6
      vertex -22.0042 24.2234 0
    endloop
  endfacet
  facet normal -0.857662 -0.514215 0
    outer loop
      vertex -22.0042 24.2234 6
      vertex -21.9235 24.0888 0
      vertex -21.9235 24.0888 6
    endloop
  endfacet
  facet normal 0.514215 -0.857662 0
    outer loop
      vertex -24.2234 24.6649 0
      vertex -24.0888 24.7456 6
      vertex -24.2234 24.6649 6
    endloop
  endfacet
  facet normal 0.514215 -0.857662 0
    outer loop
      vertex -24.0888 24.7456 6
      vertex -24.2234 24.6649 0
      vertex -24.0888 24.7456 0
    endloop
  endfacet
  facet normal -0.242685 0.970105 0
    outer loop
      vertex -22.8701 21.8034 0
      vertex -23.0224 21.7653 6
      vertex -22.8701 21.8034 6
    endloop
  endfacet
  facet normal -0.242685 0.970105 0
    outer loop
      vertex -23.0224 21.7653 6
      vertex -22.8701 21.8034 0
      vertex -23.0224 21.7653 0
    endloop
  endfacet
  facet normal 0.85783 0.513934 0
    outer loop
      vertex -24.6649 22.4456 6
      vertex -24.7456 22.5803 0
      vertex -24.7456 22.5803 6
    endloop
  endfacet
  facet normal 0.85783 0.513934 0
    outer loop
      vertex -24.7456 22.5803 0
      vertex -24.6649 22.4456 6
      vertex -24.6649 22.4456 0
    endloop
  endfacet
  facet normal -0.33678 0.941583 0
    outer loop
      vertex -22.7222 21.8563 0
      vertex -22.8701 21.8034 6
      vertex -22.7222 21.8563 6
    endloop
  endfacet
  facet normal -0.33678 0.941583 0
    outer loop
      vertex -22.8701 21.8034 6
      vertex -22.7222 21.8563 0
      vertex -22.8701 21.8034 0
    endloop
  endfacet
  facet normal -0.513934 0.85783 0
    outer loop
      vertex -22.4456 22.0042 0
      vertex -22.5803 21.9235 6
      vertex -22.4456 22.0042 6
    endloop
  endfacet
  facet normal -0.513934 0.85783 0
    outer loop
      vertex -22.5803 21.9235 6
      vertex -22.4456 22.0042 0
      vertex -22.5803 21.9235 0
    endloop
  endfacet
  facet normal 0.857662 -0.514215 0
    outer loop
      vertex -24.7456 24.0888 6
      vertex -24.6649 24.2234 0
      vertex -24.6649 24.2234 6
    endloop
  endfacet
  facet normal 0.857662 -0.514215 0
    outer loop
      vertex -24.6649 24.2234 0
      vertex -24.7456 24.0888 6
      vertex -24.7456 24.0888 0
    endloop
  endfacet
  facet normal -0.85783 0.513934 0
    outer loop
      vertex -22.0042 22.4456 0
      vertex -21.9235 22.5803 6
      vertex -21.9235 22.5803 0
    endloop
  endfacet
  facet normal -0.85783 0.513934 0
    outer loop
      vertex -21.9235 22.5803 6
      vertex -22.0042 22.4456 0
      vertex -22.0042 22.4456 6
    endloop
  endfacet
  facet normal 0.969955 0.243285 0
    outer loop
      vertex -24.8656 22.8701 6
      vertex -24.9038 23.0224 0
      vertex -24.9038 23.0224 6
    endloop
  endfacet
  facet normal 0.969955 0.243285 0
    outer loop
      vertex -24.9038 23.0224 0
      vertex -24.8656 22.8701 6
      vertex -24.8656 22.8701 0
    endloop
  endfacet
  facet normal 0.904023 0.427484 0
    outer loop
      vertex -24.7456 22.5803 6
      vertex -24.8127 22.7222 0
      vertex -24.8127 22.7222 6
    endloop
  endfacet
  facet normal 0.904023 0.427484 0
    outer loop
      vertex -24.8127 22.7222 0
      vertex -24.7456 22.5803 6
      vertex -24.7456 22.5803 0
    endloop
  endfacet
  facet normal 0.67153 -0.740977 0
    outer loop
      vertex -24.4659 24.4659 0
      vertex -24.3496 24.5713 6
      vertex -24.4659 24.4659 6
    endloop
  endfacet
  facet normal 0.67153 -0.740977 0
    outer loop
      vertex -24.3496 24.5713 6
      vertex -24.4659 24.4659 0
      vertex -24.3496 24.5713 0
    endloop
  endfacet
  facet normal 0.941511 -0.336982 0
    outer loop
      vertex -24.8656 23.799 6
      vertex -24.8127 23.9468 0
      vertex -24.8127 23.9468 6
    endloop
  endfacet
  facet normal 0.941511 -0.336982 0
    outer loop
      vertex -24.8127 23.9468 0
      vertex -24.8656 23.799 6
      vertex -24.8656 23.799 0
    endloop
  endfacet
  facet normal -0.049048 -0.998796 0
    outer loop
      vertex -23.3345 24.9345 0
      vertex -23.1777 24.9268 6
      vertex -23.3345 24.9345 6
    endloop
  endfacet
  facet normal -0.049048 -0.998796 -0
    outer loop
      vertex -23.1777 24.9268 6
      vertex -23.3345 24.9345 0
      vertex -23.1777 24.9268 0
    endloop
  endfacet
  facet normal -0.049048 0.998796 0
    outer loop
      vertex -23.1777 21.7422 0
      vertex -23.3345 21.7345 6
      vertex -23.1777 21.7422 6
    endloop
  endfacet
  facet normal -0.049048 0.998796 0
    outer loop
      vertex -23.3345 21.7345 6
      vertex -23.1777 21.7422 0
      vertex -23.3345 21.7345 0
    endloop
  endfacet
  facet normal -0.67188 0.74066 0
    outer loop
      vertex -22.2032 22.2032 0
      vertex -22.3195 22.0977 6
      vertex -22.2032 22.2032 6
    endloop
  endfacet
  facet normal -0.67188 0.74066 0
    outer loop
      vertex -22.3195 22.0977 6
      vertex -22.2032 22.2032 0
      vertex -22.3195 22.0977 0
    endloop
  endfacet
  facet normal -0.74066 -0.67188 0
    outer loop
      vertex -22.0977 24.3496 0
      vertex -22.2032 24.4659 6
      vertex -22.2032 24.4659 0
    endloop
  endfacet
  facet normal -0.74066 -0.67188 0
    outer loop
      vertex -22.2032 24.4659 6
      vertex -22.0977 24.3496 0
      vertex -22.0977 24.3496 6
    endloop
  endfacet
  facet normal 0.80297 0.596019 0
    outer loop
      vertex -24.5713 22.3195 6
      vertex -24.6649 22.4456 0
      vertex -24.6649 22.4456 6
    endloop
  endfacet
  facet normal 0.80297 0.596019 0
    outer loop
      vertex -24.6649 22.4456 0
      vertex -24.5713 22.3195 6
      vertex -24.5713 22.3195 0
    endloop
  endfacet
  facet normal 0.998796 0.049048 0
    outer loop
      vertex -24.9268 23.1777 6
      vertex -24.9345 23.3345 0
      vertex -24.9345 23.3345 6
    endloop
  endfacet
  facet normal 0.998796 0.049048 0
    outer loop
      vertex -24.9345 23.3345 0
      vertex -24.9268 23.1777 6
      vertex -24.9268 23.1777 0
    endloop
  endfacet
  facet normal -0.74066 0.67188 0
    outer loop
      vertex -22.2032 22.2032 0
      vertex -22.0977 22.3195 6
      vertex -22.0977 22.3195 0
    endloop
  endfacet
  facet normal -0.74066 0.67188 0
    outer loop
      vertex -22.0977 22.3195 6
      vertex -22.2032 22.2032 0
      vertex -22.2032 22.2032 6
    endloop
  endfacet
  facet normal 0.740977 -0.67153 0
    outer loop
      vertex -24.5713 24.3496 6
      vertex -24.4659 24.4659 0
      vertex -24.4659 24.4659 6
    endloop
  endfacet
  facet normal 0.740977 -0.67153 0
    outer loop
      vertex -24.4659 24.4659 0
      vertex -24.5713 24.3496 6
      vertex -24.5713 24.3496 0
    endloop
  endfacet
  facet normal 0.336982 0.941511 -0
    outer loop
      vertex -23.799 21.8034 0
      vertex -23.9468 21.8563 6
      vertex -23.799 21.8034 6
    endloop
  endfacet
  facet normal 0.336982 0.941511 0
    outer loop
      vertex -23.9468 21.8563 6
      vertex -23.799 21.8034 0
      vertex -23.9468 21.8563 0
    endloop
  endfacet
  facet normal 0.0490169 0.998798 -0
    outer loop
      vertex -23.3345 21.7345 0
      vertex -23.4914 21.7422 6
      vertex -23.3345 21.7345 6
    endloop
  endfacet
  facet normal 0.0490169 0.998798 0
    outer loop
      vertex -23.4914 21.7422 6
      vertex -23.3345 21.7345 0
      vertex -23.4914 21.7422 0
    endloop
  endfacet
  facet normal 0.803196 -0.595715 0
    outer loop
      vertex -24.6649 24.2234 6
      vertex -24.5713 24.3496 0
      vertex -24.5713 24.3496 6
    endloop
  endfacet
  facet normal 0.803196 -0.595715 0
    outer loop
      vertex -24.5713 24.3496 0
      vertex -24.6649 24.2234 6
      vertex -24.6649 24.2234 0
    endloop
  endfacet
  facet normal 0.998798 -0.0490169 0
    outer loop
      vertex -24.9345 23.3345 6
      vertex -24.9268 23.4914 0
      vertex -24.9268 23.4914 6
    endloop
  endfacet
  facet normal 0.998798 -0.0490169 0
    outer loop
      vertex -24.9268 23.4914 0
      vertex -24.9345 23.3345 6
      vertex -24.9345 23.3345 0
    endloop
  endfacet
  facet normal 0.595304 0.803501 -0
    outer loop
      vertex -24.2234 22.0042 0
      vertex -24.3496 22.0977 6
      vertex -24.2234 22.0042 6
    endloop
  endfacet
  facet normal 0.595304 0.803501 0
    outer loop
      vertex -24.3496 22.0977 6
      vertex -24.2234 22.0042 0
      vertex -24.3496 22.0977 0
    endloop
  endfacet
  facet normal 0.67188 0.74066 -0
    outer loop
      vertex -24.3496 22.0977 0
      vertex -24.4659 22.2032 6
      vertex -24.3496 22.0977 6
    endloop
  endfacet
  facet normal 0.67188 0.74066 0
    outer loop
      vertex -24.4659 22.2032 6
      vertex -24.3496 22.0977 0
      vertex -24.4659 22.2032 0
    endloop
  endfacet
  facet normal 0.514215 0.857662 -0
    outer loop
      vertex -24.0888 21.9235 0
      vertex -24.2234 22.0042 6
      vertex -24.0888 21.9235 6
    endloop
  endfacet
  facet normal 0.514215 0.857662 0
    outer loop
      vertex -24.2234 22.0042 6
      vertex -24.0888 21.9235 0
      vertex -24.2234 22.0042 0
    endloop
  endfacet
  facet normal 0.427758 0.903893 -0
    outer loop
      vertex -23.9468 21.8563 0
      vertex -24.0888 21.9235 6
      vertex -23.9468 21.8563 6
    endloop
  endfacet
  facet normal 0.427758 0.903893 0
    outer loop
      vertex -24.0888 21.9235 6
      vertex -23.9468 21.8563 0
      vertex -24.0888 21.9235 0
    endloop
  endfacet
  facet normal 0.336982 0.941511 -0
    outer loop
      vertex -23.799 -24.8656 0
      vertex -23.9468 -24.8127 6
      vertex -23.799 -24.8656 6
    endloop
  endfacet
  facet normal 0.336982 0.941511 0
    outer loop
      vertex -23.9468 -24.8127 6
      vertex -23.799 -24.8656 0
      vertex -23.9468 -24.8127 0
    endloop
  endfacet
  facet normal -0.989118 -0.147126 0
    outer loop
      vertex -21.7422 -23.1777 0
      vertex -21.7653 -23.0224 6
      vertex -21.7653 -23.0224 0
    endloop
  endfacet
  facet normal -0.989118 -0.147126 0
    outer loop
      vertex -21.7653 -23.0224 6
      vertex -21.7422 -23.1777 0
      vertex -21.7422 -23.1777 6
    endloop
  endfacet
  facet normal -0.998796 -0.049048 0
    outer loop
      vertex -21.7345 -23.3345 0
      vertex -21.7422 -23.1777 6
      vertex -21.7422 -23.1777 0
    endloop
  endfacet
  facet normal -0.998796 -0.049048 0
    outer loop
      vertex -21.7422 -23.1777 6
      vertex -21.7345 -23.3345 0
      vertex -21.7345 -23.3345 6
    endloop
  endfacet
  facet normal -0.970105 -0.242685 0
    outer loop
      vertex -21.7653 -23.0224 0
      vertex -21.8034 -22.8701 6
      vertex -21.8034 -22.8701 0
    endloop
  endfacet
  facet normal -0.970105 -0.242685 0
    outer loop
      vertex -21.8034 -22.8701 6
      vertex -21.7653 -23.0224 0
      vertex -21.7653 -23.0224 6
    endloop
  endfacet
  facet normal 0.98921 0.146502 0
    outer loop
      vertex -24.9038 -23.6467 6
      vertex -24.9268 -23.4914 0
      vertex -24.9268 -23.4914 6
    endloop
  endfacet
  facet normal 0.98921 0.146502 0
    outer loop
      vertex -24.9268 -23.4914 0
      vertex -24.9038 -23.6467 6
      vertex -24.9038 -23.6467 0
    endloop
  endfacet
  facet normal 0.242685 -0.970105 0
    outer loop
      vertex -23.799 -21.8034 0
      vertex -23.6467 -21.7653 6
      vertex -23.799 -21.8034 6
    endloop
  endfacet
  facet normal 0.242685 -0.970105 0
    outer loop
      vertex -23.6467 -21.7653 6
      vertex -23.799 -21.8034 0
      vertex -23.6467 -21.7653 0
    endloop
  endfacet
  facet normal 0.514215 -0.857662 0
    outer loop
      vertex -24.2234 -22.0042 0
      vertex -24.0888 -21.9235 6
      vertex -24.2234 -22.0042 6
    endloop
  endfacet
  facet normal 0.514215 -0.857662 0
    outer loop
      vertex -24.0888 -21.9235 6
      vertex -24.2234 -22.0042 0
      vertex -24.0888 -21.9235 0
    endloop
  endfacet
  facet normal 0.85783 -0.513934 0
    outer loop
      vertex -24.7456 -22.5803 6
      vertex -24.6649 -22.4456 0
      vertex -24.6649 -22.4456 6
    endloop
  endfacet
  facet normal 0.85783 -0.513934 0
    outer loop
      vertex -24.6649 -22.4456 0
      vertex -24.7456 -22.5803 6
      vertex -24.7456 -22.5803 0
    endloop
  endfacet
  facet normal 0.336982 -0.941511 0
    outer loop
      vertex -23.9468 -21.8563 0
      vertex -23.799 -21.8034 6
      vertex -23.9468 -21.8563 6
    endloop
  endfacet
  facet normal 0.336982 -0.941511 0
    outer loop
      vertex -23.799 -21.8034 6
      vertex -23.9468 -21.8563 0
      vertex -23.799 -21.8034 0
    endloop
  endfacet
  facet normal 0.803196 0.595715 0
    outer loop
      vertex -24.5713 -24.3496 6
      vertex -24.6649 -24.2234 0
      vertex -24.6649 -24.2234 6
    endloop
  endfacet
  facet normal 0.803196 0.595715 0
    outer loop
      vertex -24.6649 -24.2234 0
      vertex -24.5713 -24.3496 6
      vertex -24.5713 -24.3496 0
    endloop
  endfacet
  facet normal 0.740977 -0.67153 0
    outer loop
      vertex -24.5713 -22.3195 6
      vertex -24.4659 -22.2032 0
      vertex -24.4659 -22.2032 6
    endloop
  endfacet
  facet normal 0.740977 -0.67153 0
    outer loop
      vertex -24.4659 -22.2032 0
      vertex -24.5713 -22.3195 6
      vertex -24.5713 -22.3195 0
    endloop
  endfacet
  facet normal -0.74066 -0.67188 0
    outer loop
      vertex -22.0977 -22.3195 0
      vertex -22.2032 -22.2032 6
      vertex -22.2032 -22.2032 0
    endloop
  endfacet
  facet normal -0.74066 -0.67188 0
    outer loop
      vertex -22.2032 -22.2032 6
      vertex -22.0977 -22.3195 0
      vertex -22.0977 -22.3195 6
    endloop
  endfacet
  facet normal -0.146502 0.98921 0
    outer loop
      vertex -23.0224 -24.9038 0
      vertex -23.1777 -24.9268 6
      vertex -23.0224 -24.9038 6
    endloop
  endfacet
  facet normal -0.146502 0.98921 0
    outer loop
      vertex -23.1777 -24.9268 6
      vertex -23.0224 -24.9038 0
      vertex -23.1777 -24.9268 0
    endloop
  endfacet
  facet normal 0.514215 0.857662 -0
    outer loop
      vertex -24.0888 -24.7456 0
      vertex -24.2234 -24.6649 6
      vertex -24.0888 -24.7456 6
    endloop
  endfacet
  facet normal 0.514215 0.857662 0
    outer loop
      vertex -24.2234 -24.6649 6
      vertex -24.0888 -24.7456 0
      vertex -24.2234 -24.6649 0
    endloop
  endfacet
  facet normal -0.049048 -0.998796 0
    outer loop
      vertex -23.3345 -21.7345 0
      vertex -23.1777 -21.7422 6
      vertex -23.3345 -21.7345 6
    endloop
  endfacet
  facet normal -0.049048 -0.998796 -0
    outer loop
      vertex -23.1777 -21.7422 6
      vertex -23.3345 -21.7345 0
      vertex -23.1777 -21.7422 0
    endloop
  endfacet
  facet normal 0.147126 -0.989118 0
    outer loop
      vertex -23.6467 -21.7653 0
      vertex -23.4914 -21.7422 6
      vertex -23.6467 -21.7653 6
    endloop
  endfacet
  facet normal 0.147126 -0.989118 0
    outer loop
      vertex -23.4914 -21.7422 6
      vertex -23.6467 -21.7653 0
      vertex -23.4914 -21.7422 0
    endloop
  endfacet
  facet normal -0.998798 0.0490169 0
    outer loop
      vertex -21.7422 -23.4914 0
      vertex -21.7345 -23.3345 6
      vertex -21.7345 -23.3345 0
    endloop
  endfacet
  facet normal -0.998798 0.0490169 0
    outer loop
      vertex -21.7345 -23.3345 6
      vertex -21.7422 -23.4914 0
      vertex -21.7422 -23.4914 6
    endloop
  endfacet
  facet normal -0.33678 -0.941583 0
    outer loop
      vertex -22.8701 -21.8034 0
      vertex -22.7222 -21.8563 6
      vertex -22.8701 -21.8034 6
    endloop
  endfacet
  facet normal -0.33678 -0.941583 -0
    outer loop
      vertex -22.7222 -21.8563 6
      vertex -22.8701 -21.8034 0
      vertex -22.7222 -21.8563 0
    endloop
  endfacet
  facet normal -0.74066 0.67188 0
    outer loop
      vertex -22.2032 -24.4659 0
      vertex -22.0977 -24.3496 6
      vertex -22.0977 -24.3496 0
    endloop
  endfacet
  facet normal -0.74066 0.67188 0
    outer loop
      vertex -22.0977 -24.3496 6
      vertex -22.2032 -24.4659 0
      vertex -22.2032 -24.4659 6
    endloop
  endfacet
  facet normal -0.903777 -0.428004 0
    outer loop
      vertex -21.8563 -22.7222 0
      vertex -21.9235 -22.5803 6
      vertex -21.9235 -22.5803 0
    endloop
  endfacet
  facet normal -0.903777 -0.428004 0
    outer loop
      vertex -21.9235 -22.5803 6
      vertex -21.8563 -22.7222 0
      vertex -21.8563 -22.7222 6
    endloop
  endfacet
  facet normal 0.904023 -0.427484 0
    outer loop
      vertex -24.8127 -22.7222 6
      vertex -24.7456 -22.5803 0
      vertex -24.7456 -22.5803 6
    endloop
  endfacet
  facet normal 0.904023 -0.427484 0
    outer loop
      vertex -24.7456 -22.5803 0
      vertex -24.8127 -22.7222 6
      vertex -24.8127 -22.7222 0
    endloop
  endfacet
  facet normal 0.243285 0.969955 -0
    outer loop
      vertex -23.6467 -24.9038 0
      vertex -23.799 -24.8656 6
      vertex -23.6467 -24.9038 6
    endloop
  endfacet
  facet normal 0.243285 0.969955 0
    outer loop
      vertex -23.799 -24.8656 6
      vertex -23.6467 -24.9038 0
      vertex -23.799 -24.8656 0
    endloop
  endfacet
  facet normal -0.941583 -0.33678 0
    outer loop
      vertex -21.8034 -22.8701 0
      vertex -21.8563 -22.7222 6
      vertex -21.8563 -22.7222 0
    endloop
  endfacet
  facet normal -0.941583 -0.33678 0
    outer loop
      vertex -21.8563 -22.7222 6
      vertex -21.8034 -22.8701 0
      vertex -21.8034 -22.8701 6
    endloop
  endfacet
  facet normal 0.941511 0.336982 0
    outer loop
      vertex -24.8127 -23.9468 6
      vertex -24.8656 -23.799 0
      vertex -24.8656 -23.799 6
    endloop
  endfacet
  facet normal 0.941511 0.336982 0
    outer loop
      vertex -24.8656 -23.799 0
      vertex -24.8127 -23.9468 6
      vertex -24.8127 -23.9468 0
    endloop
  endfacet
  facet normal 0.998796 -0.049048 0
    outer loop
      vertex -24.9345 -23.3345 6
      vertex -24.9268 -23.1777 0
      vertex -24.9268 -23.1777 6
    endloop
  endfacet
  facet normal 0.998796 -0.049048 0
    outer loop
      vertex -24.9268 -23.1777 0
      vertex -24.9345 -23.3345 6
      vertex -24.9345 -23.3345 0
    endloop
  endfacet
  facet normal 0.857662 0.514215 0
    outer loop
      vertex -24.6649 -24.2234 6
      vertex -24.7456 -24.0888 0
      vertex -24.7456 -24.0888 6
    endloop
  endfacet
  facet normal 0.857662 0.514215 0
    outer loop
      vertex -24.7456 -24.0888 0
      vertex -24.6649 -24.2234 6
      vertex -24.6649 -24.2234 0
    endloop
  endfacet
  facet normal 0.80297 -0.596019 0
    outer loop
      vertex -24.6649 -22.4456 6
      vertex -24.5713 -22.3195 0
      vertex -24.5713 -22.3195 6
    endloop
  endfacet
  facet normal 0.80297 -0.596019 0
    outer loop
      vertex -24.5713 -22.3195 0
      vertex -24.6649 -22.4456 6
      vertex -24.6649 -22.4456 0
    endloop
  endfacet
  facet normal -0.33678 0.941583 0
    outer loop
      vertex -22.7222 -24.8127 0
      vertex -22.8701 -24.8656 6
      vertex -22.7222 -24.8127 6
    endloop
  endfacet
  facet normal -0.33678 0.941583 0
    outer loop
      vertex -22.8701 -24.8656 6
      vertex -22.7222 -24.8127 0
      vertex -22.8701 -24.8656 0
    endloop
  endfacet
  facet normal 0.0490169 -0.998798 0
    outer loop
      vertex -23.4914 -21.7422 0
      vertex -23.3345 -21.7345 6
      vertex -23.4914 -21.7422 6
    endloop
  endfacet
  facet normal 0.0490169 -0.998798 0
    outer loop
      vertex -23.3345 -21.7345 6
      vertex -23.4914 -21.7422 0
      vertex -23.3345 -21.7345 0
    endloop
  endfacet
  facet normal -0.513934 -0.85783 0
    outer loop
      vertex -22.5803 -21.9235 0
      vertex -22.4456 -22.0042 6
      vertex -22.5803 -21.9235 6
    endloop
  endfacet
  facet normal -0.513934 -0.85783 -0
    outer loop
      vertex -22.4456 -22.0042 6
      vertex -22.5803 -21.9235 0
      vertex -22.4456 -22.0042 0
    endloop
  endfacet
  facet normal -0.595608 -0.803275 0
    outer loop
      vertex -22.4456 -22.0042 0
      vertex -22.3195 -22.0977 6
      vertex -22.4456 -22.0042 6
    endloop
  endfacet
  facet normal -0.595608 -0.803275 -0
    outer loop
      vertex -22.3195 -22.0977 6
      vertex -22.4456 -22.0042 0
      vertex -22.3195 -22.0977 0
    endloop
  endfacet
  facet normal 0.67188 -0.74066 0
    outer loop
      vertex -24.4659 -22.2032 0
      vertex -24.3496 -22.0977 6
      vertex -24.4659 -22.2032 6
    endloop
  endfacet
  facet normal 0.67188 -0.74066 0
    outer loop
      vertex -24.3496 -22.0977 6
      vertex -24.4659 -22.2032 0
      vertex -24.3496 -22.0977 0
    endloop
  endfacet
  facet normal 0.904139 0.427238 0
    outer loop
      vertex -24.7456 -24.0888 6
      vertex -24.8127 -23.9468 0
      vertex -24.8127 -23.9468 6
    endloop
  endfacet
  facet normal 0.904139 0.427238 0
    outer loop
      vertex -24.8127 -23.9468 0
      vertex -24.7456 -24.0888 6
      vertex -24.7456 -24.0888 0
    endloop
  endfacet
  facet normal -0.803275 -0.595608 0
    outer loop
      vertex -22.0042 -22.4456 0
      vertex -22.0977 -22.3195 6
      vertex -22.0977 -22.3195 0
    endloop
  endfacet
  facet normal -0.803275 -0.595608 0
    outer loop
      vertex -22.0977 -22.3195 6
      vertex -22.0042 -22.4456 0
      vertex -22.0042 -22.4456 6
    endloop
  endfacet
  facet normal -0.427484 0.904023 0
    outer loop
      vertex -22.5803 -24.7456 0
      vertex -22.7222 -24.8127 6
      vertex -22.5803 -24.7456 6
    endloop
  endfacet
  facet normal -0.427484 0.904023 0
    outer loop
      vertex -22.7222 -24.8127 6
      vertex -22.5803 -24.7456 0
      vertex -22.7222 -24.8127 0
    endloop
  endfacet
  facet normal 0.941583 -0.33678 0
    outer loop
      vertex -24.8656 -22.8701 6
      vertex -24.8127 -22.7222 0
      vertex -24.8127 -22.7222 6
    endloop
  endfacet
  facet normal 0.941583 -0.33678 0
    outer loop
      vertex -24.8127 -22.7222 0
      vertex -24.8656 -22.8701 6
      vertex -24.8656 -22.8701 0
    endloop
  endfacet
  facet normal 0.595715 0.803196 -0
    outer loop
      vertex -24.2234 -24.6649 0
      vertex -24.3496 -24.5713 6
      vertex -24.2234 -24.6649 6
    endloop
  endfacet
  facet normal 0.595715 0.803196 0
    outer loop
      vertex -24.3496 -24.5713 6
      vertex -24.2234 -24.6649 0
      vertex -24.3496 -24.5713 0
    endloop
  endfacet
  facet normal 0.998798 0.0490169 0
    outer loop
      vertex -24.9268 -23.4914 6
      vertex -24.9345 -23.3345 0
      vertex -24.9345 -23.3345 6
    endloop
  endfacet
  facet normal 0.998798 0.0490169 0
    outer loop
      vertex -24.9345 -23.3345 0
      vertex -24.9268 -23.4914 6
      vertex -24.9268 -23.4914 0
    endloop
  endfacet
  facet normal -0.941511 0.336982 0
    outer loop
      vertex -21.8563 -23.9468 0
      vertex -21.8034 -23.799 6
      vertex -21.8034 -23.799 0
    endloop
  endfacet
  facet normal -0.941511 0.336982 0
    outer loop
      vertex -21.8034 -23.799 6
      vertex -21.8563 -23.9468 0
      vertex -21.8563 -23.9468 6
    endloop
  endfacet
  facet normal -0.970105 0.242685 0
    outer loop
      vertex -21.8034 -23.799 0
      vertex -21.7653 -23.6467 6
      vertex -21.7653 -23.6467 0
    endloop
  endfacet
  facet normal -0.970105 0.242685 0
    outer loop
      vertex -21.7653 -23.6467 6
      vertex -21.8034 -23.799 0
      vertex -21.8034 -23.799 6
    endloop
  endfacet
  facet normal -0.049048 0.998796 0
    outer loop
      vertex -23.1777 -24.9268 0
      vertex -23.3345 -24.9345 6
      vertex -23.1777 -24.9268 6
    endloop
  endfacet
  facet normal -0.049048 0.998796 0
    outer loop
      vertex -23.3345 -24.9345 6
      vertex -23.1777 -24.9268 0
      vertex -23.3345 -24.9345 0
    endloop
  endfacet
  facet normal -0.803501 0.595304 0
    outer loop
      vertex -22.0977 -24.3496 0
      vertex -22.0042 -24.2234 6
      vertex -22.0042 -24.2234 0
    endloop
  endfacet
  facet normal -0.803501 0.595304 0
    outer loop
      vertex -22.0042 -24.2234 6
      vertex -22.0977 -24.3496 0
      vertex -22.0977 -24.3496 6
    endloop
  endfacet
  facet normal 0.595304 -0.803501 0
    outer loop
      vertex -24.3496 -22.0977 0
      vertex -24.2234 -22.0042 6
      vertex -24.3496 -22.0977 6
    endloop
  endfacet
  facet normal 0.595304 -0.803501 0
    outer loop
      vertex -24.2234 -22.0042 6
      vertex -24.3496 -22.0977 0
      vertex -24.2234 -22.0042 0
    endloop
  endfacet
  facet normal -0.513934 0.85783 0
    outer loop
      vertex -22.4456 -24.6649 0
      vertex -22.5803 -24.7456 6
      vertex -22.4456 -24.6649 6
    endloop
  endfacet
  facet normal -0.513934 0.85783 0
    outer loop
      vertex -22.5803 -24.7456 6
      vertex -22.4456 -24.6649 0
      vertex -22.5803 -24.7456 0
    endloop
  endfacet
  facet normal -0.428004 -0.903777 0
    outer loop
      vertex -22.7222 -21.8563 0
      vertex -22.5803 -21.9235 6
      vertex -22.7222 -21.8563 6
    endloop
  endfacet
  facet normal -0.428004 -0.903777 -0
    outer loop
      vertex -22.5803 -21.9235 6
      vertex -22.7222 -21.8563 0
      vertex -22.5803 -21.9235 0
    endloop
  endfacet
  facet normal -0.67188 -0.74066 0
    outer loop
      vertex -22.3195 -22.0977 0
      vertex -22.2032 -22.2032 6
      vertex -22.3195 -22.0977 6
    endloop
  endfacet
  facet normal -0.67188 -0.74066 -0
    outer loop
      vertex -22.2032 -22.2032 6
      vertex -22.3195 -22.0977 0
      vertex -22.2032 -22.2032 0
    endloop
  endfacet
  facet normal -0.989118 0.147126 0
    outer loop
      vertex -21.7653 -23.6467 0
      vertex -21.7422 -23.4914 6
      vertex -21.7422 -23.4914 0
    endloop
  endfacet
  facet normal -0.989118 0.147126 0
    outer loop
      vertex -21.7422 -23.4914 6
      vertex -21.7653 -23.6467 0
      vertex -21.7653 -23.6467 6
    endloop
  endfacet
  facet normal 0.146502 0.98921 -0
    outer loop
      vertex -23.4914 -24.9268 0
      vertex -23.6467 -24.9038 6
      vertex -23.4914 -24.9268 6
    endloop
  endfacet
  facet normal 0.146502 0.98921 0
    outer loop
      vertex -23.6467 -24.9038 6
      vertex -23.4914 -24.9268 0
      vertex -23.6467 -24.9038 0
    endloop
  endfacet
  facet normal -0.85783 -0.513934 0
    outer loop
      vertex -21.9235 -22.5803 0
      vertex -22.0042 -22.4456 6
      vertex -22.0042 -22.4456 0
    endloop
  endfacet
  facet normal -0.85783 -0.513934 0
    outer loop
      vertex -22.0042 -22.4456 6
      vertex -21.9235 -22.5803 0
      vertex -21.9235 -22.5803 6
    endloop
  endfacet
  facet normal 0.969955 -0.243285 0
    outer loop
      vertex -24.9038 -23.0224 6
      vertex -24.8656 -22.8701 0
      vertex -24.8656 -22.8701 6
    endloop
  endfacet
  facet normal 0.969955 -0.243285 0
    outer loop
      vertex -24.8656 -22.8701 0
      vertex -24.9038 -23.0224 6
      vertex -24.9038 -23.0224 0
    endloop
  endfacet
  facet normal 0.427238 0.904139 -0
    outer loop
      vertex -23.9468 -24.8127 0
      vertex -24.0888 -24.7456 6
      vertex -23.9468 -24.8127 6
    endloop
  endfacet
  facet normal 0.427238 0.904139 0
    outer loop
      vertex -24.0888 -24.7456 6
      vertex -23.9468 -24.8127 0
      vertex -24.0888 -24.7456 0
    endloop
  endfacet
  facet normal -0.147126 -0.989118 0
    outer loop
      vertex -23.1777 -21.7422 0
      vertex -23.0224 -21.7653 6
      vertex -23.1777 -21.7422 6
    endloop
  endfacet
  facet normal -0.147126 -0.989118 -0
    outer loop
      vertex -23.0224 -21.7653 6
      vertex -23.1777 -21.7422 0
      vertex -23.0224 -21.7653 0
    endloop
  endfacet
  facet normal 0.427758 -0.903893 0
    outer loop
      vertex -24.0888 -21.9235 0
      vertex -23.9468 -21.8563 6
      vertex -24.0888 -21.9235 6
    endloop
  endfacet
  facet normal 0.427758 -0.903893 0
    outer loop
      vertex -23.9468 -21.8563 6
      vertex -24.0888 -21.9235 0
      vertex -23.9468 -21.8563 0
    endloop
  endfacet
  facet normal -0.243285 0.969955 0
    outer loop
      vertex -22.8701 -24.8656 0
      vertex -23.0224 -24.9038 6
      vertex -22.8701 -24.8656 6
    endloop
  endfacet
  facet normal -0.243285 0.969955 0
    outer loop
      vertex -23.0224 -24.9038 6
      vertex -22.8701 -24.8656 0
      vertex -23.0224 -24.9038 0
    endloop
  endfacet
  facet normal -0.596019 0.80297 0
    outer loop
      vertex -22.3195 -24.5713 0
      vertex -22.4456 -24.6649 6
      vertex -22.3195 -24.5713 6
    endloop
  endfacet
  facet normal -0.596019 0.80297 0
    outer loop
      vertex -22.4456 -24.6649 6
      vertex -22.3195 -24.5713 0
      vertex -22.4456 -24.6649 0
    endloop
  endfacet
  facet normal 0.98921 -0.146502 0
    outer loop
      vertex -24.9268 -23.1777 6
      vertex -24.9038 -23.0224 0
      vertex -24.9038 -23.0224 6
    endloop
  endfacet
  facet normal 0.98921 -0.146502 0
    outer loop
      vertex -24.9038 -23.0224 0
      vertex -24.9268 -23.1777 6
      vertex -24.9268 -23.1777 0
    endloop
  endfacet
  facet normal 0.969955 0.243285 0
    outer loop
      vertex -24.8656 -23.799 6
      vertex -24.9038 -23.6467 0
      vertex -24.9038 -23.6467 6
    endloop
  endfacet
  facet normal 0.969955 0.243285 0
    outer loop
      vertex -24.9038 -23.6467 0
      vertex -24.8656 -23.799 6
      vertex -24.8656 -23.799 0
    endloop
  endfacet
  facet normal 0.740977 0.67153 0
    outer loop
      vertex -24.4659 -24.4659 6
      vertex -24.5713 -24.3496 0
      vertex -24.5713 -24.3496 6
    endloop
  endfacet
  facet normal 0.740977 0.67153 0
    outer loop
      vertex -24.5713 -24.3496 0
      vertex -24.4659 -24.4659 6
      vertex -24.4659 -24.4659 0
    endloop
  endfacet
  facet normal -0.903893 0.427758 0
    outer loop
      vertex -21.9235 -24.0888 0
      vertex -21.8563 -23.9468 6
      vertex -21.8563 -23.9468 0
    endloop
  endfacet
  facet normal -0.903893 0.427758 0
    outer loop
      vertex -21.8563 -23.9468 6
      vertex -21.9235 -24.0888 0
      vertex -21.9235 -24.0888 6
    endloop
  endfacet
  facet normal -0.857662 0.514215 0
    outer loop
      vertex -22.0042 -24.2234 0
      vertex -21.9235 -24.0888 6
      vertex -21.9235 -24.0888 0
    endloop
  endfacet
  facet normal -0.857662 0.514215 0
    outer loop
      vertex -21.9235 -24.0888 6
      vertex -22.0042 -24.2234 0
      vertex -22.0042 -24.2234 6
    endloop
  endfacet
  facet normal 0.67153 0.740977 -0
    outer loop
      vertex -24.3496 -24.5713 0
      vertex -24.4659 -24.4659 6
      vertex -24.3496 -24.5713 6
    endloop
  endfacet
  facet normal 0.67153 0.740977 0
    outer loop
      vertex -24.4659 -24.4659 6
      vertex -24.3496 -24.5713 0
      vertex -24.4659 -24.4659 0
    endloop
  endfacet
  facet normal -0.242685 -0.970105 0
    outer loop
      vertex -23.0224 -21.7653 0
      vertex -22.8701 -21.8034 6
      vertex -23.0224 -21.7653 6
    endloop
  endfacet
  facet normal -0.242685 -0.970105 -0
    outer loop
      vertex -22.8701 -21.8034 6
      vertex -23.0224 -21.7653 0
      vertex -22.8701 -21.8034 0
    endloop
  endfacet
  facet normal 0.0490169 0.998798 -0
    outer loop
      vertex -23.3345 -24.9345 0
      vertex -23.4914 -24.9268 6
      vertex -23.3345 -24.9345 6
    endloop
  endfacet
  facet normal 0.0490169 0.998798 0
    outer loop
      vertex -23.4914 -24.9268 6
      vertex -23.3345 -24.9345 0
      vertex -23.4914 -24.9268 0
    endloop
  endfacet
  facet normal -0.67153 0.740977 0
    outer loop
      vertex -22.2032 -24.4659 0
      vertex -22.3195 -24.5713 6
      vertex -22.2032 -24.4659 6
    endloop
  endfacet
  facet normal -0.67153 0.740977 0
    outer loop
      vertex -22.3195 -24.5713 6
      vertex -22.2032 -24.4659 0
      vertex -22.3195 -24.5713 0
    endloop
  endfacet
  facet normal -0.0490169 -0.998798 0
    outer loop
      vertex 23.3345 -21.7345 0
      vertex 23.4914 -21.7422 6
      vertex 23.3345 -21.7345 6
    endloop
  endfacet
  facet normal -0.0490169 -0.998798 -0
    outer loop
      vertex 23.4914 -21.7422 6
      vertex 23.3345 -21.7345 0
      vertex 23.4914 -21.7422 0
    endloop
  endfacet
  facet normal -0.98921 -0.146502 0
    outer loop
      vertex 24.9268 -23.1777 0
      vertex 24.9038 -23.0224 6
      vertex 24.9038 -23.0224 0
    endloop
  endfacet
  facet normal -0.98921 -0.146502 0
    outer loop
      vertex 24.9038 -23.0224 6
      vertex 24.9268 -23.1777 0
      vertex 24.9268 -23.1777 6
    endloop
  endfacet
  facet normal -0.998796 -0.049048 0
    outer loop
      vertex 24.9345 -23.3345 0
      vertex 24.9268 -23.1777 6
      vertex 24.9268 -23.1777 0
    endloop
  endfacet
  facet normal -0.998796 -0.049048 0
    outer loop
      vertex 24.9268 -23.1777 6
      vertex 24.9345 -23.3345 0
      vertex 24.9345 -23.3345 6
    endloop
  endfacet
  facet normal -0.969955 -0.243285 0
    outer loop
      vertex 24.9038 -23.0224 0
      vertex 24.8656 -22.8701 6
      vertex 24.8656 -22.8701 0
    endloop
  endfacet
  facet normal -0.969955 -0.243285 0
    outer loop
      vertex 24.8656 -22.8701 6
      vertex 24.9038 -23.0224 0
      vertex 24.9038 -23.0224 6
    endloop
  endfacet
  facet normal -0.67188 -0.74066 0
    outer loop
      vertex 24.3496 -22.0977 0
      vertex 24.4659 -22.2032 6
      vertex 24.3496 -22.0977 6
    endloop
  endfacet
  facet normal -0.67188 -0.74066 -0
    outer loop
      vertex 24.4659 -22.2032 6
      vertex 24.3496 -22.0977 0
      vertex 24.4659 -22.2032 0
    endloop
  endfacet
  facet normal 0.147126 -0.989118 0
    outer loop
      vertex 23.0224 -21.7653 0
      vertex 23.1777 -21.7422 6
      vertex 23.0224 -21.7653 6
    endloop
  endfacet
  facet normal 0.147126 -0.989118 0
    outer loop
      vertex 23.1777 -21.7422 6
      vertex 23.0224 -21.7653 0
      vertex 23.1777 -21.7422 0
    endloop
  endfacet
  facet normal -0.80297 -0.596019 0
    outer loop
      vertex 24.6649 -22.4456 0
      vertex 24.5713 -22.3195 6
      vertex 24.5713 -22.3195 0
    endloop
  endfacet
  facet normal -0.80297 -0.596019 0
    outer loop
      vertex 24.5713 -22.3195 6
      vertex 24.6649 -22.4456 0
      vertex 24.6649 -22.4456 6
    endloop
  endfacet
  facet normal 0.513934 0.85783 -0
    outer loop
      vertex 22.5803 -24.7456 0
      vertex 22.4456 -24.6649 6
      vertex 22.5803 -24.7456 6
    endloop
  endfacet
  facet normal 0.513934 0.85783 0
    outer loop
      vertex 22.4456 -24.6649 6
      vertex 22.5803 -24.7456 0
      vertex 22.4456 -24.6649 0
    endloop
  endfacet
  facet normal -0.595304 -0.803501 0
    outer loop
      vertex 24.2234 -22.0042 0
      vertex 24.3496 -22.0977 6
      vertex 24.2234 -22.0042 6
    endloop
  endfacet
  facet normal -0.595304 -0.803501 -0
    outer loop
      vertex 24.3496 -22.0977 6
      vertex 24.2234 -22.0042 0
      vertex 24.3496 -22.0977 0
    endloop
  endfacet
  facet normal -0.998798 0.0490169 0
    outer loop
      vertex 24.9268 -23.4914 0
      vertex 24.9345 -23.3345 6
      vertex 24.9345 -23.3345 0
    endloop
  endfacet
  facet normal -0.998798 0.0490169 0
    outer loop
      vertex 24.9345 -23.3345 6
      vertex 24.9268 -23.4914 0
      vertex 24.9268 -23.4914 6
    endloop
  endfacet
  facet normal 0.242685 -0.970105 0
    outer loop
      vertex 22.8701 -21.8034 0
      vertex 23.0224 -21.7653 6
      vertex 22.8701 -21.8034 6
    endloop
  endfacet
  facet normal 0.242685 -0.970105 0
    outer loop
      vertex 23.0224 -21.7653 6
      vertex 22.8701 -21.8034 0
      vertex 23.0224 -21.7653 0
    endloop
  endfacet
  facet normal -0.427758 -0.903893 0
    outer loop
      vertex 23.9468 -21.8563 0
      vertex 24.0888 -21.9235 6
      vertex 23.9468 -21.8563 6
    endloop
  endfacet
  facet normal -0.427758 -0.903893 -0
    outer loop
      vertex 24.0888 -21.9235 6
      vertex 23.9468 -21.8563 0
      vertex 24.0888 -21.9235 0
    endloop
  endfacet
  facet normal 0.803275 -0.595608 0
    outer loop
      vertex 22.0042 -22.4456 6
      vertex 22.0977 -22.3195 0
      vertex 22.0977 -22.3195 6
    endloop
  endfacet
  facet normal 0.803275 -0.595608 0
    outer loop
      vertex 22.0977 -22.3195 0
      vertex 22.0042 -22.4456 6
      vertex 22.0042 -22.4456 0
    endloop
  endfacet
  facet normal 0.428004 -0.903777 0
    outer loop
      vertex 22.5803 -21.9235 0
      vertex 22.7222 -21.8563 6
      vertex 22.5803 -21.9235 6
    endloop
  endfacet
  facet normal 0.428004 -0.903777 0
    outer loop
      vertex 22.7222 -21.8563 6
      vertex 22.5803 -21.9235 0
      vertex 22.7222 -21.8563 0
    endloop
  endfacet
  facet normal 0.67153 0.740977 -0
    outer loop
      vertex 22.3195 -24.5713 0
      vertex 22.2032 -24.4659 6
      vertex 22.3195 -24.5713 6
    endloop
  endfacet
  facet normal 0.67153 0.740977 0
    outer loop
      vertex 22.2032 -24.4659 6
      vertex 22.3195 -24.5713 0
      vertex 22.2032 -24.4659 0
    endloop
  endfacet
  facet normal -0.242685 -0.970105 0
    outer loop
      vertex 23.6467 -21.7653 0
      vertex 23.799 -21.8034 6
      vertex 23.6467 -21.7653 6
    endloop
  endfacet
  facet normal -0.242685 -0.970105 -0
    outer loop
      vertex 23.799 -21.8034 6
      vertex 23.6467 -21.7653 0
      vertex 23.799 -21.8034 0
    endloop
  endfacet
  facet normal 0.989118 0.147126 0
    outer loop
      vertex 21.7653 -23.6467 6
      vertex 21.7422 -23.4914 0
      vertex 21.7422 -23.4914 6
    endloop
  endfacet
  facet normal 0.989118 0.147126 0
    outer loop
      vertex 21.7422 -23.4914 0
      vertex 21.7653 -23.6467 6
      vertex 21.7653 -23.6467 0
    endloop
  endfacet
  facet normal 0.970105 -0.242685 0
    outer loop
      vertex 21.7653 -23.0224 6
      vertex 21.8034 -22.8701 0
      vertex 21.8034 -22.8701 6
    endloop
  endfacet
  facet normal 0.970105 -0.242685 0
    outer loop
      vertex 21.8034 -22.8701 0
      vertex 21.7653 -23.0224 6
      vertex 21.7653 -23.0224 0
    endloop
  endfacet
  facet normal 0.049048 -0.998796 0
    outer loop
      vertex 23.1777 -21.7422 0
      vertex 23.3345 -21.7345 6
      vertex 23.1777 -21.7422 6
    endloop
  endfacet
  facet normal 0.049048 -0.998796 0
    outer loop
      vertex 23.3345 -21.7345 6
      vertex 23.1777 -21.7422 0
      vertex 23.3345 -21.7345 0
    endloop
  endfacet
  facet normal -0.857662 0.514215 0
    outer loop
      vertex 24.6649 -24.2234 0
      vertex 24.7456 -24.0888 6
      vertex 24.7456 -24.0888 0
    endloop
  endfacet
  facet normal -0.857662 0.514215 0
    outer loop
      vertex 24.7456 -24.0888 6
      vertex 24.6649 -24.2234 0
      vertex 24.6649 -24.2234 6
    endloop
  endfacet
  facet normal 0.803501 0.595304 0
    outer loop
      vertex 22.0977 -24.3496 6
      vertex 22.0042 -24.2234 0
      vertex 22.0042 -24.2234 6
    endloop
  endfacet
  facet normal 0.803501 0.595304 0
    outer loop
      vertex 22.0042 -24.2234 0
      vertex 22.0977 -24.3496 6
      vertex 22.0977 -24.3496 0
    endloop
  endfacet
  facet normal 0.941583 -0.33678 0
    outer loop
      vertex 21.8034 -22.8701 6
      vertex 21.8563 -22.7222 0
      vertex 21.8563 -22.7222 6
    endloop
  endfacet
  facet normal 0.941583 -0.33678 0
    outer loop
      vertex 21.8563 -22.7222 0
      vertex 21.8034 -22.8701 6
      vertex 21.8034 -22.8701 0
    endloop
  endfacet
  facet normal -0.336982 -0.941511 0
    outer loop
      vertex 23.799 -21.8034 0
      vertex 23.9468 -21.8563 6
      vertex 23.799 -21.8034 6
    endloop
  endfacet
  facet normal -0.336982 -0.941511 -0
    outer loop
      vertex 23.9468 -21.8563 6
      vertex 23.799 -21.8034 0
      vertex 23.9468 -21.8563 0
    endloop
  endfacet
  facet normal 0.33678 -0.941583 0
    outer loop
      vertex 22.7222 -21.8563 0
      vertex 22.8701 -21.8034 6
      vertex 22.7222 -21.8563 6
    endloop
  endfacet
  facet normal 0.33678 -0.941583 0
    outer loop
      vertex 22.8701 -21.8034 6
      vertex 22.7222 -21.8563 0
      vertex 22.8701 -21.8034 0
    endloop
  endfacet
  facet normal -0.904023 -0.427484 0
    outer loop
      vertex 24.8127 -22.7222 0
      vertex 24.7456 -22.5803 6
      vertex 24.7456 -22.5803 0
    endloop
  endfacet
  facet normal -0.904023 -0.427484 0
    outer loop
      vertex 24.7456 -22.5803 6
      vertex 24.8127 -22.7222 0
      vertex 24.8127 -22.7222 6
    endloop
  endfacet
  facet normal 0.970105 0.242685 0
    outer loop
      vertex 21.8034 -23.799 6
      vertex 21.7653 -23.6467 0
      vertex 21.7653 -23.6467 6
    endloop
  endfacet
  facet normal 0.970105 0.242685 0
    outer loop
      vertex 21.7653 -23.6467 0
      vertex 21.8034 -23.799 6
      vertex 21.8034 -23.799 0
    endloop
  endfacet
  facet normal 0.941511 0.336982 0
    outer loop
      vertex 21.8563 -23.9468 6
      vertex 21.8034 -23.799 0
      vertex 21.8034 -23.799 6
    endloop
  endfacet
  facet normal 0.941511 0.336982 0
    outer loop
      vertex 21.8034 -23.799 0
      vertex 21.8563 -23.9468 6
      vertex 21.8563 -23.9468 0
    endloop
  endfacet
  facet normal -0.147126 -0.989118 0
    outer loop
      vertex 23.4914 -21.7422 0
      vertex 23.6467 -21.7653 6
      vertex 23.4914 -21.7422 6
    endloop
  endfacet
  facet normal -0.147126 -0.989118 -0
    outer loop
      vertex 23.6467 -21.7653 6
      vertex 23.4914 -21.7422 0
      vertex 23.6467 -21.7653 0
    endloop
  endfacet
  facet normal -0.969955 0.243285 0
    outer loop
      vertex 24.8656 -23.799 0
      vertex 24.9038 -23.6467 6
      vertex 24.9038 -23.6467 0
    endloop
  endfacet
  facet normal -0.969955 0.243285 0
    outer loop
      vertex 24.9038 -23.6467 6
      vertex 24.8656 -23.799 0
      vertex 24.8656 -23.799 6
    endloop
  endfacet
  facet normal -0.146502 0.98921 0
    outer loop
      vertex 23.6467 -24.9038 0
      vertex 23.4914 -24.9268 6
      vertex 23.6467 -24.9038 6
    endloop
  endfacet
  facet normal -0.146502 0.98921 0
    outer loop
      vertex 23.4914 -24.9268 6
      vertex 23.6467 -24.9038 0
      vertex 23.4914 -24.9268 0
    endloop
  endfacet
  facet normal 0.146502 0.98921 -0
    outer loop
      vertex 23.1777 -24.9268 0
      vertex 23.0224 -24.9038 6
      vertex 23.1777 -24.9268 6
    endloop
  endfacet
  facet normal 0.146502 0.98921 0
    outer loop
      vertex 23.0224 -24.9038 6
      vertex 23.1777 -24.9268 0
      vertex 23.0224 -24.9038 0
    endloop
  endfacet
  facet normal -0.514215 -0.857662 0
    outer loop
      vertex 24.0888 -21.9235 0
      vertex 24.2234 -22.0042 6
      vertex 24.0888 -21.9235 6
    endloop
  endfacet
  facet normal -0.514215 -0.857662 -0
    outer loop
      vertex 24.2234 -22.0042 6
      vertex 24.0888 -21.9235 0
      vertex 24.2234 -22.0042 0
    endloop
  endfacet
  facet normal 0.67188 -0.74066 0
    outer loop
      vertex 22.2032 -22.2032 0
      vertex 22.3195 -22.0977 6
      vertex 22.2032 -22.2032 6
    endloop
  endfacet
  facet normal 0.67188 -0.74066 0
    outer loop
      vertex 22.3195 -22.0977 6
      vertex 22.2032 -22.2032 0
      vertex 22.3195 -22.0977 0
    endloop
  endfacet
  facet normal -0.243285 0.969955 0
    outer loop
      vertex 23.799 -24.8656 0
      vertex 23.6467 -24.9038 6
      vertex 23.799 -24.8656 6
    endloop
  endfacet
  facet normal -0.243285 0.969955 0
    outer loop
      vertex 23.6467 -24.9038 6
      vertex 23.799 -24.8656 0
      vertex 23.6467 -24.9038 0
    endloop
  endfacet
  facet normal -0.336982 0.941511 0
    outer loop
      vertex 23.9468 -24.8127 0
      vertex 23.799 -24.8656 6
      vertex 23.9468 -24.8127 6
    endloop
  endfacet
  facet normal -0.336982 0.941511 0
    outer loop
      vertex 23.799 -24.8656 6
      vertex 23.9468 -24.8127 0
      vertex 23.799 -24.8656 0
    endloop
  endfacet
  facet normal -0.803196 0.595715 0
    outer loop
      vertex 24.5713 -24.3496 0
      vertex 24.6649 -24.2234 6
      vertex 24.6649 -24.2234 0
    endloop
  endfacet
  facet normal -0.803196 0.595715 0
    outer loop
      vertex 24.6649 -24.2234 6
      vertex 24.5713 -24.3496 0
      vertex 24.5713 -24.3496 6
    endloop
  endfacet
  facet normal -0.941583 -0.33678 0
    outer loop
      vertex 24.8656 -22.8701 0
      vertex 24.8127 -22.7222 6
      vertex 24.8127 -22.7222 0
    endloop
  endfacet
  facet normal -0.941583 -0.33678 0
    outer loop
      vertex 24.8127 -22.7222 6
      vertex 24.8656 -22.8701 0
      vertex 24.8656 -22.8701 6
    endloop
  endfacet
  facet normal -0.514215 0.857662 0
    outer loop
      vertex 24.2234 -24.6649 0
      vertex 24.0888 -24.7456 6
      vertex 24.2234 -24.6649 6
    endloop
  endfacet
  facet normal -0.514215 0.857662 0
    outer loop
      vertex 24.0888 -24.7456 6
      vertex 24.2234 -24.6649 0
      vertex 24.0888 -24.7456 0
    endloop
  endfacet
  facet normal -0.427238 0.904139 0
    outer loop
      vertex 24.0888 -24.7456 0
      vertex 23.9468 -24.8127 6
      vertex 24.0888 -24.7456 6
    endloop
  endfacet
  facet normal -0.427238 0.904139 0
    outer loop
      vertex 23.9468 -24.8127 6
      vertex 24.0888 -24.7456 0
      vertex 23.9468 -24.8127 0
    endloop
  endfacet
  facet normal 0.989118 -0.147126 0
    outer loop
      vertex 21.7422 -23.1777 6
      vertex 21.7653 -23.0224 0
      vertex 21.7653 -23.0224 6
    endloop
  endfacet
  facet normal 0.989118 -0.147126 0
    outer loop
      vertex 21.7653 -23.0224 0
      vertex 21.7422 -23.1777 6
      vertex 21.7422 -23.1777 0
    endloop
  endfacet
  facet normal 0.243285 0.969955 -0
    outer loop
      vertex 23.0224 -24.9038 0
      vertex 22.8701 -24.8656 6
      vertex 23.0224 -24.9038 6
    endloop
  endfacet
  facet normal 0.243285 0.969955 0
    outer loop
      vertex 22.8701 -24.8656 6
      vertex 23.0224 -24.9038 0
      vertex 22.8701 -24.8656 0
    endloop
  endfacet
  facet normal 0.595608 -0.803275 0
    outer loop
      vertex 22.3195 -22.0977 0
      vertex 22.4456 -22.0042 6
      vertex 22.3195 -22.0977 6
    endloop
  endfacet
  facet normal 0.595608 -0.803275 0
    outer loop
      vertex 22.4456 -22.0042 6
      vertex 22.3195 -22.0977 0
      vertex 22.4456 -22.0042 0
    endloop
  endfacet
  facet normal -0.67153 0.740977 0
    outer loop
      vertex 24.4659 -24.4659 0
      vertex 24.3496 -24.5713 6
      vertex 24.4659 -24.4659 6
    endloop
  endfacet
  facet normal -0.67153 0.740977 0
    outer loop
      vertex 24.3496 -24.5713 6
      vertex 24.4659 -24.4659 0
      vertex 24.3496 -24.5713 0
    endloop
  endfacet
  facet normal 0.513934 -0.85783 0
    outer loop
      vertex 22.4456 -22.0042 0
      vertex 22.5803 -21.9235 6
      vertex 22.4456 -22.0042 6
    endloop
  endfacet
  facet normal 0.513934 -0.85783 0
    outer loop
      vertex 22.5803 -21.9235 6
      vertex 22.4456 -22.0042 0
      vertex 22.5803 -21.9235 0
    endloop
  endfacet
  facet normal 0.74066 0.67188 0
    outer loop
      vertex 22.2032 -24.4659 6
      vertex 22.0977 -24.3496 0
      vertex 22.0977 -24.3496 6
    endloop
  endfacet
  facet normal 0.74066 0.67188 0
    outer loop
      vertex 22.0977 -24.3496 0
      vertex 22.2032 -24.4659 6
      vertex 22.2032 -24.4659 0
    endloop
  endfacet
  facet normal -0.98921 0.146502 0
    outer loop
      vertex 24.9038 -23.6467 0
      vertex 24.9268 -23.4914 6
      vertex 24.9268 -23.4914 0
    endloop
  endfacet
  facet normal -0.98921 0.146502 0
    outer loop
      vertex 24.9268 -23.4914 6
      vertex 24.9038 -23.6467 0
      vertex 24.9038 -23.6467 6
    endloop
  endfacet
  facet normal -0.85783 -0.513934 0
    outer loop
      vertex 24.7456 -22.5803 0
      vertex 24.6649 -22.4456 6
      vertex 24.6649 -22.4456 0
    endloop
  endfacet
  facet normal -0.85783 -0.513934 0
    outer loop
      vertex 24.6649 -22.4456 6
      vertex 24.7456 -22.5803 0
      vertex 24.7456 -22.5803 6
    endloop
  endfacet
  facet normal -0.740977 -0.67153 0
    outer loop
      vertex 24.5713 -22.3195 0
      vertex 24.4659 -22.2032 6
      vertex 24.4659 -22.2032 0
    endloop
  endfacet
  facet normal -0.740977 -0.67153 0
    outer loop
      vertex 24.4659 -22.2032 6
      vertex 24.5713 -22.3195 0
      vertex 24.5713 -22.3195 6
    endloop
  endfacet
  facet normal 0.903777 -0.428004 0
    outer loop
      vertex 21.8563 -22.7222 6
      vertex 21.9235 -22.5803 0
      vertex 21.9235 -22.5803 6
    endloop
  endfacet
  facet normal 0.903777 -0.428004 0
    outer loop
      vertex 21.9235 -22.5803 0
      vertex 21.8563 -22.7222 6
      vertex 21.8563 -22.7222 0
    endloop
  endfacet
  facet normal 0.74066 -0.67188 0
    outer loop
      vertex 22.0977 -22.3195 6
      vertex 22.2032 -22.2032 0
      vertex 22.2032 -22.2032 6
    endloop
  endfacet
  facet normal 0.74066 -0.67188 0
    outer loop
      vertex 22.2032 -22.2032 0
      vertex 22.0977 -22.3195 6
      vertex 22.0977 -22.3195 0
    endloop
  endfacet
  facet normal 0.33678 0.941583 -0
    outer loop
      vertex 22.8701 -24.8656 0
      vertex 22.7222 -24.8127 6
      vertex 22.8701 -24.8656 6
    endloop
  endfacet
  facet normal 0.33678 0.941583 0
    outer loop
      vertex 22.7222 -24.8127 6
      vertex 22.8701 -24.8656 0
      vertex 22.7222 -24.8127 0
    endloop
  endfacet
  facet normal 0.596019 0.80297 -0
    outer loop
      vertex 22.4456 -24.6649 0
      vertex 22.3195 -24.5713 6
      vertex 22.4456 -24.6649 6
    endloop
  endfacet
  facet normal 0.596019 0.80297 0
    outer loop
      vertex 22.3195 -24.5713 6
      vertex 22.4456 -24.6649 0
      vertex 22.3195 -24.5713 0
    endloop
  endfacet
  facet normal 0.903893 0.427758 0
    outer loop
      vertex 21.9235 -24.0888 6
      vertex 21.8563 -23.9468 0
      vertex 21.8563 -23.9468 6
    endloop
  endfacet
  facet normal 0.903893 0.427758 0
    outer loop
      vertex 21.8563 -23.9468 0
      vertex 21.9235 -24.0888 6
      vertex 21.9235 -24.0888 0
    endloop
  endfacet
  facet normal -0.740977 0.67153 0
    outer loop
      vertex 24.4659 -24.4659 0
      vertex 24.5713 -24.3496 6
      vertex 24.5713 -24.3496 0
    endloop
  endfacet
  facet normal -0.740977 0.67153 0
    outer loop
      vertex 24.5713 -24.3496 6
      vertex 24.4659 -24.4659 0
      vertex 24.4659 -24.4659 6
    endloop
  endfacet
  facet normal 0.857662 0.514215 0
    outer loop
      vertex 22.0042 -24.2234 6
      vertex 21.9235 -24.0888 0
      vertex 21.9235 -24.0888 6
    endloop
  endfacet
  facet normal 0.857662 0.514215 0
    outer loop
      vertex 21.9235 -24.0888 0
      vertex 22.0042 -24.2234 6
      vertex 22.0042 -24.2234 0
    endloop
  endfacet
  facet normal -0.941511 0.336982 0
    outer loop
      vertex 24.8127 -23.9468 0
      vertex 24.8656 -23.799 6
      vertex 24.8656 -23.799 0
    endloop
  endfacet
  facet normal -0.941511 0.336982 0
    outer loop
      vertex 24.8656 -23.799 6
      vertex 24.8127 -23.9468 0
      vertex 24.8127 -23.9468 6
    endloop
  endfacet
  facet normal -0.0490169 0.998798 0
    outer loop
      vertex 23.4914 -24.9268 0
      vertex 23.3345 -24.9345 6
      vertex 23.4914 -24.9268 6
    endloop
  endfacet
  facet normal -0.0490169 0.998798 0
    outer loop
      vertex 23.3345 -24.9345 6
      vertex 23.4914 -24.9268 0
      vertex 23.3345 -24.9345 0
    endloop
  endfacet
  facet normal -0.595715 0.803196 0
    outer loop
      vertex 24.3496 -24.5713 0
      vertex 24.2234 -24.6649 6
      vertex 24.3496 -24.5713 6
    endloop
  endfacet
  facet normal -0.595715 0.803196 0
    outer loop
      vertex 24.2234 -24.6649 6
      vertex 24.3496 -24.5713 0
      vertex 24.2234 -24.6649 0
    endloop
  endfacet
  facet normal -0.904139 0.427238 0
    outer loop
      vertex 24.7456 -24.0888 0
      vertex 24.8127 -23.9468 6
      vertex 24.8127 -23.9468 0
    endloop
  endfacet
  facet normal -0.904139 0.427238 0
    outer loop
      vertex 24.8127 -23.9468 6
      vertex 24.7456 -24.0888 0
      vertex 24.7456 -24.0888 6
    endloop
  endfacet
  facet normal 0.049048 0.998796 -0
    outer loop
      vertex 23.3345 -24.9345 0
      vertex 23.1777 -24.9268 6
      vertex 23.3345 -24.9345 6
    endloop
  endfacet
  facet normal 0.049048 0.998796 0
    outer loop
      vertex 23.1777 -24.9268 6
      vertex 23.3345 -24.9345 0
      vertex 23.1777 -24.9268 0
    endloop
  endfacet
  facet normal 0.427484 0.904023 -0
    outer loop
      vertex 22.7222 -24.8127 0
      vertex 22.5803 -24.7456 6
      vertex 22.7222 -24.8127 6
    endloop
  endfacet
  facet normal 0.427484 0.904023 0
    outer loop
      vertex 22.5803 -24.7456 6
      vertex 22.7222 -24.8127 0
      vertex 22.5803 -24.7456 0
    endloop
  endfacet
  facet normal 0.998796 -0.049048 0
    outer loop
      vertex 21.7345 -23.3345 6
      vertex 21.7422 -23.1777 0
      vertex 21.7422 -23.1777 6
    endloop
  endfacet
  facet normal 0.998796 -0.049048 0
    outer loop
      vertex 21.7422 -23.1777 0
      vertex 21.7345 -23.3345 6
      vertex 21.7345 -23.3345 0
    endloop
  endfacet
  facet normal 0.998798 0.0490169 0
    outer loop
      vertex 21.7422 -23.4914 6
      vertex 21.7345 -23.3345 0
      vertex 21.7345 -23.3345 6
    endloop
  endfacet
  facet normal 0.998798 0.0490169 0
    outer loop
      vertex 21.7345 -23.3345 0
      vertex 21.7422 -23.4914 6
      vertex 21.7422 -23.4914 0
    endloop
  endfacet
  facet normal 0.85783 -0.513934 0
    outer loop
      vertex 21.9235 -22.5803 6
      vertex 22.0042 -22.4456 0
      vertex 22.0042 -22.4456 6
    endloop
  endfacet
  facet normal 0.85783 -0.513934 0
    outer loop
      vertex 22.0042 -22.4456 0
      vertex 21.9235 -22.5803 6
      vertex 21.9235 -22.5803 0
    endloop
  endfacet
  facet normal -1 0 0
    outer loop
      vertex 6.5 -30.5 0.799999
      vertex 6.5 -35.8403 3
      vertex 6.5 -30.5 6
    endloop
  endfacet
  facet normal -1 0 0
    outer loop
      vertex 6.5 -38.8189 0.799999
      vertex 6.5 -35.8403 3
      vertex 6.5 -30.5 0.799999
    endloop
  endfacet
  facet normal -1 -0 0
    outer loop
      vertex 6.5 -35.8403 3
      vertex 6.5 -38.8189 0.799999
      vertex 6.5 -38.8189 3
    endloop
  endfacet
  facet normal -1 -0 0
    outer loop
      vertex 6.5 -30.5 6
      vertex 6.5 -35.8403 3
      vertex 6.5 -35.8403 6
    endloop
  endfacet
  facet normal 0 0 1
    outer loop
      vertex 6.5 -30.5 0.799999
      vertex 3.86187 -39.2103 0.799999
      vertex 6.5 -38.8189 0.799999
    endloop
  endfacet
  facet normal 0 0 1
    outer loop
      vertex 6.5 -30.5 0.799999
      vertex 0 -39.4 0.799999
      vertex 3.86187 -39.2103 0.799999
    endloop
  endfacet
  facet normal -0 0 1
    outer loop
      vertex -6.5 -30.5 0.799999
      vertex 0 -39.4 0.799999
      vertex 6.5 -30.5 0.799999
    endloop
  endfacet
  facet normal 0 0 1
    outer loop
      vertex 0 -39.4 0.799999
      vertex -6.5 -30.5 0.799999
      vertex -3.86187 -39.2103 0.799999
    endloop
  endfacet
  facet normal 0 0 1
    outer loop
      vertex -3.86187 -39.2103 0.799999
      vertex -6.5 -30.5 0.799999
      vertex -6.5 -38.8189 0.799999
    endloop
  endfacet
  facet normal 1 0 0
    outer loop
      vertex -6.5 -35.8403 3
      vertex -6.5 -30.5 6
      vertex -6.5 -35.8403 6
    endloop
  endfacet
  facet normal 1 0 0
    outer loop
      vertex -6.5 -30.5 6
      vertex -6.5 -35.8403 3
      vertex -6.5 -30.5 0.799999
    endloop
  endfacet
  facet normal 1 0 0
    outer loop
      vertex -6.5 -38.8189 0.799999
      vertex -6.5 -35.8403 3
      vertex -6.5 -38.8189 3
    endloop
  endfacet
  facet normal 1 0 0
    outer loop
      vertex -6.5 -35.8403 3
      vertex -6.5 -38.8189 0.799999
      vertex -6.5 -30.5 0.799999
    endloop
  endfacet
  facet normal 0 -1 0
    outer loop
      vertex -6.5 -30.5 0.799999
      vertex 6.5 -30.5 6
      vertex -6.5 -30.5 6
    endloop
  endfacet
  facet normal 0 -1 -0
    outer loop
      vertex 6.5 -30.5 6
      vertex -6.5 -30.5 0.799999
      vertex 6.5 -30.5 0.799999
    endloop
  endfacet
endsolid OpenSCAD_Model
