solid OpenSCAD_Model
  facet normal 0 0 1
    outer loop
      vertex 36.8 0 58
      vertex 39.8 0 58
      vertex 39.6084 3.90108 58
    endloop
  endfacet
  facet normal 0 0 1
    outer loop
      vertex 36.6228 3.60703 58
      vertex 39.6084 3.90108 58
      vertex 39.0353 7.76459 58
    endloop
  endfacet
  facet normal 0 0 1
    outer loop
      vertex 39.8 0 58
      vertex 36.8 0 58
      vertex 39.6084 -3.90108 58
    endloop
  endfacet
  facet normal 0 0 1
    outer loop
      vertex 36.0929 7.17932 58
      vertex 39.0353 7.76459 58
      vertex 38.0862 11.5533 58
    endloop
  endfacet
  facet normal -0 0 1
    outer loop
      vertex 36.6228 -3.60703 58
      vertex 39.6084 -3.90108 58
      vertex 36.8 0 58
    endloop
  endfacet
  facet normal 0 0 1
    outer loop
      vertex 39.6084 -3.90108 58
      vertex 36.6228 -3.60703 58
      vertex 39.0353 -7.76459 58
    endloop
  endfacet
  facet normal 0 0 1
    outer loop
      vertex 35.2154 10.6825 58
      vertex 38.0862 11.5533 58
      vertex 36.7704 15.2308 58
    endloop
  endfacet
  facet normal 0 0 1
    outer loop
      vertex 39.6084 3.90108 58
      vertex 36.6228 3.60703 58
      vertex 36.8 0 58
    endloop
  endfacet
  facet normal 0 0 1
    outer loop
      vertex 39.0353 7.76459 58
      vertex 36.0929 7.17932 58
      vertex 36.6228 3.60703 58
    endloop
  endfacet
  facet normal 0 0 1
    outer loop
      vertex 38.0862 11.5533 58
      vertex 35.2154 10.6825 58
      vertex 36.0929 7.17932 58
    endloop
  endfacet
  facet normal 0 0 1
    outer loop
      vertex 33.9988 14.0827 58
      vertex 36.7704 15.2308 58
      vertex 35.1005 18.7616 58
    endloop
  endfacet
  facet normal 0 0 1
    outer loop
      vertex 36.7704 15.2308 58
      vertex 33.9988 14.0827 58
      vertex 35.2154 10.6825 58
    endloop
  endfacet
  facet normal 0 0 1
    outer loop
      vertex 32.4547 17.3474 58
      vertex 35.1005 18.7616 58
      vertex 33.0925 22.1117 58
    endloop
  endfacet
  facet normal 0 0 1
    outer loop
      vertex 35.1005 18.7616 58
      vertex 32.4547 17.3474 58
      vertex 33.9988 14.0827 58
    endloop
  endfacet
  facet normal 0 0 1
    outer loop
      vertex 30.5981 20.445 58
      vertex 33.0925 22.1117 58
      vertex 30.7658 25.2489 58
    endloop
  endfacet
  facet normal 0 0 1
    outer loop
      vertex 33.0925 22.1117 58
      vertex 30.5981 20.445 58
      vertex 32.4547 17.3474 58
    endloop
  endfacet
  facet normal 0 0 1
    outer loop
      vertex 30.7658 25.2489 58
      vertex 28.4468 23.3457 58
      vertex 30.5981 20.445 58
    endloop
  endfacet
  facet normal 0 0 1
    outer loop
      vertex 28.1428 28.1428 58
      vertex 28.4468 23.3457 58
      vertex 30.7658 25.2489 58
    endloop
  endfacet
  facet normal 0 0 1
    outer loop
      vertex 28.1428 28.1428 58
      vertex 26.0215 26.0215 58
      vertex 28.4468 23.3457 58
    endloop
  endfacet
  facet normal 0 0 1
    outer loop
      vertex 25.2489 30.7658 58
      vertex 26.0215 26.0215 58
      vertex 28.1428 28.1428 58
    endloop
  endfacet
  facet normal 0 0 1
    outer loop
      vertex 25.2489 30.7658 58
      vertex 23.3457 28.4468 58
      vertex 26.0215 26.0215 58
    endloop
  endfacet
  facet normal 0 0 1
    outer loop
      vertex 22.1117 33.0925 58
      vertex 23.3457 28.4468 58
      vertex 25.2489 30.7658 58
    endloop
  endfacet
  facet normal 0 0 1
    outer loop
      vertex 22.1117 33.0925 58
      vertex 20.445 30.5981 58
      vertex 23.3457 28.4468 58
    endloop
  endfacet
  facet normal 0 0 1
    outer loop
      vertex 18.7616 35.1005 58
      vertex 20.445 30.5981 58
      vertex 22.1117 33.0925 58
    endloop
  endfacet
  facet normal 0 0 1
    outer loop
      vertex 18.7616 35.1005 58
      vertex 17.3474 32.4547 58
      vertex 20.445 30.5981 58
    endloop
  endfacet
  facet normal 0 0 1
    outer loop
      vertex 15.2308 36.7704 58
      vertex 17.3474 32.4547 58
      vertex 18.7616 35.1005 58
    endloop
  endfacet
  facet normal 0 0 1
    outer loop
      vertex 15.2308 36.7704 58
      vertex 14.0827 33.9988 58
      vertex 17.3474 32.4547 58
    endloop
  endfacet
  facet normal 0 0 1
    outer loop
      vertex 11.5533 38.0862 58
      vertex 14.0827 33.9988 58
      vertex 15.2308 36.7704 58
    endloop
  endfacet
  facet normal 0 0 1
    outer loop
      vertex 11.5533 38.0862 58
      vertex 10.6825 35.2154 58
      vertex 14.0827 33.9988 58
    endloop
  endfacet
  facet normal 0 0 1
    outer loop
      vertex 7.76459 39.0353 58
      vertex 10.6825 35.2154 58
      vertex 11.5533 38.0862 58
    endloop
  endfacet
  facet normal 0 0 1
    outer loop
      vertex 7.76459 39.0353 58
      vertex 7.17932 36.0929 58
      vertex 10.6825 35.2154 58
    endloop
  endfacet
  facet normal 0 0 1
    outer loop
      vertex 3.90108 39.6084 58
      vertex 7.17932 36.0929 58
      vertex 7.76459 39.0353 58
    endloop
  endfacet
  facet normal 0 0 1
    outer loop
      vertex 3.90108 39.6084 58
      vertex 3.60703 36.6228 58
      vertex 7.17932 36.0929 58
    endloop
  endfacet
  facet normal 0 0 1
    outer loop
      vertex 0 39.8 58
      vertex 3.60703 36.6228 58
      vertex 3.90108 39.6084 58
    endloop
  endfacet
  facet normal 0 0 1
    outer loop
      vertex 0 39.8 58
      vertex 0 36.8 58
      vertex 3.60703 36.6228 58
    endloop
  endfacet
  facet normal 0 0 1
    outer loop
      vertex 0 39.8 58
      vertex -3.60703 36.6228 58
      vertex 0 36.8 58
    endloop
  endfacet
  facet normal -0 0 1
    outer loop
      vertex -3.90108 39.6084 58
      vertex -3.60703 36.6228 58
      vertex 0 39.8 58
    endloop
  endfacet
  facet normal 0 0 1
    outer loop
      vertex -3.90108 39.6084 58
      vertex -7.17932 36.0929 58
      vertex -3.60703 36.6228 58
    endloop
  endfacet
  facet normal -0 0 1
    outer loop
      vertex -7.76459 39.0353 58
      vertex -7.17932 36.0929 58
      vertex -3.90108 39.6084 58
    endloop
  endfacet
  facet normal 0 0 1
    outer loop
      vertex -7.76459 39.0353 58
      vertex -10.6825 35.2154 58
      vertex -7.17932 36.0929 58
    endloop
  endfacet
  facet normal -0 0 1
    outer loop
      vertex -11.5533 38.0862 58
      vertex -10.6825 35.2154 58
      vertex -7.76459 39.0353 58
    endloop
  endfacet
  facet normal 0 0 1
    outer loop
      vertex -11.5533 38.0862 58
      vertex -14.0827 33.9988 58
      vertex -10.6825 35.2154 58
    endloop
  endfacet
  facet normal -0 0 1
    outer loop
      vertex -15.2308 36.7704 58
      vertex -14.0827 33.9988 58
      vertex -11.5533 38.0862 58
    endloop
  endfacet
  facet normal 0 0 1
    outer loop
      vertex -15.2308 36.7704 58
      vertex -17.3474 32.4547 58
      vertex -14.0827 33.9988 58
    endloop
  endfacet
  facet normal -0 0 1
    outer loop
      vertex -18.7616 35.1005 58
      vertex -17.3474 32.4547 58
      vertex -15.2308 36.7704 58
    endloop
  endfacet
  facet normal 0 0 1
    outer loop
      vertex -18.7616 35.1005 58
      vertex -20.445 30.5981 58
      vertex -17.3474 32.4547 58
    endloop
  endfacet
  facet normal -0 0 1
    outer loop
      vertex -22.1117 33.0925 58
      vertex -20.445 30.5981 58
      vertex -18.7616 35.1005 58
    endloop
  endfacet
  facet normal 0 0 1
    outer loop
      vertex -22.1117 33.0925 58
      vertex -23.3457 28.4468 58
      vertex -20.445 30.5981 58
    endloop
  endfacet
  facet normal -0 0 1
    outer loop
      vertex -25.2489 30.7658 58
      vertex -23.3457 28.4468 58
      vertex -22.1117 33.0925 58
    endloop
  endfacet
  facet normal 0 0 1
    outer loop
      vertex -25.2489 30.7658 58
      vertex -26.0215 26.0215 58
      vertex -23.3457 28.4468 58
    endloop
  endfacet
  facet normal -0 0 1
    outer loop
      vertex -28.1428 28.1428 58
      vertex -26.0215 26.0215 58
      vertex -25.2489 30.7658 58
    endloop
  endfacet
  facet normal 0 0 1
    outer loop
      vertex -28.1428 28.1428 58
      vertex -28.4468 23.3457 58
      vertex -26.0215 26.0215 58
    endloop
  endfacet
  facet normal -0 0 1
    outer loop
      vertex -30.7658 25.2489 58
      vertex -28.4468 23.3457 58
      vertex -28.1428 28.1428 58
    endloop
  endfacet
  facet normal 0 0 1
    outer loop
      vertex -28.4468 23.3457 58
      vertex -30.7658 25.2489 58
      vertex -30.5981 20.445 58
    endloop
  endfacet
  facet normal -0 0 1
    outer loop
      vertex -33.0925 22.1117 58
      vertex -30.5981 20.445 58
      vertex -30.7658 25.2489 58
    endloop
  endfacet
  facet normal 0 0 1
    outer loop
      vertex -30.5981 20.445 58
      vertex -33.0925 22.1117 58
      vertex -32.4547 17.3474 58
    endloop
  endfacet
  facet normal -0 0 1
    outer loop
      vertex -35.1005 18.7616 58
      vertex -32.4547 17.3474 58
      vertex -33.0925 22.1117 58
    endloop
  endfacet
  facet normal 0 0 1
    outer loop
      vertex -32.4547 17.3474 58
      vertex -35.1005 18.7616 58
      vertex -33.9988 14.0827 58
    endloop
  endfacet
  facet normal -0 0 1
    outer loop
      vertex -36.7704 15.2308 58
      vertex -33.9988 14.0827 58
      vertex -35.1005 18.7616 58
    endloop
  endfacet
  facet normal 0 0 1
    outer loop
      vertex -33.9988 14.0827 58
      vertex -36.7704 15.2308 58
      vertex -35.2154 10.6825 58
    endloop
  endfacet
  facet normal -0 0 1
    outer loop
      vertex -38.0862 11.5533 58
      vertex -35.2154 10.6825 58
      vertex -36.7704 15.2308 58
    endloop
  endfacet
  facet normal 0 0 1
    outer loop
      vertex -35.2154 10.6825 58
      vertex -38.0862 11.5533 58
      vertex -36.0929 7.17932 58
    endloop
  endfacet
  facet normal -0 0 1
    outer loop
      vertex -39.0353 7.76459 58
      vertex -36.0929 7.17932 58
      vertex -38.0862 11.5533 58
    endloop
  endfacet
  facet normal 0 0 1
    outer loop
      vertex -36.0929 7.17932 58
      vertex -39.0353 7.76459 58
      vertex -36.6228 3.60703 58
    endloop
  endfacet
  facet normal -0 0 1
    outer loop
      vertex 36.0929 -7.17932 58
      vertex 39.0353 -7.76459 58
      vertex 36.6228 -3.60703 58
    endloop
  endfacet
  facet normal 0 0 1
    outer loop
      vertex 39.0353 -7.76459 58
      vertex 36.0929 -7.17932 58
      vertex 38.0862 -11.5533 58
    endloop
  endfacet
  facet normal -0 0 1
    outer loop
      vertex 35.2154 -10.6825 58
      vertex 38.0862 -11.5533 58
      vertex 36.0929 -7.17932 58
    endloop
  endfacet
  facet normal 0 0 1
    outer loop
      vertex 38.0862 -11.5533 58
      vertex 35.2154 -10.6825 58
      vertex 36.7704 -15.2308 58
    endloop
  endfacet
  facet normal -0 0 1
    outer loop
      vertex 33.9988 -14.0827 58
      vertex 36.7704 -15.2308 58
      vertex 35.2154 -10.6825 58
    endloop
  endfacet
  facet normal 0 0 1
    outer loop
      vertex 36.7704 -15.2308 58
      vertex 33.9988 -14.0827 58
      vertex 35.1005 -18.7616 58
    endloop
  endfacet
  facet normal -0 0 1
    outer loop
      vertex 32.4547 -17.3474 58
      vertex 35.1005 -18.7616 58
      vertex 33.9988 -14.0827 58
    endloop
  endfacet
  facet normal 0 0 1
    outer loop
      vertex 35.1005 -18.7616 58
      vertex 32.4547 -17.3474 58
      vertex 33.0925 -22.1117 58
    endloop
  endfacet
  facet normal -0 0 1
    outer loop
      vertex 30.5981 -20.445 58
      vertex 33.0925 -22.1117 58
      vertex 32.4547 -17.3474 58
    endloop
  endfacet
  facet normal 0 0 1
    outer loop
      vertex 33.0925 -22.1117 58
      vertex 30.5981 -20.445 58
      vertex 30.7658 -25.2489 58
    endloop
  endfacet
  facet normal -0 0 1
    outer loop
      vertex 28.4468 -23.3457 58
      vertex 30.7658 -25.2489 58
      vertex 30.5981 -20.445 58
    endloop
  endfacet
  facet normal 0 0 1
    outer loop
      vertex 28.4468 -23.3457 58
      vertex 28.1428 -28.1428 58
      vertex 30.7658 -25.2489 58
    endloop
  endfacet
  facet normal -0 0 1
    outer loop
      vertex 26.0215 -26.0215 58
      vertex 28.1428 -28.1428 58
      vertex 28.4468 -23.3457 58
    endloop
  endfacet
  facet normal 0 0 1
    outer loop
      vertex 26.0215 -26.0215 58
      vertex 25.2489 -30.7658 58
      vertex 28.1428 -28.1428 58
    endloop
  endfacet
  facet normal -0 0 1
    outer loop
      vertex 23.3457 -28.4468 58
      vertex 25.2489 -30.7658 58
      vertex 26.0215 -26.0215 58
    endloop
  endfacet
  facet normal 0 0 1
    outer loop
      vertex 23.3457 -28.4468 58
      vertex 22.1117 -33.0925 58
      vertex 25.2489 -30.7658 58
    endloop
  endfacet
  facet normal -0 0 1
    outer loop
      vertex 20.445 -30.5981 58
      vertex 22.1117 -33.0925 58
      vertex 23.3457 -28.4468 58
    endloop
  endfacet
  facet normal 0 0 1
    outer loop
      vertex 20.445 -30.5981 58
      vertex 18.7616 -35.1005 58
      vertex 22.1117 -33.0925 58
    endloop
  endfacet
  facet normal -0 0 1
    outer loop
      vertex 17.3474 -32.4547 58
      vertex 18.7616 -35.1005 58
      vertex 20.445 -30.5981 58
    endloop
  endfacet
  facet normal 0 0 1
    outer loop
      vertex 17.3474 -32.4547 58
      vertex 15.2308 -36.7704 58
      vertex 18.7616 -35.1005 58
    endloop
  endfacet
  facet normal -0 0 1
    outer loop
      vertex 14.0827 -33.9988 58
      vertex 15.2308 -36.7704 58
      vertex 17.3474 -32.4547 58
    endloop
  endfacet
  facet normal 0 0 1
    outer loop
      vertex 14.0827 -33.9988 58
      vertex 11.5533 -38.0862 58
      vertex 15.2308 -36.7704 58
    endloop
  endfacet
  facet normal -0 0 1
    outer loop
      vertex 10.6825 -35.2154 58
      vertex 11.5533 -38.0862 58
      vertex 14.0827 -33.9988 58
    endloop
  endfacet
  facet normal 0 0 1
    outer loop
      vertex 10.6825 -35.2154 58
      vertex 7.76459 -39.0353 58
      vertex 11.5533 -38.0862 58
    endloop
  endfacet
  facet normal -0 0 1
    outer loop
      vertex 7.17932 -36.0929 58
      vertex 7.76459 -39.0353 58
      vertex 10.6825 -35.2154 58
    endloop
  endfacet
  facet normal 0 0 1
    outer loop
      vertex 7.17932 -36.0929 58
      vertex 3.90108 -39.6084 58
      vertex 7.76459 -39.0353 58
    endloop
  endfacet
  facet normal -0 0 1
    outer loop
      vertex 3.60703 -36.6228 58
      vertex 3.90108 -39.6084 58
      vertex 7.17932 -36.0929 58
    endloop
  endfacet
  facet normal -0 0 1
    outer loop
      vertex 0 -36.8 58
      vertex 3.90108 -39.6084 58
      vertex 3.60703 -36.6228 58
    endloop
  endfacet
  facet normal 0 0 1
    outer loop
      vertex 0 -36.8 58
      vertex 0 -39.8 58
      vertex 3.90108 -39.6084 58
    endloop
  endfacet
  facet normal 0 0 1
    outer loop
      vertex -3.60703 -36.6228 58
      vertex 0 -39.8 58
      vertex 0 -36.8 58
    endloop
  endfacet
  facet normal 0 0 1
    outer loop
      vertex -3.60703 -36.6228 58
      vertex -3.90108 -39.6084 58
      vertex 0 -39.8 58
    endloop
  endfacet
  facet normal 0 0 1
    outer loop
      vertex -7.17932 -36.0929 58
      vertex -3.90108 -39.6084 58
      vertex -3.60703 -36.6228 58
    endloop
  endfacet
  facet normal 0 0 1
    outer loop
      vertex -7.17932 -36.0929 58
      vertex -7.76459 -39.0353 58
      vertex -3.90108 -39.6084 58
    endloop
  endfacet
  facet normal 0 0 1
    outer loop
      vertex -10.6825 -35.2154 58
      vertex -7.76459 -39.0353 58
      vertex -7.17932 -36.0929 58
    endloop
  endfacet
  facet normal 0 0 1
    outer loop
      vertex -10.6825 -35.2154 58
      vertex -11.5533 -38.0862 58
      vertex -7.76459 -39.0353 58
    endloop
  endfacet
  facet normal 0 0 1
    outer loop
      vertex -14.0827 -33.9988 58
      vertex -11.5533 -38.0862 58
      vertex -10.6825 -35.2154 58
    endloop
  endfacet
  facet normal 0 0 1
    outer loop
      vertex -14.0827 -33.9988 58
      vertex -15.2308 -36.7704 58
      vertex -11.5533 -38.0862 58
    endloop
  endfacet
  facet normal 0 0 1
    outer loop
      vertex -17.3474 -32.4547 58
      vertex -15.2308 -36.7704 58
      vertex -14.0827 -33.9988 58
    endloop
  endfacet
  facet normal 0 0 1
    outer loop
      vertex -17.3474 -32.4547 58
      vertex -18.7616 -35.1005 58
      vertex -15.2308 -36.7704 58
    endloop
  endfacet
  facet normal 0 0 1
    outer loop
      vertex -20.445 -30.5981 58
      vertex -18.7616 -35.1005 58
      vertex -17.3474 -32.4547 58
    endloop
  endfacet
  facet normal 0 0 1
    outer loop
      vertex -20.445 -30.5981 58
      vertex -22.1117 -33.0925 58
      vertex -18.7616 -35.1005 58
    endloop
  endfacet
  facet normal 0 0 1
    outer loop
      vertex -23.3457 -28.4468 58
      vertex -22.1117 -33.0925 58
      vertex -20.445 -30.5981 58
    endloop
  endfacet
  facet normal 0 0 1
    outer loop
      vertex -23.3457 -28.4468 58
      vertex -25.2489 -30.7658 58
      vertex -22.1117 -33.0925 58
    endloop
  endfacet
  facet normal 0 0 1
    outer loop
      vertex -26.0215 -26.0215 58
      vertex -25.2489 -30.7658 58
      vertex -23.3457 -28.4468 58
    endloop
  endfacet
  facet normal 0 0 1
    outer loop
      vertex -26.0215 -26.0215 58
      vertex -28.1428 -28.1428 58
      vertex -25.2489 -30.7658 58
    endloop
  endfacet
  facet normal 0 0 1
    outer loop
      vertex -28.4468 -23.3457 58
      vertex -28.1428 -28.1428 58
      vertex -26.0215 -26.0215 58
    endloop
  endfacet
  facet normal 0 0 1
    outer loop
      vertex -30.7658 -25.2489 58
      vertex -28.4468 -23.3457 58
      vertex -30.5981 -20.445 58
    endloop
  endfacet
  facet normal 0 0 1
    outer loop
      vertex -28.4468 -23.3457 58
      vertex -30.7658 -25.2489 58
      vertex -28.1428 -28.1428 58
    endloop
  endfacet
  facet normal 0 0 1
    outer loop
      vertex -33.0925 -22.1117 58
      vertex -30.5981 -20.445 58
      vertex -32.4547 -17.3474 58
    endloop
  endfacet
  facet normal 0 0 1
    outer loop
      vertex -30.5981 -20.445 58
      vertex -33.0925 -22.1117 58
      vertex -30.7658 -25.2489 58
    endloop
  endfacet
  facet normal 0 0 1
    outer loop
      vertex -35.1005 -18.7616 58
      vertex -32.4547 -17.3474 58
      vertex -33.9988 -14.0827 58
    endloop
  endfacet
  facet normal 0 0 1
    outer loop
      vertex -32.4547 -17.3474 58
      vertex -35.1005 -18.7616 58
      vertex -33.0925 -22.1117 58
    endloop
  endfacet
  facet normal 0 0 1
    outer loop
      vertex -36.7704 -15.2308 58
      vertex -33.9988 -14.0827 58
      vertex -35.2154 -10.6825 58
    endloop
  endfacet
  facet normal 0 0 1
    outer loop
      vertex -38.0862 -11.5533 58
      vertex -35.2154 -10.6825 58
      vertex -36.0929 -7.17932 58
    endloop
  endfacet
  facet normal 0 0 1
    outer loop
      vertex -39.0353 -7.76459 58
      vertex -36.0929 -7.17932 58
      vertex -36.6228 -3.60703 58
    endloop
  endfacet
  facet normal 0 0 1
    outer loop
      vertex -33.9988 -14.0827 58
      vertex -36.7704 -15.2308 58
      vertex -35.1005 -18.7616 58
    endloop
  endfacet
  facet normal 0 0 1
    outer loop
      vertex -39.6084 -3.90108 58
      vertex -36.6228 -3.60703 58
      vertex -36.8 0 58
    endloop
  endfacet
  facet normal -0 0 1
    outer loop
      vertex -39.6084 3.90108 58
      vertex -36.6228 3.60703 58
      vertex -39.0353 7.76459 58
    endloop
  endfacet
  facet normal 0 0 1
    outer loop
      vertex -35.2154 -10.6825 58
      vertex -38.0862 -11.5533 58
      vertex -36.7704 -15.2308 58
    endloop
  endfacet
  facet normal 0 0 1
    outer loop
      vertex -36.6228 3.60703 58
      vertex -39.6084 3.90108 58
      vertex -36.8 0 58
    endloop
  endfacet
  facet normal 0 0 1
    outer loop
      vertex -36.0929 -7.17932 58
      vertex -39.0353 -7.76459 58
      vertex -38.0862 -11.5533 58
    endloop
  endfacet
  facet normal 0 0 1
    outer loop
      vertex -39.8 0 58
      vertex -36.8 0 58
      vertex -39.6084 3.90108 58
    endloop
  endfacet
  facet normal 0 0 1
    outer loop
      vertex -36.6228 -3.60703 58
      vertex -39.6084 -3.90108 58
      vertex -39.0353 -7.76459 58
    endloop
  endfacet
  facet normal 0 0 1
    outer loop
      vertex -36.8 0 58
      vertex -39.8 0 58
      vertex -39.6084 -3.90108 58
    endloop
  endfacet
  facet normal 0.242919 -0.970047 0
    outer loop
      vertex 39.9754 -43.9039 0
      vertex 40.4514 -43.7847 4
      vertex 39.9754 -43.9039 4
    endloop
  endfacet
  facet normal 0.242919 -0.970047 0
    outer loop
      vertex 40.4514 -43.7847 4
      vertex 39.9754 -43.9039 0
      vertex 40.4514 -43.7847 0
    endloop
  endfacet
  facet normal 0 -1 0
    outer loop
      vertex -39 -44 0
      vertex 39 -44 4
      vertex -39 -44 4
    endloop
  endfacet
  facet normal 0 -1 -0
    outer loop
      vertex 39 -44 4
      vertex -39 -44 0
      vertex 39 -44 0
    endloop
  endfacet
  facet normal 0.146755 -0.989173 0
    outer loop
      vertex 39.4901 -43.9759 0
      vertex 39.9754 -43.9039 4
      vertex 39.4901 -43.9759 4
    endloop
  endfacet
  facet normal 0.146755 -0.989173 0
    outer loop
      vertex 39.9754 -43.9039 4
      vertex 39.4901 -43.9759 0
      vertex 39.9754 -43.9039 0
    endloop
  endfacet
  facet normal -0.427543 0.903995 0
    outer loop
      vertex -40.9134 43.6194 0
      vertex -41.357 43.4096 4
      vertex -40.9134 43.6194 4
    endloop
  endfacet
  facet normal -0.427543 0.903995 0
    outer loop
      vertex -41.357 43.4096 4
      vertex -40.9134 43.6194 0
      vertex -41.357 43.4096 0
    endloop
  endfacet
  facet normal 0.970047 0.242919 0
    outer loop
      vertex 43.9039 39.9754 4
      vertex 43.7847 40.4514 0
      vertex 43.7847 40.4514 4
    endloop
  endfacet
  facet normal 0.970047 0.242919 0
    outer loop
      vertex 43.7847 40.4514 0
      vertex 43.9039 39.9754 4
      vertex 43.9039 39.9754 0
    endloop
  endfacet
  facet normal 0.0491143 -0.998793 0
    outer loop
      vertex 39 -44 0
      vertex 39.4901 -43.9759 4
      vertex 39 -44 4
    endloop
  endfacet
  facet normal 0.0491143 -0.998793 0
    outer loop
      vertex 39.4901 -43.9759 4
      vertex 39 -44 0
      vertex 39.4901 -43.9759 0
    endloop
  endfacet
  facet normal 0.242919 0.970047 -0
    outer loop
      vertex 40.4514 43.7847 0
      vertex 39.9754 43.9039 4
      vertex 40.4514 43.7847 4
    endloop
  endfacet
  facet normal 0.242919 0.970047 0
    outer loop
      vertex 39.9754 43.9039 4
      vertex 40.4514 43.7847 0
      vertex 39.9754 43.9039 0
    endloop
  endfacet
  facet normal -0.740806 -0.671719 0
    outer loop
      vertex -42.5355 -42.5355 0
      vertex -42.8651 -42.172 4
      vertex -42.8651 -42.172 0
    endloop
  endfacet
  facet normal -0.740806 -0.671719 0
    outer loop
      vertex -42.8651 -42.172 4
      vertex -42.5355 -42.5355 0
      vertex -42.5355 -42.5355 4
    endloop
  endfacet
  facet normal -0.0491143 -0.998793 0
    outer loop
      vertex -39.4901 -43.9759 0
      vertex -39 -44 4
      vertex -39.4901 -43.9759 4
    endloop
  endfacet
  facet normal -0.0491143 -0.998793 -0
    outer loop
      vertex -39 -44 4
      vertex -39.4901 -43.9759 0
      vertex -39 -44 0
    endloop
  endfacet
  facet normal -0.514226 -0.857655 0
    outer loop
      vertex -41.7778 -43.1573 0
      vertex -41.357 -43.4096 4
      vertex -41.7778 -43.1573 4
    endloop
  endfacet
  facet normal -0.514226 -0.857655 -0
    outer loop
      vertex -41.357 -43.4096 4
      vertex -41.7778 -43.1573 0
      vertex -41.357 -43.4096 0
    endloop
  endfacet
  facet normal -0.671719 -0.740806 0
    outer loop
      vertex -42.5355 -42.5355 0
      vertex -42.172 -42.8651 4
      vertex -42.5355 -42.5355 4
    endloop
  endfacet
  facet normal -0.671719 -0.740806 -0
    outer loop
      vertex -42.172 -42.8651 4
      vertex -42.5355 -42.5355 0
      vertex -42.172 -42.8651 0
    endloop
  endfacet
  facet normal -0.740806 0.671719 0
    outer loop
      vertex -42.8651 42.172 0
      vertex -42.5355 42.5355 4
      vertex -42.5355 42.5355 0
    endloop
  endfacet
  facet normal -0.740806 0.671719 0
    outer loop
      vertex -42.5355 42.5355 4
      vertex -42.8651 42.172 0
      vertex -42.8651 42.172 4
    endloop
  endfacet
  facet normal -0.336879 -0.941548 0
    outer loop
      vertex -40.9134 -43.6194 0
      vertex -40.4514 -43.7847 4
      vertex -40.9134 -43.6194 4
    endloop
  endfacet
  facet normal -0.336879 -0.941548 -0
    outer loop
      vertex -40.4514 -43.7847 4
      vertex -40.9134 -43.6194 0
      vertex -40.4514 -43.7847 0
    endloop
  endfacet
  facet normal -0.0491143 0.998793 0
    outer loop
      vertex -39 44 0
      vertex -39.4901 43.9759 4
      vertex -39 44 4
    endloop
  endfacet
  facet normal -0.0491143 0.998793 0
    outer loop
      vertex -39.4901 43.9759 4
      vertex -39 44 0
      vertex -39.4901 43.9759 0
    endloop
  endfacet
  facet normal 1 -0 0
    outer loop
      vertex 44 -39 4
      vertex 44 39 0
      vertex 44 39 4
    endloop
  endfacet
  facet normal 1 0 0
    outer loop
      vertex 44 39 0
      vertex 44 -39 4
      vertex 44 -39 0
    endloop
  endfacet
  facet normal -1 0 0
    outer loop
      vertex -44 -39 0
      vertex -44 39 4
      vertex -44 39 0
    endloop
  endfacet
  facet normal -1 -0 0
    outer loop
      vertex -44 39 4
      vertex -44 -39 0
      vertex -44 -39 4
    endloop
  endfacet
  facet normal -0.803362 -0.595491 0
    outer loop
      vertex -42.8651 -42.172 0
      vertex -43.1573 -41.7778 4
      vertex -43.1573 -41.7778 0
    endloop
  endfacet
  facet normal -0.803362 -0.595491 0
    outer loop
      vertex -43.1573 -41.7778 4
      vertex -42.8651 -42.172 0
      vertex -42.8651 -42.172 4
    endloop
  endfacet
  facet normal 0.998793 0.0491143 0
    outer loop
      vertex 44 39 4
      vertex 43.9759 39.4901 0
      vertex 43.9759 39.4901 4
    endloop
  endfacet
  facet normal 0.998793 0.0491143 0
    outer loop
      vertex 43.9759 39.4901 0
      vertex 44 39 4
      vertex 44 39 0
    endloop
  endfacet
  facet normal -0.941548 -0.336879 0
    outer loop
      vertex -43.6194 -40.9134 0
      vertex -43.7847 -40.4514 4
      vertex -43.7847 -40.4514 0
    endloop
  endfacet
  facet normal -0.941548 -0.336879 0
    outer loop
      vertex -43.7847 -40.4514 4
      vertex -43.6194 -40.9134 0
      vertex -43.6194 -40.9134 4
    endloop
  endfacet
  facet normal -0.903995 0.427543 0
    outer loop
      vertex -43.6194 40.9134 0
      vertex -43.4096 41.357 4
      vertex -43.4096 41.357 0
    endloop
  endfacet
  facet normal -0.903995 0.427543 0
    outer loop
      vertex -43.4096 41.357 4
      vertex -43.6194 40.9134 0
      vertex -43.6194 40.9134 4
    endloop
  endfacet
  facet normal 0.671719 -0.740806 0
    outer loop
      vertex 42.172 -42.8651 0
      vertex 42.5355 -42.5355 4
      vertex 42.172 -42.8651 4
    endloop
  endfacet
  facet normal 0.671719 -0.740806 0
    outer loop
      vertex 42.5355 -42.5355 4
      vertex 42.172 -42.8651 0
      vertex 42.5355 -42.5355 0
    endloop
  endfacet
  facet normal 0 1 0
    outer loop
      vertex 39 44 4
      vertex 2 44 0.9
      vertex -39 44 4
    endloop
  endfacet
  facet normal 0 1 -0
    outer loop
      vertex 39 44 0
      vertex 2 44 0.9
      vertex 39 44 4
    endloop
  endfacet
  facet normal 0 1 0
    outer loop
      vertex 2 44 0.9
      vertex 39 44 0
      vertex 2 44 0
    endloop
  endfacet
  facet normal 0 1 -0
    outer loop
      vertex -2 44 0.9
      vertex -39 44 4
      vertex 2 44 0.9
    endloop
  endfacet
  facet normal 0 1 0
    outer loop
      vertex -39 44 0
      vertex -2 44 0.9
      vertex -2 44 0
    endloop
  endfacet
  facet normal 0 1 0
    outer loop
      vertex -2 44 0.9
      vertex -39 44 0
      vertex -39 44 4
    endloop
  endfacet
  facet normal -0.336879 0.941548 0
    outer loop
      vertex -40.4514 43.7847 0
      vertex -40.9134 43.6194 4
      vertex -40.4514 43.7847 4
    endloop
  endfacet
  facet normal -0.336879 0.941548 0
    outer loop
      vertex -40.9134 43.6194 4
      vertex -40.4514 43.7847 0
      vertex -40.9134 43.6194 0
    endloop
  endfacet
  facet normal 0.146755 0.989173 -0
    outer loop
      vertex 39.9754 43.9039 0
      vertex 39.4901 43.9759 4
      vertex 39.9754 43.9039 4
    endloop
  endfacet
  facet normal 0.146755 0.989173 0
    outer loop
      vertex 39.4901 43.9759 4
      vertex 39.9754 43.9039 0
      vertex 39.4901 43.9759 0
    endloop
  endfacet
  facet normal -0.514226 0.857655 0
    outer loop
      vertex -41.357 43.4096 0
      vertex -41.7778 43.1573 4
      vertex -41.357 43.4096 4
    endloop
  endfacet
  facet normal -0.514226 0.857655 0
    outer loop
      vertex -41.7778 43.1573 4
      vertex -41.357 43.4096 0
      vertex -41.7778 43.1573 0
    endloop
  endfacet
  facet normal -0.671719 0.740806 0
    outer loop
      vertex -42.172 42.8651 0
      vertex -42.5355 42.5355 4
      vertex -42.172 42.8651 4
    endloop
  endfacet
  facet normal -0.671719 0.740806 0
    outer loop
      vertex -42.5355 42.5355 4
      vertex -42.172 42.8651 0
      vertex -42.5355 42.5355 0
    endloop
  endfacet
  facet normal -0.970047 0.242919 0
    outer loop
      vertex -43.9039 39.9754 0
      vertex -43.7847 40.4514 4
      vertex -43.7847 40.4514 0
    endloop
  endfacet
  facet normal -0.970047 0.242919 0
    outer loop
      vertex -43.7847 40.4514 4
      vertex -43.9039 39.9754 0
      vertex -43.9039 39.9754 4
    endloop
  endfacet
  facet normal -0.242919 -0.970047 0
    outer loop
      vertex -40.4514 -43.7847 0
      vertex -39.9754 -43.9039 4
      vertex -40.4514 -43.7847 4
    endloop
  endfacet
  facet normal -0.242919 -0.970047 -0
    outer loop
      vertex -39.9754 -43.9039 4
      vertex -40.4514 -43.7847 0
      vertex -39.9754 -43.9039 0
    endloop
  endfacet
  facet normal 0.989173 -0.146755 0
    outer loop
      vertex 43.9039 -39.9754 4
      vertex 43.9759 -39.4901 0
      vertex 43.9759 -39.4901 4
    endloop
  endfacet
  facet normal 0.989173 -0.146755 0
    outer loop
      vertex 43.9759 -39.4901 0
      vertex 43.9039 -39.9754 4
      vertex 43.9039 -39.9754 0
    endloop
  endfacet
  facet normal 0.803362 0.595491 0
    outer loop
      vertex 43.1573 41.7778 4
      vertex 42.8651 42.172 0
      vertex 42.8651 42.172 4
    endloop
  endfacet
  facet normal 0.803362 0.595491 0
    outer loop
      vertex 42.8651 42.172 0
      vertex 43.1573 41.7778 4
      vertex 43.1573 41.7778 0
    endloop
  endfacet
  facet normal -0.146755 0.989173 0
    outer loop
      vertex -39.4901 43.9759 0
      vertex -39.9754 43.9039 4
      vertex -39.4901 43.9759 4
    endloop
  endfacet
  facet normal -0.146755 0.989173 0
    outer loop
      vertex -39.9754 43.9039 4
      vertex -39.4901 43.9759 0
      vertex -39.9754 43.9039 0
    endloop
  endfacet
  facet normal 0.514226 0.857655 -0
    outer loop
      vertex 41.7778 43.1573 0
      vertex 41.357 43.4096 4
      vertex 41.7778 43.1573 4
    endloop
  endfacet
  facet normal 0.514226 0.857655 0
    outer loop
      vertex 41.357 43.4096 4
      vertex 41.7778 43.1573 0
      vertex 41.357 43.4096 0
    endloop
  endfacet
  facet normal -0.242919 0.970047 0
    outer loop
      vertex -39.9754 43.9039 0
      vertex -40.4514 43.7847 4
      vertex -39.9754 43.9039 4
    endloop
  endfacet
  facet normal -0.242919 0.970047 0
    outer loop
      vertex -40.4514 43.7847 4
      vertex -39.9754 43.9039 0
      vertex -40.4514 43.7847 0
    endloop
  endfacet
  facet normal 0.857655 -0.514226 0
    outer loop
      vertex 43.1573 -41.7778 4
      vertex 43.4096 -41.357 0
      vertex 43.4096 -41.357 4
    endloop
  endfacet
  facet normal 0.857655 -0.514226 0
    outer loop
      vertex 43.4096 -41.357 0
      vertex 43.1573 -41.7778 4
      vertex 43.1573 -41.7778 0
    endloop
  endfacet
  facet normal 0.595491 0.803362 -0
    outer loop
      vertex 42.172 42.8651 0
      vertex 41.7778 43.1573 4
      vertex 42.172 42.8651 4
    endloop
  endfacet
  facet normal 0.595491 0.803362 0
    outer loop
      vertex 41.7778 43.1573 4
      vertex 42.172 42.8651 0
      vertex 41.7778 43.1573 0
    endloop
  endfacet
  facet normal 0.903995 0.427543 0
    outer loop
      vertex 43.6194 40.9134 4
      vertex 43.4096 41.357 0
      vertex 43.4096 41.357 4
    endloop
  endfacet
  facet normal 0.903995 0.427543 0
    outer loop
      vertex 43.4096 41.357 0
      vertex 43.6194 40.9134 4
      vertex 43.6194 40.9134 0
    endloop
  endfacet
  facet normal -0.803362 0.595491 0
    outer loop
      vertex -43.1573 41.7778 0
      vertex -42.8651 42.172 4
      vertex -42.8651 42.172 0
    endloop
  endfacet
  facet normal -0.803362 0.595491 0
    outer loop
      vertex -42.8651 42.172 4
      vertex -43.1573 41.7778 0
      vertex -43.1573 41.7778 4
    endloop
  endfacet
  facet normal -0.595491 -0.803362 0
    outer loop
      vertex -42.172 -42.8651 0
      vertex -41.7778 -43.1573 4
      vertex -42.172 -42.8651 4
    endloop
  endfacet
  facet normal -0.595491 -0.803362 -0
    outer loop
      vertex -41.7778 -43.1573 4
      vertex -42.172 -42.8651 0
      vertex -41.7778 -43.1573 0
    endloop
  endfacet
  facet normal -0.595491 0.803362 0
    outer loop
      vertex -41.7778 43.1573 0
      vertex -42.172 42.8651 4
      vertex -41.7778 43.1573 4
    endloop
  endfacet
  facet normal -0.595491 0.803362 0
    outer loop
      vertex -42.172 42.8651 4
      vertex -41.7778 43.1573 0
      vertex -42.172 42.8651 0
    endloop
  endfacet
  facet normal -0.857655 -0.514226 0
    outer loop
      vertex -43.1573 -41.7778 0
      vertex -43.4096 -41.357 4
      vertex -43.4096 -41.357 0
    endloop
  endfacet
  facet normal -0.857655 -0.514226 0
    outer loop
      vertex -43.4096 -41.357 4
      vertex -43.1573 -41.7778 0
      vertex -43.1573 -41.7778 4
    endloop
  endfacet
  facet normal -0.989173 0.146755 0
    outer loop
      vertex -43.9759 39.4901 0
      vertex -43.9039 39.9754 4
      vertex -43.9039 39.9754 0
    endloop
  endfacet
  facet normal -0.989173 0.146755 0
    outer loop
      vertex -43.9039 39.9754 4
      vertex -43.9759 39.4901 0
      vertex -43.9759 39.4901 4
    endloop
  endfacet
  facet normal 0.740806 0.671719 0
    outer loop
      vertex 42.8651 42.172 4
      vertex 42.5355 42.5355 0
      vertex 42.5355 42.5355 4
    endloop
  endfacet
  facet normal 0.740806 0.671719 0
    outer loop
      vertex 42.5355 42.5355 0
      vertex 42.8651 42.172 4
      vertex 42.8651 42.172 0
    endloop
  endfacet
  facet normal 0.671719 0.740806 -0
    outer loop
      vertex 42.5355 42.5355 0
      vertex 42.172 42.8651 4
      vertex 42.5355 42.5355 4
    endloop
  endfacet
  facet normal 0.671719 0.740806 0
    outer loop
      vertex 42.172 42.8651 4
      vertex 42.5355 42.5355 0
      vertex 42.172 42.8651 0
    endloop
  endfacet
  facet normal -0.146755 -0.989173 0
    outer loop
      vertex -39.9754 -43.9039 0
      vertex -39.4901 -43.9759 4
      vertex -39.9754 -43.9039 4
    endloop
  endfacet
  facet normal -0.146755 -0.989173 -0
    outer loop
      vertex -39.4901 -43.9759 4
      vertex -39.9754 -43.9039 0
      vertex -39.4901 -43.9759 0
    endloop
  endfacet
  facet normal 0.941548 -0.336879 0
    outer loop
      vertex 43.6194 -40.9134 4
      vertex 43.7847 -40.4514 0
      vertex 43.7847 -40.4514 4
    endloop
  endfacet
  facet normal 0.941548 -0.336879 0
    outer loop
      vertex 43.7847 -40.4514 0
      vertex 43.6194 -40.9134 4
      vertex 43.6194 -40.9134 0
    endloop
  endfacet
  facet normal 0.595491 -0.803362 0
    outer loop
      vertex 41.7778 -43.1573 0
      vertex 42.172 -42.8651 4
      vertex 41.7778 -43.1573 4
    endloop
  endfacet
  facet normal 0.595491 -0.803362 0
    outer loop
      vertex 42.172 -42.8651 4
      vertex 41.7778 -43.1573 0
      vertex 42.172 -42.8651 0
    endloop
  endfacet
  facet normal -0.857655 0.514226 0
    outer loop
      vertex -43.4096 41.357 0
      vertex -43.1573 41.7778 4
      vertex -43.1573 41.7778 0
    endloop
  endfacet
  facet normal -0.857655 0.514226 0
    outer loop
      vertex -43.1573 41.7778 4
      vertex -43.4096 41.357 0
      vertex -43.4096 41.357 4
    endloop
  endfacet
  facet normal 0 0 -1
    outer loop
      vertex -30.2277 -29.6208 0
      vertex -18.9505 -18.9505 0
      vertex -30.0543 -29.7494 0
    endloop
  endfacet
  facet normal 0 0 -1
    outer loop
      vertex -26.8 0 0
      vertex -29.2606 31.2344 0
      vertex -29.25 31.45 0
    endloop
  endfacet
  facet normal -0 0 -1
    outer loop
      vertex -18.9505 -18.9505 0
      vertex -30.2277 -29.6208 0
      vertex -20.7167 -17.0017 0
    endloop
  endfacet
  facet normal 0 0 -1
    outer loop
      vertex -26.8 0 0
      vertex -29.2923 31.0208 0
      vertex -29.2606 31.2344 0
    endloop
  endfacet
  facet normal 0 0 -1
    outer loop
      vertex -30.4129 -29.5098 0
      vertex -20.7167 -17.0017 0
      vertex -30.2277 -29.6208 0
    endloop
  endfacet
  facet normal 0 0 -1
    outer loop
      vertex -26.8 0 0
      vertex -29.3447 30.8114 0
      vertex -29.2923 31.0208 0
    endloop
  endfacet
  facet normal 0 0 -1
    outer loop
      vertex -30.6081 -29.4175 0
      vertex -20.7167 -17.0017 0
      vertex -30.4129 -29.5098 0
    endloop
  endfacet
  facet normal 0 0 -1
    outer loop
      vertex -26.8 0 0
      vertex -29.4175 30.6081 0
      vertex -29.3447 30.8114 0
    endloop
  endfacet
  facet normal 0 0 -1
    outer loop
      vertex -30.8114 -29.3447 0
      vertex -20.7167 -17.0017 0
      vertex -30.6081 -29.4175 0
    endloop
  endfacet
  facet normal 0 0 -1
    outer loop
      vertex -26.8 0 0
      vertex -29.5098 30.4129 0
      vertex -29.4175 30.6081 0
    endloop
  endfacet
  facet normal -0 0 -1
    outer loop
      vertex -20.7167 -17.0017 0
      vertex -30.8114 -29.3447 0
      vertex -22.2834 -14.8893 0
    endloop
  endfacet
  facet normal 0 0 -1
    outer loop
      vertex -26.8 0 0
      vertex -29.6208 30.2277 0
      vertex -29.5098 30.4129 0
    endloop
  endfacet
  facet normal 0 0 -1
    outer loop
      vertex -31.0208 -29.2923 0
      vertex -22.2834 -14.8893 0
      vertex -30.8114 -29.3447 0
    endloop
  endfacet
  facet normal 0 0 -1
    outer loop
      vertex -26.8 0 0
      vertex -29.7494 30.0543 0
      vertex -29.6208 30.2277 0
    endloop
  endfacet
  facet normal 0 0 -1
    outer loop
      vertex -31.2344 -29.2606 0
      vertex -22.2834 -14.8893 0
      vertex -31.0208 -29.2923 0
    endloop
  endfacet
  facet normal 0 0 -1
    outer loop
      vertex -26.8 0 0
      vertex -29.8944 29.8944 0
      vertex -29.7494 30.0543 0
    endloop
  endfacet
  facet normal 0 0 -1
    outer loop
      vertex -31.45 -29.25 0
      vertex -22.2834 -14.8893 0
      vertex -31.2344 -29.2606 0
    endloop
  endfacet
  facet normal 0 0 -1
    outer loop
      vertex -26.8 0 0
      vertex -30.0543 29.7494 0
      vertex -29.8944 29.8944 0
    endloop
  endfacet
  facet normal -0 0 -1
    outer loop
      vertex -22.2834 -14.8893 0
      vertex -31.45 -29.25 0
      vertex -23.6355 -12.6334 0
    endloop
  endfacet
  facet normal 0 0 -1
    outer loop
      vertex -26.8 0 0
      vertex -30.2277 29.6208 0
      vertex -30.0543 29.7494 0
    endloop
  endfacet
  facet normal 0 0 -1
    outer loop
      vertex -31.6656 -29.2606 0
      vertex -23.6355 -12.6334 0
      vertex -31.45 -29.25 0
    endloop
  endfacet
  facet normal 0 0 -1
    outer loop
      vertex -26.8 0 0
      vertex -30.4129 29.5098 0
      vertex -30.2277 29.6208 0
    endloop
  endfacet
  facet normal 0 0 -1
    outer loop
      vertex -31.8792 -29.2923 0
      vertex -23.6355 -12.6334 0
      vertex -31.6656 -29.2606 0
    endloop
  endfacet
  facet normal 0 0 -1
    outer loop
      vertex -26.8 0 0
      vertex -30.6081 29.4175 0
      vertex -30.4129 29.5098 0
    endloop
  endfacet
  facet normal 0 0 -1
    outer loop
      vertex -32.0886 -29.3447 0
      vertex -23.6355 -12.6334 0
      vertex -31.8792 -29.2923 0
    endloop
  endfacet
  facet normal 0 0 -1
    outer loop
      vertex -26.8 0 0
      vertex -30.8114 29.3447 0
      vertex -30.6081 29.4175 0
    endloop
  endfacet
  facet normal -0 0 -1
    outer loop
      vertex -23.6355 -12.6334 0
      vertex -32.0886 -29.3447 0
      vertex -24.76 -10.2559 0
    endloop
  endfacet
  facet normal 0 0 -1
    outer loop
      vertex -26.8 0 0
      vertex -31.0208 29.2923 0
      vertex -30.8114 29.3447 0
    endloop
  endfacet
  facet normal 0 0 -1
    outer loop
      vertex -32.2919 -29.4175 0
      vertex -24.76 -10.2559 0
      vertex -32.0886 -29.3447 0
    endloop
  endfacet
  facet normal 0 0 -1
    outer loop
      vertex -26.8 0 0
      vertex -31.2344 29.2606 0
      vertex -31.0208 29.2923 0
    endloop
  endfacet
  facet normal 0 0 -1
    outer loop
      vertex -32.4871 -29.5098 0
      vertex -24.76 -10.2559 0
      vertex -32.2919 -29.4175 0
    endloop
  endfacet
  facet normal 0 0 -1
    outer loop
      vertex -26.8 0 0
      vertex -31.45 29.25 0
      vertex -31.2344 29.2606 0
    endloop
  endfacet
  facet normal -0 0 -1
    outer loop
      vertex -24.76 -10.2559 0
      vertex -32.4871 -29.5098 0
      vertex -25.646 -7.77963 0
    endloop
  endfacet
  facet normal 0 0 -1
    outer loop
      vertex -26.8 0 0
      vertex -31.6656 29.2606 0
      vertex -31.45 29.25 0
    endloop
  endfacet
  facet normal 0 0 -1
    outer loop
      vertex -32.6723 -29.6208 0
      vertex -25.646 -7.77963 0
      vertex -32.4871 -29.5098 0
    endloop
  endfacet
  facet normal 0 0 -1
    outer loop
      vertex -26.8 0 0
      vertex -31.8792 29.2923 0
      vertex -31.6656 29.2606 0
    endloop
  endfacet
  facet normal 0 0 -1
    outer loop
      vertex -32.8457 -29.7494 0
      vertex -25.646 -7.77963 0
      vertex -32.6723 -29.6208 0
    endloop
  endfacet
  facet normal 0 0 -1
    outer loop
      vertex -26.8 0 0
      vertex -32.0886 29.3447 0
      vertex -31.8792 29.2923 0
    endloop
  endfacet
  facet normal -0 0 -1
    outer loop
      vertex -25.646 -7.77963 0
      vertex -32.8457 -29.7494 0
      vertex -26.285 -5.22842 0
    endloop
  endfacet
  facet normal 0 0 -1
    outer loop
      vertex -26.8 0 0
      vertex -32.2919 29.4175 0
      vertex -32.0886 29.3447 0
    endloop
  endfacet
  facet normal 0 0 -1
    outer loop
      vertex -33.0056 -29.8944 0
      vertex -26.285 -5.22842 0
      vertex -32.8457 -29.7494 0
    endloop
  endfacet
  facet normal 0 0 -1
    outer loop
      vertex -26.8 0 0
      vertex -32.4871 29.5098 0
      vertex -32.2919 29.4175 0
    endloop
  endfacet
  facet normal 0 0 -1
    outer loop
      vertex -33.1506 -30.0543 0
      vertex -26.285 -5.22842 0
      vertex -33.0056 -29.8944 0
    endloop
  endfacet
  facet normal 0 0 -1
    outer loop
      vertex -26.8 0 0
      vertex -32.6723 29.6208 0
      vertex -32.4871 29.5098 0
    endloop
  endfacet
  facet normal 0 0 -1
    outer loop
      vertex -44 -39 0
      vertex -26.285 -5.22842 0
      vertex -33.1506 -30.0543 0
    endloop
  endfacet
  facet normal 0 0 -1
    outer loop
      vertex -26.8 0 0
      vertex -32.8457 29.7494 0
      vertex -32.6723 29.6208 0
    endloop
  endfacet
  facet normal -0 0 -1
    outer loop
      vertex -26.285 -5.22842 0
      vertex -44 -39 0
      vertex -26.6709 -2.62686 0
    endloop
  endfacet
  facet normal 0 0 -1
    outer loop
      vertex -26.8 0 0
      vertex -33.0056 29.8944 0
      vertex -32.8457 29.7494 0
    endloop
  endfacet
  facet normal -0 0 -1
    outer loop
      vertex -26.6709 -2.62686 0
      vertex -44 -39 0
      vertex -26.8 0 0
    endloop
  endfacet
  facet normal 0 0 -1
    outer loop
      vertex -26.8 0 0
      vertex -33.1506 30.0543 0
      vertex -33.0056 29.8944 0
    endloop
  endfacet
  facet normal 0 0 -1
    outer loop
      vertex -44 -39 0
      vertex -33.1506 -30.0543 0
      vertex -33.2792 -30.2277 0
    endloop
  endfacet
  facet normal 0 0 -1
    outer loop
      vertex -44 39 0
      vertex -26.8 0 0
      vertex -44 -39 0
    endloop
  endfacet
  facet normal 0 0 -1
    outer loop
      vertex -44 -39 0
      vertex -33.2792 -30.2277 0
      vertex -33.3902 -30.4129 0
    endloop
  endfacet
  facet normal 0 0 -1
    outer loop
      vertex -26.8 0 0
      vertex -44 39 0
      vertex -33.1506 30.0543 0
    endloop
  endfacet
  facet normal 0 0 -1
    outer loop
      vertex -44 -39 0
      vertex -33.3902 -30.4129 0
      vertex -33.4825 -30.6081 0
    endloop
  endfacet
  facet normal 0 0 -1
    outer loop
      vertex -33.1506 30.0543 0
      vertex -44 39 0
      vertex -33.2792 30.2277 0
    endloop
  endfacet
  facet normal 0 0 -1
    outer loop
      vertex -44 -39 0
      vertex -33.4825 -30.6081 0
      vertex -33.5553 -30.8114 0
    endloop
  endfacet
  facet normal 0 0 -1
    outer loop
      vertex -33.2792 30.2277 0
      vertex -44 39 0
      vertex -33.3902 30.4129 0
    endloop
  endfacet
  facet normal 0 0 -1
    outer loop
      vertex -44 -39 0
      vertex -33.5553 -30.8114 0
      vertex -33.6077 -31.0208 0
    endloop
  endfacet
  facet normal 0 0 -1
    outer loop
      vertex -33.3902 30.4129 0
      vertex -44 39 0
      vertex -33.4825 30.6081 0
    endloop
  endfacet
  facet normal 0 0 -1
    outer loop
      vertex -44 -39 0
      vertex -33.6077 -31.0208 0
      vertex -33.6394 -31.2344 0
    endloop
  endfacet
  facet normal 0 0 -1
    outer loop
      vertex -33.4825 30.6081 0
      vertex -44 39 0
      vertex -33.5553 30.8114 0
    endloop
  endfacet
  facet normal 0 0 -1
    outer loop
      vertex -44 -39 0
      vertex -33.6394 -31.2344 0
      vertex -33.65 -31.45 0
    endloop
  endfacet
  facet normal 0 0 -1
    outer loop
      vertex -33.5553 30.8114 0
      vertex -44 39 0
      vertex -33.6077 31.0208 0
    endloop
  endfacet
  facet normal 0 0 -1
    outer loop
      vertex 0 26.8 0
      vertex 2 42.8 0
      vertex 2.62686 26.6709 0
    endloop
  endfacet
  facet normal 0 0 -1
    outer loop
      vertex 0 26.8 0
      vertex -2 42.8 0
      vertex 2 42.8 0
    endloop
  endfacet
  facet normal 0 0 -1
    outer loop
      vertex -2.62686 26.6709 0
      vertex -2 42.8 0
      vertex 0 26.8 0
    endloop
  endfacet
  facet normal 0 0 -1
    outer loop
      vertex -5.22842 26.285 0
      vertex -2 42.8 0
      vertex -2.62686 26.6709 0
    endloop
  endfacet
  facet normal 0 0 -1
    outer loop
      vertex -7.77963 25.646 0
      vertex -2 42.8 0
      vertex -5.22842 26.285 0
    endloop
  endfacet
  facet normal 0 0 -1
    outer loop
      vertex -10.2559 24.76 0
      vertex -2 42.8 0
      vertex -7.77963 25.646 0
    endloop
  endfacet
  facet normal 0 0 -1
    outer loop
      vertex -29.4175 32.2919 0
      vertex -2 42.8 0
      vertex -10.2559 24.76 0
    endloop
  endfacet
  facet normal 0 0 -1
    outer loop
      vertex -29.3447 32.0886 0
      vertex -10.2559 24.76 0
      vertex -12.6334 23.6355 0
    endloop
  endfacet
  facet normal 0 0 -1
    outer loop
      vertex -29.25 31.45 0
      vertex -12.6334 23.6355 0
      vertex -14.8893 22.2834 0
    endloop
  endfacet
  facet normal 0 0 -1
    outer loop
      vertex -29.25 31.45 0
      vertex -14.8893 22.2834 0
      vertex -17.0017 20.7167 0
    endloop
  endfacet
  facet normal 0 0 -1
    outer loop
      vertex -29.25 31.45 0
      vertex -17.0017 20.7167 0
      vertex -18.9505 18.9505 0
    endloop
  endfacet
  facet normal 0 0 -1
    outer loop
      vertex -29.25 31.45 0
      vertex -18.9505 18.9505 0
      vertex -20.7167 17.0017 0
    endloop
  endfacet
  facet normal 0 0 -1
    outer loop
      vertex -29.25 31.45 0
      vertex -20.7167 17.0017 0
      vertex -22.2834 14.8893 0
    endloop
  endfacet
  facet normal 0 0 -1
    outer loop
      vertex -30.0543 -29.7494 0
      vertex -18.9505 -18.9505 0
      vertex -29.8944 -29.8944 0
    endloop
  endfacet
  facet normal 0 0 -1
    outer loop
      vertex -26.8 0 0
      vertex -29.25 31.45 0
      vertex -26.6709 2.62686 0
    endloop
  endfacet
  facet normal 0 0 -1
    outer loop
      vertex -29.25 31.45 0
      vertex -26.285 5.22842 0
      vertex -26.6709 2.62686 0
    endloop
  endfacet
  facet normal 0 0 -1
    outer loop
      vertex -29.25 31.45 0
      vertex -25.646 7.77963 0
      vertex -26.285 5.22842 0
    endloop
  endfacet
  facet normal 0 0 -1
    outer loop
      vertex -29.25 31.45 0
      vertex -24.76 10.2559 0
      vertex -25.646 7.77963 0
    endloop
  endfacet
  facet normal 0 0 -1
    outer loop
      vertex -29.25 31.45 0
      vertex -23.6355 12.6334 0
      vertex -24.76 10.2559 0
    endloop
  endfacet
  facet normal 0 0 -1
    outer loop
      vertex -29.25 31.45 0
      vertex -22.2834 14.8893 0
      vertex -23.6355 12.6334 0
    endloop
  endfacet
  facet normal 0 0 -1
    outer loop
      vertex -12.6334 23.6355 0
      vertex -29.25 31.45 0
      vertex -29.2606 31.6656 0
    endloop
  endfacet
  facet normal 0 0 -1
    outer loop
      vertex -12.6334 23.6355 0
      vertex -29.2606 31.6656 0
      vertex -29.2923 31.8792 0
    endloop
  endfacet
  facet normal 0 0 -1
    outer loop
      vertex -12.6334 23.6355 0
      vertex -29.2923 31.8792 0
      vertex -29.3447 32.0886 0
    endloop
  endfacet
  facet normal 0 0 -1
    outer loop
      vertex -10.2559 24.76 0
      vertex -29.3447 32.0886 0
      vertex -29.4175 32.2919 0
    endloop
  endfacet
  facet normal 0 0 -1
    outer loop
      vertex -29.5098 32.4871 0
      vertex -2 42.8 0
      vertex -29.4175 32.2919 0
    endloop
  endfacet
  facet normal 0 0 -1
    outer loop
      vertex -29.6208 32.6723 0
      vertex -2 42.8 0
      vertex -29.5098 32.4871 0
    endloop
  endfacet
  facet normal 0 0 -1
    outer loop
      vertex -29.7494 32.8457 0
      vertex -2 42.8 0
      vertex -29.6208 32.6723 0
    endloop
  endfacet
  facet normal -0 0 -1
    outer loop
      vertex -2 42.8 0
      vertex -29.7494 32.8457 0
      vertex -2 44 0
    endloop
  endfacet
  facet normal 0 0 -1
    outer loop
      vertex -29.8944 33.0056 0
      vertex -2 44 0
      vertex -29.7494 32.8457 0
    endloop
  endfacet
  facet normal 0 0 -1
    outer loop
      vertex -30.0543 33.1506 0
      vertex -2 44 0
      vertex -29.8944 33.0056 0
    endloop
  endfacet
  facet normal 0 0 -1
    outer loop
      vertex -30.2277 33.2792 0
      vertex -2 44 0
      vertex -30.0543 33.1506 0
    endloop
  endfacet
  facet normal 0 0 -1
    outer loop
      vertex -30.4129 33.3902 0
      vertex -2 44 0
      vertex -30.2277 33.2792 0
    endloop
  endfacet
  facet normal 0 0 -1
    outer loop
      vertex -39 44 0
      vertex -30.4129 33.3902 0
      vertex -30.6081 33.4825 0
    endloop
  endfacet
  facet normal 0 0 -1
    outer loop
      vertex -39 44 0
      vertex -30.6081 33.4825 0
      vertex -30.8114 33.5553 0
    endloop
  endfacet
  facet normal 0 0 -1
    outer loop
      vertex -39 44 0
      vertex -30.8114 33.5553 0
      vertex -31.0208 33.6077 0
    endloop
  endfacet
  facet normal 0 0 -1
    outer loop
      vertex -39 44 0
      vertex -31.0208 33.6077 0
      vertex -31.2344 33.6394 0
    endloop
  endfacet
  facet normal 0 0 -1
    outer loop
      vertex -39 44 0
      vertex -31.2344 33.6394 0
      vertex -31.45 33.65 0
    endloop
  endfacet
  facet normal 0 0 -1
    outer loop
      vertex -39 44 0
      vertex -31.45 33.65 0
      vertex -31.6656 33.6394 0
    endloop
  endfacet
  facet normal 0 0 -1
    outer loop
      vertex -39 44 0
      vertex -31.6656 33.6394 0
      vertex -31.8792 33.6077 0
    endloop
  endfacet
  facet normal 0 0 -1
    outer loop
      vertex -39 44 0
      vertex -31.8792 33.6077 0
      vertex -32.0886 33.5553 0
    endloop
  endfacet
  facet normal 0 0 -1
    outer loop
      vertex -33.6077 31.0208 0
      vertex -44 39 0
      vertex -33.6394 31.2344 0
    endloop
  endfacet
  facet normal 0 0 -1
    outer loop
      vertex -30.4129 33.3902 0
      vertex -39 44 0
      vertex -2 44 0
    endloop
  endfacet
  facet normal 0 0 -1
    outer loop
      vertex -32.2919 33.4825 0
      vertex -39 44 0
      vertex -32.0886 33.5553 0
    endloop
  endfacet
  facet normal 0 0 -1
    outer loop
      vertex -32.4871 33.3902 0
      vertex -39 44 0
      vertex -32.2919 33.4825 0
    endloop
  endfacet
  facet normal 0 0 -1
    outer loop
      vertex -32.6723 33.2792 0
      vertex -39 44 0
      vertex -32.4871 33.3902 0
    endloop
  endfacet
  facet normal 0 0 -1
    outer loop
      vertex -32.8457 33.1506 0
      vertex -39 44 0
      vertex -32.6723 33.2792 0
    endloop
  endfacet
  facet normal 0 0 -1
    outer loop
      vertex -33.0056 33.0056 0
      vertex -39 44 0
      vertex -32.8457 33.1506 0
    endloop
  endfacet
  facet normal 0 0 -1
    outer loop
      vertex -44 39 0
      vertex -33.0056 33.0056 0
      vertex -33.1506 32.8457 0
    endloop
  endfacet
  facet normal 0 0 -1
    outer loop
      vertex -44 39 0
      vertex -33.1506 32.8457 0
      vertex -33.2792 32.6723 0
    endloop
  endfacet
  facet normal 0 0 -1
    outer loop
      vertex -44 39 0
      vertex -33.2792 32.6723 0
      vertex -33.3902 32.4871 0
    endloop
  endfacet
  facet normal 0 0 -1
    outer loop
      vertex -44 39 0
      vertex -33.3902 32.4871 0
      vertex -33.4825 32.2919 0
    endloop
  endfacet
  facet normal 0 0 -1
    outer loop
      vertex -44 39 0
      vertex -33.4825 32.2919 0
      vertex -33.5553 32.0886 0
    endloop
  endfacet
  facet normal 0 0 -1
    outer loop
      vertex -44 39 0
      vertex -33.5553 32.0886 0
      vertex -33.6077 31.8792 0
    endloop
  endfacet
  facet normal 0 0 -1
    outer loop
      vertex -44 39 0
      vertex -33.6077 31.8792 0
      vertex -33.6394 31.6656 0
    endloop
  endfacet
  facet normal 0 0 -1
    outer loop
      vertex -33.6394 31.2344 0
      vertex -44 39 0
      vertex -33.65 31.45 0
    endloop
  endfacet
  facet normal 0 0 -1
    outer loop
      vertex -44 -39 0
      vertex -39 -44 0
      vertex -39.4901 -43.9759 0
    endloop
  endfacet
  facet normal 0 0 -1
    outer loop
      vertex -33.65 31.45 0
      vertex -44 39 0
      vertex -33.6394 31.6656 0
    endloop
  endfacet
  facet normal 0 0 -1
    outer loop
      vertex -44 -39 0
      vertex -39.4901 -43.9759 0
      vertex -39.9754 -43.9039 0
    endloop
  endfacet
  facet normal 0 0 -1
    outer loop
      vertex -33.0056 33.0056 0
      vertex -44 39 0
      vertex -39 44 0
    endloop
  endfacet
  facet normal 0 0 -1
    outer loop
      vertex -44 -39 0
      vertex -39.9754 -43.9039 0
      vertex -40.4514 -43.7847 0
    endloop
  endfacet
  facet normal 0 0 -1
    outer loop
      vertex -39 44 0
      vertex -44 39 0
      vertex -39.4901 43.9759 0
    endloop
  endfacet
  facet normal 0 0 -1
    outer loop
      vertex -44 -39 0
      vertex -40.4514 -43.7847 0
      vertex -40.9134 -43.6194 0
    endloop
  endfacet
  facet normal 0 0 -1
    outer loop
      vertex -39.4901 43.9759 0
      vertex -44 39 0
      vertex -39.9754 43.9039 0
    endloop
  endfacet
  facet normal 0 0 -1
    outer loop
      vertex -44 -39 0
      vertex -40.9134 -43.6194 0
      vertex -41.357 -43.4096 0
    endloop
  endfacet
  facet normal 0 0 -1
    outer loop
      vertex -39.9754 43.9039 0
      vertex -44 39 0
      vertex -40.4514 43.7847 0
    endloop
  endfacet
  facet normal 0 0 -1
    outer loop
      vertex -44 -39 0
      vertex -41.357 -43.4096 0
      vertex -41.7778 -43.1573 0
    endloop
  endfacet
  facet normal 0 0 -1
    outer loop
      vertex -40.4514 43.7847 0
      vertex -44 39 0
      vertex -40.9134 43.6194 0
    endloop
  endfacet
  facet normal 0 0 -1
    outer loop
      vertex -44 -39 0
      vertex -41.7778 -43.1573 0
      vertex -42.172 -42.8651 0
    endloop
  endfacet
  facet normal 0 0 -1
    outer loop
      vertex -40.9134 43.6194 0
      vertex -44 39 0
      vertex -41.357 43.4096 0
    endloop
  endfacet
  facet normal 0 0 -1
    outer loop
      vertex -44 -39 0
      vertex -42.172 -42.8651 0
      vertex -42.5355 -42.5355 0
    endloop
  endfacet
  facet normal 0 0 -1
    outer loop
      vertex -41.357 43.4096 0
      vertex -44 39 0
      vertex -41.7778 43.1573 0
    endloop
  endfacet
  facet normal 0 0 -1
    outer loop
      vertex -44 -39 0
      vertex -42.5355 -42.5355 0
      vertex -42.8651 -42.172 0
    endloop
  endfacet
  facet normal 0 0 -1
    outer loop
      vertex -41.7778 43.1573 0
      vertex -44 39 0
      vertex -42.172 42.8651 0
    endloop
  endfacet
  facet normal 0 0 -1
    outer loop
      vertex -44 -39 0
      vertex -42.8651 -42.172 0
      vertex -43.1573 -41.7778 0
    endloop
  endfacet
  facet normal 0 0 -1
    outer loop
      vertex -42.172 42.8651 0
      vertex -44 39 0
      vertex -42.5355 42.5355 0
    endloop
  endfacet
  facet normal 0 0 -1
    outer loop
      vertex -44 -39 0
      vertex -43.1573 -41.7778 0
      vertex -43.4096 -41.357 0
    endloop
  endfacet
  facet normal 0 0 -1
    outer loop
      vertex -42.5355 42.5355 0
      vertex -44 39 0
      vertex -42.8651 42.172 0
    endloop
  endfacet
  facet normal 0 0 -1
    outer loop
      vertex -44 -39 0
      vertex -43.4096 -41.357 0
      vertex -43.6194 -40.9134 0
    endloop
  endfacet
  facet normal 0 0 -1
    outer loop
      vertex -42.8651 42.172 0
      vertex -44 39 0
      vertex -43.1573 41.7778 0
    endloop
  endfacet
  facet normal 0 0 -1
    outer loop
      vertex -44 -39 0
      vertex -43.6194 -40.9134 0
      vertex -43.7847 -40.4514 0
    endloop
  endfacet
  facet normal 0 0 -1
    outer loop
      vertex -43.1573 41.7778 0
      vertex -44 39 0
      vertex -43.4096 41.357 0
    endloop
  endfacet
  facet normal 0 0 -1
    outer loop
      vertex -44 -39 0
      vertex -43.7847 -40.4514 0
      vertex -43.9039 -39.9754 0
    endloop
  endfacet
  facet normal 0 0 -1
    outer loop
      vertex -43.4096 41.357 0
      vertex -44 39 0
      vertex -43.6194 40.9134 0
    endloop
  endfacet
  facet normal 0 0 -1
    outer loop
      vertex -44 -39 0
      vertex -43.9039 -39.9754 0
      vertex -43.9759 -39.4901 0
    endloop
  endfacet
  facet normal 0 0 -1
    outer loop
      vertex -43.6194 40.9134 0
      vertex -44 39 0
      vertex -43.7847 40.4514 0
    endloop
  endfacet
  facet normal 0 0 -1
    outer loop
      vertex -43.7847 40.4514 0
      vertex -44 39 0
      vertex -43.9039 39.9754 0
    endloop
  endfacet
  facet normal 0 0 -1
    outer loop
      vertex -43.9039 39.9754 0
      vertex -44 39 0
      vertex -43.9759 39.4901 0
    endloop
  endfacet
  facet normal 0 0 -1
    outer loop
      vertex 33.5553 -30.8114 0
      vertex 44 -39 0
      vertex 33.6077 -31.0208 0
    endloop
  endfacet
  facet normal 0 0 -1
    outer loop
      vertex 44 39 0
      vertex 33.6394 31.2344 0
      vertex 33.65 31.45 0
    endloop
  endfacet
  facet normal 0 0 -1
    outer loop
      vertex 33.4825 -30.6081 0
      vertex 44 -39 0
      vertex 33.5553 -30.8114 0
    endloop
  endfacet
  facet normal 0 0 -1
    outer loop
      vertex 44 39 0
      vertex 33.6077 31.0208 0
      vertex 33.6394 31.2344 0
    endloop
  endfacet
  facet normal 0 0 -1
    outer loop
      vertex 33.3902 -30.4129 0
      vertex 44 -39 0
      vertex 33.4825 -30.6081 0
    endloop
  endfacet
  facet normal 0 0 -1
    outer loop
      vertex 44 39 0
      vertex 33.5553 30.8114 0
      vertex 33.6077 31.0208 0
    endloop
  endfacet
  facet normal 0 0 -1
    outer loop
      vertex 33.2792 -30.2277 0
      vertex 44 -39 0
      vertex 33.3902 -30.4129 0
    endloop
  endfacet
  facet normal 0 0 -1
    outer loop
      vertex 44 39 0
      vertex 33.4825 30.6081 0
      vertex 33.5553 30.8114 0
    endloop
  endfacet
  facet normal 0 0 -1
    outer loop
      vertex 44 -39 0
      vertex 26.8 0 0
      vertex 44 39 0
    endloop
  endfacet
  facet normal 0 0 -1
    outer loop
      vertex 26.6709 2.62686 0
      vertex 44 39 0
      vertex 26.8 0 0
    endloop
  endfacet
  facet normal 0 0 -1
    outer loop
      vertex 33.1506 -30.0543 0
      vertex 44 -39 0
      vertex 33.2792 -30.2277 0
    endloop
  endfacet
  facet normal 0 0 -1
    outer loop
      vertex 44 39 0
      vertex 33.3902 30.4129 0
      vertex 33.4825 30.6081 0
    endloop
  endfacet
  facet normal 0 0 -1
    outer loop
      vertex 26.285 -5.22842 0
      vertex 44 -39 0
      vertex 33.1506 -30.0543 0
    endloop
  endfacet
  facet normal 0 0 -1
    outer loop
      vertex 26.285 5.22842 0
      vertex 44 39 0
      vertex 26.6709 2.62686 0
    endloop
  endfacet
  facet normal 0 0 -1
    outer loop
      vertex 26.285 -5.22842 0
      vertex 33.1506 -30.0543 0
      vertex 33.0056 -29.8944 0
    endloop
  endfacet
  facet normal 0 0 -1
    outer loop
      vertex 44 39 0
      vertex 33.2792 30.2277 0
      vertex 33.3902 30.4129 0
    endloop
  endfacet
  facet normal 0 0 -1
    outer loop
      vertex 26.285 -5.22842 0
      vertex 33.0056 -29.8944 0
      vertex 32.8457 -29.7494 0
    endloop
  endfacet
  facet normal 0 0 -1
    outer loop
      vertex 44 39 0
      vertex 33.1506 30.0543 0
      vertex 33.2792 30.2277 0
    endloop
  endfacet
  facet normal 0 0 -1
    outer loop
      vertex 25.646 -7.77963 0
      vertex 32.8457 -29.7494 0
      vertex 32.6723 -29.6208 0
    endloop
  endfacet
  facet normal 0 0 -1
    outer loop
      vertex 44 39 0
      vertex 26.285 5.22842 0
      vertex 33.1506 30.0543 0
    endloop
  endfacet
  facet normal 0 0 -1
    outer loop
      vertex 25.646 -7.77963 0
      vertex 32.6723 -29.6208 0
      vertex 32.4871 -29.5098 0
    endloop
  endfacet
  facet normal 0 0 -1
    outer loop
      vertex 33.1506 30.0543 0
      vertex 26.285 5.22842 0
      vertex 33.0056 29.8944 0
    endloop
  endfacet
  facet normal 0 0 -1
    outer loop
      vertex 24.76 -10.2559 0
      vertex 32.4871 -29.5098 0
      vertex 32.2919 -29.4175 0
    endloop
  endfacet
  facet normal 0 0 -1
    outer loop
      vertex 33.0056 29.8944 0
      vertex 26.285 5.22842 0
      vertex 32.8457 29.7494 0
    endloop
  endfacet
  facet normal 0 0 -1
    outer loop
      vertex 24.76 -10.2559 0
      vertex 32.2919 -29.4175 0
      vertex 32.0886 -29.3447 0
    endloop
  endfacet
  facet normal 0 0 -1
    outer loop
      vertex 25.646 7.77963 0
      vertex 32.8457 29.7494 0
      vertex 26.285 5.22842 0
    endloop
  endfacet
  facet normal 0 0 -1
    outer loop
      vertex 23.6355 -12.6334 0
      vertex 32.0886 -29.3447 0
      vertex 31.8792 -29.2923 0
    endloop
  endfacet
  facet normal 0 0 -1
    outer loop
      vertex 32.8457 29.7494 0
      vertex 25.646 7.77963 0
      vertex 32.6723 29.6208 0
    endloop
  endfacet
  facet normal 0 0 -1
    outer loop
      vertex 23.6355 -12.6334 0
      vertex 31.8792 -29.2923 0
      vertex 31.6656 -29.2606 0
    endloop
  endfacet
  facet normal 0 0 -1
    outer loop
      vertex 32.6723 29.6208 0
      vertex 25.646 7.77963 0
      vertex 32.4871 29.5098 0
    endloop
  endfacet
  facet normal 0 0 -1
    outer loop
      vertex 23.6355 -12.6334 0
      vertex 31.6656 -29.2606 0
      vertex 31.45 -29.25 0
    endloop
  endfacet
  facet normal 0 0 -1
    outer loop
      vertex 24.76 10.2559 0
      vertex 32.4871 29.5098 0
      vertex 25.646 7.77963 0
    endloop
  endfacet
  facet normal 0 0 -1
    outer loop
      vertex 22.2834 -14.8893 0
      vertex 31.45 -29.25 0
      vertex 31.2344 -29.2606 0
    endloop
  endfacet
  facet normal 0 0 -1
    outer loop
      vertex 32.4871 29.5098 0
      vertex 24.76 10.2559 0
      vertex 32.2919 29.4175 0
    endloop
  endfacet
  facet normal 0 0 -1
    outer loop
      vertex 22.2834 -14.8893 0
      vertex 31.2344 -29.2606 0
      vertex 31.0208 -29.2923 0
    endloop
  endfacet
  facet normal 0 0 -1
    outer loop
      vertex 32.2919 29.4175 0
      vertex 24.76 10.2559 0
      vertex 32.0886 29.3447 0
    endloop
  endfacet
  facet normal 0 0 -1
    outer loop
      vertex 22.2834 -14.8893 0
      vertex 31.0208 -29.2923 0
      vertex 30.8114 -29.3447 0
    endloop
  endfacet
  facet normal 0 0 -1
    outer loop
      vertex 23.6355 12.6334 0
      vertex 32.0886 29.3447 0
      vertex 24.76 10.2559 0
    endloop
  endfacet
  facet normal 0 0 -1
    outer loop
      vertex 20.7167 -17.0017 0
      vertex 30.8114 -29.3447 0
      vertex 30.6081 -29.4175 0
    endloop
  endfacet
  facet normal 0 0 -1
    outer loop
      vertex 32.0886 29.3447 0
      vertex 23.6355 12.6334 0
      vertex 31.8792 29.2923 0
    endloop
  endfacet
  facet normal 0 0 -1
    outer loop
      vertex 20.7167 -17.0017 0
      vertex 30.6081 -29.4175 0
      vertex 30.4129 -29.5098 0
    endloop
  endfacet
  facet normal 0 0 -1
    outer loop
      vertex 31.8792 29.2923 0
      vertex 23.6355 12.6334 0
      vertex 31.6656 29.2606 0
    endloop
  endfacet
  facet normal 0 0 -1
    outer loop
      vertex 20.7167 -17.0017 0
      vertex 30.4129 -29.5098 0
      vertex 30.2277 -29.6208 0
    endloop
  endfacet
  facet normal 0 0 -1
    outer loop
      vertex 31.6656 29.2606 0
      vertex 23.6355 12.6334 0
      vertex 31.45 29.25 0
    endloop
  endfacet
  facet normal 0 0 -1
    outer loop
      vertex 18.9505 -18.9505 0
      vertex 30.2277 -29.6208 0
      vertex 30.0543 -29.7494 0
    endloop
  endfacet
  facet normal 0 0 -1
    outer loop
      vertex 22.2834 14.8893 0
      vertex 31.45 29.25 0
      vertex 23.6355 12.6334 0
    endloop
  endfacet
  facet normal 0 0 -1
    outer loop
      vertex 18.9505 -18.9505 0
      vertex 30.0543 -29.7494 0
      vertex 29.8944 -29.8944 0
    endloop
  endfacet
  facet normal -0 0 -1
    outer loop
      vertex 31.45 29.25 0
      vertex 22.2834 14.8893 0
      vertex 31.2344 29.2606 0
    endloop
  endfacet
  facet normal 0 0 -1
    outer loop
      vertex 18.9505 -18.9505 0
      vertex 29.8944 -29.8944 0
      vertex 29.7494 -30.0543 0
    endloop
  endfacet
  facet normal -0 0 -1
    outer loop
      vertex 31.2344 29.2606 0
      vertex 22.2834 14.8893 0
      vertex 31.0208 29.2923 0
    endloop
  endfacet
  facet normal 0 0 -1
    outer loop
      vertex 18.9505 -18.9505 0
      vertex 29.7494 -30.0543 0
      vertex 29.6208 -30.2277 0
    endloop
  endfacet
  facet normal -0 0 -1
    outer loop
      vertex 31.0208 29.2923 0
      vertex 22.2834 14.8893 0
      vertex 30.8114 29.3447 0
    endloop
  endfacet
  facet normal 0 0 -1
    outer loop
      vertex 17.0017 -20.7167 0
      vertex 29.6208 -30.2277 0
      vertex 29.5098 -30.4129 0
    endloop
  endfacet
  facet normal 0 0 -1
    outer loop
      vertex 20.7167 17.0017 0
      vertex 30.8114 29.3447 0
      vertex 22.2834 14.8893 0
    endloop
  endfacet
  facet normal 0 0 -1
    outer loop
      vertex 17.0017 -20.7167 0
      vertex 29.5098 -30.4129 0
      vertex 29.4175 -30.6081 0
    endloop
  endfacet
  facet normal -0 0 -1
    outer loop
      vertex 30.8114 29.3447 0
      vertex 20.7167 17.0017 0
      vertex 30.6081 29.4175 0
    endloop
  endfacet
  facet normal 0 0 -1
    outer loop
      vertex 17.0017 -20.7167 0
      vertex 29.4175 -30.6081 0
      vertex 29.3447 -30.8114 0
    endloop
  endfacet
  facet normal -0 0 -1
    outer loop
      vertex 30.6081 29.4175 0
      vertex 20.7167 17.0017 0
      vertex 30.4129 29.5098 0
    endloop
  endfacet
  facet normal 0 0 -1
    outer loop
      vertex 14.8893 -22.2834 0
      vertex 29.3447 -30.8114 0
      vertex 29.2923 -31.0208 0
    endloop
  endfacet
  facet normal -0 0 -1
    outer loop
      vertex 30.4129 29.5098 0
      vertex 20.7167 17.0017 0
      vertex 30.2277 29.6208 0
    endloop
  endfacet
  facet normal 0 0 -1
    outer loop
      vertex 14.8893 -22.2834 0
      vertex 29.2923 -31.0208 0
      vertex 29.2606 -31.2344 0
    endloop
  endfacet
  facet normal 0 0 -1
    outer loop
      vertex 18.9505 18.9505 0
      vertex 30.2277 29.6208 0
      vertex 20.7167 17.0017 0
    endloop
  endfacet
  facet normal 0 0 -1
    outer loop
      vertex 14.8893 -22.2834 0
      vertex 29.2606 -31.2344 0
      vertex 29.25 -31.45 0
    endloop
  endfacet
  facet normal -0 0 -1
    outer loop
      vertex 30.2277 29.6208 0
      vertex 18.9505 18.9505 0
      vertex 30.0543 29.7494 0
    endloop
  endfacet
  facet normal 0 0 -1
    outer loop
      vertex 39 -44 0
      vertex 44 -39 0
      vertex 43.9759 -39.4901 0
    endloop
  endfacet
  facet normal 0 0 -1
    outer loop
      vertex 33.6394 -31.2344 0
      vertex 44 -39 0
      vertex 33.65 -31.45 0
    endloop
  endfacet
  facet normal 0 0 -1
    outer loop
      vertex 39 -44 0
      vertex 43.9759 -39.4901 0
      vertex 43.9039 -39.9754 0
    endloop
  endfacet
  facet normal 0 0 -1
    outer loop
      vertex 33.6077 -31.0208 0
      vertex 44 -39 0
      vertex 33.6394 -31.2344 0
    endloop
  endfacet
  facet normal 0 0 -1
    outer loop
      vertex 39 -44 0
      vertex 43.9039 -39.9754 0
      vertex 43.7847 -40.4514 0
    endloop
  endfacet
  facet normal 0 0 -1
    outer loop
      vertex 33.6394 31.6656 0
      vertex 44 39 0
      vertex 33.65 31.45 0
    endloop
  endfacet
  facet normal 0 0 -1
    outer loop
      vertex 39 -44 0
      vertex 43.7847 -40.4514 0
      vertex 43.6194 -40.9134 0
    endloop
  endfacet
  facet normal 0 0 -1
    outer loop
      vertex 33.6077 31.8792 0
      vertex 44 39 0
      vertex 33.6394 31.6656 0
    endloop
  endfacet
  facet normal 0 0 -1
    outer loop
      vertex 39 -44 0
      vertex 43.6194 -40.9134 0
      vertex 43.4096 -41.357 0
    endloop
  endfacet
  facet normal 0 0 -1
    outer loop
      vertex 33.5553 32.0886 0
      vertex 44 39 0
      vertex 33.6077 31.8792 0
    endloop
  endfacet
  facet normal 0 0 -1
    outer loop
      vertex 39 -44 0
      vertex 43.4096 -41.357 0
      vertex 43.1573 -41.7778 0
    endloop
  endfacet
  facet normal 0 0 -1
    outer loop
      vertex 33.4825 32.2919 0
      vertex 44 39 0
      vertex 33.5553 32.0886 0
    endloop
  endfacet
  facet normal 0 0 -1
    outer loop
      vertex 39 -44 0
      vertex 43.1573 -41.7778 0
      vertex 42.8651 -42.172 0
    endloop
  endfacet
  facet normal 0 0 -1
    outer loop
      vertex 33.3902 32.4871 0
      vertex 44 39 0
      vertex 33.4825 32.2919 0
    endloop
  endfacet
  facet normal 0 0 -1
    outer loop
      vertex 39 -44 0
      vertex 42.8651 -42.172 0
      vertex 42.5355 -42.5355 0
    endloop
  endfacet
  facet normal 0 0 -1
    outer loop
      vertex 33.2792 32.6723 0
      vertex 44 39 0
      vertex 33.3902 32.4871 0
    endloop
  endfacet
  facet normal 0 0 -1
    outer loop
      vertex 39 -44 0
      vertex 42.5355 -42.5355 0
      vertex 42.172 -42.8651 0
    endloop
  endfacet
  facet normal 0 0 -1
    outer loop
      vertex 33.1506 32.8457 0
      vertex 44 39 0
      vertex 33.2792 32.6723 0
    endloop
  endfacet
  facet normal 0 0 -1
    outer loop
      vertex 39 -44 0
      vertex 42.172 -42.8651 0
      vertex 41.7778 -43.1573 0
    endloop
  endfacet
  facet normal 0 0 -1
    outer loop
      vertex 33.0056 33.0056 0
      vertex 44 39 0
      vertex 33.1506 32.8457 0
    endloop
  endfacet
  facet normal 0 0 -1
    outer loop
      vertex 39 -44 0
      vertex 41.7778 -43.1573 0
      vertex 41.357 -43.4096 0
    endloop
  endfacet
  facet normal 0 -0 -1
    outer loop
      vertex 39 44 0
      vertex 44 39 0
      vertex 33.0056 33.0056 0
    endloop
  endfacet
  facet normal 0 0 -1
    outer loop
      vertex 39 -44 0
      vertex 41.357 -43.4096 0
      vertex 40.9134 -43.6194 0
    endloop
  endfacet
  facet normal 0 0 -1
    outer loop
      vertex 44 39 0
      vertex 39 44 0
      vertex 43.9759 39.4901 0
    endloop
  endfacet
  facet normal 0 0 -1
    outer loop
      vertex 39 -44 0
      vertex 40.9134 -43.6194 0
      vertex 40.4514 -43.7847 0
    endloop
  endfacet
  facet normal 0 0 -1
    outer loop
      vertex 43.9759 39.4901 0
      vertex 39 44 0
      vertex 43.9039 39.9754 0
    endloop
  endfacet
  facet normal 0 0 -1
    outer loop
      vertex 39 -44 0
      vertex 40.4514 -43.7847 0
      vertex 39.9754 -43.9039 0
    endloop
  endfacet
  facet normal 0 0 -1
    outer loop
      vertex 43.9039 39.9754 0
      vertex 39 44 0
      vertex 43.7847 40.4514 0
    endloop
  endfacet
  facet normal 0 0 -1
    outer loop
      vertex 39 -44 0
      vertex 39.9754 -43.9039 0
      vertex 39.4901 -43.9759 0
    endloop
  endfacet
  facet normal 0 0 -1
    outer loop
      vertex 43.6194 40.9134 0
      vertex 39 44 0
      vertex 43.4096 41.357 0
    endloop
  endfacet
  facet normal -0 0 -1
    outer loop
      vertex 44 -39 0
      vertex 39 -44 0
      vertex 33.0056 -33.0056 0
    endloop
  endfacet
  facet normal 0 0 -1
    outer loop
      vertex 43.4096 41.357 0
      vertex 39 44 0
      vertex 43.1573 41.7778 0
    endloop
  endfacet
  facet normal 0 0 -1
    outer loop
      vertex 43.1573 41.7778 0
      vertex 39 44 0
      vertex 42.8651 42.172 0
    endloop
  endfacet
  facet normal 0 0 -1
    outer loop
      vertex 44 -39 0
      vertex 33.6394 -31.6656 0
      vertex 33.65 -31.45 0
    endloop
  endfacet
  facet normal 0 0 -1
    outer loop
      vertex 44 -39 0
      vertex 33.6077 -31.8792 0
      vertex 33.6394 -31.6656 0
    endloop
  endfacet
  facet normal 0 0 -1
    outer loop
      vertex 44 -39 0
      vertex 33.5553 -32.0886 0
      vertex 33.6077 -31.8792 0
    endloop
  endfacet
  facet normal 0 0 -1
    outer loop
      vertex 44 -39 0
      vertex 33.4825 -32.2919 0
      vertex 33.5553 -32.0886 0
    endloop
  endfacet
  facet normal 0 0 -1
    outer loop
      vertex 44 -39 0
      vertex 33.3902 -32.4871 0
      vertex 33.4825 -32.2919 0
    endloop
  endfacet
  facet normal 0 0 -1
    outer loop
      vertex 44 -39 0
      vertex 33.2792 -32.6723 0
      vertex 33.3902 -32.4871 0
    endloop
  endfacet
  facet normal 0 0 -1
    outer loop
      vertex 44 -39 0
      vertex 33.1506 -32.8457 0
      vertex 33.2792 -32.6723 0
    endloop
  endfacet
  facet normal 0 0 -1
    outer loop
      vertex 44 -39 0
      vertex 33.0056 -33.0056 0
      vertex 33.1506 -32.8457 0
    endloop
  endfacet
  facet normal 0 0 -1
    outer loop
      vertex 39 -44 0
      vertex 32.8457 -33.1506 0
      vertex 33.0056 -33.0056 0
    endloop
  endfacet
  facet normal 0 0 -1
    outer loop
      vertex 39 -44 0
      vertex 32.6723 -33.2792 0
      vertex 32.8457 -33.1506 0
    endloop
  endfacet
  facet normal 0 0 -1
    outer loop
      vertex 39 -44 0
      vertex 32.4871 -33.3902 0
      vertex 32.6723 -33.2792 0
    endloop
  endfacet
  facet normal 0 0 -1
    outer loop
      vertex 39 -44 0
      vertex 32.2919 -33.4825 0
      vertex 32.4871 -33.3902 0
    endloop
  endfacet
  facet normal 0 0 -1
    outer loop
      vertex 39 -44 0
      vertex 32.0886 -33.5553 0
      vertex 32.2919 -33.4825 0
    endloop
  endfacet
  facet normal 0 0 -1
    outer loop
      vertex 39 -44 0
      vertex 31.8792 -33.6077 0
      vertex 32.0886 -33.5553 0
    endloop
  endfacet
  facet normal 0 0 -1
    outer loop
      vertex 39 -44 0
      vertex 31.6656 -33.6394 0
      vertex 31.8792 -33.6077 0
    endloop
  endfacet
  facet normal 0 0 -1
    outer loop
      vertex 39 -44 0
      vertex 31.45 -33.65 0
      vertex 31.6656 -33.6394 0
    endloop
  endfacet
  facet normal 0 0 -1
    outer loop
      vertex 39 -44 0
      vertex 31.2344 -33.6394 0
      vertex 31.45 -33.65 0
    endloop
  endfacet
  facet normal 0 0 -1
    outer loop
      vertex 39 -44 0
      vertex 31.0208 -33.6077 0
      vertex 31.2344 -33.6394 0
    endloop
  endfacet
  facet normal 0 0 -1
    outer loop
      vertex 39 -44 0
      vertex 30.8114 -33.5553 0
      vertex 31.0208 -33.6077 0
    endloop
  endfacet
  facet normal 0 0 -1
    outer loop
      vertex 39 -44 0
      vertex 30.6081 -33.4825 0
      vertex 30.8114 -33.5553 0
    endloop
  endfacet
  facet normal 0 0 -1
    outer loop
      vertex 39 -44 0
      vertex 30.4129 -33.3902 0
      vertex 30.6081 -33.4825 0
    endloop
  endfacet
  facet normal 0 0 -1
    outer loop
      vertex 39 -44 0
      vertex 30.2277 -33.2792 0
      vertex 30.4129 -33.3902 0
    endloop
  endfacet
  facet normal 0 0 -1
    outer loop
      vertex 39 -44 0
      vertex 30.0543 -33.1506 0
      vertex 30.2277 -33.2792 0
    endloop
  endfacet
  facet normal 0 0 -1
    outer loop
      vertex 5.22842 -26.285 0
      vertex 30.0543 -33.1506 0
      vertex 39 -44 0
    endloop
  endfacet
  facet normal 0 0 -1
    outer loop
      vertex 30.0543 -33.1506 0
      vertex 5.22842 -26.285 0
      vertex 29.8944 -33.0056 0
    endloop
  endfacet
  facet normal -0 0 -1
    outer loop
      vertex 30.0543 29.7494 0
      vertex 18.9505 18.9505 0
      vertex 29.8944 29.8944 0
    endloop
  endfacet
  facet normal 0 0 -1
    outer loop
      vertex 12.6334 -23.6355 0
      vertex 29.25 -31.45 0
      vertex 29.2606 -31.6656 0
    endloop
  endfacet
  facet normal 0 0 -1
    outer loop
      vertex 44 -39 0
      vertex 26.6709 -2.62686 0
      vertex 26.8 0 0
    endloop
  endfacet
  facet normal 0 0 -1
    outer loop
      vertex 44 -39 0
      vertex 26.285 -5.22842 0
      vertex 26.6709 -2.62686 0
    endloop
  endfacet
  facet normal 0 0 -1
    outer loop
      vertex 32.8457 -29.7494 0
      vertex 25.646 -7.77963 0
      vertex 26.285 -5.22842 0
    endloop
  endfacet
  facet normal 0 0 -1
    outer loop
      vertex 12.6334 -23.6355 0
      vertex 29.2606 -31.6656 0
      vertex 29.2923 -31.8792 0
    endloop
  endfacet
  facet normal 0 0 -1
    outer loop
      vertex 32.4871 -29.5098 0
      vertex 24.76 -10.2559 0
      vertex 25.646 -7.77963 0
    endloop
  endfacet
  facet normal 0 0 -1
    outer loop
      vertex 32.0886 -29.3447 0
      vertex 23.6355 -12.6334 0
      vertex 24.76 -10.2559 0
    endloop
  endfacet
  facet normal 0 0 -1
    outer loop
      vertex 12.6334 -23.6355 0
      vertex 29.2923 -31.8792 0
      vertex 29.3447 -32.0886 0
    endloop
  endfacet
  facet normal 0 0 -1
    outer loop
      vertex 31.45 -29.25 0
      vertex 22.2834 -14.8893 0
      vertex 23.6355 -12.6334 0
    endloop
  endfacet
  facet normal 0 0 -1
    outer loop
      vertex 10.2559 -24.76 0
      vertex 29.3447 -32.0886 0
      vertex 29.4175 -32.2919 0
    endloop
  endfacet
  facet normal 0 0 -1
    outer loop
      vertex 30.8114 -29.3447 0
      vertex 20.7167 -17.0017 0
      vertex 22.2834 -14.8893 0
    endloop
  endfacet
  facet normal 0 0 -1
    outer loop
      vertex 10.2559 -24.76 0
      vertex 29.4175 -32.2919 0
      vertex 29.5098 -32.4871 0
    endloop
  endfacet
  facet normal 0 0 -1
    outer loop
      vertex 30.2277 -29.6208 0
      vertex 18.9505 -18.9505 0
      vertex 20.7167 -17.0017 0
    endloop
  endfacet
  facet normal 0 0 -1
    outer loop
      vertex 10.2559 -24.76 0
      vertex 29.5098 -32.4871 0
      vertex 29.6208 -32.6723 0
    endloop
  endfacet
  facet normal 0 0 -1
    outer loop
      vertex 7.77963 -25.646 0
      vertex 29.6208 -32.6723 0
      vertex 29.7494 -32.8457 0
    endloop
  endfacet
  facet normal 0 0 -1
    outer loop
      vertex 29.6208 -30.2277 0
      vertex 17.0017 -20.7167 0
      vertex 18.9505 -18.9505 0
    endloop
  endfacet
  facet normal 0 0 -1
    outer loop
      vertex 29.8944 -33.0056 0
      vertex 5.22842 -26.285 0
      vertex 29.7494 -32.8457 0
    endloop
  endfacet
  facet normal 0 0 -1
    outer loop
      vertex 29.3447 -30.8114 0
      vertex 14.8893 -22.2834 0
      vertex 17.0017 -20.7167 0
    endloop
  endfacet
  facet normal 0 0 -1
    outer loop
      vertex 29.25 -31.45 0
      vertex 12.6334 -23.6355 0
      vertex 14.8893 -22.2834 0
    endloop
  endfacet
  facet normal 0 0 -1
    outer loop
      vertex 29.3447 -32.0886 0
      vertex 10.2559 -24.76 0
      vertex 12.6334 -23.6355 0
    endloop
  endfacet
  facet normal 0 0 -1
    outer loop
      vertex 29.6208 -32.6723 0
      vertex 7.77963 -25.646 0
      vertex 10.2559 -24.76 0
    endloop
  endfacet
  facet normal 0 0 -1
    outer loop
      vertex 29.7494 -32.8457 0
      vertex 5.22842 -26.285 0
      vertex 7.77963 -25.646 0
    endloop
  endfacet
  facet normal 0 0 -1
    outer loop
      vertex 39 -44 0
      vertex 2.62686 -26.6709 0
      vertex 5.22842 -26.285 0
    endloop
  endfacet
  facet normal 0 0 -1
    outer loop
      vertex 39 -44 0
      vertex 0 -26.8 0
      vertex 2.62686 -26.6709 0
    endloop
  endfacet
  facet normal 0 0 -1
    outer loop
      vertex -39 -44 0
      vertex 0 -26.8 0
      vertex 39 -44 0
    endloop
  endfacet
  facet normal -0 0 -1
    outer loop
      vertex 0 -26.8 0
      vertex -39 -44 0
      vertex -2.62686 -26.6709 0
    endloop
  endfacet
  facet normal -0 0 -1
    outer loop
      vertex -2.62686 -26.6709 0
      vertex -39 -44 0
      vertex -5.22842 -26.285 0
    endloop
  endfacet
  facet normal 0 -0 -1
    outer loop
      vertex -30.0543 -33.1506 0
      vertex -5.22842 -26.285 0
      vertex -39 -44 0
    endloop
  endfacet
  facet normal 0 0 -1
    outer loop
      vertex -29.8944 -29.8944 0
      vertex -18.9505 -18.9505 0
      vertex -29.7494 -30.0543 0
    endloop
  endfacet
  facet normal 0 0 -1
    outer loop
      vertex -29.7494 -30.0543 0
      vertex -18.9505 -18.9505 0
      vertex -29.6208 -30.2277 0
    endloop
  endfacet
  facet normal -0 0 -1
    outer loop
      vertex -17.0017 -20.7167 0
      vertex -29.6208 -30.2277 0
      vertex -18.9505 -18.9505 0
    endloop
  endfacet
  facet normal 0 0 -1
    outer loop
      vertex -29.6208 -30.2277 0
      vertex -17.0017 -20.7167 0
      vertex -29.5098 -30.4129 0
    endloop
  endfacet
  facet normal 0 0 -1
    outer loop
      vertex -29.5098 -30.4129 0
      vertex -17.0017 -20.7167 0
      vertex -29.4175 -30.6081 0
    endloop
  endfacet
  facet normal 0 0 -1
    outer loop
      vertex -29.4175 -30.6081 0
      vertex -17.0017 -20.7167 0
      vertex -29.3447 -30.8114 0
    endloop
  endfacet
  facet normal -0 0 -1
    outer loop
      vertex -14.8893 -22.2834 0
      vertex -29.3447 -30.8114 0
      vertex -17.0017 -20.7167 0
    endloop
  endfacet
  facet normal 0 0 -1
    outer loop
      vertex -29.3447 -30.8114 0
      vertex -14.8893 -22.2834 0
      vertex -29.2923 -31.0208 0
    endloop
  endfacet
  facet normal 0 0 -1
    outer loop
      vertex -29.2923 -31.0208 0
      vertex -14.8893 -22.2834 0
      vertex -29.2606 -31.2344 0
    endloop
  endfacet
  facet normal 0 0 -1
    outer loop
      vertex -29.2606 -31.2344 0
      vertex -14.8893 -22.2834 0
      vertex -29.25 -31.45 0
    endloop
  endfacet
  facet normal -0 0 -1
    outer loop
      vertex -12.6334 -23.6355 0
      vertex -29.25 -31.45 0
      vertex -14.8893 -22.2834 0
    endloop
  endfacet
  facet normal 0 0 -1
    outer loop
      vertex -29.3447 -32.0886 0
      vertex -12.6334 -23.6355 0
      vertex -10.2559 -24.76 0
    endloop
  endfacet
  facet normal 0 -0 -1
    outer loop
      vertex -29.8944 -33.0056 0
      vertex -5.22842 -26.285 0
      vertex -30.0543 -33.1506 0
    endloop
  endfacet
  facet normal 0 0 -1
    outer loop
      vertex -12.6334 -23.6355 0
      vertex -29.2606 -31.6656 0
      vertex -29.25 -31.45 0
    endloop
  endfacet
  facet normal 0 0 -1
    outer loop
      vertex -12.6334 -23.6355 0
      vertex -29.2923 -31.8792 0
      vertex -29.2606 -31.6656 0
    endloop
  endfacet
  facet normal 0 0 -1
    outer loop
      vertex -12.6334 -23.6355 0
      vertex -29.3447 -32.0886 0
      vertex -29.2923 -31.8792 0
    endloop
  endfacet
  facet normal 0 0 -1
    outer loop
      vertex -10.2559 -24.76 0
      vertex -29.4175 -32.2919 0
      vertex -29.3447 -32.0886 0
    endloop
  endfacet
  facet normal 0 0 -1
    outer loop
      vertex -10.2559 -24.76 0
      vertex -29.5098 -32.4871 0
      vertex -29.4175 -32.2919 0
    endloop
  endfacet
  facet normal 0 0 -1
    outer loop
      vertex -10.2559 -24.76 0
      vertex -29.6208 -32.6723 0
      vertex -29.5098 -32.4871 0
    endloop
  endfacet
  facet normal -0 0 -1
    outer loop
      vertex -7.77963 -25.646 0
      vertex -29.6208 -32.6723 0
      vertex -10.2559 -24.76 0
    endloop
  endfacet
  facet normal 0 -0 -1
    outer loop
      vertex -29.6208 -32.6723 0
      vertex -7.77963 -25.646 0
      vertex -29.7494 -32.8457 0
    endloop
  endfacet
  facet normal 0 -0 -1
    outer loop
      vertex -29.7494 -32.8457 0
      vertex -7.77963 -25.646 0
      vertex -29.8944 -33.0056 0
    endloop
  endfacet
  facet normal -0 0 -1
    outer loop
      vertex -5.22842 -26.285 0
      vertex -29.8944 -33.0056 0
      vertex -7.77963 -25.646 0
    endloop
  endfacet
  facet normal 0 0 -1
    outer loop
      vertex -30.0543 -33.1506 0
      vertex -39 -44 0
      vertex -30.2277 -33.2792 0
    endloop
  endfacet
  facet normal 0 0 -1
    outer loop
      vertex -30.2277 -33.2792 0
      vertex -39 -44 0
      vertex -30.4129 -33.3902 0
    endloop
  endfacet
  facet normal 0 0 -1
    outer loop
      vertex -30.4129 -33.3902 0
      vertex -39 -44 0
      vertex -30.6081 -33.4825 0
    endloop
  endfacet
  facet normal 0 0 -1
    outer loop
      vertex -30.6081 -33.4825 0
      vertex -39 -44 0
      vertex -30.8114 -33.5553 0
    endloop
  endfacet
  facet normal 0 0 -1
    outer loop
      vertex -30.8114 -33.5553 0
      vertex -39 -44 0
      vertex -31.0208 -33.6077 0
    endloop
  endfacet
  facet normal 0 0 -1
    outer loop
      vertex -31.0208 -33.6077 0
      vertex -39 -44 0
      vertex -31.2344 -33.6394 0
    endloop
  endfacet
  facet normal 0 0 -1
    outer loop
      vertex -31.2344 -33.6394 0
      vertex -39 -44 0
      vertex -31.45 -33.65 0
    endloop
  endfacet
  facet normal -0 0 -1
    outer loop
      vertex -33.6394 -31.6656 0
      vertex -44 -39 0
      vertex -33.65 -31.45 0
    endloop
  endfacet
  facet normal -0 0 -1
    outer loop
      vertex -33.6077 -31.8792 0
      vertex -44 -39 0
      vertex -33.6394 -31.6656 0
    endloop
  endfacet
  facet normal -0 0 -1
    outer loop
      vertex -33.5553 -32.0886 0
      vertex -44 -39 0
      vertex -33.6077 -31.8792 0
    endloop
  endfacet
  facet normal -0 0 -1
    outer loop
      vertex -33.4825 -32.2919 0
      vertex -44 -39 0
      vertex -33.5553 -32.0886 0
    endloop
  endfacet
  facet normal -0 0 -1
    outer loop
      vertex -33.3902 -32.4871 0
      vertex -44 -39 0
      vertex -33.4825 -32.2919 0
    endloop
  endfacet
  facet normal -0 0 -1
    outer loop
      vertex -33.2792 -32.6723 0
      vertex -44 -39 0
      vertex -33.3902 -32.4871 0
    endloop
  endfacet
  facet normal -0 0 -1
    outer loop
      vertex -33.1506 -32.8457 0
      vertex -44 -39 0
      vertex -33.2792 -32.6723 0
    endloop
  endfacet
  facet normal -0 0 -1
    outer loop
      vertex -33.0056 -33.0056 0
      vertex -44 -39 0
      vertex -33.1506 -32.8457 0
    endloop
  endfacet
  facet normal 0 0 -1
    outer loop
      vertex -44 -39 0
      vertex -33.0056 -33.0056 0
      vertex -39 -44 0
    endloop
  endfacet
  facet normal -0 0 -1
    outer loop
      vertex -32.8457 -33.1506 0
      vertex -39 -44 0
      vertex -33.0056 -33.0056 0
    endloop
  endfacet
  facet normal -0 0 -1
    outer loop
      vertex -32.6723 -33.2792 0
      vertex -39 -44 0
      vertex -32.8457 -33.1506 0
    endloop
  endfacet
  facet normal -0 0 -1
    outer loop
      vertex -32.4871 -33.3902 0
      vertex -39 -44 0
      vertex -32.6723 -33.2792 0
    endloop
  endfacet
  facet normal -0 0 -1
    outer loop
      vertex -32.2919 -33.4825 0
      vertex -39 -44 0
      vertex -32.4871 -33.3902 0
    endloop
  endfacet
  facet normal -0 0 -1
    outer loop
      vertex -32.0886 -33.5553 0
      vertex -39 -44 0
      vertex -32.2919 -33.4825 0
    endloop
  endfacet
  facet normal -0 0 -1
    outer loop
      vertex -31.8792 -33.6077 0
      vertex -39 -44 0
      vertex -32.0886 -33.5553 0
    endloop
  endfacet
  facet normal -0 0 -1
    outer loop
      vertex -31.6656 -33.6394 0
      vertex -39 -44 0
      vertex -31.8792 -33.6077 0
    endloop
  endfacet
  facet normal -0 0 -1
    outer loop
      vertex -31.45 -33.65 0
      vertex -39 -44 0
      vertex -31.6656 -33.6394 0
    endloop
  endfacet
  facet normal 0 0 -1
    outer loop
      vertex 42.8651 42.172 0
      vertex 39 44 0
      vertex 42.5355 42.5355 0
    endloop
  endfacet
  facet normal 0 0 -1
    outer loop
      vertex 42.5355 42.5355 0
      vertex 39 44 0
      vertex 42.172 42.8651 0
    endloop
  endfacet
  facet normal 0 0 -1
    outer loop
      vertex 42.172 42.8651 0
      vertex 39 44 0
      vertex 41.7778 43.1573 0
    endloop
  endfacet
  facet normal 0 0 -1
    outer loop
      vertex 41.7778 43.1573 0
      vertex 39 44 0
      vertex 41.357 43.4096 0
    endloop
  endfacet
  facet normal 0 0 -1
    outer loop
      vertex 41.357 43.4096 0
      vertex 39 44 0
      vertex 40.9134 43.6194 0
    endloop
  endfacet
  facet normal 0 0 -1
    outer loop
      vertex 40.9134 43.6194 0
      vertex 39 44 0
      vertex 40.4514 43.7847 0
    endloop
  endfacet
  facet normal 0 0 -1
    outer loop
      vertex 39.9754 43.9039 0
      vertex 39 44 0
      vertex 39.4901 43.9759 0
    endloop
  endfacet
  facet normal 0 0 -1
    outer loop
      vertex 40.4514 43.7847 0
      vertex 39 44 0
      vertex 39.9754 43.9039 0
    endloop
  endfacet
  facet normal 0 0 -1
    outer loop
      vertex 43.7847 40.4514 0
      vertex 39 44 0
      vertex 43.6194 40.9134 0
    endloop
  endfacet
  facet normal 0 0 -1
    outer loop
      vertex 32.8457 33.1506 0
      vertex 39 44 0
      vertex 33.0056 33.0056 0
    endloop
  endfacet
  facet normal 0 0 -1
    outer loop
      vertex 32.6723 33.2792 0
      vertex 39 44 0
      vertex 32.8457 33.1506 0
    endloop
  endfacet
  facet normal 0 0 -1
    outer loop
      vertex 32.4871 33.3902 0
      vertex 39 44 0
      vertex 32.6723 33.2792 0
    endloop
  endfacet
  facet normal 0 0 -1
    outer loop
      vertex 32.2919 33.4825 0
      vertex 39 44 0
      vertex 32.4871 33.3902 0
    endloop
  endfacet
  facet normal 0 0 -1
    outer loop
      vertex 32.0886 33.5553 0
      vertex 39 44 0
      vertex 32.2919 33.4825 0
    endloop
  endfacet
  facet normal 0 0 -1
    outer loop
      vertex 31.8792 33.6077 0
      vertex 39 44 0
      vertex 32.0886 33.5553 0
    endloop
  endfacet
  facet normal 0 0 -1
    outer loop
      vertex 31.6656 33.6394 0
      vertex 39 44 0
      vertex 31.8792 33.6077 0
    endloop
  endfacet
  facet normal 0 0 -1
    outer loop
      vertex 31.45 33.65 0
      vertex 39 44 0
      vertex 31.6656 33.6394 0
    endloop
  endfacet
  facet normal 0 0 -1
    outer loop
      vertex 31.2344 33.6394 0
      vertex 39 44 0
      vertex 31.45 33.65 0
    endloop
  endfacet
  facet normal 0 0 -1
    outer loop
      vertex 31.0208 33.6077 0
      vertex 39 44 0
      vertex 31.2344 33.6394 0
    endloop
  endfacet
  facet normal 0 0 -1
    outer loop
      vertex 30.8114 33.5553 0
      vertex 39 44 0
      vertex 31.0208 33.6077 0
    endloop
  endfacet
  facet normal 0 0 -1
    outer loop
      vertex 30.6081 33.4825 0
      vertex 39 44 0
      vertex 30.8114 33.5553 0
    endloop
  endfacet
  facet normal 0 0 -1
    outer loop
      vertex 30.4129 33.3902 0
      vertex 39 44 0
      vertex 30.6081 33.4825 0
    endloop
  endfacet
  facet normal 0 0 -1
    outer loop
      vertex 2 44 0
      vertex 30.4129 33.3902 0
      vertex 30.2277 33.2792 0
    endloop
  endfacet
  facet normal 0 0 -1
    outer loop
      vertex 2 44 0
      vertex 30.2277 33.2792 0
      vertex 30.0543 33.1506 0
    endloop
  endfacet
  facet normal 0 0 -1
    outer loop
      vertex 2 44 0
      vertex 30.0543 33.1506 0
      vertex 29.8944 33.0056 0
    endloop
  endfacet
  facet normal 0 0 -1
    outer loop
      vertex 2 44 0
      vertex 29.8944 33.0056 0
      vertex 29.7494 32.8457 0
    endloop
  endfacet
  facet normal -0 0 -1
    outer loop
      vertex 29.8944 29.8944 0
      vertex 18.9505 18.9505 0
      vertex 29.7494 30.0543 0
    endloop
  endfacet
  facet normal -0 0 -1
    outer loop
      vertex 29.7494 30.0543 0
      vertex 18.9505 18.9505 0
      vertex 29.6208 30.2277 0
    endloop
  endfacet
  facet normal 0 0 -1
    outer loop
      vertex 17.0017 20.7167 0
      vertex 29.6208 30.2277 0
      vertex 18.9505 18.9505 0
    endloop
  endfacet
  facet normal -0 0 -1
    outer loop
      vertex 29.6208 30.2277 0
      vertex 17.0017 20.7167 0
      vertex 29.5098 30.4129 0
    endloop
  endfacet
  facet normal -0 0 -1
    outer loop
      vertex 29.5098 30.4129 0
      vertex 17.0017 20.7167 0
      vertex 29.4175 30.6081 0
    endloop
  endfacet
  facet normal -0 0 -1
    outer loop
      vertex 29.4175 30.6081 0
      vertex 17.0017 20.7167 0
      vertex 29.3447 30.8114 0
    endloop
  endfacet
  facet normal 0 0 -1
    outer loop
      vertex 14.8893 22.2834 0
      vertex 29.3447 30.8114 0
      vertex 17.0017 20.7167 0
    endloop
  endfacet
  facet normal -0 0 -1
    outer loop
      vertex 29.3447 30.8114 0
      vertex 14.8893 22.2834 0
      vertex 29.2923 31.0208 0
    endloop
  endfacet
  facet normal -0 0 -1
    outer loop
      vertex 29.2923 31.0208 0
      vertex 14.8893 22.2834 0
      vertex 29.2606 31.2344 0
    endloop
  endfacet
  facet normal -0 0 -1
    outer loop
      vertex 29.2606 31.2344 0
      vertex 14.8893 22.2834 0
      vertex 29.25 31.45 0
    endloop
  endfacet
  facet normal 0 0 -1
    outer loop
      vertex 12.6334 23.6355 0
      vertex 29.25 31.45 0
      vertex 14.8893 22.2834 0
    endloop
  endfacet
  facet normal -0 0 -1
    outer loop
      vertex 29.25 31.45 0
      vertex 12.6334 23.6355 0
      vertex 29.2606 31.6656 0
    endloop
  endfacet
  facet normal -0 0 -1
    outer loop
      vertex 29.2606 31.6656 0
      vertex 12.6334 23.6355 0
      vertex 29.2923 31.8792 0
    endloop
  endfacet
  facet normal -0 0 -1
    outer loop
      vertex 29.2923 31.8792 0
      vertex 12.6334 23.6355 0
      vertex 29.3447 32.0886 0
    endloop
  endfacet
  facet normal 0 0 -1
    outer loop
      vertex 10.2559 24.76 0
      vertex 29.3447 32.0886 0
      vertex 12.6334 23.6355 0
    endloop
  endfacet
  facet normal -0 0 -1
    outer loop
      vertex 29.3447 32.0886 0
      vertex 10.2559 24.76 0
      vertex 29.4175 32.2919 0
    endloop
  endfacet
  facet normal 0 0 -1
    outer loop
      vertex 2 42.8 0
      vertex 29.4175 32.2919 0
      vertex 10.2559 24.76 0
    endloop
  endfacet
  facet normal 0 0 -1
    outer loop
      vertex 29.4175 32.2919 0
      vertex 2 42.8 0
      vertex 29.5098 32.4871 0
    endloop
  endfacet
  facet normal 0 0 -1
    outer loop
      vertex 29.5098 32.4871 0
      vertex 2 42.8 0
      vertex 29.6208 32.6723 0
    endloop
  endfacet
  facet normal 0 0 -1
    outer loop
      vertex 29.6208 32.6723 0
      vertex 2 42.8 0
      vertex 29.7494 32.8457 0
    endloop
  endfacet
  facet normal 0 0 -1
    outer loop
      vertex 2 42.8 0
      vertex 10.2559 24.76 0
      vertex 7.77963 25.646 0
    endloop
  endfacet
  facet normal 0 0 -1
    outer loop
      vertex 2 42.8 0
      vertex 7.77963 25.646 0
      vertex 5.22842 26.285 0
    endloop
  endfacet
  facet normal 0 0 -1
    outer loop
      vertex 2 42.8 0
      vertex 5.22842 26.285 0
      vertex 2.62686 26.6709 0
    endloop
  endfacet
  facet normal 0 0 -1
    outer loop
      vertex 2 44 0
      vertex 29.7494 32.8457 0
      vertex 2 42.8 0
    endloop
  endfacet
  facet normal 0 0 -1
    outer loop
      vertex 30.4129 33.3902 0
      vertex 2 44 0
      vertex 39 44 0
    endloop
  endfacet
  facet normal 0.903995 -0.427543 0
    outer loop
      vertex 43.4096 -41.357 4
      vertex 43.6194 -40.9134 0
      vertex 43.6194 -40.9134 4
    endloop
  endfacet
  facet normal 0.903995 -0.427543 0
    outer loop
      vertex 43.6194 -40.9134 0
      vertex 43.4096 -41.357 4
      vertex 43.4096 -41.357 0
    endloop
  endfacet
  facet normal 0.427543 0.903995 -0
    outer loop
      vertex 41.357 43.4096 0
      vertex 40.9134 43.6194 4
      vertex 41.357 43.4096 4
    endloop
  endfacet
  facet normal 0.427543 0.903995 0
    outer loop
      vertex 40.9134 43.6194 4
      vertex 41.357 43.4096 0
      vertex 40.9134 43.6194 0
    endloop
  endfacet
  facet normal 0.857655 0.514226 0
    outer loop
      vertex 43.4096 41.357 4
      vertex 43.1573 41.7778 0
      vertex 43.1573 41.7778 4
    endloop
  endfacet
  facet normal 0.857655 0.514226 0
    outer loop
      vertex 43.1573 41.7778 0
      vertex 43.4096 41.357 4
      vertex 43.4096 41.357 0
    endloop
  endfacet
  facet normal 0.803362 -0.595491 0
    outer loop
      vertex 42.8651 -42.172 4
      vertex 43.1573 -41.7778 0
      vertex 43.1573 -41.7778 4
    endloop
  endfacet
  facet normal 0.803362 -0.595491 0
    outer loop
      vertex 43.1573 -41.7778 0
      vertex 42.8651 -42.172 4
      vertex 42.8651 -42.172 0
    endloop
  endfacet
  facet normal -0.903995 -0.427543 0
    outer loop
      vertex -43.4096 -41.357 0
      vertex -43.6194 -40.9134 4
      vertex -43.6194 -40.9134 0
    endloop
  endfacet
  facet normal -0.903995 -0.427543 0
    outer loop
      vertex -43.6194 -40.9134 4
      vertex -43.4096 -41.357 0
      vertex -43.4096 -41.357 4
    endloop
  endfacet
  facet normal -0.427543 -0.903995 0
    outer loop
      vertex -41.357 -43.4096 0
      vertex -40.9134 -43.6194 4
      vertex -41.357 -43.4096 4
    endloop
  endfacet
  facet normal -0.427543 -0.903995 -0
    outer loop
      vertex -40.9134 -43.6194 4
      vertex -41.357 -43.4096 0
      vertex -40.9134 -43.6194 0
    endloop
  endfacet
  facet normal -0.941548 0.336879 0
    outer loop
      vertex -43.7847 40.4514 0
      vertex -43.6194 40.9134 4
      vertex -43.6194 40.9134 0
    endloop
  endfacet
  facet normal -0.941548 0.336879 0
    outer loop
      vertex -43.6194 40.9134 4
      vertex -43.7847 40.4514 0
      vertex -43.7847 40.4514 4
    endloop
  endfacet
  facet normal 0.989173 0.146755 0
    outer loop
      vertex 43.9759 39.4901 4
      vertex 43.9039 39.9754 0
      vertex 43.9039 39.9754 4
    endloop
  endfacet
  facet normal 0.989173 0.146755 0
    outer loop
      vertex 43.9039 39.9754 0
      vertex 43.9759 39.4901 4
      vertex 43.9759 39.4901 0
    endloop
  endfacet
  facet normal 0.998793 -0.0491143 0
    outer loop
      vertex 43.9759 -39.4901 4
      vertex 44 -39 0
      vertex 44 -39 4
    endloop
  endfacet
  facet normal 0.998793 -0.0491143 0
    outer loop
      vertex 44 -39 0
      vertex 43.9759 -39.4901 4
      vertex 43.9759 -39.4901 0
    endloop
  endfacet
  facet normal 0.740806 -0.671719 0
    outer loop
      vertex 42.5355 -42.5355 4
      vertex 42.8651 -42.172 0
      vertex 42.8651 -42.172 4
    endloop
  endfacet
  facet normal 0.740806 -0.671719 0
    outer loop
      vertex 42.8651 -42.172 0
      vertex 42.5355 -42.5355 4
      vertex 42.5355 -42.5355 0
    endloop
  endfacet
  facet normal -0.998793 0.0491143 0
    outer loop
      vertex -44 39 0
      vertex -43.9759 39.4901 4
      vertex -43.9759 39.4901 0
    endloop
  endfacet
  facet normal -0.998793 0.0491143 0
    outer loop
      vertex -43.9759 39.4901 4
      vertex -44 39 0
      vertex -44 39 4
    endloop
  endfacet
  facet normal 0.0491143 0.998793 -0
    outer loop
      vertex 39.4901 43.9759 0
      vertex 39 44 4
      vertex 39.4901 43.9759 4
    endloop
  endfacet
  facet normal 0.0491143 0.998793 0
    outer loop
      vertex 39 44 4
      vertex 39.4901 43.9759 0
      vertex 39 44 0
    endloop
  endfacet
  facet normal 0.941548 0.336879 0
    outer loop
      vertex 43.7847 40.4514 4
      vertex 43.6194 40.9134 0
      vertex 43.6194 40.9134 4
    endloop
  endfacet
  facet normal 0.941548 0.336879 0
    outer loop
      vertex 43.6194 40.9134 0
      vertex 43.7847 40.4514 4
      vertex 43.7847 40.4514 0
    endloop
  endfacet
  facet normal 0.970047 -0.242919 0
    outer loop
      vertex 43.7847 -40.4514 4
      vertex 43.9039 -39.9754 0
      vertex 43.9039 -39.9754 4
    endloop
  endfacet
  facet normal 0.970047 -0.242919 0
    outer loop
      vertex 43.9039 -39.9754 0
      vertex 43.7847 -40.4514 4
      vertex 43.7847 -40.4514 0
    endloop
  endfacet
  facet normal -0.998793 -0.0491143 0
    outer loop
      vertex -43.9759 -39.4901 0
      vertex -44 -39 4
      vertex -44 -39 0
    endloop
  endfacet
  facet normal -0.998793 -0.0491143 0
    outer loop
      vertex -44 -39 4
      vertex -43.9759 -39.4901 0
      vertex -43.9759 -39.4901 4
    endloop
  endfacet
  facet normal -0.989173 -0.146755 0
    outer loop
      vertex -43.9039 -39.9754 0
      vertex -43.9759 -39.4901 4
      vertex -43.9759 -39.4901 0
    endloop
  endfacet
  facet normal -0.989173 -0.146755 0
    outer loop
      vertex -43.9759 -39.4901 4
      vertex -43.9039 -39.9754 0
      vertex -43.9039 -39.9754 4
    endloop
  endfacet
  facet normal -0.970047 -0.242919 0
    outer loop
      vertex -43.7847 -40.4514 0
      vertex -43.9039 -39.9754 4
      vertex -43.9039 -39.9754 0
    endloop
  endfacet
  facet normal -0.970047 -0.242919 0
    outer loop
      vertex -43.9039 -39.9754 4
      vertex -43.7847 -40.4514 0
      vertex -43.7847 -40.4514 4
    endloop
  endfacet
  facet normal 0.336879 0.941548 -0
    outer loop
      vertex 40.9134 43.6194 0
      vertex 40.4514 43.7847 4
      vertex 40.9134 43.6194 4
    endloop
  endfacet
  facet normal 0.336879 0.941548 0
    outer loop
      vertex 40.4514 43.7847 4
      vertex 40.9134 43.6194 0
      vertex 40.4514 43.7847 0
    endloop
  endfacet
  facet normal 0.427543 -0.903995 0
    outer loop
      vertex 40.9134 -43.6194 0
      vertex 41.357 -43.4096 4
      vertex 40.9134 -43.6194 4
    endloop
  endfacet
  facet normal 0.427543 -0.903995 0
    outer loop
      vertex 41.357 -43.4096 4
      vertex 40.9134 -43.6194 0
      vertex 41.357 -43.4096 0
    endloop
  endfacet
  facet normal 0.514226 -0.857655 0
    outer loop
      vertex 41.357 -43.4096 0
      vertex 41.7778 -43.1573 4
      vertex 41.357 -43.4096 4
    endloop
  endfacet
  facet normal 0.514226 -0.857655 0
    outer loop
      vertex 41.7778 -43.1573 4
      vertex 41.357 -43.4096 0
      vertex 41.7778 -43.1573 0
    endloop
  endfacet
  facet normal -0 0 1
    outer loop
      vertex -29.6208 -30.2277 4
      vertex -29.3 -30.6 4
      vertex -29.3 -26.8661 4
    endloop
  endfacet
  facet normal 0 0 1
    outer loop
      vertex -29.3 -30.6 4
      vertex -29.4175 -30.6081 4
      vertex -29.3447 -30.8114 4
    endloop
  endfacet
  facet normal 0 0 1
    outer loop
      vertex -29.3 -30.6 4
      vertex -29.5098 -30.4129 4
      vertex -29.4175 -30.6081 4
    endloop
  endfacet
  facet normal 0 0 1
    outer loop
      vertex -29.3 -30.6 4
      vertex -29.6208 -30.2277 4
      vertex -29.5098 -30.4129 4
    endloop
  endfacet
  facet normal 0 0 1
    outer loop
      vertex -29.3 -26.8661 4
      vertex -29.7494 -30.0543 4
      vertex -29.6208 -30.2277 4
    endloop
  endfacet
  facet normal 0 0 1
    outer loop
      vertex -29.3 -26.8661 4
      vertex -29.8944 -29.8944 4
      vertex -29.7494 -30.0543 4
    endloop
  endfacet
  facet normal 0 0 1
    outer loop
      vertex -29.3 -26.8661 4
      vertex -30.0543 -29.7494 4
      vertex -29.8944 -29.8944 4
    endloop
  endfacet
  facet normal 0 0 1
    outer loop
      vertex -29.3 -26.8661 4
      vertex -30.2277 -29.6208 4
      vertex -30.0543 -29.7494 4
    endloop
  endfacet
  facet normal 0 0 1
    outer loop
      vertex -29.3 -26.8661 4
      vertex -30.4129 -29.5098 4
      vertex -30.2277 -29.6208 4
    endloop
  endfacet
  facet normal 0 0 1
    outer loop
      vertex -29.3 -26.8661 4
      vertex -30.6081 -29.4175 4
      vertex -30.4129 -29.5098 4
    endloop
  endfacet
  facet normal 0 0 1
    outer loop
      vertex -31.45 -29.25 4
      vertex -29.3 -26.8661 4
      vertex -30.7658 -25.2489 4
    endloop
  endfacet
  facet normal 0 0 1
    outer loop
      vertex -29.3 -26.8661 4
      vertex -30.8114 -29.3447 4
      vertex -30.6081 -29.4175 4
    endloop
  endfacet
  facet normal 0 0 1
    outer loop
      vertex -29.3 -26.8661 4
      vertex -31.0208 -29.2923 4
      vertex -30.8114 -29.3447 4
    endloop
  endfacet
  facet normal 0 0 1
    outer loop
      vertex -29.3 -26.8661 4
      vertex -31.2344 -29.2606 4
      vertex -31.0208 -29.2923 4
    endloop
  endfacet
  facet normal 0 0 1
    outer loop
      vertex -29.3 -26.8661 4
      vertex -31.45 -29.25 4
      vertex -31.2344 -29.2606 4
    endloop
  endfacet
  facet normal 0 0 1
    outer loop
      vertex -30.7658 -25.2489 4
      vertex -31.6656 -29.2606 4
      vertex -31.45 -29.25 4
    endloop
  endfacet
  facet normal 0 0 1
    outer loop
      vertex -30.7658 -25.2489 4
      vertex -31.8792 -29.2923 4
      vertex -31.6656 -29.2606 4
    endloop
  endfacet
  facet normal 0 0 1
    outer loop
      vertex -30.7658 -25.2489 4
      vertex -32.0886 -29.3447 4
      vertex -31.8792 -29.2923 4
    endloop
  endfacet
  facet normal 0 0 1
    outer loop
      vertex -30.7658 -25.2489 4
      vertex -32.2919 -29.4175 4
      vertex -32.0886 -29.3447 4
    endloop
  endfacet
  facet normal 0 0 1
    outer loop
      vertex -30.7658 -25.2489 4
      vertex -32.4871 -29.5098 4
      vertex -32.2919 -29.4175 4
    endloop
  endfacet
  facet normal 0 0 1
    outer loop
      vertex -30.7658 -25.2489 4
      vertex -32.6723 -29.6208 4
      vertex -32.4871 -29.5098 4
    endloop
  endfacet
  facet normal 0 0 1
    outer loop
      vertex -33.0925 -22.1117 4
      vertex -32.6723 -29.6208 4
      vertex -30.7658 -25.2489 4
    endloop
  endfacet
  facet normal 0 0 1
    outer loop
      vertex -32.6723 -29.6208 4
      vertex -33.0925 -22.1117 4
      vertex -32.8457 -29.7494 4
    endloop
  endfacet
  facet normal 0 0 1
    outer loop
      vertex -32.8457 -29.7494 4
      vertex -33.0925 -22.1117 4
      vertex -33.0056 -29.8944 4
    endloop
  endfacet
  facet normal 0 0 1
    outer loop
      vertex -33.0925 -22.1117 4
      vertex -33.1506 -30.0543 4
      vertex -33.0056 -29.8944 4
    endloop
  endfacet
  facet normal 0 0 1
    outer loop
      vertex -33.0925 -22.1117 4
      vertex -33.2792 -30.2277 4
      vertex -33.1506 -30.0543 4
    endloop
  endfacet
  facet normal 0 0 1
    outer loop
      vertex -33.0925 -22.1117 4
      vertex -33.3902 -30.4129 4
      vertex -33.2792 -30.2277 4
    endloop
  endfacet
  facet normal 0 0 1
    outer loop
      vertex -33.0925 -22.1117 4
      vertex -33.4825 -30.6081 4
      vertex -33.3902 -30.4129 4
    endloop
  endfacet
  facet normal 0 0 1
    outer loop
      vertex -35.1005 -18.7616 4
      vertex -33.4825 -30.6081 4
      vertex -33.0925 -22.1117 4
    endloop
  endfacet
  facet normal 0 0 1
    outer loop
      vertex -44 -39 4
      vertex -33.4825 -30.6081 4
      vertex -35.1005 -18.7616 4
    endloop
  endfacet
  facet normal 0 0 1
    outer loop
      vertex -33.4825 -30.6081 4
      vertex -44 -39 4
      vertex -33.5553 -30.8114 4
    endloop
  endfacet
  facet normal 0 0 1
    outer loop
      vertex -33.6077 -31.0208 4
      vertex -44 -39 4
      vertex -33.6394 -31.2344 4
    endloop
  endfacet
  facet normal 0 0 1
    outer loop
      vertex -33.5553 -30.8114 4
      vertex -44 -39 4
      vertex -33.6077 -31.0208 4
    endloop
  endfacet
  facet normal 0 0 1
    outer loop
      vertex -25.4318 -30.6 4
      vertex -29.2606 -31.2344 4
      vertex -29.25 -31.45 4
    endloop
  endfacet
  facet normal 0 0 1
    outer loop
      vertex -25.4318 -30.6 4
      vertex -29.2923 -31.0208 4
      vertex -29.2606 -31.2344 4
    endloop
  endfacet
  facet normal -0 0 1
    outer loop
      vertex -29.3 -30.6 4
      vertex -29.2923 -31.0208 4
      vertex -25.4318 -30.6 4
    endloop
  endfacet
  facet normal 0 0 1
    outer loop
      vertex -29.2923 -31.0208 4
      vertex -29.3 -30.6 4
      vertex -29.3447 -30.8114 4
    endloop
  endfacet
  facet normal -0 0 1
    outer loop
      vertex -29.2606 31.2344 4
      vertex -25.4318 30.6 4
      vertex -29.25 31.45 4
    endloop
  endfacet
  facet normal -0 0 1
    outer loop
      vertex -29.2923 31.0208 4
      vertex -25.4318 30.6 4
      vertex -29.2606 31.2344 4
    endloop
  endfacet
  facet normal 0 0 1
    outer loop
      vertex -29.2923 31.0208 4
      vertex -29.3 30.6 4
      vertex -25.4318 30.6 4
    endloop
  endfacet
  facet normal -0 0 1
    outer loop
      vertex -29.3447 30.8114 4
      vertex -29.3 30.6 4
      vertex -29.2923 31.0208 4
    endloop
  endfacet
  facet normal -0 0 1
    outer loop
      vertex -29.4175 30.6081 4
      vertex -29.3 30.6 4
      vertex -29.3447 30.8114 4
    endloop
  endfacet
  facet normal 0 0 1
    outer loop
      vertex -29.5098 30.4129 4
      vertex -29.3 30.6 4
      vertex -29.4175 30.6081 4
    endloop
  endfacet
  facet normal 0 0 1
    outer loop
      vertex -29.6208 30.2277 4
      vertex -29.3 30.6 4
      vertex -29.5098 30.4129 4
    endloop
  endfacet
  facet normal 0 0 1
    outer loop
      vertex -29.3 30.6 4
      vertex -29.6208 30.2277 4
      vertex -29.3 26.8661 4
    endloop
  endfacet
  facet normal -0 0 1
    outer loop
      vertex -29.7494 30.0543 4
      vertex -29.3 26.8661 4
      vertex -29.6208 30.2277 4
    endloop
  endfacet
  facet normal -0 0 1
    outer loop
      vertex -29.8944 29.8944 4
      vertex -29.3 26.8661 4
      vertex -29.7494 30.0543 4
    endloop
  endfacet
  facet normal -0 0 1
    outer loop
      vertex -30.0543 29.7494 4
      vertex -29.3 26.8661 4
      vertex -29.8944 29.8944 4
    endloop
  endfacet
  facet normal -0 0 1
    outer loop
      vertex -30.2277 29.6208 4
      vertex -29.3 26.8661 4
      vertex -30.0543 29.7494 4
    endloop
  endfacet
  facet normal -0 0 1
    outer loop
      vertex -30.4129 29.5098 4
      vertex -29.3 26.8661 4
      vertex -30.2277 29.6208 4
    endloop
  endfacet
  facet normal -0 0 1
    outer loop
      vertex -30.6081 29.4175 4
      vertex -29.3 26.8661 4
      vertex -30.4129 29.5098 4
    endloop
  endfacet
  facet normal -0 0 1
    outer loop
      vertex -30.8114 29.3447 4
      vertex -29.3 26.8661 4
      vertex -30.6081 29.4175 4
    endloop
  endfacet
  facet normal -0 0 1
    outer loop
      vertex -31.0208 29.2923 4
      vertex -29.3 26.8661 4
      vertex -30.8114 29.3447 4
    endloop
  endfacet
  facet normal -0 0 1
    outer loop
      vertex -31.2344 29.2606 4
      vertex -29.3 26.8661 4
      vertex -31.0208 29.2923 4
    endloop
  endfacet
  facet normal -0 0 1
    outer loop
      vertex -31.45 29.25 4
      vertex -29.3 26.8661 4
      vertex -31.2344 29.2606 4
    endloop
  endfacet
  facet normal 0 0 1
    outer loop
      vertex -29.3 26.8661 4
      vertex -31.45 29.25 4
      vertex -30.7658 25.2489 4
    endloop
  endfacet
  facet normal 0 0 1
    outer loop
      vertex -31.6656 29.2606 4
      vertex -30.7658 25.2489 4
      vertex -31.45 29.25 4
    endloop
  endfacet
  facet normal 0 0 1
    outer loop
      vertex -31.8792 29.2923 4
      vertex -30.7658 25.2489 4
      vertex -31.6656 29.2606 4
    endloop
  endfacet
  facet normal 0 0 1
    outer loop
      vertex -32.0886 29.3447 4
      vertex -30.7658 25.2489 4
      vertex -31.8792 29.2923 4
    endloop
  endfacet
  facet normal 0 0 1
    outer loop
      vertex -32.2919 29.4175 4
      vertex -30.7658 25.2489 4
      vertex -32.0886 29.3447 4
    endloop
  endfacet
  facet normal 0 0 1
    outer loop
      vertex -32.4871 29.5098 4
      vertex -30.7658 25.2489 4
      vertex -32.2919 29.4175 4
    endloop
  endfacet
  facet normal 0 0 1
    outer loop
      vertex -32.6723 29.6208 4
      vertex -30.7658 25.2489 4
      vertex -32.4871 29.5098 4
    endloop
  endfacet
  facet normal 0 0 1
    outer loop
      vertex -33.0925 22.1117 4
      vertex -32.6723 29.6208 4
      vertex -32.8457 29.7494 4
    endloop
  endfacet
  facet normal 0 0 1
    outer loop
      vertex -33.0925 22.1117 4
      vertex -32.8457 29.7494 4
      vertex -33.0056 29.8944 4
    endloop
  endfacet
  facet normal 0 0 1
    outer loop
      vertex -32.6723 29.6208 4
      vertex -33.0925 22.1117 4
      vertex -30.7658 25.2489 4
    endloop
  endfacet
  facet normal 0 0 1
    outer loop
      vertex -33.1506 30.0543 4
      vertex -33.0925 22.1117 4
      vertex -33.0056 29.8944 4
    endloop
  endfacet
  facet normal 0 0 1
    outer loop
      vertex -33.2792 30.2277 4
      vertex -33.0925 22.1117 4
      vertex -33.1506 30.0543 4
    endloop
  endfacet
  facet normal 0 0 1
    outer loop
      vertex -33.3902 30.4129 4
      vertex -33.0925 22.1117 4
      vertex -33.2792 30.2277 4
    endloop
  endfacet
  facet normal 0 0 1
    outer loop
      vertex -33.4825 30.6081 4
      vertex -33.0925 22.1117 4
      vertex -33.3902 30.4129 4
    endloop
  endfacet
  facet normal 0 0 1
    outer loop
      vertex -44 39 4
      vertex -33.4825 30.6081 4
      vertex -33.5553 30.8114 4
    endloop
  endfacet
  facet normal 0 0 1
    outer loop
      vertex -44 39 4
      vertex -33.5553 30.8114 4
      vertex -33.6077 31.0208 4
    endloop
  endfacet
  facet normal 0 0 1
    outer loop
      vertex -44 39 4
      vertex -33.6077 31.0208 4
      vertex -33.6394 31.2344 4
    endloop
  endfacet
  facet normal 0 0 1
    outer loop
      vertex -33.4825 30.6081 4
      vertex -35.1005 18.7616 4
      vertex -33.0925 22.1117 4
    endloop
  endfacet
  facet normal 0 0 1
    outer loop
      vertex -44 39 4
      vertex -33.6394 31.2344 4
      vertex -33.65 31.45 4
    endloop
  endfacet
  facet normal 0 0 1
    outer loop
      vertex 29.2923 31.0208 4
      vertex 29.3 30.6 4
      vertex 29.3447 30.8114 4
    endloop
  endfacet
  facet normal 0 0 1
    outer loop
      vertex 25.4318 30.6 4
      vertex 29.2923 31.0208 4
      vertex 29.2606 31.2344 4
    endloop
  endfacet
  facet normal 0 0 1
    outer loop
      vertex 29.2923 31.0208 4
      vertex 25.4318 30.6 4
      vertex 29.3 30.6 4
    endloop
  endfacet
  facet normal 0 0 1
    outer loop
      vertex 25.4318 30.6 4
      vertex 29.2606 31.2344 4
      vertex 29.25 31.45 4
    endloop
  endfacet
  facet normal 0 0 1
    outer loop
      vertex 44 -39 4
      vertex 33.6394 -31.2344 4
      vertex 33.65 -31.45 4
    endloop
  endfacet
  facet normal 0 0 1
    outer loop
      vertex 44 -39 4
      vertex 33.6077 -31.0208 4
      vertex 33.6394 -31.2344 4
    endloop
  endfacet
  facet normal 0 0 1
    outer loop
      vertex 44 -39 4
      vertex 33.5553 -30.8114 4
      vertex 33.6077 -31.0208 4
    endloop
  endfacet
  facet normal 0 0 1
    outer loop
      vertex 44 -39 4
      vertex 33.4825 -30.6081 4
      vertex 33.5553 -30.8114 4
    endloop
  endfacet
  facet normal 0 0 1
    outer loop
      vertex 35.1005 -18.7616 4
      vertex 33.3902 -30.4129 4
      vertex 33.4825 -30.6081 4
    endloop
  endfacet
  facet normal -0 0 1
    outer loop
      vertex 33.0925 -22.1117 4
      vertex 33.3902 -30.4129 4
      vertex 35.1005 -18.7616 4
    endloop
  endfacet
  facet normal 0 0 1
    outer loop
      vertex 33.3902 -30.4129 4
      vertex 33.0925 -22.1117 4
      vertex 33.2792 -30.2277 4
    endloop
  endfacet
  facet normal 0 0 1
    outer loop
      vertex 33.2792 -30.2277 4
      vertex 33.0925 -22.1117 4
      vertex 33.1506 -30.0543 4
    endloop
  endfacet
  facet normal 0 0 1
    outer loop
      vertex 33.0925 -22.1117 4
      vertex 33.0056 -29.8944 4
      vertex 33.1506 -30.0543 4
    endloop
  endfacet
  facet normal 0 0 1
    outer loop
      vertex 33.0925 -22.1117 4
      vertex 32.8457 -29.7494 4
      vertex 33.0056 -29.8944 4
    endloop
  endfacet
  facet normal 0 0 1
    outer loop
      vertex 33.0925 -22.1117 4
      vertex 32.6723 -29.6208 4
      vertex 32.8457 -29.7494 4
    endloop
  endfacet
  facet normal -0 0 1
    outer loop
      vertex 30.7658 -25.2489 4
      vertex 32.6723 -29.6208 4
      vertex 33.0925 -22.1117 4
    endloop
  endfacet
  facet normal 0 0 1
    outer loop
      vertex 32.6723 -29.6208 4
      vertex 30.7658 -25.2489 4
      vertex 32.4871 -29.5098 4
    endloop
  endfacet
  facet normal 0 0 1
    outer loop
      vertex 32.4871 -29.5098 4
      vertex 30.7658 -25.2489 4
      vertex 32.2919 -29.4175 4
    endloop
  endfacet
  facet normal 0 0 1
    outer loop
      vertex 32.2919 -29.4175 4
      vertex 30.7658 -25.2489 4
      vertex 32.0886 -29.3447 4
    endloop
  endfacet
  facet normal 0 0 1
    outer loop
      vertex 32.0886 -29.3447 4
      vertex 30.7658 -25.2489 4
      vertex 31.8792 -29.2923 4
    endloop
  endfacet
  facet normal 0 0 1
    outer loop
      vertex 31.8792 -29.2923 4
      vertex 30.7658 -25.2489 4
      vertex 31.6656 -29.2606 4
    endloop
  endfacet
  facet normal 0 0 1
    outer loop
      vertex 31.6656 -29.2606 4
      vertex 30.7658 -25.2489 4
      vertex 31.45 -29.25 4
    endloop
  endfacet
  facet normal -0 0 1
    outer loop
      vertex 29.3 -26.8661 4
      vertex 31.45 -29.25 4
      vertex 30.7658 -25.2489 4
    endloop
  endfacet
  facet normal 0 0 1
    outer loop
      vertex 31.45 -29.25 4
      vertex 29.3 -26.8661 4
      vertex 31.2344 -29.2606 4
    endloop
  endfacet
  facet normal 0 0 1
    outer loop
      vertex 31.2344 -29.2606 4
      vertex 29.3 -26.8661 4
      vertex 31.0208 -29.2923 4
    endloop
  endfacet
  facet normal 0 0 1
    outer loop
      vertex 31.0208 -29.2923 4
      vertex 29.3 -26.8661 4
      vertex 30.8114 -29.3447 4
    endloop
  endfacet
  facet normal 0 0 1
    outer loop
      vertex 30.8114 -29.3447 4
      vertex 29.3 -26.8661 4
      vertex 30.6081 -29.4175 4
    endloop
  endfacet
  facet normal 0 0 1
    outer loop
      vertex 30.6081 -29.4175 4
      vertex 29.3 -26.8661 4
      vertex 30.4129 -29.5098 4
    endloop
  endfacet
  facet normal 0 0 1
    outer loop
      vertex 30.4129 -29.5098 4
      vertex 29.3 -26.8661 4
      vertex 30.2277 -29.6208 4
    endloop
  endfacet
  facet normal 0 0 1
    outer loop
      vertex 30.2277 -29.6208 4
      vertex 29.3 -26.8661 4
      vertex 30.0543 -29.7494 4
    endloop
  endfacet
  facet normal 0 0 1
    outer loop
      vertex 30.0543 -29.7494 4
      vertex 29.3 -26.8661 4
      vertex 29.8944 -29.8944 4
    endloop
  endfacet
  facet normal 0 0 1
    outer loop
      vertex 29.8944 -29.8944 4
      vertex 29.3 -26.8661 4
      vertex 29.7494 -30.0543 4
    endloop
  endfacet
  facet normal 0 0 1
    outer loop
      vertex 29.7494 -30.0543 4
      vertex 29.3 -26.8661 4
      vertex 29.6208 -30.2277 4
    endloop
  endfacet
  facet normal 0 0 1
    outer loop
      vertex 29.3 -30.6 4
      vertex 29.6208 -30.2277 4
      vertex 29.3 -26.8661 4
    endloop
  endfacet
  facet normal 0 0 1
    outer loop
      vertex 29.6208 -30.2277 4
      vertex 29.3 -30.6 4
      vertex 29.5098 -30.4129 4
    endloop
  endfacet
  facet normal 0 0 1
    outer loop
      vertex 29.5098 -30.4129 4
      vertex 29.3 -30.6 4
      vertex 29.4175 -30.6081 4
    endloop
  endfacet
  facet normal 0 0 1
    outer loop
      vertex 29.4175 -30.6081 4
      vertex 29.3 -30.6 4
      vertex 29.3447 -30.8114 4
    endloop
  endfacet
  facet normal 0 0 1
    outer loop
      vertex 29.3 -30.6 4
      vertex 29.2923 -31.0208 4
      vertex 29.3447 -30.8114 4
    endloop
  endfacet
  facet normal -0 0 1
    outer loop
      vertex 25.4318 -30.6 4
      vertex 29.2923 -31.0208 4
      vertex 29.3 -30.6 4
    endloop
  endfacet
  facet normal 0 0 1
    outer loop
      vertex 29.2606 -31.2344 4
      vertex 25.4318 -30.6 4
      vertex 29.25 -31.45 4
    endloop
  endfacet
  facet normal 0 0 1
    outer loop
      vertex 29.2923 -31.0208 4
      vertex 25.4318 -30.6 4
      vertex 29.2606 -31.2344 4
    endloop
  endfacet
  facet normal 0 0 1
    outer loop
      vertex 39 44 4
      vertex 44 39 4
      vertex 43.9759 39.4901 4
    endloop
  endfacet
  facet normal 0 0 1
    outer loop
      vertex 44 39 4
      vertex 39.8 0 4
      vertex 44 -39 4
    endloop
  endfacet
  facet normal 0 0 1
    outer loop
      vertex 39 44 4
      vertex 43.9759 39.4901 4
      vertex 43.9039 39.9754 4
    endloop
  endfacet
  facet normal -0 0 1
    outer loop
      vertex 39.6084 -3.90108 4
      vertex 44 -39 4
      vertex 39.8 0 4
    endloop
  endfacet
  facet normal 0 0 1
    outer loop
      vertex 39 44 4
      vertex 43.9039 39.9754 4
      vertex 43.7847 40.4514 4
    endloop
  endfacet
  facet normal -0 0 1
    outer loop
      vertex 39.0353 -7.76459 4
      vertex 44 -39 4
      vertex 39.6084 -3.90108 4
    endloop
  endfacet
  facet normal 0 0 1
    outer loop
      vertex 39 44 4
      vertex 43.7847 40.4514 4
      vertex 43.6194 40.9134 4
    endloop
  endfacet
  facet normal -0 0 1
    outer loop
      vertex 38.0862 -11.5533 4
      vertex 44 -39 4
      vertex 39.0353 -7.76459 4
    endloop
  endfacet
  facet normal 0 0 1
    outer loop
      vertex 39 44 4
      vertex 43.6194 40.9134 4
      vertex 43.4096 41.357 4
    endloop
  endfacet
  facet normal -0 0 1
    outer loop
      vertex 36.7704 -15.2308 4
      vertex 44 -39 4
      vertex 38.0862 -11.5533 4
    endloop
  endfacet
  facet normal 0 0 1
    outer loop
      vertex 39 44 4
      vertex 43.4096 41.357 4
      vertex 43.1573 41.7778 4
    endloop
  endfacet
  facet normal -0 0 1
    outer loop
      vertex 35.1005 -18.7616 4
      vertex 44 -39 4
      vertex 36.7704 -15.2308 4
    endloop
  endfacet
  facet normal 0 0 1
    outer loop
      vertex 39 44 4
      vertex 43.1573 41.7778 4
      vertex 42.8651 42.172 4
    endloop
  endfacet
  facet normal -0 0 1
    outer loop
      vertex 33.4825 -30.6081 4
      vertex 44 -39 4
      vertex 35.1005 -18.7616 4
    endloop
  endfacet
  facet normal 0 0 1
    outer loop
      vertex 39 44 4
      vertex 42.8651 42.172 4
      vertex 42.5355 42.5355 4
    endloop
  endfacet
  facet normal -0 0 1
    outer loop
      vertex 33.6394 -31.6656 4
      vertex 44 -39 4
      vertex 33.65 -31.45 4
    endloop
  endfacet
  facet normal 0 0 1
    outer loop
      vertex 39 44 4
      vertex 42.5355 42.5355 4
      vertex 42.172 42.8651 4
    endloop
  endfacet
  facet normal -0 0 1
    outer loop
      vertex 33.6077 -31.8792 4
      vertex 44 -39 4
      vertex 33.6394 -31.6656 4
    endloop
  endfacet
  facet normal 0 0 1
    outer loop
      vertex 39 44 4
      vertex 42.172 42.8651 4
      vertex 41.7778 43.1573 4
    endloop
  endfacet
  facet normal -0 0 1
    outer loop
      vertex 33.5553 -32.0886 4
      vertex 44 -39 4
      vertex 33.6077 -31.8792 4
    endloop
  endfacet
  facet normal 0 0 1
    outer loop
      vertex 39 44 4
      vertex 41.7778 43.1573 4
      vertex 41.357 43.4096 4
    endloop
  endfacet
  facet normal -0 0 1
    outer loop
      vertex 33.4825 -32.2919 4
      vertex 44 -39 4
      vertex 33.5553 -32.0886 4
    endloop
  endfacet
  facet normal 0 0 1
    outer loop
      vertex 39 44 4
      vertex 41.357 43.4096 4
      vertex 40.9134 43.6194 4
    endloop
  endfacet
  facet normal -0 0 1
    outer loop
      vertex 33.3902 -32.4871 4
      vertex 44 -39 4
      vertex 33.4825 -32.2919 4
    endloop
  endfacet
  facet normal 0 0 1
    outer loop
      vertex 39 44 4
      vertex 40.9134 43.6194 4
      vertex 40.4514 43.7847 4
    endloop
  endfacet
  facet normal -0 0 1
    outer loop
      vertex 33.2792 -32.6723 4
      vertex 44 -39 4
      vertex 33.3902 -32.4871 4
    endloop
  endfacet
  facet normal 0 0 1
    outer loop
      vertex 39 44 4
      vertex 40.4514 43.7847 4
      vertex 39.9754 43.9039 4
    endloop
  endfacet
  facet normal -0 0 1
    outer loop
      vertex 33.1506 -32.8457 4
      vertex 44 -39 4
      vertex 33.2792 -32.6723 4
    endloop
  endfacet
  facet normal -0 0 1
    outer loop
      vertex 33.0056 -33.0056 4
      vertex 44 -39 4
      vertex 33.1506 -32.8457 4
    endloop
  endfacet
  facet normal 0 0 1
    outer loop
      vertex 44 39 4
      vertex 39.6084 3.90108 4
      vertex 39.8 0 4
    endloop
  endfacet
  facet normal 0 0 1
    outer loop
      vertex 39 44 4
      vertex 39.9754 43.9039 4
      vertex 39.4901 43.9759 4
    endloop
  endfacet
  facet normal 0 0 1
    outer loop
      vertex 44 39 4
      vertex 39.0353 7.76459 4
      vertex 39.6084 3.90108 4
    endloop
  endfacet
  facet normal 0 0 1
    outer loop
      vertex 44 39 4
      vertex 39 44 4
      vertex 33.0056 33.0056 4
    endloop
  endfacet
  facet normal 0 0 1
    outer loop
      vertex 44 39 4
      vertex 38.0862 11.5533 4
      vertex 39.0353 7.76459 4
    endloop
  endfacet
  facet normal 0 0 1
    outer loop
      vertex 44 39 4
      vertex 36.7704 15.2308 4
      vertex 38.0862 11.5533 4
    endloop
  endfacet
  facet normal 0 0 1
    outer loop
      vertex 44 39 4
      vertex 35.1005 18.7616 4
      vertex 36.7704 15.2308 4
    endloop
  endfacet
  facet normal 0 0 1
    outer loop
      vertex 44 39 4
      vertex 33.65 31.45 4
      vertex 33.6394 31.2344 4
    endloop
  endfacet
  facet normal 0 0 1
    outer loop
      vertex 44 39 4
      vertex 33.6394 31.6656 4
      vertex 33.65 31.45 4
    endloop
  endfacet
  facet normal 0 0 1
    outer loop
      vertex 44 39 4
      vertex 33.6077 31.8792 4
      vertex 33.6394 31.6656 4
    endloop
  endfacet
  facet normal 0 0 1
    outer loop
      vertex 44 39 4
      vertex 33.5553 32.0886 4
      vertex 33.6077 31.8792 4
    endloop
  endfacet
  facet normal 0 0 1
    outer loop
      vertex 44 39 4
      vertex 33.4825 32.2919 4
      vertex 33.5553 32.0886 4
    endloop
  endfacet
  facet normal 0 0 1
    outer loop
      vertex 44 39 4
      vertex 33.3902 32.4871 4
      vertex 33.4825 32.2919 4
    endloop
  endfacet
  facet normal 0 0 1
    outer loop
      vertex 44 39 4
      vertex 33.2792 32.6723 4
      vertex 33.3902 32.4871 4
    endloop
  endfacet
  facet normal 0 0 1
    outer loop
      vertex 44 39 4
      vertex 33.1506 32.8457 4
      vertex 33.2792 32.6723 4
    endloop
  endfacet
  facet normal 0 0 1
    outer loop
      vertex 44 39 4
      vertex 33.0056 33.0056 4
      vertex 33.1506 32.8457 4
    endloop
  endfacet
  facet normal 0 0 1
    outer loop
      vertex 39 44 4
      vertex 32.8457 33.1506 4
      vertex 33.0056 33.0056 4
    endloop
  endfacet
  facet normal 0 0 1
    outer loop
      vertex 39 44 4
      vertex 32.6723 33.2792 4
      vertex 32.8457 33.1506 4
    endloop
  endfacet
  facet normal 0 0 1
    outer loop
      vertex 39 44 4
      vertex 32.4871 33.3902 4
      vertex 32.6723 33.2792 4
    endloop
  endfacet
  facet normal 0 0 1
    outer loop
      vertex 39 44 4
      vertex 32.2919 33.4825 4
      vertex 32.4871 33.3902 4
    endloop
  endfacet
  facet normal 0 0 1
    outer loop
      vertex 39 44 4
      vertex 32.0886 33.5553 4
      vertex 32.2919 33.4825 4
    endloop
  endfacet
  facet normal 0 0 1
    outer loop
      vertex 39 44 4
      vertex 31.8792 33.6077 4
      vertex 32.0886 33.5553 4
    endloop
  endfacet
  facet normal 0 0 1
    outer loop
      vertex 39 44 4
      vertex 31.6656 33.6394 4
      vertex 31.8792 33.6077 4
    endloop
  endfacet
  facet normal 0 0 1
    outer loop
      vertex 39 44 4
      vertex 31.45 33.65 4
      vertex 31.6656 33.6394 4
    endloop
  endfacet
  facet normal 0 0 1
    outer loop
      vertex 39 44 4
      vertex 31.2344 33.6394 4
      vertex 31.45 33.65 4
    endloop
  endfacet
  facet normal 0 0 1
    outer loop
      vertex 39 44 4
      vertex 31.0208 33.6077 4
      vertex 31.2344 33.6394 4
    endloop
  endfacet
  facet normal 0 0 1
    outer loop
      vertex 39 44 4
      vertex 30.8114 33.5553 4
      vertex 31.0208 33.6077 4
    endloop
  endfacet
  facet normal 0 0 1
    outer loop
      vertex 39 44 4
      vertex 30.6081 33.4825 4
      vertex 30.8114 33.5553 4
    endloop
  endfacet
  facet normal -0 0 1
    outer loop
      vertex 18.7616 35.1005 4
      vertex 30.6081 33.4825 4
      vertex 39 44 4
    endloop
  endfacet
  facet normal 0 0 1
    outer loop
      vertex 30.6081 33.4825 4
      vertex 18.7616 35.1005 4
      vertex 30.4129 33.3902 4
    endloop
  endfacet
  facet normal 0 -0 1
    outer loop
      vertex 22.1117 33.0925 4
      vertex 30.4129 33.3902 4
      vertex 18.7616 35.1005 4
    endloop
  endfacet
  facet normal 0 0 1
    outer loop
      vertex 30.4129 33.3902 4
      vertex 22.1117 33.0925 4
      vertex 30.2277 33.2792 4
    endloop
  endfacet
  facet normal 0 0 1
    outer loop
      vertex 30.2277 33.2792 4
      vertex 22.1117 33.0925 4
      vertex 30.0543 33.1506 4
    endloop
  endfacet
  facet normal 0 0 1
    outer loop
      vertex 29.2606 31.6656 4
      vertex 25.4318 30.6 4
      vertex 29.25 31.45 4
    endloop
  endfacet
  facet normal 0 0 1
    outer loop
      vertex 29.2923 31.8792 4
      vertex 25.4318 30.6 4
      vertex 29.2606 31.6656 4
    endloop
  endfacet
  facet normal 0 0 1
    outer loop
      vertex 25.2489 30.7658 4
      vertex 29.2923 31.8792 4
      vertex 29.3447 32.0886 4
    endloop
  endfacet
  facet normal 0 0 1
    outer loop
      vertex 25.2489 30.7658 4
      vertex 29.3447 32.0886 4
      vertex 29.4175 32.2919 4
    endloop
  endfacet
  facet normal 0 0 1
    outer loop
      vertex 25.2489 30.7658 4
      vertex 29.4175 32.2919 4
      vertex 29.5098 32.4871 4
    endloop
  endfacet
  facet normal 0 0 1
    outer loop
      vertex 25.2489 30.7658 4
      vertex 29.5098 32.4871 4
      vertex 29.6208 32.6723 4
    endloop
  endfacet
  facet normal 0 0 1
    outer loop
      vertex 22.1117 33.0925 4
      vertex 29.6208 32.6723 4
      vertex 29.7494 32.8457 4
    endloop
  endfacet
  facet normal 0 0 1
    outer loop
      vertex 30.0543 33.1506 4
      vertex 22.1117 33.0925 4
      vertex 29.8944 33.0056 4
    endloop
  endfacet
  facet normal 0 0 1
    outer loop
      vertex 29.2923 31.8792 4
      vertex 25.2489 30.7658 4
      vertex 25.4318 30.6 4
    endloop
  endfacet
  facet normal 0 0 1
    outer loop
      vertex 29.6208 32.6723 4
      vertex 22.1117 33.0925 4
      vertex 25.2489 30.7658 4
    endloop
  endfacet
  facet normal 0 0 1
    outer loop
      vertex 29.8944 33.0056 4
      vertex 22.1117 33.0925 4
      vertex 29.7494 32.8457 4
    endloop
  endfacet
  facet normal 0 0 1
    outer loop
      vertex 39 44 4
      vertex 15.2308 36.7704 4
      vertex 18.7616 35.1005 4
    endloop
  endfacet
  facet normal 0 0 1
    outer loop
      vertex 39 44 4
      vertex 11.5533 38.0862 4
      vertex 15.2308 36.7704 4
    endloop
  endfacet
  facet normal 0 0 1
    outer loop
      vertex 39 44 4
      vertex 7.76459 39.0353 4
      vertex 11.5533 38.0862 4
    endloop
  endfacet
  facet normal 0 0 1
    outer loop
      vertex 39 44 4
      vertex 3.90108 39.6084 4
      vertex 7.76459 39.0353 4
    endloop
  endfacet
  facet normal 0 0 1
    outer loop
      vertex 39 44 4
      vertex 0 39.8 4
      vertex 3.90108 39.6084 4
    endloop
  endfacet
  facet normal -0 0 1
    outer loop
      vertex -39 44 4
      vertex 0 39.8 4
      vertex 39 44 4
    endloop
  endfacet
  facet normal 0 0 1
    outer loop
      vertex -29.2923 31.8792 4
      vertex -25.4318 30.6 4
      vertex -25.2489 30.7658 4
    endloop
  endfacet
  facet normal -0 0 1
    outer loop
      vertex -29.6208 32.6723 4
      vertex -25.2489 30.7658 4
      vertex -22.1117 33.0925 4
    endloop
  endfacet
  facet normal -0 0 1
    outer loop
      vertex -30.4129 33.3902 4
      vertex -22.1117 33.0925 4
      vertex -18.7616 35.1005 4
    endloop
  endfacet
  facet normal 0 0 1
    outer loop
      vertex -39 44 4
      vertex -18.7616 35.1005 4
      vertex -15.2308 36.7704 4
    endloop
  endfacet
  facet normal 0 0 1
    outer loop
      vertex -25.4318 30.6 4
      vertex -29.2606 31.6656 4
      vertex -29.25 31.45 4
    endloop
  endfacet
  facet normal 0 0 1
    outer loop
      vertex -25.4318 30.6 4
      vertex -29.2923 31.8792 4
      vertex -29.2606 31.6656 4
    endloop
  endfacet
  facet normal 0 0 1
    outer loop
      vertex -39 44 4
      vertex -15.2308 36.7704 4
      vertex -11.5533 38.0862 4
    endloop
  endfacet
  facet normal 0 0 1
    outer loop
      vertex -25.2489 30.7658 4
      vertex -29.3447 32.0886 4
      vertex -29.2923 31.8792 4
    endloop
  endfacet
  facet normal 0 0 1
    outer loop
      vertex -25.2489 30.7658 4
      vertex -29.4175 32.2919 4
      vertex -29.3447 32.0886 4
    endloop
  endfacet
  facet normal 0 0 1
    outer loop
      vertex -25.2489 30.7658 4
      vertex -29.5098 32.4871 4
      vertex -29.4175 32.2919 4
    endloop
  endfacet
  facet normal 0 0 1
    outer loop
      vertex -25.2489 30.7658 4
      vertex -29.6208 32.6723 4
      vertex -29.5098 32.4871 4
    endloop
  endfacet
  facet normal 0 0 1
    outer loop
      vertex -22.1117 33.0925 4
      vertex -29.7494 32.8457 4
      vertex -29.6208 32.6723 4
    endloop
  endfacet
  facet normal 0 0 1
    outer loop
      vertex -22.1117 33.0925 4
      vertex -29.8944 33.0056 4
      vertex -29.7494 32.8457 4
    endloop
  endfacet
  facet normal 0 0 1
    outer loop
      vertex -22.1117 33.0925 4
      vertex -30.0543 33.1506 4
      vertex -29.8944 33.0056 4
    endloop
  endfacet
  facet normal 0 0 1
    outer loop
      vertex -22.1117 33.0925 4
      vertex -30.2277 33.2792 4
      vertex -30.0543 33.1506 4
    endloop
  endfacet
  facet normal 0 0 1
    outer loop
      vertex -22.1117 33.0925 4
      vertex -30.4129 33.3902 4
      vertex -30.2277 33.2792 4
    endloop
  endfacet
  facet normal 0 0 1
    outer loop
      vertex -39 44 4
      vertex -11.5533 38.0862 4
      vertex -7.76459 39.0353 4
    endloop
  endfacet
  facet normal 0 0 1
    outer loop
      vertex -18.7616 35.1005 4
      vertex -39 44 4
      vertex -30.6081 33.4825 4
    endloop
  endfacet
  facet normal 0 0 1
    outer loop
      vertex -18.7616 35.1005 4
      vertex -30.6081 33.4825 4
      vertex -30.4129 33.3902 4
    endloop
  endfacet
  facet normal 0 0 1
    outer loop
      vertex -30.6081 33.4825 4
      vertex -39 44 4
      vertex -30.8114 33.5553 4
    endloop
  endfacet
  facet normal 0 0 1
    outer loop
      vertex -30.8114 33.5553 4
      vertex -39 44 4
      vertex -31.0208 33.6077 4
    endloop
  endfacet
  facet normal 0 0 1
    outer loop
      vertex -31.0208 33.6077 4
      vertex -39 44 4
      vertex -31.2344 33.6394 4
    endloop
  endfacet
  facet normal 0 0 1
    outer loop
      vertex -31.2344 33.6394 4
      vertex -39 44 4
      vertex -31.45 33.65 4
    endloop
  endfacet
  facet normal 0 0 1
    outer loop
      vertex -31.45 33.65 4
      vertex -39 44 4
      vertex -31.6656 33.6394 4
    endloop
  endfacet
  facet normal 0 0 1
    outer loop
      vertex -44 39 4
      vertex -33.65 31.45 4
      vertex -33.6394 31.6656 4
    endloop
  endfacet
  facet normal 0 0 1
    outer loop
      vertex -33.4825 30.6081 4
      vertex -44 39 4
      vertex -35.1005 18.7616 4
    endloop
  endfacet
  facet normal 0 0 1
    outer loop
      vertex -44 39 4
      vertex -33.6394 31.6656 4
      vertex -33.6077 31.8792 4
    endloop
  endfacet
  facet normal 0 0 1
    outer loop
      vertex -35.1005 18.7616 4
      vertex -44 39 4
      vertex -36.7704 15.2308 4
    endloop
  endfacet
  facet normal 0 0 1
    outer loop
      vertex 0 39.8 4
      vertex -39 44 4
      vertex -3.90108 39.6084 4
    endloop
  endfacet
  facet normal 0 0 1
    outer loop
      vertex -39 44 4
      vertex -7.76459 39.0353 4
      vertex -3.90108 39.6084 4
    endloop
  endfacet
  facet normal 0 0 1
    outer loop
      vertex -31.6656 33.6394 4
      vertex -39 44 4
      vertex -31.8792 33.6077 4
    endloop
  endfacet
  facet normal 0 0 1
    outer loop
      vertex -39 44 4
      vertex -32.0886 33.5553 4
      vertex -31.8792 33.6077 4
    endloop
  endfacet
  facet normal 0 0 1
    outer loop
      vertex -39 44 4
      vertex -32.2919 33.4825 4
      vertex -32.0886 33.5553 4
    endloop
  endfacet
  facet normal 0 0 1
    outer loop
      vertex -39 44 4
      vertex -32.4871 33.3902 4
      vertex -32.2919 33.4825 4
    endloop
  endfacet
  facet normal 0 0 1
    outer loop
      vertex -39 44 4
      vertex -32.6723 33.2792 4
      vertex -32.4871 33.3902 4
    endloop
  endfacet
  facet normal 0 0 1
    outer loop
      vertex -39 44 4
      vertex -32.8457 33.1506 4
      vertex -32.6723 33.2792 4
    endloop
  endfacet
  facet normal 0 0 1
    outer loop
      vertex -39 44 4
      vertex -33.0056 33.0056 4
      vertex -32.8457 33.1506 4
    endloop
  endfacet
  facet normal -0 0 1
    outer loop
      vertex -44 39 4
      vertex -33.0056 33.0056 4
      vertex -39 44 4
    endloop
  endfacet
  facet normal 0 0 1
    outer loop
      vertex -33.0056 33.0056 4
      vertex -44 39 4
      vertex -33.1506 32.8457 4
    endloop
  endfacet
  facet normal 0 0 1
    outer loop
      vertex -33.1506 32.8457 4
      vertex -44 39 4
      vertex -33.2792 32.6723 4
    endloop
  endfacet
  facet normal 0 0 1
    outer loop
      vertex -33.2792 32.6723 4
      vertex -44 39 4
      vertex -33.3902 32.4871 4
    endloop
  endfacet
  facet normal 0 0 1
    outer loop
      vertex -33.3902 32.4871 4
      vertex -44 39 4
      vertex -33.4825 32.2919 4
    endloop
  endfacet
  facet normal 0 0 1
    outer loop
      vertex -33.4825 32.2919 4
      vertex -44 39 4
      vertex -33.5553 32.0886 4
    endloop
  endfacet
  facet normal 0 0 1
    outer loop
      vertex -33.5553 32.0886 4
      vertex -44 39 4
      vertex -33.6077 31.8792 4
    endloop
  endfacet
  facet normal 0 0 1
    outer loop
      vertex -36.7704 15.2308 4
      vertex -44 39 4
      vertex -38.0862 11.5533 4
    endloop
  endfacet
  facet normal 0 0 1
    outer loop
      vertex -44 39 4
      vertex -39 44 4
      vertex -39.4901 43.9759 4
    endloop
  endfacet
  facet normal 0 0 1
    outer loop
      vertex -38.0862 11.5533 4
      vertex -44 39 4
      vertex -39.0353 7.76459 4
    endloop
  endfacet
  facet normal 0 0 1
    outer loop
      vertex -39.0353 7.76459 4
      vertex -44 39 4
      vertex -39.6084 3.90108 4
    endloop
  endfacet
  facet normal 0 0 1
    outer loop
      vertex -44 39 4
      vertex -39.4901 43.9759 4
      vertex -39.9754 43.9039 4
    endloop
  endfacet
  facet normal 0 -0 1
    outer loop
      vertex 39 -44 4
      vertex 44 -39 4
      vertex 33.0056 -33.0056 4
    endloop
  endfacet
  facet normal 0 0 1
    outer loop
      vertex 44 -39 4
      vertex 39 -44 4
      vertex 43.9759 -39.4901 4
    endloop
  endfacet
  facet normal 0 0 1
    outer loop
      vertex 43.9759 -39.4901 4
      vertex 39 -44 4
      vertex 43.9039 -39.9754 4
    endloop
  endfacet
  facet normal 0 0 1
    outer loop
      vertex 43.9039 -39.9754 4
      vertex 39 -44 4
      vertex 43.7847 -40.4514 4
    endloop
  endfacet
  facet normal 0 0 1
    outer loop
      vertex 43.6194 -40.9134 4
      vertex 39 -44 4
      vertex 43.4096 -41.357 4
    endloop
  endfacet
  facet normal 0 0 1
    outer loop
      vertex 43.4096 -41.357 4
      vertex 39 -44 4
      vertex 43.1573 -41.7778 4
    endloop
  endfacet
  facet normal 0 0 1
    outer loop
      vertex 43.1573 -41.7778 4
      vertex 39 -44 4
      vertex 42.8651 -42.172 4
    endloop
  endfacet
  facet normal 0 0 1
    outer loop
      vertex 42.8651 -42.172 4
      vertex 39 -44 4
      vertex 42.5355 -42.5355 4
    endloop
  endfacet
  facet normal 0 0 1
    outer loop
      vertex 42.5355 -42.5355 4
      vertex 39 -44 4
      vertex 42.172 -42.8651 4
    endloop
  endfacet
  facet normal 0 0 1
    outer loop
      vertex 42.172 -42.8651 4
      vertex 39 -44 4
      vertex 41.7778 -43.1573 4
    endloop
  endfacet
  facet normal 0 0 1
    outer loop
      vertex 41.7778 -43.1573 4
      vertex 39 -44 4
      vertex 41.357 -43.4096 4
    endloop
  endfacet
  facet normal 0 0 1
    outer loop
      vertex 41.357 -43.4096 4
      vertex 39 -44 4
      vertex 40.9134 -43.6194 4
    endloop
  endfacet
  facet normal 0 0 1
    outer loop
      vertex 40.9134 -43.6194 4
      vertex 39 -44 4
      vertex 40.4514 -43.7847 4
    endloop
  endfacet
  facet normal 0 0 1
    outer loop
      vertex 39.9754 -43.9039 4
      vertex 39 -44 4
      vertex 39.4901 -43.9759 4
    endloop
  endfacet
  facet normal 0 0 1
    outer loop
      vertex 40.4514 -43.7847 4
      vertex 39 -44 4
      vertex 39.9754 -43.9039 4
    endloop
  endfacet
  facet normal 0 0 1
    outer loop
      vertex 43.7847 -40.4514 4
      vertex 39 -44 4
      vertex 43.6194 -40.9134 4
    endloop
  endfacet
  facet normal -0 0 1
    outer loop
      vertex 32.8457 -33.1506 4
      vertex 39 -44 4
      vertex 33.0056 -33.0056 4
    endloop
  endfacet
  facet normal -0 0 1
    outer loop
      vertex 32.6723 -33.2792 4
      vertex 39 -44 4
      vertex 32.8457 -33.1506 4
    endloop
  endfacet
  facet normal -0 0 1
    outer loop
      vertex 32.4871 -33.3902 4
      vertex 39 -44 4
      vertex 32.6723 -33.2792 4
    endloop
  endfacet
  facet normal -0 0 1
    outer loop
      vertex 32.2919 -33.4825 4
      vertex 39 -44 4
      vertex 32.4871 -33.3902 4
    endloop
  endfacet
  facet normal -0 0 1
    outer loop
      vertex 32.0886 -33.5553 4
      vertex 39 -44 4
      vertex 32.2919 -33.4825 4
    endloop
  endfacet
  facet normal -0 0 1
    outer loop
      vertex 31.8792 -33.6077 4
      vertex 39 -44 4
      vertex 32.0886 -33.5553 4
    endloop
  endfacet
  facet normal -0 0 1
    outer loop
      vertex 31.6656 -33.6394 4
      vertex 39 -44 4
      vertex 31.8792 -33.6077 4
    endloop
  endfacet
  facet normal -0 0 1
    outer loop
      vertex 31.45 -33.65 4
      vertex 39 -44 4
      vertex 31.6656 -33.6394 4
    endloop
  endfacet
  facet normal 0 0 1
    outer loop
      vertex 31.2344 -33.6394 4
      vertex 39 -44 4
      vertex 31.45 -33.65 4
    endloop
  endfacet
  facet normal 0 0 1
    outer loop
      vertex 31.0208 -33.6077 4
      vertex 39 -44 4
      vertex 31.2344 -33.6394 4
    endloop
  endfacet
  facet normal 0 0 1
    outer loop
      vertex 30.8114 -33.5553 4
      vertex 39 -44 4
      vertex 31.0208 -33.6077 4
    endloop
  endfacet
  facet normal 0 0 1
    outer loop
      vertex 30.6081 -33.4825 4
      vertex 39 -44 4
      vertex 30.8114 -33.5553 4
    endloop
  endfacet
  facet normal 0 0 1
    outer loop
      vertex 18.7616 -35.1005 4
      vertex 30.6081 -33.4825 4
      vertex 30.4129 -33.3902 4
    endloop
  endfacet
  facet normal 0 0 1
    outer loop
      vertex 22.1117 -33.0925 4
      vertex 30.4129 -33.3902 4
      vertex 30.2277 -33.2792 4
    endloop
  endfacet
  facet normal 0 0 1
    outer loop
      vertex 22.1117 -33.0925 4
      vertex 30.2277 -33.2792 4
      vertex 30.0543 -33.1506 4
    endloop
  endfacet
  facet normal -0 0 1
    outer loop
      vertex 22.1117 -33.0925 4
      vertex 30.0543 -33.1506 4
      vertex 29.8944 -33.0056 4
    endloop
  endfacet
  facet normal 0 0 1
    outer loop
      vertex 22.1117 -33.0925 4
      vertex 29.8944 -33.0056 4
      vertex 29.7494 -32.8457 4
    endloop
  endfacet
  facet normal 0 0 1
    outer loop
      vertex 25.4318 -30.6 4
      vertex 29.2606 -31.6656 4
      vertex 29.25 -31.45 4
    endloop
  endfacet
  facet normal 0 0 1
    outer loop
      vertex 25.4318 -30.6 4
      vertex 29.2923 -31.8792 4
      vertex 29.2606 -31.6656 4
    endloop
  endfacet
  facet normal -0 0 1
    outer loop
      vertex 25.2489 -30.7658 4
      vertex 29.2923 -31.8792 4
      vertex 25.4318 -30.6 4
    endloop
  endfacet
  facet normal 0 0 1
    outer loop
      vertex 29.2923 -31.8792 4
      vertex 25.2489 -30.7658 4
      vertex 29.3447 -32.0886 4
    endloop
  endfacet
  facet normal 0 0 1
    outer loop
      vertex 29.3447 -32.0886 4
      vertex 25.2489 -30.7658 4
      vertex 29.4175 -32.2919 4
    endloop
  endfacet
  facet normal 0 0 1
    outer loop
      vertex 29.4175 -32.2919 4
      vertex 25.2489 -30.7658 4
      vertex 29.5098 -32.4871 4
    endloop
  endfacet
  facet normal 0 0 1
    outer loop
      vertex 29.5098 -32.4871 4
      vertex 25.2489 -30.7658 4
      vertex 29.6208 -32.6723 4
    endloop
  endfacet
  facet normal 0 0 1
    outer loop
      vertex 22.1117 -33.0925 4
      vertex 29.6208 -32.6723 4
      vertex 25.2489 -30.7658 4
    endloop
  endfacet
  facet normal 0 0 1
    outer loop
      vertex 29.6208 -32.6723 4
      vertex 22.1117 -33.0925 4
      vertex 29.7494 -32.8457 4
    endloop
  endfacet
  facet normal 0 0 1
    outer loop
      vertex 30.4129 -33.3902 4
      vertex 22.1117 -33.0925 4
      vertex 18.7616 -35.1005 4
    endloop
  endfacet
  facet normal 0 0 1
    outer loop
      vertex 30.6081 -33.4825 4
      vertex 18.7616 -35.1005 4
      vertex 39 -44 4
    endloop
  endfacet
  facet normal -0 0 1
    outer loop
      vertex 15.2308 -36.7704 4
      vertex 39 -44 4
      vertex 18.7616 -35.1005 4
    endloop
  endfacet
  facet normal -0 0 1
    outer loop
      vertex 11.5533 -38.0862 4
      vertex 39 -44 4
      vertex 15.2308 -36.7704 4
    endloop
  endfacet
  facet normal -0 0 1
    outer loop
      vertex 7.76459 -39.0353 4
      vertex 39 -44 4
      vertex 11.5533 -38.0862 4
    endloop
  endfacet
  facet normal -0 0 1
    outer loop
      vertex 3.90108 -39.6084 4
      vertex 39 -44 4
      vertex 7.76459 -39.0353 4
    endloop
  endfacet
  facet normal -0 0 1
    outer loop
      vertex 0 -39.8 4
      vertex 39 -44 4
      vertex 3.90108 -39.6084 4
    endloop
  endfacet
  facet normal 0 0 1
    outer loop
      vertex -39 -44 4
      vertex 0 -39.8 4
      vertex -3.90108 -39.6084 4
    endloop
  endfacet
  facet normal 0 0 1
    outer loop
      vertex -29.2606 -31.6656 4
      vertex -25.4318 -30.6 4
      vertex -29.25 -31.45 4
    endloop
  endfacet
  facet normal 0 0 1
    outer loop
      vertex -29.2923 -31.8792 4
      vertex -25.4318 -30.6 4
      vertex -29.2606 -31.6656 4
    endloop
  endfacet
  facet normal 0 0 1
    outer loop
      vertex -25.4318 -30.6 4
      vertex -29.2923 -31.8792 4
      vertex -25.2489 -30.7658 4
    endloop
  endfacet
  facet normal 0 0 1
    outer loop
      vertex -29.3447 -32.0886 4
      vertex -25.2489 -30.7658 4
      vertex -29.2923 -31.8792 4
    endloop
  endfacet
  facet normal 0 0 1
    outer loop
      vertex -29.4175 -32.2919 4
      vertex -25.2489 -30.7658 4
      vertex -29.3447 -32.0886 4
    endloop
  endfacet
  facet normal 0 0 1
    outer loop
      vertex -29.5098 -32.4871 4
      vertex -25.2489 -30.7658 4
      vertex -29.4175 -32.2919 4
    endloop
  endfacet
  facet normal 0 0 1
    outer loop
      vertex -29.6208 -32.6723 4
      vertex -25.2489 -30.7658 4
      vertex -29.5098 -32.4871 4
    endloop
  endfacet
  facet normal 0 0 1
    outer loop
      vertex -25.2489 -30.7658 4
      vertex -29.6208 -32.6723 4
      vertex -22.1117 -33.0925 4
    endloop
  endfacet
  facet normal -0 0 1
    outer loop
      vertex -29.7494 -32.8457 4
      vertex -22.1117 -33.0925 4
      vertex -29.6208 -32.6723 4
    endloop
  endfacet
  facet normal -0 0 1
    outer loop
      vertex -29.8944 -33.0056 4
      vertex -22.1117 -33.0925 4
      vertex -29.7494 -32.8457 4
    endloop
  endfacet
  facet normal 0 0 1
    outer loop
      vertex -30.0543 -33.1506 4
      vertex -22.1117 -33.0925 4
      vertex -29.8944 -33.0056 4
    endloop
  endfacet
  facet normal 0 0 1
    outer loop
      vertex -30.2277 -33.2792 4
      vertex -22.1117 -33.0925 4
      vertex -30.0543 -33.1506 4
    endloop
  endfacet
  facet normal 0 0 1
    outer loop
      vertex -30.4129 -33.3902 4
      vertex -22.1117 -33.0925 4
      vertex -30.2277 -33.2792 4
    endloop
  endfacet
  facet normal 0 0 1
    outer loop
      vertex -22.1117 -33.0925 4
      vertex -30.4129 -33.3902 4
      vertex -18.7616 -35.1005 4
    endloop
  endfacet
  facet normal -0 0 1
    outer loop
      vertex -30.6081 -33.4825 4
      vertex -18.7616 -35.1005 4
      vertex -30.4129 -33.3902 4
    endloop
  endfacet
  facet normal 0 0 1
    outer loop
      vertex -39 -44 4
      vertex -18.7616 -35.1005 4
      vertex -30.6081 -33.4825 4
    endloop
  endfacet
  facet normal 0 0 1
    outer loop
      vertex -15.2308 -36.7704 4
      vertex -39 -44 4
      vertex -11.5533 -38.0862 4
    endloop
  endfacet
  facet normal 0 0 1
    outer loop
      vertex -18.7616 -35.1005 4
      vertex -39 -44 4
      vertex -15.2308 -36.7704 4
    endloop
  endfacet
  facet normal 0 0 1
    outer loop
      vertex -39 -44 4
      vertex -30.6081 -33.4825 4
      vertex -30.8114 -33.5553 4
    endloop
  endfacet
  facet normal 0 0 1
    outer loop
      vertex -39 -44 4
      vertex -30.8114 -33.5553 4
      vertex -31.0208 -33.6077 4
    endloop
  endfacet
  facet normal 0 0 1
    outer loop
      vertex -39 -44 4
      vertex -31.0208 -33.6077 4
      vertex -31.2344 -33.6394 4
    endloop
  endfacet
  facet normal 0 0 1
    outer loop
      vertex -39 -44 4
      vertex -31.2344 -33.6394 4
      vertex -31.45 -33.65 4
    endloop
  endfacet
  facet normal 0 0 1
    outer loop
      vertex -39 -44 4
      vertex -31.45 -33.65 4
      vertex -31.6656 -33.6394 4
    endloop
  endfacet
  facet normal 0 0 1
    outer loop
      vertex -39 -44 4
      vertex -31.6656 -33.6394 4
      vertex -31.8792 -33.6077 4
    endloop
  endfacet
  facet normal 0 0 1
    outer loop
      vertex -33.6394 -31.2344 4
      vertex -44 -39 4
      vertex -33.65 -31.45 4
    endloop
  endfacet
  facet normal 0 0 1
    outer loop
      vertex -44 -39 4
      vertex -35.1005 -18.7616 4
      vertex -36.7704 -15.2308 4
    endloop
  endfacet
  facet normal 0 0 1
    outer loop
      vertex -33.65 -31.45 4
      vertex -44 -39 4
      vertex -33.6394 -31.6656 4
    endloop
  endfacet
  facet normal 0 0 1
    outer loop
      vertex -44 -39 4
      vertex -36.7704 -15.2308 4
      vertex -38.0862 -11.5533 4
    endloop
  endfacet
  facet normal 0 0 1
    outer loop
      vertex 0 -39.8 4
      vertex -39 -44 4
      vertex 39 -44 4
    endloop
  endfacet
  facet normal 0 0 1
    outer loop
      vertex -7.76459 -39.0353 4
      vertex -39 -44 4
      vertex -3.90108 -39.6084 4
    endloop
  endfacet
  facet normal 0 0 1
    outer loop
      vertex -11.5533 -38.0862 4
      vertex -39 -44 4
      vertex -7.76459 -39.0353 4
    endloop
  endfacet
  facet normal 0 0 1
    outer loop
      vertex -32.0886 -33.5553 4
      vertex -39 -44 4
      vertex -31.8792 -33.6077 4
    endloop
  endfacet
  facet normal 0 0 1
    outer loop
      vertex -32.2919 -33.4825 4
      vertex -39 -44 4
      vertex -32.0886 -33.5553 4
    endloop
  endfacet
  facet normal 0 0 1
    outer loop
      vertex -32.4871 -33.3902 4
      vertex -39 -44 4
      vertex -32.2919 -33.4825 4
    endloop
  endfacet
  facet normal 0 0 1
    outer loop
      vertex -32.6723 -33.2792 4
      vertex -39 -44 4
      vertex -32.4871 -33.3902 4
    endloop
  endfacet
  facet normal 0 0 1
    outer loop
      vertex -32.8457 -33.1506 4
      vertex -39 -44 4
      vertex -32.6723 -33.2792 4
    endloop
  endfacet
  facet normal 0 0 1
    outer loop
      vertex -33.0056 -33.0056 4
      vertex -39 -44 4
      vertex -32.8457 -33.1506 4
    endloop
  endfacet
  facet normal 0 0 1
    outer loop
      vertex -44 -39 4
      vertex -33.0056 -33.0056 4
      vertex -33.1506 -32.8457 4
    endloop
  endfacet
  facet normal 0 0 1
    outer loop
      vertex -44 -39 4
      vertex -33.1506 -32.8457 4
      vertex -33.2792 -32.6723 4
    endloop
  endfacet
  facet normal 0 0 1
    outer loop
      vertex -44 -39 4
      vertex -33.2792 -32.6723 4
      vertex -33.3902 -32.4871 4
    endloop
  endfacet
  facet normal 0 0 1
    outer loop
      vertex -44 -39 4
      vertex -33.3902 -32.4871 4
      vertex -33.4825 -32.2919 4
    endloop
  endfacet
  facet normal 0 0 1
    outer loop
      vertex -44 -39 4
      vertex -33.4825 -32.2919 4
      vertex -33.5553 -32.0886 4
    endloop
  endfacet
  facet normal 0 0 1
    outer loop
      vertex -44 -39 4
      vertex -33.5553 -32.0886 4
      vertex -33.6077 -31.8792 4
    endloop
  endfacet
  facet normal 0 0 1
    outer loop
      vertex -33.6394 -31.6656 4
      vertex -44 -39 4
      vertex -33.6077 -31.8792 4
    endloop
  endfacet
  facet normal 0 0 1
    outer loop
      vertex -44 -39 4
      vertex -38.0862 -11.5533 4
      vertex -39.0353 -7.76459 4
    endloop
  endfacet
  facet normal 0 0 1
    outer loop
      vertex -33.0056 -33.0056 4
      vertex -44 -39 4
      vertex -39 -44 4
    endloop
  endfacet
  facet normal 0 0 1
    outer loop
      vertex -44 -39 4
      vertex -39.0353 -7.76459 4
      vertex -39.6084 -3.90108 4
    endloop
  endfacet
  facet normal 0 0 1
    outer loop
      vertex -44 -39 4
      vertex -39.6084 -3.90108 4
      vertex -39.8 0 4
    endloop
  endfacet
  facet normal 0 0 1
    outer loop
      vertex -39 -44 4
      vertex -44 -39 4
      vertex -39.4901 -43.9759 4
    endloop
  endfacet
  facet normal 0 0 1
    outer loop
      vertex -39.6084 3.90108 4
      vertex -44 39 4
      vertex -39.8 0 4
    endloop
  endfacet
  facet normal 0 0 1
    outer loop
      vertex -44 39 4
      vertex -39.9754 43.9039 4
      vertex -40.4514 43.7847 4
    endloop
  endfacet
  facet normal 0 0 1
    outer loop
      vertex -44 -39 4
      vertex -39.8 0 4
      vertex -44 39 4
    endloop
  endfacet
  facet normal 0 0 1
    outer loop
      vertex -44 39 4
      vertex -40.4514 43.7847 4
      vertex -40.9134 43.6194 4
    endloop
  endfacet
  facet normal 0 0 1
    outer loop
      vertex -39.4901 -43.9759 4
      vertex -44 -39 4
      vertex -39.9754 -43.9039 4
    endloop
  endfacet
  facet normal 0 0 1
    outer loop
      vertex -44 39 4
      vertex -40.9134 43.6194 4
      vertex -41.357 43.4096 4
    endloop
  endfacet
  facet normal 0 0 1
    outer loop
      vertex -39.9754 -43.9039 4
      vertex -44 -39 4
      vertex -40.4514 -43.7847 4
    endloop
  endfacet
  facet normal 0 0 1
    outer loop
      vertex -44 39 4
      vertex -41.357 43.4096 4
      vertex -41.7778 43.1573 4
    endloop
  endfacet
  facet normal 0 0 1
    outer loop
      vertex -40.4514 -43.7847 4
      vertex -44 -39 4
      vertex -40.9134 -43.6194 4
    endloop
  endfacet
  facet normal 0 0 1
    outer loop
      vertex -44 39 4
      vertex -41.7778 43.1573 4
      vertex -42.172 42.8651 4
    endloop
  endfacet
  facet normal 0 0 1
    outer loop
      vertex -40.9134 -43.6194 4
      vertex -44 -39 4
      vertex -41.357 -43.4096 4
    endloop
  endfacet
  facet normal 0 0 1
    outer loop
      vertex -44 39 4
      vertex -42.172 42.8651 4
      vertex -42.5355 42.5355 4
    endloop
  endfacet
  facet normal 0 0 1
    outer loop
      vertex -41.357 -43.4096 4
      vertex -44 -39 4
      vertex -41.7778 -43.1573 4
    endloop
  endfacet
  facet normal 0 0 1
    outer loop
      vertex -44 39 4
      vertex -42.5355 42.5355 4
      vertex -42.8651 42.172 4
    endloop
  endfacet
  facet normal 0 0 1
    outer loop
      vertex -41.7778 -43.1573 4
      vertex -44 -39 4
      vertex -42.172 -42.8651 4
    endloop
  endfacet
  facet normal 0 0 1
    outer loop
      vertex -44 39 4
      vertex -42.8651 42.172 4
      vertex -43.1573 41.7778 4
    endloop
  endfacet
  facet normal 0 0 1
    outer loop
      vertex -42.172 -42.8651 4
      vertex -44 -39 4
      vertex -42.5355 -42.5355 4
    endloop
  endfacet
  facet normal 0 0 1
    outer loop
      vertex -44 39 4
      vertex -43.1573 41.7778 4
      vertex -43.4096 41.357 4
    endloop
  endfacet
  facet normal 0 0 1
    outer loop
      vertex -42.5355 -42.5355 4
      vertex -44 -39 4
      vertex -42.8651 -42.172 4
    endloop
  endfacet
  facet normal 0 0 1
    outer loop
      vertex -44 39 4
      vertex -43.4096 41.357 4
      vertex -43.6194 40.9134 4
    endloop
  endfacet
  facet normal 0 0 1
    outer loop
      vertex -42.8651 -42.172 4
      vertex -44 -39 4
      vertex -43.1573 -41.7778 4
    endloop
  endfacet
  facet normal 0 0 1
    outer loop
      vertex -44 39 4
      vertex -43.6194 40.9134 4
      vertex -43.7847 40.4514 4
    endloop
  endfacet
  facet normal 0 0 1
    outer loop
      vertex -43.1573 -41.7778 4
      vertex -44 -39 4
      vertex -43.4096 -41.357 4
    endloop
  endfacet
  facet normal 0 0 1
    outer loop
      vertex -44 39 4
      vertex -43.7847 40.4514 4
      vertex -43.9039 39.9754 4
    endloop
  endfacet
  facet normal 0 0 1
    outer loop
      vertex -43.4096 -41.357 4
      vertex -44 -39 4
      vertex -43.6194 -40.9134 4
    endloop
  endfacet
  facet normal 0 0 1
    outer loop
      vertex -44 39 4
      vertex -43.9039 39.9754 4
      vertex -43.9759 39.4901 4
    endloop
  endfacet
  facet normal 0 0 1
    outer loop
      vertex -43.6194 -40.9134 4
      vertex -44 -39 4
      vertex -43.7847 -40.4514 4
    endloop
  endfacet
  facet normal 0 0 1
    outer loop
      vertex -43.7847 -40.4514 4
      vertex -44 -39 4
      vertex -43.9039 -39.9754 4
    endloop
  endfacet
  facet normal 0 0 1
    outer loop
      vertex -43.9039 -39.9754 4
      vertex -44 -39 4
      vertex -43.9759 -39.4901 4
    endloop
  endfacet
  facet normal 0 0 1
    outer loop
      vertex 44 39 4
      vertex 33.6394 31.2344 4
      vertex 33.6077 31.0208 4
    endloop
  endfacet
  facet normal 0 0 1
    outer loop
      vertex 44 39 4
      vertex 33.6077 31.0208 4
      vertex 33.5553 30.8114 4
    endloop
  endfacet
  facet normal 0 0 1
    outer loop
      vertex 33.4825 30.6081 4
      vertex 44 39 4
      vertex 33.5553 30.8114 4
    endloop
  endfacet
  facet normal 0 0 1
    outer loop
      vertex 44 39 4
      vertex 33.4825 30.6081 4
      vertex 35.1005 18.7616 4
    endloop
  endfacet
  facet normal -0 0 1
    outer loop
      vertex 33.3902 30.4129 4
      vertex 35.1005 18.7616 4
      vertex 33.4825 30.6081 4
    endloop
  endfacet
  facet normal 0 0 1
    outer loop
      vertex 33.0925 22.1117 4
      vertex 33.3902 30.4129 4
      vertex 33.2792 30.2277 4
    endloop
  endfacet
  facet normal 0 0 1
    outer loop
      vertex 33.0925 22.1117 4
      vertex 33.2792 30.2277 4
      vertex 33.1506 30.0543 4
    endloop
  endfacet
  facet normal 0 0 1
    outer loop
      vertex 33.3902 30.4129 4
      vertex 33.0925 22.1117 4
      vertex 35.1005 18.7616 4
    endloop
  endfacet
  facet normal -0 0 1
    outer loop
      vertex 33.0056 29.8944 4
      vertex 33.0925 22.1117 4
      vertex 33.1506 30.0543 4
    endloop
  endfacet
  facet normal -0 0 1
    outer loop
      vertex 32.8457 29.7494 4
      vertex 33.0925 22.1117 4
      vertex 33.0056 29.8944 4
    endloop
  endfacet
  facet normal -0 0 1
    outer loop
      vertex 32.6723 29.6208 4
      vertex 33.0925 22.1117 4
      vertex 32.8457 29.7494 4
    endloop
  endfacet
  facet normal 0 0 1
    outer loop
      vertex 30.7658 25.2489 4
      vertex 32.6723 29.6208 4
      vertex 32.4871 29.5098 4
    endloop
  endfacet
  facet normal 0 0 1
    outer loop
      vertex 30.7658 25.2489 4
      vertex 32.4871 29.5098 4
      vertex 32.2919 29.4175 4
    endloop
  endfacet
  facet normal 0 0 1
    outer loop
      vertex 30.7658 25.2489 4
      vertex 32.2919 29.4175 4
      vertex 32.0886 29.3447 4
    endloop
  endfacet
  facet normal 0 0 1
    outer loop
      vertex 30.7658 25.2489 4
      vertex 32.0886 29.3447 4
      vertex 31.8792 29.2923 4
    endloop
  endfacet
  facet normal 0 0 1
    outer loop
      vertex 30.7658 25.2489 4
      vertex 31.8792 29.2923 4
      vertex 31.6656 29.2606 4
    endloop
  endfacet
  facet normal 0 0 1
    outer loop
      vertex 30.7658 25.2489 4
      vertex 31.6656 29.2606 4
      vertex 31.45 29.25 4
    endloop
  endfacet
  facet normal 0 0 1
    outer loop
      vertex 29.3 26.8661 4
      vertex 31.45 29.25 4
      vertex 31.2344 29.2606 4
    endloop
  endfacet
  facet normal 0 0 1
    outer loop
      vertex 29.3 26.8661 4
      vertex 31.2344 29.2606 4
      vertex 31.0208 29.2923 4
    endloop
  endfacet
  facet normal 0 0 1
    outer loop
      vertex 29.3 26.8661 4
      vertex 31.0208 29.2923 4
      vertex 30.8114 29.3447 4
    endloop
  endfacet
  facet normal 0 0 1
    outer loop
      vertex 32.6723 29.6208 4
      vertex 30.7658 25.2489 4
      vertex 33.0925 22.1117 4
    endloop
  endfacet
  facet normal 0 0 1
    outer loop
      vertex 29.3 26.8661 4
      vertex 30.8114 29.3447 4
      vertex 30.6081 29.4175 4
    endloop
  endfacet
  facet normal 0 0 1
    outer loop
      vertex 29.3 26.8661 4
      vertex 30.6081 29.4175 4
      vertex 30.4129 29.5098 4
    endloop
  endfacet
  facet normal 0 0 1
    outer loop
      vertex 29.3 26.8661 4
      vertex 30.4129 29.5098 4
      vertex 30.2277 29.6208 4
    endloop
  endfacet
  facet normal 0 0 1
    outer loop
      vertex 29.3 26.8661 4
      vertex 30.2277 29.6208 4
      vertex 30.0543 29.7494 4
    endloop
  endfacet
  facet normal 0 0 1
    outer loop
      vertex 29.3 26.8661 4
      vertex 30.0543 29.7494 4
      vertex 29.8944 29.8944 4
    endloop
  endfacet
  facet normal 0 0 1
    outer loop
      vertex 29.3 26.8661 4
      vertex 29.8944 29.8944 4
      vertex 29.7494 30.0543 4
    endloop
  endfacet
  facet normal 0 0 1
    outer loop
      vertex 29.3 26.8661 4
      vertex 29.7494 30.0543 4
      vertex 29.6208 30.2277 4
    endloop
  endfacet
  facet normal 0 0 1
    outer loop
      vertex 29.3 30.6 4
      vertex 29.6208 30.2277 4
      vertex 29.5098 30.4129 4
    endloop
  endfacet
  facet normal -0 0 1
    outer loop
      vertex 29.3 30.6 4
      vertex 29.5098 30.4129 4
      vertex 29.4175 30.6081 4
    endloop
  endfacet
  facet normal 0 0 1
    outer loop
      vertex 29.3 30.6 4
      vertex 29.4175 30.6081 4
      vertex 29.3447 30.8114 4
    endloop
  endfacet
  facet normal 0 0 1
    outer loop
      vertex 29.6208 30.2277 4
      vertex 29.3 30.6 4
      vertex 29.3 26.8661 4
    endloop
  endfacet
  facet normal 0 0 1
    outer loop
      vertex 31.45 29.25 4
      vertex 29.3 26.8661 4
      vertex 30.7658 25.2489 4
    endloop
  endfacet
  facet normal -0 0 1
    outer loop
      vertex 25.4318 30.6 4
      vertex 29.3 26.8661 4
      vertex 29.3 30.6 4
    endloop
  endfacet
  facet normal 0 0 1
    outer loop
      vertex 29.3 26.8661 4
      vertex 26.8 0 4
      vertex 29.3 -26.8661 4
    endloop
  endfacet
  facet normal -0 0 1
    outer loop
      vertex 26.6709 -2.62686 4
      vertex 29.3 -26.8661 4
      vertex 26.8 0 4
    endloop
  endfacet
  facet normal 0 0 1
    outer loop
      vertex 29.3 26.8661 4
      vertex 26.6709 2.62686 4
      vertex 26.8 0 4
    endloop
  endfacet
  facet normal 0 0 1
    outer loop
      vertex 29.3 26.8661 4
      vertex 26.285 5.22842 4
      vertex 26.6709 2.62686 4
    endloop
  endfacet
  facet normal 0 0 1
    outer loop
      vertex 29.3 26.8661 4
      vertex 25.646 7.77963 4
      vertex 26.285 5.22842 4
    endloop
  endfacet
  facet normal 0 0 1
    outer loop
      vertex 18.9505 18.9505 4
      vertex 29.3 26.8661 4
      vertex 25.4318 30.6 4
    endloop
  endfacet
  facet normal 0 0 1
    outer loop
      vertex 29.3 26.8661 4
      vertex 24.76 10.2559 4
      vertex 25.646 7.77963 4
    endloop
  endfacet
  facet normal 0 0 1
    outer loop
      vertex 29.3 26.8661 4
      vertex 23.6355 12.6334 4
      vertex 24.76 10.2559 4
    endloop
  endfacet
  facet normal 0 0 1
    outer loop
      vertex 29.3 26.8661 4
      vertex 22.2834 14.8893 4
      vertex 23.6355 12.6334 4
    endloop
  endfacet
  facet normal 0 0 1
    outer loop
      vertex 29.3 26.8661 4
      vertex 20.7167 17.0017 4
      vertex 22.2834 14.8893 4
    endloop
  endfacet
  facet normal 0 0 1
    outer loop
      vertex 29.3 26.8661 4
      vertex 18.9505 18.9505 4
      vertex 20.7167 17.0017 4
    endloop
  endfacet
  facet normal 0 0 1
    outer loop
      vertex 25.4318 30.6 4
      vertex 17.0017 20.7167 4
      vertex 18.9505 18.9505 4
    endloop
  endfacet
  facet normal 0 0 1
    outer loop
      vertex 25.4318 30.6 4
      vertex 14.8893 22.2834 4
      vertex 17.0017 20.7167 4
    endloop
  endfacet
  facet normal 0 0 1
    outer loop
      vertex 25.4318 30.6 4
      vertex 12.6334 23.6355 4
      vertex 14.8893 22.2834 4
    endloop
  endfacet
  facet normal 0 0 1
    outer loop
      vertex 25.4318 30.6 4
      vertex 10.2559 24.76 4
      vertex 12.6334 23.6355 4
    endloop
  endfacet
  facet normal 0 0 1
    outer loop
      vertex 25.4318 30.6 4
      vertex 7.77963 25.646 4
      vertex 10.2559 24.76 4
    endloop
  endfacet
  facet normal 0 0 1
    outer loop
      vertex 25.4318 30.6 4
      vertex 5.22842 26.285 4
      vertex 7.77963 25.646 4
    endloop
  endfacet
  facet normal 0 0 1
    outer loop
      vertex 25.4318 30.6 4
      vertex 2.62686 26.6709 4
      vertex 5.22842 26.285 4
    endloop
  endfacet
  facet normal 0 0 1
    outer loop
      vertex 25.4318 30.6 4
      vertex 0 26.8 4
      vertex 2.62686 26.6709 4
    endloop
  endfacet
  facet normal -0 0 1
    outer loop
      vertex -25.4318 30.6 4
      vertex 0 26.8 4
      vertex 25.4318 30.6 4
    endloop
  endfacet
  facet normal 0 0 1
    outer loop
      vertex 0 26.8 4
      vertex -25.4318 30.6 4
      vertex -2.62686 26.6709 4
    endloop
  endfacet
  facet normal 0 0 1
    outer loop
      vertex -25.4318 30.6 4
      vertex -5.22842 26.285 4
      vertex -2.62686 26.6709 4
    endloop
  endfacet
  facet normal 0 0 1
    outer loop
      vertex -25.4318 30.6 4
      vertex -7.77963 25.646 4
      vertex -5.22842 26.285 4
    endloop
  endfacet
  facet normal 0 0 1
    outer loop
      vertex -25.4318 30.6 4
      vertex -10.2559 24.76 4
      vertex -7.77963 25.646 4
    endloop
  endfacet
  facet normal 0 0 1
    outer loop
      vertex -25.4318 30.6 4
      vertex -12.6334 23.6355 4
      vertex -10.2559 24.76 4
    endloop
  endfacet
  facet normal 0 0 1
    outer loop
      vertex -25.4318 30.6 4
      vertex -14.8893 22.2834 4
      vertex -12.6334 23.6355 4
    endloop
  endfacet
  facet normal 0 0 1
    outer loop
      vertex -25.4318 30.6 4
      vertex -17.0017 20.7167 4
      vertex -14.8893 22.2834 4
    endloop
  endfacet
  facet normal 0 0 1
    outer loop
      vertex -25.4318 30.6 4
      vertex -18.9505 18.9505 4
      vertex -17.0017 20.7167 4
    endloop
  endfacet
  facet normal -0 0 1
    outer loop
      vertex -29.3 26.8661 4
      vertex -18.9505 18.9505 4
      vertex -25.4318 30.6 4
    endloop
  endfacet
  facet normal 0 0 1
    outer loop
      vertex -18.9505 18.9505 4
      vertex -29.3 26.8661 4
      vertex -20.7167 17.0017 4
    endloop
  endfacet
  facet normal 0 0 1
    outer loop
      vertex -20.7167 17.0017 4
      vertex -29.3 26.8661 4
      vertex -22.2834 14.8893 4
    endloop
  endfacet
  facet normal 0 0 1
    outer loop
      vertex -22.2834 14.8893 4
      vertex -29.3 26.8661 4
      vertex -23.6355 12.6334 4
    endloop
  endfacet
  facet normal 0 0 1
    outer loop
      vertex -23.6355 12.6334 4
      vertex -29.3 26.8661 4
      vertex -24.76 10.2559 4
    endloop
  endfacet
  facet normal 0 0 1
    outer loop
      vertex -24.76 10.2559 4
      vertex -29.3 26.8661 4
      vertex -25.646 7.77963 4
    endloop
  endfacet
  facet normal 0 0 1
    outer loop
      vertex -25.646 7.77963 4
      vertex -29.3 26.8661 4
      vertex -26.285 5.22842 4
    endloop
  endfacet
  facet normal 0 0 1
    outer loop
      vertex -26.285 5.22842 4
      vertex -29.3 26.8661 4
      vertex -26.6709 2.62686 4
    endloop
  endfacet
  facet normal 0 0 1
    outer loop
      vertex -29.3 26.8661 4
      vertex -25.4318 30.6 4
      vertex -29.3 30.6 4
    endloop
  endfacet
  facet normal -0 0 1
    outer loop
      vertex 26.285 -5.22842 4
      vertex 29.3 -26.8661 4
      vertex 26.6709 -2.62686 4
    endloop
  endfacet
  facet normal -0 0 1
    outer loop
      vertex 25.646 -7.77963 4
      vertex 29.3 -26.8661 4
      vertex 26.285 -5.22842 4
    endloop
  endfacet
  facet normal -0 0 1
    outer loop
      vertex 24.76 -10.2559 4
      vertex 29.3 -26.8661 4
      vertex 25.646 -7.77963 4
    endloop
  endfacet
  facet normal -0 0 1
    outer loop
      vertex 23.6355 -12.6334 4
      vertex 29.3 -26.8661 4
      vertex 24.76 -10.2559 4
    endloop
  endfacet
  facet normal -0 0 1
    outer loop
      vertex 22.2834 -14.8893 4
      vertex 29.3 -26.8661 4
      vertex 23.6355 -12.6334 4
    endloop
  endfacet
  facet normal -0 0 1
    outer loop
      vertex 20.7167 -17.0017 4
      vertex 29.3 -26.8661 4
      vertex 22.2834 -14.8893 4
    endloop
  endfacet
  facet normal -0 0 1
    outer loop
      vertex 18.9505 -18.9505 4
      vertex 29.3 -26.8661 4
      vertex 20.7167 -17.0017 4
    endloop
  endfacet
  facet normal 0 0 1
    outer loop
      vertex 29.3 -26.8661 4
      vertex 25.4318 -30.6 4
      vertex 29.3 -30.6 4
    endloop
  endfacet
  facet normal 0 0 1
    outer loop
      vertex 29.3 -26.8661 4
      vertex 18.9505 -18.9505 4
      vertex 25.4318 -30.6 4
    endloop
  endfacet
  facet normal -0 0 1
    outer loop
      vertex 17.0017 -20.7167 4
      vertex 25.4318 -30.6 4
      vertex 18.9505 -18.9505 4
    endloop
  endfacet
  facet normal -0 0 1
    outer loop
      vertex 14.8893 -22.2834 4
      vertex 25.4318 -30.6 4
      vertex 17.0017 -20.7167 4
    endloop
  endfacet
  facet normal -0 0 1
    outer loop
      vertex 12.6334 -23.6355 4
      vertex 25.4318 -30.6 4
      vertex 14.8893 -22.2834 4
    endloop
  endfacet
  facet normal -0 0 1
    outer loop
      vertex 10.2559 -24.76 4
      vertex 25.4318 -30.6 4
      vertex 12.6334 -23.6355 4
    endloop
  endfacet
  facet normal -0 0 1
    outer loop
      vertex 7.77963 -25.646 4
      vertex 25.4318 -30.6 4
      vertex 10.2559 -24.76 4
    endloop
  endfacet
  facet normal -0 0 1
    outer loop
      vertex 5.22842 -26.285 4
      vertex 25.4318 -30.6 4
      vertex 7.77963 -25.646 4
    endloop
  endfacet
  facet normal -0 0 1
    outer loop
      vertex 2.62686 -26.6709 4
      vertex 25.4318 -30.6 4
      vertex 5.22842 -26.285 4
    endloop
  endfacet
  facet normal -0 0 1
    outer loop
      vertex 0 -26.8 4
      vertex 25.4318 -30.6 4
      vertex 2.62686 -26.6709 4
    endloop
  endfacet
  facet normal 0 0 1
    outer loop
      vertex -25.4318 -30.6 4
      vertex 0 -26.8 4
      vertex -2.62686 -26.6709 4
    endloop
  endfacet
  facet normal 0 0 1
    outer loop
      vertex 0 -26.8 4
      vertex -25.4318 -30.6 4
      vertex 25.4318 -30.6 4
    endloop
  endfacet
  facet normal 0 0 1
    outer loop
      vertex -5.22842 -26.285 4
      vertex -25.4318 -30.6 4
      vertex -2.62686 -26.6709 4
    endloop
  endfacet
  facet normal 0 0 1
    outer loop
      vertex -7.77963 -25.646 4
      vertex -25.4318 -30.6 4
      vertex -5.22842 -26.285 4
    endloop
  endfacet
  facet normal 0 0 1
    outer loop
      vertex -10.2559 -24.76 4
      vertex -25.4318 -30.6 4
      vertex -7.77963 -25.646 4
    endloop
  endfacet
  facet normal 0 0 1
    outer loop
      vertex -12.6334 -23.6355 4
      vertex -25.4318 -30.6 4
      vertex -10.2559 -24.76 4
    endloop
  endfacet
  facet normal 0 0 1
    outer loop
      vertex -14.8893 -22.2834 4
      vertex -25.4318 -30.6 4
      vertex -12.6334 -23.6355 4
    endloop
  endfacet
  facet normal 0 0 1
    outer loop
      vertex -17.0017 -20.7167 4
      vertex -25.4318 -30.6 4
      vertex -14.8893 -22.2834 4
    endloop
  endfacet
  facet normal 0 0 1
    outer loop
      vertex -18.9505 -18.9505 4
      vertex -25.4318 -30.6 4
      vertex -17.0017 -20.7167 4
    endloop
  endfacet
  facet normal 0 0 1
    outer loop
      vertex -29.3 -26.8661 4
      vertex -18.9505 -18.9505 4
      vertex -20.7167 -17.0017 4
    endloop
  endfacet
  facet normal 0 0 1
    outer loop
      vertex -29.3 -26.8661 4
      vertex -20.7167 -17.0017 4
      vertex -22.2834 -14.8893 4
    endloop
  endfacet
  facet normal 0 0 1
    outer loop
      vertex -29.3 -26.8661 4
      vertex -22.2834 -14.8893 4
      vertex -23.6355 -12.6334 4
    endloop
  endfacet
  facet normal 0 0 1
    outer loop
      vertex -29.3 -26.8661 4
      vertex -23.6355 -12.6334 4
      vertex -24.76 -10.2559 4
    endloop
  endfacet
  facet normal 0 0 1
    outer loop
      vertex -29.3 -26.8661 4
      vertex -24.76 -10.2559 4
      vertex -25.646 -7.77963 4
    endloop
  endfacet
  facet normal 0 0 1
    outer loop
      vertex -29.3 -26.8661 4
      vertex -25.646 -7.77963 4
      vertex -26.285 -5.22842 4
    endloop
  endfacet
  facet normal 0 0 1
    outer loop
      vertex -29.3 -26.8661 4
      vertex -26.285 -5.22842 4
      vertex -26.6709 -2.62686 4
    endloop
  endfacet
  facet normal 0 0 1
    outer loop
      vertex -29.3 -26.8661 4
      vertex -26.6709 -2.62686 4
      vertex -26.8 0 4
    endloop
  endfacet
  facet normal 0 0 1
    outer loop
      vertex -26.6709 2.62686 4
      vertex -29.3 26.8661 4
      vertex -26.8 0 4
    endloop
  endfacet
  facet normal 0 0 1
    outer loop
      vertex -29.3 -26.8661 4
      vertex -26.8 0 4
      vertex -29.3 26.8661 4
    endloop
  endfacet
  facet normal 0 0 1
    outer loop
      vertex -18.9505 -18.9505 4
      vertex -29.3 -26.8661 4
      vertex -25.4318 -30.6 4
    endloop
  endfacet
  facet normal 0 0 1
    outer loop
      vertex -25.4318 -30.6 4
      vertex -29.3 -26.8661 4
      vertex -29.3 -30.6 4
    endloop
  endfacet
  facet normal 0.336879 -0.941548 0
    outer loop
      vertex 40.4514 -43.7847 0
      vertex 40.9134 -43.6194 4
      vertex 40.4514 -43.7847 4
    endloop
  endfacet
  facet normal 0.336879 -0.941548 0
    outer loop
      vertex 40.9134 -43.6194 4
      vertex 40.4514 -43.7847 0
      vertex 40.9134 -43.6194 0
    endloop
  endfacet
  facet normal 0.989176 0.146731 0
    outer loop
      vertex 39.6084 3.90108 58
      vertex 39.0353 7.76459 4
      vertex 39.0353 7.76459 58
    endloop
  endfacet
  facet normal 0.989176 0.146731 0
    outer loop
      vertex 39.0353 7.76459 4
      vertex 39.6084 3.90108 58
      vertex 39.6084 3.90108 4
    endloop
  endfacet
  facet normal 0.998796 0.0490555 0
    outer loop
      vertex 39.8 0 58
      vertex 39.6084 3.90108 4
      vertex 39.6084 3.90108 58
    endloop
  endfacet
  facet normal 0.998796 0.0490555 0
    outer loop
      vertex 39.6084 3.90108 4
      vertex 39.8 0 58
      vertex 39.8 0 4
    endloop
  endfacet
  facet normal 0.970027 0.242999 0
    outer loop
      vertex 39.0353 7.76459 58
      vertex 38.0862 11.5533 4
      vertex 38.0862 11.5533 58
    endloop
  endfacet
  facet normal 0.970027 0.242999 0
    outer loop
      vertex 38.0862 11.5533 4
      vertex 39.0353 7.76459 58
      vertex 39.0353 7.76459 4
    endloop
  endfacet
  facet normal 0.998796 -0.0490555 0
    outer loop
      vertex 39.6084 -3.90108 58
      vertex 39.8 0 4
      vertex 39.8 0 58
    endloop
  endfacet
  facet normal 0.998796 -0.0490555 0
    outer loop
      vertex 39.8 0 4
      vertex 39.6084 -3.90108 58
      vertex 39.6084 -3.90108 4
    endloop
  endfacet
  facet normal 0.941547 -0.336883 0
    outer loop
      vertex 36.7704 -15.2308 58
      vertex 38.0862 -11.5533 4
      vertex 38.0862 -11.5533 58
    endloop
  endfacet
  facet normal 0.941547 -0.336883 0
    outer loop
      vertex 38.0862 -11.5533 4
      vertex 36.7704 -15.2308 58
      vertex 36.7704 -15.2308 4
    endloop
  endfacet
  facet normal -0.336883 0.941547 0
    outer loop
      vertex -11.5533 38.0862 4
      vertex -15.2308 36.7704 58
      vertex -11.5533 38.0862 58
    endloop
  endfacet
  facet normal -0.336883 0.941547 0
    outer loop
      vertex -15.2308 36.7704 58
      vertex -11.5533 38.0862 4
      vertex -15.2308 36.7704 4
    endloop
  endfacet
  facet normal -0.903994 0.427546 0
    outer loop
      vertex -36.7704 15.2308 4
      vertex -35.1005 18.7616 58
      vertex -35.1005 18.7616 4
    endloop
  endfacet
  facet normal -0.903994 0.427546 0
    outer loop
      vertex -35.1005 18.7616 58
      vertex -36.7704 15.2308 4
      vertex -36.7704 15.2308 58
    endloop
  endfacet
  facet normal -0.146731 -0.989176 0
    outer loop
      vertex -7.76459 -39.0353 4
      vertex -3.90108 -39.6084 58
      vertex -7.76459 -39.0353 58
    endloop
  endfacet
  facet normal -0.146731 -0.989176 -0
    outer loop
      vertex -3.90108 -39.6084 58
      vertex -7.76459 -39.0353 4
      vertex -3.90108 -39.6084 4
    endloop
  endfacet
  facet normal -0.595698 -0.803208 0
    outer loop
      vertex -25.2489 -30.7658 4
      vertex -22.1117 -33.0925 58
      vertex -25.2489 -30.7658 58
    endloop
  endfacet
  facet normal -0.595698 -0.803208 -0
    outer loop
      vertex -22.1117 -33.0925 58
      vertex -25.2489 -30.7658 4
      vertex -22.1117 -33.0925 4
    endloop
  endfacet
  facet normal -0.941547 0.336883 0
    outer loop
      vertex -38.0862 11.5533 4
      vertex -36.7704 15.2308 58
      vertex -36.7704 15.2308 4
    endloop
  endfacet
  facet normal -0.941547 0.336883 0
    outer loop
      vertex -36.7704 15.2308 58
      vertex -38.0862 11.5533 4
      vertex -38.0862 11.5533 58
    endloop
  endfacet
  facet normal -0.803208 -0.595698 0
    outer loop
      vertex -30.7658 -25.2489 4
      vertex -33.0925 -22.1117 58
      vertex -33.0925 -22.1117 4
    endloop
  endfacet
  facet normal -0.803208 -0.595698 0
    outer loop
      vertex -33.0925 -22.1117 58
      vertex -30.7658 -25.2489 4
      vertex -30.7658 -25.2489 58
    endloop
  endfacet
  facet normal 0.671576 0.740936 -0
    outer loop
      vertex 28.1428 28.1428 7.2
      vertex 25.2489 30.7658 58
      vertex 28.1428 28.1428 58
    endloop
  endfacet
  facet normal 0.671573 0.740939 -3.33135e-07
    outer loop
      vertex 25.4318 30.6 7.2
      vertex 25.2489 30.7658 58
      vertex 28.1428 28.1428 7.2
    endloop
  endfacet
  facet normal 0.671624 0.740892 0
    outer loop
      vertex 25.2489 30.7658 4
      vertex 25.4318 30.6 7.2
      vertex 25.4318 30.6 4
    endloop
  endfacet
  facet normal 0.671624 0.740892 0
    outer loop
      vertex 25.4318 30.6 7.2
      vertex 25.2489 30.7658 4
      vertex 25.2489 30.7658 58
    endloop
  endfacet
  facet normal 0.146731 0.989176 -0
    outer loop
      vertex 7.76459 39.0353 4
      vertex 3.90108 39.6084 58
      vertex 7.76459 39.0353 58
    endloop
  endfacet
  facet normal 0.146731 0.989176 0
    outer loop
      vertex 3.90108 39.6084 58
      vertex 7.76459 39.0353 4
      vertex 3.90108 39.6084 4
    endloop
  endfacet
  facet normal -0.671576 0.740936 -3.12079e-07
    outer loop
      vertex -25.2489 30.7658 58
      vertex -25.4318 30.6 7.2
      vertex -28.1428 28.1428 58
    endloop
  endfacet
  facet normal -0.671624 0.740892 0
    outer loop
      vertex -25.2489 30.7658 4
      vertex -25.4318 30.6 7.2
      vertex -25.2489 30.7658 58
    endloop
  endfacet
  facet normal -0.671624 0.740892 0
    outer loop
      vertex -25.4318 30.6 7.2
      vertex -25.2489 30.7658 4
      vertex -25.4318 30.6 4
    endloop
  endfacet
  facet normal -0.671573 0.740939 0
    outer loop
      vertex -28.1428 28.1428 58
      vertex -25.4318 30.6 7.2
      vertex -28.1428 28.1428 7.2
    endloop
  endfacet
  facet normal -0.242999 0.970027 0
    outer loop
      vertex -7.76459 39.0353 4
      vertex -11.5533 38.0862 58
      vertex -7.76459 39.0353 58
    endloop
  endfacet
  facet normal -0.242999 0.970027 0
    outer loop
      vertex -11.5533 38.0862 58
      vertex -7.76459 39.0353 4
      vertex -11.5533 38.0862 4
    endloop
  endfacet
  facet normal -0.857726 -0.514108 0
    outer loop
      vertex -33.0925 -22.1117 4
      vertex -35.1005 -18.7616 58
      vertex -35.1005 -18.7616 4
    endloop
  endfacet
  facet normal -0.857726 -0.514108 0
    outer loop
      vertex -35.1005 -18.7616 58
      vertex -33.0925 -22.1117 4
      vertex -33.0925 -22.1117 58
    endloop
  endfacet
  facet normal 0.514108 0.857726 -0
    outer loop
      vertex 22.1117 33.0925 4
      vertex 18.7616 35.1005 58
      vertex 22.1117 33.0925 58
    endloop
  endfacet
  facet normal 0.514108 0.857726 0
    outer loop
      vertex 18.7616 35.1005 58
      vertex 22.1117 33.0925 4
      vertex 18.7616 35.1005 4
    endloop
  endfacet
  facet normal 0.903994 -0.427546 0
    outer loop
      vertex 35.1005 -18.7616 58
      vertex 36.7704 -15.2308 4
      vertex 36.7704 -15.2308 58
    endloop
  endfacet
  facet normal 0.903994 -0.427546 0
    outer loop
      vertex 36.7704 -15.2308 4
      vertex 35.1005 -18.7616 58
      vertex 35.1005 -18.7616 4
    endloop
  endfacet
  facet normal 0.740932 0.67158 0
    outer loop
      vertex 28.1428 28.1428 58
      vertex 29.3 26.8661 7.2
      vertex 28.1428 28.1428 7.2
    endloop
  endfacet
  facet normal 0.740936 0.671576 1.8638e-07
    outer loop
      vertex 30.7658 25.2489 58
      vertex 29.3 26.8661 7.2
      vertex 28.1428 28.1428 58
    endloop
  endfacet
  facet normal 0.740939 0.671573 -0
    outer loop
      vertex 30.7658 25.2489 4
      vertex 29.3 26.8661 7.2
      vertex 30.7658 25.2489 58
    endloop
  endfacet
  facet normal 0.740939 0.671573 0
    outer loop
      vertex 29.3 26.8661 7.2
      vertex 30.7658 25.2489 4
      vertex 29.3 26.8661 4
    endloop
  endfacet
  facet normal 0.989176 -0.146731 0
    outer loop
      vertex 39.0353 -7.76459 58
      vertex 39.6084 -3.90108 4
      vertex 39.6084 -3.90108 58
    endloop
  endfacet
  facet normal 0.989176 -0.146731 0
    outer loop
      vertex 39.6084 -3.90108 4
      vertex 39.0353 -7.76459 58
      vertex 39.0353 -7.76459 4
    endloop
  endfacet
  facet normal 0.0490555 -0.998796 0
    outer loop
      vertex 0 -39.8 4
      vertex 3.90108 -39.6084 58
      vertex 0 -39.8 58
    endloop
  endfacet
  facet normal 0.0490555 -0.998796 0
    outer loop
      vertex 3.90108 -39.6084 58
      vertex 0 -39.8 4
      vertex 3.90108 -39.6084 4
    endloop
  endfacet
  facet normal 0.242999 0.970027 -0
    outer loop
      vertex 11.5533 38.0862 4
      vertex 7.76459 39.0353 58
      vertex 11.5533 38.0862 58
    endloop
  endfacet
  facet normal 0.242999 0.970027 0
    outer loop
      vertex 7.76459 39.0353 58
      vertex 11.5533 38.0862 4
      vertex 7.76459 39.0353 4
    endloop
  endfacet
  facet normal -0.989176 -0.146731 0
    outer loop
      vertex -39.0353 -7.76459 4
      vertex -39.6084 -3.90108 58
      vertex -39.6084 -3.90108 4
    endloop
  endfacet
  facet normal -0.989176 -0.146731 0
    outer loop
      vertex -39.6084 -3.90108 58
      vertex -39.0353 -7.76459 4
      vertex -39.0353 -7.76459 58
    endloop
  endfacet
  facet normal -0.0490555 -0.998796 0
    outer loop
      vertex -3.90108 -39.6084 4
      vertex 0 -39.8 58
      vertex -3.90108 -39.6084 58
    endloop
  endfacet
  facet normal -0.0490555 -0.998796 -0
    outer loop
      vertex 0 -39.8 58
      vertex -3.90108 -39.6084 4
      vertex 0 -39.8 4
    endloop
  endfacet
  facet normal -0.427546 -0.903994 0
    outer loop
      vertex -18.7616 -35.1005 4
      vertex -15.2308 -36.7704 58
      vertex -18.7616 -35.1005 58
    endloop
  endfacet
  facet normal -0.427546 -0.903994 -0
    outer loop
      vertex -15.2308 -36.7704 58
      vertex -18.7616 -35.1005 4
      vertex -15.2308 -36.7704 4
    endloop
  endfacet
  facet normal -0.514108 -0.857726 0
    outer loop
      vertex -22.1117 -33.0925 4
      vertex -18.7616 -35.1005 58
      vertex -22.1117 -33.0925 58
    endloop
  endfacet
  facet normal -0.514108 -0.857726 -0
    outer loop
      vertex -18.7616 -35.1005 58
      vertex -22.1117 -33.0925 4
      vertex -18.7616 -35.1005 4
    endloop
  endfacet
  facet normal -0.941547 -0.336883 0
    outer loop
      vertex -36.7704 -15.2308 4
      vertex -38.0862 -11.5533 58
      vertex -38.0862 -11.5533 4
    endloop
  endfacet
  facet normal -0.941547 -0.336883 0
    outer loop
      vertex -38.0862 -11.5533 58
      vertex -36.7704 -15.2308 4
      vertex -36.7704 -15.2308 58
    endloop
  endfacet
  facet normal 0.903994 0.427546 0
    outer loop
      vertex 36.7704 15.2308 58
      vertex 35.1005 18.7616 4
      vertex 35.1005 18.7616 58
    endloop
  endfacet
  facet normal 0.903994 0.427546 0
    outer loop
      vertex 35.1005 18.7616 4
      vertex 36.7704 15.2308 58
      vertex 36.7704 15.2308 4
    endloop
  endfacet
  facet normal 0.803208 0.595698 0
    outer loop
      vertex 33.0925 22.1117 58
      vertex 30.7658 25.2489 4
      vertex 30.7658 25.2489 58
    endloop
  endfacet
  facet normal 0.803208 0.595698 0
    outer loop
      vertex 30.7658 25.2489 4
      vertex 33.0925 22.1117 58
      vertex 33.0925 22.1117 4
    endloop
  endfacet
  facet normal 0.336883 0.941547 -0
    outer loop
      vertex 15.2308 36.7704 4
      vertex 11.5533 38.0862 58
      vertex 15.2308 36.7704 58
    endloop
  endfacet
  facet normal 0.336883 0.941547 0
    outer loop
      vertex 11.5533 38.0862 58
      vertex 15.2308 36.7704 4
      vertex 11.5533 38.0862 4
    endloop
  endfacet
  facet normal 0.803208 -0.595698 0
    outer loop
      vertex 30.7658 -25.2489 58
      vertex 33.0925 -22.1117 4
      vertex 33.0925 -22.1117 58
    endloop
  endfacet
  facet normal 0.803208 -0.595698 0
    outer loop
      vertex 33.0925 -22.1117 4
      vertex 30.7658 -25.2489 58
      vertex 30.7658 -25.2489 4
    endloop
  endfacet
  facet normal 0.427546 0.903994 -0
    outer loop
      vertex 18.7616 35.1005 4
      vertex 15.2308 36.7704 58
      vertex 18.7616 35.1005 58
    endloop
  endfacet
  facet normal 0.427546 0.903994 0
    outer loop
      vertex 15.2308 36.7704 58
      vertex 18.7616 35.1005 4
      vertex 15.2308 36.7704 4
    endloop
  endfacet
  facet normal -0.803208 0.595698 0
    outer loop
      vertex -33.0925 22.1117 4
      vertex -30.7658 25.2489 58
      vertex -30.7658 25.2489 4
    endloop
  endfacet
  facet normal -0.803208 0.595698 0
    outer loop
      vertex -30.7658 25.2489 58
      vertex -33.0925 22.1117 4
      vertex -33.0925 22.1117 58
    endloop
  endfacet
  facet normal 0.941547 0.336883 0
    outer loop
      vertex 38.0862 11.5533 58
      vertex 36.7704 15.2308 4
      vertex 36.7704 15.2308 58
    endloop
  endfacet
  facet normal 0.941547 0.336883 0
    outer loop
      vertex 36.7704 15.2308 4
      vertex 38.0862 11.5533 58
      vertex 38.0862 11.5533 4
    endloop
  endfacet
  facet normal -0.595698 0.803208 0
    outer loop
      vertex -22.1117 33.0925 4
      vertex -25.2489 30.7658 58
      vertex -22.1117 33.0925 58
    endloop
  endfacet
  facet normal -0.595698 0.803208 0
    outer loop
      vertex -25.2489 30.7658 58
      vertex -22.1117 33.0925 4
      vertex -25.2489 30.7658 4
    endloop
  endfacet
  facet normal 0.146731 -0.989176 0
    outer loop
      vertex 3.90108 -39.6084 4
      vertex 7.76459 -39.0353 58
      vertex 3.90108 -39.6084 58
    endloop
  endfacet
  facet normal 0.146731 -0.989176 0
    outer loop
      vertex 7.76459 -39.0353 58
      vertex 3.90108 -39.6084 4
      vertex 7.76459 -39.0353 4
    endloop
  endfacet
  facet normal -0.514108 0.857726 0
    outer loop
      vertex -18.7616 35.1005 4
      vertex -22.1117 33.0925 58
      vertex -18.7616 35.1005 58
    endloop
  endfacet
  facet normal -0.514108 0.857726 0
    outer loop
      vertex -22.1117 33.0925 58
      vertex -18.7616 35.1005 4
      vertex -22.1117 33.0925 4
    endloop
  endfacet
  facet normal 0.595698 0.803208 -0
    outer loop
      vertex 25.2489 30.7658 4
      vertex 22.1117 33.0925 58
      vertex 25.2489 30.7658 58
    endloop
  endfacet
  facet normal 0.595698 0.803208 0
    outer loop
      vertex 22.1117 33.0925 58
      vertex 25.2489 30.7658 4
      vertex 22.1117 33.0925 4
    endloop
  endfacet
  facet normal 0.427546 -0.903994 0
    outer loop
      vertex 15.2308 -36.7704 4
      vertex 18.7616 -35.1005 58
      vertex 15.2308 -36.7704 58
    endloop
  endfacet
  facet normal 0.427546 -0.903994 0
    outer loop
      vertex 18.7616 -35.1005 58
      vertex 15.2308 -36.7704 4
      vertex 18.7616 -35.1005 4
    endloop
  endfacet
  facet normal -0.146731 0.989176 0
    outer loop
      vertex -3.90108 39.6084 4
      vertex -7.76459 39.0353 58
      vertex -3.90108 39.6084 58
    endloop
  endfacet
  facet normal -0.146731 0.989176 0
    outer loop
      vertex -7.76459 39.0353 58
      vertex -3.90108 39.6084 4
      vertex -7.76459 39.0353 4
    endloop
  endfacet
  facet normal 0.970027 -0.242999 0
    outer loop
      vertex 38.0862 -11.5533 58
      vertex 39.0353 -7.76459 4
      vertex 39.0353 -7.76459 58
    endloop
  endfacet
  facet normal 0.970027 -0.242999 0
    outer loop
      vertex 39.0353 -7.76459 4
      vertex 38.0862 -11.5533 58
      vertex 38.0862 -11.5533 4
    endloop
  endfacet
  facet normal -0.427546 0.903994 0
    outer loop
      vertex -15.2308 36.7704 4
      vertex -18.7616 35.1005 58
      vertex -15.2308 36.7704 58
    endloop
  endfacet
  facet normal -0.427546 0.903994 0
    outer loop
      vertex -18.7616 35.1005 58
      vertex -15.2308 36.7704 4
      vertex -18.7616 35.1005 4
    endloop
  endfacet
  facet normal -0.970027 -0.242999 0
    outer loop
      vertex -38.0862 -11.5533 4
      vertex -39.0353 -7.76459 58
      vertex -39.0353 -7.76459 4
    endloop
  endfacet
  facet normal -0.970027 -0.242999 0
    outer loop
      vertex -39.0353 -7.76459 58
      vertex -38.0862 -11.5533 4
      vertex -38.0862 -11.5533 58
    endloop
  endfacet
  facet normal 0.0490555 0.998796 -0
    outer loop
      vertex 3.90108 39.6084 4
      vertex 0 39.8 58
      vertex 3.90108 39.6084 58
    endloop
  endfacet
  facet normal 0.0490555 0.998796 0
    outer loop
      vertex 0 39.8 58
      vertex 3.90108 39.6084 4
      vertex 0 39.8 4
    endloop
  endfacet
  facet normal -0.740939 -0.671573 -0
    outer loop
      vertex -29.3 -26.8661 7.2
      vertex -30.7658 -25.2489 4
      vertex -29.3 -26.8661 4
    endloop
  endfacet
  facet normal -0.740939 -0.671573 0
    outer loop
      vertex -30.7658 -25.2489 4
      vertex -29.3 -26.8661 7.2
      vertex -30.7658 -25.2489 58
    endloop
  endfacet
  facet normal -0.740932 -0.67158 -0
    outer loop
      vertex -28.1428 -28.1428 58
      vertex -29.3 -26.8661 7.2
      vertex -28.1428 -28.1428 7.2
    endloop
  endfacet
  facet normal -0.740936 -0.671576 1.8638e-07
    outer loop
      vertex -29.3 -26.8661 7.2
      vertex -28.1428 -28.1428 58
      vertex -30.7658 -25.2489 58
    endloop
  endfacet
  facet normal 0.857726 0.514108 0
    outer loop
      vertex 35.1005 18.7616 58
      vertex 33.0925 22.1117 4
      vertex 33.0925 22.1117 58
    endloop
  endfacet
  facet normal 0.857726 0.514108 0
    outer loop
      vertex 33.0925 22.1117 4
      vertex 35.1005 18.7616 58
      vertex 35.1005 18.7616 4
    endloop
  endfacet
  facet normal -0.970027 0.242999 0
    outer loop
      vertex -39.0353 7.76459 4
      vertex -38.0862 11.5533 58
      vertex -38.0862 11.5533 4
    endloop
  endfacet
  facet normal -0.970027 0.242999 0
    outer loop
      vertex -38.0862 11.5533 58
      vertex -39.0353 7.76459 4
      vertex -39.0353 7.76459 58
    endloop
  endfacet
  facet normal 0.671576 -0.740936 -3.12079e-07
    outer loop
      vertex 25.2489 -30.7658 58
      vertex 25.4318 -30.6 7.2
      vertex 28.1428 -28.1428 58
    endloop
  endfacet
  facet normal 0.671624 -0.740892 0
    outer loop
      vertex 25.2489 -30.7658 4
      vertex 25.4318 -30.6 7.2
      vertex 25.2489 -30.7658 58
    endloop
  endfacet
  facet normal 0.671624 -0.740892 0
    outer loop
      vertex 25.4318 -30.6 7.2
      vertex 25.2489 -30.7658 4
      vertex 25.4318 -30.6 4
    endloop
  endfacet
  facet normal 0.671573 -0.740939 0
    outer loop
      vertex 28.1428 -28.1428 58
      vertex 25.4318 -30.6 7.2
      vertex 28.1428 -28.1428 7.2
    endloop
  endfacet
  facet normal 0.740939 -0.671573 0
    outer loop
      vertex 30.7658 -25.2489 58
      vertex 29.3 -26.8661 7.2
      vertex 30.7658 -25.2489 4
    endloop
  endfacet
  facet normal 0.740936 -0.671576 1.8638e-07
    outer loop
      vertex 28.1428 -28.1428 58
      vertex 29.3 -26.8661 7.2
      vertex 30.7658 -25.2489 58
    endloop
  endfacet
  facet normal 0.740932 -0.67158 0
    outer loop
      vertex 29.3 -26.8661 7.2
      vertex 28.1428 -28.1428 58
      vertex 28.1428 -28.1428 7.2
    endloop
  endfacet
  facet normal 0.740939 -0.671573 0
    outer loop
      vertex 30.7658 -25.2489 4
      vertex 29.3 -26.8661 7.2
      vertex 29.3 -26.8661 4
    endloop
  endfacet
  facet normal -0.671576 -0.740936 0
    outer loop
      vertex -28.1428 -28.1428 7.2
      vertex -25.2489 -30.7658 58
      vertex -28.1428 -28.1428 58
    endloop
  endfacet
  facet normal -0.671573 -0.740939 -3.33135e-07
    outer loop
      vertex -25.4318 -30.6 7.2
      vertex -25.2489 -30.7658 58
      vertex -28.1428 -28.1428 7.2
    endloop
  endfacet
  facet normal -0.671624 -0.740892 0
    outer loop
      vertex -25.2489 -30.7658 4
      vertex -25.4318 -30.6 7.2
      vertex -25.4318 -30.6 4
    endloop
  endfacet
  facet normal -0.671624 -0.740892 0
    outer loop
      vertex -25.4318 -30.6 7.2
      vertex -25.2489 -30.7658 4
      vertex -25.2489 -30.7658 58
    endloop
  endfacet
  facet normal 0.514108 -0.857726 0
    outer loop
      vertex 18.7616 -35.1005 4
      vertex 22.1117 -33.0925 58
      vertex 18.7616 -35.1005 58
    endloop
  endfacet
  facet normal 0.514108 -0.857726 0
    outer loop
      vertex 22.1117 -33.0925 58
      vertex 18.7616 -35.1005 4
      vertex 22.1117 -33.0925 4
    endloop
  endfacet
  facet normal -0.740939 0.671573 0
    outer loop
      vertex -29.3 26.8661 4
      vertex -30.7658 25.2489 4
      vertex -29.3 26.8661 7.2
    endloop
  endfacet
  facet normal -0.740932 0.67158 0
    outer loop
      vertex -29.3 26.8661 7.2
      vertex -28.1428 28.1428 58
      vertex -28.1428 28.1428 7.2
    endloop
  endfacet
  facet normal -0.740939 0.671573 0
    outer loop
      vertex -30.7658 25.2489 58
      vertex -29.3 26.8661 7.2
      vertex -30.7658 25.2489 4
    endloop
  endfacet
  facet normal -0.740936 0.671576 1.8638e-07
    outer loop
      vertex -29.3 26.8661 7.2
      vertex -30.7658 25.2489 58
      vertex -28.1428 28.1428 58
    endloop
  endfacet
  facet normal 0.242999 -0.970027 0
    outer loop
      vertex 7.76459 -39.0353 4
      vertex 11.5533 -38.0862 58
      vertex 7.76459 -39.0353 58
    endloop
  endfacet
  facet normal 0.242999 -0.970027 0
    outer loop
      vertex 11.5533 -38.0862 58
      vertex 7.76459 -39.0353 4
      vertex 11.5533 -38.0862 4
    endloop
  endfacet
  facet normal 0.857726 -0.514108 0
    outer loop
      vertex 33.0925 -22.1117 58
      vertex 35.1005 -18.7616 4
      vertex 35.1005 -18.7616 58
    endloop
  endfacet
  facet normal 0.857726 -0.514108 0
    outer loop
      vertex 35.1005 -18.7616 4
      vertex 33.0925 -22.1117 58
      vertex 33.0925 -22.1117 4
    endloop
  endfacet
  facet normal -0.336883 -0.941547 0
    outer loop
      vertex -15.2308 -36.7704 4
      vertex -11.5533 -38.0862 58
      vertex -15.2308 -36.7704 58
    endloop
  endfacet
  facet normal -0.336883 -0.941547 -0
    outer loop
      vertex -11.5533 -38.0862 58
      vertex -15.2308 -36.7704 4
      vertex -11.5533 -38.0862 4
    endloop
  endfacet
  facet normal -0.242999 -0.970027 0
    outer loop
      vertex -11.5533 -38.0862 4
      vertex -7.76459 -39.0353 58
      vertex -11.5533 -38.0862 58
    endloop
  endfacet
  facet normal -0.242999 -0.970027 -0
    outer loop
      vertex -7.76459 -39.0353 58
      vertex -11.5533 -38.0862 4
      vertex -7.76459 -39.0353 4
    endloop
  endfacet
  facet normal -0.0490555 0.998796 0
    outer loop
      vertex 0 39.8 4
      vertex -3.90108 39.6084 58
      vertex 0 39.8 58
    endloop
  endfacet
  facet normal -0.0490555 0.998796 0
    outer loop
      vertex -3.90108 39.6084 58
      vertex 0 39.8 4
      vertex -3.90108 39.6084 4
    endloop
  endfacet
  facet normal -0.989176 0.146731 0
    outer loop
      vertex -39.6084 3.90108 4
      vertex -39.0353 7.76459 58
      vertex -39.0353 7.76459 4
    endloop
  endfacet
  facet normal -0.989176 0.146731 0
    outer loop
      vertex -39.0353 7.76459 58
      vertex -39.6084 3.90108 4
      vertex -39.6084 3.90108 58
    endloop
  endfacet
  facet normal 0.336883 -0.941547 0
    outer loop
      vertex 11.5533 -38.0862 4
      vertex 15.2308 -36.7704 58
      vertex 11.5533 -38.0862 58
    endloop
  endfacet
  facet normal 0.336883 -0.941547 0
    outer loop
      vertex 15.2308 -36.7704 58
      vertex 11.5533 -38.0862 4
      vertex 15.2308 -36.7704 4
    endloop
  endfacet
  facet normal 0.595698 -0.803208 0
    outer loop
      vertex 22.1117 -33.0925 4
      vertex 25.2489 -30.7658 58
      vertex 22.1117 -33.0925 58
    endloop
  endfacet
  facet normal 0.595698 -0.803208 0
    outer loop
      vertex 25.2489 -30.7658 58
      vertex 22.1117 -33.0925 4
      vertex 25.2489 -30.7658 4
    endloop
  endfacet
  facet normal -0.903994 -0.427546 0
    outer loop
      vertex -35.1005 -18.7616 4
      vertex -36.7704 -15.2308 58
      vertex -36.7704 -15.2308 4
    endloop
  endfacet
  facet normal -0.903994 -0.427546 0
    outer loop
      vertex -36.7704 -15.2308 58
      vertex -35.1005 -18.7616 4
      vertex -35.1005 -18.7616 58
    endloop
  endfacet
  facet normal -0.857726 0.514108 0
    outer loop
      vertex -35.1005 18.7616 4
      vertex -33.0925 22.1117 58
      vertex -33.0925 22.1117 4
    endloop
  endfacet
  facet normal -0.857726 0.514108 0
    outer loop
      vertex -33.0925 22.1117 58
      vertex -35.1005 18.7616 4
      vertex -35.1005 18.7616 58
    endloop
  endfacet
  facet normal -0.998796 0.0490555 0
    outer loop
      vertex -39.8 0 4
      vertex -39.6084 3.90108 58
      vertex -39.6084 3.90108 4
    endloop
  endfacet
  facet normal -0.998796 0.0490555 0
    outer loop
      vertex -39.6084 3.90108 58
      vertex -39.8 0 4
      vertex -39.8 0 58
    endloop
  endfacet
  facet normal -0.998796 -0.0490555 0
    outer loop
      vertex -39.6084 -3.90108 4
      vertex -39.8 0 58
      vertex -39.8 0 4
    endloop
  endfacet
  facet normal -0.998796 -0.0490555 0
    outer loop
      vertex -39.8 0 58
      vertex -39.6084 -3.90108 4
      vertex -39.6084 -3.90108 58
    endloop
  endfacet
  facet normal -0.989166 -0.1468 0
    outer loop
      vertex -29.2606 -31.2344 0
      vertex -29.2923 -31.0208 4
      vertex -29.2923 -31.0208 0
    endloop
  endfacet
  facet normal -0.989166 -0.1468 0
    outer loop
      vertex -29.2923 -31.0208 4
      vertex -29.2606 -31.2344 0
      vertex -29.2606 -31.2344 4
    endloop
  endfacet
  facet normal -0.998794 -0.0491058 0
    outer loop
      vertex -29.25 -31.45 0
      vertex -29.2606 -31.2344 4
      vertex -29.2606 -31.2344 0
    endloop
  endfacet
  facet normal -0.998794 -0.0491058 0
    outer loop
      vertex -29.2606 -31.2344 4
      vertex -29.25 -31.45 0
      vertex -29.25 -31.45 4
    endloop
  endfacet
  facet normal -0.970088 -0.242754 0
    outer loop
      vertex -29.2923 -31.0208 0
      vertex -29.3447 -30.8114 4
      vertex -29.3447 -30.8114 0
    endloop
  endfacet
  facet normal -0.970088 -0.242754 0
    outer loop
      vertex -29.3447 -30.8114 4
      vertex -29.2923 -31.0208 0
      vertex -29.2923 -31.0208 4
    endloop
  endfacet
  facet normal -0.427469 -0.90403 0
    outer loop
      vertex -30.6081 -29.4175 0
      vertex -30.4129 -29.5098 4
      vertex -30.6081 -29.4175 4
    endloop
  endfacet
  facet normal -0.427469 -0.90403 -0
    outer loop
      vertex -30.4129 -29.5098 4
      vertex -30.6081 -29.4175 0
      vertex -30.4129 -29.5098 0
    endloop
  endfacet
  facet normal 0.514087 0.857738 -0
    outer loop
      vertex -32.4871 -33.3902 0
      vertex -32.6723 -33.2792 4
      vertex -32.4871 -33.3902 4
    endloop
  endfacet
  facet normal 0.514087 0.857738 0
    outer loop
      vertex -32.6723 -33.2792 4
      vertex -32.4871 -33.3902 0
      vertex -32.6723 -33.2792 0
    endloop
  endfacet
  facet normal 0.67175 0.740778 -0
    outer loop
      vertex -32.8457 -33.1506 0
      vertex -33.0056 -33.0056 4
      vertex -32.8457 -33.1506 4
    endloop
  endfacet
  facet normal 0.67175 0.740778 0
    outer loop
      vertex -33.0056 -33.0056 4
      vertex -32.8457 -33.1506 0
      vertex -33.0056 -33.0056 0
    endloop
  endfacet
  facet normal -0.740778 0.67175 0
    outer loop
      vertex -29.8944 -33.0056 0
      vertex -29.7494 -32.8457 4
      vertex -29.7494 -32.8457 0
    endloop
  endfacet
  facet normal -0.740778 0.67175 0
    outer loop
      vertex -29.7494 -32.8457 4
      vertex -29.8944 -33.0056 0
      vertex -29.8944 -33.0056 4
    endloop
  endfacet
  facet normal -0.337128 -0.941459 0
    outer loop
      vertex -30.8114 -29.3447 0
      vertex -30.6081 -29.4175 4
      vertex -30.8114 -29.3447 4
    endloop
  endfacet
  facet normal -0.337128 -0.941459 -0
    outer loop
      vertex -30.6081 -29.4175 4
      vertex -30.8114 -29.3447 0
      vertex -30.6081 -29.4175 0
    endloop
  endfacet
  facet normal 0.989166 0.1468 0
    outer loop
      vertex -33.6077 -31.8792 4
      vertex -33.6394 -31.6656 0
      vertex -33.6394 -31.6656 4
    endloop
  endfacet
  facet normal 0.989166 0.1468 0
    outer loop
      vertex -33.6394 -31.6656 0
      vertex -33.6077 -31.8792 4
      vertex -33.6077 -31.8792 0
    endloop
  endfacet
  facet normal 0.1468 -0.989166 0
    outer loop
      vertex -31.8792 -29.2923 0
      vertex -31.6656 -29.2606 4
      vertex -31.8792 -29.2923 4
    endloop
  endfacet
  facet normal 0.1468 -0.989166 0
    outer loop
      vertex -31.6656 -29.2606 4
      vertex -31.8792 -29.2923 0
      vertex -31.6656 -29.2606 0
    endloop
  endfacet
  facet normal -0.803212 -0.595693 0
    outer loop
      vertex -29.6208 -30.2277 0
      vertex -29.7494 -30.0543 4
      vertex -29.7494 -30.0543 0
    endloop
  endfacet
  facet normal -0.803212 -0.595693 0
    outer loop
      vertex -29.7494 -30.0543 4
      vertex -29.6208 -30.2277 0
      vertex -29.6208 -30.2277 4
    endloop
  endfacet
  facet normal -0.514087 -0.857738 0
    outer loop
      vertex -30.4129 -29.5098 0
      vertex -30.2277 -29.6208 4
      vertex -30.4129 -29.5098 4
    endloop
  endfacet
  facet normal -0.514087 -0.857738 -0
    outer loop
      vertex -30.2277 -29.6208 4
      vertex -30.4129 -29.5098 0
      vertex -30.2277 -29.6208 0
    endloop
  endfacet
  facet normal 0.941459 0.337128 0
    outer loop
      vertex -33.4825 -32.2919 4
      vertex -33.5553 -32.0886 0
      vertex -33.5553 -32.0886 4
    endloop
  endfacet
  facet normal 0.941459 0.337128 0
    outer loop
      vertex -33.5553 -32.0886 0
      vertex -33.4825 -32.2919 4
      vertex -33.4825 -32.2919 0
    endloop
  endfacet
  facet normal -0.67175 -0.740778 0
    outer loop
      vertex -30.0543 -29.7494 0
      vertex -29.8944 -29.8944 4
      vertex -30.0543 -29.7494 4
    endloop
  endfacet
  facet normal -0.67175 -0.740778 -0
    outer loop
      vertex -29.8944 -29.8944 4
      vertex -30.0543 -29.7494 0
      vertex -29.8944 -29.8944 0
    endloop
  endfacet
  facet normal -0.595693 -0.803212 0
    outer loop
      vertex -30.2277 -29.6208 0
      vertex -30.0543 -29.7494 4
      vertex -30.2277 -29.6208 4
    endloop
  endfacet
  facet normal -0.595693 -0.803212 -0
    outer loop
      vertex -30.0543 -29.7494 4
      vertex -30.2277 -29.6208 0
      vertex -30.0543 -29.7494 0
    endloop
  endfacet
  facet normal 0.427469 -0.90403 0
    outer loop
      vertex -32.4871 -29.5098 0
      vertex -32.2919 -29.4175 4
      vertex -32.4871 -29.5098 4
    endloop
  endfacet
  facet normal 0.427469 -0.90403 0
    outer loop
      vertex -32.2919 -29.4175 4
      vertex -32.4871 -29.5098 0
      vertex -32.2919 -29.4175 0
    endloop
  endfacet
  facet normal -0.514087 0.857738 0
    outer loop
      vertex -30.2277 -33.2792 0
      vertex -30.4129 -33.3902 4
      vertex -30.2277 -33.2792 4
    endloop
  endfacet
  facet normal -0.514087 0.857738 0
    outer loop
      vertex -30.4129 -33.3902 4
      vertex -30.2277 -33.2792 0
      vertex -30.4129 -33.3902 0
    endloop
  endfacet
  facet normal 0.989166 -0.1468 0
    outer loop
      vertex -33.6394 -31.2344 4
      vertex -33.6077 -31.0208 0
      vertex -33.6077 -31.0208 4
    endloop
  endfacet
  facet normal 0.989166 -0.1468 0
    outer loop
      vertex -33.6077 -31.0208 0
      vertex -33.6394 -31.2344 4
      vertex -33.6394 -31.2344 0
    endloop
  endfacet
  facet normal 0.242754 -0.970088 0
    outer loop
      vertex -32.0886 -29.3447 0
      vertex -31.8792 -29.2923 4
      vertex -32.0886 -29.3447 4
    endloop
  endfacet
  facet normal 0.242754 -0.970088 0
    outer loop
      vertex -31.8792 -29.2923 4
      vertex -32.0886 -29.3447 0
      vertex -31.8792 -29.2923 0
    endloop
  endfacet
  facet normal 0.857738 -0.514087 0
    outer loop
      vertex -33.3902 -30.4129 4
      vertex -33.2792 -30.2277 0
      vertex -33.2792 -30.2277 4
    endloop
  endfacet
  facet normal 0.857738 -0.514087 0
    outer loop
      vertex -33.2792 -30.2277 0
      vertex -33.3902 -30.4129 4
      vertex -33.3902 -30.4129 0
    endloop
  endfacet
  facet normal -0.337128 0.941459 0
    outer loop
      vertex -30.6081 -33.4825 0
      vertex -30.8114 -33.5553 4
      vertex -30.6081 -33.4825 4
    endloop
  endfacet
  facet normal -0.337128 0.941459 0
    outer loop
      vertex -30.8114 -33.5553 4
      vertex -30.6081 -33.4825 0
      vertex -30.8114 -33.5553 0
    endloop
  endfacet
  facet normal 0.90403 0.427469 0
    outer loop
      vertex -33.3902 -32.4871 4
      vertex -33.4825 -32.2919 0
      vertex -33.4825 -32.2919 4
    endloop
  endfacet
  facet normal 0.90403 0.427469 0
    outer loop
      vertex -33.4825 -32.2919 0
      vertex -33.3902 -32.4871 4
      vertex -33.3902 -32.4871 0
    endloop
  endfacet
  facet normal -0.427469 0.90403 0
    outer loop
      vertex -30.4129 -33.3902 0
      vertex -30.6081 -33.4825 4
      vertex -30.4129 -33.3902 4
    endloop
  endfacet
  facet normal -0.427469 0.90403 0
    outer loop
      vertex -30.6081 -33.4825 4
      vertex -30.4129 -33.3902 0
      vertex -30.6081 -33.4825 0
    endloop
  endfacet
  facet normal -0.0491058 0.998794 0
    outer loop
      vertex -31.2344 -33.6394 0
      vertex -31.45 -33.65 4
      vertex -31.2344 -33.6394 4
    endloop
  endfacet
  facet normal -0.0491058 0.998794 0
    outer loop
      vertex -31.45 -33.65 4
      vertex -31.2344 -33.6394 0
      vertex -31.45 -33.65 0
    endloop
  endfacet
  facet normal 0.740778 -0.67175 0
    outer loop
      vertex -33.1506 -30.0543 4
      vertex -33.0056 -29.8944 0
      vertex -33.0056 -29.8944 4
    endloop
  endfacet
  facet normal 0.740778 -0.67175 0
    outer loop
      vertex -33.0056 -29.8944 0
      vertex -33.1506 -30.0543 4
      vertex -33.1506 -30.0543 0
    endloop
  endfacet
  facet normal -0.803212 0.595693 0
    outer loop
      vertex -29.7494 -32.8457 0
      vertex -29.6208 -32.6723 4
      vertex -29.6208 -32.6723 0
    endloop
  endfacet
  facet normal -0.803212 0.595693 0
    outer loop
      vertex -29.6208 -32.6723 4
      vertex -29.7494 -32.8457 0
      vertex -29.7494 -32.8457 4
    endloop
  endfacet
  facet normal 0.0491058 0.998794 -0
    outer loop
      vertex -31.45 -33.65 0
      vertex -31.6656 -33.6394 4
      vertex -31.45 -33.65 4
    endloop
  endfacet
  facet normal 0.0491058 0.998794 0
    outer loop
      vertex -31.6656 -33.6394 4
      vertex -31.45 -33.65 0
      vertex -31.6656 -33.6394 0
    endloop
  endfacet
  facet normal -0.970088 0.242754 0
    outer loop
      vertex -29.3447 -32.0886 0
      vertex -29.2923 -31.8792 4
      vertex -29.2923 -31.8792 0
    endloop
  endfacet
  facet normal -0.970088 0.242754 0
    outer loop
      vertex -29.2923 -31.8792 4
      vertex -29.3447 -32.0886 0
      vertex -29.3447 -32.0886 4
    endloop
  endfacet
  facet normal -0.857738 0.514087 0
    outer loop
      vertex -29.6208 -32.6723 0
      vertex -29.5098 -32.4871 4
      vertex -29.5098 -32.4871 0
    endloop
  endfacet
  facet normal -0.857738 0.514087 0
    outer loop
      vertex -29.5098 -32.4871 4
      vertex -29.6208 -32.6723 0
      vertex -29.6208 -32.6723 4
    endloop
  endfacet
  facet normal 0.803212 0.595693 0
    outer loop
      vertex -33.1506 -32.8457 4
      vertex -33.2792 -32.6723 0
      vertex -33.2792 -32.6723 4
    endloop
  endfacet
  facet normal 0.803212 0.595693 0
    outer loop
      vertex -33.2792 -32.6723 0
      vertex -33.1506 -32.8457 4
      vertex -33.1506 -32.8457 0
    endloop
  endfacet
  facet normal 0.242754 0.970088 -0
    outer loop
      vertex -31.8792 -33.6077 0
      vertex -32.0886 -33.5553 4
      vertex -31.8792 -33.6077 4
    endloop
  endfacet
  facet normal 0.242754 0.970088 0
    outer loop
      vertex -32.0886 -33.5553 4
      vertex -31.8792 -33.6077 0
      vertex -32.0886 -33.5553 0
    endloop
  endfacet
  facet normal 0.803212 -0.595693 0
    outer loop
      vertex -33.2792 -30.2277 4
      vertex -33.1506 -30.0543 0
      vertex -33.1506 -30.0543 4
    endloop
  endfacet
  facet normal 0.803212 -0.595693 0
    outer loop
      vertex -33.1506 -30.0543 0
      vertex -33.2792 -30.2277 4
      vertex -33.2792 -30.2277 0
    endloop
  endfacet
  facet normal 0.0491058 -0.998794 0
    outer loop
      vertex -31.6656 -29.2606 0
      vertex -31.45 -29.25 4
      vertex -31.6656 -29.2606 4
    endloop
  endfacet
  facet normal 0.0491058 -0.998794 0
    outer loop
      vertex -31.45 -29.25 4
      vertex -31.6656 -29.2606 0
      vertex -31.45 -29.25 0
    endloop
  endfacet
  facet normal 0.740778 0.67175 0
    outer loop
      vertex -33.0056 -33.0056 4
      vertex -33.1506 -32.8457 0
      vertex -33.1506 -32.8457 4
    endloop
  endfacet
  facet normal 0.740778 0.67175 0
    outer loop
      vertex -33.1506 -32.8457 0
      vertex -33.0056 -33.0056 4
      vertex -33.0056 -33.0056 0
    endloop
  endfacet
  facet normal 0.337128 -0.941459 0
    outer loop
      vertex -32.2919 -29.4175 0
      vertex -32.0886 -29.3447 4
      vertex -32.2919 -29.4175 4
    endloop
  endfacet
  facet normal 0.337128 -0.941459 0
    outer loop
      vertex -32.0886 -29.3447 4
      vertex -32.2919 -29.4175 0
      vertex -32.0886 -29.3447 0
    endloop
  endfacet
  facet normal -0.989166 0.1468 0
    outer loop
      vertex -29.2923 -31.8792 0
      vertex -29.2606 -31.6656 4
      vertex -29.2606 -31.6656 0
    endloop
  endfacet
  facet normal -0.989166 0.1468 0
    outer loop
      vertex -29.2606 -31.6656 4
      vertex -29.2923 -31.8792 0
      vertex -29.2923 -31.8792 4
    endloop
  endfacet
  facet normal -0.998794 0.0491058 0
    outer loop
      vertex -29.2606 -31.6656 0
      vertex -29.25 -31.45 4
      vertex -29.25 -31.45 0
    endloop
  endfacet
  facet normal -0.998794 0.0491058 0
    outer loop
      vertex -29.25 -31.45 4
      vertex -29.2606 -31.6656 0
      vertex -29.2606 -31.6656 4
    endloop
  endfacet
  facet normal 0.514087 -0.857738 0
    outer loop
      vertex -32.6723 -29.6208 0
      vertex -32.4871 -29.5098 4
      vertex -32.6723 -29.6208 4
    endloop
  endfacet
  facet normal 0.514087 -0.857738 0
    outer loop
      vertex -32.4871 -29.5098 4
      vertex -32.6723 -29.6208 0
      vertex -32.4871 -29.5098 0
    endloop
  endfacet
  facet normal -0.941459 -0.337128 0
    outer loop
      vertex -29.3447 -30.8114 0
      vertex -29.4175 -30.6081 4
      vertex -29.4175 -30.6081 0
    endloop
  endfacet
  facet normal -0.941459 -0.337128 0
    outer loop
      vertex -29.4175 -30.6081 4
      vertex -29.3447 -30.8114 0
      vertex -29.3447 -30.8114 4
    endloop
  endfacet
  facet normal 0.595693 -0.803212 0
    outer loop
      vertex -32.8457 -29.7494 0
      vertex -32.6723 -29.6208 4
      vertex -32.8457 -29.7494 4
    endloop
  endfacet
  facet normal 0.595693 -0.803212 0
    outer loop
      vertex -32.6723 -29.6208 4
      vertex -32.8457 -29.7494 0
      vertex -32.6723 -29.6208 0
    endloop
  endfacet
  facet normal -0.90403 -0.427469 0
    outer loop
      vertex -29.4175 -30.6081 0
      vertex -29.5098 -30.4129 4
      vertex -29.5098 -30.4129 0
    endloop
  endfacet
  facet normal -0.90403 -0.427469 0
    outer loop
      vertex -29.5098 -30.4129 4
      vertex -29.4175 -30.6081 0
      vertex -29.4175 -30.6081 4
    endloop
  endfacet
  facet normal -0.740778 -0.67175 0
    outer loop
      vertex -29.7494 -30.0543 0
      vertex -29.8944 -29.8944 4
      vertex -29.8944 -29.8944 0
    endloop
  endfacet
  facet normal -0.740778 -0.67175 0
    outer loop
      vertex -29.8944 -29.8944 4
      vertex -29.7494 -30.0543 0
      vertex -29.7494 -30.0543 4
    endloop
  endfacet
  facet normal -0.0491058 -0.998794 0
    outer loop
      vertex -31.45 -29.25 0
      vertex -31.2344 -29.2606 4
      vertex -31.45 -29.25 4
    endloop
  endfacet
  facet normal -0.0491058 -0.998794 -0
    outer loop
      vertex -31.2344 -29.2606 4
      vertex -31.45 -29.25 0
      vertex -31.2344 -29.2606 0
    endloop
  endfacet
  facet normal -0.857738 -0.514087 0
    outer loop
      vertex -29.5098 -30.4129 0
      vertex -29.6208 -30.2277 4
      vertex -29.6208 -30.2277 0
    endloop
  endfacet
  facet normal -0.857738 -0.514087 0
    outer loop
      vertex -29.6208 -30.2277 4
      vertex -29.5098 -30.4129 0
      vertex -29.5098 -30.4129 4
    endloop
  endfacet
  facet normal -0.67175 0.740778 0
    outer loop
      vertex -29.8944 -33.0056 0
      vertex -30.0543 -33.1506 4
      vertex -29.8944 -33.0056 4
    endloop
  endfacet
  facet normal -0.67175 0.740778 0
    outer loop
      vertex -30.0543 -33.1506 4
      vertex -29.8944 -33.0056 0
      vertex -30.0543 -33.1506 0
    endloop
  endfacet
  facet normal 0.970088 0.242754 0
    outer loop
      vertex -33.5553 -32.0886 4
      vertex -33.6077 -31.8792 0
      vertex -33.6077 -31.8792 4
    endloop
  endfacet
  facet normal 0.970088 0.242754 0
    outer loop
      vertex -33.6077 -31.8792 0
      vertex -33.5553 -32.0886 4
      vertex -33.5553 -32.0886 0
    endloop
  endfacet
  facet normal 0.67175 -0.740778 0
    outer loop
      vertex -33.0056 -29.8944 0
      vertex -32.8457 -29.7494 4
      vertex -33.0056 -29.8944 4
    endloop
  endfacet
  facet normal 0.67175 -0.740778 0
    outer loop
      vertex -32.8457 -29.7494 4
      vertex -33.0056 -29.8944 0
      vertex -32.8457 -29.7494 0
    endloop
  endfacet
  facet normal 0.427469 0.90403 -0
    outer loop
      vertex -32.2919 -33.4825 0
      vertex -32.4871 -33.3902 4
      vertex -32.2919 -33.4825 4
    endloop
  endfacet
  facet normal 0.427469 0.90403 0
    outer loop
      vertex -32.4871 -33.3902 4
      vertex -32.2919 -33.4825 0
      vertex -32.4871 -33.3902 0
    endloop
  endfacet
  facet normal -0.941459 0.337128 0
    outer loop
      vertex -29.4175 -32.2919 0
      vertex -29.3447 -32.0886 4
      vertex -29.3447 -32.0886 0
    endloop
  endfacet
  facet normal -0.941459 0.337128 0
    outer loop
      vertex -29.3447 -32.0886 4
      vertex -29.4175 -32.2919 0
      vertex -29.4175 -32.2919 4
    endloop
  endfacet
  facet normal -0.242754 0.970088 0
    outer loop
      vertex -30.8114 -33.5553 0
      vertex -31.0208 -33.6077 4
      vertex -30.8114 -33.5553 4
    endloop
  endfacet
  facet normal -0.242754 0.970088 0
    outer loop
      vertex -31.0208 -33.6077 4
      vertex -30.8114 -33.5553 0
      vertex -31.0208 -33.6077 0
    endloop
  endfacet
  facet normal -0.1468 0.989166 0
    outer loop
      vertex -31.0208 -33.6077 0
      vertex -31.2344 -33.6394 4
      vertex -31.0208 -33.6077 4
    endloop
  endfacet
  facet normal -0.1468 0.989166 0
    outer loop
      vertex -31.2344 -33.6394 4
      vertex -31.0208 -33.6077 0
      vertex -31.2344 -33.6394 0
    endloop
  endfacet
  facet normal 0.941459 -0.337128 0
    outer loop
      vertex -33.5553 -30.8114 4
      vertex -33.4825 -30.6081 0
      vertex -33.4825 -30.6081 4
    endloop
  endfacet
  facet normal 0.941459 -0.337128 0
    outer loop
      vertex -33.4825 -30.6081 0
      vertex -33.5553 -30.8114 4
      vertex -33.5553 -30.8114 0
    endloop
  endfacet
  facet normal 0.970088 -0.242754 0
    outer loop
      vertex -33.6077 -31.0208 4
      vertex -33.5553 -30.8114 0
      vertex -33.5553 -30.8114 4
    endloop
  endfacet
  facet normal 0.970088 -0.242754 0
    outer loop
      vertex -33.5553 -30.8114 0
      vertex -33.6077 -31.0208 4
      vertex -33.6077 -31.0208 0
    endloop
  endfacet
  facet normal -0.242754 -0.970088 0
    outer loop
      vertex -31.0208 -29.2923 0
      vertex -30.8114 -29.3447 4
      vertex -31.0208 -29.2923 4
    endloop
  endfacet
  facet normal -0.242754 -0.970088 -0
    outer loop
      vertex -30.8114 -29.3447 4
      vertex -31.0208 -29.2923 0
      vertex -30.8114 -29.3447 0
    endloop
  endfacet
  facet normal -0.595693 0.803212 0
    outer loop
      vertex -30.0543 -33.1506 0
      vertex -30.2277 -33.2792 4
      vertex -30.0543 -33.1506 4
    endloop
  endfacet
  facet normal -0.595693 0.803212 0
    outer loop
      vertex -30.2277 -33.2792 4
      vertex -30.0543 -33.1506 0
      vertex -30.2277 -33.2792 0
    endloop
  endfacet
  facet normal 0.998794 0.0491058 0
    outer loop
      vertex -33.6394 -31.6656 4
      vertex -33.65 -31.45 0
      vertex -33.65 -31.45 4
    endloop
  endfacet
  facet normal 0.998794 0.0491058 0
    outer loop
      vertex -33.65 -31.45 0
      vertex -33.6394 -31.6656 4
      vertex -33.6394 -31.6656 0
    endloop
  endfacet
  facet normal 0.1468 0.989166 -0
    outer loop
      vertex -31.6656 -33.6394 0
      vertex -31.8792 -33.6077 4
      vertex -31.6656 -33.6394 4
    endloop
  endfacet
  facet normal 0.1468 0.989166 0
    outer loop
      vertex -31.8792 -33.6077 4
      vertex -31.6656 -33.6394 0
      vertex -31.8792 -33.6077 0
    endloop
  endfacet
  facet normal -0.90403 0.427469 0
    outer loop
      vertex -29.5098 -32.4871 0
      vertex -29.4175 -32.2919 4
      vertex -29.4175 -32.2919 0
    endloop
  endfacet
  facet normal -0.90403 0.427469 0
    outer loop
      vertex -29.4175 -32.2919 4
      vertex -29.5098 -32.4871 0
      vertex -29.5098 -32.4871 4
    endloop
  endfacet
  facet normal 0.90403 -0.427469 0
    outer loop
      vertex -33.4825 -30.6081 4
      vertex -33.3902 -30.4129 0
      vertex -33.3902 -30.4129 4
    endloop
  endfacet
  facet normal 0.90403 -0.427469 0
    outer loop
      vertex -33.3902 -30.4129 0
      vertex -33.4825 -30.6081 4
      vertex -33.4825 -30.6081 0
    endloop
  endfacet
  facet normal 0.998794 -0.0491058 0
    outer loop
      vertex -33.65 -31.45 4
      vertex -33.6394 -31.2344 0
      vertex -33.6394 -31.2344 4
    endloop
  endfacet
  facet normal 0.998794 -0.0491058 0
    outer loop
      vertex -33.6394 -31.2344 0
      vertex -33.65 -31.45 4
      vertex -33.65 -31.45 0
    endloop
  endfacet
  facet normal 0.857738 0.514087 0
    outer loop
      vertex -33.2792 -32.6723 4
      vertex -33.3902 -32.4871 0
      vertex -33.3902 -32.4871 4
    endloop
  endfacet
  facet normal 0.857738 0.514087 0
    outer loop
      vertex -33.3902 -32.4871 0
      vertex -33.2792 -32.6723 4
      vertex -33.2792 -32.6723 0
    endloop
  endfacet
  facet normal 0.595693 0.803212 -0
    outer loop
      vertex -32.6723 -33.2792 0
      vertex -32.8457 -33.1506 4
      vertex -32.6723 -33.2792 4
    endloop
  endfacet
  facet normal 0.595693 0.803212 0
    outer loop
      vertex -32.8457 -33.1506 4
      vertex -32.6723 -33.2792 0
      vertex -32.8457 -33.1506 0
    endloop
  endfacet
  facet normal -0.1468 -0.989166 0
    outer loop
      vertex -31.2344 -29.2606 0
      vertex -31.0208 -29.2923 4
      vertex -31.2344 -29.2606 4
    endloop
  endfacet
  facet normal -0.1468 -0.989166 -0
    outer loop
      vertex -31.0208 -29.2923 4
      vertex -31.2344 -29.2606 0
      vertex -31.0208 -29.2923 0
    endloop
  endfacet
  facet normal 0.337128 0.941459 -0
    outer loop
      vertex -32.0886 -33.5553 0
      vertex -32.2919 -33.4825 4
      vertex -32.0886 -33.5553 4
    endloop
  endfacet
  facet normal 0.337128 0.941459 0
    outer loop
      vertex -32.2919 -33.4825 4
      vertex -32.0886 -33.5553 0
      vertex -32.2919 -33.4825 0
    endloop
  endfacet
  facet normal -0.989166 -0.1468 0
    outer loop
      vertex -29.2606 31.6656 0
      vertex -29.2923 31.8792 4
      vertex -29.2923 31.8792 0
    endloop
  endfacet
  facet normal -0.989166 -0.1468 0
    outer loop
      vertex -29.2923 31.8792 4
      vertex -29.2606 31.6656 0
      vertex -29.2606 31.6656 4
    endloop
  endfacet
  facet normal -0.998794 -0.0491058 0
    outer loop
      vertex -29.25 31.45 0
      vertex -29.2606 31.6656 4
      vertex -29.2606 31.6656 0
    endloop
  endfacet
  facet normal -0.998794 -0.0491058 0
    outer loop
      vertex -29.2606 31.6656 4
      vertex -29.25 31.45 0
      vertex -29.25 31.45 4
    endloop
  endfacet
  facet normal -0.970088 -0.242754 0
    outer loop
      vertex -29.2923 31.8792 0
      vertex -29.3447 32.0886 4
      vertex -29.3447 32.0886 0
    endloop
  endfacet
  facet normal -0.970088 -0.242754 0
    outer loop
      vertex -29.3447 32.0886 4
      vertex -29.2923 31.8792 0
      vertex -29.2923 31.8792 4
    endloop
  endfacet
  facet normal 0.242754 -0.970088 0
    outer loop
      vertex -32.0886 33.5553 0
      vertex -31.8792 33.6077 4
      vertex -32.0886 33.5553 4
    endloop
  endfacet
  facet normal 0.242754 -0.970088 0
    outer loop
      vertex -31.8792 33.6077 4
      vertex -32.0886 33.5553 0
      vertex -31.8792 33.6077 0
    endloop
  endfacet
  facet normal 0.90403 0.427469 0
    outer loop
      vertex -33.3902 30.4129 4
      vertex -33.4825 30.6081 0
      vertex -33.4825 30.6081 4
    endloop
  endfacet
  facet normal 0.90403 0.427469 0
    outer loop
      vertex -33.4825 30.6081 0
      vertex -33.3902 30.4129 4
      vertex -33.3902 30.4129 0
    endloop
  endfacet
  facet normal -0.514087 -0.857738 0
    outer loop
      vertex -30.4129 33.3902 0
      vertex -30.2277 33.2792 4
      vertex -30.4129 33.3902 4
    endloop
  endfacet
  facet normal -0.514087 -0.857738 -0
    outer loop
      vertex -30.2277 33.2792 4
      vertex -30.4129 33.3902 0
      vertex -30.2277 33.2792 0
    endloop
  endfacet
  facet normal -0.514087 0.857738 0
    outer loop
      vertex -30.2277 29.6208 0
      vertex -30.4129 29.5098 4
      vertex -30.2277 29.6208 4
    endloop
  endfacet
  facet normal -0.514087 0.857738 0
    outer loop
      vertex -30.4129 29.5098 4
      vertex -30.2277 29.6208 0
      vertex -30.4129 29.5098 0
    endloop
  endfacet
  facet normal -0.337128 0.941459 0
    outer loop
      vertex -30.6081 29.4175 0
      vertex -30.8114 29.3447 4
      vertex -30.6081 29.4175 4
    endloop
  endfacet
  facet normal -0.337128 0.941459 0
    outer loop
      vertex -30.8114 29.3447 4
      vertex -30.6081 29.4175 0
      vertex -30.8114 29.3447 0
    endloop
  endfacet
  facet normal 0.970088 -0.242754 0
    outer loop
      vertex -33.6077 31.8792 4
      vertex -33.5553 32.0886 0
      vertex -33.5553 32.0886 4
    endloop
  endfacet
  facet normal 0.970088 -0.242754 0
    outer loop
      vertex -33.5553 32.0886 0
      vertex -33.6077 31.8792 4
      vertex -33.6077 31.8792 0
    endloop
  endfacet
  facet normal 0.67175 -0.740778 0
    outer loop
      vertex -33.0056 33.0056 0
      vertex -32.8457 33.1506 4
      vertex -33.0056 33.0056 4
    endloop
  endfacet
  facet normal 0.67175 -0.740778 0
    outer loop
      vertex -32.8457 33.1506 4
      vertex -33.0056 33.0056 0
      vertex -32.8457 33.1506 0
    endloop
  endfacet
  facet normal 0.514087 -0.857738 0
    outer loop
      vertex -32.6723 33.2792 0
      vertex -32.4871 33.3902 4
      vertex -32.6723 33.2792 4
    endloop
  endfacet
  facet normal 0.514087 -0.857738 0
    outer loop
      vertex -32.4871 33.3902 4
      vertex -32.6723 33.2792 0
      vertex -32.4871 33.3902 0
    endloop
  endfacet
  facet normal -0.1468 0.989166 0
    outer loop
      vertex -31.0208 29.2923 0
      vertex -31.2344 29.2606 4
      vertex -31.0208 29.2923 4
    endloop
  endfacet
  facet normal -0.1468 0.989166 0
    outer loop
      vertex -31.2344 29.2606 4
      vertex -31.0208 29.2923 0
      vertex -31.2344 29.2606 0
    endloop
  endfacet
  facet normal 0.803212 -0.595693 0
    outer loop
      vertex -33.2792 32.6723 4
      vertex -33.1506 32.8457 0
      vertex -33.1506 32.8457 4
    endloop
  endfacet
  facet normal 0.803212 -0.595693 0
    outer loop
      vertex -33.1506 32.8457 0
      vertex -33.2792 32.6723 4
      vertex -33.2792 32.6723 0
    endloop
  endfacet
  facet normal -0.90403 -0.427469 0
    outer loop
      vertex -29.4175 32.2919 0
      vertex -29.5098 32.4871 4
      vertex -29.5098 32.4871 0
    endloop
  endfacet
  facet normal -0.90403 -0.427469 0
    outer loop
      vertex -29.5098 32.4871 4
      vertex -29.4175 32.2919 0
      vertex -29.4175 32.2919 4
    endloop
  endfacet
  facet normal 0.941459 -0.337128 0
    outer loop
      vertex -33.5553 32.0886 4
      vertex -33.4825 32.2919 0
      vertex -33.4825 32.2919 4
    endloop
  endfacet
  facet normal 0.941459 -0.337128 0
    outer loop
      vertex -33.4825 32.2919 0
      vertex -33.5553 32.0886 4
      vertex -33.5553 32.0886 0
    endloop
  endfacet
  facet normal 0.337128 0.941459 -0
    outer loop
      vertex -32.0886 29.3447 0
      vertex -32.2919 29.4175 4
      vertex -32.0886 29.3447 4
    endloop
  endfacet
  facet normal 0.337128 0.941459 0
    outer loop
      vertex -32.2919 29.4175 4
      vertex -32.0886 29.3447 0
      vertex -32.2919 29.4175 0
    endloop
  endfacet
  facet normal -0.595693 -0.803212 0
    outer loop
      vertex -30.2277 33.2792 0
      vertex -30.0543 33.1506 4
      vertex -30.2277 33.2792 4
    endloop
  endfacet
  facet normal -0.595693 -0.803212 -0
    outer loop
      vertex -30.0543 33.1506 4
      vertex -30.2277 33.2792 0
      vertex -30.0543 33.1506 0
    endloop
  endfacet
  facet normal 0.90403 -0.427469 0
    outer loop
      vertex -33.4825 32.2919 4
      vertex -33.3902 32.4871 0
      vertex -33.3902 32.4871 4
    endloop
  endfacet
  facet normal 0.90403 -0.427469 0
    outer loop
      vertex -33.3902 32.4871 0
      vertex -33.4825 32.2919 4
      vertex -33.4825 32.2919 0
    endloop
  endfacet
  facet normal -0.803212 0.595693 0
    outer loop
      vertex -29.7494 30.0543 0
      vertex -29.6208 30.2277 4
      vertex -29.6208 30.2277 0
    endloop
  endfacet
  facet normal -0.803212 0.595693 0
    outer loop
      vertex -29.6208 30.2277 4
      vertex -29.7494 30.0543 0
      vertex -29.7494 30.0543 4
    endloop
  endfacet
  facet normal -0.1468 -0.989166 0
    outer loop
      vertex -31.2344 33.6394 0
      vertex -31.0208 33.6077 4
      vertex -31.2344 33.6394 4
    endloop
  endfacet
  facet normal -0.1468 -0.989166 -0
    outer loop
      vertex -31.0208 33.6077 4
      vertex -31.2344 33.6394 0
      vertex -31.0208 33.6077 0
    endloop
  endfacet
  facet normal 0.989166 -0.1468 0
    outer loop
      vertex -33.6394 31.6656 4
      vertex -33.6077 31.8792 0
      vertex -33.6077 31.8792 4
    endloop
  endfacet
  facet normal 0.989166 -0.1468 0
    outer loop
      vertex -33.6077 31.8792 0
      vertex -33.6394 31.6656 4
      vertex -33.6394 31.6656 0
    endloop
  endfacet
  facet normal -0.803212 -0.595693 0
    outer loop
      vertex -29.6208 32.6723 0
      vertex -29.7494 32.8457 4
      vertex -29.7494 32.8457 0
    endloop
  endfacet
  facet normal -0.803212 -0.595693 0
    outer loop
      vertex -29.7494 32.8457 4
      vertex -29.6208 32.6723 0
      vertex -29.6208 32.6723 4
    endloop
  endfacet
  facet normal -0.0491058 -0.998794 0
    outer loop
      vertex -31.45 33.65 0
      vertex -31.2344 33.6394 4
      vertex -31.45 33.65 4
    endloop
  endfacet
  facet normal -0.0491058 -0.998794 -0
    outer loop
      vertex -31.2344 33.6394 4
      vertex -31.45 33.65 0
      vertex -31.2344 33.6394 0
    endloop
  endfacet
  facet normal 0.857738 0.514087 0
    outer loop
      vertex -33.2792 30.2277 4
      vertex -33.3902 30.4129 0
      vertex -33.3902 30.4129 4
    endloop
  endfacet
  facet normal 0.857738 0.514087 0
    outer loop
      vertex -33.3902 30.4129 0
      vertex -33.2792 30.2277 4
      vertex -33.2792 30.2277 0
    endloop
  endfacet
  facet normal 0.941459 0.337128 0
    outer loop
      vertex -33.4825 30.6081 4
      vertex -33.5553 30.8114 0
      vertex -33.5553 30.8114 4
    endloop
  endfacet
  facet normal 0.941459 0.337128 0
    outer loop
      vertex -33.5553 30.8114 0
      vertex -33.4825 30.6081 4
      vertex -33.4825 30.6081 0
    endloop
  endfacet
  facet normal 0.427469 -0.90403 0
    outer loop
      vertex -32.4871 33.3902 0
      vertex -32.2919 33.4825 4
      vertex -32.4871 33.3902 4
    endloop
  endfacet
  facet normal 0.427469 -0.90403 0
    outer loop
      vertex -32.2919 33.4825 4
      vertex -32.4871 33.3902 0
      vertex -32.2919 33.4825 0
    endloop
  endfacet
  facet normal -0.90403 0.427469 0
    outer loop
      vertex -29.5098 30.4129 0
      vertex -29.4175 30.6081 4
      vertex -29.4175 30.6081 0
    endloop
  endfacet
  facet normal -0.90403 0.427469 0
    outer loop
      vertex -29.4175 30.6081 4
      vertex -29.5098 30.4129 0
      vertex -29.5098 30.4129 4
    endloop
  endfacet
  facet normal 0.595693 0.803212 -0
    outer loop
      vertex -32.6723 29.6208 0
      vertex -32.8457 29.7494 4
      vertex -32.6723 29.6208 4
    endloop
  endfacet
  facet normal 0.595693 0.803212 0
    outer loop
      vertex -32.8457 29.7494 4
      vertex -32.6723 29.6208 0
      vertex -32.8457 29.7494 0
    endloop
  endfacet
  facet normal 0.857738 -0.514087 0
    outer loop
      vertex -33.3902 32.4871 4
      vertex -33.2792 32.6723 0
      vertex -33.2792 32.6723 4
    endloop
  endfacet
  facet normal 0.857738 -0.514087 0
    outer loop
      vertex -33.2792 32.6723 0
      vertex -33.3902 32.4871 4
      vertex -33.3902 32.4871 0
    endloop
  endfacet
  facet normal -0.998794 0.0491058 0
    outer loop
      vertex -29.2606 31.2344 0
      vertex -29.25 31.45 4
      vertex -29.25 31.45 0
    endloop
  endfacet
  facet normal -0.998794 0.0491058 0
    outer loop
      vertex -29.25 31.45 4
      vertex -29.2606 31.2344 0
      vertex -29.2606 31.2344 4
    endloop
  endfacet
  facet normal -0.941459 0.337128 0
    outer loop
      vertex -29.4175 30.6081 0
      vertex -29.3447 30.8114 4
      vertex -29.3447 30.8114 0
    endloop
  endfacet
  facet normal -0.941459 0.337128 0
    outer loop
      vertex -29.3447 30.8114 4
      vertex -29.4175 30.6081 0
      vertex -29.4175 30.6081 4
    endloop
  endfacet
  facet normal -0.242754 0.970088 0
    outer loop
      vertex -30.8114 29.3447 0
      vertex -31.0208 29.2923 4
      vertex -30.8114 29.3447 4
    endloop
  endfacet
  facet normal -0.242754 0.970088 0
    outer loop
      vertex -31.0208 29.2923 4
      vertex -30.8114 29.3447 0
      vertex -31.0208 29.2923 0
    endloop
  endfacet
  facet normal -0.857738 -0.514087 0
    outer loop
      vertex -29.5098 32.4871 0
      vertex -29.6208 32.6723 4
      vertex -29.6208 32.6723 0
    endloop
  endfacet
  facet normal -0.857738 -0.514087 0
    outer loop
      vertex -29.6208 32.6723 4
      vertex -29.5098 32.4871 0
      vertex -29.5098 32.4871 4
    endloop
  endfacet
  facet normal -0.941459 -0.337128 0
    outer loop
      vertex -29.3447 32.0886 0
      vertex -29.4175 32.2919 4
      vertex -29.4175 32.2919 0
    endloop
  endfacet
  facet normal -0.941459 -0.337128 0
    outer loop
      vertex -29.4175 32.2919 4
      vertex -29.3447 32.0886 0
      vertex -29.3447 32.0886 4
    endloop
  endfacet
  facet normal 0.998794 0.0491058 0
    outer loop
      vertex -33.6394 31.2344 4
      vertex -33.65 31.45 0
      vertex -33.65 31.45 4
    endloop
  endfacet
  facet normal 0.998794 0.0491058 0
    outer loop
      vertex -33.65 31.45 0
      vertex -33.6394 31.2344 4
      vertex -33.6394 31.2344 0
    endloop
  endfacet
  facet normal -0.989166 0.1468 0
    outer loop
      vertex -29.2923 31.0208 0
      vertex -29.2606 31.2344 4
      vertex -29.2606 31.2344 0
    endloop
  endfacet
  facet normal -0.989166 0.1468 0
    outer loop
      vertex -29.2606 31.2344 4
      vertex -29.2923 31.0208 0
      vertex -29.2923 31.0208 4
    endloop
  endfacet
  facet normal 0.67175 0.740778 -0
    outer loop
      vertex -32.8457 29.7494 0
      vertex -33.0056 29.8944 4
      vertex -32.8457 29.7494 4
    endloop
  endfacet
  facet normal 0.67175 0.740778 0
    outer loop
      vertex -33.0056 29.8944 4
      vertex -32.8457 29.7494 0
      vertex -33.0056 29.8944 0
    endloop
  endfacet
  facet normal -0.970088 0.242754 0
    outer loop
      vertex -29.3447 30.8114 0
      vertex -29.2923 31.0208 4
      vertex -29.2923 31.0208 0
    endloop
  endfacet
  facet normal -0.970088 0.242754 0
    outer loop
      vertex -29.2923 31.0208 4
      vertex -29.3447 30.8114 0
      vertex -29.3447 30.8114 4
    endloop
  endfacet
  facet normal -0.67175 -0.740778 0
    outer loop
      vertex -30.0543 33.1506 0
      vertex -29.8944 33.0056 4
      vertex -30.0543 33.1506 4
    endloop
  endfacet
  facet normal -0.67175 -0.740778 -0
    outer loop
      vertex -29.8944 33.0056 4
      vertex -30.0543 33.1506 0
      vertex -29.8944 33.0056 0
    endloop
  endfacet
  facet normal -0.337128 -0.941459 0
    outer loop
      vertex -30.8114 33.5553 0
      vertex -30.6081 33.4825 4
      vertex -30.8114 33.5553 4
    endloop
  endfacet
  facet normal -0.337128 -0.941459 -0
    outer loop
      vertex -30.6081 33.4825 4
      vertex -30.8114 33.5553 0
      vertex -30.6081 33.4825 0
    endloop
  endfacet
  facet normal 0.337128 -0.941459 0
    outer loop
      vertex -32.2919 33.4825 0
      vertex -32.0886 33.5553 4
      vertex -32.2919 33.4825 4
    endloop
  endfacet
  facet normal 0.337128 -0.941459 0
    outer loop
      vertex -32.0886 33.5553 4
      vertex -32.2919 33.4825 0
      vertex -32.0886 33.5553 0
    endloop
  endfacet
  facet normal 0.514087 0.857738 -0
    outer loop
      vertex -32.4871 29.5098 0
      vertex -32.6723 29.6208 4
      vertex -32.4871 29.5098 4
    endloop
  endfacet
  facet normal 0.514087 0.857738 0
    outer loop
      vertex -32.6723 29.6208 4
      vertex -32.4871 29.5098 0
      vertex -32.6723 29.6208 0
    endloop
  endfacet
  facet normal -0.857738 0.514087 0
    outer loop
      vertex -29.6208 30.2277 0
      vertex -29.5098 30.4129 4
      vertex -29.5098 30.4129 0
    endloop
  endfacet
  facet normal -0.857738 0.514087 0
    outer loop
      vertex -29.5098 30.4129 4
      vertex -29.6208 30.2277 0
      vertex -29.6208 30.2277 4
    endloop
  endfacet
  facet normal -0.427469 -0.90403 0
    outer loop
      vertex -30.6081 33.4825 0
      vertex -30.4129 33.3902 4
      vertex -30.6081 33.4825 4
    endloop
  endfacet
  facet normal -0.427469 -0.90403 -0
    outer loop
      vertex -30.4129 33.3902 4
      vertex -30.6081 33.4825 0
      vertex -30.4129 33.3902 0
    endloop
  endfacet
  facet normal 0.1468 0.989166 -0
    outer loop
      vertex -31.6656 29.2606 0
      vertex -31.8792 29.2923 4
      vertex -31.6656 29.2606 4
    endloop
  endfacet
  facet normal 0.1468 0.989166 0
    outer loop
      vertex -31.8792 29.2923 4
      vertex -31.6656 29.2606 0
      vertex -31.8792 29.2923 0
    endloop
  endfacet
  facet normal 0.595693 -0.803212 0
    outer loop
      vertex -32.8457 33.1506 0
      vertex -32.6723 33.2792 4
      vertex -32.8457 33.1506 4
    endloop
  endfacet
  facet normal 0.595693 -0.803212 0
    outer loop
      vertex -32.6723 33.2792 4
      vertex -32.8457 33.1506 0
      vertex -32.6723 33.2792 0
    endloop
  endfacet
  facet normal 0.0491058 0.998794 -0
    outer loop
      vertex -31.45 29.25 0
      vertex -31.6656 29.2606 4
      vertex -31.45 29.25 4
    endloop
  endfacet
  facet normal 0.0491058 0.998794 0
    outer loop
      vertex -31.6656 29.2606 4
      vertex -31.45 29.25 0
      vertex -31.6656 29.2606 0
    endloop
  endfacet
  facet normal 0.740778 -0.67175 0
    outer loop
      vertex -33.1506 32.8457 4
      vertex -33.0056 33.0056 0
      vertex -33.0056 33.0056 4
    endloop
  endfacet
  facet normal 0.740778 -0.67175 0
    outer loop
      vertex -33.0056 33.0056 0
      vertex -33.1506 32.8457 4
      vertex -33.1506 32.8457 0
    endloop
  endfacet
  facet normal -0.0491058 0.998794 0
    outer loop
      vertex -31.2344 29.2606 0
      vertex -31.45 29.25 4
      vertex -31.2344 29.2606 4
    endloop
  endfacet
  facet normal -0.0491058 0.998794 0
    outer loop
      vertex -31.45 29.25 4
      vertex -31.2344 29.2606 0
      vertex -31.45 29.25 0
    endloop
  endfacet
  facet normal 0.1468 -0.989166 0
    outer loop
      vertex -31.8792 33.6077 0
      vertex -31.6656 33.6394 4
      vertex -31.8792 33.6077 4
    endloop
  endfacet
  facet normal 0.1468 -0.989166 0
    outer loop
      vertex -31.6656 33.6394 4
      vertex -31.8792 33.6077 0
      vertex -31.6656 33.6394 0
    endloop
  endfacet
  facet normal 0.242754 0.970088 -0
    outer loop
      vertex -31.8792 29.2923 0
      vertex -32.0886 29.3447 4
      vertex -31.8792 29.2923 4
    endloop
  endfacet
  facet normal 0.242754 0.970088 0
    outer loop
      vertex -32.0886 29.3447 4
      vertex -31.8792 29.2923 0
      vertex -32.0886 29.3447 0
    endloop
  endfacet
  facet normal -0.67175 0.740778 0
    outer loop
      vertex -29.8944 29.8944 0
      vertex -30.0543 29.7494 4
      vertex -29.8944 29.8944 4
    endloop
  endfacet
  facet normal -0.67175 0.740778 0
    outer loop
      vertex -30.0543 29.7494 4
      vertex -29.8944 29.8944 0
      vertex -30.0543 29.7494 0
    endloop
  endfacet
  facet normal -0.242754 -0.970088 0
    outer loop
      vertex -31.0208 33.6077 0
      vertex -30.8114 33.5553 4
      vertex -31.0208 33.6077 4
    endloop
  endfacet
  facet normal -0.242754 -0.970088 -0
    outer loop
      vertex -30.8114 33.5553 4
      vertex -31.0208 33.6077 0
      vertex -30.8114 33.5553 0
    endloop
  endfacet
  facet normal 0.970088 0.242754 0
    outer loop
      vertex -33.5553 30.8114 4
      vertex -33.6077 31.0208 0
      vertex -33.6077 31.0208 4
    endloop
  endfacet
  facet normal 0.970088 0.242754 0
    outer loop
      vertex -33.6077 31.0208 0
      vertex -33.5553 30.8114 4
      vertex -33.5553 30.8114 0
    endloop
  endfacet
  facet normal 0.427469 0.90403 -0
    outer loop
      vertex -32.2919 29.4175 0
      vertex -32.4871 29.5098 4
      vertex -32.2919 29.4175 4
    endloop
  endfacet
  facet normal 0.427469 0.90403 0
    outer loop
      vertex -32.4871 29.5098 4
      vertex -32.2919 29.4175 0
      vertex -32.4871 29.5098 0
    endloop
  endfacet
  facet normal 0.740778 0.67175 0
    outer loop
      vertex -33.0056 29.8944 4
      vertex -33.1506 30.0543 0
      vertex -33.1506 30.0543 4
    endloop
  endfacet
  facet normal 0.740778 0.67175 0
    outer loop
      vertex -33.1506 30.0543 0
      vertex -33.0056 29.8944 4
      vertex -33.0056 29.8944 0
    endloop
  endfacet
  facet normal -0.427469 0.90403 0
    outer loop
      vertex -30.4129 29.5098 0
      vertex -30.6081 29.4175 4
      vertex -30.4129 29.5098 4
    endloop
  endfacet
  facet normal -0.427469 0.90403 0
    outer loop
      vertex -30.6081 29.4175 4
      vertex -30.4129 29.5098 0
      vertex -30.6081 29.4175 0
    endloop
  endfacet
  facet normal 0.0491058 -0.998794 0
    outer loop
      vertex -31.6656 33.6394 0
      vertex -31.45 33.65 4
      vertex -31.6656 33.6394 4
    endloop
  endfacet
  facet normal 0.0491058 -0.998794 0
    outer loop
      vertex -31.45 33.65 4
      vertex -31.6656 33.6394 0
      vertex -31.45 33.65 0
    endloop
  endfacet
  facet normal 0.989166 0.1468 0
    outer loop
      vertex -33.6077 31.0208 4
      vertex -33.6394 31.2344 0
      vertex -33.6394 31.2344 4
    endloop
  endfacet
  facet normal 0.989166 0.1468 0
    outer loop
      vertex -33.6394 31.2344 0
      vertex -33.6077 31.0208 4
      vertex -33.6077 31.0208 0
    endloop
  endfacet
  facet normal -0.740778 -0.67175 0
    outer loop
      vertex -29.7494 32.8457 0
      vertex -29.8944 33.0056 4
      vertex -29.8944 33.0056 0
    endloop
  endfacet
  facet normal -0.740778 -0.67175 0
    outer loop
      vertex -29.8944 33.0056 4
      vertex -29.7494 32.8457 0
      vertex -29.7494 32.8457 4
    endloop
  endfacet
  facet normal -0.595693 0.803212 0
    outer loop
      vertex -30.0543 29.7494 0
      vertex -30.2277 29.6208 4
      vertex -30.0543 29.7494 4
    endloop
  endfacet
  facet normal -0.595693 0.803212 0
    outer loop
      vertex -30.2277 29.6208 4
      vertex -30.0543 29.7494 0
      vertex -30.2277 29.6208 0
    endloop
  endfacet
  facet normal 0.803212 0.595693 0
    outer loop
      vertex -33.1506 30.0543 4
      vertex -33.2792 30.2277 0
      vertex -33.2792 30.2277 4
    endloop
  endfacet
  facet normal 0.803212 0.595693 0
    outer loop
      vertex -33.2792 30.2277 0
      vertex -33.1506 30.0543 4
      vertex -33.1506 30.0543 0
    endloop
  endfacet
  facet normal 0.998794 -0.0491058 0
    outer loop
      vertex -33.65 31.45 4
      vertex -33.6394 31.6656 0
      vertex -33.6394 31.6656 4
    endloop
  endfacet
  facet normal 0.998794 -0.0491058 0
    outer loop
      vertex -33.6394 31.6656 0
      vertex -33.65 31.45 4
      vertex -33.65 31.45 0
    endloop
  endfacet
  facet normal -0.740778 0.67175 0
    outer loop
      vertex -29.8944 29.8944 0
      vertex -29.7494 30.0543 4
      vertex -29.7494 30.0543 0
    endloop
  endfacet
  facet normal -0.740778 0.67175 0
    outer loop
      vertex -29.7494 30.0543 4
      vertex -29.8944 29.8944 0
      vertex -29.8944 29.8944 4
    endloop
  endfacet
  facet normal -0.989166 -0.1468 0
    outer loop
      vertex 33.6394 -31.2344 0
      vertex 33.6077 -31.0208 4
      vertex 33.6077 -31.0208 0
    endloop
  endfacet
  facet normal -0.989166 -0.1468 0
    outer loop
      vertex 33.6077 -31.0208 4
      vertex 33.6394 -31.2344 0
      vertex 33.6394 -31.2344 4
    endloop
  endfacet
  facet normal -0.998794 -0.0491058 0
    outer loop
      vertex 33.65 -31.45 0
      vertex 33.6394 -31.2344 4
      vertex 33.6394 -31.2344 0
    endloop
  endfacet
  facet normal -0.998794 -0.0491058 0
    outer loop
      vertex 33.6394 -31.2344 4
      vertex 33.65 -31.45 0
      vertex 33.65 -31.45 4
    endloop
  endfacet
  facet normal -0.970088 -0.242754 0
    outer loop
      vertex 33.6077 -31.0208 0
      vertex 33.5553 -30.8114 4
      vertex 33.5553 -30.8114 0
    endloop
  endfacet
  facet normal -0.970088 -0.242754 0
    outer loop
      vertex 33.5553 -30.8114 4
      vertex 33.6077 -31.0208 0
      vertex 33.6077 -31.0208 4
    endloop
  endfacet
  facet normal -0.989166 0.1468 0
    outer loop
      vertex 33.6077 -31.8792 0
      vertex 33.6394 -31.6656 4
      vertex 33.6394 -31.6656 0
    endloop
  endfacet
  facet normal -0.989166 0.1468 0
    outer loop
      vertex 33.6394 -31.6656 4
      vertex 33.6077 -31.8792 0
      vertex 33.6077 -31.8792 4
    endloop
  endfacet
  facet normal -0.803212 -0.595693 0
    outer loop
      vertex 33.2792 -30.2277 0
      vertex 33.1506 -30.0543 4
      vertex 33.1506 -30.0543 0
    endloop
  endfacet
  facet normal -0.803212 -0.595693 0
    outer loop
      vertex 33.1506 -30.0543 4
      vertex 33.2792 -30.2277 0
      vertex 33.2792 -30.2277 4
    endloop
  endfacet
  facet normal -0.595693 -0.803212 0
    outer loop
      vertex 32.6723 -29.6208 0
      vertex 32.8457 -29.7494 4
      vertex 32.6723 -29.6208 4
    endloop
  endfacet
  facet normal -0.595693 -0.803212 -0
    outer loop
      vertex 32.8457 -29.7494 4
      vertex 32.6723 -29.6208 0
      vertex 32.8457 -29.7494 0
    endloop
  endfacet
  facet normal -0.998794 0.0491058 0
    outer loop
      vertex 33.6394 -31.6656 0
      vertex 33.65 -31.45 4
      vertex 33.65 -31.45 0
    endloop
  endfacet
  facet normal -0.998794 0.0491058 0
    outer loop
      vertex 33.65 -31.45 4
      vertex 33.6394 -31.6656 0
      vertex 33.6394 -31.6656 4
    endloop
  endfacet
  facet normal 0.970088 -0.242754 0
    outer loop
      vertex 29.2923 -31.0208 4
      vertex 29.3447 -30.8114 0
      vertex 29.3447 -30.8114 4
    endloop
  endfacet
  facet normal 0.970088 -0.242754 0
    outer loop
      vertex 29.3447 -30.8114 0
      vertex 29.2923 -31.0208 4
      vertex 29.2923 -31.0208 0
    endloop
  endfacet
  facet normal 0.1468 -0.989166 0
    outer loop
      vertex 31.0208 -29.2923 0
      vertex 31.2344 -29.2606 4
      vertex 31.0208 -29.2923 4
    endloop
  endfacet
  facet normal 0.1468 -0.989166 0
    outer loop
      vertex 31.2344 -29.2606 4
      vertex 31.0208 -29.2923 0
      vertex 31.2344 -29.2606 0
    endloop
  endfacet
  facet normal 0.0491058 -0.998794 0
    outer loop
      vertex 31.2344 -29.2606 0
      vertex 31.45 -29.25 4
      vertex 31.2344 -29.2606 4
    endloop
  endfacet
  facet normal 0.0491058 -0.998794 0
    outer loop
      vertex 31.45 -29.25 4
      vertex 31.2344 -29.2606 0
      vertex 31.45 -29.25 0
    endloop
  endfacet
  facet normal 0.242754 0.970088 -0
    outer loop
      vertex 31.0208 -33.6077 0
      vertex 30.8114 -33.5553 4
      vertex 31.0208 -33.6077 4
    endloop
  endfacet
  facet normal 0.242754 0.970088 0
    outer loop
      vertex 30.8114 -33.5553 4
      vertex 31.0208 -33.6077 0
      vertex 30.8114 -33.5553 0
    endloop
  endfacet
  facet normal 0.941459 0.337128 0
    outer loop
      vertex 29.4175 -32.2919 4
      vertex 29.3447 -32.0886 0
      vertex 29.3447 -32.0886 4
    endloop
  endfacet
  facet normal 0.941459 0.337128 0
    outer loop
      vertex 29.3447 -32.0886 0
      vertex 29.4175 -32.2919 4
      vertex 29.4175 -32.2919 0
    endloop
  endfacet
  facet normal -0.941459 -0.337128 0
    outer loop
      vertex 33.5553 -30.8114 0
      vertex 33.4825 -30.6081 4
      vertex 33.4825 -30.6081 0
    endloop
  endfacet
  facet normal -0.941459 -0.337128 0
    outer loop
      vertex 33.4825 -30.6081 4
      vertex 33.5553 -30.8114 0
      vertex 33.5553 -30.8114 4
    endloop
  endfacet
  facet normal 0.989166 -0.1468 0
    outer loop
      vertex 29.2606 -31.2344 4
      vertex 29.2923 -31.0208 0
      vertex 29.2923 -31.0208 4
    endloop
  endfacet
  facet normal 0.989166 -0.1468 0
    outer loop
      vertex 29.2923 -31.0208 0
      vertex 29.2606 -31.2344 4
      vertex 29.2606 -31.2344 0
    endloop
  endfacet
  facet normal 0.803212 0.595693 0
    outer loop
      vertex 29.7494 -32.8457 4
      vertex 29.6208 -32.6723 0
      vertex 29.6208 -32.6723 4
    endloop
  endfacet
  facet normal 0.803212 0.595693 0
    outer loop
      vertex 29.6208 -32.6723 0
      vertex 29.7494 -32.8457 4
      vertex 29.7494 -32.8457 0
    endloop
  endfacet
  facet normal 0.67175 -0.740778 0
    outer loop
      vertex 29.8944 -29.8944 0
      vertex 30.0543 -29.7494 4
      vertex 29.8944 -29.8944 4
    endloop
  endfacet
  facet normal 0.67175 -0.740778 0
    outer loop
      vertex 30.0543 -29.7494 4
      vertex 29.8944 -29.8944 0
      vertex 30.0543 -29.7494 0
    endloop
  endfacet
  facet normal 0.803212 -0.595693 0
    outer loop
      vertex 29.6208 -30.2277 4
      vertex 29.7494 -30.0543 0
      vertex 29.7494 -30.0543 4
    endloop
  endfacet
  facet normal 0.803212 -0.595693 0
    outer loop
      vertex 29.7494 -30.0543 0
      vertex 29.6208 -30.2277 4
      vertex 29.6208 -30.2277 0
    endloop
  endfacet
  facet normal -0.337128 0.941459 0
    outer loop
      vertex 32.2919 -33.4825 0
      vertex 32.0886 -33.5553 4
      vertex 32.2919 -33.4825 4
    endloop
  endfacet
  facet normal -0.337128 0.941459 0
    outer loop
      vertex 32.0886 -33.5553 4
      vertex 32.2919 -33.4825 0
      vertex 32.0886 -33.5553 0
    endloop
  endfacet
  facet normal -0.941459 0.337128 0
    outer loop
      vertex 33.4825 -32.2919 0
      vertex 33.5553 -32.0886 4
      vertex 33.5553 -32.0886 0
    endloop
  endfacet
  facet normal -0.941459 0.337128 0
    outer loop
      vertex 33.5553 -32.0886 4
      vertex 33.4825 -32.2919 0
      vertex 33.4825 -32.2919 4
    endloop
  endfacet
  facet normal 0.970088 0.242754 0
    outer loop
      vertex 29.3447 -32.0886 4
      vertex 29.2923 -31.8792 0
      vertex 29.2923 -31.8792 4
    endloop
  endfacet
  facet normal 0.970088 0.242754 0
    outer loop
      vertex 29.2923 -31.8792 0
      vertex 29.3447 -32.0886 4
      vertex 29.3447 -32.0886 0
    endloop
  endfacet
  facet normal -0.803212 0.595693 0
    outer loop
      vertex 33.1506 -32.8457 0
      vertex 33.2792 -32.6723 4
      vertex 33.2792 -32.6723 0
    endloop
  endfacet
  facet normal -0.803212 0.595693 0
    outer loop
      vertex 33.2792 -32.6723 4
      vertex 33.1506 -32.8457 0
      vertex 33.1506 -32.8457 4
    endloop
  endfacet
  facet normal 0.998794 0.0491058 0
    outer loop
      vertex 29.2606 -31.6656 4
      vertex 29.25 -31.45 0
      vertex 29.25 -31.45 4
    endloop
  endfacet
  facet normal 0.998794 0.0491058 0
    outer loop
      vertex 29.25 -31.45 0
      vertex 29.2606 -31.6656 4
      vertex 29.2606 -31.6656 0
    endloop
  endfacet
  facet normal -0.427469 -0.90403 0
    outer loop
      vertex 32.2919 -29.4175 0
      vertex 32.4871 -29.5098 4
      vertex 32.2919 -29.4175 4
    endloop
  endfacet
  facet normal -0.427469 -0.90403 -0
    outer loop
      vertex 32.4871 -29.5098 4
      vertex 32.2919 -29.4175 0
      vertex 32.4871 -29.5098 0
    endloop
  endfacet
  facet normal 0.857738 -0.514087 0
    outer loop
      vertex 29.5098 -30.4129 4
      vertex 29.6208 -30.2277 0
      vertex 29.6208 -30.2277 4
    endloop
  endfacet
  facet normal 0.857738 -0.514087 0
    outer loop
      vertex 29.6208 -30.2277 0
      vertex 29.5098 -30.4129 4
      vertex 29.5098 -30.4129 0
    endloop
  endfacet
  facet normal 0.90403 -0.427469 0
    outer loop
      vertex 29.4175 -30.6081 4
      vertex 29.5098 -30.4129 0
      vertex 29.5098 -30.4129 4
    endloop
  endfacet
  facet normal 0.90403 -0.427469 0
    outer loop
      vertex 29.5098 -30.4129 0
      vertex 29.4175 -30.6081 4
      vertex 29.4175 -30.6081 0
    endloop
  endfacet
  facet normal 0.857738 0.514087 0
    outer loop
      vertex 29.6208 -32.6723 4
      vertex 29.5098 -32.4871 0
      vertex 29.5098 -32.4871 4
    endloop
  endfacet
  facet normal 0.857738 0.514087 0
    outer loop
      vertex 29.5098 -32.4871 0
      vertex 29.6208 -32.6723 4
      vertex 29.6208 -32.6723 0
    endloop
  endfacet
  facet normal -0.337128 -0.941459 0
    outer loop
      vertex 32.0886 -29.3447 0
      vertex 32.2919 -29.4175 4
      vertex 32.0886 -29.3447 4
    endloop
  endfacet
  facet normal -0.337128 -0.941459 -0
    outer loop
      vertex 32.2919 -29.4175 4
      vertex 32.0886 -29.3447 0
      vertex 32.2919 -29.4175 0
    endloop
  endfacet
  facet normal -0.90403 -0.427469 0
    outer loop
      vertex 33.4825 -30.6081 0
      vertex 33.3902 -30.4129 4
      vertex 33.3902 -30.4129 0
    endloop
  endfacet
  facet normal -0.90403 -0.427469 0
    outer loop
      vertex 33.3902 -30.4129 4
      vertex 33.4825 -30.6081 0
      vertex 33.4825 -30.6081 4
    endloop
  endfacet
  facet normal 0.337128 -0.941459 0
    outer loop
      vertex 30.6081 -29.4175 0
      vertex 30.8114 -29.3447 4
      vertex 30.6081 -29.4175 4
    endloop
  endfacet
  facet normal 0.337128 -0.941459 0
    outer loop
      vertex 30.8114 -29.3447 4
      vertex 30.6081 -29.4175 0
      vertex 30.8114 -29.3447 0
    endloop
  endfacet
  facet normal -0.514087 -0.857738 0
    outer loop
      vertex 32.4871 -29.5098 0
      vertex 32.6723 -29.6208 4
      vertex 32.4871 -29.5098 4
    endloop
  endfacet
  facet normal -0.514087 -0.857738 -0
    outer loop
      vertex 32.6723 -29.6208 4
      vertex 32.4871 -29.5098 0
      vertex 32.6723 -29.6208 0
    endloop
  endfacet
  facet normal 0.740778 0.67175 0
    outer loop
      vertex 29.8944 -33.0056 4
      vertex 29.7494 -32.8457 0
      vertex 29.7494 -32.8457 4
    endloop
  endfacet
  facet normal 0.740778 0.67175 0
    outer loop
      vertex 29.7494 -32.8457 0
      vertex 29.8944 -33.0056 4
      vertex 29.8944 -33.0056 0
    endloop
  endfacet
  facet normal -0.740778 0.67175 0
    outer loop
      vertex 33.0056 -33.0056 0
      vertex 33.1506 -32.8457 4
      vertex 33.1506 -32.8457 0
    endloop
  endfacet
  facet normal -0.740778 0.67175 0
    outer loop
      vertex 33.1506 -32.8457 4
      vertex 33.0056 -33.0056 0
      vertex 33.0056 -33.0056 4
    endloop
  endfacet
  facet normal -0.1468 0.989166 0
    outer loop
      vertex 31.8792 -33.6077 0
      vertex 31.6656 -33.6394 4
      vertex 31.8792 -33.6077 4
    endloop
  endfacet
  facet normal -0.1468 0.989166 0
    outer loop
      vertex 31.6656 -33.6394 4
      vertex 31.8792 -33.6077 0
      vertex 31.6656 -33.6394 0
    endloop
  endfacet
  facet normal -0.242754 0.970088 0
    outer loop
      vertex 32.0886 -33.5553 0
      vertex 31.8792 -33.6077 4
      vertex 32.0886 -33.5553 4
    endloop
  endfacet
  facet normal -0.242754 0.970088 0
    outer loop
      vertex 31.8792 -33.6077 4
      vertex 32.0886 -33.5553 0
      vertex 31.8792 -33.6077 0
    endloop
  endfacet
  facet normal -0.514087 0.857738 0
    outer loop
      vertex 32.6723 -33.2792 0
      vertex 32.4871 -33.3902 4
      vertex 32.6723 -33.2792 4
    endloop
  endfacet
  facet normal -0.514087 0.857738 0
    outer loop
      vertex 32.4871 -33.3902 4
      vertex 32.6723 -33.2792 0
      vertex 32.4871 -33.3902 0
    endloop
  endfacet
  facet normal -0.427469 0.90403 0
    outer loop
      vertex 32.4871 -33.3902 0
      vertex 32.2919 -33.4825 4
      vertex 32.4871 -33.3902 4
    endloop
  endfacet
  facet normal -0.427469 0.90403 0
    outer loop
      vertex 32.2919 -33.4825 4
      vertex 32.4871 -33.3902 0
      vertex 32.2919 -33.4825 0
    endloop
  endfacet
  facet normal 0.90403 0.427469 0
    outer loop
      vertex 29.5098 -32.4871 4
      vertex 29.4175 -32.2919 0
      vertex 29.4175 -32.2919 4
    endloop
  endfacet
  facet normal 0.90403 0.427469 0
    outer loop
      vertex 29.4175 -32.2919 0
      vertex 29.5098 -32.4871 4
      vertex 29.5098 -32.4871 0
    endloop
  endfacet
  facet normal -0.67175 0.740778 0
    outer loop
      vertex 33.0056 -33.0056 0
      vertex 32.8457 -33.1506 4
      vertex 33.0056 -33.0056 4
    endloop
  endfacet
  facet normal -0.67175 0.740778 0
    outer loop
      vertex 32.8457 -33.1506 4
      vertex 33.0056 -33.0056 0
      vertex 32.8457 -33.1506 0
    endloop
  endfacet
  facet normal -0.0491058 -0.998794 0
    outer loop
      vertex 31.45 -29.25 0
      vertex 31.6656 -29.2606 4
      vertex 31.45 -29.25 4
    endloop
  endfacet
  facet normal -0.0491058 -0.998794 -0
    outer loop
      vertex 31.6656 -29.2606 4
      vertex 31.45 -29.25 0
      vertex 31.6656 -29.2606 0
    endloop
  endfacet
  facet normal -0.0491058 0.998794 0
    outer loop
      vertex 31.6656 -33.6394 0
      vertex 31.45 -33.65 4
      vertex 31.6656 -33.6394 4
    endloop
  endfacet
  facet normal -0.0491058 0.998794 0
    outer loop
      vertex 31.45 -33.65 4
      vertex 31.6656 -33.6394 0
      vertex 31.45 -33.65 0
    endloop
  endfacet
  facet normal 0.514087 -0.857738 0
    outer loop
      vertex 30.2277 -29.6208 0
      vertex 30.4129 -29.5098 4
      vertex 30.2277 -29.6208 4
    endloop
  endfacet
  facet normal 0.514087 -0.857738 0
    outer loop
      vertex 30.4129 -29.5098 4
      vertex 30.2277 -29.6208 0
      vertex 30.4129 -29.5098 0
    endloop
  endfacet
  facet normal 0.242754 -0.970088 0
    outer loop
      vertex 30.8114 -29.3447 0
      vertex 31.0208 -29.2923 4
      vertex 30.8114 -29.3447 4
    endloop
  endfacet
  facet normal 0.242754 -0.970088 0
    outer loop
      vertex 31.0208 -29.2923 4
      vertex 30.8114 -29.3447 0
      vertex 31.0208 -29.2923 0
    endloop
  endfacet
  facet normal -0.595693 0.803212 0
    outer loop
      vertex 32.8457 -33.1506 0
      vertex 32.6723 -33.2792 4
      vertex 32.8457 -33.1506 4
    endloop
  endfacet
  facet normal -0.595693 0.803212 0
    outer loop
      vertex 32.6723 -33.2792 4
      vertex 32.8457 -33.1506 0
      vertex 32.6723 -33.2792 0
    endloop
  endfacet
  facet normal -0.67175 -0.740778 0
    outer loop
      vertex 32.8457 -29.7494 0
      vertex 33.0056 -29.8944 4
      vertex 32.8457 -29.7494 4
    endloop
  endfacet
  facet normal -0.67175 -0.740778 -0
    outer loop
      vertex 33.0056 -29.8944 4
      vertex 32.8457 -29.7494 0
      vertex 33.0056 -29.8944 0
    endloop
  endfacet
  facet normal -0.970088 0.242754 0
    outer loop
      vertex 33.5553 -32.0886 0
      vertex 33.6077 -31.8792 4
      vertex 33.6077 -31.8792 0
    endloop
  endfacet
  facet normal -0.970088 0.242754 0
    outer loop
      vertex 33.6077 -31.8792 4
      vertex 33.5553 -32.0886 0
      vertex 33.5553 -32.0886 4
    endloop
  endfacet
  facet normal -0.857738 -0.514087 0
    outer loop
      vertex 33.3902 -30.4129 0
      vertex 33.2792 -30.2277 4
      vertex 33.2792 -30.2277 0
    endloop
  endfacet
  facet normal -0.857738 -0.514087 0
    outer loop
      vertex 33.2792 -30.2277 4
      vertex 33.3902 -30.4129 0
      vertex 33.3902 -30.4129 4
    endloop
  endfacet
  facet normal 0.67175 0.740778 -0
    outer loop
      vertex 30.0543 -33.1506 0
      vertex 29.8944 -33.0056 4
      vertex 30.0543 -33.1506 4
    endloop
  endfacet
  facet normal 0.67175 0.740778 0
    outer loop
      vertex 29.8944 -33.0056 4
      vertex 30.0543 -33.1506 0
      vertex 29.8944 -33.0056 0
    endloop
  endfacet
  facet normal 0.337128 0.941459 -0
    outer loop
      vertex 30.8114 -33.5553 0
      vertex 30.6081 -33.4825 4
      vertex 30.8114 -33.5553 4
    endloop
  endfacet
  facet normal 0.337128 0.941459 0
    outer loop
      vertex 30.6081 -33.4825 4
      vertex 30.8114 -33.5553 0
      vertex 30.6081 -33.4825 0
    endloop
  endfacet
  facet normal 0.989166 0.1468 0
    outer loop
      vertex 29.2923 -31.8792 4
      vertex 29.2606 -31.6656 0
      vertex 29.2606 -31.6656 4
    endloop
  endfacet
  facet normal 0.989166 0.1468 0
    outer loop
      vertex 29.2606 -31.6656 0
      vertex 29.2923 -31.8792 4
      vertex 29.2923 -31.8792 0
    endloop
  endfacet
  facet normal 0.427469 -0.90403 0
    outer loop
      vertex 30.4129 -29.5098 0
      vertex 30.6081 -29.4175 4
      vertex 30.4129 -29.5098 4
    endloop
  endfacet
  facet normal 0.427469 -0.90403 0
    outer loop
      vertex 30.6081 -29.4175 4
      vertex 30.4129 -29.5098 0
      vertex 30.6081 -29.4175 0
    endloop
  endfacet
  facet normal -0.1468 -0.989166 0
    outer loop
      vertex 31.6656 -29.2606 0
      vertex 31.8792 -29.2923 4
      vertex 31.6656 -29.2606 4
    endloop
  endfacet
  facet normal -0.1468 -0.989166 -0
    outer loop
      vertex 31.8792 -29.2923 4
      vertex 31.6656 -29.2606 0
      vertex 31.8792 -29.2923 0
    endloop
  endfacet
  facet normal 0.740778 -0.67175 0
    outer loop
      vertex 29.7494 -30.0543 4
      vertex 29.8944 -29.8944 0
      vertex 29.8944 -29.8944 4
    endloop
  endfacet
  facet normal 0.740778 -0.67175 0
    outer loop
      vertex 29.8944 -29.8944 0
      vertex 29.7494 -30.0543 4
      vertex 29.7494 -30.0543 0
    endloop
  endfacet
  facet normal 0.998794 -0.0491058 0
    outer loop
      vertex 29.25 -31.45 4
      vertex 29.2606 -31.2344 0
      vertex 29.2606 -31.2344 4
    endloop
  endfacet
  facet normal 0.998794 -0.0491058 0
    outer loop
      vertex 29.2606 -31.2344 0
      vertex 29.25 -31.45 4
      vertex 29.25 -31.45 0
    endloop
  endfacet
  facet normal -0.740778 -0.67175 0
    outer loop
      vertex 33.1506 -30.0543 0
      vertex 33.0056 -29.8944 4
      vertex 33.0056 -29.8944 0
    endloop
  endfacet
  facet normal -0.740778 -0.67175 0
    outer loop
      vertex 33.0056 -29.8944 4
      vertex 33.1506 -30.0543 0
      vertex 33.1506 -30.0543 4
    endloop
  endfacet
  facet normal -0.857738 0.514087 0
    outer loop
      vertex 33.2792 -32.6723 0
      vertex 33.3902 -32.4871 4
      vertex 33.3902 -32.4871 0
    endloop
  endfacet
  facet normal -0.857738 0.514087 0
    outer loop
      vertex 33.3902 -32.4871 4
      vertex 33.2792 -32.6723 0
      vertex 33.2792 -32.6723 4
    endloop
  endfacet
  facet normal 0.941459 -0.337128 0
    outer loop
      vertex 29.3447 -30.8114 4
      vertex 29.4175 -30.6081 0
      vertex 29.4175 -30.6081 4
    endloop
  endfacet
  facet normal 0.941459 -0.337128 0
    outer loop
      vertex 29.4175 -30.6081 0
      vertex 29.3447 -30.8114 4
      vertex 29.3447 -30.8114 0
    endloop
  endfacet
  facet normal -0.90403 0.427469 0
    outer loop
      vertex 33.3902 -32.4871 0
      vertex 33.4825 -32.2919 4
      vertex 33.4825 -32.2919 0
    endloop
  endfacet
  facet normal -0.90403 0.427469 0
    outer loop
      vertex 33.4825 -32.2919 4
      vertex 33.3902 -32.4871 0
      vertex 33.3902 -32.4871 4
    endloop
  endfacet
  facet normal 0.514087 0.857738 -0
    outer loop
      vertex 30.4129 -33.3902 0
      vertex 30.2277 -33.2792 4
      vertex 30.4129 -33.3902 4
    endloop
  endfacet
  facet normal 0.514087 0.857738 0
    outer loop
      vertex 30.2277 -33.2792 4
      vertex 30.4129 -33.3902 0
      vertex 30.2277 -33.2792 0
    endloop
  endfacet
  facet normal 0.0491058 0.998794 -0
    outer loop
      vertex 31.45 -33.65 0
      vertex 31.2344 -33.6394 4
      vertex 31.45 -33.65 4
    endloop
  endfacet
  facet normal 0.0491058 0.998794 0
    outer loop
      vertex 31.2344 -33.6394 4
      vertex 31.45 -33.65 0
      vertex 31.2344 -33.6394 0
    endloop
  endfacet
  facet normal 0.1468 0.989166 -0
    outer loop
      vertex 31.2344 -33.6394 0
      vertex 31.0208 -33.6077 4
      vertex 31.2344 -33.6394 4
    endloop
  endfacet
  facet normal 0.1468 0.989166 0
    outer loop
      vertex 31.0208 -33.6077 4
      vertex 31.2344 -33.6394 0
      vertex 31.0208 -33.6077 0
    endloop
  endfacet
  facet normal 0.595693 -0.803212 0
    outer loop
      vertex 30.0543 -29.7494 0
      vertex 30.2277 -29.6208 4
      vertex 30.0543 -29.7494 4
    endloop
  endfacet
  facet normal 0.595693 -0.803212 0
    outer loop
      vertex 30.2277 -29.6208 4
      vertex 30.0543 -29.7494 0
      vertex 30.2277 -29.6208 0
    endloop
  endfacet
  facet normal 0.595693 0.803212 -0
    outer loop
      vertex 30.2277 -33.2792 0
      vertex 30.0543 -33.1506 4
      vertex 30.2277 -33.2792 4
    endloop
  endfacet
  facet normal 0.595693 0.803212 0
    outer loop
      vertex 30.0543 -33.1506 4
      vertex 30.2277 -33.2792 0
      vertex 30.0543 -33.1506 0
    endloop
  endfacet
  facet normal 0.427469 0.90403 -0
    outer loop
      vertex 30.6081 -33.4825 0
      vertex 30.4129 -33.3902 4
      vertex 30.6081 -33.4825 4
    endloop
  endfacet
  facet normal 0.427469 0.90403 0
    outer loop
      vertex 30.4129 -33.3902 4
      vertex 30.6081 -33.4825 0
      vertex 30.4129 -33.3902 0
    endloop
  endfacet
  facet normal -0.242754 -0.970088 0
    outer loop
      vertex 31.8792 -29.2923 0
      vertex 32.0886 -29.3447 4
      vertex 31.8792 -29.2923 4
    endloop
  endfacet
  facet normal -0.242754 -0.970088 -0
    outer loop
      vertex 32.0886 -29.3447 4
      vertex 31.8792 -29.2923 0
      vertex 32.0886 -29.3447 0
    endloop
  endfacet
  facet normal 0.337128 0.941459 -0
    outer loop
      vertex 30.8114 29.3447 0
      vertex 30.6081 29.4175 4
      vertex 30.8114 29.3447 4
    endloop
  endfacet
  facet normal 0.337128 0.941459 0
    outer loop
      vertex 30.6081 29.4175 4
      vertex 30.8114 29.3447 0
      vertex 30.6081 29.4175 0
    endloop
  endfacet
  facet normal -0.989166 -0.1468 0
    outer loop
      vertex 33.6394 31.6656 0
      vertex 33.6077 31.8792 4
      vertex 33.6077 31.8792 0
    endloop
  endfacet
  facet normal -0.989166 -0.1468 0
    outer loop
      vertex 33.6077 31.8792 4
      vertex 33.6394 31.6656 0
      vertex 33.6394 31.6656 4
    endloop
  endfacet
  facet normal -0.998794 -0.0491058 0
    outer loop
      vertex 33.65 31.45 0
      vertex 33.6394 31.6656 4
      vertex 33.6394 31.6656 0
    endloop
  endfacet
  facet normal -0.998794 -0.0491058 0
    outer loop
      vertex 33.6394 31.6656 4
      vertex 33.65 31.45 0
      vertex 33.65 31.45 4
    endloop
  endfacet
  facet normal -0.970088 -0.242754 0
    outer loop
      vertex 33.6077 31.8792 0
      vertex 33.5553 32.0886 4
      vertex 33.5553 32.0886 0
    endloop
  endfacet
  facet normal -0.970088 -0.242754 0
    outer loop
      vertex 33.5553 32.0886 4
      vertex 33.6077 31.8792 0
      vertex 33.6077 31.8792 4
    endloop
  endfacet
  facet normal 0.989166 -0.1468 0
    outer loop
      vertex 29.2606 31.6656 4
      vertex 29.2923 31.8792 0
      vertex 29.2923 31.8792 4
    endloop
  endfacet
  facet normal 0.989166 -0.1468 0
    outer loop
      vertex 29.2923 31.8792 0
      vertex 29.2606 31.6656 4
      vertex 29.2606 31.6656 0
    endloop
  endfacet
  facet normal 0.242754 0.970088 -0
    outer loop
      vertex 31.0208 29.2923 0
      vertex 30.8114 29.3447 4
      vertex 31.0208 29.2923 4
    endloop
  endfacet
  facet normal 0.242754 0.970088 0
    outer loop
      vertex 30.8114 29.3447 4
      vertex 31.0208 29.2923 0
      vertex 30.8114 29.3447 0
    endloop
  endfacet
  facet normal -0.337128 -0.941459 0
    outer loop
      vertex 32.0886 33.5553 0
      vertex 32.2919 33.4825 4
      vertex 32.0886 33.5553 4
    endloop
  endfacet
  facet normal -0.337128 -0.941459 -0
    outer loop
      vertex 32.2919 33.4825 4
      vertex 32.0886 33.5553 0
      vertex 32.2919 33.4825 0
    endloop
  endfacet
  facet normal 0.514087 -0.857738 0
    outer loop
      vertex 30.2277 33.2792 0
      vertex 30.4129 33.3902 4
      vertex 30.2277 33.2792 4
    endloop
  endfacet
  facet normal 0.514087 -0.857738 0
    outer loop
      vertex 30.4129 33.3902 4
      vertex 30.2277 33.2792 0
      vertex 30.4129 33.3902 0
    endloop
  endfacet
  facet normal 0.90403 0.427469 0
    outer loop
      vertex 29.5098 30.4129 4
      vertex 29.4175 30.6081 0
      vertex 29.4175 30.6081 4
    endloop
  endfacet
  facet normal 0.90403 0.427469 0
    outer loop
      vertex 29.4175 30.6081 0
      vertex 29.5098 30.4129 4
      vertex 29.5098 30.4129 0
    endloop
  endfacet
  facet normal 0.242754 -0.970088 0
    outer loop
      vertex 30.8114 33.5553 0
      vertex 31.0208 33.6077 4
      vertex 30.8114 33.5553 4
    endloop
  endfacet
  facet normal 0.242754 -0.970088 0
    outer loop
      vertex 31.0208 33.6077 4
      vertex 30.8114 33.5553 0
      vertex 31.0208 33.6077 0
    endloop
  endfacet
  facet normal 0.857738 0.514087 0
    outer loop
      vertex 29.6208 30.2277 4
      vertex 29.5098 30.4129 0
      vertex 29.5098 30.4129 4
    endloop
  endfacet
  facet normal 0.857738 0.514087 0
    outer loop
      vertex 29.5098 30.4129 0
      vertex 29.6208 30.2277 4
      vertex 29.6208 30.2277 0
    endloop
  endfacet
  facet normal -0.242754 0.970088 0
    outer loop
      vertex 32.0886 29.3447 0
      vertex 31.8792 29.2923 4
      vertex 32.0886 29.3447 4
    endloop
  endfacet
  facet normal -0.242754 0.970088 0
    outer loop
      vertex 31.8792 29.2923 4
      vertex 32.0886 29.3447 0
      vertex 31.8792 29.2923 0
    endloop
  endfacet
  facet normal 0.595693 0.803212 -0
    outer loop
      vertex 30.2277 29.6208 0
      vertex 30.0543 29.7494 4
      vertex 30.2277 29.6208 4
    endloop
  endfacet
  facet normal 0.595693 0.803212 0
    outer loop
      vertex 30.0543 29.7494 4
      vertex 30.2277 29.6208 0
      vertex 30.0543 29.7494 0
    endloop
  endfacet
  facet normal -0.514087 0.857738 0
    outer loop
      vertex 32.6723 29.6208 0
      vertex 32.4871 29.5098 4
      vertex 32.6723 29.6208 4
    endloop
  endfacet
  facet normal -0.514087 0.857738 0
    outer loop
      vertex 32.4871 29.5098 4
      vertex 32.6723 29.6208 0
      vertex 32.4871 29.5098 0
    endloop
  endfacet
  facet normal -0.803212 0.595693 0
    outer loop
      vertex 33.1506 30.0543 0
      vertex 33.2792 30.2277 4
      vertex 33.2792 30.2277 0
    endloop
  endfacet
  facet normal -0.803212 0.595693 0
    outer loop
      vertex 33.2792 30.2277 4
      vertex 33.1506 30.0543 0
      vertex 33.1506 30.0543 4
    endloop
  endfacet
  facet normal -0.1468 -0.989166 0
    outer loop
      vertex 31.6656 33.6394 0
      vertex 31.8792 33.6077 4
      vertex 31.6656 33.6394 4
    endloop
  endfacet
  facet normal -0.1468 -0.989166 -0
    outer loop
      vertex 31.8792 33.6077 4
      vertex 31.6656 33.6394 0
      vertex 31.8792 33.6077 0
    endloop
  endfacet
  facet normal 0.595693 -0.803212 0
    outer loop
      vertex 30.0543 33.1506 0
      vertex 30.2277 33.2792 4
      vertex 30.0543 33.1506 4
    endloop
  endfacet
  facet normal 0.595693 -0.803212 0
    outer loop
      vertex 30.2277 33.2792 4
      vertex 30.0543 33.1506 0
      vertex 30.2277 33.2792 0
    endloop
  endfacet
  facet normal 0.803212 -0.595693 0
    outer loop
      vertex 29.6208 32.6723 4
      vertex 29.7494 32.8457 0
      vertex 29.7494 32.8457 4
    endloop
  endfacet
  facet normal 0.803212 -0.595693 0
    outer loop
      vertex 29.7494 32.8457 0
      vertex 29.6208 32.6723 4
      vertex 29.6208 32.6723 0
    endloop
  endfacet
  facet normal -0.989166 0.1468 0
    outer loop
      vertex 33.6077 31.0208 0
      vertex 33.6394 31.2344 4
      vertex 33.6394 31.2344 0
    endloop
  endfacet
  facet normal -0.989166 0.1468 0
    outer loop
      vertex 33.6394 31.2344 4
      vertex 33.6077 31.0208 0
      vertex 33.6077 31.0208 4
    endloop
  endfacet
  facet normal 0.941459 -0.337128 0
    outer loop
      vertex 29.3447 32.0886 4
      vertex 29.4175 32.2919 0
      vertex 29.4175 32.2919 4
    endloop
  endfacet
  facet normal 0.941459 -0.337128 0
    outer loop
      vertex 29.4175 32.2919 0
      vertex 29.3447 32.0886 4
      vertex 29.3447 32.0886 0
    endloop
  endfacet
  facet normal -0.427469 -0.90403 0
    outer loop
      vertex 32.2919 33.4825 0
      vertex 32.4871 33.3902 4
      vertex 32.2919 33.4825 4
    endloop
  endfacet
  facet normal -0.427469 -0.90403 -0
    outer loop
      vertex 32.4871 33.3902 4
      vertex 32.2919 33.4825 0
      vertex 32.4871 33.3902 0
    endloop
  endfacet
  facet normal 0.941459 0.337128 0
    outer loop
      vertex 29.4175 30.6081 4
      vertex 29.3447 30.8114 0
      vertex 29.3447 30.8114 4
    endloop
  endfacet
  facet normal 0.941459 0.337128 0
    outer loop
      vertex 29.3447 30.8114 0
      vertex 29.4175 30.6081 4
      vertex 29.4175 30.6081 0
    endloop
  endfacet
  facet normal -0.970088 0.242754 0
    outer loop
      vertex 33.5553 30.8114 0
      vertex 33.6077 31.0208 4
      vertex 33.6077 31.0208 0
    endloop
  endfacet
  facet normal -0.970088 0.242754 0
    outer loop
      vertex 33.6077 31.0208 4
      vertex 33.5553 30.8114 0
      vertex 33.5553 30.8114 4
    endloop
  endfacet
  facet normal 0.0491058 -0.998794 0
    outer loop
      vertex 31.2344 33.6394 0
      vertex 31.45 33.65 4
      vertex 31.2344 33.6394 4
    endloop
  endfacet
  facet normal 0.0491058 -0.998794 0
    outer loop
      vertex 31.45 33.65 4
      vertex 31.2344 33.6394 0
      vertex 31.45 33.65 0
    endloop
  endfacet
  facet normal -0.67175 -0.740778 0
    outer loop
      vertex 32.8457 33.1506 0
      vertex 33.0056 33.0056 4
      vertex 32.8457 33.1506 4
    endloop
  endfacet
  facet normal -0.67175 -0.740778 -0
    outer loop
      vertex 33.0056 33.0056 4
      vertex 32.8457 33.1506 0
      vertex 33.0056 33.0056 0
    endloop
  endfacet
  facet normal 0.427469 -0.90403 0
    outer loop
      vertex 30.4129 33.3902 0
      vertex 30.6081 33.4825 4
      vertex 30.4129 33.3902 4
    endloop
  endfacet
  facet normal 0.427469 -0.90403 0
    outer loop
      vertex 30.6081 33.4825 4
      vertex 30.4129 33.3902 0
      vertex 30.6081 33.4825 0
    endloop
  endfacet
  facet normal 0.67175 -0.740778 0
    outer loop
      vertex 29.8944 33.0056 0
      vertex 30.0543 33.1506 4
      vertex 29.8944 33.0056 4
    endloop
  endfacet
  facet normal 0.67175 -0.740778 0
    outer loop
      vertex 30.0543 33.1506 4
      vertex 29.8944 33.0056 0
      vertex 30.0543 33.1506 0
    endloop
  endfacet
  facet normal -0.337128 0.941459 0
    outer loop
      vertex 32.2919 29.4175 0
      vertex 32.0886 29.3447 4
      vertex 32.2919 29.4175 4
    endloop
  endfacet
  facet normal -0.337128 0.941459 0
    outer loop
      vertex 32.0886 29.3447 4
      vertex 32.2919 29.4175 0
      vertex 32.0886 29.3447 0
    endloop
  endfacet
  facet normal 0.337128 -0.941459 0
    outer loop
      vertex 30.6081 33.4825 0
      vertex 30.8114 33.5553 4
      vertex 30.6081 33.4825 4
    endloop
  endfacet
  facet normal 0.337128 -0.941459 0
    outer loop
      vertex 30.8114 33.5553 4
      vertex 30.6081 33.4825 0
      vertex 30.8114 33.5553 0
    endloop
  endfacet
  facet normal -0.803212 -0.595693 0
    outer loop
      vertex 33.2792 32.6723 0
      vertex 33.1506 32.8457 4
      vertex 33.1506 32.8457 0
    endloop
  endfacet
  facet normal -0.803212 -0.595693 0
    outer loop
      vertex 33.1506 32.8457 4
      vertex 33.2792 32.6723 0
      vertex 33.2792 32.6723 4
    endloop
  endfacet
  facet normal 0.857738 -0.514087 0
    outer loop
      vertex 29.5098 32.4871 4
      vertex 29.6208 32.6723 0
      vertex 29.6208 32.6723 4
    endloop
  endfacet
  facet normal 0.857738 -0.514087 0
    outer loop
      vertex 29.6208 32.6723 0
      vertex 29.5098 32.4871 4
      vertex 29.5098 32.4871 0
    endloop
  endfacet
  facet normal -0.998794 0.0491058 0
    outer loop
      vertex 33.6394 31.2344 0
      vertex 33.65 31.45 4
      vertex 33.65 31.45 0
    endloop
  endfacet
  facet normal -0.998794 0.0491058 0
    outer loop
      vertex 33.65 31.45 4
      vertex 33.6394 31.2344 0
      vertex 33.6394 31.2344 4
    endloop
  endfacet
  facet normal -0.90403 0.427469 0
    outer loop
      vertex 33.3902 30.4129 0
      vertex 33.4825 30.6081 4
      vertex 33.4825 30.6081 0
    endloop
  endfacet
  facet normal -0.90403 0.427469 0
    outer loop
      vertex 33.4825 30.6081 4
      vertex 33.3902 30.4129 0
      vertex 33.3902 30.4129 4
    endloop
  endfacet
  facet normal -0.857738 -0.514087 0
    outer loop
      vertex 33.3902 32.4871 0
      vertex 33.2792 32.6723 4
      vertex 33.2792 32.6723 0
    endloop
  endfacet
  facet normal -0.857738 -0.514087 0
    outer loop
      vertex 33.2792 32.6723 4
      vertex 33.3902 32.4871 0
      vertex 33.3902 32.4871 4
    endloop
  endfacet
  facet normal 0.67175 0.740778 -0
    outer loop
      vertex 30.0543 29.7494 0
      vertex 29.8944 29.8944 4
      vertex 30.0543 29.7494 4
    endloop
  endfacet
  facet normal 0.67175 0.740778 0
    outer loop
      vertex 29.8944 29.8944 4
      vertex 30.0543 29.7494 0
      vertex 29.8944 29.8944 0
    endloop
  endfacet
  facet normal -0.595693 -0.803212 0
    outer loop
      vertex 32.6723 33.2792 0
      vertex 32.8457 33.1506 4
      vertex 32.6723 33.2792 4
    endloop
  endfacet
  facet normal -0.595693 -0.803212 -0
    outer loop
      vertex 32.8457 33.1506 4
      vertex 32.6723 33.2792 0
      vertex 32.8457 33.1506 0
    endloop
  endfacet
  facet normal 0.514087 0.857738 -0
    outer loop
      vertex 30.4129 29.5098 0
      vertex 30.2277 29.6208 4
      vertex 30.4129 29.5098 4
    endloop
  endfacet
  facet normal 0.514087 0.857738 0
    outer loop
      vertex 30.2277 29.6208 4
      vertex 30.4129 29.5098 0
      vertex 30.2277 29.6208 0
    endloop
  endfacet
  facet normal -0.514087 -0.857738 0
    outer loop
      vertex 32.4871 33.3902 0
      vertex 32.6723 33.2792 4
      vertex 32.4871 33.3902 4
    endloop
  endfacet
  facet normal -0.514087 -0.857738 -0
    outer loop
      vertex 32.6723 33.2792 4
      vertex 32.4871 33.3902 0
      vertex 32.6723 33.2792 0
    endloop
  endfacet
  facet normal -0.1468 0.989166 0
    outer loop
      vertex 31.8792 29.2923 0
      vertex 31.6656 29.2606 4
      vertex 31.8792 29.2923 4
    endloop
  endfacet
  facet normal -0.1468 0.989166 0
    outer loop
      vertex 31.6656 29.2606 4
      vertex 31.8792 29.2923 0
      vertex 31.6656 29.2606 0
    endloop
  endfacet
  facet normal -0.941459 -0.337128 0
    outer loop
      vertex 33.5553 32.0886 0
      vertex 33.4825 32.2919 4
      vertex 33.4825 32.2919 0
    endloop
  endfacet
  facet normal -0.941459 -0.337128 0
    outer loop
      vertex 33.4825 32.2919 4
      vertex 33.5553 32.0886 0
      vertex 33.5553 32.0886 4
    endloop
  endfacet
  facet normal -0.857738 0.514087 0
    outer loop
      vertex 33.2792 30.2277 0
      vertex 33.3902 30.4129 4
      vertex 33.3902 30.4129 0
    endloop
  endfacet
  facet normal -0.857738 0.514087 0
    outer loop
      vertex 33.3902 30.4129 4
      vertex 33.2792 30.2277 0
      vertex 33.2792 30.2277 4
    endloop
  endfacet
  facet normal 0.998794 0.0491058 0
    outer loop
      vertex 29.2606 31.2344 4
      vertex 29.25 31.45 0
      vertex 29.25 31.45 4
    endloop
  endfacet
  facet normal 0.998794 0.0491058 0
    outer loop
      vertex 29.25 31.45 0
      vertex 29.2606 31.2344 4
      vertex 29.2606 31.2344 0
    endloop
  endfacet
  facet normal -0.941459 0.337128 0
    outer loop
      vertex 33.4825 30.6081 0
      vertex 33.5553 30.8114 4
      vertex 33.5553 30.8114 0
    endloop
  endfacet
  facet normal -0.941459 0.337128 0
    outer loop
      vertex 33.5553 30.8114 4
      vertex 33.4825 30.6081 0
      vertex 33.4825 30.6081 4
    endloop
  endfacet
  facet normal -0.740778 -0.67175 0
    outer loop
      vertex 33.1506 32.8457 0
      vertex 33.0056 33.0056 4
      vertex 33.0056 33.0056 0
    endloop
  endfacet
  facet normal -0.740778 -0.67175 0
    outer loop
      vertex 33.0056 33.0056 4
      vertex 33.1506 32.8457 0
      vertex 33.1506 32.8457 4
    endloop
  endfacet
  facet normal -0.0491058 -0.998794 0
    outer loop
      vertex 31.45 33.65 0
      vertex 31.6656 33.6394 4
      vertex 31.45 33.65 4
    endloop
  endfacet
  facet normal -0.0491058 -0.998794 -0
    outer loop
      vertex 31.6656 33.6394 4
      vertex 31.45 33.65 0
      vertex 31.6656 33.6394 0
    endloop
  endfacet
  facet normal -0.90403 -0.427469 0
    outer loop
      vertex 33.4825 32.2919 0
      vertex 33.3902 32.4871 4
      vertex 33.3902 32.4871 0
    endloop
  endfacet
  facet normal -0.90403 -0.427469 0
    outer loop
      vertex 33.3902 32.4871 4
      vertex 33.4825 32.2919 0
      vertex 33.4825 32.2919 4
    endloop
  endfacet
  facet normal 0.1468 0.989166 -0
    outer loop
      vertex 31.2344 29.2606 0
      vertex 31.0208 29.2923 4
      vertex 31.2344 29.2606 4
    endloop
  endfacet
  facet normal 0.1468 0.989166 0
    outer loop
      vertex 31.0208 29.2923 4
      vertex 31.2344 29.2606 0
      vertex 31.0208 29.2923 0
    endloop
  endfacet
  facet normal -0.67175 0.740778 0
    outer loop
      vertex 33.0056 29.8944 0
      vertex 32.8457 29.7494 4
      vertex 33.0056 29.8944 4
    endloop
  endfacet
  facet normal -0.67175 0.740778 0
    outer loop
      vertex 32.8457 29.7494 4
      vertex 33.0056 29.8944 0
      vertex 32.8457 29.7494 0
    endloop
  endfacet
  facet normal 0.0491058 0.998794 -0
    outer loop
      vertex 31.45 29.25 0
      vertex 31.2344 29.2606 4
      vertex 31.45 29.25 4
    endloop
  endfacet
  facet normal 0.0491058 0.998794 0
    outer loop
      vertex 31.2344 29.2606 4
      vertex 31.45 29.25 0
      vertex 31.2344 29.2606 0
    endloop
  endfacet
  facet normal 0.740778 -0.67175 0
    outer loop
      vertex 29.7494 32.8457 4
      vertex 29.8944 33.0056 0
      vertex 29.8944 33.0056 4
    endloop
  endfacet
  facet normal 0.740778 -0.67175 0
    outer loop
      vertex 29.8944 33.0056 0
      vertex 29.7494 32.8457 4
      vertex 29.7494 32.8457 0
    endloop
  endfacet
  facet normal 0.1468 -0.989166 0
    outer loop
      vertex 31.0208 33.6077 0
      vertex 31.2344 33.6394 4
      vertex 31.0208 33.6077 4
    endloop
  endfacet
  facet normal 0.1468 -0.989166 0
    outer loop
      vertex 31.2344 33.6394 4
      vertex 31.0208 33.6077 0
      vertex 31.2344 33.6394 0
    endloop
  endfacet
  facet normal 0.90403 -0.427469 0
    outer loop
      vertex 29.4175 32.2919 4
      vertex 29.5098 32.4871 0
      vertex 29.5098 32.4871 4
    endloop
  endfacet
  facet normal 0.90403 -0.427469 0
    outer loop
      vertex 29.5098 32.4871 0
      vertex 29.4175 32.2919 4
      vertex 29.4175 32.2919 0
    endloop
  endfacet
  facet normal 0.970088 -0.242754 0
    outer loop
      vertex 29.2923 31.8792 4
      vertex 29.3447 32.0886 0
      vertex 29.3447 32.0886 4
    endloop
  endfacet
  facet normal 0.970088 -0.242754 0
    outer loop
      vertex 29.3447 32.0886 0
      vertex 29.2923 31.8792 4
      vertex 29.2923 31.8792 0
    endloop
  endfacet
  facet normal -0.242754 -0.970088 0
    outer loop
      vertex 31.8792 33.6077 0
      vertex 32.0886 33.5553 4
      vertex 31.8792 33.6077 4
    endloop
  endfacet
  facet normal -0.242754 -0.970088 -0
    outer loop
      vertex 32.0886 33.5553 4
      vertex 31.8792 33.6077 0
      vertex 32.0886 33.5553 0
    endloop
  endfacet
  facet normal 0.970088 0.242754 0
    outer loop
      vertex 29.3447 30.8114 4
      vertex 29.2923 31.0208 0
      vertex 29.2923 31.0208 4
    endloop
  endfacet
  facet normal 0.970088 0.242754 0
    outer loop
      vertex 29.2923 31.0208 0
      vertex 29.3447 30.8114 4
      vertex 29.3447 30.8114 0
    endloop
  endfacet
  facet normal 0.427469 0.90403 -0
    outer loop
      vertex 30.6081 29.4175 0
      vertex 30.4129 29.5098 4
      vertex 30.6081 29.4175 4
    endloop
  endfacet
  facet normal 0.427469 0.90403 0
    outer loop
      vertex 30.4129 29.5098 4
      vertex 30.6081 29.4175 0
      vertex 30.4129 29.5098 0
    endloop
  endfacet
  facet normal 0.740778 0.67175 0
    outer loop
      vertex 29.8944 29.8944 4
      vertex 29.7494 30.0543 0
      vertex 29.7494 30.0543 4
    endloop
  endfacet
  facet normal 0.740778 0.67175 0
    outer loop
      vertex 29.7494 30.0543 0
      vertex 29.8944 29.8944 4
      vertex 29.8944 29.8944 0
    endloop
  endfacet
  facet normal -0.427469 0.90403 0
    outer loop
      vertex 32.4871 29.5098 0
      vertex 32.2919 29.4175 4
      vertex 32.4871 29.5098 4
    endloop
  endfacet
  facet normal -0.427469 0.90403 0
    outer loop
      vertex 32.2919 29.4175 4
      vertex 32.4871 29.5098 0
      vertex 32.2919 29.4175 0
    endloop
  endfacet
  facet normal -0.0491058 0.998794 0
    outer loop
      vertex 31.6656 29.2606 0
      vertex 31.45 29.25 4
      vertex 31.6656 29.2606 4
    endloop
  endfacet
  facet normal -0.0491058 0.998794 0
    outer loop
      vertex 31.45 29.25 4
      vertex 31.6656 29.2606 0
      vertex 31.45 29.25 0
    endloop
  endfacet
  facet normal 0.989166 0.1468 0
    outer loop
      vertex 29.2923 31.0208 4
      vertex 29.2606 31.2344 0
      vertex 29.2606 31.2344 4
    endloop
  endfacet
  facet normal 0.989166 0.1468 0
    outer loop
      vertex 29.2606 31.2344 0
      vertex 29.2923 31.0208 4
      vertex 29.2923 31.0208 0
    endloop
  endfacet
  facet normal -0.595693 0.803212 0
    outer loop
      vertex 32.8457 29.7494 0
      vertex 32.6723 29.6208 4
      vertex 32.8457 29.7494 4
    endloop
  endfacet
  facet normal -0.595693 0.803212 0
    outer loop
      vertex 32.6723 29.6208 4
      vertex 32.8457 29.7494 0
      vertex 32.6723 29.6208 0
    endloop
  endfacet
  facet normal 0.803212 0.595693 0
    outer loop
      vertex 29.7494 30.0543 4
      vertex 29.6208 30.2277 0
      vertex 29.6208 30.2277 4
    endloop
  endfacet
  facet normal 0.803212 0.595693 0
    outer loop
      vertex 29.6208 30.2277 0
      vertex 29.7494 30.0543 4
      vertex 29.7494 30.0543 0
    endloop
  endfacet
  facet normal 0.998794 -0.0491058 0
    outer loop
      vertex 29.25 31.45 4
      vertex 29.2606 31.6656 0
      vertex 29.2606 31.6656 4
    endloop
  endfacet
  facet normal 0.998794 -0.0491058 0
    outer loop
      vertex 29.2606 31.6656 0
      vertex 29.25 31.45 4
      vertex 29.25 31.45 0
    endloop
  endfacet
  facet normal -0.740778 0.67175 0
    outer loop
      vertex 33.0056 29.8944 0
      vertex 33.1506 30.0543 4
      vertex 33.1506 30.0543 0
    endloop
  endfacet
  facet normal -0.740778 0.67175 0
    outer loop
      vertex 33.1506 30.0543 4
      vertex 33.0056 29.8944 0
      vertex 33.0056 29.8944 4
    endloop
  endfacet
  facet normal -0.740968 -0.67154 0
    outer loop
      vertex 20.7167 17.0017 0
      vertex 18.9505 18.9505 4
      vertex 18.9505 18.9505 0
    endloop
  endfacet
  facet normal -0.740968 -0.67154 0
    outer loop
      vertex 18.9505 18.9505 4
      vertex 20.7167 17.0017 0
      vertex 20.7167 17.0017 4
    endloop
  endfacet
  facet normal -0.989177 -0.146729 0
    outer loop
      vertex 26.6709 2.62686 0
      vertex 26.285 5.22842 4
      vertex 26.285 5.22842 0
    endloop
  endfacet
  facet normal -0.989177 -0.146729 0
    outer loop
      vertex 26.285 5.22842 4
      vertex 26.6709 2.62686 0
      vertex 26.6709 2.62686 4
    endloop
  endfacet
  facet normal -0.998795 -0.0490869 0
    outer loop
      vertex 26.8 0 0
      vertex 26.6709 2.62686 4
      vertex 26.6709 2.62686 0
    endloop
  endfacet
  facet normal -0.998795 -0.0490869 0
    outer loop
      vertex 26.6709 2.62686 4
      vertex 26.8 0 0
      vertex 26.8 0 4
    endloop
  endfacet
  facet normal -0.970035 -0.242964 0
    outer loop
      vertex 26.285 5.22842 0
      vertex 25.646 7.77963 4
      vertex 25.646 7.77963 0
    endloop
  endfacet
  facet normal -0.970035 -0.242964 0
    outer loop
      vertex 25.646 7.77963 4
      vertex 26.285 5.22842 0
      vertex 26.285 5.22842 4
    endloop
  endfacet
  facet normal -0.336882 0.941547 0
    outer loop
      vertex 10.2559 -24.76 0
      vertex 7.77963 -25.646 4
      vertex 10.2559 -24.76 4
    endloop
  endfacet
  facet normal -0.336882 0.941547 0
    outer loop
      vertex 7.77963 -25.646 4
      vertex 10.2559 -24.76 0
      vertex 7.77963 -25.646 0
    endloop
  endfacet
  facet normal -0.857734 -0.514093 0
    outer loop
      vertex 23.6355 12.6334 0
      vertex 22.2834 14.8893 4
      vertex 22.2834 14.8893 0
    endloop
  endfacet
  facet normal -0.857734 -0.514093 0
    outer loop
      vertex 22.2834 14.8893 4
      vertex 23.6355 12.6334 0
      vertex 23.6355 12.6334 4
    endloop
  endfacet
  facet normal -0.941547 -0.336882 0
    outer loop
      vertex 25.646 7.77963 0
      vertex 24.76 10.2559 4
      vertex 24.76 10.2559 0
    endloop
  endfacet
  facet normal -0.941547 -0.336882 0
    outer loop
      vertex 24.76 10.2559 4
      vertex 25.646 7.77963 0
      vertex 25.646 7.77963 4
    endloop
  endfacet
  facet normal -0.242964 -0.970035 0
    outer loop
      vertex 5.22842 26.285 0
      vertex 7.77963 25.646 4
      vertex 5.22842 26.285 4
    endloop
  endfacet
  facet normal -0.242964 -0.970035 -0
    outer loop
      vertex 7.77963 25.646 4
      vertex 5.22842 26.285 0
      vertex 7.77963 25.646 0
    endloop
  endfacet
  facet normal 0.740968 -0.67154 0
    outer loop
      vertex -20.7167 17.0017 4
      vertex -18.9505 18.9505 0
      vertex -18.9505 18.9505 4
    endloop
  endfacet
  facet normal 0.740968 -0.67154 0
    outer loop
      vertex -18.9505 18.9505 0
      vertex -20.7167 17.0017 4
      vertex -20.7167 17.0017 0
    endloop
  endfacet
  facet normal -0.0490869 0.998795 0
    outer loop
      vertex 2.62686 -26.6709 0
      vertex 0 -26.8 4
      vertex 2.62686 -26.6709 4
    endloop
  endfacet
  facet normal -0.0490869 0.998795 0
    outer loop
      vertex 0 -26.8 4
      vertex 2.62686 -26.6709 0
      vertex 0 -26.8 0
    endloop
  endfacet
  facet normal -0.427563 -0.903985 0
    outer loop
      vertex 10.2559 24.76 0
      vertex 12.6334 23.6355 4
      vertex 10.2559 24.76 4
    endloop
  endfacet
  facet normal -0.427563 -0.903985 -0
    outer loop
      vertex 12.6334 23.6355 4
      vertex 10.2559 24.76 0
      vertex 12.6334 23.6355 0
    endloop
  endfacet
  facet normal -0.67154 -0.740968 0
    outer loop
      vertex 17.0017 20.7167 0
      vertex 18.9505 18.9505 4
      vertex 17.0017 20.7167 4
    endloop
  endfacet
  facet normal -0.67154 -0.740968 -0
    outer loop
      vertex 18.9505 18.9505 4
      vertex 17.0017 20.7167 0
      vertex 18.9505 18.9505 0
    endloop
  endfacet
  facet normal 0.595708 0.803201 -0
    outer loop
      vertex -14.8893 -22.2834 0
      vertex -17.0017 -20.7167 4
      vertex -14.8893 -22.2834 4
    endloop
  endfacet
  facet normal 0.595708 0.803201 0
    outer loop
      vertex -17.0017 -20.7167 4
      vertex -14.8893 -22.2834 0
      vertex -17.0017 -20.7167 0
    endloop
  endfacet
  facet normal -0.242964 0.970035 0
    outer loop
      vertex 7.77963 -25.646 0
      vertex 5.22842 -26.285 4
      vertex 7.77963 -25.646 4
    endloop
  endfacet
  facet normal -0.242964 0.970035 0
    outer loop
      vertex 5.22842 -26.285 4
      vertex 7.77963 -25.646 0
      vertex 5.22842 -26.285 0
    endloop
  endfacet
  facet normal -0.989177 0.146729 0
    outer loop
      vertex 26.285 -5.22842 0
      vertex 26.6709 -2.62686 4
      vertex 26.6709 -2.62686 0
    endloop
  endfacet
  facet normal -0.989177 0.146729 0
    outer loop
      vertex 26.6709 -2.62686 4
      vertex 26.285 -5.22842 0
      vertex 26.285 -5.22842 4
    endloop
  endfacet
  facet normal 0.242964 0.970035 -0
    outer loop
      vertex -5.22842 -26.285 0
      vertex -7.77963 -25.646 4
      vertex -5.22842 -26.285 4
    endloop
  endfacet
  facet normal 0.242964 0.970035 0
    outer loop
      vertex -7.77963 -25.646 4
      vertex -5.22842 -26.285 0
      vertex -7.77963 -25.646 0
    endloop
  endfacet
  facet normal 0.595708 -0.803201 0
    outer loop
      vertex -17.0017 20.7167 0
      vertex -14.8893 22.2834 4
      vertex -17.0017 20.7167 4
    endloop
  endfacet
  facet normal 0.595708 -0.803201 0
    outer loop
      vertex -14.8893 22.2834 4
      vertex -17.0017 20.7167 0
      vertex -14.8893 22.2834 0
    endloop
  endfacet
  facet normal 0.998795 0.0490869 0
    outer loop
      vertex -26.6709 -2.62686 4
      vertex -26.8 0 0
      vertex -26.8 0 4
    endloop
  endfacet
  facet normal 0.998795 0.0490869 0
    outer loop
      vertex -26.8 0 0
      vertex -26.6709 -2.62686 4
      vertex -26.6709 -2.62686 0
    endloop
  endfacet
  facet normal 0.970035 0.242964 0
    outer loop
      vertex -25.646 -7.77963 4
      vertex -26.285 -5.22842 0
      vertex -26.285 -5.22842 4
    endloop
  endfacet
  facet normal 0.970035 0.242964 0
    outer loop
      vertex -26.285 -5.22842 0
      vertex -25.646 -7.77963 4
      vertex -25.646 -7.77963 0
    endloop
  endfacet
  facet normal -0.970035 0.242964 0
    outer loop
      vertex 25.646 -7.77963 0
      vertex 26.285 -5.22842 4
      vertex 26.285 -5.22842 0
    endloop
  endfacet
  facet normal -0.970035 0.242964 0
    outer loop
      vertex 26.285 -5.22842 4
      vertex 25.646 -7.77963 0
      vertex 25.646 -7.77963 4
    endloop
  endfacet
  facet normal 0.514093 -0.857734 0
    outer loop
      vertex -14.8893 22.2834 0
      vertex -12.6334 23.6355 4
      vertex -14.8893 22.2834 4
    endloop
  endfacet
  facet normal 0.514093 -0.857734 0
    outer loop
      vertex -12.6334 23.6355 4
      vertex -14.8893 22.2834 0
      vertex -12.6334 23.6355 0
    endloop
  endfacet
  facet normal -0.595708 -0.803201 0
    outer loop
      vertex 14.8893 22.2834 0
      vertex 17.0017 20.7167 4
      vertex 14.8893 22.2834 4
    endloop
  endfacet
  facet normal -0.595708 -0.803201 -0
    outer loop
      vertex 17.0017 20.7167 4
      vertex 14.8893 22.2834 0
      vertex 17.0017 20.7167 0
    endloop
  endfacet
  facet normal 0.903985 0.427563 0
    outer loop
      vertex -23.6355 -12.6334 4
      vertex -24.76 -10.2559 0
      vertex -24.76 -10.2559 4
    endloop
  endfacet
  facet normal 0.903985 0.427563 0
    outer loop
      vertex -24.76 -10.2559 0
      vertex -23.6355 -12.6334 4
      vertex -23.6355 -12.6334 0
    endloop
  endfacet
  facet normal -0.941547 0.336882 0
    outer loop
      vertex 24.76 -10.2559 0
      vertex 25.646 -7.77963 4
      vertex 25.646 -7.77963 0
    endloop
  endfacet
  facet normal -0.941547 0.336882 0
    outer loop
      vertex 25.646 -7.77963 4
      vertex 24.76 -10.2559 0
      vertex 24.76 -10.2559 4
    endloop
  endfacet
  facet normal -0.146729 -0.989177 0
    outer loop
      vertex 2.62686 26.6709 0
      vertex 5.22842 26.285 4
      vertex 2.62686 26.6709 4
    endloop
  endfacet
  facet normal -0.146729 -0.989177 -0
    outer loop
      vertex 5.22842 26.285 4
      vertex 2.62686 26.6709 0
      vertex 5.22842 26.285 0
    endloop
  endfacet
  facet normal 0.427563 -0.903985 0
    outer loop
      vertex -12.6334 23.6355 0
      vertex -10.2559 24.76 4
      vertex -12.6334 23.6355 4
    endloop
  endfacet
  facet normal 0.427563 -0.903985 0
    outer loop
      vertex -10.2559 24.76 4
      vertex -12.6334 23.6355 0
      vertex -10.2559 24.76 0
    endloop
  endfacet
  facet normal -0.514093 -0.857734 0
    outer loop
      vertex 12.6334 23.6355 0
      vertex 14.8893 22.2834 4
      vertex 12.6334 23.6355 4
    endloop
  endfacet
  facet normal -0.514093 -0.857734 -0
    outer loop
      vertex 14.8893 22.2834 4
      vertex 12.6334 23.6355 0
      vertex 14.8893 22.2834 0
    endloop
  endfacet
  facet normal -0.427563 0.903985 0
    outer loop
      vertex 12.6334 -23.6355 0
      vertex 10.2559 -24.76 4
      vertex 12.6334 -23.6355 4
    endloop
  endfacet
  facet normal -0.427563 0.903985 0
    outer loop
      vertex 10.2559 -24.76 4
      vertex 12.6334 -23.6355 0
      vertex 10.2559 -24.76 0
    endloop
  endfacet
  facet normal 0.941547 0.336882 0
    outer loop
      vertex -24.76 -10.2559 4
      vertex -25.646 -7.77963 0
      vertex -25.646 -7.77963 4
    endloop
  endfacet
  facet normal 0.941547 0.336882 0
    outer loop
      vertex -25.646 -7.77963 0
      vertex -24.76 -10.2559 4
      vertex -24.76 -10.2559 0
    endloop
  endfacet
  facet normal -0.857734 0.514093 0
    outer loop
      vertex 22.2834 -14.8893 0
      vertex 23.6355 -12.6334 4
      vertex 23.6355 -12.6334 0
    endloop
  endfacet
  facet normal -0.857734 0.514093 0
    outer loop
      vertex 23.6355 -12.6334 4
      vertex 22.2834 -14.8893 0
      vertex 22.2834 -14.8893 4
    endloop
  endfacet
  facet normal -0.903985 0.427563 0
    outer loop
      vertex 23.6355 -12.6334 0
      vertex 24.76 -10.2559 4
      vertex 24.76 -10.2559 0
    endloop
  endfacet
  facet normal -0.903985 0.427563 0
    outer loop
      vertex 24.76 -10.2559 4
      vertex 23.6355 -12.6334 0
      vertex 23.6355 -12.6334 4
    endloop
  endfacet
  facet normal -0.998795 0.0490869 0
    outer loop
      vertex 26.6709 -2.62686 0
      vertex 26.8 0 4
      vertex 26.8 0 0
    endloop
  endfacet
  facet normal -0.998795 0.0490869 0
    outer loop
      vertex 26.8 0 4
      vertex 26.6709 -2.62686 0
      vertex 26.6709 -2.62686 4
    endloop
  endfacet
  facet normal 0.146729 -0.989177 0
    outer loop
      vertex -5.22842 26.285 0
      vertex -2.62686 26.6709 4
      vertex -5.22842 26.285 4
    endloop
  endfacet
  facet normal 0.146729 -0.989177 0
    outer loop
      vertex -2.62686 26.6709 4
      vertex -5.22842 26.285 0
      vertex -2.62686 26.6709 0
    endloop
  endfacet
  facet normal -0.146729 0.989177 0
    outer loop
      vertex 5.22842 -26.285 0
      vertex 2.62686 -26.6709 4
      vertex 5.22842 -26.285 4
    endloop
  endfacet
  facet normal -0.146729 0.989177 0
    outer loop
      vertex 2.62686 -26.6709 4
      vertex 5.22842 -26.285 0
      vertex 2.62686 -26.6709 0
    endloop
  endfacet
  facet normal -0.740968 0.67154 0
    outer loop
      vertex 18.9505 -18.9505 0
      vertex 20.7167 -17.0017 4
      vertex 20.7167 -17.0017 0
    endloop
  endfacet
  facet normal -0.740968 0.67154 0
    outer loop
      vertex 20.7167 -17.0017 4
      vertex 18.9505 -18.9505 0
      vertex 18.9505 -18.9505 4
    endloop
  endfacet
  facet normal -0.803201 0.595708 0
    outer loop
      vertex 20.7167 -17.0017 0
      vertex 22.2834 -14.8893 4
      vertex 22.2834 -14.8893 0
    endloop
  endfacet
  facet normal -0.803201 0.595708 0
    outer loop
      vertex 22.2834 -14.8893 4
      vertex 20.7167 -17.0017 0
      vertex 20.7167 -17.0017 4
    endloop
  endfacet
  facet normal 0.242964 -0.970035 0
    outer loop
      vertex -7.77963 25.646 0
      vertex -5.22842 26.285 4
      vertex -7.77963 25.646 4
    endloop
  endfacet
  facet normal 0.242964 -0.970035 0
    outer loop
      vertex -5.22842 26.285 4
      vertex -7.77963 25.646 0
      vertex -5.22842 26.285 0
    endloop
  endfacet
  facet normal -0.803201 -0.595708 0
    outer loop
      vertex 22.2834 14.8893 0
      vertex 20.7167 17.0017 4
      vertex 20.7167 17.0017 0
    endloop
  endfacet
  facet normal -0.803201 -0.595708 0
    outer loop
      vertex 20.7167 17.0017 4
      vertex 22.2834 14.8893 0
      vertex 22.2834 14.8893 4
    endloop
  endfacet
  facet normal -0.0490869 -0.998795 0
    outer loop
      vertex 0 26.8 0
      vertex 2.62686 26.6709 4
      vertex 0 26.8 4
    endloop
  endfacet
  facet normal -0.0490869 -0.998795 -0
    outer loop
      vertex 2.62686 26.6709 4
      vertex 0 26.8 0
      vertex 2.62686 26.6709 0
    endloop
  endfacet
  facet normal -0.903985 -0.427563 0
    outer loop
      vertex 24.76 10.2559 0
      vertex 23.6355 12.6334 4
      vertex 23.6355 12.6334 0
    endloop
  endfacet
  facet normal -0.903985 -0.427563 0
    outer loop
      vertex 23.6355 12.6334 4
      vertex 24.76 10.2559 0
      vertex 24.76 10.2559 4
    endloop
  endfacet
  facet normal 0.857734 -0.514093 0
    outer loop
      vertex -23.6355 12.6334 4
      vertex -22.2834 14.8893 0
      vertex -22.2834 14.8893 4
    endloop
  endfacet
  facet normal 0.857734 -0.514093 0
    outer loop
      vertex -22.2834 14.8893 0
      vertex -23.6355 12.6334 4
      vertex -23.6355 12.6334 0
    endloop
  endfacet
  facet normal 0.67154 -0.740968 0
    outer loop
      vertex -18.9505 18.9505 0
      vertex -17.0017 20.7167 4
      vertex -18.9505 18.9505 4
    endloop
  endfacet
  facet normal 0.67154 -0.740968 0
    outer loop
      vertex -17.0017 20.7167 4
      vertex -18.9505 18.9505 0
      vertex -17.0017 20.7167 0
    endloop
  endfacet
  facet normal 0.857734 0.514093 0
    outer loop
      vertex -22.2834 -14.8893 4
      vertex -23.6355 -12.6334 0
      vertex -23.6355 -12.6334 4
    endloop
  endfacet
  facet normal 0.857734 0.514093 0
    outer loop
      vertex -23.6355 -12.6334 0
      vertex -22.2834 -14.8893 4
      vertex -22.2834 -14.8893 0
    endloop
  endfacet
  facet normal 0.427563 0.903985 -0
    outer loop
      vertex -10.2559 -24.76 0
      vertex -12.6334 -23.6355 4
      vertex -10.2559 -24.76 4
    endloop
  endfacet
  facet normal 0.427563 0.903985 0
    outer loop
      vertex -12.6334 -23.6355 4
      vertex -10.2559 -24.76 0
      vertex -12.6334 -23.6355 0
    endloop
  endfacet
  facet normal 0.740968 0.67154 0
    outer loop
      vertex -18.9505 -18.9505 4
      vertex -20.7167 -17.0017 0
      vertex -20.7167 -17.0017 4
    endloop
  endfacet
  facet normal 0.740968 0.67154 0
    outer loop
      vertex -20.7167 -17.0017 0
      vertex -18.9505 -18.9505 4
      vertex -18.9505 -18.9505 0
    endloop
  endfacet
  facet normal 0.336882 -0.941547 0
    outer loop
      vertex -10.2559 24.76 0
      vertex -7.77963 25.646 4
      vertex -10.2559 24.76 4
    endloop
  endfacet
  facet normal 0.336882 -0.941547 0
    outer loop
      vertex -7.77963 25.646 4
      vertex -10.2559 24.76 0
      vertex -7.77963 25.646 0
    endloop
  endfacet
  facet normal 0.514093 0.857734 -0
    outer loop
      vertex -12.6334 -23.6355 0
      vertex -14.8893 -22.2834 4
      vertex -12.6334 -23.6355 4
    endloop
  endfacet
  facet normal 0.514093 0.857734 0
    outer loop
      vertex -14.8893 -22.2834 4
      vertex -12.6334 -23.6355 0
      vertex -14.8893 -22.2834 0
    endloop
  endfacet
  facet normal -0.595708 0.803201 0
    outer loop
      vertex 17.0017 -20.7167 0
      vertex 14.8893 -22.2834 4
      vertex 17.0017 -20.7167 4
    endloop
  endfacet
  facet normal -0.595708 0.803201 0
    outer loop
      vertex 14.8893 -22.2834 4
      vertex 17.0017 -20.7167 0
      vertex 14.8893 -22.2834 0
    endloop
  endfacet
  facet normal 0.0490869 -0.998795 0
    outer loop
      vertex -2.62686 26.6709 0
      vertex 0 26.8 4
      vertex -2.62686 26.6709 4
    endloop
  endfacet
  facet normal 0.0490869 -0.998795 0
    outer loop
      vertex 0 26.8 4
      vertex -2.62686 26.6709 0
      vertex 0 26.8 0
    endloop
  endfacet
  facet normal 0.941547 -0.336882 0
    outer loop
      vertex -25.646 7.77963 4
      vertex -24.76 10.2559 0
      vertex -24.76 10.2559 4
    endloop
  endfacet
  facet normal 0.941547 -0.336882 0
    outer loop
      vertex -24.76 10.2559 0
      vertex -25.646 7.77963 4
      vertex -25.646 7.77963 0
    endloop
  endfacet
  facet normal 0.989177 0.146729 0
    outer loop
      vertex -26.285 -5.22842 4
      vertex -26.6709 -2.62686 0
      vertex -26.6709 -2.62686 4
    endloop
  endfacet
  facet normal 0.989177 0.146729 0
    outer loop
      vertex -26.6709 -2.62686 0
      vertex -26.285 -5.22842 4
      vertex -26.285 -5.22842 0
    endloop
  endfacet
  facet normal -0.336882 -0.941547 0
    outer loop
      vertex 7.77963 25.646 0
      vertex 10.2559 24.76 4
      vertex 7.77963 25.646 4
    endloop
  endfacet
  facet normal -0.336882 -0.941547 -0
    outer loop
      vertex 10.2559 24.76 4
      vertex 7.77963 25.646 0
      vertex 10.2559 24.76 0
    endloop
  endfacet
  facet normal 0.803201 0.595708 0
    outer loop
      vertex -20.7167 -17.0017 4
      vertex -22.2834 -14.8893 0
      vertex -22.2834 -14.8893 4
    endloop
  endfacet
  facet normal 0.803201 0.595708 0
    outer loop
      vertex -22.2834 -14.8893 0
      vertex -20.7167 -17.0017 4
      vertex -20.7167 -17.0017 0
    endloop
  endfacet
  facet normal 0.970035 -0.242964 0
    outer loop
      vertex -26.285 5.22842 4
      vertex -25.646 7.77963 0
      vertex -25.646 7.77963 4
    endloop
  endfacet
  facet normal 0.970035 -0.242964 0
    outer loop
      vertex -25.646 7.77963 0
      vertex -26.285 5.22842 4
      vertex -26.285 5.22842 0
    endloop
  endfacet
  facet normal 0.903985 -0.427563 0
    outer loop
      vertex -24.76 10.2559 4
      vertex -23.6355 12.6334 0
      vertex -23.6355 12.6334 4
    endloop
  endfacet
  facet normal 0.903985 -0.427563 0
    outer loop
      vertex -23.6355 12.6334 0
      vertex -24.76 10.2559 4
      vertex -24.76 10.2559 0
    endloop
  endfacet
  facet normal -0.514093 0.857734 0
    outer loop
      vertex 14.8893 -22.2834 0
      vertex 12.6334 -23.6355 4
      vertex 14.8893 -22.2834 4
    endloop
  endfacet
  facet normal -0.514093 0.857734 0
    outer loop
      vertex 12.6334 -23.6355 4
      vertex 14.8893 -22.2834 0
      vertex 12.6334 -23.6355 0
    endloop
  endfacet
  facet normal 0.67154 0.740968 -0
    outer loop
      vertex -17.0017 -20.7167 0
      vertex -18.9505 -18.9505 4
      vertex -17.0017 -20.7167 4
    endloop
  endfacet
  facet normal 0.67154 0.740968 0
    outer loop
      vertex -18.9505 -18.9505 4
      vertex -17.0017 -20.7167 0
      vertex -18.9505 -18.9505 0
    endloop
  endfacet
  facet normal 0.803201 -0.595708 0
    outer loop
      vertex -22.2834 14.8893 4
      vertex -20.7167 17.0017 0
      vertex -20.7167 17.0017 4
    endloop
  endfacet
  facet normal 0.803201 -0.595708 0
    outer loop
      vertex -20.7167 17.0017 0
      vertex -22.2834 14.8893 4
      vertex -22.2834 14.8893 0
    endloop
  endfacet
  facet normal 0.0490869 0.998795 -0
    outer loop
      vertex 0 -26.8 0
      vertex -2.62686 -26.6709 4
      vertex 0 -26.8 4
    endloop
  endfacet
  facet normal 0.0490869 0.998795 0
    outer loop
      vertex -2.62686 -26.6709 4
      vertex 0 -26.8 0
      vertex -2.62686 -26.6709 0
    endloop
  endfacet
  facet normal 0.146729 0.989177 -0
    outer loop
      vertex -2.62686 -26.6709 0
      vertex -5.22842 -26.285 4
      vertex -2.62686 -26.6709 4
    endloop
  endfacet
  facet normal 0.146729 0.989177 0
    outer loop
      vertex -5.22842 -26.285 4
      vertex -2.62686 -26.6709 0
      vertex -5.22842 -26.285 0
    endloop
  endfacet
  facet normal 0.989177 -0.146729 0
    outer loop
      vertex -26.6709 2.62686 4
      vertex -26.285 5.22842 0
      vertex -26.285 5.22842 4
    endloop
  endfacet
  facet normal 0.989177 -0.146729 0
    outer loop
      vertex -26.285 5.22842 0
      vertex -26.6709 2.62686 4
      vertex -26.6709 2.62686 0
    endloop
  endfacet
  facet normal 0.998795 -0.0490869 0
    outer loop
      vertex -26.8 0 4
      vertex -26.6709 2.62686 0
      vertex -26.6709 2.62686 4
    endloop
  endfacet
  facet normal 0.998795 -0.0490869 0
    outer loop
      vertex -26.6709 2.62686 0
      vertex -26.8 0 4
      vertex -26.8 0 0
    endloop
  endfacet
  facet normal 0.336882 0.941547 -0
    outer loop
      vertex -7.77963 -25.646 0
      vertex -10.2559 -24.76 4
      vertex -7.77963 -25.646 4
    endloop
  endfacet
  facet normal 0.336882 0.941547 0
    outer loop
      vertex -10.2559 -24.76 4
      vertex -7.77963 -25.646 0
      vertex -10.2559 -24.76 0
    endloop
  endfacet
  facet normal -0.67154 0.740968 0
    outer loop
      vertex 18.9505 -18.9505 0
      vertex 17.0017 -20.7167 4
      vertex 18.9505 -18.9505 4
    endloop
  endfacet
  facet normal -0.67154 0.740968 0
    outer loop
      vertex 17.0017 -20.7167 4
      vertex 18.9505 -18.9505 0
      vertex 17.0017 -20.7167 0
    endloop
  endfacet
  facet normal -1 0 0
    outer loop
      vertex 29.3 26.8661 4
      vertex 29.3 22.1952 7.2
      vertex 29.3 26.8661 7.2
    endloop
  endfacet
  facet normal -1 0 0
    outer loop
      vertex 29.3 26.8661 4
      vertex 29.3 -22.1952 7.2
      vertex 29.3 22.1952 7.2
    endloop
  endfacet
  facet normal -1 0 0
    outer loop
      vertex 29.3 -26.8661 4
      vertex 29.3 -22.1952 7.2
      vertex 29.3 26.8661 4
    endloop
  endfacet
  facet normal -1 -0 0
    outer loop
      vertex 29.3 -22.1952 7.2
      vertex 29.3 -26.8661 4
      vertex 29.3 -26.8661 7.2
    endloop
  endfacet
  facet normal 0 0 -1
    outer loop
      vertex -20.445 30.5981 7.2
      vertex -25.4318 30.6 7.2
      vertex -20.4418 30.6 7.2
    endloop
  endfacet
  facet normal 0 0 -1
    outer loop
      vertex -23.3457 28.4468 7.2
      vertex -25.4318 30.6 7.2
      vertex -20.445 30.5981 7.2
    endloop
  endfacet
  facet normal 0 0 -1
    outer loop
      vertex -26.0215 26.0215 7.2
      vertex -25.4318 30.6 7.2
      vertex -23.3457 28.4468 7.2
    endloop
  endfacet
  facet normal 0 0 -1
    outer loop
      vertex -26.0215 26.0215 7.2
      vertex -28.1428 28.1428 7.2
      vertex -25.4318 30.6 7.2
    endloop
  endfacet
  facet normal 0 0 -1
    outer loop
      vertex -29.3 26.8661 7.2
      vertex -26.0215 26.0215 7.2
      vertex -28.4468 23.3457 7.2
    endloop
  endfacet
  facet normal 0 0 -1
    outer loop
      vertex -29.3 26.8661 7.2
      vertex -28.4468 23.3457 7.2
      vertex -29.3 22.1952 7.2
    endloop
  endfacet
  facet normal 0 0 -1
    outer loop
      vertex -26.0215 26.0215 7.2
      vertex -29.3 26.8661 7.2
      vertex -28.1428 28.1428 7.2
    endloop
  endfacet
  facet normal 0 0 -1
    outer loop
      vertex -25.4318 -30.6 7.2
      vertex -20.445 -30.5981 7.2
      vertex -20.4418 -30.6 7.2
    endloop
  endfacet
  facet normal 0 0 -1
    outer loop
      vertex -25.4318 -30.6 7.2
      vertex -23.3457 -28.4468 7.2
      vertex -20.445 -30.5981 7.2
    endloop
  endfacet
  facet normal 0 0 -1
    outer loop
      vertex -25.4318 -30.6 7.2
      vertex -26.0215 -26.0215 7.2
      vertex -23.3457 -28.4468 7.2
    endloop
  endfacet
  facet normal 0 0 -1
    outer loop
      vertex -28.1428 -28.1428 7.2
      vertex -26.0215 -26.0215 7.2
      vertex -25.4318 -30.6 7.2
    endloop
  endfacet
  facet normal 0 0 -1
    outer loop
      vertex -29.3 -26.8661 7.2
      vertex -26.0215 -26.0215 7.2
      vertex -28.1428 -28.1428 7.2
    endloop
  endfacet
  facet normal -0 0 -1
    outer loop
      vertex -26.0215 -26.0215 7.2
      vertex -29.3 -26.8661 7.2
      vertex -28.4468 -23.3457 7.2
    endloop
  endfacet
  facet normal -0 0 -1
    outer loop
      vertex -28.4468 -23.3457 7.2
      vertex -29.3 -26.8661 7.2
      vertex -29.3 -22.1952 7.2
    endloop
  endfacet
  facet normal 0 0 -1
    outer loop
      vertex 28.4468 23.3457 7.2
      vertex 29.3 26.8661 7.2
      vertex 29.3 22.1952 7.2
    endloop
  endfacet
  facet normal 0 0 -1
    outer loop
      vertex 26.0215 26.0215 7.2
      vertex 29.3 26.8661 7.2
      vertex 28.4468 23.3457 7.2
    endloop
  endfacet
  facet normal -0 0 -1
    outer loop
      vertex 29.3 26.8661 7.2
      vertex 26.0215 26.0215 7.2
      vertex 28.1428 28.1428 7.2
    endloop
  endfacet
  facet normal 0 0 -1
    outer loop
      vertex 26.0215 26.0215 7.2
      vertex 25.4318 30.6 7.2
      vertex 28.1428 28.1428 7.2
    endloop
  endfacet
  facet normal 0 0 -1
    outer loop
      vertex 23.3457 28.4468 7.2
      vertex 25.4318 30.6 7.2
      vertex 26.0215 26.0215 7.2
    endloop
  endfacet
  facet normal 0 0 -1
    outer loop
      vertex 20.445 30.5981 7.2
      vertex 25.4318 30.6 7.2
      vertex 23.3457 28.4468 7.2
    endloop
  endfacet
  facet normal -0 0 -1
    outer loop
      vertex 25.4318 30.6 7.2
      vertex 20.445 30.5981 7.2
      vertex 20.4418 30.6 7.2
    endloop
  endfacet
  facet normal 0 0 -1
    outer loop
      vertex 29.3 -26.8661 7.2
      vertex 28.4468 -23.3457 7.2
      vertex 29.3 -22.1952 7.2
    endloop
  endfacet
  facet normal 0 0 -1
    outer loop
      vertex 26.0215 -26.0215 7.2
      vertex 29.3 -26.8661 7.2
      vertex 28.1428 -28.1428 7.2
    endloop
  endfacet
  facet normal 0 0 -1
    outer loop
      vertex 29.3 -26.8661 7.2
      vertex 26.0215 -26.0215 7.2
      vertex 28.4468 -23.3457 7.2
    endloop
  endfacet
  facet normal 0 0 -1
    outer loop
      vertex 25.4318 -30.6 7.2
      vertex 26.0215 -26.0215 7.2
      vertex 28.1428 -28.1428 7.2
    endloop
  endfacet
  facet normal 0 0 -1
    outer loop
      vertex 25.4318 -30.6 7.2
      vertex 23.3457 -28.4468 7.2
      vertex 26.0215 -26.0215 7.2
    endloop
  endfacet
  facet normal 0 0 -1
    outer loop
      vertex 25.4318 -30.6 7.2
      vertex 20.445 -30.5981 7.2
      vertex 23.3457 -28.4468 7.2
    endloop
  endfacet
  facet normal 0 -0 -1
    outer loop
      vertex 20.445 -30.5981 7.2
      vertex 25.4318 -30.6 7.2
      vertex 20.4418 -30.6 7.2
    endloop
  endfacet
  facet normal 0 0 1
    outer loop
      vertex 36.6228 3.60703 7.2
      vertex 36.6228 -3.60703 7.2
      vertex 36.8 0 7.2
    endloop
  endfacet
  facet normal 0 0 1
    outer loop
      vertex 36.0929 7.17932 7.2
      vertex 36.6228 -3.60703 7.2
      vertex 36.6228 3.60703 7.2
    endloop
  endfacet
  facet normal 0 0 1
    outer loop
      vertex 36.0929 7.17932 7.2
      vertex 36.0929 -7.17932 7.2
      vertex 36.6228 -3.60703 7.2
    endloop
  endfacet
  facet normal 0 0 1
    outer loop
      vertex 35.2154 10.6825 7.2
      vertex 36.0929 -7.17932 7.2
      vertex 36.0929 7.17932 7.2
    endloop
  endfacet
  facet normal 0 0 1
    outer loop
      vertex 35.2154 10.6825 7.2
      vertex 35.2154 -10.6825 7.2
      vertex 36.0929 -7.17932 7.2
    endloop
  endfacet
  facet normal 0 0 1
    outer loop
      vertex 33.9988 14.0827 7.2
      vertex 35.2154 -10.6825 7.2
      vertex 35.2154 10.6825 7.2
    endloop
  endfacet
  facet normal 0 0 1
    outer loop
      vertex 33.9988 14.0827 7.2
      vertex 33.9988 -14.0827 7.2
      vertex 35.2154 -10.6825 7.2
    endloop
  endfacet
  facet normal 0 0 1
    outer loop
      vertex 32.4547 17.3474 7.2
      vertex 33.9988 -14.0827 7.2
      vertex 33.9988 14.0827 7.2
    endloop
  endfacet
  facet normal 0 0 1
    outer loop
      vertex 32.4547 17.3474 7.2
      vertex 32.4547 -17.3474 7.2
      vertex 33.9988 -14.0827 7.2
    endloop
  endfacet
  facet normal 0 0 1
    outer loop
      vertex 29.3 22.1952 7.2
      vertex 32.4547 17.3474 7.2
      vertex 30.5981 20.445 7.2
    endloop
  endfacet
  facet normal 0 0 1
    outer loop
      vertex 32.4547 17.3474 7.2
      vertex 29.3 22.1952 7.2
      vertex 32.4547 -17.3474 7.2
    endloop
  endfacet
  facet normal 0 0 1
    outer loop
      vertex 29.3 -22.1952 7.2
      vertex 32.4547 -17.3474 7.2
      vertex 29.3 22.1952 7.2
    endloop
  endfacet
  facet normal 0 0 1
    outer loop
      vertex 32.4547 -17.3474 7.2
      vertex 29.3 -22.1952 7.2
      vertex 30.5981 -20.445 7.2
    endloop
  endfacet
  facet normal 0 0 1
    outer loop
      vertex -32.4547 17.3474 7.2
      vertex -29.3 22.1952 7.2
      vertex -30.5981 20.445 7.2
    endloop
  endfacet
  facet normal 0 0 1
    outer loop
      vertex -29.3 22.1952 7.2
      vertex -32.4547 17.3474 7.2
      vertex -29.3 -22.1952 7.2
    endloop
  endfacet
  facet normal -0 0 1
    outer loop
      vertex -32.4547 -17.3474 7.2
      vertex -29.3 -22.1952 7.2
      vertex -32.4547 17.3474 7.2
    endloop
  endfacet
  facet normal 0 0 1
    outer loop
      vertex -29.3 -22.1952 7.2
      vertex -32.4547 -17.3474 7.2
      vertex -30.5981 -20.445 7.2
    endloop
  endfacet
  facet normal -0 0 1
    outer loop
      vertex -33.9988 14.0827 7.2
      vertex -32.4547 -17.3474 7.2
      vertex -32.4547 17.3474 7.2
    endloop
  endfacet
  facet normal 0 0 1
    outer loop
      vertex -33.9988 14.0827 7.2
      vertex -33.9988 -14.0827 7.2
      vertex -32.4547 -17.3474 7.2
    endloop
  endfacet
  facet normal -0 0 1
    outer loop
      vertex -35.2154 10.6825 7.2
      vertex -33.9988 -14.0827 7.2
      vertex -33.9988 14.0827 7.2
    endloop
  endfacet
  facet normal 0 0 1
    outer loop
      vertex -35.2154 10.6825 7.2
      vertex -35.2154 -10.6825 7.2
      vertex -33.9988 -14.0827 7.2
    endloop
  endfacet
  facet normal -0 0 1
    outer loop
      vertex -36.0929 7.17932 7.2
      vertex -35.2154 -10.6825 7.2
      vertex -35.2154 10.6825 7.2
    endloop
  endfacet
  facet normal 0 0 1
    outer loop
      vertex -36.0929 7.17932 7.2
      vertex -36.0929 -7.17932 7.2
      vertex -35.2154 -10.6825 7.2
    endloop
  endfacet
  facet normal -0 0 1
    outer loop
      vertex -36.6228 3.60703 7.2
      vertex -36.0929 -7.17932 7.2
      vertex -36.0929 7.17932 7.2
    endloop
  endfacet
  facet normal 0 0 1
    outer loop
      vertex -36.6228 3.60703 7.2
      vertex -36.6228 -3.60703 7.2
      vertex -36.0929 -7.17932 7.2
    endloop
  endfacet
  facet normal 0 -0 1
    outer loop
      vertex -36.6228 -3.60703 7.2
      vertex -36.6228 3.60703 7.2
      vertex -36.8 0 7.2
    endloop
  endfacet
  facet normal 0 0 1
    outer loop
      vertex 20.4418 -30.6 7.2
      vertex 14.0827 -33.9988 7.2
      vertex 17.3474 -32.4547 7.2
    endloop
  endfacet
  facet normal 0 0 1
    outer loop
      vertex 20.4418 -30.6 7.2
      vertex 10.6825 -35.2154 7.2
      vertex 14.0827 -33.9988 7.2
    endloop
  endfacet
  facet normal 0 0 1
    outer loop
      vertex 20.4418 -30.6 7.2
      vertex 7.17932 -36.0929 7.2
      vertex 10.6825 -35.2154 7.2
    endloop
  endfacet
  facet normal 0 0 1
    outer loop
      vertex 20.4418 -30.6 7.2
      vertex 3.60703 -36.6228 7.2
      vertex 7.17932 -36.0929 7.2
    endloop
  endfacet
  facet normal 0 0 1
    outer loop
      vertex 20.4418 -30.6 7.2
      vertex 0 -36.8 7.2
      vertex 3.60703 -36.6228 7.2
    endloop
  endfacet
  facet normal 0 0 1
    outer loop
      vertex 20.4418 -30.6 7.2
      vertex -3.60703 -36.6228 7.2
      vertex 0 -36.8 7.2
    endloop
  endfacet
  facet normal 0 0 1
    outer loop
      vertex 20.4418 -30.6 7.2
      vertex -7.17932 -36.0929 7.2
      vertex -3.60703 -36.6228 7.2
    endloop
  endfacet
  facet normal 0 0 1
    outer loop
      vertex 20.4418 -30.6 7.2
      vertex -10.6825 -35.2154 7.2
      vertex -7.17932 -36.0929 7.2
    endloop
  endfacet
  facet normal 0 0 1
    outer loop
      vertex 20.4418 -30.6 7.2
      vertex -14.0827 -33.9988 7.2
      vertex -10.6825 -35.2154 7.2
    endloop
  endfacet
  facet normal 0 0 1
    outer loop
      vertex 20.4418 -30.6 7.2
      vertex -17.3474 -32.4547 7.2
      vertex -14.0827 -33.9988 7.2
    endloop
  endfacet
  facet normal 0 -0 1
    outer loop
      vertex -17.3474 -32.4547 7.2
      vertex 20.4418 -30.6 7.2
      vertex -20.4418 -30.6 7.2
    endloop
  endfacet
  facet normal 0 0 1
    outer loop
      vertex 14.0827 33.9988 7.2
      vertex 20.4418 30.6 7.2
      vertex 17.3474 32.4547 7.2
    endloop
  endfacet
  facet normal 0 0 1
    outer loop
      vertex 10.6825 35.2154 7.2
      vertex 20.4418 30.6 7.2
      vertex 14.0827 33.9988 7.2
    endloop
  endfacet
  facet normal 0 0 1
    outer loop
      vertex 7.17932 36.0929 7.2
      vertex 20.4418 30.6 7.2
      vertex 10.6825 35.2154 7.2
    endloop
  endfacet
  facet normal 0 0 1
    outer loop
      vertex 3.60703 36.6228 7.2
      vertex 20.4418 30.6 7.2
      vertex 7.17932 36.0929 7.2
    endloop
  endfacet
  facet normal 0 0 1
    outer loop
      vertex 0 36.8 7.2
      vertex 20.4418 30.6 7.2
      vertex 3.60703 36.6228 7.2
    endloop
  endfacet
  facet normal -0 0 1
    outer loop
      vertex -3.60703 36.6228 7.2
      vertex 20.4418 30.6 7.2
      vertex 0 36.8 7.2
    endloop
  endfacet
  facet normal -0 0 1
    outer loop
      vertex -7.17932 36.0929 7.2
      vertex 20.4418 30.6 7.2
      vertex -3.60703 36.6228 7.2
    endloop
  endfacet
  facet normal -0 0 1
    outer loop
      vertex -10.6825 35.2154 7.2
      vertex 20.4418 30.6 7.2
      vertex -7.17932 36.0929 7.2
    endloop
  endfacet
  facet normal -0 0 1
    outer loop
      vertex -14.0827 33.9988 7.2
      vertex 20.4418 30.6 7.2
      vertex -10.6825 35.2154 7.2
    endloop
  endfacet
  facet normal -0 0 1
    outer loop
      vertex -17.3474 32.4547 7.2
      vertex 20.4418 30.6 7.2
      vertex -14.0827 33.9988 7.2
    endloop
  endfacet
  facet normal 0 0 1
    outer loop
      vertex 20.4418 30.6 7.2
      vertex -17.3474 32.4547 7.2
      vertex -20.4418 30.6 7.2
    endloop
  endfacet
  facet normal 1 -0 0
    outer loop
      vertex -29.3 22.1952 7.2
      vertex -29.3 26.8661 4
      vertex -29.3 26.8661 7.2
    endloop
  endfacet
  facet normal 1 -0 0
    outer loop
      vertex -29.3 -22.1952 7.2
      vertex -29.3 26.8661 4
      vertex -29.3 22.1952 7.2
    endloop
  endfacet
  facet normal 1 0 0
    outer loop
      vertex -29.3 -26.8661 4
      vertex -29.3 -22.1952 7.2
      vertex -29.3 -26.8661 7.2
    endloop
  endfacet
  facet normal 1 0 0
    outer loop
      vertex -29.3 -22.1952 7.2
      vertex -29.3 -26.8661 4
      vertex -29.3 26.8661 4
    endloop
  endfacet
  facet normal 0 -1 0
    outer loop
      vertex -25.4318 30.6 4
      vertex -20.4418 30.6 7.2
      vertex -25.4318 30.6 7.2
    endloop
  endfacet
  facet normal 0 -1 -0
    outer loop
      vertex -20.4418 30.6 7.2
      vertex -25.4318 30.6 4
      vertex 20.4418 30.6 7.2
    endloop
  endfacet
  facet normal 0 -1 0
    outer loop
      vertex 25.4318 30.6 4
      vertex 20.4418 30.6 7.2
      vertex -25.4318 30.6 4
    endloop
  endfacet
  facet normal 0 -1 0
    outer loop
      vertex 20.4418 30.6 7.2
      vertex 25.4318 30.6 4
      vertex 25.4318 30.6 7.2
    endloop
  endfacet
  facet normal 0 1 -0
    outer loop
      vertex 25.4318 -30.6 4
      vertex 20.4418 -30.6 7.2
      vertex 25.4318 -30.6 7.2
    endloop
  endfacet
  facet normal 0 1 0
    outer loop
      vertex 20.4418 -30.6 7.2
      vertex 25.4318 -30.6 4
      vertex -20.4418 -30.6 7.2
    endloop
  endfacet
  facet normal 0 1 0
    outer loop
      vertex -25.4318 -30.6 4
      vertex -20.4418 -30.6 7.2
      vertex 25.4318 -30.6 4
    endloop
  endfacet
  facet normal 0 1 0
    outer loop
      vertex -20.4418 -30.6 7.2
      vertex -25.4318 -30.6 4
      vertex -25.4318 -30.6 7.2
    endloop
  endfacet
  facet normal -0.857732 0.514097 0
    outer loop
      vertex 30.5981 -20.445 7.2
      vertex 32.4547 -17.3474 58
      vertex 32.4547 -17.3474 7.2
    endloop
  endfacet
  facet normal -0.857732 0.514097 0
    outer loop
      vertex 32.4547 -17.3474 58
      vertex 30.5981 -20.445 7.2
      vertex 30.5981 -20.445 58
    endloop
  endfacet
  facet normal -0.989176 -0.146731 0
    outer loop
      vertex 36.6228 3.60703 7.2
      vertex 36.0929 7.17932 58
      vertex 36.0929 7.17932 7.2
    endloop
  endfacet
  facet normal -0.989176 -0.146731 0
    outer loop
      vertex 36.0929 7.17932 58
      vertex 36.6228 3.60703 7.2
      vertex 36.6228 3.60703 58
    endloop
  endfacet
  facet normal -0.998795 -0.0490671 0
    outer loop
      vertex 36.8 0 7.2
      vertex 36.6228 3.60703 58
      vertex 36.6228 3.60703 7.2
    endloop
  endfacet
  facet normal -0.998795 -0.0490671 0
    outer loop
      vertex 36.6228 3.60703 58
      vertex 36.8 0 7.2
      vertex 36.8 0 58
    endloop
  endfacet
  facet normal -0.970031 -0.24298 0
    outer loop
      vertex 36.0929 7.17932 7.2
      vertex 35.2154 10.6825 58
      vertex 35.2154 10.6825 7.2
    endloop
  endfacet
  facet normal -0.970031 -0.24298 0
    outer loop
      vertex 35.2154 10.6825 58
      vertex 36.0929 7.17932 7.2
      vertex 36.0929 7.17932 58
    endloop
  endfacet
  facet normal -0.857732 -0.514097 0
    outer loop
      vertex 32.4547 17.3474 7.2
      vertex 30.5981 20.445 58
      vertex 30.5981 20.445 7.2
    endloop
  endfacet
  facet normal -0.857732 -0.514097 0
    outer loop
      vertex 30.5981 20.445 58
      vertex 32.4547 17.3474 7.2
      vertex 32.4547 17.3474 58
    endloop
  endfacet
  facet normal 0.970031 0.24298 0
    outer loop
      vertex -35.2154 -10.6825 58
      vertex -36.0929 -7.17932 7.2
      vertex -36.0929 -7.17932 58
    endloop
  endfacet
  facet normal 0.970031 0.24298 0
    outer loop
      vertex -36.0929 -7.17932 7.2
      vertex -35.2154 -10.6825 58
      vertex -35.2154 -10.6825 7.2
    endloop
  endfacet
  facet normal -0.941545 0.336887 0
    outer loop
      vertex 33.9988 -14.0827 7.2
      vertex 35.2154 -10.6825 58
      vertex 35.2154 -10.6825 7.2
    endloop
  endfacet
  facet normal -0.941545 0.336887 0
    outer loop
      vertex 35.2154 -10.6825 58
      vertex 33.9988 -14.0827 7.2
      vertex 33.9988 -14.0827 58
    endloop
  endfacet
  facet normal -0.803194 0.595718 0
    outer loop
      vertex 29.3 -22.1952 7.2
      vertex 30.5981 -20.445 58
      vertex 30.5981 -20.445 7.2
    endloop
  endfacet
  facet normal -0.803231 0.595668 0
    outer loop
      vertex 28.4468 -23.3457 58
      vertex 29.3 -22.1952 7.2
      vertex 28.4468 -23.3457 7.2
    endloop
  endfacet
  facet normal -0.803208 0.595698 1.05424e-06
    outer loop
      vertex 29.3 -22.1952 7.2
      vertex 28.4468 -23.3457 58
      vertex 30.5981 -20.445 58
    endloop
  endfacet
  facet normal 0.941545 -0.336887 0
    outer loop
      vertex -35.2154 10.6825 58
      vertex -33.9988 14.0827 7.2
      vertex -33.9988 14.0827 58
    endloop
  endfacet
  facet normal 0.941545 -0.336887 0
    outer loop
      vertex -33.9988 14.0827 7.2
      vertex -35.2154 10.6825 58
      vertex -35.2154 10.6825 7.2
    endloop
  endfacet
  facet normal -0.671574 -0.740938 0
    outer loop
      vertex 23.3457 28.4468 7.2
      vertex 26.0215 26.0215 58
      vertex 23.3457 28.4468 58
    endloop
  endfacet
  facet normal -0.671574 -0.740938 -0
    outer loop
      vertex 26.0215 26.0215 58
      vertex 23.3457 28.4468 7.2
      vertex 26.0215 26.0215 7.2
    endloop
  endfacet
  facet normal -0.740938 -0.671574 0
    outer loop
      vertex 28.4468 23.3457 7.2
      vertex 26.0215 26.0215 58
      vertex 26.0215 26.0215 7.2
    endloop
  endfacet
  facet normal -0.740938 -0.671574 0
    outer loop
      vertex 26.0215 26.0215 58
      vertex 28.4468 23.3457 7.2
      vertex 28.4468 23.3457 58
    endloop
  endfacet
  facet normal 0.671574 -0.740938 0
    outer loop
      vertex -26.0215 26.0215 7.2
      vertex -23.3457 28.4468 58
      vertex -26.0215 26.0215 58
    endloop
  endfacet
  facet normal 0.671574 -0.740938 0
    outer loop
      vertex -23.3457 28.4468 58
      vertex -26.0215 26.0215 7.2
      vertex -23.3457 28.4468 7.2
    endloop
  endfacet
  facet normal -0.514097 -0.857732 0
    outer loop
      vertex 17.3474 32.4547 7.2
      vertex 20.445 30.5981 58
      vertex 17.3474 32.4547 58
    endloop
  endfacet
  facet normal -0.5141 -0.85773 3.03815e-07
    outer loop
      vertex 20.4418 30.6 7.2
      vertex 20.445 30.5981 58
      vertex 17.3474 32.4547 7.2
    endloop
  endfacet
  facet normal -0.510539 -0.859855 -0
    outer loop
      vertex 20.445 30.5981 58
      vertex 20.4418 30.6 7.2
      vertex 20.445 30.5981 7.2
    endloop
  endfacet
  facet normal -0.595698 -0.803208 0
    outer loop
      vertex 20.445 30.5981 7.2
      vertex 23.3457 28.4468 58
      vertex 20.445 30.5981 58
    endloop
  endfacet
  facet normal -0.595698 -0.803208 -0
    outer loop
      vertex 23.3457 28.4468 58
      vertex 20.445 30.5981 7.2
      vertex 23.3457 28.4468 7.2
    endloop
  endfacet
  facet normal 0.146731 0.989176 -0
    outer loop
      vertex -3.60703 -36.6228 7.2
      vertex -7.17932 -36.0929 58
      vertex -3.60703 -36.6228 58
    endloop
  endfacet
  facet normal 0.146731 0.989176 0
    outer loop
      vertex -7.17932 -36.0929 58
      vertex -3.60703 -36.6228 7.2
      vertex -7.17932 -36.0929 7.2
    endloop
  endfacet
  facet normal -0.0490671 -0.998795 0
    outer loop
      vertex 0 36.8 7.2
      vertex 3.60703 36.6228 58
      vertex 0 36.8 58
    endloop
  endfacet
  facet normal -0.0490671 -0.998795 -0
    outer loop
      vertex 3.60703 36.6228 58
      vertex 0 36.8 7.2
      vertex 3.60703 36.6228 7.2
    endloop
  endfacet
  facet normal 0.857732 -0.514097 0
    outer loop
      vertex -32.4547 17.3474 58
      vertex -30.5981 20.445 7.2
      vertex -30.5981 20.445 58
    endloop
  endfacet
  facet normal 0.857732 -0.514097 0
    outer loop
      vertex -30.5981 20.445 7.2
      vertex -32.4547 17.3474 58
      vertex -32.4547 17.3474 7.2
    endloop
  endfacet
  facet normal 0.0490671 0.998795 -0
    outer loop
      vertex 0 -36.8 7.2
      vertex -3.60703 -36.6228 58
      vertex 0 -36.8 58
    endloop
  endfacet
  facet normal 0.0490671 0.998795 0
    outer loop
      vertex -3.60703 -36.6228 58
      vertex 0 -36.8 7.2
      vertex -3.60703 -36.6228 7.2
    endloop
  endfacet
  facet normal 0.989176 -0.146731 0
    outer loop
      vertex -36.6228 3.60703 58
      vertex -36.0929 7.17932 7.2
      vertex -36.0929 7.17932 58
    endloop
  endfacet
  facet normal 0.989176 -0.146731 0
    outer loop
      vertex -36.0929 7.17932 7.2
      vertex -36.6228 3.60703 58
      vertex -36.6228 3.60703 7.2
    endloop
  endfacet
  facet normal -0.998795 0.0490671 0
    outer loop
      vertex 36.6228 -3.60703 7.2
      vertex 36.8 0 58
      vertex 36.8 0 7.2
    endloop
  endfacet
  facet normal -0.998795 0.0490671 0
    outer loop
      vertex 36.8 0 58
      vertex 36.6228 -3.60703 7.2
      vertex 36.6228 -3.60703 58
    endloop
  endfacet
  facet normal 0.903988 0.427558 0
    outer loop
      vertex -32.4547 -17.3474 58
      vertex -33.9988 -14.0827 7.2
      vertex -33.9988 -14.0827 58
    endloop
  endfacet
  facet normal 0.903988 0.427558 0
    outer loop
      vertex -33.9988 -14.0827 7.2
      vertex -32.4547 -17.3474 58
      vertex -32.4547 -17.3474 7.2
    endloop
  endfacet
  facet normal 0.998795 0.0490671 0
    outer loop
      vertex -36.6228 -3.60703 58
      vertex -36.8 0 7.2
      vertex -36.8 0 58
    endloop
  endfacet
  facet normal 0.998795 0.0490671 0
    outer loop
      vertex -36.8 0 7.2
      vertex -36.6228 -3.60703 58
      vertex -36.6228 -3.60703 7.2
    endloop
  endfacet
  facet normal -0.510539 0.859855 0
    outer loop
      vertex 20.4418 -30.6 7.2
      vertex 20.445 -30.5981 58
      vertex 20.445 -30.5981 7.2
    endloop
  endfacet
  facet normal -0.514097 0.857732 3.03502e-07
    outer loop
      vertex 20.445 -30.5981 58
      vertex 20.4418 -30.6 7.2
      vertex 17.3474 -32.4547 58
    endloop
  endfacet
  facet normal -0.5141 0.85773 0
    outer loop
      vertex 17.3474 -32.4547 58
      vertex 20.4418 -30.6 7.2
      vertex 17.3474 -32.4547 7.2
    endloop
  endfacet
  facet normal 0.427558 0.903988 -0
    outer loop
      vertex -14.0827 -33.9988 7.2
      vertex -17.3474 -32.4547 58
      vertex -14.0827 -33.9988 58
    endloop
  endfacet
  facet normal 0.427558 0.903988 0
    outer loop
      vertex -17.3474 -32.4547 58
      vertex -14.0827 -33.9988 7.2
      vertex -17.3474 -32.4547 7.2
    endloop
  endfacet
  facet normal -0.903988 -0.427558 0
    outer loop
      vertex 33.9988 14.0827 7.2
      vertex 32.4547 17.3474 58
      vertex 32.4547 17.3474 7.2
    endloop
  endfacet
  facet normal -0.903988 -0.427558 0
    outer loop
      vertex 32.4547 17.3474 58
      vertex 33.9988 14.0827 7.2
      vertex 33.9988 14.0827 58
    endloop
  endfacet
  facet normal 0.427558 -0.903988 0
    outer loop
      vertex -17.3474 32.4547 7.2
      vertex -14.0827 33.9988 58
      vertex -17.3474 32.4547 58
    endloop
  endfacet
  facet normal 0.427558 -0.903988 0
    outer loop
      vertex -14.0827 33.9988 58
      vertex -17.3474 32.4547 7.2
      vertex -14.0827 33.9988 7.2
    endloop
  endfacet
  facet normal 0.24298 -0.970031 0
    outer loop
      vertex -10.6825 35.2154 7.2
      vertex -7.17932 36.0929 58
      vertex -10.6825 35.2154 58
    endloop
  endfacet
  facet normal 0.24298 -0.970031 0
    outer loop
      vertex -7.17932 36.0929 58
      vertex -10.6825 35.2154 7.2
      vertex -7.17932 36.0929 7.2
    endloop
  endfacet
  facet normal -0.146731 0.989176 0
    outer loop
      vertex 7.17932 -36.0929 7.2
      vertex 3.60703 -36.6228 58
      vertex 7.17932 -36.0929 58
    endloop
  endfacet
  facet normal -0.146731 0.989176 0
    outer loop
      vertex 3.60703 -36.6228 58
      vertex 7.17932 -36.0929 7.2
      vertex 3.60703 -36.6228 7.2
    endloop
  endfacet
  facet normal 0.941545 0.336887 0
    outer loop
      vertex -33.9988 -14.0827 58
      vertex -35.2154 -10.6825 7.2
      vertex -35.2154 -10.6825 58
    endloop
  endfacet
  facet normal 0.941545 0.336887 0
    outer loop
      vertex -35.2154 -10.6825 7.2
      vertex -33.9988 -14.0827 58
      vertex -33.9988 -14.0827 7.2
    endloop
  endfacet
  facet normal -0.740938 0.671574 0
    outer loop
      vertex 26.0215 -26.0215 7.2
      vertex 28.4468 -23.3457 58
      vertex 28.4468 -23.3457 7.2
    endloop
  endfacet
  facet normal -0.740938 0.671574 0
    outer loop
      vertex 28.4468 -23.3457 58
      vertex 26.0215 -26.0215 7.2
      vertex 26.0215 -26.0215 58
    endloop
  endfacet
  facet normal -0.989176 0.146731 0
    outer loop
      vertex 36.0929 -7.17932 7.2
      vertex 36.6228 -3.60703 58
      vertex 36.6228 -3.60703 7.2
    endloop
  endfacet
  facet normal -0.989176 0.146731 0
    outer loop
      vertex 36.6228 -3.60703 58
      vertex 36.0929 -7.17932 7.2
      vertex 36.0929 -7.17932 58
    endloop
  endfacet
  facet normal -0.427558 0.903988 0
    outer loop
      vertex 17.3474 -32.4547 7.2
      vertex 14.0827 -33.9988 58
      vertex 17.3474 -32.4547 58
    endloop
  endfacet
  facet normal -0.427558 0.903988 0
    outer loop
      vertex 14.0827 -33.9988 58
      vertex 17.3474 -32.4547 7.2
      vertex 14.0827 -33.9988 7.2
    endloop
  endfacet
  facet normal 0.336887 0.941545 -0
    outer loop
      vertex -10.6825 -35.2154 7.2
      vertex -14.0827 -33.9988 58
      vertex -10.6825 -35.2154 58
    endloop
  endfacet
  facet normal 0.336887 0.941545 0
    outer loop
      vertex -14.0827 -33.9988 58
      vertex -10.6825 -35.2154 7.2
      vertex -14.0827 -33.9988 7.2
    endloop
  endfacet
  facet normal 0.336887 -0.941545 0
    outer loop
      vertex -14.0827 33.9988 7.2
      vertex -10.6825 35.2154 58
      vertex -14.0827 33.9988 58
    endloop
  endfacet
  facet normal 0.336887 -0.941545 0
    outer loop
      vertex -10.6825 35.2154 58
      vertex -14.0827 33.9988 7.2
      vertex -10.6825 35.2154 7.2
    endloop
  endfacet
  facet normal -0.803231 -0.595668 0
    outer loop
      vertex 29.3 22.1952 7.2
      vertex 28.4468 23.3457 58
      vertex 28.4468 23.3457 7.2
    endloop
  endfacet
  facet normal -0.803194 -0.595718 -0
    outer loop
      vertex 30.5981 20.445 58
      vertex 29.3 22.1952 7.2
      vertex 30.5981 20.445 7.2
    endloop
  endfacet
  facet normal -0.803208 -0.595698 1.05424e-06
    outer loop
      vertex 29.3 22.1952 7.2
      vertex 30.5981 20.445 58
      vertex 28.4468 23.3457 58
    endloop
  endfacet
  facet normal 0.595698 -0.803208 0
    outer loop
      vertex -23.3457 28.4468 7.2
      vertex -20.445 30.5981 58
      vertex -23.3457 28.4468 58
    endloop
  endfacet
  facet normal 0.595698 -0.803208 0
    outer loop
      vertex -20.445 30.5981 58
      vertex -23.3457 28.4468 7.2
      vertex -20.445 30.5981 7.2
    endloop
  endfacet
  facet normal 0.595698 0.803208 -0
    outer loop
      vertex -20.445 -30.5981 7.2
      vertex -23.3457 -28.4468 58
      vertex -20.445 -30.5981 58
    endloop
  endfacet
  facet normal 0.595698 0.803208 0
    outer loop
      vertex -23.3457 -28.4468 58
      vertex -20.445 -30.5981 7.2
      vertex -23.3457 -28.4468 7.2
    endloop
  endfacet
  facet normal 0.970031 -0.24298 0
    outer loop
      vertex -36.0929 7.17932 58
      vertex -35.2154 10.6825 7.2
      vertex -35.2154 10.6825 58
    endloop
  endfacet
  facet normal 0.970031 -0.24298 0
    outer loop
      vertex -35.2154 10.6825 7.2
      vertex -36.0929 7.17932 58
      vertex -36.0929 7.17932 7.2
    endloop
  endfacet
  facet normal -0.0490671 0.998795 0
    outer loop
      vertex 3.60703 -36.6228 7.2
      vertex 0 -36.8 58
      vertex 3.60703 -36.6228 58
    endloop
  endfacet
  facet normal -0.0490671 0.998795 0
    outer loop
      vertex 0 -36.8 58
      vertex 3.60703 -36.6228 7.2
      vertex 0 -36.8 7.2
    endloop
  endfacet
  facet normal -0.24298 -0.970031 0
    outer loop
      vertex 7.17932 36.0929 7.2
      vertex 10.6825 35.2154 58
      vertex 7.17932 36.0929 58
    endloop
  endfacet
  facet normal -0.24298 -0.970031 -0
    outer loop
      vertex 10.6825 35.2154 58
      vertex 7.17932 36.0929 7.2
      vertex 10.6825 35.2154 7.2
    endloop
  endfacet
  facet normal -0.595698 0.803208 0
    outer loop
      vertex 23.3457 -28.4468 7.2
      vertex 20.445 -30.5981 58
      vertex 23.3457 -28.4468 58
    endloop
  endfacet
  facet normal -0.595698 0.803208 0
    outer loop
      vertex 20.445 -30.5981 58
      vertex 23.3457 -28.4468 7.2
      vertex 20.445 -30.5981 7.2
    endloop
  endfacet
  facet normal -0.146731 -0.989176 0
    outer loop
      vertex 3.60703 36.6228 7.2
      vertex 7.17932 36.0929 58
      vertex 3.60703 36.6228 58
    endloop
  endfacet
  facet normal -0.146731 -0.989176 -0
    outer loop
      vertex 7.17932 36.0929 58
      vertex 3.60703 36.6228 7.2
      vertex 7.17932 36.0929 7.2
    endloop
  endfacet
  facet normal -0.427558 -0.903988 0
    outer loop
      vertex 14.0827 33.9988 7.2
      vertex 17.3474 32.4547 58
      vertex 14.0827 33.9988 58
    endloop
  endfacet
  facet normal -0.427558 -0.903988 -0
    outer loop
      vertex 17.3474 32.4547 58
      vertex 14.0827 33.9988 7.2
      vertex 17.3474 32.4547 7.2
    endloop
  endfacet
  facet normal 0.803231 -0.595668 0
    outer loop
      vertex -28.4468 23.3457 58
      vertex -29.3 22.1952 7.2
      vertex -28.4468 23.3457 7.2
    endloop
  endfacet
  facet normal 0.803208 -0.595698 1.05424e-06
    outer loop
      vertex -30.5981 20.445 58
      vertex -29.3 22.1952 7.2
      vertex -28.4468 23.3457 58
    endloop
  endfacet
  facet normal 0.803194 -0.595718 0
    outer loop
      vertex -29.3 22.1952 7.2
      vertex -30.5981 20.445 58
      vertex -30.5981 20.445 7.2
    endloop
  endfacet
  facet normal -0.903988 0.427558 0
    outer loop
      vertex 32.4547 -17.3474 7.2
      vertex 33.9988 -14.0827 58
      vertex 33.9988 -14.0827 7.2
    endloop
  endfacet
  facet normal -0.903988 0.427558 0
    outer loop
      vertex 33.9988 -14.0827 58
      vertex 32.4547 -17.3474 7.2
      vertex 32.4547 -17.3474 58
    endloop
  endfacet
  facet normal -0.941545 -0.336887 0
    outer loop
      vertex 35.2154 10.6825 7.2
      vertex 33.9988 14.0827 58
      vertex 33.9988 14.0827 7.2
    endloop
  endfacet
  facet normal -0.941545 -0.336887 0
    outer loop
      vertex 33.9988 14.0827 58
      vertex 35.2154 10.6825 7.2
      vertex 35.2154 10.6825 58
    endloop
  endfacet
  facet normal 0.803194 0.595718 0
    outer loop
      vertex -30.5981 -20.445 58
      vertex -29.3 -22.1952 7.2
      vertex -30.5981 -20.445 7.2
    endloop
  endfacet
  facet normal 0.803208 0.595698 1.05424e-06
    outer loop
      vertex -28.4468 -23.3457 58
      vertex -29.3 -22.1952 7.2
      vertex -30.5981 -20.445 58
    endloop
  endfacet
  facet normal 0.803231 0.595668 0
    outer loop
      vertex -29.3 -22.1952 7.2
      vertex -28.4468 -23.3457 58
      vertex -28.4468 -23.3457 7.2
    endloop
  endfacet
  facet normal 0.510539 -0.859855 0
    outer loop
      vertex -20.4418 30.6 7.2
      vertex -20.445 30.5981 58
      vertex -20.445 30.5981 7.2
    endloop
  endfacet
  facet normal 0.514097 -0.857732 3.03502e-07
    outer loop
      vertex -20.445 30.5981 58
      vertex -20.4418 30.6 7.2
      vertex -17.3474 32.4547 58
    endloop
  endfacet
  facet normal 0.5141 -0.85773 0
    outer loop
      vertex -17.3474 32.4547 58
      vertex -20.4418 30.6 7.2
      vertex -17.3474 32.4547 7.2
    endloop
  endfacet
  facet normal 0.0490671 -0.998795 0
    outer loop
      vertex -3.60703 36.6228 7.2
      vertex 0 36.8 58
      vertex -3.60703 36.6228 58
    endloop
  endfacet
  facet normal 0.0490671 -0.998795 0
    outer loop
      vertex 0 36.8 58
      vertex -3.60703 36.6228 7.2
      vertex 0 36.8 7.2
    endloop
  endfacet
  facet normal -0.336887 -0.941545 0
    outer loop
      vertex 10.6825 35.2154 7.2
      vertex 14.0827 33.9988 58
      vertex 10.6825 35.2154 58
    endloop
  endfacet
  facet normal -0.336887 -0.941545 -0
    outer loop
      vertex 14.0827 33.9988 58
      vertex 10.6825 35.2154 7.2
      vertex 14.0827 33.9988 7.2
    endloop
  endfacet
  facet normal 0.998795 -0.0490671 0
    outer loop
      vertex -36.8 0 58
      vertex -36.6228 3.60703 7.2
      vertex -36.6228 3.60703 58
    endloop
  endfacet
  facet normal 0.998795 -0.0490671 0
    outer loop
      vertex -36.6228 3.60703 7.2
      vertex -36.8 0 58
      vertex -36.8 0 7.2
    endloop
  endfacet
  facet normal 0.146731 -0.989176 0
    outer loop
      vertex -7.17932 36.0929 7.2
      vertex -3.60703 36.6228 58
      vertex -7.17932 36.0929 58
    endloop
  endfacet
  facet normal 0.146731 -0.989176 0
    outer loop
      vertex -3.60703 36.6228 58
      vertex -7.17932 36.0929 7.2
      vertex -3.60703 36.6228 7.2
    endloop
  endfacet
  facet normal 0.989176 0.146731 0
    outer loop
      vertex -36.0929 -7.17932 58
      vertex -36.6228 -3.60703 7.2
      vertex -36.6228 -3.60703 58
    endloop
  endfacet
  facet normal 0.989176 0.146731 0
    outer loop
      vertex -36.6228 -3.60703 7.2
      vertex -36.0929 -7.17932 58
      vertex -36.0929 -7.17932 7.2
    endloop
  endfacet
  facet normal 0.903988 -0.427558 0
    outer loop
      vertex -33.9988 14.0827 58
      vertex -32.4547 17.3474 7.2
      vertex -32.4547 17.3474 58
    endloop
  endfacet
  facet normal 0.903988 -0.427558 0
    outer loop
      vertex -32.4547 17.3474 7.2
      vertex -33.9988 14.0827 58
      vertex -33.9988 14.0827 7.2
    endloop
  endfacet
  facet normal -0.336887 0.941545 0
    outer loop
      vertex 14.0827 -33.9988 7.2
      vertex 10.6825 -35.2154 58
      vertex 14.0827 -33.9988 58
    endloop
  endfacet
  facet normal -0.336887 0.941545 0
    outer loop
      vertex 10.6825 -35.2154 58
      vertex 14.0827 -33.9988 7.2
      vertex 10.6825 -35.2154 7.2
    endloop
  endfacet
  facet normal -0.24298 0.970031 0
    outer loop
      vertex 10.6825 -35.2154 7.2
      vertex 7.17932 -36.0929 58
      vertex 10.6825 -35.2154 58
    endloop
  endfacet
  facet normal -0.24298 0.970031 0
    outer loop
      vertex 7.17932 -36.0929 58
      vertex 10.6825 -35.2154 7.2
      vertex 7.17932 -36.0929 7.2
    endloop
  endfacet
  facet normal 0.740938 0.671574 0
    outer loop
      vertex -26.0215 -26.0215 58
      vertex -28.4468 -23.3457 7.2
      vertex -28.4468 -23.3457 58
    endloop
  endfacet
  facet normal 0.740938 0.671574 0
    outer loop
      vertex -28.4468 -23.3457 7.2
      vertex -26.0215 -26.0215 58
      vertex -26.0215 -26.0215 7.2
    endloop
  endfacet
  facet normal -0.970031 0.24298 0
    outer loop
      vertex 35.2154 -10.6825 7.2
      vertex 36.0929 -7.17932 58
      vertex 36.0929 -7.17932 7.2
    endloop
  endfacet
  facet normal -0.970031 0.24298 0
    outer loop
      vertex 36.0929 -7.17932 58
      vertex 35.2154 -10.6825 7.2
      vertex 35.2154 -10.6825 58
    endloop
  endfacet
  facet normal 0.671574 0.740938 -0
    outer loop
      vertex -23.3457 -28.4468 7.2
      vertex -26.0215 -26.0215 58
      vertex -23.3457 -28.4468 58
    endloop
  endfacet
  facet normal 0.671574 0.740938 0
    outer loop
      vertex -26.0215 -26.0215 58
      vertex -23.3457 -28.4468 7.2
      vertex -26.0215 -26.0215 7.2
    endloop
  endfacet
  facet normal 0.740938 -0.671574 0
    outer loop
      vertex -28.4468 23.3457 58
      vertex -26.0215 26.0215 7.2
      vertex -26.0215 26.0215 58
    endloop
  endfacet
  facet normal 0.740938 -0.671574 0
    outer loop
      vertex -26.0215 26.0215 7.2
      vertex -28.4468 23.3457 58
      vertex -28.4468 23.3457 7.2
    endloop
  endfacet
  facet normal 0.514097 0.857732 -0
    outer loop
      vertex -17.3474 -32.4547 7.2
      vertex -20.445 -30.5981 58
      vertex -17.3474 -32.4547 58
    endloop
  endfacet
  facet normal 0.5141 0.85773 3.03815e-07
    outer loop
      vertex -20.4418 -30.6 7.2
      vertex -20.445 -30.5981 58
      vertex -17.3474 -32.4547 7.2
    endloop
  endfacet
  facet normal 0.510539 0.859855 0
    outer loop
      vertex -20.445 -30.5981 58
      vertex -20.4418 -30.6 7.2
      vertex -20.445 -30.5981 7.2
    endloop
  endfacet
  facet normal 0.24298 0.970031 -0
    outer loop
      vertex -7.17932 -36.0929 7.2
      vertex -10.6825 -35.2154 58
      vertex -7.17932 -36.0929 58
    endloop
  endfacet
  facet normal 0.24298 0.970031 0
    outer loop
      vertex -10.6825 -35.2154 58
      vertex -7.17932 -36.0929 7.2
      vertex -10.6825 -35.2154 7.2
    endloop
  endfacet
  facet normal 0.857732 0.514097 0
    outer loop
      vertex -30.5981 -20.445 58
      vertex -32.4547 -17.3474 7.2
      vertex -32.4547 -17.3474 58
    endloop
  endfacet
  facet normal 0.857732 0.514097 0
    outer loop
      vertex -32.4547 -17.3474 7.2
      vertex -30.5981 -20.445 58
      vertex -30.5981 -20.445 7.2
    endloop
  endfacet
  facet normal -0.671574 0.740938 0
    outer loop
      vertex 26.0215 -26.0215 7.2
      vertex 23.3457 -28.4468 58
      vertex 26.0215 -26.0215 58
    endloop
  endfacet
  facet normal -0.671574 0.740938 0
    outer loop
      vertex 23.3457 -28.4468 58
      vertex 26.0215 -26.0215 7.2
      vertex 23.3457 -28.4468 7.2
    endloop
  endfacet
  facet normal -1 0 0
    outer loop
      vertex 2 42.8 0
      vertex 2 44 0.9
      vertex 2 44 0
    endloop
  endfacet
  facet normal -1 -0 0
    outer loop
      vertex 2 44 0.9
      vertex 2 42.8 0
      vertex 2 42.8 0.9
    endloop
  endfacet
  facet normal 0 0 -1
    outer loop
      vertex -2 42.8 0.9
      vertex 2 44 0.9
      vertex 2 42.8 0.9
    endloop
  endfacet
  facet normal -0 0 -1
    outer loop
      vertex 2 44 0.9
      vertex -2 42.8 0.9
      vertex -2 44 0.9
    endloop
  endfacet
  facet normal 1 -0 0
    outer loop
      vertex -2 42.8 0.9
      vertex -2 44 0
      vertex -2 44 0.9
    endloop
  endfacet
  facet normal 1 0 0
    outer loop
      vertex -2 44 0
      vertex -2 42.8 0.9
      vertex -2 42.8 0
    endloop
  endfacet
  facet normal 0 1 -0
    outer loop
      vertex 2 42.8 0
      vertex -2 42.8 0.9
      vertex 2 42.8 0.9
    endloop
  endfacet
  facet normal 0 1 0
    outer loop
      vertex -2 42.8 0.9
      vertex 2 42.8 0
      vertex -2 42.8 0
    endloop
  endfacet
endsolid OpenSCAD_Model
