[0;33mRunning qemu on socket://localhost:5555[0m
Adding "qemu"'s dependency "all" to list of commands with default set of options.
Executing action: all (aliases: build)
Running ninja in directory /Users/richardhine/Documents/Xcode/ESP32-EFIS/firmware/build-qemu
Executing "ninja all"...
[1/4] cd /Users/richardhine/Documents/Xcode/ESP32-EFIS/firmware/build-qemu/esp-idf/esptool_py && /Users/richardhine/.espressif/python_env/idf5.4_py3.14_env/bin/python /Users/richardhine/.espressif/v5.4.4/esp-idf/components/partition_table/check_sizes.py --offset 0x8000 partition --type app /Users/richardhine/Documents/Xcode/ESP32-EFIS/firmware/build-qemu/partition_table/partition-table.bin /Users/richardhine/Documents/Xcode/ESP32-EFIS/firmware/build-qemu/esp32_efis.bin
esp32_efis.bin binary size 0x34570 bytes. Smallest app partition is 0x100000 bytes. 0xcba90 bytes (80%) free.
[2/4] Performing build step for 'bootloader'
[1/1] cd /Users/richardhine/Documents/Xcode/ESP32-EFIS/firmware/build-qemu/bootloader/esp-idf/esptool_py && /Users/richardhine/.espressif/python_env/idf5.4_py3.14_env/bin/python /Users/richardhine/.espressif/v5.4.4/esp-idf/components/partition_table/check_sizes.py --offset 0x8000 bootloader 0x0 /Users/richardhine/Documents/Xcode/ESP32-EFIS/firmware/build-qemu/bootloader/bootloader.bin
Bootloader binary size 0x51c0 bytes. 0x2e40 bytes (36%) free.
[3/4] No install step for 'bootloader'
[4/4] Completed 'bootloader'
[0;33mGenerating flash image: /Users/richardhine/Documents/Xcode/ESP32-EFIS/firmware/build-qemu/qemu_flash.bin[0m
esptool.py --chip=esp32s3 merge_bin --output=/Users/richardhine/Documents/Xcode/ESP32-EFIS/firmware/build-qemu/qemu_flash.bin --fill-flash-size=16MB --flash_mode dio --flash_freq 80m --flash_size 16MB 0x0 bootloader/bootloader.bin 0x10000 esp32_efis.bin 0x8000 partition_table/partition-table.bin
esptool.py v4.12.0
SHA digest in image updated
Wrote 0x1000000 bytes to file /Users/richardhine/Documents/Xcode/ESP32-EFIS/firmware/build-qemu/qemu_flash.bin, ready to flash to offset 0x0
[0;33mGenerating efuse image: /Users/richardhine/Documents/Xcode/ESP32-EFIS/firmware/build-qemu/qemu_efuse.bin[0m
[0;33mRunning qemu (bg): qemu-system-xtensa -M esp32s3 -m 32M -drive file=/Users/richardhine/Documents/Xcode/ESP32-EFIS/firmware/build-qemu/qemu_flash.bin,if=mtd,format=raw -drive file=/Users/richardhine/Documents/Xcode/ESP32-EFIS/firmware/build-qemu/qemu_efuse.bin,if=none,format=raw,id=efuse -global driver=nvram.esp32s3.efuse,property=drive,value=efuse -global driver=timer.esp32s3.timg,property=wdt_disable,value=true -nic user,model=open_eth -display sdl -serial tcp::5555,server[0m
--- esp-idf-monitor 1.10.0 on socket://localhost:5555 115200
--- Quit: Ctrl+] | Menu: Ctrl+T | Help: Ctrl+T followed by Ctrl+H
Executing action: qemu
Executing action: monitor
Running idf_monitor in directory /Users/richardhine/Documents/Xcode/ESP32-EFIS/firmware
Executing "/Users/richardhine/.espressif/python_env/idf5.4_py3.14_env/bin/python /Users/richardhine/.espressif/v5.4.4/esp-idf/tools/idf_monitor.py -p socket://localhost:5555 -b 115200 --toolchain-prefix xtensa-esp32s3-elf- --target esp32s3 --revision 0 /Users/richardhine/Documents/Xcode/ESP32-EFIS/firmware/build-qemu/esp32_efis.elf -m '/Users/richardhine/.espressif/python_env/idf5.4_py3.14_env/bin/python' '/Users/richardhine/.espressif/v5.4.4/esp-idf/tools/idf.py' '-B' 'build-qemu'"...

assert failed: 0x420097f6 <cached disabled>:188 (<cached disabled>)
--- 0x420097f6: s_psram_chip_init at /Users/richardhine/.espressif/v5.4.4/esp-idf/components/esp_psram/esp_psram.c:188(inlined by) esp_psram_init at /Users/richardhine/.espressif/v5.4.4/esp-idf/components/esp_psram/esp_psram.c:385


Backtrace: 0x40375c91:0x3fceb130 0x4037a9cd:0x3fceb150 0x403807c1:0x3fceb170 0x420097f6:0x3fceb290 0x4037546e:0x3fceb2c0 0x403ccaa0:0x3fceb340 0x403ccedd:0x3fceb380 0x403c8991:0x3fceb4b0 0x40045c01:0x3fceb570 0x40043ab6:0x3fceb6f0 0x40034c45:0x3fceb710
--- 0x40375c91: panic_abort at /Users/richardhine/.espressif/v5.4.4/esp-idf/components/esp_system/panic.c:477
--- 0x4037a9cd: esp_system_abort at /Users/richardhine/.espressif/v5.4.4/esp-idf/components/esp_system/port/esp_system_chip.c:87
--- 0x403807c1: __assert_func at /Users/richardhine/.espressif/v5.4.4/esp-idf/components/newlib/assert.c:80
--- 0x420097f6: s_psram_chip_init at /Users/richardhine/.espressif/v5.4.4/esp-idf/components/esp_psram/esp_psram.c:188(inlined by) esp_psram_init at /Users/richardhine/.espressif/v5.4.4/esp-idf/components/esp_psram/esp_psram.c:385
--- 0x4037546e: call_start_cpu0 at /Users/richardhine/.espressif/v5.4.4/esp-idf/components/esp_system/port/cpu_start.c:585
--- 0x40045c01: ets_run_flash_bootloader in ROM
--- 0x40043ab6: main in ROM
--- 0x40034c45: .stack_ok in ROM




ELF file SHA256: 

Rebooting...
ESP-ROM:esp32s3-20210327
Build:Mar 27 2021
rst:0xc (RTC_SW_CPU_RST),boot:0x4 (SPI_FLASH_BOOT)
SPIWP:0xee
mode:DIO, clock div:1
load:0x3fce2810,len:0x1564
load:0x403c8700,len:0x4
load:0x403c8704,len:0xd24
load:0x403cb700,len:0x2ed4
entry 0x403c8928
[0;32mI (238) boot: ESP-IDF v5.4.4 2nd stage bootloader[0m
[0;32mI (238) boot: compile time Sep 15 2026 15:17:18[0m
[0;32mI (238) boot: Multicore bootloader[0m
[0;32mI (240) boot: chip revision: v0.3[0m
[0;32mI (240) boot: efuse block revision: v0.0[0m
[0;32mI (240) boot.esp32s3: Boot SPI Speed : 80MHz[0m
[0;32mI (241) boot.esp32s3: SPI Mode       : SLOW READ[0m
[0;32mI (241) boot.esp32s3: SPI Flash Size : 16MB[0m
[0;32mI (242) boot: Enabling RNG early entropy source...[0m
[0;32mI (244) boot: Partition Table:[0m
[0;32mI (244) boot: ## Label            Usage          Type ST Offset   Length[0m
[0;32mI (245) boot:  0 nvs              WiFi data        01 02 00009000 00006000[0m
[0;32mI (245) boot:  1 phy_init         RF data          01 01 0000f000 00001000[0m
[0;32mI (245) boot:  2 factory          factory app      00 00 00010000 00100000[0m
[0;32mI (245) boot: End of partition table[0m
[0;32mI (246) esp_image: segment 0: paddr=00010020 vaddr=3c020020 size=0a9e4h ( 43492) map[0m
[0;32mI (250) esp_image: segment 1: paddr=0001aa0c vaddr=3fc92600 size=02f4ch ( 12108) load[0m
[0;32mI (251) esp_image: segment 2: paddr=0001d960 vaddr=40374000 size=026b8h (  9912) load[0m
[0;32mI (253) esp_image: segment 3: paddr=00020020 vaddr=42000020 size=185d8h ( 99800) map[0m
[0;32mI (260) esp_image: segment 4: paddr=00038600 vaddr=403766b8 size=0bf1ch ( 48924) load[0m
[0;32mI (266) esp_image: segment 5: paddr=00044524 vaddr=50000000 size=0001ch (    28) load[0m
[0;32mI (266) boot: Loaded app from partition at offset 0x10000[0m
[0;32mI (266) boot: Disabling RNG early entropy source...[0m

assert failed: 0x420097f6 <cached disabled>:188 (<cached disabled>)
--- 0x420097f6: s_psram_chip_init at /Users/richardhine/.espressif/v5.4.4/esp-idf/components/esp_psram/esp_psram.c:188(inlined by) esp_psram_init at /Users/richardhine/.espressif/v5.4.4/esp-idf/components/esp_psram/esp_psram.c:385


Backtrace: 0x40375c91:0x3fceb130 0x4037a9cd:0x3fceb150 0x403807c1:0x3fceb170 0x420097f6:0x3fceb290 0x4037546e:0x3fceb2c0 0x403ccaa0:0x3fceb340 0x403ccedd:0x3fceb380 0x403c8991:0x3fceb4b0 0x40045c01:0x3fceb570 0x40043ab6:0x3fceb6f0 0x40034c45:0x3fceb710
--- 0x40375c91: panic_abort at /Users/richardhine/.espressif/v5.4.4/esp-idf/components/esp_system/panic.c:477
--- 0x4037a9cd: esp_system_abort at /Users/richardhine/.espressif/v5.4.4/esp-idf/components/esp_system/port/esp_system_chip.c:87
--- 0x403807c1: __assert_func at /Users/richardhine/.espressif/v5.4.4/esp-idf/components/newlib/assert.c:80
--- 0x420097f6: s_psram_chip_init at /Users/richardhine/.espressif/v5.4.4/esp-idf/components/esp_psram/esp_psram.c:188(inlined by) esp_psram_init at /Users/richardhine/.espressif/v5.4.4/esp-idf/components/esp_psram/esp_psram.c:385
--- 0x4037546e: call_start_cpu0 at /Users/richardhine/.espressif/v5.4.4/esp-idf/components/esp_system/port/cpu_start.c:585
--- 0x40045c01: ets_run_flash_bootloader in ROM
--- 0x40043ab6: main in ROM
--- 0x40034c45: .stack_ok in ROM




ELF file SHA256: 

Rebooting...
ESP-ROM:esp32s3-20210327
Build:Mar 27 2021
rst:0xc (RTC_SW_CPU_RST),boot:0x4 (SPI_FLASH_BOOT)
SPIWP:0xee
mode:DIO, clock div:1
load:0x3fce2810,len:0x1564
load:0x403c8700,len:0x4
load:0x403c8704,len:0xd24
load:0x403cb700,len:0x2ed4
entry 0x403c8928
[0;32mI (339) boot: ESP-IDF v5.4.4 2nd stage bootloader[0m
[0;32mI (340) boot: compile time Sep 15 2026 15:17:18[0m
[0;32mI (340) boot: Multicore bootloader[0m
[0;32mI (341) boot: chip revision: v0.3[0m
[0;32mI (342) boot: efuse block revision: v0.0[0m
[0;32mI (342) boot.esp32s3: Boot SPI Speed : 80MHz[0m
[0;32mI (342) boot.esp32s3: SPI Mode       : SLOW READ[0m
[0;32mI (342) boot.esp32s3: SPI Flash Size : 16MB[0m
[0;32mI (343) boot: Enabling RNG early entropy source...[0m
[0;32mI (346) boot: Partition Table:[0m
[0;32mI (346) boot: ## Label            Usage          Type ST Offset   Length[0m
[0;32mI (346) boot:  0 nvs              WiFi data        01 02 00009000 00006000[0m
[0;32mI (346) boot:  1 phy_init         RF data          01 01 0000f000 00001000[0m
[0;32mI (347) boot:  2 factory          factory app      00 00 00010000 00100000[0m
[0;32mI (347) boot: End of partition table[0m
[0;32mI (347) esp_image: segment 0: paddr=00010020 vaddr=3c020020 size=0a9e4h ( 43492) map[0m
[0;32mI (352) esp_image: segment 1: paddr=0001aa0c vaddr=3fc92600 size=02f4ch ( 12108) load[0m
[0;32mI (353) esp_image: segment 2: paddr=0001d960 vaddr=40374000 size=026b8h (  9912) load[0m
[0;32mI (355) esp_image: segment 3: paddr=00020020 vaddr=42000020 size=185d8h ( 99800) map[0m
[0;32mI (363) esp_image: segment 4: paddr=00038600 vaddr=403766b8 size=0bf1ch ( 48924) load[0m
[0;32mI (367) esp_image: segment 5: paddr=00044524 vaddr=50000000 size=0001ch (    28) load[0m
[0;32mI (368) boot: Loaded app from partition at offset 0x10000[0m
[0;32mI (368) boot: Disabling RNG early entropy source...[0m

assert failed: 0x420097f6 <cached disabled>:188 (<cached disabled>)
--- 0x420097f6: s_psram_chip_init at /Users/richardhine/.espressif/v5.4.4/esp-idf/components/esp_psram/esp_psram.c:188(inlined by) esp_psram_init at /Users/richardhine/.espressif/v5.4.4/esp-idf/components/esp_psram/esp_psram.c:385


Backtrace: 0x40375c91:0x3fceb130 0x4037a9cd:0x3fceb150 0x403807c1:0x3fceb170 0x420097f6:0x3fceb290 0x4037546e:0x3fceb2c0 0x403ccaa0:0x3fceb340 0x403ccedd:0x3fceb380 0x403c8991:0x3fceb4b0 0x40045c01:0x3fceb570 0x40043ab6:0x3fceb6f0 0x40034c45:0x3fceb710
--- 0x40375c91: panic_abort at /Users/richardhine/.espressif/v5.4.4/esp-idf/components/esp_system/panic.c:477
--- 0x4037a9cd: esp_system_abort at /Users/richardhine/.espressif/v5.4.4/esp-idf/components/esp_system/port/esp_system_chip.c:87
--- 0x403807c1: __assert_func at /Users/richardhine/.espressif/v5.4.4/esp-idf/components/newlib/assert.c:80
--- 0x420097f6: s_psram_chip_init at /Users/richardhine/.espressif/v5.4.4/esp-idf/components/esp_psram/esp_psram.c:188(inlined by) esp_psram_init at /Users/richardhine/.espressif/v5.4.4/esp-idf/components/esp_psram/esp_psram.c:385
--- 0x4037546e: call_start_cpu0 at /Users/richardhine/.espressif/v5.4.4/esp-idf/components/esp_system/port/cpu_start.c:585
--- 0x40045c01: ets_run_flash_bootloader in ROM
--- 0x40043ab6: main in ROM
--- 0x40034c45: .stack_ok in ROM




ELF file SHA256: 

Rebooting...
ESP-ROM:esp32s3-20210327
Build:Mar 27 2021
rst:0xc (RTC_SW_CPU_RST),boot:0x4 (SPI_FLASH_BOOT)
SPIWP:0xee
mode:DIO, clock div:1
load:0x3fce2810,len:0x1564
load:0x403c8700,len:0x4
load:0x403c8704,len:0xd24
load:0x403cb700,len:0x2ed4
entry 0x403c8928
[0;32mI (442) boot: ESP-IDF v5.4.4 2nd stage bootloader[0m
[0;32mI (443) boot: compile time Sep 15 2026 15:17:18[0m
[0;32mI (443) boot: Multicore bootloader[0m
[0;32mI (444) boot: chip revision: v0.3[0m
[0;32mI (445) boot: efuse block revision: v0.0[0m
[0;32mI (445) boot.esp32s3: Boot SPI Speed : 80MHz[0m
[0;32mI (445) boot.esp32s3: SPI Mode       : SLOW READ[0m
[0;32mI (445) boot.esp32s3: SPI Flash Size : 16MB[0m
[0;32mI (446) boot: Enabling RNG early entropy source...[0m
[0;32mI (449) boot: Partition Table:[0m
[0;32mI (449) boot: ## Label            Usage          Type ST Offset   Length[0m
[0;32mI (449) boot:  0 nvs              WiFi data        01 02 00009000 00006000[0m
[0;32mI (450) boot:  1 phy_init         RF data          01 01 0000f000 00001000[0m
[0;32mI (450) boot:  2 factory          factory app      00 00 00010000 00100000[0m
[0;32mI (450) boot: End of partition table[0m
[0;32mI (450) esp_image: segment 0: paddr=00010020 vaddr=3c020020 size=0a9e4h ( 43492) map[0m
[0;32mI (454) esp_image: segment 1: paddr=0001aa0c vaddr=3fc92600 size=02f4ch ( 12108) load[0m
[0;32mI (456) esp_image: segment 2: paddr=0001d960 vaddr=40374000 size=026b8h (  9912) load[0m
[0;32mI (458) esp_image: segment 3: paddr=00020020 vaddr=42000020 size=185d8h ( 99800) map[0m
[0;32mI (470) esp_image: segment 4: paddr=00038600 vaddr=403766b8 size=0bf1ch ( 48924) load[0m
[0;32mI (477) esp_image: segment 5: paddr=00044524 vaddr=50000000 size=0001ch (    28) load[0m
[0;32mI (478) boot: Loaded app from partition at offset 0x10000[0m
[0;32mI (478) boot: Disabling RNG early entropy source...[0m

assert failed: 0x420097f6 <cached disabled>:188 (<cached disabled>)
--- 0x420097f6: s_psram_chip_init at /Users/richardhine/.espressif/v5.4.4/esp-idf/components/esp_psram/esp_psram.c:188(inlined by) esp_psram_init at /Users/richardhine/.espressif/v5.4.4/esp-idf/components/esp_psram/esp_psram.c:385


Backtrace: 0x40375c91:0x3fceb130 0x4037a9cd:0x3fceb150 0x403807c1:0x3fceb170 0x420097f6:0x3fceb290 0x4037546e:0x3fceb2c0 0x403ccaa0:0x3fceb340 0x403ccedd:0x3fceb380 0x403c8991:0x3fceb4b0 0x40045c01:0x3fceb570 0x40043ab6:0x3fceb6f0 0x40034c45:0x3fceb710
--- 0x40375c91: panic_abort at /Users/richardhine/.espressif/v5.4.4/esp-idf/components/esp_system/panic.c:477
--- 0x4037a9cd: esp_system_abort at /Users/richardhine/.espressif/v5.4.4/esp-idf/components/esp_system/port/esp_system_chip.c:87
--- 0x403807c1: __assert_func at /Users/richardhine/.espressif/v5.4.4/esp-idf/components/newlib/assert.c:80
--- 0x420097f6: s_psram_chip_init at /Users/richardhine/.espressif/v5.4.4/esp-idf/components/esp_psram/esp_psram.c:188(inlined by) esp_psram_init at /Users/richardhine/.espressif/v5.4.4/esp-idf/components/esp_psram/esp_psram.c:385
--- 0x4037546e: call_start_cpu0 at /Users/richardhine/.espressif/v5.4.4/esp-idf/components/esp_system/port/cpu_start.c:585
--- 0x40045c01: ets_run_flash_bootloader in ROM
--- 0x40043ab6: main in ROM
--- 0x40034c45: .stack_ok in ROM




ELF file SHA256: 

Rebooting...
ESP-ROM:esp32s3-20210327
Build:Mar 27 2021
rst:0xc (RTC_SW_CPU_RST),boot:0x4 (SPI_FLASH_BOOT)
SPIWP:0xee
mode:DIO, clock div:1
load:0x3fce2810,len:0x1564
load:0x403c8700,len:0x4
load:0x403c8704,len:0xd24
load:0x403cb700,len:0x2ed4
entry 0x403c8928
[0;32mI (558) boot: ESP-IDF v5.4.4 2nd stage bootloader[0m
[0;32mI (558) boot: compile time Sep 15 2026 15:17:18[0m
[0;32mI (558) boot: Multicore bootloader[0m
[0;32mI (561) boot: chip revision: v0.3[0m
[0;32mI (561) boot: efuse block revision: v0.0[0m
[0;32mI (561) boot.esp32s3: Boot SPI Speed : 80MHz[0m
[0;32mI (562) boot.esp32s3: SPI Mode       : SLOW READ[0m
[0;32mI (562) boot.esp32s3: SPI Flash Size : 16MB[0m
[0;32mI (563) boot: Enabling RNG early entropy source...[0m
[0;32mI (566) boot: Partition Table:[0m
[0;32mI (567) boot: ## Label            Usage          Type ST Offset   Length[0m
[0;32mI (567) boot:  0 nvs              WiFi data        01 02 00009000 00006000[0m
[0;32mI (567) boot:  1 phy_init         RF data          01 01 0000f000 00001000[0m
[0;32mI (567) boot:  2 factory          factory app      00 00 00010000 00100000[0m
[0;32mI (568) boot: End of partition table[0m
[0;32mI (569) esp_image: segment 0: paddr=00010020 vaddr=3c020020 size=0a9e4h ( 43492) map[0m
[0;32mI (574) esp_image: segment 1: paddr=0001aa0c vaddr=3fc92600 size=02f4ch ( 12108) load[0m
[0;32mI (576) esp_image: segment 2: paddr=0001d960 vaddr=40374000 size=026b8h (  9912) load[0m
[0;32mI (578) esp_image: segment 3: paddr=00020020 vaddr=42000020 size=185d8h ( 99800) map[0m
[0;32mI (586) esp_image: segment 4: paddr=00038600 vaddr=403766b8 size=0bf1ch ( 48924) load[0m
[0;32mI (592) esp_image: segment 5: paddr=00044524 vaddr=50000000 size=0001ch (    28) load[0m
[0;32mI (593) boot: Loaded app from partition at offset 0x10000[0m
[0;32mI (593) boot: Disabling RNG early entropy source...[0m

assert failed: 0x420097f6 <cached disabled>:188 (<cached disabled>)
--- 0x420097f6: s_psram_chip_init at /Users/richardhine/.espressif/v5.4.4/esp-idf/components/esp_psram/esp_psram.c:188(inlined by) esp_psram_init at /Users/richardhine/.espressif/v5.4.4/esp-idf/components/esp_psram/esp_psram.c:385


Backtrace: 0x40375c91:0x3fceb130 0x4037a9cd:0x3fceb150 0x403807c1:0x3fceb170 0x420097f6:0x3fceb290 0x4037546e:0x3fceb2c0 0x403ccaa0:0x3fceb340 0x403ccedd:0x3fceb380 0x403c8991:0x3fceb4b0 0x40045c01:0x3fceb570 0x40043ab6:0x3fceb6f0 0x40034c45:0x3fceb710
--- 0x40375c91: panic_abort at /Users/richardhine/.espressif/v5.4.4/esp-idf/components/esp_system/panic.c:477
--- 0x4037a9cd: esp_system_abort at /Users/richardhine/.espressif/v5.4.4/esp-idf/components/esp_system/port/esp_system_chip.c:87
--- 0x403807c1: __assert_func at /Users/richardhine/.espressif/v5.4.4/esp-idf/components/newlib/assert.c:80
--- 0x420097f6: s_psram_chip_init at /Users/richardhine/.espressif/v5.4.4/esp-idf/components/esp_psram/esp_psram.c:188(inlined by) esp_psram_init at /Users/richardhine/.espressif/v5.4.4/esp-idf/components/esp_psram/esp_psram.c:385
--- 0x4037546e: call_start_cpu0 at /Users/richardhine/.espressif/v5.4.4/esp-idf/components/esp_system/port/cpu_start.c:585
--- 0x40045c01: ets_run_flash_bootloader in ROM
--- 0x40043ab6: main in ROM
--- 0x40034c45: .stack_ok in ROM




ELF file SHA256: 

Rebooting...
ESP-ROM:esp32s3-20210327
Build:Mar 27 2021
rst:0xc (RTC_SW_CPU_RST),boot:0x4 (SPI_FLASH_BOOT)
SPIWP:0xee
mode:DIO, clock div:1
load:0x3fce2810,len:0x1564
load:0x403c8700,len:0x4
load:0x403c8704,len:0xd24
load:0x403cb700,len:0x2ed4
entry 0x403c8928
[0;32mI (669) boot: ESP-IDF v5.4.4 2nd stage bootloader[0m
[0;32mI (669) boot: compile time Sep 15 2026 15:17:18[0m
[0;32mI (669) boot: Multicore bootloader[0m
[0;32mI (671) boot: chip revision: v0.3[0m
[0;32mI (671) boot: efuse block revision: v0.0[0m
[0;32mI (672) boot.esp32s3: Boot SPI Speed : 80MHz[0m
[0;32mI (672) boot.esp32s3: SPI Mode       : SLOW READ[0m
[0;32mI (672) boot.esp32s3: SPI Flash Size : 16MB[0m
[0;32mI (673) boot: Enabling RNG early entropy source...[0m
[0;32mI (676) boot: Partition Table:[0m
[0;32mI (676) boot: ## Label            Usage          Type ST Offset   Length[0m
[0;32mI (676) boot:  0 nvs              WiFi data        01 02 00009000 00006000[0m
[0;32mI (677) boot:  1 phy_init         RF data          01 01 0000f000 00001000[0m
[0;32mI (677) boot:  2 factory          factory app      00 00 00010000 00100000[0m
[0;32mI (677) boot: End of partition table[0m
[0;32mI (677) esp_image: segment 0: paddr=00010020 vaddr=3c020020 size=0a9e4h ( 43492) map[0m
[0;32mI (681) esp_image: segment 1: paddr=0001aa0c vaddr=3fc92600 size=02f4ch ( 12108) load[0m
[0;32mI (683) esp_image: segment 2: paddr=0001d960 vaddr=40374000 size=026b8h (  9912) load[0m
[0;32mI (685) esp_image: segment 3: paddr=00020020 vaddr=42000020 size=185d8h ( 99800) map[0m
[0;32mI (696) esp_image: segment 4: paddr=00038600 vaddr=403766b8 size=0bf1ch ( 48924) load[0m
[0;32mI (703) esp_image: segment 5: paddr=00044524 vaddr=50000000 size=0001ch (    28) load[0m
[0;32mI (703) boot: Loaded app from partition at offset 0x10000[0m
[0;32mI (704) boot: Disabling RNG early entropy source...[0m

assert failed: 0x420097f6 <cached disabled>:188 (<cached disabled>)
--- 0x420097f6: s_psram_chip_init at /Users/richardhine/.espressif/v5.4.4/esp-idf/components/esp_psram/esp_psram.c:188(inlined by) esp_psram_init at /Users/richardhine/.espressif/v5.4.4/esp-idf/components/esp_psram/esp_psram.c:385


Backtrace: 0x40375c91:0x3fceb130 0x4037a9cd:0x3fceb150 0x403807c1:0x3fceb170 0x420097f6:0x3fceb290 0x4037546e:0x3fceb2c0 0x403ccaa0:0x3fceb340 0x403ccedd:0x3fceb380 0x403c8991:0x3fceb4b0 0x40045c01:0x3fceb570 0x40043ab6:0x3fceb6f0 0x40034c45:0x3fceb710
--- 0x40375c91: panic_abort at /Users/richardhine/.espressif/v5.4.4/esp-idf/components/esp_system/panic.c:477
--- 0x4037a9cd: esp_system_abort at /Users/richardhine/.espressif/v5.4.4/esp-idf/components/esp_system/port/esp_system_chip.c:87
--- 0x403807c1: __assert_func at /Users/richardhine/.espressif/v5.4.4/esp-idf/components/newlib/assert.c:80
--- 0x420097f6: s_psram_chip_init at /Users/richardhine/.espressif/v5.4.4/esp-idf/components/esp_psram/esp_psram.c:188(inlined by) esp_psram_init at /Users/richardhine/.espressif/v5.4.4/esp-idf/components/esp_psram/esp_psram.c:385
--- 0x4037546e: call_start_cpu0 at /Users/richardhine/.espressif/v5.4.4/esp-idf/components/esp_system/port/cpu_start.c:585
--- 0x40045c01: ets_run_flash_bootloader in ROM
--- 0x40043ab6: main in ROM
--- 0x40034c45: .stack_ok in ROM




ELF file SHA256: 

Rebooting...
ESP-ROM:esp32s3-20210327
Build:Mar 27 2021
rst:0xc (RTC_SW_CPU_RST),boot:0x4 (SPI_FLASH_BOOT)
SPIWP:0xee
mode:DIO, clock div:1
load:0x3fce2810,len:0x1564
load:0x403c8700,len:0x4
load:0x403c8704,len:0xd24
load:0x403cb700,len:0x2ed4
entry 0x403c8928
[0;32mI (783) boot: ESP-IDF v5.4.4 2nd stage bootloader[0m
[0;32mI (783) boot: compile time Sep 15 2026 15:17:18[0m
[0;32mI (783) boot: Multicore bootloader[0m
[0;32mI (786) boot: chip revision: v0.3[0m
[0;32mI (786) boot: efuse block revision: v0.0[0m
[0;32mI (786) boot.esp32s3: Boot SPI Speed : 80MHz[0m
[0;32mI (787) boot.esp32s3: SPI Mode       : SLOW READ[0m
[0;32mI (787) boot.esp32s3: SPI Flash Size : 16MB[0m
[0;32mI (788) boot: Enabling RNG early entropy source...[0m
[0;32mI (791) boot: Partition Table:[0m
[0;32mI (792) boot: ## Label            Usage          Type ST Offset   Length[0m
[0;32mI (792) boot:  0 nvs              WiFi data        01 02 00009000 00006000[0m
[0;32mI (792) boot:  1 phy_init         RF data          01 01 0000f000 00001000[0m
[0;32mI (792) boot:  2 factory          factory app      00 00 00010000 00100000[0m
[0;32mI (793) boot: End of partition table[0m
[0;32mI (793) esp_image: segment 0: paddr=00010020 vaddr=3c020020 size=0a9e4h ( 43492) map[0m
[0;32mI (799) esp_image: segment 1: paddr=0001aa0c vaddr=3fc92600 size=02f4ch ( 12108) load[0m
[0;32mI (801) esp_image: segment 2: paddr=0001d960 vaddr=40374000 size=026b8h (  9912) load[0m
[0;32mI (803) esp_image: segment 3: paddr=00020020 vaddr=42000020 size=185d8h ( 99800) map[0m
[0;32mI (811) esp_image: segment 4: paddr=00038600 vaddr=403766b8 size=0bf1ch ( 48924) load[0m
[0;32mI (817) esp_image: segment 5: paddr=00044524 vaddr=50000000 size=0001ch (    28) load[0m
[0;32mI (818) boot: Loaded app from partition at offset 0x10000[0m
[0;32mI (818) boot: Disabling RNG early entropy source...[0m

assert failed: 0x420097f6 <cached disabled>:188 (<cached disabled>)
--- 0x420097f6: s_psram_chip_init at /Users/richardhine/.espressif/v5.4.4/esp-idf/components/esp_psram/esp_psram.c:188(inlined by) esp_psram_init at /Users/richardhine/.espressif/v5.4.4/esp-idf/components/esp_psram/esp_psram.c:385


Backtrace: 0x40375c91:0x3fceb130 0x4037a9cd:0x3fceb150 0x403807c1:0x3fceb170 0x420097f6:0x3fceb290 0x4037546e:0x3fceb2c0 0x403ccaa0:0x3fceb340 0x403ccedd:0x3fceb380 0x403c8991:0x3fceb4b0 0x40045c01:0x3fceb570 0x40043ab6:0x3fceb6f0 0x40034c45:0x3fceb710
--- 0x40375c91: panic_abort at /Users/richardhine/.espressif/v5.4.4/esp-idf/components/esp_system/panic.c:477
--- 0x4037a9cd: esp_system_abort at /Users/richardhine/.espressif/v5.4.4/esp-idf/components/esp_system/port/esp_system_chip.c:87
--- 0x403807c1: __assert_func at /Users/richardhine/.espressif/v5.4.4/esp-idf/components/newlib/assert.c:80
--- 0x420097f6: s_psram_chip_init at /Users/richardhine/.espressif/v5.4.4/esp-idf/components/esp_psram/esp_psram.c:188(inlined by) esp_psram_init at /Users/richardhine/.espressif/v5.4.4/esp-idf/components/esp_psram/esp_psram.c:385
--- 0x4037546e: call_start_cpu0 at /Users/richardhine/.espressif/v5.4.4/esp-idf/components/esp_system/port/cpu_start.c:585
--- 0x40045c01: ets_run_flash_bootloader in ROM
--- 0x40043ab6: main in ROM
--- 0x40034c45: .stack_ok in ROM




ELF file SHA256: 

Rebooting...
ESP-ROM:esp32s3-20210327
Build:Mar 27 2021
rst:0xc (RTC_SW_CPU_RST),boot:0x4 (SPI_FLASH_BOOT)
SPIWP:0xee
mode:DIO, clock div:1
load:0x3fce2810,len:0x1564
load:0x403c8700,len:0x4
load:0x403c8704,len:0xd24
load:0x403cb700,len:0x2ed4
entry 0x403c8928
[0;32mI (895) boot: ESP-IDF v5.4.4 2nd stage bootloader[0m
[0;32mI (895) boot: compile time Sep 15 2026 15:17:18[0m
[0;32mI (895) boot: Multicore bootloader[0m
[0;32mI (897) boot: chip revision: v0.3[0m
[0;32mI (897) boot: efuse block revision: v0.0[0m
[0;32mI (898) boot.esp32s3: Boot SPI Speed : 80MHz[0m
[0;32mI (898) boot.esp32s3: SPI Mode       : SLOW READ[0m
[0;32mI (898) boot.esp32s3: SPI Flash Size : 16MB[0m
[0;32mI (899) boot: Enabling RNG early entropy source...[0m
[0;32mI (902) boot: Partition Table:[0m
[0;32mI (902) boot: ## Label            Usage          Type ST Offset   Length[0m
[0;32mI (902) boot:  0 nvs              WiFi data        01 02 00009000 00006000[0m
[0;32mI (903) boot:  1 phy_init         RF data          01 01 0000f000 00001000[0m
[0;32mI (903) boot:  2 factory          factory app      00 00 00010000 00100000[0m
[0;32mI (903) boot: End of partition table[0m
[0;32mI (903) esp_image: segment 0: paddr=00010020 vaddr=3c020020 size=0a9e4h ( 43492) map[0m
[0;32mI (907) esp_image: segment 1: paddr=0001aa0c vaddr=3fc92600 size=02f4ch ( 12108) load[0m
[0;32mI (909) esp_image: segment 2: paddr=0001d960 vaddr=40374000 size=026b8h (  9912) load[0m
[0;32mI (910) esp_image: segment 3: paddr=00020020 vaddr=42000020 size=185d8h ( 99800) map[0m
[0;32mI (920) esp_image: segment 4: paddr=00038600 vaddr=403766b8 size=0bf1ch ( 48924) load[0m
[0;32mI (928) esp_image: segment 5: paddr=00044524 vaddr=50000000 size=0001ch (    28) load[0m
[0;32mI (929) boot: Loaded app from partition at offset 0x10000[0m
[0;32mI (929) boot: Disabling RNG early entropy source...[0m

assert failed: 0x420097f6 <cached disabled>:188 (<cached disabled>)
--- 0x420097f6: s_psram_chip_init at /Users/richardhine/.espressif/v5.4.4/esp-idf/components/esp_psram/esp_psram.c:188(inlined by) esp_psram_init at /Users/richardhine/.espressif/v5.4.4/esp-idf/components/esp_psram/esp_psram.c:385


Backtrace: 0x40375c91:0x3fceb130 0x4037a9cd:0x3fceb150 0x403807c1:0x3fceb170 0x420097f6:0x3fceb290 0x4037546e:0x3fceb2c0 0x403ccaa0:0x3fceb340 0x403ccedd:0x3fceb380 0x403c8991:0x3fceb4b0 0x40045c01:0x3fceb570 0x40043ab6:0x3fceb6f0 0x40034c45:0x3fceb710
--- 0x40375c91: panic_abort at /Users/richardhine/.espressif/v5.4.4/esp-idf/components/esp_system/panic.c:477
--- 0x4037a9cd: esp_system_abort at /Users/richardhine/.espressif/v5.4.4/esp-idf/components/esp_system/port/esp_system_chip.c:87
--- 0x403807c1: __assert_func at /Users/richardhine/.espressif/v5.4.4/esp-idf/components/newlib/assert.c:80
--- 0x420097f6: s_psram_chip_init at /Users/richardhine/.espressif/v5.4.4/esp-idf/components/esp_psram/esp_psram.c:188(inlined by) esp_psram_init at /Users/richardhine/.espressif/v5.4.4/esp-idf/components/esp_psram/esp_psram.c:385
--- 0x4037546e: call_start_cpu0 at /Users/richardhine/.espressif/v5.4.4/esp-idf/components/esp_system/port/cpu_start.c:585
--- 0x40045c01: ets_run_flash_bootloader in ROM
--- 0x40043ab6: main in ROM
--- 0x40034c45: .stack_ok in ROM




ELF file SHA256: 

Rebooting...
ESP-ROM:esp32s3-20210327
Build:Mar 27 2021
rst:0xc (RTC_SW_CPU_RST),boot:0x4 (SPI_FLASH_BOOT)
SPIWP:0xee
mode:DIO, clock div:1
load:0x3fce2810,len:0x1564
load:0x403c8700,len:0x4
load:0x403c8704,len:0xd24
load:0x403cb700,len:0x2ed4
entry 0x403c8928
[0;32mI (1007) boot: ESP-IDF v5.4.4 2nd stage bootloader[0m
[0;32mI (1007) boot: compile time Sep 15 2026 15:17:18[0m
[0;32mI (1007) boot: Multicore bootloader[0m
[0;32mI (1010) boot: chip revision: v0.3[0m
[0;32mI (1010) boot: efuse block revision: v0.0[0m
[0;32mI (1010) boot.esp32s3: Boot SPI Speed : 80MHz[0m
[0;32mI (1010) boot.esp32s3: SPI Mode       : SLOW READ[0m
[0;32mI (1011) boot.esp32s3: SPI Flash Size : 16MB[0m
[0;32mI (1012) boot: Enabling RNG early entropy source...[0m
[0;32mI (1015) boot: Partition Table:[0m
[0;32mI (1015) boot: ## Label            Usage          Type ST Offset   Length[0m
[0;32mI (1015) boot:  0 nvs              WiFi data        01 02 00009000 00006000[0m
[0;32mI (1015) boot:  1 phy_init         RF data          01 01 0000f000 00001000[0m
[0;32mI (1015) boot:  2 factory          factory app      00 00 00010000 00100000[0m
[0;32mI (1016) boot: End of partition table[0m
[0;32mI (1016) esp_image: segment 0: paddr=00010020 vaddr=3c020020 size=0a9e4h ( 43492) map[0m
[0;32mI (1020) esp_image: segment 1: paddr=0001aa0c vaddr=3fc92600 size=02f4ch ( 12108) load[0m
[0;32mI (1022) esp_image: segment 2: paddr=0001d960 vaddr=40374000 size=026b8h (  9912) load[0m
[0;32mI (1024) esp_image: segment 3: paddr=00020020 vaddr=42000020 size=185d8h ( 99800) map[0m
[0;32mI (1034) esp_image: segment 4: paddr=00038600 vaddr=403766b8 size=0bf1ch ( 48924) load[0m
[0;32mI (1042) esp_image: segment 5: paddr=00044524 vaddr=50000000 size=0001ch (    28) load[0m
[0;32mI (1043) boot: Loaded app from partition at offset 0x10000[0m
[0;32mI (1043) boot: Disabling RNG early entropy source...[0m

assert failed: 0x420097f6 <cached disabled>:188 (<cached disabled>)
--- 0x420097f6: s_psram_chip_init at /Users/richardhine/.espressif/v5.4.4/esp-idf/components/esp_psram/esp_psram.c:188(inlined by) esp_psram_init at /Users/richardhine/.espressif/v5.4.4/esp-idf/components/esp_psram/esp_psram.c:385


Backtrace: 0x40375c91:0x3fceb130 0x4037a9cd:0x3fceb150 0x403807c1:0x3fceb170 0x420097f6:0x3fceb290 0x4037546e:0x3fceb2c0 0x403ccaa0:0x3fceb340 0x403ccedd:0x3fceb380 0x403c8991:0x3fceb4b0 0x40045c01:0x3fceb570 0x40043ab6:0x3fceb6f0 0x40034c45:0x3fceb710
--- 0x40375c91: panic_abort at /Users/richardhine/.espressif/v5.4.4/esp-idf/components/esp_system/panic.c:477
--- 0x4037a9cd: esp_system_abort at /Users/richardhine/.espressif/v5.4.4/esp-idf/components/esp_system/port/esp_system_chip.c:87
--- 0x403807c1: __assert_func at /Users/richardhine/.espressif/v5.4.4/esp-idf/components/newlib/assert.c:80
--- 0x420097f6: s_psram_chip_init at /Users/richardhine/.espressif/v5.4.4/esp-idf/components/esp_psram/esp_psram.c:188(inlined by) esp_psram_init at /Users/richardhine/.espressif/v5.4.4/esp-idf/components/esp_psram/esp_psram.c:385
--- 0x4037546e: call_start_cpu0 at /Users/richardhine/.espressif/v5.4.4/esp-idf/components/esp_system/port/cpu_start.c:585
--- 0x40045c01: ets_run_flash_bootloader in ROM
--- 0x40043ab6: main in ROM
--- 0x40034c45: .stack_ok in ROM




ELF file SHA256: 

Rebooting...
ESP-ROM:esp32s3-20210327
Build:Mar 27 2021
rst:0xc (RTC_SW_CPU_RST),boot:0x4 (SPI_FLASH_BOOT)
SPIWP:0xee
mode:DIO, clock div:1
load:0x3fce2810,len:0x1564
load:0x403c8700,len:0x4
load:0x403c8704,len:0xd24
load:0x403cb700,len:0x2ed4
entry 0x403c8928
[0;32mI (1121) boot: ESP-IDF v5.4.4 2nd stage bootloader[0m
[0;32mI (1121) boot: compile time Sep 15 2026 15:17:18[0m
[0;32mI (1122) boot: Multicore bootloader[0m
[0;32mI (1123) boot: chip revision: v0.3[0m
[0;32mI (1124) boot: efuse block revision: v0.0[0m
[0;32mI (1124) boot.esp32s3: Boot SPI Speed : 80MHz[0m
[0;32mI (1124) boot.esp32s3: SPI Mode       : SLOW READ[0m
[0;32mI (1124) boot.esp32s3: SPI Flash Size : 16MB[0m
[0;32mI (1126) boot: Enabling RNG early entropy source...[0m
[0;32mI (1128) boot: Partition Table:[0m
[0;32mI (1129) boot: ## Label            Usage          Type ST Offset   Length[0m
[0;32mI (1129) boot:  0 nvs              WiFi data        01 02 00009000 00006000[0m
[0;32mI (1129) boot:  1 phy_init         RF data          01 01 0000f000 00001000[0m
[0;32mI (1129) boot:  2 factory          factory app      00 00 00010000 00100000[0m
[0;32mI (1130) boot: End of partition table[0m
[0;32mI (1130) esp_image: segment 0: paddr=00010020 vaddr=3c020020 size=0a9e4h ( 43492) map[0m
[0;32mI (1134) esp_image: segment 1: paddr=0001aa0c vaddr=3fc92600 size=02f4ch ( 12108) load[0m
[0;32mI (1136) esp_image: segment 2: paddr=0001d960 vaddr=40374000 size=026b8h (  9912) load[0m
[0;32mI (1137) esp_image: segment 3: paddr=00020020 vaddr=42000020 size=185d8h ( 99800) map[0m
[0;32mI (1149) esp_image: segment 4: paddr=00038600 vaddr=403766b8 size=0bf1ch ( 48924) load[0m
[0;32mI (1156) esp_image: segment 5: paddr=00044524 vaddr=50000000 size=0001ch (    28) load[0m
[0;32mI (1157) boot: Loaded app from partition at offset 0x10000[0m
[0;32mI (1158) boot: Disabling RNG early entropy source...[0m

assert failed: 0x420097f6 <cached disabled>:188 (<cached disabled>)
--- 0x420097f6: s_psram_chip_init at /Users/richardhine/.espressif/v5.4.4/esp-idf/components/esp_psram/esp_psram.c:188(inlined by) esp_psram_init at /Users/richardhine/.espressif/v5.4.4/esp-idf/components/esp_psram/esp_psram.c:385


Backtrace: 0x40375c91:0x3fceb130 0x4037a9cd:0x3fceb150 0x403807c1:0x3fceb170 0x420097f6:0x3fceb290 0x4037546e:0x3fceb2c0 0x403ccaa0:0x3fceb340 0x403ccedd:0x3fceb380 0x403c8991:0x3fceb4b0 0x40045c01:0x3fceb570 0x40043ab6:0x3fceb6f0 0x40034c45:0x3fceb710
--- 0x40375c91: panic_abort at /Users/richardhine/.espressif/v5.4.4/esp-idf/components/esp_system/panic.c:477
--- 0x4037a9cd: esp_system_abort at /Users/richardhine/.espressif/v5.4.4/esp-idf/components/esp_system/port/esp_system_chip.c:87
--- 0x403807c1: __assert_func at /Users/richardhine/.espressif/v5.4.4/esp-idf/components/newlib/assert.c:80
--- 0x420097f6: s_psram_chip_init at /Users/richardhine/.espressif/v5.4.4/esp-idf/components/esp_psram/esp_psram.c:188(inlined by) esp_psram_init at /Users/richardhine/.espressif/v5.4.4/esp-idf/components/esp_psram/esp_psram.c:385
--- 0x4037546e: call_start_cpu0 at /Users/richardhine/.espressif/v5.4.4/esp-idf/components/esp_system/port/cpu_start.c:585
--- 0x40045c01: ets_run_flash_bootloader in ROM
--- 0x40043ab6: main in ROM
--- 0x40034c45: .stack_ok in ROM




ELF file SHA256: 

Rebooting...
ESP-ROM:esp32s3-20210327
Build:Mar 27 2021
rst:0xc (RTC_SW_CPU_RST),boot:0x4 (SPI_FLASH_BOOT)
SPIWP:0xee
mode:DIO, clock div:1
load:0x3fce2810,len:0x1564
load:0x403c8700,len:0x4
load:0x403c8704,len:0xd24
load:0x403cb700,len:0x2ed4
entry 0x403c8928
[0;32mI (1235) boot: ESP-IDF v5.4.4 2nd stage bootloader[0m
[0;32mI (1235) boot: compile time Sep 15 2026 15:17:18[0m
[0;32mI (1235) boot: Multicore bootloader[0m
[0;32mI (1237) boot: chip revision: v0.3[0m
[0;32mI (1238) boot: efuse block revision: v0.0[0m
[0;32mI (1238) boot.esp32s3: Boot SPI Speed : 80MHz[0m
[0;32mI (1238) boot.esp32s3: SPI Mode       : SLOW READ[0m
[0;32mI (1238) boot.esp32s3: SPI Flash Size : 16MB[0m
[0;32mI (1240) boot: Enabling RNG early entropy source...[0m
[0;32mI (1242) boot: Partition Table:[0m
[0;32mI (1242) boot: ## Label            Usage          Type ST Offset   Length[0m
[0;32mI (1243) boot:  0 nvs              WiFi data        01 02 00009000 00006000[0m
[0;32mI (1243) boot:  1 phy_init         RF data          01 01 0000f000 00001000[0m
[0;32mI (1243) boot:  2 factory          factory app      00 00 00010000 00100000[0m
[0;32mI (1244) boot: End of partition table[0m
[0;32mI (1244) esp_image: segment 0: paddr=00010020 vaddr=3c020020 size=0a9e4h ( 43492) map[0m
[0;32mI (1248) esp_image: segment 1: paddr=0001aa0c vaddr=3fc92600 size=02f4ch ( 12108) load[0m
[0;32mI (1249) esp_image: segment 2: paddr=0001d960 vaddr=40374000 size=026b8h (  9912) load[0m
[0;32mI (1251) esp_image: segment 3: paddr=00020020 vaddr=42000020 size=185d8h ( 99800) map[0m
[0;32mI (1262) esp_image: segment 4: paddr=00038600 vaddr=403766b8 size=0bf1ch ( 48924) load[0m
[0;32mI (1270) esp_image: segment 5: paddr=00044524 vaddr=50000000 size=0001ch (    28) load[0m
[0;32mI (1271) boot: Loaded app from partition at offset 0x10000[0m
[0;32mI (1271) boot: Disabling RNG early entropy source...[0m

assert failed: 0x420097f6 <cached disabled>:188 (<cached disabled>)
--- 0x420097f6: s_psram_chip_init at /Users/richardhine/.espressif/v5.4.4/esp-idf/components/esp_psram/esp_psram.c:188(inlined by) esp_psram_init at /Users/richardhine/.espressif/v5.4.4/esp-idf/components/esp_psram/esp_psram.c:385


Backtrace: 0x40375c91:0x3fceb130 0x4037a9cd:0x3fceb150 0x403807c1:0x3fceb170 0x420097f6:0x3fceb290 0x4037546e:0x3fceb2c0 0x403ccaa0:0x3fceb340 0x403ccedd:0x3fceb380 0x403c8991:0x3fceb4b0 0x40045c01:0x3fceb570 0x40043ab6:0x3fceb6f0 0x40034c45:0x3fceb710
--- 0x40375c91: panic_abort at /Users/richardhine/.espressif/v5.4.4/esp-idf/components/esp_system/panic.c:477
--- 0x4037a9cd: esp_system_abort at /Users/richardhine/.espressif/v5.4.4/esp-idf/components/esp_system/port/esp_system_chip.c:87
--- 0x403807c1: __assert_func at /Users/richardhine/.espressif/v5.4.4/esp-idf/components/newlib/assert.c:80
--- 0x420097f6: s_psram_chip_init at /Users/richardhine/.espressif/v5.4.4/esp-idf/components/esp_psram/esp_psram.c:188(inlined by) esp_psram_init at /Users/richardhine/.espressif/v5.4.4/esp-idf/components/esp_psram/esp_psram.c:385
--- 0x4037546e: call_start_cpu0 at /Users/richardhine/.espressif/v5.4.4/esp-idf/components/esp_system/port/cpu_start.c:585
--- 0x40045c01: ets_run_flash_bootloader in ROM
--- 0x40043ab6: main in ROM
--- 0x40034c45: .stack_ok in ROM




ELF file SHA256: 

Rebooting...
ESP-ROM:esp32s3-20210327
Build:Mar 27 2021
rst:0xc (RTC_SW_CPU_RST),boot:0x4 (SPI_FLASH_BOOT)
SPIWP:0xee
mode:DIO, clock div:1
load:0x3fce2810,len:0x1564
load:0x403c8700,len:0x4
load:0x403c8704,len:0xd24
load:0x403cb700,len:0x2ed4
entry 0x403c8928
[0;32mI (1348) boot: ESP-IDF v5.4.4 2nd stage bootloader[0m
[0;32mI (1348) boot: compile time Sep 15 2026 15:17:18[0m
[0;32mI (1348) boot: Multicore bootloader[0m
[0;32mI (1350) boot: chip revision: v0.3[0m
[0;32mI (1350) boot: efuse block revision: v0.0[0m
[0;32mI (1351) boot.esp32s3: Boot SPI Speed : 80MHz[0m
[0;32mI (1351) boot.esp32s3: SPI Mode       : SLOW READ[0m
[0;32mI (1351) boot.esp32s3: SPI Flash Size : 16MB[0m
[0;32mI (1352) boot: Enabling RNG early entropy source...[0m
[0;32mI (1355) boot: Partition Table:[0m
[0;32mI (1355) boot: ## Label            Usage          Type ST Offset   Length[0m
[0;32mI (1355) boot:  0 nvs              WiFi data        01 02 00009000 00006000[0m
[0;32mI (1356) boot:  1 phy_init         RF data          01 01 0000f000 00001000[0m
[0;32mI (1356) boot:  2 factory          factory app      00 00 00010000 00100000[0m
[0;32mI (1356) boot: End of partition table[0m
[0;32mI (1357) esp_image: segment 0: paddr=00010020 vaddr=3c020020 size=0a9e4h ( 43492) map[0m
[0;32mI (1361) esp_image: segment 1: paddr=0001aa0c vaddr=3fc92600 size=02f4ch ( 12108) load[0m
[0;32mI (1363) esp_image: segment 2: paddr=0001d960 vaddr=40374000 size=026b8h (  9912) load[0m
[0;32mI (1365) esp_image: segment 3: paddr=00020020 vaddr=42000020 size=185d8h ( 99800) map[0m
[0;32mI (1375) esp_image: segment 4: paddr=00038600 vaddr=403766b8 size=0bf1ch ( 48924) load[0m
[0;32mI (1383) esp_image: segment 5: paddr=00044524 vaddr=50000000 size=0001ch (    28) load[0m
[0;32mI (1384) boot: Loaded app from partition at offset 0x10000[0m
[0;32mI (1384) boot: Disabling RNG early entropy source...[0m

assert failed: 0x420097f6 <cached disabled>:188 (<cached disabled>)
--- 0x420097f6: s_psram_chip_init at /Users/richardhine/.espressif/v5.4.4/esp-idf/components/esp_psram/esp_psram.c:188(inlined by) esp_psram_init at /Users/richardhine/.espressif/v5.4.4/esp-idf/components/esp_psram/esp_psram.c:385


Backtrace: 0x40375c91:0x3fceb130 0x4037a9cd:0x3fceb150 0x403807c1:0x3fceb170 0x420097f6:0x3fceb290 0x4037546e:0x3fceb2c0 0x403ccaa0:0x3fceb340 0x403ccedd:0x3fceb380 0x403c8991:0x3fceb4b0 0x40045c01:0x3fceb570 0x40043ab6:0x3fceb6f0 0x40034c45:0x3fceb710
--- 0x40375c91: panic_abort at /Users/richardhine/.espressif/v5.4.4/esp-idf/components/esp_system/panic.c:477
--- 0x4037a9cd: esp_system_abort at /Users/richardhine/.espressif/v5.4.4/esp-idf/components/esp_system/port/esp_system_chip.c:87
--- 0x403807c1: __assert_func at /Users/richardhine/.espressif/v5.4.4/esp-idf/components/newlib/assert.c:80
--- 0x420097f6: s_psram_chip_init at /Users/richardhine/.espressif/v5.4.4/esp-idf/components/esp_psram/esp_psram.c:188(inlined by) esp_psram_init at /Users/richardhine/.espressif/v5.4.4/esp-idf/components/esp_psram/esp_psram.c:385
--- 0x4037546e: call_start_cpu0 at /Users/richardhine/.espressif/v5.4.4/esp-idf/components/esp_system/port/cpu_start.c:585
--- 0x40045c01: ets_run_flash_bootloader in ROM
--- 0x40043ab6: main in ROM
--- 0x40034c45: .stack_ok in ROM




ELF file SHA256: 

Rebooting...
ESP-ROM:esp32s3-20210327
Build:Mar 27 2021
rst:0xc (RTC_SW_CPU_RST),boot:0x4 (SPI_FLASH_BOOT)
SPIWP:0xee
mode:DIO, clock div:1
load:0x3fce2810,len:0x1564
load:0x403c8700,len:0x4
load:0x403c8704,len:0xd24
load:0x403cb700,len:0x2ed4
entry 0x403c8928
[0;32mI (1461) boot: ESP-IDF v5.4.4 2nd stage bootloader[0m
[0;32mI (1461) boot: compile time Sep 15 2026 15:17:18[0m
[0;32mI (1461) boot: Multicore bootloader[0m
[0;32mI (1463) boot: chip revision: v0.3[0m
[0;32mI (1463) boot: efuse block revision: v0.0[0m
[0;32mI (1464) boot.esp32s3: Boot SPI Speed : 80MHz[0m
[0;32mI (1464) boot.esp32s3: SPI Mode       : SLOW READ[0m
[0;32mI (1464) boot.esp32s3: SPI Flash Size : 16MB[0m
[0;32mI (1465) boot: Enabling RNG early entropy source...[0m
[0;32mI (1468) boot: Partition Table:[0m
[0;32mI (1468) boot: ## Label            Usage          Type ST Offset   Length[0m
[0;32mI (1468) boot:  0 nvs              WiFi data        01 02 00009000 00006000[0m
[0;32mI (1469) boot:  1 phy_init         RF data          01 01 0000f000 00001000[0m
[0;32mI (1469) boot:  2 factory          factory app      00 00 00010000 00100000[0m
[0;32mI (1469) boot: End of partition table[0m
[0;32mI (1470) esp_image: segment 0: paddr=00010020 vaddr=3c020020 size=0a9e4h ( 43492) map[0m
[0;32mI (1474) esp_image: segment 1: paddr=0001aa0c vaddr=3fc92600 size=02f4ch ( 12108) load[0m
[0;32mI (1475) esp_image: segment 2: paddr=0001d960 vaddr=40374000 size=026b8h (  9912) load[0m
[0;32mI (1477) esp_image: segment 3: paddr=00020020 vaddr=42000020 size=185d8h ( 99800) map[0m
[0;32mI (1488) esp_image: segment 4: paddr=00038600 vaddr=403766b8 size=0bf1ch ( 48924) load[0m
[0;32mI (1496) esp_image: segment 5: paddr=00044524 vaddr=50000000 size=0001ch (    28) load[0m
[0;32mI (1497) boot: Loaded app from partition at offset 0x10000[0m
[0;32mI (1497) boot: Disabling RNG early entropy source...[0m

assert failed: 0x420097f6 <cached disabled>:188 (<cached disabled>)
--- 0x420097f6: s_psram_chip_init at /Users/richardhine/.espressif/v5.4.4/esp-idf/components/esp_psram/esp_psram.c:188(inlined by) esp_psram_init at /Users/richardhine/.espressif/v5.4.4/esp-idf/components/esp_psram/esp_psram.c:385


Backtrace: 0x40375c91:0x3fceb130 0x4037a9cd:0x3fceb150 0x403807c1:0x3fceb170 0x420097f6:0x3fceb290 0x4037546e:0x3fceb2c0 0x403ccaa0:0x3fceb340 0x403ccedd:0x3fceb380 0x403c8991:0x3fceb4b0 0x40045c01:0x3fceb570 0x40043ab6:0x3fceb6f0 0x40034c45:0x3fceb710
--- 0x40375c91: panic_abort at /Users/richardhine/.espressif/v5.4.4/esp-idf/components/esp_system/panic.c:477
--- 0x4037a9cd: esp_system_abort at /Users/richardhine/.espressif/v5.4.4/esp-idf/components/esp_system/port/esp_system_chip.c:87
--- 0x403807c1: __assert_func at /Users/richardhine/.espressif/v5.4.4/esp-idf/components/newlib/assert.c:80
--- 0x420097f6: s_psram_chip_init at /Users/richardhine/.espressif/v5.4.4/esp-idf/components/esp_psram/esp_psram.c:188(inlined by) esp_psram_init at /Users/richardhine/.espressif/v5.4.4/esp-idf/components/esp_psram/esp_psram.c:385
--- 0x4037546e: call_start_cpu0 at /Users/richardhine/.espressif/v5.4.4/esp-idf/components/esp_system/port/cpu_start.c:585
--- 0x40045c01: ets_run_flash_bootloader in ROM
--- 0x40043ab6: main in ROM
--- 0x40034c45: .stack_ok in ROM




ELF file SHA256: 

Rebooting...
ESP-ROM:esp32s3-20210327
Build:Mar 27 2021
rst:0xc (RTC_SW_CPU_RST),boot:0x4 (SPI_FLASH_BOOT)
SPIWP:0xee
mode:DIO, clock div:1
load:0x3fce2810,len:0x1564
load:0x403c8700,len:0x4
load:0x403c8704,len:0xd24
load:0x403cb700,len:0x2ed4
entry 0x403c8928
[0;32mI (1574) boot: ESP-IDF v5.4.4 2nd stage bootloader[0m
[0;32mI (1574) boot: compile time Sep 15 2026 15:17:18[0m
[0;32mI (1574) boot: Multicore bootloader[0m
[0;32mI (1576) boot: chip revision: v0.3[0m
[0;32mI (1576) boot: efuse block revision: v0.0[0m
[0;32mI (1577) boot.esp32s3: Boot SPI Speed : 80MHz[0m
[0;32mI (1577) boot.esp32s3: SPI Mode       : SLOW READ[0m
[0;32mI (1577) boot.esp32s3: SPI Flash Size : 16MB[0m
[0;32mI (1578) boot: Enabling RNG early entropy source...[0m
[0;32mI (1581) boot: Partition Table:[0m
[0;32mI (1581) boot: ## Label            Usage          Type ST Offset   Length[0m
[0;32mI (1581) boot:  0 nvs              WiFi data        01 02 00009000 00006000[0m
[0;32mI (1582) boot:  1 phy_init         RF data          01 01 0000f000 00001000[0m
[0;32mI (1582) boot:  2 factory          factory app      00 00 00010000 00100000[0m
[0;32mI (1582) boot: End of partition table[0m
[0;32mI (1583) esp_image: segment 0: paddr=00010020 vaddr=3c020020 size=0a9e4h ( 43492) map[0m
[0;32mI (1587) esp_image: segment 1: paddr=0001aa0c vaddr=3fc92600 size=02f4ch ( 12108) load[0m
[0;32mI (1588) esp_image: segment 2: paddr=0001d960 vaddr=40374000 size=026b8h (  9912) load[0m
[0;32mI (1590) esp_image: segment 3: paddr=00020020 vaddr=42000020 size=185d8h ( 99800) map[0m
[0;32mI (1600) esp_image: segment 4: paddr=00038600 vaddr=403766b8 size=0bf1ch ( 48924) load[0m
[0;32mI (1612) esp_image: segment 5: paddr=00044524 vaddr=50000000 size=0001ch (    28) load[0m
[0;32mI (1613) boot: Loaded app from partition at offset 0x10000[0m
[0;32mI (1613) boot: Disabling RNG early entropy source...[0m

assert failed: 0x420097f6 <cached disabled>:188 (<cached disabled>)
--- 0x420097f6: s_psram_chip_init at /Users/richardhine/.espressif/v5.4.4/esp-idf/components/esp_psram/esp_psram.c:188(inlined by) esp_psram_init at /Users/richardhine/.espressif/v5.4.4/esp-idf/components/esp_psram/esp_psram.c:385


Backtrace: 0x40375c91:0x3fceb130 0x4037a9cd:0x3fceb150 0x403807c1:0x3fceb170 0x420097f6:0x3fceb290 0x4037546e:0x3fceb2c0 0x403ccaa0:0x3fceb340 0x403ccedd:0x3fceb380 0x403c8991:0x3fceb4b0 0x40045c01:0x3fceb570 0x40043ab6:0x3fceb6f0 0x40034c45:0x3fceb710
--- 0x40375c91: panic_abort at /Users/richardhine/.espressif/v5.4.4/esp-idf/components/esp_system/panic.c:477
--- 0x4037a9cd: esp_system_abort at /Users/richardhine/.espressif/v5.4.4/esp-idf/components/esp_system/port/esp_system_chip.c:87
--- 0x403807c1: __assert_func at /Users/richardhine/.espressif/v5.4.4/esp-idf/components/newlib/assert.c:80
--- 0x420097f6: s_psram_chip_init at /Users/richardhine/.espressif/v5.4.4/esp-idf/components/esp_psram/esp_psram.c:188(inlined by) esp_psram_init at /Users/richardhine/.espressif/v5.4.4/esp-idf/components/esp_psram/esp_psram.c:385
--- 0x4037546e: call_start_cpu0 at /Users/richardhine/.espressif/v5.4.4/esp-idf/components/esp_system/port/cpu_start.c:585
--- 0x40045c01: ets_run_flash_bootloader in ROM
--- 0x40043ab6: main in ROM
--- 0x40034c45: .stack_ok in ROM




ELF file SHA256: 

Rebooting...
ESP-ROM:esp32s3-20210327
Build:Mar 27 2021
rst:0xc (RTC_SW_CPU_RST),boot:0x4 (SPI_FLASH_BOOT)
SPIWP:0xee
mode:DIO, clock div:1
load:0x3fce2810,len:0x1564
load:0x403c8700,len:0x4
load:0x403c8704,len:0xd24
load:0x403cb700,len:0x2ed4
entry 0x403c8928
[0;32mI (1691) boot: ESP-IDF v5.4.4 2nd stage bootloader[0m
[0;32mI (1691) boot: compile time Sep 15 2026 15:17:18[0m
[0;32mI (1692) boot: Multicore bootloader[0m
[0;32mI (1694) boot: chip revision: v0.3[0m
[0;32mI (1694) boot: efuse block revision: v0.0[0m
[0;32mI (1695) boot.esp32s3: Boot SPI Speed : 80MHz[0m
[0;32mI (1695) boot.esp32s3: SPI Mode       : SLOW READ[0m
[0;32mI (1695) boot.esp32s3: SPI Flash Size : 16MB[0m
[0;32mI (1696) boot: Enabling RNG early entropy source...[0m
[0;32mI (1699) boot: Partition Table:[0m
[0;32mI (1699) boot: ## Label            Usage          Type ST Offset   Length[0m
[0;32mI (1699) boot:  0 nvs              WiFi data        01 02 00009000 00006000[0m
[0;32mI (1700) boot:  1 phy_init         RF data          01 01 0000f000 00001000[0m
[0;32mI (1700) boot:  2 factory          factory app      00 00 00010000 00100000[0m
[0;32mI (1700) boot: End of partition table[0m
[0;32mI (1701) esp_image: segment 0: paddr=00010020 vaddr=3c020020 size=0a9e4h ( 43492) map[0m
[0;32mI (1705) esp_image: segment 1: paddr=0001aa0c vaddr=3fc92600 size=02f4ch ( 12108) load[0m
[0;32mI (1706) esp_image: segment 2: paddr=0001d960 vaddr=40374000 size=026b8h (  9912) load[0m
[0;32mI (1708) esp_image: segment 3: paddr=00020020 vaddr=42000020 size=185d8h ( 99800) map[0m
[0;32mI (1718) esp_image: segment 4: paddr=00038600 vaddr=403766b8 size=0bf1ch ( 48924) load[0m
[0;32mI (1726) esp_image: segment 5: paddr=00044524 vaddr=50000000 size=0001ch (    28) load[0m
[0;32mI (1727) boot: Loaded app from partition at offset 0x10000[0m
[0;32mI (1727) boot: Disabling RNG early entropy source...[0m

assert failed: 0x420097f6 <cached disabled>:188 (<cached disabled>)
--- 0x420097f6: s_psram_chip_init at /Users/richardhine/.espressif/v5.4.4/esp-idf/components/esp_psram/esp_psram.c:188(inlined by) esp_psram_init at /Users/richardhine/.espressif/v5.4.4/esp-idf/components/esp_psram/esp_psram.c:385


Backtrace: 0x40375c91:0x3fceb130 0x4037a9cd:0x3fceb150 0x403807c1:0x3fceb170 0x420097f6:0x3fceb290 0x4037546e:0x3fceb2c0 0x403ccaa0:0x3fceb340 0x403ccedd:0x3fceb380 0x403c8991:0x3fceb4b0 0x40045c01:0x3fceb570 0x40043ab6:0x3fceb6f0 0x40034c45:0x3fceb710
--- 0x40375c91: panic_abort at /Users/richardhine/.espressif/v5.4.4/esp-idf/components/esp_system/panic.c:477
--- 0x4037a9cd: esp_system_abort at /Users/richardhine/.espressif/v5.4.4/esp-idf/components/esp_system/port/esp_system_chip.c:87
--- 0x403807c1: __assert_func at /Users/richardhine/.espressif/v5.4.4/esp-idf/components/newlib/assert.c:80
--- 0x420097f6: s_psram_chip_init at /Users/richardhine/.espressif/v5.4.4/esp-idf/components/esp_psram/esp_psram.c:188(inlined by) esp_psram_init at /Users/richardhine/.espressif/v5.4.4/esp-idf/components/esp_psram/esp_psram.c:385
--- 0x4037546e: call_start_cpu0 at /Users/richardhine/.espressif/v5.4.4/esp-idf/components/esp_system/port/cpu_start.c:585
--- 0x40045c01: ets_run_flash_bootloader in ROM
--- 0x40043ab6: main in ROM
--- 0x40034c45: .stack_ok in ROM




ELF file SHA256: 

Rebooting...
ESP-ROM:esp32s3-20210327
Build:Mar 27 2021
rst:0xc (RTC_SW_CPU_RST),boot:0x4 (SPI_FLASH_BOOT)
SPIWP:0xee
mode:DIO, clock div:1
load:0x3fce2810,len:0x1564
load:0x403c8700,len:0x4
load:0x403c8704,len:0xd24
load:0x403cb700,len:0x2ed4
entry 0x403c8928
[0;32mI (1806) boot: ESP-IDF v5.4.4 2nd stage bootloader[0m
[0;32mI (1806) boot: compile time Sep 15 2026 15:17:18[0m
[0;32mI (1806) boot: Multicore bootloader[0m
[0;32mI (1808) boot: chip revision: v0.3[0m
[0;32mI (1808) boot: efuse block revision: v0.0[0m
[0;32mI (1809) boot.esp32s3: Boot SPI Speed : 80MHz[0m
[0;32mI (1809) boot.esp32s3: SPI Mode       : SLOW READ[0m
[0;32mI (1809) boot.esp32s3: SPI Flash Size : 16MB[0m
[0;32mI (1810) boot: Enabling RNG early entropy source...[0m
[0;32mI (1813) boot: Partition Table:[0m
[0;32mI (1813) boot: ## Label            Usage          Type ST Offset   Length[0m
[0;32mI (1814) boot:  0 nvs              WiFi data        01 02 00009000 00006000[0m
[0;32mI (1814) boot:  1 phy_init         RF data          01 01 0000f000 00001000[0m
[0;32mI (1814) boot:  2 factory          factory app      00 00 00010000 00100000[0m
[0;32mI (1815) boot: End of partition table[0m
[0;32mI (1815) esp_image: segment 0: paddr=00010020 vaddr=3c020020 size=0a9e4h ( 43492) map[0m
[0;32mI (1819) esp_image: segment 1: paddr=0001aa0c vaddr=3fc92600 size=02f4ch ( 12108) load[0m
[0;32mI (1820) esp_image: segment 2: paddr=0001d960 vaddr=40374000 size=026b8h (  9912) load[0m
[0;32mI (1822) esp_image: segment 3: paddr=00020020 vaddr=42000020 size=185d8h ( 99800) map[0m
[0;32mI (1832) esp_image: segment 4: paddr=00038600 vaddr=403766b8 size=0bf1ch ( 48924) load[0m
[0;32mI (1840) esp_image: segment 5: paddr=00044524 vaddr=50000000 size=0001ch (    28) load[0m
[0;32mI (1841) boot: Loaded app from partition at offset 0x10000[0m
[0;32mI (1841) boot: Disabling RNG early entropy source...[0m

assert failed: 0x420097f6 <cached disabled>:188 (<cached disabled>)
--- 0x420097f6: s_psram_chip_init at /Users/richardhine/.espressif/v5.4.4/esp-idf/components/esp_psram/esp_psram.c:188(inlined by) esp_psram_init at /Users/richardhine/.espressif/v5.4.4/esp-idf/components/esp_psram/esp_psram.c:385


Backtrace: 0x40375c91:0x3fceb130 0x4037a9cd:0x3fceb150 0x403807c1:0x3fceb170 0x420097f6:0x3fceb290 0x4037546e:0x3fceb2c0 0x403ccaa0:0x3fceb340 0x403ccedd:0x3fceb380 0x403c8991:0x3fceb4b0 0x40045c01:0x3fceb570 0x40043ab6:0x3fceb6f0 0x40034c45:0x3fceb710
--- 0x40375c91: panic_abort at /Users/richardhine/.espressif/v5.4.4/esp-idf/components/esp_system/panic.c:477
--- 0x4037a9cd: esp_system_abort at /Users/richardhine/.espressif/v5.4.4/esp-idf/components/esp_system/port/esp_system_chip.c:87
--- 0x403807c1: __assert_func at /Users/richardhine/.espressif/v5.4.4/esp-idf/components/newlib/assert.c:80
--- 0x420097f6: s_psram_chip_init at /Users/richardhine/.espressif/v5.4.4/esp-idf/components/esp_psram/esp_psram.c:188(inlined by) esp_psram_init at /Users/richardhine/.espressif/v5.4.4/esp-idf/components/esp_psram/esp_psram.c:385
--- 0x4037546e: call_start_cpu0 at /Users/richardhine/.espressif/v5.4.4/esp-idf/components/esp_system/port/cpu_start.c:585
--- 0x40045c01: ets_run_flash_bootloader in ROM
--- 0x40043ab6: main in ROM
--- 0x40034c45: .stack_ok in ROM




ELF file SHA256: 

Rebooting...
ESP-ROM:esp32s3-20210327
Build:Mar 27 2021
rst:0xc (RTC_SW_CPU_RST),boot:0x4 (SPI_FLASH_BOOT)
SPIWP:0xee
mode:DIO, clock div:1
load:0x3fce2810,len:0x1564
load:0x403c8700,len:0x4
load:0x403c8704,len:0xd24
load:0x403cb700,len:0x2ed4
entry 0x403c8928
[0;32mI (1918) boot: ESP-IDF v5.4.4 2nd stage bootloader[0m
[0;32mI (1918) boot: compile time Sep 15 2026 15:17:18[0m
[0;32mI (1919) boot: Multicore bootloader[0m
[0;32mI (1921) boot: chip revision: v0.3[0m
[0;32mI (1921) boot: efuse block revision: v0.0[0m
[0;32mI (1921) boot.esp32s3: Boot SPI Speed : 80MHz[0m
[0;32mI (1921) boot.esp32s3: SPI Mode       : SLOW READ[0m
[0;32mI (1922) boot.esp32s3: SPI Flash Size : 16MB[0m
[0;32mI (1923) boot: Enabling RNG early entropy source...[0m
[0;32mI (1925) boot: Partition Table:[0m
[0;32mI (1926) boot: ## Label            Usage          Type ST Offset   Length[0m
[0;32mI (1926) boot:  0 nvs              WiFi data        01 02 00009000 00006000[0m
[0;32mI (1926) boot:  1 phy_init         RF data          01 01 0000f000 00001000[0m
[0;32mI (1926) boot:  2 factory          factory app      00 00 00010000 00100000[0m
[0;32mI (1927) boot: End of partition table[0m
[0;32mI (1927) esp_image: segment 0: paddr=00010020 vaddr=3c020020 size=0a9e4h ( 43492) map[0m
[0;32mI (1931) esp_image: segment 1: paddr=0001aa0c vaddr=3fc92600 size=02f4ch ( 12108) load[0m
[0;32mI (1933) esp_image: segment 2: paddr=0001d960 vaddr=40374000 size=026b8h (  9912) load[0m
[0;32mI (1934) esp_image: segment 3: paddr=00020020 vaddr=42000020 size=185d8h ( 99800) map[0m
[0;32mI (1944) esp_image: segment 4: paddr=00038600 vaddr=403766b8 size=0bf1ch ( 48924) load[0m
[0;32mI (1952) esp_image: segment 5: paddr=00044524 vaddr=50000000 size=0001ch (    28) load[0m
[0;32mI (1953) boot: Loaded app from partition at offset 0x10000[0m
[0;32mI (1954) boot: Disabling RNG early entropy source...[0m

assert failed: 0x420097f6 <cached disabled>:188 (<cached disabled>)
--- 0x420097f6: s_psram_chip_init at /Users/richardhine/.espressif/v5.4.4/esp-idf/components/esp_psram/esp_psram.c:188(inlined by) esp_psram_init at /Users/richardhine/.espressif/v5.4.4/esp-idf/components/esp_psram/esp_psram.c:385


Backtrace: 0x40375c91:0x3fceb130 0x4037a9cd:0x3fceb150 0x403807c1:0x3fceb170 0x420097f6:0x3fceb290 0x4037546e:0x3fceb2c0 0x403ccaa0:0x3fceb340 0x403ccedd:0x3fceb380 0x403c8991:0x3fceb4b0 0x40045c01:0x3fceb570 0x40043ab6:0x3fceb6f0 0x40034c45:0x3fceb710
--- 0x40375c91: panic_abort at /Users/richardhine/.espressif/v5.4.4/esp-idf/components/esp_system/panic.c:477
--- 0x4037a9cd: esp_system_abort at /Users/richardhine/.espressif/v5.4.4/esp-idf/components/esp_system/port/esp_system_chip.c:87
--- 0x403807c1: __assert_func at /Users/richardhine/.espressif/v5.4.4/esp-idf/components/newlib/assert.c:80
--- 0x420097f6: s_psram_chip_init at /Users/richardhine/.espressif/v5.4.4/esp-idf/components/esp_psram/esp_psram.c:188(inlined by) esp_psram_init at /Users/richardhine/.espressif/v5.4.4/esp-idf/components/esp_psram/esp_psram.c:385
--- 0x4037546e: call_start_cpu0 at /Users/richardhine/.espressif/v5.4.4/esp-idf/components/esp_system/port/cpu_start.c:585
--- 0x40045c01: ets_run_flash_bootloader in ROM
--- 0x40043ab6: main in ROM
--- 0x40034c45: .stack_ok in ROM




ELF file SHA256: 

Rebooting...
ESP-ROM:esp32s3-20210327
Build:Mar 27 2021
rst:0xc (RTC_SW_CPU_RST),boot:0x4 (SPI_FLASH_BOOT)
SPIWP:0xee
mode:DIO, clock div:1
load:0x3fce2810,len:0x1564
load:0x403c8700,len:0x4
load:0x403c8704,len:0xd24
load:0x403cb700,len:0x2ed4
entry 0x403c8928
[0;32mI (2031) boot: ESP-IDF v5.4.4 2nd stage bootloader[0m
[0;32mI (2031) boot: compile time Sep 15 2026 15:17:18[0m
[0;32mI (2031) boot: Multicore bootloader[0m
[0;32mI (2033) boot: chip revision: v0.3[0m
[0;32mI (2033) boot: efuse block revision: v0.0[0m
[0;32mI (2034) boot.esp32s3: Boot SPI Speed : 80MHz[0m
[0;32mI (2034) boot.esp32s3: SPI Mode       : SLOW READ[0m
[0;32mI (2034) boot.esp32s3: SPI Flash Size : 16MB[0m
[0;32mI (2035) boot: Enabling RNG early entropy source...[0m
[0;32mI (2038) boot: Partition Table:[0m
[0;32mI (2038) boot: ## Label            Usage          Type ST Offset   Length[0m
[0;32mI (2039) boot:  0 nvs              WiFi data        01 02 00009000 00006000[0m
[0;32mI (2039) boot:  1 phy_init         RF data          01 01 0000f000 00001000[0m
[0;32mI (2039) boot:  2 factory          factory app      00 00 00010000 00100000[0m
[0;32mI (2039) boot: End of partition table[0m
[0;32mI (2040) esp_image: segment 0: paddr=00010020 vaddr=3c020020 size=0a9e4h ( 43492) map[0m
[0;32mI (2044) esp_image: segment 1: paddr=0001aa0c vaddr=3fc92600 size=02f4ch ( 12108) load[0m
[0;32mI (2045) esp_image: segment 2: paddr=0001d960 vaddr=40374000 size=026b8h (  9912) load[0m
[0;32mI (2047) esp_image: segment 3: paddr=00020020 vaddr=42000020 size=185d8h ( 99800) map[0m
[0;32mI (2058) esp_image: segment 4: paddr=00038600 vaddr=403766b8 size=0bf1ch ( 48924) load[0m
[0;32mI (2066) esp_image: segment 5: paddr=00044524 vaddr=50000000 size=0001ch (    28) load[0m
[0;32mI (2067) boot: Loaded app from partition at offset 0x10000[0m
[0;32mI (2067) boot: Disabling RNG early entropy source...[0m

assert failed: 0x420097f6 <cached disabled>:188 (<cached disabled>)
--- 0x420097f6: s_psram_chip_init at /Users/richardhine/.espressif/v5.4.4/esp-idf/components/esp_psram/esp_psram.c:188(inlined by) esp_psram_init at /Users/richardhine/.espressif/v5.4.4/esp-idf/components/esp_psram/esp_psram.c:385


Backtrace: 0x40375c91:0x3fceb130 0x4037a9cd:0x3fceb150 0x403807c1:0x3fceb170 0x420097f6:0x3fceb290 0x4037546e:0x3fceb2c0 0x403ccaa0:0x3fceb340 0x403ccedd:0x3fceb380 0x403c8991:0x3fceb4b0 0x40045c01:0x3fceb570 0x40043ab6:0x3fceb6f0 0x40034c45:0x3fceb710
--- 0x40375c91: panic_abort at /Users/richardhine/.espressif/v5.4.4/esp-idf/components/esp_system/panic.c:477
--- 0x4037a9cd: esp_system_abort at /Users/richardhine/.espressif/v5.4.4/esp-idf/components/esp_system/port/esp_system_chip.c:87
--- 0x403807c1: __assert_func at /Users/richardhine/.espressif/v5.4.4/esp-idf/components/newlib/assert.c:80
--- 0x420097f6: s_psram_chip_init at /Users/richardhine/.espressif/v5.4.4/esp-idf/components/esp_psram/esp_psram.c:188(inlined by) esp_psram_init at /Users/richardhine/.espressif/v5.4.4/esp-idf/components/esp_psram/esp_psram.c:385
--- 0x4037546e: call_start_cpu0 at /Users/richardhine/.espressif/v5.4.4/esp-idf/components/esp_system/port/cpu_start.c:585
--- 0x40045c01: ets_run_flash_bootloader in ROM
--- 0x40043ab6: main in ROM
--- 0x40034c45: .stack_ok in ROM




ELF file SHA256: 

Rebooting...
ESP-ROM:esp32s3-20210327
Build:Mar 27 2021
rst:0xc (RTC_SW_CPU_RST),boot:0x4 (SPI_FLASH_BOOT)
SPIWP:0xee
mode:DIO, clock div:1
load:0x3fce2810,len:0x1564
load:0x403c8700,len:0x4
load:0x403c8704,len:0xd24
load:0x403cb700,len:0x2ed4
entry 0x403c8928
[0;32mI (2145) boot: ESP-IDF v5.4.4 2nd stage bootloader[0m
[0;32mI (2145) boot: compile time Sep 15 2026 15:17:18[0m
[0;32mI (2145) boot: Multicore bootloader[0m
[0;32mI (2147) boot: chip revision: v0.3[0m
[0;32mI (2147) boot: efuse block revision: v0.0[0m
[0;32mI (2147) boot.esp32s3: Boot SPI Speed : 80MHz[0m
[0;32mI (2148) boot.esp32s3: SPI Mode       : SLOW READ[0m
[0;32mI (2148) boot.esp32s3: SPI Flash Size : 16MB[0m
[0;32mI (2149) boot: Enabling RNG early entropy source...[0m
[0;32mI (2152) boot: Partition Table:[0m
[0;32mI (2152) boot: ## Label            Usage          Type ST Offset   Length[0m
[0;32mI (2152) boot:  0 nvs              WiFi data        01 02 00009000 00006000[0m
[0;32mI (2152) boot:  1 phy_init         RF data          01 01 0000f000 00001000[0m
[0;32mI (2152) boot:  2 factory          factory app      00 00 00010000 00100000[0m
[0;32mI (2153) boot: End of partition table[0m
[0;32mI (2153) esp_image: segment 0: paddr=00010020 vaddr=3c020020 size=0a9e4h ( 43492) map[0m
[0;32mI (2157) esp_image: segment 1: paddr=0001aa0c vaddr=3fc92600 size=02f4ch ( 12108) load[0m
[0;32mI (2159) esp_image: segment 2: paddr=0001d960 vaddr=40374000 size=026b8h (  9912) load[0m
[0;32mI (2160) esp_image: segment 3: paddr=00020020 vaddr=42000020 size=185d8h ( 99800) map[0m
[0;32mI (2170) esp_image: segment 4: paddr=00038600 vaddr=403766b8 size=0bf1ch ( 48924) load[0m
[0;32mI (2178) esp_image: segment 5: paddr=00044524 vaddr=50000000 size=0001ch (    28) load[0m
[0;32mI (2179) boot: Loaded app from partition at offset 0x10000[0m
[0;32mI (2179) boot: Disabling RNG early entropy source...[0m

assert failed: 0x420097f6 <cached disabled>:188 (<cached disabled>)
--- 0x420097f6: s_psram_chip_init at /Users/richardhine/.espressif/v5.4.4/esp-idf/components/esp_psram/esp_psram.c:188(inlined by) esp_psram_init at /Users/richardhine/.espressif/v5.4.4/esp-idf/components/esp_psram/esp_psram.c:385


Backtrace: 0x40375c91:0x3fceb130 0x4037a9cd:0x3fceb150 0x403807c1:0x3fceb170 0x420097f6:0x3fceb290 0x4037546e:0x3fceb2c0 0x403ccaa0:0x3fceb340 0x403ccedd:0x3fceb380 0x403c8991:0x3fceb4b0 0x40045c01:0x3fceb570 0x40043ab6:0x3fceb6f0 0x40034c45:0x3fceb710
--- 0x40375c91: panic_abort at /Users/richardhine/.espressif/v5.4.4/esp-idf/components/esp_system/panic.c:477
--- 0x4037a9cd: esp_system_abort at /Users/richardhine/.espressif/v5.4.4/esp-idf/components/esp_system/port/esp_system_chip.c:87
--- 0x403807c1: __assert_func at /Users/richardhine/.espressif/v5.4.4/esp-idf/components/newlib/assert.c:80
--- 0x420097f6: s_psram_chip_init at /Users/richardhine/.espressif/v5.4.4/esp-idf/components/esp_psram/esp_psram.c:188(inlined by) esp_psram_init at /Users/richardhine/.espressif/v5.4.4/esp-idf/components/esp_psram/esp_psram.c:385
--- 0x4037546e: call_start_cpu0 at /Users/richardhine/.espressif/v5.4.4/esp-idf/components/esp_system/port/cpu_start.c:585
--- 0x40045c01: ets_run_flash_bootloader in ROM
--- 0x40043ab6: main in ROM
--- 0x40034c45: .stack_ok in ROM




ELF file SHA256: 

Rebooting...
ESP-ROM:esp32s3-20210327
Build:Mar 27 2021
rst:0xc (RTC_SW_CPU_RST),boot:0x4 (SPI_FLASH_BOOT)
SPIWP:0xee
mode:DIO, clock div:1
load:0x3fce2810,len:0x1564
load:0x403c8700,len:0x4
load:0x403c8704,len:0xd24
load:0x403cb700,len:0x2ed4
entry 0x403c8928
[0;32mI (2257) boot: ESP-IDF v5.4.4 2nd stage bootloader[0m
[0;32mI (2257) boot: compile time Sep 15 2026 15:17:18[0m
[0;32mI (2258) boot: Multicore bootloader[0m
[0;32mI (2259) boot: chip revision: v0.3[0m
[0;32mI (2259) boot: efuse block revision: v0.0[0m
[0;32mI (2260) boot.esp32s3: Boot SPI Speed : 80MHz[0m
[0;32mI (2260) boot.esp32s3: SPI Mode       : SLOW READ[0m
[0;32mI (2260) boot.esp32s3: SPI Flash Size : 16MB[0m
[0;32mI (2261) boot: Enabling RNG early entropy source...[0m
[0;32mI (2264) boot: Partition Table:[0m
[0;32mI (2264) boot: ## Label            Usage          Type ST Offset   Length[0m
[0;32mI (2264) boot:  0 nvs              WiFi data        01 02 00009000 00006000[0m
[0;32mI (2265) boot:  1 phy_init         RF data          01 01 0000f000 00001000[0m
[0;32mI (2265) boot:  2 factory          factory app      00 00 00010000 00100000[0m
[0;32mI (2265) boot: End of partition table[0m
[0;32mI (2266) esp_image: segment 0: paddr=00010020 vaddr=3c020020 size=0a9e4h ( 43492) map[0m
[0;32mI (2270) esp_image: segment 1: paddr=0001aa0c vaddr=3fc92600 size=02f4ch ( 12108) load[0m
[0;32mI (2271) esp_image: segment 2: paddr=0001d960 vaddr=40374000 size=026b8h (  9912) load[0m
[0;32mI (2273) esp_image: segment 3: paddr=00020020 vaddr=42000020 size=185d8h ( 99800) map[0m
[0;32mI (2284) esp_image: segment 4: paddr=00038600 vaddr=403766b8 size=0bf1ch ( 48924) load[0m
[0;32mI (2291) esp_image: segment 5: paddr=00044524 vaddr=50000000 size=0001ch (    28) load[0m
[0;32mI (2292) boot: Loaded app from partition at offset 0x10000[0m
[0;32mI (2292) boot: Disabling RNG early entropy source...[0m

assert failed: 0x420097f6 <cached disabled>:188 (<cached disabled>)
--- 0x420097f6: s_psram_chip_init at /Users/richardhine/.espressif/v5.4.4/esp-idf/components/esp_psram/esp_psram.c:188(inlined by) esp_psram_init at /Users/richardhine/.espressif/v5.4.4/esp-idf/components/esp_psram/esp_psram.c:385


Backtrace: 0x40375c91:0x3fceb130 0x4037a9cd:0x3fceb150 0x403807c1:0x3fceb170 0x420097f6:0x3fceb290 0x4037546e:0x3fceb2c0 0x403ccaa0:0x3fceb340 0x403ccedd:0x3fceb380 0x403c8991:0x3fceb4b0 0x40045c01:0x3fceb570 0x40043ab6:0x3fceb6f0 0x40034c45:0x3fceb710
--- 0x40375c91: panic_abort at /Users/richardhine/.espressif/v5.4.4/esp-idf/components/esp_system/panic.c:477
--- 0x4037a9cd: esp_system_abort at /Users/richardhine/.espressif/v5.4.4/esp-idf/components/esp_system/port/esp_system_chip.c:87
--- 0x403807c1: __assert_func at /Users/richardhine/.espressif/v5.4.4/esp-idf/components/newlib/assert.c:80
--- 0x420097f6: s_psram_chip_init at /Users/richardhine/.espressif/v5.4.4/esp-idf/components/esp_psram/esp_psram.c:188(inlined by) esp_psram_init at /Users/richardhine/.espressif/v5.4.4/esp-idf/components/esp_psram/esp_psram.c:385
--- 0x4037546e: call_start_cpu0 at /Users/richardhine/.espressif/v5.4.4/esp-idf/components/esp_system/port/cpu_start.c:585
--- 0x40045c01: ets_run_flash_bootloader in ROM
--- 0x40043ab6: main in ROM
--- 0x40034c45: .stack_ok in ROM




ELF file SHA256: 

Rebooting...
ESP-ROM:esp32s3-20210327
Build:Mar 27 2021
rst:0xc (RTC_SW_CPU_RST),boot:0x4 (SPI_FLASH_BOOT)
SPIWP:0xee
mode:DIO, clock div:1
load:0x3fce2810,len:0x1564
load:0x403c8700,len:0x4
load:0x403c8704,len:0xd24
load:0x403cb700,len:0x2ed4
entry 0x403c8928
[0;32mI (2369) boot: ESP-IDF v5.4.4 2nd stage bootloader[0m
[0;32mI (2370) boot: compile time Sep 15 2026 15:17:18[0m
[0;32mI (2370) boot: Multicore bootloader[0m
[0;32mI (2372) boot: chip revision: v0.3[0m
[0;32mI (2372) boot: efuse block revision: v0.0[0m
[0;32mI (2373) boot.esp32s3: Boot SPI Speed : 80MHz[0m
[0;32mI (2373) boot.esp32s3: SPI Mode       : SLOW READ[0m
[0;32mI (2373) boot.esp32s3: SPI Flash Size : 16MB[0m
[0;32mI (2374) boot: Enabling RNG early entropy source...[0m
[0;32mI (2377) boot: Partition Table:[0m
[0;32mI (2377) boot: ## Label            Usage          Type ST Offset   Length[0m
[0;32mI (2377) boot:  0 nvs              WiFi data        01 02 00009000 00006000[0m
[0;32mI (2378) boot:  1 phy_init         RF data          01 01 0000f000 00001000[0m
[0;32mI (2378) boot:  2 factory          factory app      00 00 00010000 00100000[0m
[0;32mI (2378) boot: End of partition table[0m
[0;32mI (2379) esp_image: segment 0: paddr=00010020 vaddr=3c020020 size=0a9e4h ( 43492) map[0m
[0;32mI (2383) esp_image: segment 1: paddr=0001aa0c vaddr=3fc92600 size=02f4ch ( 12108) load[0m
[0;32mI (2384) esp_image: segment 2: paddr=0001d960 vaddr=40374000 size=026b8h (  9912) load[0m
[0;32mI (2386) esp_image: segment 3: paddr=00020020 vaddr=42000020 size=185d8h ( 99800) map[0m
[0;32mI (2396) esp_image: segment 4: paddr=00038600 vaddr=403766b8 size=0bf1ch ( 48924) load[0m
[0;32mI (2404) esp_image: segment 5: paddr=00044524 vaddr=50000000 size=0001ch (    28) load[0m
[0;32mI (2405) boot: Loaded app from partition at offset 0x10000[0m
[0;32mI (2405) boot: Disabling RNG early entropy source...[0m

assert failed: 0x420097f6 <cached disabled>:188 (<cached disabled>)
--- 0x420097f6: s_psram_chip_init at /Users/richardhine/.espressif/v5.4.4/esp-idf/components/esp_psram/esp_psram.c:188(inlined by) esp_psram_init at /Users/richardhine/.espressif/v5.4.4/esp-idf/components/esp_psram/esp_psram.c:385


Backtrace: 0x40375c91:0x3fceb130 0x4037a9cd:0x3fceb150 0x403807c1:0x3fceb170 0x420097f6:0x3fceb290 0x4037546e:0x3fceb2c0 0x403ccaa0:0x3fceb340 0x403ccedd:0x3fceb380 0x403c8991:0x3fceb4b0 0x40045c01:0x3fceb570 0x40043ab6:0x3fceb6f0 0x40034c45:0x3fceb710
--- 0x40375c91: panic_abort at /Users/richardhine/.espressif/v5.4.4/esp-idf/components/esp_system/panic.c:477
--- 0x4037a9cd: esp_system_abort at /Users/richardhine/.espressif/v5.4.4/esp-idf/components/esp_system/port/esp_system_chip.c:87
--- 0x403807c1: __assert_func at /Users/richardhine/.espressif/v5.4.4/esp-idf/components/newlib/assert.c:80
--- 0x420097f6: s_psram_chip_init at /Users/richardhine/.espressif/v5.4.4/esp-idf/components/esp_psram/esp_psram.c:188(inlined by) esp_psram_init at /Users/richardhine/.espressif/v5.4.4/esp-idf/components/esp_psram/esp_psram.c:385
--- 0x4037546e: call_start_cpu0 at /Users/richardhine/.espressif/v5.4.4/esp-idf/components/esp_system/port/cpu_start.c:585
--- 0x40045c01: ets_run_flash_bootloader in ROM
--- 0x40043ab6: main in ROM
--- 0x40034c45: .stack_ok in ROM




ELF file SHA256: 

Rebooting...
ESP-ROM:esp32s3-20210327
Build:Mar 27 2021
rst:0xc (RTC_SW_CPU_RST),boot:0x4 (SPI_FLASH_BOOT)
SPIWP:0xee
mode:DIO, clock div:1
load:0x3fce2810,len:0x1564
load:0x403c8700,len:0x4
load:0x403c8704,len:0xd24
load:0x403cb700,len:0x2ed4
entry 0x403c8928
[0;32mI (2482) boot: ESP-IDF v5.4.4 2nd stage bootloader[0m
[0;32mI (2483) boot: compile time Sep 15 2026 15:17:18[0m
[0;32mI (2483) boot: Multicore bootloader[0m
[0;32mI (2485) boot: chip revision: v0.3[0m
[0;32mI (2485) boot: efuse block revision: v0.0[0m
[0;32mI (2485) boot.esp32s3: Boot SPI Speed : 80MHz[0m
[0;32mI (2485) boot.esp32s3: SPI Mode       : SLOW READ[0m
[0;32mI (2486) boot.esp32s3: SPI Flash Size : 16MB[0m
[0;32mI (2487) boot: Enabling RNG early entropy source...[0m
[0;32mI (2489) boot: Partition Table:[0m
[0;32mI (2490) boot: ## Label            Usage          Type ST Offset   Length[0m
[0;32mI (2490) boot:  0 nvs              WiFi data        01 02 00009000 00006000[0m
[0;32mI (2490) boot:  1 phy_init         RF data          01 01 0000f000 00001000[0m
[0;32mI (2490) boot:  2 factory          factory app      00 00 00010000 00100000[0m
[0;32mI (2491) boot: End of partition table[0m
[0;32mI (2491) esp_image: segment 0: paddr=00010020 vaddr=3c020020 size=0a9e4h ( 43492) map[0m
[0;32mI (2496) esp_image: segment 1: paddr=0001aa0c vaddr=3fc92600 size=02f4ch ( 12108) load[0m
[0;32mI (2497) esp_image: segment 2: paddr=0001d960 vaddr=40374000 size=026b8h (  9912) load[0m
[0;32mI (2499) esp_image: segment 3: paddr=00020020 vaddr=42000020 size=185d8h ( 99800) map[0m
[0;32mI (2510) esp_image: segment 4: paddr=00038600 vaddr=403766b8 size=0bf1ch ( 48924) load[0m
[0;32mI (2518) esp_image: segment 5: paddr=00044524 vaddr=50000000 size=0001ch (    28) load[0m
[0;32mI (2519) boot: Loaded app from partition at offset 0x10000[0m
[0;32mI (2519) boot: Disabling RNG early entropy source...[0m

assert failed: 0x420097f6 <cached disabled>:188 (<cached disabled>)
--- 0x420097f6: s_psram_chip_init at /Users/richardhine/.espressif/v5.4.4/esp-idf/components/esp_psram/esp_psram.c:188(inlined by) esp_psram_init at /Users/richardhine/.espressif/v5.4.4/esp-idf/components/esp_psram/esp_psram.c:385


Backtrace: 0x40375c91:0x3fceb130 0x4037a9cd:0x3fceb150 0x403807c1:0x3fceb170 0x420097f6:0x3fceb290 0x4037546e:0x3fceb2c0 0x403ccaa0:0x3fceb340 0x403ccedd:0x3fceb380 0x403c8991:0x3fceb4b0 0x40045c01:0x3fceb570 0x40043ab6:0x3fceb6f0 0x40034c45:0x3fceb710
--- 0x40375c91: panic_abort at /Users/richardhine/.espressif/v5.4.4/esp-idf/components/esp_system/panic.c:477
--- 0x4037a9cd: esp_system_abort at /Users/richardhine/.espressif/v5.4.4/esp-idf/components/esp_system/port/esp_system_chip.c:87
--- 0x403807c1: __assert_func at /Users/richardhine/.espressif/v5.4.4/esp-idf/components/newlib/assert.c:80
--- 0x420097f6: s_psram_chip_init at /Users/richardhine/.espressif/v5.4.4/esp-idf/components/esp_psram/esp_psram.c:188(inlined by) esp_psram_init at /Users/richardhine/.espressif/v5.4.4/esp-idf/components/esp_psram/esp_psram.c:385
--- 0x4037546e: call_start_cpu0 at /Users/richardhine/.espressif/v5.4.4/esp-idf/components/esp_system/port/cpu_start.c:585
--- 0x40045c01: ets_run_flash_bootloader in ROM
--- 0x40043ab6: main in ROM
--- 0x40034c45: .stack_ok in ROM




ELF file SHA256: 

Rebooting...
ESP-ROM:esp32s3-20210327
Build:Mar 27 2021
rst:0xc (RTC_SW_CPU_RST),boot:0x4 (SPI_FLASH_BOOT)
SPIWP:0xee
mode:DIO, clock div:1
load:0x3fce2810,len:0x1564
load:0x403c8700,len:0x4
load:0x403c8704,len:0xd24
load:0x403cb700,len:0x2ed4
entry 0x403c8928
[0;32mI (2597) boot: ESP-IDF v5.4.4 2nd stage bootloader[0m
[0;32mI (2597) boot: compile time Sep 15 2026 15:17:18[0m
[0;32mI (2597) boot: Multicore bootloader[0m
[0;32mI (2599) boot: chip revision: v0.3[0m
[0;32mI (2599) boot: efuse block revision: v0.0[0m
[0;32mI (2600) boot.esp32s3: Boot SPI Speed : 80MHz[0m
[0;32mI (2600) boot.esp32s3: SPI Mode       : SLOW READ[0m
[0;32mI (2600) boot.esp32s3: SPI Flash Size : 16MB[0m
[0;32mI (2601) boot: Enabling RNG early entropy source...[0m
[0;32mI (2604) boot: Partition Table:[0m
[0;32mI (2604) boot: ## Label            Usage          Type ST Offset   Length[0m
[0;32mI (2604) boot:  0 nvs              WiFi data        01 02 00009000 00006000[0m
[0;32mI (2604) boot:  1 phy_init         RF data          01 01 0000f000 00001000[0m
[0;32mI (2605) boot:  2 factory          factory app      00 00 00010000 00100000[0m
[0;32mI (2605) boot: End of partition table[0m
[0;32mI (2605) esp_image: segment 0: paddr=00010020 vaddr=3c020020 size=0a9e4h ( 43492) map[0m
[0;32mI (2609) esp_image: segment 1: paddr=0001aa0c vaddr=3fc92600 size=02f4ch ( 12108) load[0m
[0;32mI (2610) esp_image: segment 2: paddr=0001d960 vaddr=40374000 size=026b8h (  9912) load[0m
[0;32mI (2612) esp_image: segment 3: paddr=00020020 vaddr=42000020 size=185d8h ( 99800) map[0m
[0;32mI (2623) esp_image: segment 4: paddr=00038600 vaddr=403766b8 size=0bf1ch ( 48924) load[0m
[0;32mI (2630) esp_image: segment 5: paddr=00044524 vaddr=50000000 size=0001ch (    28) load[0m
[0;32mI (2630) boot: Loaded app from partition at offset 0x10000[0m
[0;32mI (2631) boot: Disabling RNG early entropy source...[0m

assert failed: 0x420097f6 <cached disabled>:188 (<cached disabled>)
--- 0x420097f6: s_psram_chip_init at /Users/richardhine/.espressif/v5.4.4/esp-idf/components/esp_psram/esp_psram.c:188(inlined by) esp_psram_init at /Users/richardhine/.espressif/v5.4.4/esp-idf/components/esp_psram/esp_psram.c:385


Backtrace: 0x40375c91:0x3fceb130 0x4037a9cd:0x3fceb150 0x403807c1:0x3fceb170 0x420097f6:0x3fceb290 0x4037546e:0x3fceb2c0 0x403ccaa0:0x3fceb340 0x403ccedd:0x3fceb380 0x403c8991:0x3fceb4b0 0x40045c01:0x3fceb570 0x40043ab6:0x3fceb6f0 0x40034c45:0x3fceb710
--- 0x40375c91: panic_abort at /Users/richardhine/.espressif/v5.4.4/esp-idf/components/esp_system/panic.c:477
--- 0x4037a9cd: esp_system_abort at /Users/richardhine/.espressif/v5.4.4/esp-idf/components/esp_system/port/esp_system_chip.c:87
--- 0x403807c1: __assert_func at /Users/richardhine/.espressif/v5.4.4/esp-idf/components/newlib/assert.c:80
--- 0x420097f6: s_psram_chip_init at /Users/richardhine/.espressif/v5.4.4/esp-idf/components/esp_psram/esp_psram.c:188(inlined by) esp_psram_init at /Users/richardhine/.espressif/v5.4.4/esp-idf/components/esp_psram/esp_psram.c:385
--- 0x4037546e: call_start_cpu0 at /Users/richardhine/.espressif/v5.4.4/esp-idf/components/esp_system/port/cpu_start.c:585
--- 0x40045c01: ets_run_flash_bootloader in ROM
--- 0x40043ab6: main in ROM
--- 0x40034c45: .stack_ok in ROM




ELF file SHA256: 

Rebooting...
ESP-ROM:esp32s3-20210327
Build:Mar 27 2021
rst:0xc (RTC_SW_CPU_RST),boot:0x4 (SPI_FLASH_BOOT)
SPIWP:0xee
mode:DIO, clock div:1
load:0x3fce2810,len:0x1564
load:0x403c8700,len:0x4
load:0x403c8704,len:0xd24
load:0x403cb700,len:0x2ed4
entry 0x403c8928
[0;32mI (2708) boot: ESP-IDF v5.4.4 2nd stage bootloader[0m
[0;32mI (2708) boot: compile time Sep 15 2026 15:17:18[0m
[0;32mI (2708) boot: Multicore bootloader[0m
[0;32mI (2710) boot: chip revision: v0.3[0m
[0;32mI (2710) boot: efuse block revision: v0.0[0m
[0;32mI (2711) boot.esp32s3: Boot SPI Speed : 80MHz[0m
[0;32mI (2711) boot.esp32s3: SPI Mode       : SLOW READ[0m
[0;32mI (2711) boot.esp32s3: SPI Flash Size : 16MB[0m
[0;32mI (2712) boot: Enabling RNG early entropy source...[0m
[0;32mI (2715) boot: Partition Table:[0m
[0;32mI (2715) boot: ## Label            Usage          Type ST Offset   Length[0m
[0;32mI (2715) boot:  0 nvs              WiFi data        01 02 00009000 00006000[0m
[0;32mI (2716) boot:  1 phy_init         RF data          01 01 0000f000 00001000[0m
[0;32mI (2716) boot:  2 factory          factory app      00 00 00010000 00100000[0m
[0;32mI (2716) boot: End of partition table[0m
[0;32mI (2717) esp_image: segment 0: paddr=00010020 vaddr=3c020020 size=0a9e4h ( 43492) map[0m
[0;32mI (2721) esp_image: segment 1: paddr=0001aa0c vaddr=3fc92600 size=02f4ch ( 12108) load[0m
[0;32mI (2722) esp_image: segment 2: paddr=0001d960 vaddr=40374000 size=026b8h (  9912) load[0m
[0;32mI (2724) esp_image: segment 3: paddr=00020020 vaddr=42000020 size=185d8h ( 99800) map[0m
[0;32mI (2735) esp_image: segment 4: paddr=00038600 vaddr=403766b8 size=0bf1ch ( 48924) load[0m
[0;32mI (2742) esp_image: segment 5: paddr=00044524 vaddr=50000000 size=0001ch (    28) load[0m
[0;32mI (2743) boot: Loaded app from partition at offset 0x10000[0m
[0;32mI (2743) boot: Disabling RNG early entropy source...[0m

assert failed: 0x420097f6 <cached disabled>:188 (<cached disabled>)
--- 0x420097f6: s_psram_chip_init at /Users/richardhine/.espressif/v5.4.4/esp-idf/components/esp_psram/esp_psram.c:188(inlined by) esp_psram_init at /Users/richardhine/.espressif/v5.4.4/esp-idf/components/esp_psram/esp_psram.c:385


Backtrace: 0x40375c91:0x3fceb130 0x4037a9cd:0x3fceb150 0x403807c1:0x3fceb170 0x420097f6:0x3fceb290 0x4037546e:0x3fceb2c0 0x403ccaa0:0x3fceb340 0x403ccedd:0x3fceb380 0x403c8991:0x3fceb4b0 0x40045c01:0x3fceb570 0x40043ab6:0x3fceb6f0 0x40034c45:0x3fceb710
--- 0x40375c91: panic_abort at /Users/richardhine/.espressif/v5.4.4/esp-idf/components/esp_system/panic.c:477
--- 0x4037a9cd: esp_system_abort at /Users/richardhine/.espressif/v5.4.4/esp-idf/components/esp_system/port/esp_system_chip.c:87
--- 0x403807c1: __assert_func at /Users/richardhine/.espressif/v5.4.4/esp-idf/components/newlib/assert.c:80
--- 0x420097f6: s_psram_chip_init at /Users/richardhine/.espressif/v5.4.4/esp-idf/components/esp_psram/esp_psram.c:188(inlined by) esp_psram_init at /Users/richardhine/.espressif/v5.4.4/esp-idf/components/esp_psram/esp_psram.c:385
--- 0x4037546e: call_start_cpu0 at /Users/richardhine/.espressif/v5.4.4/esp-idf/components/esp_system/port/cpu_start.c:585
--- 0x40045c01: ets_run_flash_bootloader in ROM
--- 0x40043ab6: main in ROM
--- 0x40034c45: .stack_ok in ROM




ELF file SHA256: 

Rebooting...
ESP-ROM:esp32s3-20210327
Build:Mar 27 2021
rst:0xc (RTC_SW_CPU_RST),boot:0x4 (SPI_FLASH_BOOT)
SPIWP:0xee
mode:DIO, clock div:1
load:0x3fce2810,len:0x1564
load:0x403c8700,len:0x4
load:0x403c8704,len:0xd24
load:0x403cb700,len:0x2ed4
entry 0x403c8928
[0;32mI (2821) boot: ESP-IDF v5.4.4 2nd stage bootloader[0m
[0;32mI (2821) boot: compile time Sep 15 2026 15:17:18[0m
[0;32mI (2821) boot: Multicore bootloader[0m
[0;32mI (2823) boot: chip revision: v0.3[0m
[0;32mI (2824) boot: efuse block revision: v0.0[0m
[0;32mI (2824) boot.esp32s3: Boot SPI Speed : 80MHz[0m
[0;32mI (2824) boot.esp32s3: SPI Mode       : SLOW READ[0m
[0;32mI (2824) boot.esp32s3: SPI Flash Size : 16MB[0m
[0;32mI (2826) boot: Enabling RNG early entropy source...[0m
[0;32mI (2828) boot: Partition Table:[0m
[0;32mI (2828) boot: ## Label            Usage          Type ST Offset   Length[0m
[0;32mI (2829) boot:  0 nvs              WiFi data        01 02 00009000 00006000[0m
[0;32mI (2829) boot:  1 phy_init         RF data          01 01 0000f000 00001000[0m
[0;32mI (2829) boot:  2 factory          factory app      00 00 00010000 00100000[0m
[0;32mI (2830) boot: End of partition table[0m
[0;32mI (2830) esp_image: segment 0: paddr=00010020 vaddr=3c020020 size=0a9e4h ( 43492) map[0m
[0;32mI (2834) esp_image: segment 1: paddr=0001aa0c vaddr=3fc92600 size=02f4ch ( 12108) load[0m
[0;32mI (2835) esp_image: segment 2: paddr=0001d960 vaddr=40374000 size=026b8h (  9912) load[0m
[0;32mI (2837) esp_image: segment 3: paddr=00020020 vaddr=42000020 size=185d8h ( 99800) map[0m
[0;32mI (2847) esp_image: segment 4: paddr=00038600 vaddr=403766b8 size=0bf1ch ( 48924) load[0m
[0;32mI (2854) esp_image: segment 5: paddr=00044524 vaddr=50000000 size=0001ch (    28) load[0m
[0;32mI (2855) boot: Loaded app from partition at offset 0x10000[0m
[0;32mI (2855) boot: Disabling RNG early entropy source...[0m

assert failed: 0x420097f6 <cached disabled>:188 (<cached disabled>)
--- 0x420097f6: s_psram_chip_init at /Users/richardhine/.espressif/v5.4.4/esp-idf/components/esp_psram/esp_psram.c:188(inlined by) esp_psram_init at /Users/richardhine/.espressif/v5.4.4/esp-idf/components/esp_psram/esp_psram.c:385


Backtrace: 0x40375c91:0x3fceb130 0x4037a9cd:0x3fceb150 0x403807c1:0x3fceb170 0x420097f6:0x3fceb290 0x4037546e:0x3fceb2c0 0x403ccaa0:0x3fceb340 0x403ccedd:0x3fceb380 0x403c8991:0x3fceb4b0 0x40045c01:0x3fceb570 0x40043ab6:0x3fceb6f0 0x40034c45:0x3fceb710
--- 0x40375c91: panic_abort at /Users/richardhine/.espressif/v5.4.4/esp-idf/components/esp_system/panic.c:477
--- 0x4037a9cd: esp_system_abort at /Users/richardhine/.espressif/v5.4.4/esp-idf/components/esp_system/port/esp_system_chip.c:87
--- 0x403807c1: __assert_func at /Users/richardhine/.espressif/v5.4.4/esp-idf/components/newlib/assert.c:80
--- 0x420097f6: s_psram_chip_init at /Users/richardhine/.espressif/v5.4.4/esp-idf/components/esp_psram/esp_psram.c:188(inlined by) esp_psram_init at /Users/richardhine/.espressif/v5.4.4/esp-idf/components/esp_psram/esp_psram.c:385
--- 0x4037546e: call_start_cpu0 at /Users/richardhine/.espressif/v5.4.4/esp-idf/components/esp_system/port/cpu_start.c:585
--- 0x40045c01: ets_run_flash_bootloader in ROM
--- 0x40043ab6: main in ROM
--- 0x40034c45: .stack_ok in ROM




ELF file SHA256: 

Rebooting...
ESP-ROM:esp32s3-20210327
Build:Mar 27 2021
rst:0xc (RTC_SW_CPU_RST),boot:0x4 (SPI_FLASH_BOOT)
SPIWP:0xee
mode:DIO, clock div:1
load:0x3fce2810,len:0x1564
load:0x403c8700,len:0x4
load:0x403c8704,len:0xd24
load:0x403cb700,len:0x2ed4
entry 0x403c8928
[0;32mI (2933) boot: ESP-IDF v5.4.4 2nd stage bootloader[0m
[0;32mI (2933) boot: compile time Sep 15 2026 15:17:18[0m
[0;32mI (2933) boot: Multicore bootloader[0m
[0;32mI (2935) boot: chip revision: v0.3[0m
[0;32mI (2935) boot: efuse block revision: v0.0[0m
[0;32mI (2936) boot.esp32s3: Boot SPI Speed : 80MHz[0m
[0;32mI (2936) boot.esp32s3: SPI Mode       : SLOW READ[0m
[0;32mI (2936) boot.esp32s3: SPI Flash Size : 16MB[0m
[0;32mI (2937) boot: Enabling RNG early entropy source...[0m
[0;32mI (2940) boot: Partition Table:[0m
[0;32mI (2940) boot: ## Label            Usage          Type ST Offset   Length[0m
[0;32mI (2940) boot:  0 nvs              WiFi data        01 02 00009000 00006000[0m
[0;32mI (2941) boot:  1 phy_init         RF data          01 01 0000f000 00001000[0m
[0;32mI (2941) boot:  2 factory          factory app      00 00 00010000 00100000[0m
[0;32mI (2941) boot: End of partition table[0m
[0;32mI (2942) esp_image: segment 0: paddr=00010020 vaddr=3c020020 size=0a9e4h ( 43492) map[0m
[0;32mI (2945) esp_image: segment 1: paddr=0001aa0c vaddr=3fc92600 size=02f4ch ( 12108) load[0m
[0;32mI (2947) esp_image: segment 2: paddr=0001d960 vaddr=40374000 size=026b8h (  9912) load[0m
[0;32mI (2948) esp_image: segment 3: paddr=00020020 vaddr=42000020 size=185d8h ( 99800) map[0m
[0;32mI (2958) esp_image: segment 4: paddr=00038600 vaddr=403766b8 size=0bf1ch ( 48924) load[0m
[0;32mI (2966) esp_image: segment 5: paddr=00044524 vaddr=50000000 size=0001ch (    28) load[0m
[0;32mI (2967) boot: Loaded app from partition at offset 0x10000[0m
[0;32mI (2967) boot: Disabling RNG early entropy source...[0m

assert failed: 0x420097f6 <cached disabled>:188 (<cached disabled>)
--- 0x420097f6: s_psram_chip_init at /Users/richardhine/.espressif/v5.4.4/esp-idf/components/esp_psram/esp_psram.c:188(inlined by) esp_psram_init at /Users/richardhine/.espressif/v5.4.4/esp-idf/components/esp_psram/esp_psram.c:385


Backtrace: 0x40375c91:0x3fceb130 0x4037a9cd:0x3fceb150 0x403807c1:0x3fceb170 0x420097f6:0x3fceb290 0x4037546e:0x3fceb2c0 0x403ccaa0:0x3fceb340 0x403ccedd:0x3fceb380 0x403c8991:0x3fceb4b0 0x40045c01:0x3fceb570 0x40043ab6:0x3fceb6f0 0x40034c45:0x3fceb710
--- 0x40375c91: panic_abort at /Users/richardhine/.espressif/v5.4.4/esp-idf/components/esp_system/panic.c:477
--- 0x4037a9cd: esp_system_abort at /Users/richardhine/.espressif/v5.4.4/esp-idf/components/esp_system/port/esp_system_chip.c:87
--- 0x403807c1: __assert_func at /Users/richardhine/.espressif/v5.4.4/esp-idf/components/newlib/assert.c:80
--- 0x420097f6: s_psram_chip_init at /Users/richardhine/.espressif/v5.4.4/esp-idf/components/esp_psram/esp_psram.c:188(inlined by) esp_psram_init at /Users/richardhine/.espressif/v5.4.4/esp-idf/components/esp_psram/esp_psram.c:385
--- 0x4037546e: call_start_cpu0 at /Users/richardhine/.espressif/v5.4.4/esp-idf/components/esp_system/port/cpu_start.c:585
--- 0x40045c01: ets_run_flash_bootloader in ROM
--- 0x40043ab6: main in ROM
--- 0x40034c45: .stack_ok in ROM




ELF file SHA256: 

Rebooting...
ESP-ROM:esp32s3-20210327
Build:Mar 27 2021
rst:0xc (RTC_SW_CPU_RST),boot:0x4 (SPI_FLASH_BOOT)
SPIWP:0xee
mode:DIO, clock div:1
load:0x3fce2810,len:0x1564
load:0x403c8700,len:0x4
load:0x403c8704,len:0xd24
load:0x403cb700,len:0x2ed4
entry 0x403c8928
[0;32mI (3043) boot: ESP-IDF v5.4.4 2nd stage bootloader[0m
[0;32mI (3043) boot: compile time Sep 15 2026 15:17:18[0m
[0;32mI (3044) boot: Multicore bootloader[0m
[0;32mI (3046) boot: chip revision: v0.3[0m
[0;32mI (3046) boot: efuse block revision: v0.0[0m
[0;32mI (3046) boot.esp32s3: Boot SPI Speed : 80MHz[0m
[0;32mI (3047) boot.esp32s3: SPI Mode       : SLOW READ[0m
[0;32mI (3047) boot.esp32s3: SPI Flash Size : 16MB[0m
[0;32mI (3048) boot: Enabling RNG early entropy source...[0m
[0;32mI (3050) boot: Partition Table:[0m
[0;32mI (3051) boot: ## Label            Usage          Type ST Offset   Length[0m
[0;32mI (3051) boot:  0 nvs              WiFi data        01 02 00009000 00006000[0m
[0;32mI (3051) boot:  1 phy_init         RF data          01 01 0000f000 00001000[0m
[0;32mI (3051) boot:  2 factory          factory app      00 00 00010000 00100000[0m
[0;32mI (3052) boot: End of partition table[0m
[0;32mI (3052) esp_image: segment 0: paddr=00010020 vaddr=3c020020 size=0a9e4h ( 43492) map[0m
[0;32mI (3056) esp_image: segment 1: paddr=0001aa0c vaddr=3fc92600 size=02f4ch ( 12108) load[0m
[0;32mI (3057) esp_image: segment 2: paddr=0001d960 vaddr=40374000 size=026b8h (  9912) load[0m
[0;32mI (3059) esp_image: segment 3: paddr=00020020 vaddr=42000020 size=185d8h ( 99800) map[0m
[0;32mI (3067) esp_image: segment 4: paddr=00038600 vaddr=403766b8 size=0bf1ch ( 48924) load[0m
[0;32mI (3073) esp_image: segment 5: paddr=00044524 vaddr=50000000 size=0001ch (    28) load[0m
[0;32mI (3074) boot: Loaded app from partition at offset 0x10000[0m
[0;32mI (3074) boot: Disabling RNG early entropy source...[0m

assert failed: 0x420097f6 <cached disabled>:188 (<cached disabled>)
--- 0x420097f6: s_psram_chip_init at /Users/richardhine/.espressif/v5.4.4/esp-idf/components/esp_psram/esp_psram.c:188(inlined by) esp_psram_init at /Users/richardhine/.espressif/v5.4.4/esp-idf/components/esp_psram/esp_psram.c:385


Backtrace: 0x40375c91:0x3fceb130 0x4037a9cd:0x3fceb150 0x403807c1:0x3fceb170 0x420097f6:0x3fceb290 0x4037546e:0x3fceb2c0 0x403ccaa0:0x3fceb340 0x403ccedd:0x3fceb380 0x403c8991:0x3fceb4b0 0x40045c01:0x3fceb570 0x40043ab6:0x3fceb6f0 0x40034c45:0x3fceb710
--- 0x40375c91: panic_abort at /Users/richardhine/.espressif/v5.4.4/esp-idf/components/esp_system/panic.c:477
--- 0x4037a9cd: esp_system_abort at /Users/richardhine/.espressif/v5.4.4/esp-idf/components/esp_system/port/esp_system_chip.c:87
--- 0x403807c1: __assert_func at /Users/richardhine/.espressif/v5.4.4/esp-idf/components/newlib/assert.c:80
--- 0x420097f6: s_psram_chip_init at /Users/richardhine/.espressif/v5.4.4/esp-idf/components/esp_psram/esp_psram.c:188(inlined by) esp_psram_init at /Users/richardhine/.espressif/v5.4.4/esp-idf/components/esp_psram/esp_psram.c:385
--- 0x4037546e: call_start_cpu0 at /Users/richardhine/.espressif/v5.4.4/esp-idf/components/esp_system/port/cpu_start.c:585
--- 0x40045c01: ets_run_flash_bootloader in ROM
--- 0x40043ab6: main in ROM
--- 0x40034c45: .stack_ok in ROM




ELF file SHA256: 

Rebooting...
ESP-ROM:esp32s3-20210327
Build:Mar 27 2021
rst:0xc (RTC_SW_CPU_RST),boot:0x4 (SPI_FLASH_BOOT)
SPIWP:0xee
mode:DIO, clock div:1
load:0x3fce2810,len:0x1564
load:0x403c8700,len:0x4
load:0x403c8704,len:0xd24
load:0x403cb700,len:0x2ed4
entry 0x403c8928
[0;32mI (3151) boot: ESP-IDF v5.4.4 2nd stage bootloader[0m
[0;32mI (3151) boot: compile time Sep 15 2026 15:17:18[0m
[0;32mI (3151) boot: Multicore bootloader[0m
[0;32mI (3154) boot: chip revision: v0.3[0m
[0;32mI (3154) boot: efuse block revision: v0.0[0m
[0;32mI (3154) boot.esp32s3: Boot SPI Speed : 80MHz[0m
[0;32mI (3154) boot.esp32s3: SPI Mode       : SLOW READ[0m
[0;32mI (3154) boot.esp32s3: SPI Flash Size : 16MB[0m
[0;32mI (3155) boot: Enabling RNG early entropy source...[0m
[0;32mI (3158) boot: Partition Table:[0m
[0;32mI (3158) boot: ## Label            Usage          Type ST Offset   Length[0m
[0;32mI (3158) boot:  0 nvs              WiFi data        01 02 00009000 00006000[0m
[0;32mI (3159) boot:  1 phy_init         RF data          01 01 0000f000 00001000[0m
[0;32mI (3159) boot:  2 factory          factory app      00 00 00010000 00100000[0m
[0;32mI (3159) boot: End of partition table[0m
[0;32mI (3160) esp_image: segment 0: paddr=00010020 vaddr=3c020020 size=0a9e4h ( 43492) map[0m
[0;32mI (3164) esp_image: segment 1: paddr=0001aa0c vaddr=3fc92600 size=02f4ch ( 12108) load[0m
[0;32mI (3165) esp_image: segment 2: paddr=0001d960 vaddr=40374000 size=026b8h (  9912) load[0m
[0;32mI (3167) esp_image: segment 3: paddr=00020020 vaddr=42000020 size=185d8h ( 99800) map[0m
[0;32mI (3175) esp_image: segment 4: paddr=00038600 vaddr=403766b8 size=0bf1ch ( 48924) load[0m
[0;32mI (3182) esp_image: segment 5: paddr=00044524 vaddr=50000000 size=0001ch (    28) load[0m
[0;32mI (3183) boot: Loaded app from partition at offset 0x10000[0m
[0;32mI (3183) boot: Disabling RNG early entropy source...[0m

assert failed: 0x420097f6 <cached disabled>:188 (<cached disabled>)
--- 0x420097f6: s_psram_chip_init at /Users/richardhine/.espressif/v5.4.4/esp-idf/components/esp_psram/esp_psram.c:188(inlined by) esp_psram_init at /Users/richardhine/.espressif/v5.4.4/esp-idf/components/esp_psram/esp_psram.c:385


Backtrace: 0x40375c91:0x3fceb130 0x4037a9cd:0x3fceb150 0x403807c1:0x3fceb170 0x420097f6:0x3fceb290 0x4037546e:0x3fceb2c0 0x403ccaa0:0x3fceb340 0x403ccedd:0x3fceb380 0x403c8991:0x3fceb4b0 0x40045c01:0x3fceb570 0x40043ab6:0x3fceb6f0 0x40034c45:0x3fceb710
--- 0x40375c91: panic_abort at /Users/richardhine/.espressif/v5.4.4/esp-idf/components/esp_system/panic.c:477
--- 0x4037a9cd: esp_system_abort at /Users/richardhine/.espressif/v5.4.4/esp-idf/components/esp_system/port/esp_system_chip.c:87
--- 0x403807c1: __assert_func at /Users/richardhine/.espressif/v5.4.4/esp-idf/components/newlib/assert.c:80
--- 0x420097f6: s_psram_chip_init at /Users/richardhine/.espressif/v5.4.4/esp-idf/components/esp_psram/esp_psram.c:188(inlined by) esp_psram_init at /Users/richardhine/.espressif/v5.4.4/esp-idf/components/esp_psram/esp_psram.c:385
--- 0x4037546e: call_start_cpu0 at /Users/richardhine/.espressif/v5.4.4/esp-idf/components/esp_system/port/cpu_start.c:585
--- 0x40045c01: ets_run_flash_bootloader in ROM
--- 0x40043ab6: main in ROM
--- 0x40034c45: .stack_ok in ROM




ELF file SHA256: 

Rebooting...
ESP-ROM:esp32s3-20210327
Build:Mar 27 2021
rst:0xc (RTC_SW_CPU_RST),boot:0x4 (SPI_FLASH_BOOT)
SPIWP:0xee
mode:DIO, clock div:1
load:0x3fce2810,len:0x1564
load:0x403c8700,len:0x4
load:0x403c8704,len:0xd24
load:0x403cb700,len:0x2ed4
entry 0x403c8928
[0;32mI (3261) boot: ESP-IDF v5.4.4 2nd stage bootloader[0m
[0;32mI (3261) boot: compile time Sep 15 2026 15:17:18[0m
[0;32mI (3261) boot: Multicore bootloader[0m
[0;32mI (3263) boot: chip revision: v0.3[0m
[0;32mI (3263) boot: efuse block revision: v0.0[0m
[0;32mI (3264) boot.esp32s3: Boot SPI Speed : 80MHz[0m
[0;32mI (3264) boot.esp32s3: SPI Mode       : SLOW READ[0m
[0;32mI (3264) boot.esp32s3: SPI Flash Size : 16MB[0m
[0;32mI (3265) boot: Enabling RNG early entropy source...[0m
[0;32mI (3268) boot: Partition Table:[0m
[0;32mI (3268) boot: ## Label            Usage          Type ST Offset   Length[0m
[0;32mI (3268) boot:  0 nvs              WiFi data        01 02 00009000 00006000[0m
[0;32mI (3269) boot:  1 phy_init         RF data          01 01 0000f000 00001000[0m
[0;32mI (3269) boot:  2 factory          factory app      00 00 00010000 00100000[0m
[0;32mI (3269) boot: End of partition table[0m
[0;32mI (3270) esp_image: segment 0: paddr=00010020 vaddr=3c020020 size=0a9e4h ( 43492) map[0m
[0;32mI (3274) esp_image: segment 1: paddr=0001aa0c vaddr=3fc92600 size=02f4ch ( 12108) load[0m
[0;32mI (3275) esp_image: segment 2: paddr=0001d960 vaddr=40374000 size=026b8h (  9912) load[0m
[0;32mI (3277) esp_image: segment 3: paddr=00020020 vaddr=42000020 size=185d8h ( 99800) map[0m
[0;32mI (3288) esp_image: segment 4: paddr=00038600 vaddr=403766b8 size=0bf1ch ( 48924) load[0m
[0;32mI (3295) esp_image: segment 5: paddr=00044524 vaddr=50000000 size=0001ch (    28) load[0m
[0;32mI (3296) boot: Loaded app from partition at offset 0x10000[0m
[0;32mI (3296) boot: Disabling RNG early entropy source...[0m

assert failed: 0x420097f6 <cached disabled>:188 (<cached disabled>)
--- 0x420097f6: s_psram_chip_init at /Users/richardhine/.espressif/v5.4.4/esp-idf/components/esp_psram/esp_psram.c:188(inlined by) esp_psram_init at /Users/richardhine/.espressif/v5.4.4/esp-idf/components/esp_psram/esp_psram.c:385


Backtrace: 0x40375c91:0x3fceb130 0x4037a9cd:0x3fceb150 0x403807c1:0x3fceb170 0x420097f6:0x3fceb290 0x4037546e:0x3fceb2c0 0x403ccaa0:0x3fceb340 0x403ccedd:0x3fceb380 0x403c8991:0x3fceb4b0 0x40045c01:0x3fceb570 0x40043ab6:0x3fceb6f0 0x40034c45:0x3fceb710
--- 0x40375c91: panic_abort at /Users/richardhine/.espressif/v5.4.4/esp-idf/components/esp_system/panic.c:477
--- 0x4037a9cd: esp_system_abort at /Users/richardhine/.espressif/v5.4.4/esp-idf/components/esp_system/port/esp_system_chip.c:87
--- 0x403807c1: __assert_func at /Users/richardhine/.espressif/v5.4.4/esp-idf/components/newlib/assert.c:80
--- 0x420097f6: s_psram_chip_init at /Users/richardhine/.espressif/v5.4.4/esp-idf/components/esp_psram/esp_psram.c:188(inlined by) esp_psram_init at /Users/richardhine/.espressif/v5.4.4/esp-idf/components/esp_psram/esp_psram.c:385
--- 0x4037546e: call_start_cpu0 at /Users/richardhine/.espressif/v5.4.4/esp-idf/components/esp_system/port/cpu_start.c:585
--- 0x40045c01: ets_run_flash_bootloader in ROM
--- 0x40043ab6: main in ROM
--- 0x40034c45: .stack_ok in ROM




ELF file SHA256: 

Rebooting...
ESP-ROM:esp32s3-20210327
Build:Mar 27 2021
rst:0xc (RTC_SW_CPU_RST),boot:0x4 (SPI_FLASH_BOOT)
SPIWP:0xee
mode:DIO, clock div:1
load:0x3fce2810,len:0x1564
load:0x403c8700,len:0x4
load:0x403c8704,len:0xd24
load:0x403cb700,len:0x2ed4
entry 0x403c8928
[0;32mI (3373) boot: ESP-IDF v5.4.4 2nd stage bootloader[0m
[0;32mI (3373) boot: compile time Sep 15 2026 15:17:18[0m
[0;32mI (3374) boot: Multicore bootloader[0m
[0;32mI (3376) boot: chip revision: v0.3[0m
[0;32mI (3376) boot: efuse block revision: v0.0[0m
[0;32mI (3377) boot.esp32s3: Boot SPI Speed : 80MHz[0m
[0;32mI (3377) boot.esp32s3: SPI Mode       : SLOW READ[0m
[0;32mI (3377) boot.esp32s3: SPI Flash Size : 16MB[0m
[0;32mI (3379) boot: Enabling RNG early entropy source...[0m
[0;32mI (3382) boot: Partition Table:[0m
[0;32mI (3382) boot: ## Label            Usage          Type ST Offset   Length[0m
[0;32mI (3382) boot:  0 nvs              WiFi data        01 02 00009000 00006000[0m
[0;32mI (3383) boot:  1 phy_init         RF data          01 01 0000f000 00001000[0m
[0;32mI (3383) boot:  2 factory          factory app      00 00 00010000 00100000[0m
[0;32mI (3383) boot: End of partition table[0m
[0;32mI (3384) esp_image: segment 0: paddr=00010020 vaddr=3c020020 size=0a9e4h ( 43492) map[0m
[0;32mI (3388) esp_image: segment 1: paddr=0001aa0c vaddr=3fc92600 size=02f4ch ( 12108) load[0m
[0;32mI (3389) esp_image: segment 2: paddr=0001d960 vaddr=40374000 size=026b8h (  9912) load[0m
[0;32mI (3391) esp_image: segment 3: paddr=00020020 vaddr=42000020 size=185d8h ( 99800) map[0m
[0;32mI (3401) esp_image: segment 4: paddr=00038600 vaddr=403766b8 size=0bf1ch ( 48924) load[0m
[0;32mI (3407) esp_image: segment 5: paddr=00044524 vaddr=50000000 size=0001ch (    28) load[0m
[0;32mI (3408) boot: Loaded app from partition at offset 0x10000[0m
[0;32mI (3408) boot: Disabling RNG early entropy source...[0m

assert failed: 0x420097f6 <cached disabled>:188 (<cached disabled>)
--- 0x420097f6: s_psram_chip_init at /Users/richardhine/.espressif/v5.4.4/esp-idf/components/esp_psram/esp_psram.c:188(inlined by) esp_psram_init at /Users/richardhine/.espressif/v5.4.4/esp-idf/components/esp_psram/esp_psram.c:385


Backtrace: 0x40375c91:0x3fceb130 0x4037a9cd:0x3fceb150 0x403807c1:0x3fceb170 0x420097f6:0x3fceb290 0x4037546e:0x3fceb2c0 0x403ccaa0:0x3fceb340 0x403ccedd:0x3fceb380 0x403c8991:0x3fceb4b0 0x40045c01:0x3fceb570 0x40043ab6:0x3fceb6f0 0x40034c45:0x3fceb710
--- 0x40375c91: panic_abort at /Users/richardhine/.espressif/v5.4.4/esp-idf/components/esp_system/panic.c:477
--- 0x4037a9cd: esp_system_abort at /Users/richardhine/.espressif/v5.4.4/esp-idf/components/esp_system/port/esp_system_chip.c:87
--- 0x403807c1: __assert_func at /Users/richardhine/.espressif/v5.4.4/esp-idf/components/newlib/assert.c:80
--- 0x420097f6: s_psram_chip_init at /Users/richardhine/.espressif/v5.4.4/esp-idf/components/esp_psram/esp_psram.c:188(inlined by) esp_psram_init at /Users/richardhine/.espressif/v5.4.4/esp-idf/components/esp_psram/esp_psram.c:385
--- 0x4037546e: call_start_cpu0 at /Users/richardhine/.espressif/v5.4.4/esp-idf/components/esp_system/port/cpu_start.c:585
--- 0x40045c01: ets_run_flash_bootloader in ROM
--- 0x40043ab6: main in ROM
--- 0x40034c45: .stack_ok in ROM




ELF file SHA256: 

Rebooting...
ESP-ROM:esp32s3-20210327
Build:Mar 27 2021
rst:0xc (RTC_SW_CPU_RST),boot:0x4 (SPI_FLASH_BOOT)
SPIWP:0xee
mode:DIO, clock div:1
load:0x3fce2810,len:0x1564
load:0x403c8700,len:0x4
load:0x403c8704,len:0xd24
load:0x403cb700,len:0x2ed4
entry 0x403c8928
[0;32mI (3484) boot: ESP-IDF v5.4.4 2nd stage bootloader[0m
[0;32mI (3484) boot: compile time Sep 15 2026 15:17:18[0m
[0;32mI (3484) boot: Multicore bootloader[0m
[0;32mI (3486) boot: chip revision: v0.3[0m
[0;32mI (3487) boot: efuse block revision: v0.0[0m
[0;32mI (3487) boot.esp32s3: Boot SPI Speed : 80MHz[0m
[0;32mI (3487) boot.esp32s3: SPI Mode       : SLOW READ[0m
[0;32mI (3487) boot.esp32s3: SPI Flash Size : 16MB[0m
[0;32mI (3488) boot: Enabling RNG early entropy source...[0m
[0;32mI (3491) boot: Partition Table:[0m
[0;32mI (3491) boot: ## Label            Usage          Type ST Offset   Length[0m
[0;32mI (3491) boot:  0 nvs              WiFi data        01 02 00009000 00006000[0m
[0;32mI (3492) boot:  1 phy_init         RF data          01 01 0000f000 00001000[0m
[0;32mI (3492) boot:  2 factory          factory app      00 00 00010000 00100000[0m
[0;32mI (3492) boot: End of partition table[0m
[0;32mI (3493) esp_image: segment 0: paddr=00010020 vaddr=3c020020 size=0a9e4h ( 43492) map[0m
[0;32mI (3497) esp_image: segment 1: paddr=0001aa0c vaddr=3fc92600 size=02f4ch ( 12108) load[0m
[0;32mI (3498) esp_image: segment 2: paddr=0001d960 vaddr=40374000 size=026b8h (  9912) load[0m
[0;32mI (3500) esp_image: segment 3: paddr=00020020 vaddr=42000020 size=185d8h ( 99800) map[0m
[0;32mI (3510) esp_image: segment 4: paddr=00038600 vaddr=403766b8 size=0bf1ch ( 48924) load[0m
[0;32mI (3517) esp_image: segment 5: paddr=00044524 vaddr=50000000 size=0001ch (    28) load[0m
[0;32mI (3518) boot: Loaded app from partition at offset 0x10000[0m
[0;32mI (3518) boot: Disabling RNG early entropy source...[0m

assert failed: 0x420097f6 <cached disabled>:188 (<cached disabled>)
--- 0x420097f6: s_psram_chip_init at /Users/richardhine/.espressif/v5.4.4/esp-idf/components/esp_psram/esp_psram.c:188(inlined by) esp_psram_init at /Users/richardhine/.espressif/v5.4.4/esp-idf/components/esp_psram/esp_psram.c:385


Backtrace: 0x40375c91:0x3fceb130 0x4037a9cd:0x3fceb150 0x403807c1:0x3fceb170 0x420097f6:0x3fceb290 0x4037546e:0x3fceb2c0 0x403ccaa0:0x3fceb340 0x403ccedd:0x3fceb380 0x403c8991:0x3fceb4b0 0x40045c01:0x3fceb570 0x40043ab6:0x3fceb6f0 0x40034c45:0x3fceb710
--- 0x40375c91: panic_abort at /Users/richardhine/.espressif/v5.4.4/esp-idf/components/esp_system/panic.c:477
--- 0x4037a9cd: esp_system_abort at /Users/richardhine/.espressif/v5.4.4/esp-idf/components/esp_system/port/esp_system_chip.c:87
--- 0x403807c1: __assert_func at /Users/richardhine/.espressif/v5.4.4/esp-idf/components/newlib/assert.c:80
--- 0x420097f6: s_psram_chip_init at /Users/richardhine/.espressif/v5.4.4/esp-idf/components/esp_psram/esp_psram.c:188(inlined by) esp_psram_init at /Users/richardhine/.espressif/v5.4.4/esp-idf/components/esp_psram/esp_psram.c:385
--- 0x4037546e: call_start_cpu0 at /Users/richardhine/.espressif/v5.4.4/esp-idf/components/esp_system/port/cpu_start.c:585
--- 0x40045c01: ets_run_flash_bootloader in ROM
--- 0x40043ab6: main in ROM
--- 0x40034c45: .stack_ok in ROM




ELF file SHA256: 

Rebooting...
ESP-ROM:esp32s3-20210327
Build:Mar 27 2021
rst:0xc (RTC_SW_CPU_RST),boot:0x4 (SPI_FLASH_BOOT)
SPIWP:0xee
mode:DIO, clock div:1
load:0x3fce2810,len:0x1564
load:0x403c8700,len:0x4
load:0x403c8704,len:0xd24
load:0x403cb700,len:0x2ed4
entry 0x403c8928
[0;32mI (3595) boot: ESP-IDF v5.4.4 2nd stage bootloader[0m
[0;32mI (3595) boot: compile time Sep 15 2026 15:17:18[0m
[0;32mI (3595) boot: Multicore bootloader[0m
[0;32mI (3597) boot: chip revision: v0.3[0m
[0;32mI (3597) boot: efuse block revision: v0.0[0m
[0;32mI (3597) boot.esp32s3: Boot SPI Speed : 80MHz[0m
[0;32mI (3597) boot.esp32s3: SPI Mode       : SLOW READ[0m
[0;32mI (3598) boot.esp32s3: SPI Flash Size : 16MB[0m
[0;32mI (3599) boot: Enabling RNG early entropy source...[0m
[0;32mI (3601) boot: Partition Table:[0m
[0;32mI (3602) boot: ## Label            Usage          Type ST Offset   Length[0m
[0;32mI (3602) boot:  0 nvs              WiFi data        01 02 00009000 00006000[0m
[0;32mI (3602) boot:  1 phy_init         RF data          01 01 0000f000 00001000[0m
[0;32mI (3602) boot:  2 factory          factory app      00 00 00010000 00100000[0m
[0;32mI (3603) boot: End of partition table[0m
[0;32mI (3603) esp_image: segment 0: paddr=00010020 vaddr=3c020020 size=0a9e4h ( 43492) map[0m
[0;32mI (3607) esp_image: segment 1: paddr=0001aa0c vaddr=3fc92600 size=02f4ch ( 12108) load[0m
[0;32mI (3608) esp_image: segment 2: paddr=0001d960 vaddr=40374000 size=026b8h (  9912) load[0m
[0;32mI (3610) esp_image: segment 3: paddr=00020020 vaddr=42000020 size=185d8h ( 99800) map[0m
[0;32mI (3620) esp_image: segment 4: paddr=00038600 vaddr=403766b8 size=0bf1ch ( 48924) load[0m
[0;32mI (3628) esp_image: segment 5: paddr=00044524 vaddr=50000000 size=0001ch (    28) load[0m
[0;32mI (3628) boot: Loaded app from partition at offset 0x10000[0m
[0;32mI (3629) boot: Disabling RNG early entropy source...[0m

assert failed: 0x420097f6 <cached disabled>:188 (<cached disabled>)
--- 0x420097f6: s_psram_chip_init at /Users/richardhine/.espressif/v5.4.4/esp-idf/components/esp_psram/esp_psram.c:188(inlined by) esp_psram_init at /Users/richardhine/.espressif/v5.4.4/esp-idf/components/esp_psram/esp_psram.c:385


Backtrace: 0x40375c91:0x3fceb130 0x4037a9cd:0x3fceb150 0x403807c1:0x3fceb170 0x420097f6:0x3fceb290 0x4037546e:0x3fceb2c0 0x403ccaa0:0x3fceb340 0x403ccedd:0x3fceb380 0x403c8991:0x3fceb4b0 0x40045c01:0x3fceb570 0x40043ab6:0x3fceb6f0 0x40034c45:0x3fceb710
--- 0x40375c91: panic_abort at /Users/richardhine/.espressif/v5.4.4/esp-idf/components/esp_system/panic.c:477
--- 0x4037a9cd: esp_system_abort at /Users/richardhine/.espressif/v5.4.4/esp-idf/components/esp_system/port/esp_system_chip.c:87
--- 0x403807c1: __assert_func at /Users/richardhine/.espressif/v5.4.4/esp-idf/components/newlib/assert.c:80
--- 0x420097f6: s_psram_chip_init at /Users/richardhine/.espressif/v5.4.4/esp-idf/components/esp_psram/esp_psram.c:188(inlined by) esp_psram_init at /Users/richardhine/.espressif/v5.4.4/esp-idf/components/esp_psram/esp_psram.c:385
--- 0x4037546e: call_start_cpu0 at /Users/richardhine/.espressif/v5.4.4/esp-idf/components/esp_system/port/cpu_start.c:585
--- 0x40045c01: ets_run_flash_bootloader in ROM
--- 0x40043ab6: main in ROM
--- 0x40034c45: .stack_ok in ROM




ELF file SHA256: 

Rebooting...
ESP-ROM:esp32s3-20210327
Build:Mar 27 2021
rst:0xc (RTC_SW_CPU_RST),boot:0x4 (SPI_FLASH_BOOT)
SPIWP:0xee
mode:DIO, clock div:1
load:0x3fce2810,len:0x1564
load:0x403c8700,len:0x4
load:0x403c8704,len:0xd24
load:0x403cb700,len:0x2ed4
entry 0x403c8928
[0;32mI (3707) boot: ESP-IDF v5.4.4 2nd stage bootloader[0m
[0;32mI (3707) boot: compile time Sep 15 2026 15:17:18[0m
[0;32mI (3707) boot: Multicore bootloader[0m
[0;32mI (3709) boot: chip revision: v0.3[0m
[0;32mI (3709) boot: efuse block revision: v0.0[0m
[0;32mI (3709) boot.esp32s3: Boot SPI Speed : 80MHz[0m
[0;32mI (3709) boot.esp32s3: SPI Mode       : SLOW READ[0m
[0;32mI (3710) boot.esp32s3: SPI Flash Size : 16MB[0m
[0;32mI (3711) boot: Enabling RNG early entropy source...[0m
[0;32mI (3713) boot: Partition Table:[0m
[0;32mI (3714) boot: ## Label            Usage          Type ST Offset   Length[0m
[0;32mI (3714) boot:  0 nvs              WiFi data        01 02 00009000 00006000[0m
[0;32mI (3714) boot:  1 phy_init         RF data          01 01 0000f000 00001000[0m
[0;32mI (3714) boot:  2 factory          factory app      00 00 00010000 00100000[0m
[0;32mI (3715) boot: End of partition table[0m
[0;32mI (3715) esp_image: segment 0: paddr=00010020 vaddr=3c020020 size=0a9e4h ( 43492) map[0m
[0;32mI (3719) esp_image: segment 1: paddr=0001aa0c vaddr=3fc92600 size=02f4ch ( 12108) load[0m
[0;32mI (3720) esp_image: segment 2: paddr=0001d960 vaddr=40374000 size=026b8h (  9912) load[0m
[0;32mI (3722) esp_image: segment 3: paddr=00020020 vaddr=42000020 size=185d8h ( 99800) map[0m
[0;32mI (3732) esp_image: segment 4: paddr=00038600 vaddr=403766b8 size=0bf1ch ( 48924) load[0m
[0;32mI (3740) esp_image: segment 5: paddr=00044524 vaddr=50000000 size=0001ch (    28) load[0m
[0;32mI (3741) boot: Loaded app from partition at offset 0x10000[0m
[0;32mI (3741) boot: Disabling RNG early entropy source...[0m

assert failed: 0x420097f6 <cached disabled>:188 (<cached disabled>)
--- 0x420097f6: s_psram_chip_init at /Users/richardhine/.espressif/v5.4.4/esp-idf/components/esp_psram/esp_psram.c:188(inlined by) esp_psram_init at /Users/richardhine/.espressif/v5.4.4/esp-idf/components/esp_psram/esp_psram.c:385


Backtrace: 0x40375c91:0x3fceb130 0x4037a9cd:0x3fceb150 0x403807c1:0x3fceb170 0x420097f6:0x3fceb290 0x4037546e:0x3fceb2c0 0x403ccaa0:0x3fceb340 0x403ccedd:0x3fceb380 0x403c8991:0x3fceb4b0 0x40045c01:0x3fceb570 0x40043ab6:0x3fceb6f0 0x40034c45:0x3fceb710
--- 0x40375c91: panic_abort at /Users/richardhine/.espressif/v5.4.4/esp-idf/components/esp_system/panic.c:477
--- 0x4037a9cd: esp_system_abort at /Users/richardhine/.espressif/v5.4.4/esp-idf/components/esp_system/port/esp_system_chip.c:87
--- 0x403807c1: __assert_func at /Users/richardhine/.espressif/v5.4.4/esp-idf/components/newlib/assert.c:80
--- 0x420097f6: s_psram_chip_init at /Users/richardhine/.espressif/v5.4.4/esp-idf/components/esp_psram/esp_psram.c:188(inlined by) esp_psram_init at /Users/richardhine/.espressif/v5.4.4/esp-idf/components/esp_psram/esp_psram.c:385
--- 0x4037546e: call_start_cpu0 at /Users/richardhine/.espressif/v5.4.4/esp-idf/components/esp_system/port/cpu_start.c:585
--- 0x40045c01: ets_run_flash_bootloader in ROM
--- 0x40043ab6: main in ROM
--- 0x40034c45: .stack_ok in ROM




ELF file SHA256: 

Rebooting...
ESP-ROM:esp32s3-20210327
Build:Mar 27 2021
rst:0xc (RTC_SW_CPU_RST),boot:0x4 (SPI_FLASH_BOOT)
SPIWP:0xee
mode:DIO, clock div:1
load:0x3fce2810,len:0x1564
load:0x403c8700,len:0x4
load:0x403c8704,len:0xd24
load:0x403cb700,len:0x2ed4
entry 0x403c8928
[0;32mI (3819) boot: ESP-IDF v5.4.4 2nd stage bootloader[0m
[0;32mI (3819) boot: compile time Sep 15 2026 15:17:18[0m
[0;32mI (3819) boot: Multicore bootloader[0m
[0;32mI (3821) boot: chip revision: v0.3[0m
[0;32mI (3821) boot: efuse block revision: v0.0[0m
[0;32mI (3822) boot.esp32s3: Boot SPI Speed : 80MHz[0m
[0;32mI (3822) boot.esp32s3: SPI Mode       : SLOW READ[0m
[0;32mI (3822) boot.esp32s3: SPI Flash Size : 16MB[0m
[0;32mI (3823) boot: Enabling RNG early entropy source...[0m
[0;32mI (3826) boot: Partition Table:[0m
[0;32mI (3826) boot: ## Label            Usage          Type ST Offset   Length[0m
[0;32mI (3826) boot:  0 nvs              WiFi data        01 02 00009000 00006000[0m
[0;32mI (3826) boot:  1 phy_init         RF data          01 01 0000f000 00001000[0m
[0;32mI (3827) boot:  2 factory          factory app      00 00 00010000 00100000[0m
[0;32mI (3827) boot: End of partition table[0m
[0;32mI (3828) esp_image: segment 0: paddr=00010020 vaddr=3c020020 size=0a9e4h ( 43492) map[0m
[0;32mI (3831) esp_image: segment 1: paddr=0001aa0c vaddr=3fc92600 size=02f4ch ( 12108) load[0m
[0;32mI (3833) esp_image: segment 2: paddr=0001d960 vaddr=40374000 size=026b8h (  9912) load[0m
[0;32mI (3834) esp_image: segment 3: paddr=00020020 vaddr=42000020 size=185d8h ( 99800) map[0m
[0;32mI (3844) esp_image: segment 4: paddr=00038600 vaddr=403766b8 size=0bf1ch ( 48924) load[0m
[0;32mI (3852) esp_image: segment 5: paddr=00044524 vaddr=50000000 size=0001ch (    28) load[0m
[0;32mI (3853) boot: Loaded app from partition at offset 0x10000[0m
[0;32mI (3853) boot: Disabling RNG early entropy source...[0m

assert failed: 0x420097f6 <cached disabled>:188 (<cached disabled>)
--- 0x420097f6: s_psram_chip_init at /Users/richardhine/.espressif/v5.4.4/esp-idf/components/esp_psram/esp_psram.c:188(inlined by) esp_psram_init at /Users/richardhine/.espressif/v5.4.4/esp-idf/components/esp_psram/esp_psram.c:385


Backtrace: 0x40375c91:0x3fceb130 0x4037a9cd:0x3fceb150 0x403807c1:0x3fceb170 0x420097f6:0x3fceb290 0x4037546e:0x3fceb2c0 0x403ccaa0:0x3fceb340 0x403ccedd:0x3fceb380 0x403c8991:0x3fceb4b0 0x40045c01:0x3fceb570 0x40043ab6:0x3fceb6f0 0x40034c45:0x3fceb710
--- 0x40375c91: panic_abort at /Users/richardhine/.espressif/v5.4.4/esp-idf/components/esp_system/panic.c:477
--- 0x4037a9cd: esp_system_abort at /Users/richardhine/.espressif/v5.4.4/esp-idf/components/esp_system/port/esp_system_chip.c:87
--- 0x403807c1: __assert_func at /Users/richardhine/.espressif/v5.4.4/esp-idf/components/newlib/assert.c:80
--- 0x420097f6: s_psram_chip_init at /Users/richardhine/.espressif/v5.4.4/esp-idf/components/esp_psram/esp_psram.c:188(inlined by) esp_psram_init at /Users/richardhine/.espressif/v5.4.4/esp-idf/components/esp_psram/esp_psram.c:385
--- 0x4037546e: call_start_cpu0 at /Users/richardhine/.espressif/v5.4.4/esp-idf/components/esp_system/port/cpu_start.c:585
--- 0x40045c01: ets_run_flash_bootloader in ROM
--- 0x40043ab6: main in ROM
--- 0x40034c45: .stack_ok in ROM




ELF file SHA256: 

Rebooting...
ESP-ROM:esp32s3-20210327
Build:Mar 27 2021
rst:0xc (RTC_SW_CPU_RST),boot:0x4 (SPI_FLASH_BOOT)
SPIWP:0xee
mode:DIO, clock div:1
load:0x3fce2810,len:0x1564
load:0x403c8700,len:0x4
load:0x403c8704,len:0xd24
load:0x403cb700,len:0x2ed4
entry 0x403c8928
[0;32mI (3930) boot: ESP-IDF v5.4.4 2nd stage bootloader[0m
[0;32mI (3930) boot: compile time Sep 15 2026 15:17:18[0m
[0;32mI (3931) boot: Multicore bootloader[0m
[0;32mI (3933) boot: chip revision: v0.3[0m
[0;32mI (3933) boot: efuse block revision: v0.0[0m
[0;32mI (3933) boot.esp32s3: Boot SPI Speed : 80MHz[0m
[0;32mI (3933) boot.esp32s3: SPI Mode       : SLOW READ[0m
[0;32mI (3933) boot.esp32s3: SPI Flash Size : 16MB[0m
[0;32mI (3935) boot: Enabling RNG early entropy source...[0m
[0;32mI (3937) boot: Partition Table:[0m
[0;32mI (3937) boot: ## Label            Usage          Type ST Offset   Length[0m
[0;32mI (3938) boot:  0 nvs              WiFi data        01 02 00009000 00006000[0m
[0;32mI (3938) boot:  1 phy_init         RF data          01 01 0000f000 00001000[0m
[0;32mI (3938) boot:  2 factory          factory app      00 00 00010000 00100000[0m
[0;32mI (3938) boot: End of partition table[0m
[0;32mI (3939) esp_image: segment 0: paddr=00010020 vaddr=3c020020 size=0a9e4h ( 43492) map[0m
[0;32mI (3943) esp_image: segment 1: paddr=0001aa0c vaddr=3fc92600 size=02f4ch ( 12108) load[0m
[0;32mI (3944) esp_image: segment 2: paddr=0001d960 vaddr=40374000 size=026b8h (  9912) load[0m
[0;32mI (3946) esp_image: segment 3: paddr=00020020 vaddr=42000020 size=185d8h ( 99800) map[0m
[0;32mI (3956) esp_image: segment 4: paddr=00038600 vaddr=403766b8 size=0bf1ch ( 48924) load[0m
[0;32mI (3964) esp_image: segment 5: paddr=00044524 vaddr=50000000 size=0001ch (    28) load[0m
[0;32mI (3965) boot: Loaded app from partition at offset 0x10000[0m
[0;32mI (3965) boot: Disabling RNG early entropy source...[0m

assert failed: 0x420097f6 <cached disabled>:188 (<cached disabled>)
--- 0x420097f6: s_psram_chip_init at /Users/richardhine/.espressif/v5.4.4/esp-idf/components/esp_psram/esp_psram.c:188(inlined by) esp_psram_init at /Users/richardhine/.espressif/v5.4.4/esp-idf/components/esp_psram/esp_psram.c:385


Backtrace: 0x40375c91:0x3fceb130 0x4037a9cd:0x3fceb150 0x403807c1:0x3fceb170 0x420097f6:0x3fceb290 0x4037546e:0x3fceb2c0 0x403ccaa0:0x3fceb340 0x403ccedd:0x3fceb380 0x403c8991:0x3fceb4b0 0x40045c01:0x3fceb570 0x40043ab6:0x3fceb6f0 0x40034c45:0x3fceb710
--- 0x40375c91: panic_abort at /Users/richardhine/.espressif/v5.4.4/esp-idf/components/esp_system/panic.c:477
--- 0x4037a9cd: esp_system_abort at /Users/richardhine/.espressif/v5.4.4/esp-idf/components/esp_system/port/esp_system_chip.c:87
--- 0x403807c1: __assert_func at /Users/richardhine/.espressif/v5.4.4/esp-idf/components/newlib/assert.c:80
--- 0x420097f6: s_psram_chip_init at /Users/richardhine/.espressif/v5.4.4/esp-idf/components/esp_psram/esp_psram.c:188(inlined by) esp_psram_init at /Users/richardhine/.espressif/v5.4.4/esp-idf/components/esp_psram/esp_psram.c:385
--- 0x4037546e: call_start_cpu0 at /Users/richardhine/.espressif/v5.4.4/esp-idf/components/esp_system/port/cpu_start.c:585
--- 0x40045c01: ets_run_flash_bootloader in ROM
--- 0x40043ab6: main in ROM
--- 0x40034c45: .stack_ok in ROM




ELF file SHA256: 

Rebooting...
ESP-ROM:esp32s3-20210327
Build:Mar 27 2021
rst:0xc (RTC_SW_CPU_RST),boot:0x4 (SPI_FLASH_BOOT)
SPIWP:0xee
mode:DIO, clock div:1
load:0x3fce2810,len:0x1564
load:0x403c8700,len:0x4
load:0x403c8704,len:0xd24
load:0x403cb700,len:0x2ed4
entry 0x403c8928
[0;32mI (4042) boot: ESP-IDF v5.4.4 2nd stage bootloader[0m
[0;32mI (4043) boot: compile time Sep 15 2026 15:17:18[0m
[0;32mI (4043) boot: Multicore bootloader[0m
[0;32mI (4045) boot: chip revision: v0.3[0m
[0;32mI (4045) boot: efuse block revision: v0.0[0m
[0;32mI (4045) boot.esp32s3: Boot SPI Speed : 80MHz[0m
[0;32mI (4045) boot.esp32s3: SPI Mode       : SLOW READ[0m
[0;32mI (4046) boot.esp32s3: SPI Flash Size : 16MB[0m
[0;32mI (4047) boot: Enabling RNG early entropy source...[0m
[0;32mI (4049) boot: Partition Table:[0m
[0;32mI (4050) boot: ## Label            Usage          Type ST Offset   Length[0m
[0;32mI (4050) boot:  0 nvs              WiFi data        01 02 00009000 00006000[0m
[0;32mI (4050) boot:  1 phy_init         RF data          01 01 0000f000 00001000[0m
[0;32mI (4050) boot:  2 factory          factory app      00 00 00010000 00100000[0m
[0;32mI (4051) boot: End of partition table[0m
[0;32mI (4051) esp_image: segment 0: paddr=00010020 vaddr=3c020020 size=0a9e4h ( 43492) map[0m
[0;32mI (4055) esp_image: segment 1: paddr=0001aa0c vaddr=3fc92600 size=02f4ch ( 12108) load[0m
[0;32mI (4056) esp_image: segment 2: paddr=0001d960 vaddr=40374000 size=026b8h (  9912) load[0m
[0;32mI (4058) esp_image: segment 3: paddr=00020020 vaddr=42000020 size=185d8h ( 99800) map[0m
[0;32mI (4069) esp_image: segment 4: paddr=00038600 vaddr=403766b8 size=0bf1ch ( 48924) load[0m
[0;32mI (4076) esp_image: segment 5: paddr=00044524 vaddr=50000000 size=0001ch (    28) load[0m
[0;32mI (4077) boot: Loaded app from partition at offset 0x10000[0m
[0;32mI (4077) boot: Disabling RNG early entropy source...[0m

assert failed: 0x420097f6 <cached disabled>:188 (<cached disabled>)
--- 0x420097f6: s_psram_chip_init at /Users/richardhine/.espressif/v5.4.4/esp-idf/components/esp_psram/esp_psram.c:188(inlined by) esp_psram_init at /Users/richardhine/.espressif/v5.4.4/esp-idf/components/esp_psram/esp_psram.c:385


Backtrace: 0x40375c91:0x3fceb130 0x4037a9cd:0x3fceb150 0x403807c1:0x3fceb170 0x420097f6:0x3fceb290 0x4037546e:0x3fceb2c0 0x403ccaa0:0x3fceb340 0x403ccedd:0x3fceb380 0x403c8991:0x3fceb4b0 0x40045c01:0x3fceb570 0x40043ab6:0x3fceb6f0 0x40034c45:0x3fceb710
--- 0x40375c91: panic_abort at /Users/richardhine/.espressif/v5.4.4/esp-idf/components/esp_system/panic.c:477
--- 0x4037a9cd: esp_system_abort at /Users/richardhine/.espressif/v5.4.4/esp-idf/components/esp_system/port/esp_system_chip.c:87
--- 0x403807c1: __assert_func at /Users/richardhine/.espressif/v5.4.4/esp-idf/components/newlib/assert.c:80
--- 0x420097f6: s_psram_chip_init at /Users/richardhine/.espressif/v5.4.4/esp-idf/components/esp_psram/esp_psram.c:188(inlined by) esp_psram_init at /Users/richardhine/.espressif/v5.4.4/esp-idf/components/esp_psram/esp_psram.c:385
--- 0x4037546e: call_start_cpu0 at /Users/richardhine/.espressif/v5.4.4/esp-idf/components/esp_system/port/cpu_start.c:585
--- 0x40045c01: ets_run_flash_bootloader in ROM
--- 0x40043ab6: main in ROM
--- 0x40034c45: .stack_ok in ROM




ELF file SHA256: 

Rebooting...
ESP-ROM:esp32s3-20210327
Build:Mar 27 2021
rst:0xc (RTC_SW_CPU_RST),boot:0x4 (SPI_FLASH_BOOT)
SPIWP:0xee
mode:DIO, clock div:1
load:0x3fce2810,len:0x1564
load:0x403c8700,len:0x4
load:0x403c8704,len:0xd24
load:0x403cb700,len:0x2ed4
entry 0x403c8928
[0;32mI (4155) boot: ESP-IDF v5.4.4 2nd stage bootloader[0m
[0;32mI (4156) boot: compile time Sep 15 2026 15:17:18[0m
[0;32mI (4156) boot: Multicore bootloader[0m
[0;32mI (4157) boot: chip revision: v0.3[0m
[0;32mI (4158) boot: efuse block revision: v0.0[0m
[0;32mI (4158) boot.esp32s3: Boot SPI Speed : 80MHz[0m
[0;32mI (4158) boot.esp32s3: SPI Mode       : SLOW READ[0m
[0;32mI (4158) boot.esp32s3: SPI Flash Size : 16MB[0m
[0;32mI (4159) boot: Enabling RNG early entropy source...[0m
[0;32mI (4162) boot: Partition Table:[0m
[0;32mI (4162) boot: ## Label            Usage          Type ST Offset   Length[0m
[0;32mI (4163) boot:  0 nvs              WiFi data        01 02 00009000 00006000[0m
[0;32mI (4163) boot:  1 phy_init         RF data          01 01 0000f000 00001000[0m
[0;32mI (4163) boot:  2 factory          factory app      00 00 00010000 00100000[0m
[0;32mI (4163) boot: End of partition table[0m
[0;32mI (4164) esp_image: segment 0: paddr=00010020 vaddr=3c020020 size=0a9e4h ( 43492) map[0m
[0;32mI (4168) esp_image: segment 1: paddr=0001aa0c vaddr=3fc92600 size=02f4ch ( 12108) load[0m
[0;32mI (4169) esp_image: segment 2: paddr=0001d960 vaddr=40374000 size=026b8h (  9912) load[0m
[0;32mI (4171) esp_image: segment 3: paddr=00020020 vaddr=42000020 size=185d8h ( 99800) map[0m
[0;32mI (4181) esp_image: segment 4: paddr=00038600 vaddr=403766b8 size=0bf1ch ( 48924) load[0m
[0;32mI (4189) esp_image: segment 5: paddr=00044524 vaddr=50000000 size=0001ch (    28) load[0m
[0;32mI (4190) boot: Loaded app from partition at offset 0x10000[0m
[0;32mI (4190) boot: Disabling RNG early entropy source...[0m

assert failed: 0x420097f6 <cached disabled>:188 (<cached disabled>)
--- 0x420097f6: s_psram_chip_init at /Users/richardhine/.espressif/v5.4.4/esp-idf/components/esp_psram/esp_psram.c:188(inlined by) esp_psram_init at /Users/richardhine/.espressif/v5.4.4/esp-idf/components/esp_psram/esp_psram.c:385


Backtrace: 0x40375c91:0x3fceb130 0x4037a9cd:0x3fceb150 0x403807c1:0x3fceb170 0x420097f6:0x3fceb290 0x4037546e:0x3fceb2c0 0x403ccaa0:0x3fceb340 0x403ccedd:0x3fceb380 0x403c8991:0x3fceb4b0 0x40045c01:0x3fceb570 0x40043ab6:0x3fceb6f0 0x40034c45:0x3fceb710
--- 0x40375c91: panic_abort at /Users/richardhine/.espressif/v5.4.4/esp-idf/components/esp_system/panic.c:477
--- 0x4037a9cd: esp_system_abort at /Users/richardhine/.espressif/v5.4.4/esp-idf/components/esp_system/port/esp_system_chip.c:87
--- 0x403807c1: __assert_func at /Users/richardhine/.espressif/v5.4.4/esp-idf/components/newlib/assert.c:80
--- 0x420097f6: s_psram_chip_init at /Users/richardhine/.espressif/v5.4.4/esp-idf/components/esp_psram/esp_psram.c:188(inlined by) esp_psram_init at /Users/richardhine/.espressif/v5.4.4/esp-idf/components/esp_psram/esp_psram.c:385
--- 0x4037546e: call_start_cpu0 at /Users/richardhine/.espressif/v5.4.4/esp-idf/components/esp_system/port/cpu_start.c:585
--- 0x40045c01: ets_run_flash_bootloader in ROM
--- 0x40043ab6: main in ROM
--- 0x40034c45: .stack_ok in ROM




ELF file SHA256: 

Rebooting...
ESP-ROM:esp32s3-20210327
Build:Mar 27 2021
rst:0xc (RTC_SW_CPU_RST),boot:0x4 (SPI_FLASH_BOOT)
SPIWP:0xee
mode:DIO, clock div:1
load:0x3fce2810,len:0x1564
load:0x403c8700,len:0x4
load:0x403c8704,len:0xd24
load:0x403cb700,len:0x2ed4
entry 0x403c8928
[0;32mI (4268) boot: ESP-IDF v5.4.4 2nd stage bootloader[0m
[0;32mI (4268) boot: compile time Sep 15 2026 15:17:18[0m
[0;32mI (4268) boot: Multicore bootloader[0m
[0;32mI (4270) boot: chip revision: v0.3[0m
[0;32mI (4270) boot: efuse block revision: v0.0[0m
[0;32mI (4271) boot.esp32s3: Boot SPI Speed : 80MHz[0m
[0;32mI (4271) boot.esp32s3: SPI Mode       : SLOW READ[0m
[0;32mI (4271) boot.esp32s3: SPI Flash Size : 16MB[0m
[0;32mI (4272) boot: Enabling RNG early entropy source...[0m
[0;32mI (4275) boot: Partition Table:[0m
[0;32mI (4275) boot: ## Label            Usage          Type ST Offset   Length[0m
[0;32mI (4275) boot:  0 nvs              WiFi data        01 02 00009000 00006000[0m
[0;32mI (4276) boot:  1 phy_init         RF data          01 01 0000f000 00001000[0m
[0;32mI (4276) boot:  2 factory          factory app      00 00 00010000 00100000[0m
[0;32mI (4276) boot: End of partition table[0m
[0;32mI (4277) esp_image: segment 0: paddr=00010020 vaddr=3c020020 size=0a9e4h ( 43492) map[0m
[0;32mI (4281) esp_image: segment 1: paddr=0001aa0c vaddr=3fc92600 size=02f4ch ( 12108) load[0m
[0;32mI (4282) esp_image: segment 2: paddr=0001d960 vaddr=40374000 size=026b8h (  9912) load[0m
[0;32mI (4284) esp_image: segment 3: paddr=00020020 vaddr=42000020 size=185d8h ( 99800) map[0m
[0;32mI (4295) esp_image: segment 4: paddr=00038600 vaddr=403766b8 size=0bf1ch ( 48924) load[0m
[0;32mI (4303) esp_image: segment 5: paddr=00044524 vaddr=50000000 size=0001ch (    28) load[0m
[0;32mI (4304) boot: Loaded app from partition at offset 0x10000[0m
[0;32mI (4304) boot: Disabling RNG early entropy source...[0m

assert failed: 0x420097f6 <cached disabled>:188 (<cached disabled>)
--- 0x420097f6: s_psram_chip_init at /Users/richardhine/.espressif/v5.4.4/esp-idf/components/esp_psram/esp_psram.c:188(inlined by) esp_psram_init at /Users/richardhine/.espressif/v5.4.4/esp-idf/components/esp_psram/esp_psram.c:385


Backtrace: 0x40375c91:0x3fceb130 0x4037a9cd:0x3fceb150 0x403807c1:0x3fceb170 0x420097f6:0x3fceb290 0x4037546e:0x3fceb2c0 0x403ccaa0:0x3fceb340 0x403ccedd:0x3fceb380 0x403c8991:0x3fceb4b0 0x40045c01:0x3fceb570 0x40043ab6:0x3fceb6f0 0x40034c45:0x3fceb710
--- 0x40375c91: panic_abort at /Users/richardhine/.espressif/v5.4.4/esp-idf/components/esp_system/panic.c:477
--- 0x4037a9cd: esp_system_abort at /Users/richardhine/.espressif/v5.4.4/esp-idf/components/esp_system/port/esp_system_chip.c:87
--- 0x403807c1: __assert_func at /Users/richardhine/.espressif/v5.4.4/esp-idf/components/newlib/assert.c:80
--- 0x420097f6: s_psram_chip_init at /Users/richardhine/.espressif/v5.4.4/esp-idf/components/esp_psram/esp_psram.c:188(inlined by) esp_psram_init at /Users/richardhine/.espressif/v5.4.4/esp-idf/components/esp_psram/esp_psram.c:385
--- 0x4037546e: call_start_cpu0 at /Users/richardhine/.espressif/v5.4.4/esp-idf/components/esp_system/port/cpu_start.c:585
--- 0x40045c01: ets_run_flash_bootloader in ROM
--- 0x40043ab6: main in ROM
--- 0x40034c45: .stack_ok in ROM




ELF file SHA256: 

Rebooting...
ESP-ROM:esp32s3-20210327
Build:Mar 27 2021
rst:0xc (RTC_SW_CPU_RST),boot:0x4 (SPI_FLASH_BOOT)
SPIWP:0xee
mode:DIO, clock div:1
load:0x3fce2810,len:0x1564
load:0x403c8700,len:0x4
load:0x403c8704,len:0xd24
load:0x403cb700,len:0x2ed4
entry 0x403c8928
[0;32mI (4381) boot: ESP-IDF v5.4.4 2nd stage bootloader[0m
[0;32mI (4381) boot: compile time Sep 15 2026 15:17:18[0m
[0;32mI (4382) boot: Multicore bootloader[0m
[0;32mI (4383) boot: chip revision: v0.3[0m
[0;32mI (4384) boot: efuse block revision: v0.0[0m
[0;32mI (4384) boot.esp32s3: Boot SPI Speed : 80MHz[0m
[0;32mI (4384) boot.esp32s3: SPI Mode       : SLOW READ[0m
[0;32mI (4384) boot.esp32s3: SPI Flash Size : 16MB[0m
[0;32mI (4386) boot: Enabling RNG early entropy source...[0m
[0;32mI (4389) boot: Partition Table:[0m
[0;32mI (4389) boot: ## Label            Usage          Type ST Offset   Length[0m
[0;32mI (4389) boot:  0 nvs              WiFi data        01 02 00009000 00006000[0m
[0;32mI (4390) boot:  1 phy_init         RF data          01 01 0000f000 00001000[0m
[0;32mI (4390) boot:  2 factory          factory app      00 00 00010000 00100000[0m
[0;32mI (4390) boot: End of partition table[0m
[0;32mI (4391) esp_image: segment 0: paddr=00010020 vaddr=3c020020 size=0a9e4h ( 43492) map[0m
[0;32mI (4394) esp_image: segment 1: paddr=0001aa0c vaddr=3fc92600 size=02f4ch ( 12108) load[0m
[0;32mI (4396) esp_image: segment 2: paddr=0001d960 vaddr=40374000 size=026b8h (  9912) load[0m
[0;32mI (4398) esp_image: segment 3: paddr=00020020 vaddr=42000020 size=185d8h ( 99800) map[0m
[0;32mI (4408) esp_image: segment 4: paddr=00038600 vaddr=403766b8 size=0bf1ch ( 48924) load[0m
[0;32mI (4416) esp_image: segment 5: paddr=00044524 vaddr=50000000 size=0001ch (    28) load[0m
[0;32mI (4417) boot: Loaded app from partition at offset 0x10000[0m
[0;32mI (4417) boot: Disabling RNG early entropy source...[0m

assert failed: 0x420097f6 <cached disabled>:188 (<cached disabled>)
--- 0x420097f6: s_psram_chip_init at /Users/richardhine/.espressif/v5.4.4/esp-idf/components/esp_psram/esp_psram.c:188(inlined by) esp_psram_init at /Users/richardhine/.espressif/v5.4.4/esp-idf/components/esp_psram/esp_psram.c:385


Backtrace: 0x40375c91:0x3fceb130 0x4037a9cd:0x3fceb150 0x403807c1:0x3fceb170 0x420097f6:0x3fceb290 0x4037546e:0x3fceb2c0 0x403ccaa0:0x3fceb340 0x403ccedd:0x3fceb380 0x403c8991:0x3fceb4b0 0x40045c01:0x3fceb570 0x40043ab6:0x3fceb6f0 0x40034c45:0x3fceb710
--- 0x40375c91: panic_abort at /Users/richardhine/.espressif/v5.4.4/esp-idf/components/esp_system/panic.c:477
--- 0x4037a9cd: esp_system_abort at /Users/richardhine/.espressif/v5.4.4/esp-idf/components/esp_system/port/esp_system_chip.c:87
--- 0x403807c1: __assert_func at /Users/richardhine/.espressif/v5.4.4/esp-idf/components/newlib/assert.c:80
--- 0x420097f6: s_psram_chip_init at /Users/richardhine/.espressif/v5.4.4/esp-idf/components/esp_psram/esp_psram.c:188(inlined by) esp_psram_init at /Users/richardhine/.espressif/v5.4.4/esp-idf/components/esp_psram/esp_psram.c:385
--- 0x4037546e: call_start_cpu0 at /Users/richardhine/.espressif/v5.4.4/esp-idf/components/esp_system/port/cpu_start.c:585
--- 0x40045c01: ets_run_flash_bootloader in ROM
--- 0x40043ab6: main in ROM
--- 0x40034c45: .stack_ok in ROM




ELF file SHA256: 

Rebooting...
ESP-ROM:esp32s3-20210327
Build:Mar 27 2021
rst:0xc (RTC_SW_CPU_RST),boot:0x4 (SPI_FLASH_BOOT)
SPIWP:0xee
mode:DIO, clock div:1
load:0x3fce2810,len:0x1564
load:0x403c8700,len:0x4
load:0x403c8704,len:0xd24
load:0x403cb700,len:0x2ed4
entry 0x403c8928
[0;32mI (4494) boot: ESP-IDF v5.4.4 2nd stage bootloader[0m
[0;32mI (4495) boot: compile time Sep 15 2026 15:17:18[0m
[0;32mI (4495) boot: Multicore bootloader[0m
[0;32mI (4497) boot: chip revision: v0.3[0m
[0;32mI (4497) boot: efuse block revision: v0.0[0m
[0;32mI (4497) boot.esp32s3: Boot SPI Speed : 80MHz[0m
[0;32mI (4498) boot.esp32s3: SPI Mode       : SLOW READ[0m
[0;32mI (4498) boot.esp32s3: SPI Flash Size : 16MB[0m
[0;32mI (4499) boot: Enabling RNG early entropy source...[0m
[0;32mI (4502) boot: Partition Table:[0m
[0;32mI (4502) boot: ## Label            Usage          Type ST Offset   Length[0m
[0;32mI (4502) boot:  0 nvs              WiFi data        01 02 00009000 00006000[0m
[0;32mI (4502) boot:  1 phy_init         RF data          01 01 0000f000 00001000[0m
[0;32mI (4503) boot:  2 factory          factory app      00 00 00010000 00100000[0m
[0;32mI (4503) boot: End of partition table[0m
[0;32mI (4503) esp_image: segment 0: paddr=00010020 vaddr=3c020020 size=0a9e4h ( 43492) map[0m
[0;32mI (4507) esp_image: segment 1: paddr=0001aa0c vaddr=3fc92600 size=02f4ch ( 12108) load[0m
[0;32mI (4509) esp_image: segment 2: paddr=0001d960 vaddr=40374000 size=026b8h (  9912) load[0m
[0;32mI (4510) esp_image: segment 3: paddr=00020020 vaddr=42000020 size=185d8h ( 99800) map[0m
[0;32mI (4521) esp_image: segment 4: paddr=00038600 vaddr=403766b8 size=0bf1ch ( 48924) load[0m
[0;32mI (4529) esp_image: segment 5: paddr=00044524 vaddr=50000000 size=0001ch (    28) load[0m
[0;32mI (4530) boot: Loaded app from partition at offset 0x10000[0m
[0;32mI (4530) boot: Disabling RNG early entropy source...[0m

assert failed: 0x420097f6 <cached disabled>:188 (<cached disabled>)
--- 0x420097f6: s_psram_chip_init at /Users/richardhine/.espressif/v5.4.4/esp-idf/components/esp_psram/esp_psram.c:188(inlined by) esp_psram_init at /Users/richardhine/.espressif/v5.4.4/esp-idf/components/esp_psram/esp_psram.c:385


Backtrace: 0x40375c91:0x3fceb130 0x4037a9cd:0x3fceb150 0x403807c1:0x3fceb170 0x420097f6:0x3fceb290 0x4037546e:0x3fceb2c0 0x403ccaa0:0x3fceb340 0x403ccedd:0x3fceb380 0x403c8991:0x3fceb4b0 0x40045c01:0x3fceb570 0x40043ab6:0x3fceb6f0 0x40034c45:0x3fceb710
--- 0x40375c91: panic_abort at /Users/richardhine/.espressif/v5.4.4/esp-idf/components/esp_system/panic.c:477
--- 0x4037a9cd: esp_system_abort at /Users/richardhine/.espressif/v5.4.4/esp-idf/components/esp_system/port/esp_system_chip.c:87
--- 0x403807c1: __assert_func at /Users/richardhine/.espressif/v5.4.4/esp-idf/components/newlib/assert.c:80
--- 0x420097f6: s_psram_chip_init at /Users/richardhine/.espressif/v5.4.4/esp-idf/components/esp_psram/esp_psram.c:188(inlined by) esp_psram_init at /Users/richardhine/.espressif/v5.4.4/esp-idf/components/esp_psram/esp_psram.c:385
--- 0x4037546e: call_start_cpu0 at /Users/richardhine/.espressif/v5.4.4/esp-idf/components/esp_system/port/cpu_start.c:585
--- 0x40045c01: ets_run_flash_bootloader in ROM
--- 0x40043ab6: main in ROM
--- 0x40034c45: .stack_ok in ROM




ELF file SHA256: 

Rebooting...
ESP-ROM:esp32s3-20210327
Build:Mar 27 2021
rst:0xc (RTC_SW_CPU_RST),boot:0x4 (SPI_FLASH_BOOT)
SPIWP:0xee
mode:DIO, clock div:1
load:0x3fce2810,len:0x1564
load:0x403c8700,len:0x4
load:0x403c8704,len:0xd24
load:0x403cb700,len:0x2ed4
entry 0x403c8928
[0;32mI (4607) boot: ESP-IDF v5.4.4 2nd stage bootloader[0m
[0;32mI (4607) boot: compile time Sep 15 2026 15:17:18[0m
[0;32mI (4607) boot: Multicore bootloader[0m
[0;32mI (4609) boot: chip revision: v0.3[0m
[0;32mI (4609) boot: efuse block revision: v0.0[0m
[0;32mI (4610) boot.esp32s3: Boot SPI Speed : 80MHz[0m
[0;32mI (4610) boot.esp32s3: SPI Mode       : SLOW READ[0m
[0;32mI (4610) boot.esp32s3: SPI Flash Size : 16MB[0m
[0;32mI (4611) boot: Enabling RNG early entropy source...[0m
[0;32mI (4614) boot: Partition Table:[0m
[0;32mI (4614) boot: ## Label            Usage          Type ST Offset   Length[0m
[0;32mI (4614) boot:  0 nvs              WiFi data        01 02 00009000 00006000[0m
[0;32mI (4614) boot:  1 phy_init         RF data          01 01 0000f000 00001000[0m
[0;32mI (4615) boot:  2 factory          factory app      00 00 00010000 00100000[0m
[0;32mI (4615) boot: End of partition table[0m
[0;32mI (4616) esp_image: segment 0: paddr=00010020 vaddr=3c020020 size=0a9e4h ( 43492) map[0m
[0;32mI (4619) esp_image: segment 1: paddr=0001aa0c vaddr=3fc92600 size=02f4ch ( 12108) load[0m
[0;32mI (4621) esp_image: segment 2: paddr=0001d960 vaddr=40374000 size=026b8h (  9912) load[0m
[0;32mI (4623) esp_image: segment 3: paddr=00020020 vaddr=42000020 size=185d8h ( 99800) map[0m
[0;32mI (4633) esp_image: segment 4: paddr=00038600 vaddr=403766b8 size=0bf1ch ( 48924) load[0m
[0;32mI (4642) esp_image: segment 5: paddr=00044524 vaddr=50000000 size=0001ch (    28) load[0m
[0;32mI (4643) boot: Loaded app from partition at offset 0x10000[0m
[0;32mI (4643) boot: Disabling RNG early entropy source...[0m

assert failed: 0x420097f6 <cached disabled>:188 (<cached disabled>)
--- 0x420097f6: s_psram_chip_init at /Users/richardhine/.espressif/v5.4.4/esp-idf/components/esp_psram/esp_psram.c:188(inlined by) esp_psram_init at /Users/richardhine/.espressif/v5.4.4/esp-idf/components/esp_psram/esp_psram.c:385


Backtrace: 0x40375c91:0x3fceb130 0x4037a9cd:0x3fceb150 0x403807c1:0x3fceb170 0x420097f6:0x3fceb290 0x4037546e:0x3fceb2c0 0x403ccaa0:0x3fceb340 0x403ccedd:0x3fceb380 0x403c8991:0x3fceb4b0 0x40045c01:0x3fceb570 0x40043ab6:0x3fceb6f0 0x40034c45:0x3fceb710
--- 0x40375c91: panic_abort at /Users/richardhine/.espressif/v5.4.4/esp-idf/components/esp_system/panic.c:477
--- 0x4037a9cd: esp_system_abort at /Users/richardhine/.espressif/v5.4.4/esp-idf/components/esp_system/port/esp_system_chip.c:87
--- 0x403807c1: __assert_func at /Users/richardhine/.espressif/v5.4.4/esp-idf/components/newlib/assert.c:80
--- 0x420097f6: s_psram_chip_init at /Users/richardhine/.espressif/v5.4.4/esp-idf/components/esp_psram/esp_psram.c:188(inlined by) esp_psram_init at /Users/richardhine/.espressif/v5.4.4/esp-idf/components/esp_psram/esp_psram.c:385
--- 0x4037546e: call_start_cpu0 at /Users/richardhine/.espressif/v5.4.4/esp-idf/components/esp_system/port/cpu_start.c:585
--- 0x40045c01: ets_run_flash_bootloader in ROM
--- 0x40043ab6: main in ROM
--- 0x40034c45: .stack_ok in ROM




ELF file SHA256: 

Rebooting...
ESP-ROM:esp32s3-20210327
Build:Mar 27 2021
rst:0xc (RTC_SW_CPU_RST),boot:0x4 (SPI_FLASH_BOOT)
SPIWP:0xee
mode:DIO, clock div:1
load:0x3fce2810,len:0x1564
load:0x403c8700,len:0x4
load:0x403c8704,len:0xd24
load:0x403cb700,len:0x2ed4
entry 0x403c8928
[0;32mI (4721) boot: ESP-IDF v5.4.4 2nd stage bootloader[0m
[0;32mI (4721) boot: compile time Sep 15 2026 15:17:18[0m
[0;32mI (4721) boot: Multicore bootloader[0m
[0;32mI (4723) boot: chip revision: v0.3[0m
[0;32mI (4723) boot: efuse block revision: v0.0[0m
[0;32mI (4723) boot.esp32s3: Boot SPI Speed : 80MHz[0m
[0;32mI (4724) boot.esp32s3: SPI Mode       : SLOW READ[0m
[0;32mI (4724) boot.esp32s3: SPI Flash Size : 16MB[0m
[0;32mI (4725) boot: Enabling RNG early entropy source...[0m
[0;32mI (4728) boot: Partition Table:[0m
[0;32mI (4728) boot: ## Label            Usage          Type ST Offset   Length[0m
[0;32mI (4728) boot:  0 nvs              WiFi data        01 02 00009000 00006000[0m
[0;32mI (4728) boot:  1 phy_init         RF data          01 01 0000f000 00001000[0m
[0;32mI (4728) boot:  2 factory          factory app      00 00 00010000 00100000[0m
[0;32mI (4729) boot: End of partition table[0m
[0;32mI (4729) esp_image: segment 0: paddr=00010020 vaddr=3c020020 size=0a9e4h ( 43492) map[0m
[0;32mI (4733) esp_image: segment 1: paddr=0001aa0c vaddr=3fc92600 size=02f4ch ( 12108) load[0m
[0;32mI (4735) esp_image: segment 2: paddr=0001d960 vaddr=40374000 size=026b8h (  9912) load[0m
[0;32mI (4737) esp_image: segment 3: paddr=00020020 vaddr=42000020 size=185d8h ( 99800) map[0m
[0;32mI (4748) esp_image: segment 4: paddr=00038600 vaddr=403766b8 size=0bf1ch ( 48924) load[0m
[0;32mI (4755) esp_image: segment 5: paddr=00044524 vaddr=50000000 size=0001ch (    28) load[0m
[0;32mI (4756) boot: Loaded app from partition at offset 0x10000[0m
[0;32mI (4757) boot: Disabling RNG early entropy source...[0m

assert failed: 0x420097f6 <cached disabled>:188 (<cached disabled>)
--- 0x420097f6: s_psram_chip_init at /Users/richardhine/.espressif/v5.4.4/esp-idf/components/esp_psram/esp_psram.c:188(inlined by) esp_psram_init at /Users/richardhine/.espressif/v5.4.4/esp-idf/components/esp_psram/esp_psram.c:385


Backtrace: 0x40375c91:0x3fceb130 0x4037a9cd:0x3fceb150 0x403807c1:0x3fceb170 0x420097f6:0x3fceb290 0x4037546e:0x3fceb2c0 0x403ccaa0:0x3fceb340 0x403ccedd:0x3fceb380 0x403c8991:0x3fceb4b0 0x40045c01:0x3fceb570 0x40043ab6:0x3fceb6f0 0x40034c45:0x3fceb710
--- 0x40375c91: panic_abort at /Users/richardhine/.espressif/v5.4.4/esp-idf/components/esp_system/panic.c:477
--- 0x4037a9cd: esp_system_abort at /Users/richardhine/.espressif/v5.4.4/esp-idf/components/esp_system/port/esp_system_chip.c:87
--- 0x403807c1: __assert_func at /Users/richardhine/.espressif/v5.4.4/esp-idf/components/newlib/assert.c:80
--- 0x420097f6: s_psram_chip_init at /Users/richardhine/.espressif/v5.4.4/esp-idf/components/esp_psram/esp_psram.c:188(inlined by) esp_psram_init at /Users/richardhine/.espressif/v5.4.4/esp-idf/components/esp_psram/esp_psram.c:385
--- 0x4037546e: call_start_cpu0 at /Users/richardhine/.espressif/v5.4.4/esp-idf/components/esp_system/port/cpu_start.c:585
--- 0x40045c01: ets_run_flash_bootloader in ROM
--- 0x40043ab6: main in ROM
--- 0x40034c45: .stack_ok in ROM




ELF file SHA256: 

Rebooting...
ESP-ROM:esp32s3-20210327
Build:Mar 27 2021
rst:0xc (RTC_SW_CPU_RST),boot:0x4 (SPI_FLASH_BOOT)
SPIWP:0xee
mode:DIO, clock div:1
load:0x3fce2810,len:0x1564
load:0x403c8700,len:0x4
load:0x403c8704,len:0xd24
load:0x403cb700,len:0x2ed4
entry 0x403c8928
[0;32mI (4834) boot: ESP-IDF v5.4.4 2nd stage bootloader[0m
[0;32mI (4834) boot: compile time Sep 15 2026 15:17:18[0m
[0;32mI (4835) boot: Multicore bootloader[0m
[0;32mI (4837) boot: chip revision: v0.3[0m
[0;32mI (4837) boot: efuse block revision: v0.0[0m
[0;32mI (4837) boot.esp32s3: Boot SPI Speed : 80MHz[0m
[0;32mI (4837) boot.esp32s3: SPI Mode       : SLOW READ[0m
[0;32mI (4837) boot.esp32s3: SPI Flash Size : 16MB[0m
[0;32mI (4839) boot: Enabling RNG early entropy source...[0m
[0;32mI (4841) boot: Partition Table:[0m
[0;32mI (4841) boot: ## Label            Usage          Type ST Offset   Length[0m
[0;32mI (4842) boot:  0 nvs              WiFi data        01 02 00009000 00006000[0m
[0;32mI (4842) boot:  1 phy_init         RF data          01 01 0000f000 00001000[0m
[0;32mI (4842) boot:  2 factory          factory app      00 00 00010000 00100000[0m
[0;32mI (4842) boot: End of partition table[0m
[0;32mI (4843) esp_image: segment 0: paddr=00010020 vaddr=3c020020 size=0a9e4h ( 43492) map[0m
[0;32mI (4847) esp_image: segment 1: paddr=0001aa0c vaddr=3fc92600 size=02f4ch ( 12108) load[0m
[0;32mI (4848) esp_image: segment 2: paddr=0001d960 vaddr=40374000 size=026b8h (  9912) load[0m
[0;32mI (4850) esp_image: segment 3: paddr=00020020 vaddr=42000020 size=185d8h ( 99800) map[0m
[0;32mI (4861) esp_image: segment 4: paddr=00038600 vaddr=403766b8 size=0bf1ch ( 48924) load[0m
[0;32mI (4869) esp_image: segment 5: paddr=00044524 vaddr=50000000 size=0001ch (    28) load[0m
[0;32mI (4870) boot: Loaded app from partition at offset 0x10000[0m
[0;32mI (4870) boot: Disabling RNG early entropy source...[0m

assert failed: 0x420097f6 <cached disabled>:188 (<cached disabled>)
--- 0x420097f6: s_psram_chip_init at /Users/richardhine/.espressif/v5.4.4/esp-idf/components/esp_psram/esp_psram.c:188(inlined by) esp_psram_init at /Users/richardhine/.espressif/v5.4.4/esp-idf/components/esp_psram/esp_psram.c:385


Backtrace: 0x40375c91:0x3fceb130 0x4037a9cd:0x3fceb150 0x403807c1:0x3fceb170 0x420097f6:0x3fceb290 0x4037546e:0x3fceb2c0 0x403ccaa0:0x3fceb340 0x403ccedd:0x3fceb380 0x403c8991:0x3fceb4b0 0x40045c01:0x3fceb570 0x40043ab6:0x3fceb6f0 0x40034c45:0x3fceb710
--- 0x40375c91: panic_abort at /Users/richardhine/.espressif/v5.4.4/esp-idf/components/esp_system/panic.c:477
--- 0x4037a9cd: esp_system_abort at /Users/richardhine/.espressif/v5.4.4/esp-idf/components/esp_system/port/esp_system_chip.c:87
--- 0x403807c1: __assert_func at /Users/richardhine/.espressif/v5.4.4/esp-idf/components/newlib/assert.c:80
--- 0x420097f6: s_psram_chip_init at /Users/richardhine/.espressif/v5.4.4/esp-idf/components/esp_psram/esp_psram.c:188(inlined by) esp_psram_init at /Users/richardhine/.espressif/v5.4.4/esp-idf/components/esp_psram/esp_psram.c:385
--- 0x4037546e: call_start_cpu0 at /Users/richardhine/.espressif/v5.4.4/esp-idf/components/esp_system/port/cpu_start.c:585
--- 0x40045c01: ets_run_flash_bootloader in ROM
--- 0x40043ab6: main in ROM
--- 0x40034c45: .stack_ok in ROM




ELF file SHA256: 

Rebooting...
ESP-ROM:esp32s3-20210327
Build:Mar 27 2021
rst:0xc (RTC_SW_CPU_RST),boot:0x4 (SPI_FLASH_BOOT)
SPIWP:0xee
mode:DIO, clock div:1
load:0x3fce2810,len:0x1564
load:0x403c8700,len:0x4
load:0x403c8704,len:0xd24
load:0x403cb700,len:0x2ed4
entry 0x403c8928
[0;32mI (4948) boot: ESP-IDF v5.4.4 2nd stage bootloader[0m
[0;32mI (4948) boot: compile time Sep 15 2026 15:17:18[0m
[0;32mI (4948) boot: Multicore bootloader[0m
[0;32mI (4950) boot: chip revision: v0.3[0m
[0;32mI (4950) boot: efuse block revision: v0.0[0m
[0;32mI (4951) boot.esp32s3: Boot SPI Speed : 80MHz[0m
[0;32mI (4951) boot.esp32s3: SPI Mode       : SLOW READ[0m
[0;32mI (4951) boot.esp32s3: SPI Flash Size : 16MB[0m
[0;32mI (4952) boot: Enabling RNG early entropy source...[0m
[0;32mI (4955) boot: Partition Table:[0m
[0;32mI (4955) boot: ## Label            Usage          Type ST Offset   Length[0m
[0;32mI (4955) boot:  0 nvs              WiFi data        01 02 00009000 00006000[0m
[0;32mI (4955) boot:  1 phy_init         RF data          01 01 0000f000 00001000[0m
[0;32mI (4956) boot:  2 factory          factory app      00 00 00010000 00100000[0m
[0;32mI (4956) boot: End of partition table[0m
[0;32mI (4956) esp_image: segment 0: paddr=00010020 vaddr=3c020020 size=0a9e4h ( 43492) map[0m
[0;32mI (4960) esp_image: segment 1: paddr=0001aa0c vaddr=3fc92600 size=02f4ch ( 12108) load[0m
[0;32mI (4962) esp_image: segment 2: paddr=0001d960 vaddr=40374000 size=026b8h (  9912) load[0m
[0;32mI (4963) esp_image: segment 3: paddr=00020020 vaddr=42000020 size=185d8h ( 99800) map[0m
[0;32mI (4974) esp_image: segment 4: paddr=00038600 vaddr=403766b8 size=0bf1ch ( 48924) load[0m
[0;32mI (4981) esp_image: segment 5: paddr=00044524 vaddr=50000000 size=0001ch (    28) load[0m
[0;32mI (4982) boot: Loaded app from partition at offset 0x10000[0m
[0;32mI (4983) boot: Disabling RNG early entropy source...[0m

assert failed: 0x420097f6 <cached disabled>:188 (<cached disabled>)
--- 0x420097f6: s_psram_chip_init at /Users/richardhine/.espressif/v5.4.4/esp-idf/components/esp_psram/esp_psram.c:188(inlined by) esp_psram_init at /Users/richardhine/.espressif/v5.4.4/esp-idf/components/esp_psram/esp_psram.c:385


Backtrace: 0x40375c91:0x3fceb130 0x4037a9cd:0x3fceb150 0x403807c1:0x3fceb170 0x420097f6:0x3fceb290 0x4037546e:0x3fceb2c0 0x403ccaa0:0x3fceb340 0x403ccedd:0x3fceb380 0x403c8991:0x3fceb4b0 0x40045c01:0x3fceb570 0x40043ab6:0x3fceb6f0 0x40034c45:0x3fceb710
--- 0x40375c91: panic_abort at /Users/richardhine/.espressif/v5.4.4/esp-idf/components/esp_system/panic.c:477
--- 0x4037a9cd: esp_system_abort at /Users/richardhine/.espressif/v5.4.4/esp-idf/components/esp_system/port/esp_system_chip.c:87
--- 0x403807c1: __assert_func at /Users/richardhine/.espressif/v5.4.4/esp-idf/components/newlib/assert.c:80
--- 0x420097f6: s_psram_chip_init at /Users/richardhine/.espressif/v5.4.4/esp-idf/components/esp_psram/esp_psram.c:188(inlined by) esp_psram_init at /Users/richardhine/.espressif/v5.4.4/esp-idf/components/esp_psram/esp_psram.c:385
--- 0x4037546e: call_start_cpu0 at /Users/richardhine/.espressif/v5.4.4/esp-idf/components/esp_system/port/cpu_start.c:585
--- 0x40045c01: ets_run_flash_bootloader in ROM
--- 0x40043ab6: main in ROM
--- 0x40034c45: .stack_ok in ROM




ELF file SHA256: 

Rebooting...
ESP-ROM:esp32s3-20210327
Build:Mar 27 2021
rst:0xc (RTC_SW_CPU_RST),boot:0x4 (SPI_FLASH_BOOT)
SPIWP:0xee
mode:DIO, clock div:1
load:0x3fce2810,len:0x1564
load:0x403c8700,len:0x4
load:0x403c8704,len:0xd24
load:0x403cb700,len:0x2ed4
entry 0x403c8928
[0;32mI (5060) boot: ESP-IDF v5.4.4 2nd stage bootloader[0m
[0;32mI (5061) boot: compile time Sep 15 2026 15:17:18[0m
[0;32mI (5061) boot: Multicore bootloader[0m
[0;32mI (5062) boot: chip revision: v0.3[0m
[0;32mI (5063) boot: efuse block revision: v0.0[0m
[0;32mI (5063) boot.esp32s3: Boot SPI Speed : 80MHz[0m
[0;32mI (5063) boot.esp32s3: SPI Mode       : SLOW READ[0m
[0;32mI (5063) boot.esp32s3: SPI Flash Size : 16MB[0m
[0;32mI (5064) boot: Enabling RNG early entropy source...[0m
[0;32mI (5067) boot: Partition Table:[0m
[0;32mI (5067) boot: ## Label            Usage          Type ST Offset   Length[0m
[0;32mI (5068) boot:  0 nvs              WiFi data        01 02 00009000 00006000[0m
[0;32mI (5068) boot:  1 phy_init         RF data          01 01 0000f000 00001000[0m
[0;32mI (5068) boot:  2 factory          factory app      00 00 00010000 00100000[0m
[0;32mI (5068) boot: End of partition table[0m
[0;32mI (5069) esp_image: segment 0: paddr=00010020 vaddr=3c020020 size=0a9e4h ( 43492) map[0m
[0;32mI (5073) esp_image: segment 1: paddr=0001aa0c vaddr=3fc92600 size=02f4ch ( 12108) load[0m
[0;32mI (5074) esp_image: segment 2: paddr=0001d960 vaddr=40374000 size=026b8h (  9912) load[0m
[0;32mI (5076) esp_image: segment 3: paddr=00020020 vaddr=42000020 size=185d8h ( 99800) map[0m
[0;32mI (5087) esp_image: segment 4: paddr=00038600 vaddr=403766b8 size=0bf1ch ( 48924) load[0m
[0;32mI (5095) esp_image: segment 5: paddr=00044524 vaddr=50000000 size=0001ch (    28) load[0m
[0;32mI (5096) boot: Loaded app from partition at offset 0x10000[0m
[0;32mI (5096) boot: Disabling RNG early entropy source...[0m

assert failed: 0x420097f6 <cached disabled>:188 (<cached disabled>)
--- 0x420097f6: s_psram_chip_init at /Users/richardhine/.espressif/v5.4.4/esp-idf/components/esp_psram/esp_psram.c:188(inlined by) esp_psram_init at /Users/richardhine/.espressif/v5.4.4/esp-idf/components/esp_psram/esp_psram.c:385


Backtrace: 0x40375c91:0x3fceb130 0x4037a9cd:0x3fceb150 0x403807c1:0x3fceb170 0x420097f6:0x3fceb290 0x4037546e:0x3fceb2c0 0x403ccaa0:0x3fceb340 0x403ccedd:0x3fceb380 0x403c8991:0x3fceb4b0 0x40045c01:0x3fceb570 0x40043ab6:0x3fceb6f0 0x40034c45:0x3fceb710
--- 0x40375c91: panic_abort at /Users/richardhine/.espressif/v5.4.4/esp-idf/components/esp_system/panic.c:477
--- 0x4037a9cd: esp_system_abort at /Users/richardhine/.espressif/v5.4.4/esp-idf/components/esp_system/port/esp_system_chip.c:87
--- 0x403807c1: __assert_func at /Users/richardhine/.espressif/v5.4.4/esp-idf/components/newlib/assert.c:80
--- 0x420097f6: s_psram_chip_init at /Users/richardhine/.espressif/v5.4.4/esp-idf/components/esp_psram/esp_psram.c:188(inlined by) esp_psram_init at /Users/richardhine/.espressif/v5.4.4/esp-idf/components/esp_psram/esp_psram.c:385
--- 0x4037546e: call_start_cpu0 at /Users/richardhine/.espressif/v5.4.4/esp-idf/components/esp_system/port/cpu_start.c:585
--- 0x40045c01: ets_run_flash_bootloader in ROM
--- 0x40043ab6: main in ROM
--- 0x40034c45: .stack_ok in ROM




ELF file SHA256: 

Rebooting...
ESP-ROM:esp32s3-20210327
Build:Mar 27 2021
rst:0xc (RTC_SW_CPU_RST),boot:0x4 (SPI_FLASH_BOOT)
SPIWP:0xee
mode:DIO, clock div:1
load:0x3fce2810,len:0x1564
load:0x403c8700,len:0x4
load:0x403c8704,len:0xd24
load:0x403cb700,len:0x2ed4
entry 0x403c8928
[0;32mI (5174) boot: ESP-IDF v5.4.4 2nd stage bootloader[0m
[0;32mI (5174) boot: compile time Sep 15 2026 15:17:18[0m
[0;32mI (5174) boot: Multicore bootloader[0m
[0;32mI (5176) boot: chip revision: v0.3[0m
[0;32mI (5176) boot: efuse block revision: v0.0[0m
[0;32mI (5176) boot.esp32s3: Boot SPI Speed : 80MHz[0m
[0;32mI (5177) boot.esp32s3: SPI Mode       : SLOW READ[0m
[0;32mI (5177) boot.esp32s3: SPI Flash Size : 16MB[0m
[0;32mI (5178) boot: Enabling RNG early entropy source...[0m
[0;32mI (5181) boot: Partition Table:[0m
[0;32mI (5181) boot: ## Label            Usage          Type ST Offset   Length[0m
[0;32mI (5181) boot:  0 nvs              WiFi data        01 02 00009000 00006000[0m
[0;32mI (5181) boot:  1 phy_init         RF data          01 01 0000f000 00001000[0m
[0;32mI (5181) boot:  2 factory          factory app      00 00 00010000 00100000[0m
[0;32mI (5182) boot: End of partition table[0m
[0;32mI (5182) esp_image: segment 0: paddr=00010020 vaddr=3c020020 size=0a9e4h ( 43492) map[0m
[0;32mI (5186) esp_image: segment 1: paddr=0001aa0c vaddr=3fc92600 size=02f4ch ( 12108) load[0m
[0;32mI (5187) esp_image: segment 2: paddr=0001d960 vaddr=40374000 size=026b8h (  9912) load[0m
[0;32mI (5189) esp_image: segment 3: paddr=00020020 vaddr=42000020 size=185d8h ( 99800) map[0m
[0;32mI (5200) esp_image: segment 4: paddr=00038600 vaddr=403766b8 size=0bf1ch ( 48924) load[0m
[0;32mI (5207) esp_image: segment 5: paddr=00044524 vaddr=50000000 size=0001ch (    28) load[0m
[0;32mI (5208) boot: Loaded app from partition at offset 0x10000[0m
[0;32mI (5208) boot: Disabling RNG early entropy source...[0m

assert failed: 0x420097f6 <cached disabled>:188 (<cached disabled>)
--- 0x420097f6: s_psram_chip_init at /Users/richardhine/.espressif/v5.4.4/esp-idf/components/esp_psram/esp_psram.c:188(inlined by) esp_psram_init at /Users/richardhine/.espressif/v5.4.4/esp-idf/components/esp_psram/esp_psram.c:385


Backtrace: 0x40375c91:0x3fceb130 0x4037a9cd:0x3fceb150 0x403807c1:0x3fceb170 0x420097f6:0x3fceb290 0x4037546e:0x3fceb2c0 0x403ccaa0:0x3fceb340 0x403ccedd:0x3fceb380 0x403c8991:0x3fceb4b0 0x40045c01:0x3fceb570 0x40043ab6:0x3fceb6f0 0x40034c45:0x3fceb710
--- 0x40375c91: panic_abort at /Users/richardhine/.espressif/v5.4.4/esp-idf/components/esp_system/panic.c:477
--- 0x4037a9cd: esp_system_abort at /Users/richardhine/.espressif/v5.4.4/esp-idf/components/esp_system/port/esp_system_chip.c:87
--- 0x403807c1: __assert_func at /Users/richardhine/.espressif/v5.4.4/esp-idf/components/newlib/assert.c:80
--- 0x420097f6: s_psram_chip_init at /Users/richardhine/.espressif/v5.4.4/esp-idf/components/esp_psram/esp_psram.c:188(inlined by) esp_psram_init at /Users/richardhine/.espressif/v5.4.4/esp-idf/components/esp_psram/esp_psram.c:385
--- 0x4037546e: call_start_cpu0 at /Users/richardhine/.espressif/v5.4.4/esp-idf/components/esp_system/port/cpu_start.c:585
--- 0x40045c01: ets_run_flash_bootloader in ROM
--- 0x40043ab6: main in ROM
--- 0x40034c45: .stack_ok in ROM




ELF file SHA256: 

Rebooting...
ESP-ROM:esp32s3-20210327
Build:Mar 27 2021
rst:0xc (RTC_SW_CPU_RST),boot:0x4 (SPI_FLASH_BOOT)
SPIWP:0xee
mode:DIO, clock div:1
load:0x3fce2810,len:0x1564
load:0x403c8700,len:0x4
load:0x403c8704,len:0xd24
load:0x403cb700,len:0x2ed4
entry 0x403c8928
[0;32mI (5286) boot: ESP-IDF v5.4.4 2nd stage bootloader[0m
[0;32mI (5286) boot: compile time Sep 15 2026 15:17:18[0m
[0;32mI (5286) boot: Multicore bootloader[0m
[0;32mI (5288) boot: chip revision: v0.3[0m
[0;32mI (5288) boot: efuse block revision: v0.0[0m
[0;32mI (5289) boot.esp32s3: Boot SPI Speed : 80MHz[0m
[0;32mI (5289) boot.esp32s3: SPI Mode       : SLOW READ[0m
[0;32mI (5289) boot.esp32s3: SPI Flash Size : 16MB[0m
[0;32mI (5290) boot: Enabling RNG early entropy source...[0m
[0;32mI (5293) boot: Partition Table:[0m
[0;32mI (5293) boot: ## Label            Usage          Type ST Offset   Length[0m
[0;32mI (5293) boot:  0 nvs              WiFi data        01 02 00009000 00006000[0m
[0;32mI (5294) boot:  1 phy_init         RF data          01 01 0000f000 00001000[0m
[0;32mI (5294) boot:  2 factory          factory app      00 00 00010000 00100000[0m
[0;32mI (5294) boot: End of partition table[0m
[0;32mI (5295) esp_image: segment 0: paddr=00010020 vaddr=3c020020 size=0a9e4h ( 43492) map[0m
[0;32mI (5299) esp_image: segment 1: paddr=0001aa0c vaddr=3fc92600 size=02f4ch ( 12108) load[0m
[0;32mI (5300) esp_image: segment 2: paddr=0001d960 vaddr=40374000 size=026b8h (  9912) load[0m
[0;32mI (5302) esp_image: segment 3: paddr=00020020 vaddr=42000020 size=185d8h ( 99800) map[0m
[0;32mI (5313) esp_image: segment 4: paddr=00038600 vaddr=403766b8 size=0bf1ch ( 48924) load[0m
[0;32mI (5321) esp_image: segment 5: paddr=00044524 vaddr=50000000 size=0001ch (    28) load[0m
[0;32mI (5322) boot: Loaded app from partition at offset 0x10000[0m
[0;32mI (5322) boot: Disabling RNG early entropy source...[0m

assert failed: 0x420097f6 <cached disabled>:188 (<cached disabled>)
--- 0x420097f6: s_psram_chip_init at /Users/richardhine/.espressif/v5.4.4/esp-idf/components/esp_psram/esp_psram.c:188(inlined by) esp_psram_init at /Users/richardhine/.espressif/v5.4.4/esp-idf/components/esp_psram/esp_psram.c:385


Backtrace: 0x40375c91:0x3fceb130 0x4037a9cd:0x3fceb150 0x403807c1:0x3fceb170 0x420097f6:0x3fceb290 0x4037546e:0x3fceb2c0 0x403ccaa0:0x3fceb340 0x403ccedd:0x3fceb380 0x403c8991:0x3fceb4b0 0x40045c01:0x3fceb570 0x40043ab6:0x3fceb6f0 0x40034c45:0x3fceb710
--- 0x40375c91: panic_abort at /Users/richardhine/.espressif/v5.4.4/esp-idf/components/esp_system/panic.c:477
--- 0x4037a9cd: esp_system_abort at /Users/richardhine/.espressif/v5.4.4/esp-idf/components/esp_system/port/esp_system_chip.c:87
--- 0x403807c1: __assert_func at /Users/richardhine/.espressif/v5.4.4/esp-idf/components/newlib/assert.c:80
--- 0x420097f6: s_psram_chip_init at /Users/richardhine/.espressif/v5.4.4/esp-idf/components/esp_psram/esp_psram.c:188(inlined by) esp_psram_init at /Users/richardhine/.espressif/v5.4.4/esp-idf/components/esp_psram/esp_psram.c:385
--- 0x4037546e: call_start_cpu0 at /Users/richardhine/.espressif/v5.4.4/esp-idf/components/esp_system/port/cpu_start.c:585
--- 0x40045c01: ets_run_flash_bootloader in ROM
--- 0x40043ab6: main in ROM
--- 0x40034c45: .stack_ok in ROM




ELF file SHA256: 

Rebooting...
ESP-ROM:esp32s3-20210327
Build:Mar 27 2021
rst:0xc (RTC_SW_CPU_RST),boot:0x4 (SPI_FLASH_BOOT)
SPIWP:0xee
mode:DIO, clock div:1
load:0x3fce2810,len:0x1564
load:0x403c8700,len:0x4
load:0x403c8704,len:0xd24
load:0x403cb700,len:0x2ed4
entry 0x403c8928
[0;32mI (5404) boot: ESP-IDF v5.4.4 2nd stage bootloader[0m
[0;32mI (5404) boot: compile time Sep 15 2026 15:17:18[0m
[0;32mI (5405) boot: Multicore bootloader[0m
[0;32mI (5407) boot: chip revision: v0.3[0m
[0;32mI (5407) boot: efuse block revision: v0.0[0m
[0;32mI (5407) boot.esp32s3: Boot SPI Speed : 80MHz[0m
[0;32mI (5407) boot.esp32s3: SPI Mode       : SLOW READ[0m
[0;32mI (5408) boot.esp32s3: SPI Flash Size : 16MB[0m
[0;32mI (5409) boot: Enabling RNG early entropy source...[0m
[0;32mI (5412) boot: Partition Table:[0m
[0;32mI (5412) boot: ## Label            Usage          Type ST Offset   Length[0m
[0;32mI (5412) boot:  0 nvs              WiFi data        01 02 00009000 00006000[0m
[0;32mI (5413) boot:  1 phy_init         RF data          01 01 0000f000 00001000[0m
[0;32mI (5413) boot:  2 factory          factory app      00 00 00010000 00100000[0m
[0;32mI (5413) boot: End of partition table[0m
[0;32mI (5414) esp_image: segment 0: paddr=00010020 vaddr=3c020020 size=0a9e4h ( 43492) map[0m
[0;32mI (5418) esp_image: segment 1: paddr=0001aa0c vaddr=3fc92600 size=02f4ch ( 12108) load[0m
[0;32mI (5420) esp_image: segment 2: paddr=0001d960 vaddr=40374000 size=026b8h (  9912) load[0m
[0;32mI (5422) esp_image: segment 3: paddr=00020020 vaddr=42000020 size=185d8h ( 99800) map[0m
[0;32mI (5432) esp_image: segment 4: paddr=00038600 vaddr=403766b8 size=0bf1ch ( 48924) load[0m
[0;32mI (5440) esp_image: segment 5: paddr=00044524 vaddr=50000000 size=0001ch (    28) load[0m
[0;32mI (5441) boot: Loaded app from partition at offset 0x10000[0m
[0;32mI (5441) boot: Disabling RNG early entropy source...[0m

assert failed: 0x420097f6 <cached disabled>:188 (<cached disabled>)
--- 0x420097f6: s_psram_chip_init at /Users/richardhine/.espressif/v5.4.4/esp-idf/components/esp_psram/esp_psram.c:188(inlined by) esp_psram_init at /Users/richardhine/.espressif/v5.4.4/esp-idf/components/esp_psram/esp_psram.c:385


Backtrace: 0x40375c91:0x3fceb130 0x4037a9cd:0x3fceb150 0x403807c1:0x3fceb170 0x420097f6:0x3fceb290 0x4037546e:0x3fceb2c0 0x403ccaa0:0x3fceb340 0x403ccedd:0x3fceb380 0x403c8991:0x3fceb4b0 0x40045c01:0x3fceb570 0x40043ab6:0x3fceb6f0 0x40034c45:0x3fceb710
--- 0x40375c91: panic_abort at /Users/richardhine/.espressif/v5.4.4/esp-idf/components/esp_system/panic.c:477
--- 0x4037a9cd: esp_system_abort at /Users/richardhine/.espressif/v5.4.4/esp-idf/components/esp_system/port/esp_system_chip.c:87
--- 0x403807c1: __assert_func at /Users/richardhine/.espressif/v5.4.4/esp-idf/components/newlib/assert.c:80
--- 0x420097f6: s_psram_chip_init at /Users/richardhine/.espressif/v5.4.4/esp-idf/components/esp_psram/esp_psram.c:188(inlined by) esp_psram_init at /Users/richardhine/.espressif/v5.4.4/esp-idf/components/esp_psram/esp_psram.c:385
--- 0x4037546e: call_start_cpu0 at /Users/richardhine/.espressif/v5.4.4/esp-idf/components/esp_system/port/cpu_start.c:585
--- 0x40045c01: ets_run_flash_bootloader in ROM
--- 0x40043ab6: main in ROM
--- 0x40034c45: .stack_ok in ROM




ELF file SHA256: 

Rebooting...
ESP-ROM:esp32s3-20210327
Build:Mar 27 2021
rst:0xc (RTC_SW_CPU_RST),boot:0x4 (SPI_FLASH_BOOT)
SPIWP:0xee
mode:DIO, clock div:1
load:0x3fce2810,len:0x1564
load:0x403c8700,len:0x4
load:0x403c8704,len:0xd24
load:0x403cb700,len:0x2ed4
entry 0x403c8928
[0;32mI (5522) boot: ESP-IDF v5.4.4 2nd stage bootloader[0m
[0;32mI (5522) boot: compile time Sep 15 2026 15:17:18[0m
[0;32mI (5522) boot: Multicore bootloader[0m
[0;32mI (5524) boot: chip revision: v0.3[0m
[0;32mI (5524) boot: efuse block revision: v0.0[0m
[0;32mI (5525) boot.esp32s3: Boot SPI Speed : 80MHz[0m
[0;32mI (5525) boot.esp32s3: SPI Mode       : SLOW READ[0m
[0;32mI (5525) boot.esp32s3: SPI Flash Size : 16MB[0m
[0;32mI (5526) boot: Enabling RNG early entropy source...[0m
[0;32mI (5529) boot: Partition Table:[0m
[0;32mI (5529) boot: ## Label            Usage          Type ST Offset   Length[0m
[0;32mI (5529) boot:  0 nvs              WiFi data        01 02 00009000 00006000[0m
[0;32mI (5530) boot:  1 phy_init         RF data          01 01 0000f000 00001000[0m
[0;32mI (5530) boot:  2 factory          factory app      00 00 00010000 00100000[0m
[0;32mI (5530) boot: End of partition table[0m
[0;32mI (5531) esp_image: segment 0: paddr=00010020 vaddr=3c020020 size=0a9e4h ( 43492) map[0m
[0;32mI (5536) esp_image: segment 1: paddr=0001aa0c vaddr=3fc92600 size=02f4ch ( 12108) load[0m
[0;32mI (5537) esp_image: segment 2: paddr=0001d960 vaddr=40374000 size=026b8h (  9912) load[0m
[0;32mI (5539) esp_image: segment 3: paddr=00020020 vaddr=42000020 size=185d8h ( 99800) map[0m
[0;32mI (5548) esp_image: segment 4: paddr=00038600 vaddr=403766b8 size=0bf1ch ( 48924) load[0m
[0;32mI (5555) esp_image: segment 5: paddr=00044524 vaddr=50000000 size=0001ch (    28) load[0m
[0;32mI (5556) boot: Loaded app from partition at offset 0x10000[0m
[0;32mI (5556) boot: Disabling RNG early entropy source...[0m

assert failed: 0x420097f6 <cached disabled>:188 (<cached disabled>)
--- 0x420097f6: s_psram_chip_init at /Users/richardhine/.espressif/v5.4.4/esp-idf/components/esp_psram/esp_psram.c:188(inlined by) esp_psram_init at /Users/richardhine/.espressif/v5.4.4/esp-idf/components/esp_psram/esp_psram.c:385


Backtrace: 0x40375c91:0x3fceb130 0x4037a9cd:0x3fceb150 0x403807c1:0x3fceb170 0x420097f6:0x3fceb290 0x4037546e:0x3fceb2c0 0x403ccaa0:0x3fceb340 0x403ccedd:0x3fceb380 0x403c8991:0x3fceb4b0 0x40045c01:0x3fceb570 0x40043ab6:0x3fceb6f0 0x40034c45:0x3fceb710
--- 0x40375c91: panic_abort at /Users/richardhine/.espressif/v5.4.4/esp-idf/components/esp_system/panic.c:477
--- 0x4037a9cd: esp_system_abort at /Users/richardhine/.espressif/v5.4.4/esp-idf/components/esp_system/port/esp_system_chip.c:87
--- 0x403807c1: __assert_func at /Users/richardhine/.espressif/v5.4.4/esp-idf/components/newlib/assert.c:80
--- 0x420097f6: s_psram_chip_init at /Users/richardhine/.espressif/v5.4.4/esp-idf/components/esp_psram/esp_psram.c:188(inlined by) esp_psram_init at /Users/richardhine/.espressif/v5.4.4/esp-idf/components/esp_psram/esp_psram.c:385
--- 0x4037546e: call_start_cpu0 at /Users/richardhine/.espressif/v5.4.4/esp-idf/components/esp_system/port/cpu_start.c:585
--- 0x40045c01: ets_run_flash_bootloader in ROM
--- 0x40043ab6: main in ROM
--- 0x40034c45: .stack_ok in ROM




ELF file SHA256: 

Rebooting...
ESP-ROM:esp32s3-20210327
Build:Mar 27 2021
rst:0xc (RTC_SW_CPU_RST),boot:0x4 (SPI_FLASH_BOOT)
SPIWP:0xee
mode:DIO, clock div:1
load:0x3fce2810,len:0x1564
load:0x403c8700,len:0x4
load:0x403c8704,len:0xd24
load:0x403cb700,len:0x2ed4
entry 0x403c8928
[0;32mI (5634) boot: ESP-IDF v5.4.4 2nd stage bootloader[0m
[0;32mI (5634) boot: compile time Sep 15 2026 15:17:18[0m
[0;32mI (5634) boot: Multicore bootloader[0m
[0;32mI (5637) boot: chip revision: v0.3[0m
[0;32mI (5637) boot: efuse block revision: v0.0[0m
[0;32mI (5637) boot.esp32s3: Boot SPI Speed : 80MHz[0m
[0;32mI (5637) boot.esp32s3: SPI Mode       : SLOW READ[0m
[0;32mI (5638) boot.esp32s3: SPI Flash Size : 16MB[0m
[0;32mI (5639) boot: Enabling RNG early entropy source...[0m
[0;32mI (5641) boot: Partition Table:[0m
[0;32mI (5641) boot: ## Label            Usage          Type ST Offset   Length[0m
[0;32mI (5642) boot:  0 nvs              WiFi data        01 02 00009000 00006000[0m
[0;32mI (5642) boot:  1 phy_init         RF data          01 01 0000f000 00001000[0m
[0;32mI (5642) boot:  2 factory          factory app      00 00 00010000 00100000[0m
[0;32mI (5643) boot: End of partition table[0m
[0;32mI (5643) esp_image: segment 0: paddr=00010020 vaddr=3c020020 size=0a9e4h ( 43492) map[0m
[0;32mI (5647) esp_image: segment 1: paddr=0001aa0c vaddr=3fc92600 size=02f4ch ( 12108) load[0m
[0;32mI (5649) esp_image: segment 2: paddr=0001d960 vaddr=40374000 size=026b8h (  9912) load[0m
[0;32mI (5651) esp_image: segment 3: paddr=00020020 vaddr=42000020 size=185d8h ( 99800) map[0m
[0;32mI (5661) esp_image: segment 4: paddr=00038600 vaddr=403766b8 size=0bf1ch ( 48924) load[0m
[0;32mI (5669) esp_image: segment 5: paddr=00044524 vaddr=50000000 size=0001ch (    28) load[0m
[0;32mI (5670) boot: Loaded app from partition at offset 0x10000[0m
[0;32mI (5670) boot: Disabling RNG early entropy source...[0m

assert failed: 0x420097f6 <cached disabled>:188 (<cached disabled>)
--- 0x420097f6: s_psram_chip_init at /Users/richardhine/.espressif/v5.4.4/esp-idf/components/esp_psram/esp_psram.c:188(inlined by) esp_psram_init at /Users/richardhine/.espressif/v5.4.4/esp-idf/components/esp_psram/esp_psram.c:385


Backtrace: 0x40375c91:0x3fceb130 0x4037a9cd:0x3fceb150 0x403807c1:0x3fceb170 0x420097f6:0x3fceb290 0x4037546e:0x3fceb2c0 0x403ccaa0:0x3fceb340 0x403ccedd:0x3fceb380 0x403c8991:0x3fceb4b0 0x40045c01:0x3fceb570 0x40043ab6:0x3fceb6f0 0x40034c45:0x3fceb710
--- 0x40375c91: panic_abort at /Users/richardhine/.espressif/v5.4.4/esp-idf/components/esp_system/panic.c:477
--- 0x4037a9cd: esp_system_abort at /Users/richardhine/.espressif/v5.4.4/esp-idf/components/esp_system/port/esp_system_chip.c:87
--- 0x403807c1: __assert_func at /Users/richardhine/.espressif/v5.4.4/esp-idf/components/newlib/assert.c:80
--- 0x420097f6: s_psram_chip_init at /Users/richardhine/.espressif/v5.4.4/esp-idf/components/esp_psram/esp_psram.c:188(inlined by) esp_psram_init at /Users/richardhine/.espressif/v5.4.4/esp-idf/components/esp_psram/esp_psram.c:385
--- 0x4037546e: call_start_cpu0 at /Users/richardhine/.espressif/v5.4.4/esp-idf/components/esp_system/port/cpu_start.c:585
--- 0x40045c01: ets_run_flash_bootloader in ROM
--- 0x40043ab6: main in ROM
--- 0x40034c45: .stack_ok in ROM




ELF file SHA256: 

Rebooting...
ESP-ROM:esp32s3-20210327
Build:Mar 27 2021
rst:0xc (RTC_SW_CPU_RST),boot:0x4 (SPI_FLASH_BOOT)
SPIWP:0xee
mode:DIO, clock div:1
load:0x3fce2810,len:0x1564
load:0x403c8700,len:0x4
load:0x403c8704,len:0xd24
load:0x403cb700,len:0x2ed4
entry 0x403c8928
[0;32mI (5747) boot: ESP-IDF v5.4.4 2nd stage bootloader[0m
[0;32mI (5747) boot: compile time Sep 15 2026 15:17:18[0m
[0;32mI (5747) boot: Multicore bootloader[0m
[0;32mI (5749) boot: chip revision: v0.3[0m
[0;32mI (5749) boot: efuse block revision: v0.0[0m
[0;32mI (5750) boot.esp32s3: Boot SPI Speed : 80MHz[0m
[0;32mI (5750) boot.esp32s3: SPI Mode       : SLOW READ[0m
[0;32mI (5750) boot.esp32s3: SPI Flash Size : 16MB[0m
[0;32mI (5751) boot: Enabling RNG early entropy source...[0m
[0;32mI (5754) boot: Partition Table:[0m
[0;32mI (5754) boot: ## Label            Usage          Type ST Offset   Length[0m
[0;32mI (5754) boot:  0 nvs              WiFi data        01 02 00009000 00006000[0m
[0;32mI (5755) boot:  1 phy_init         RF data          01 01 0000f000 00001000[0m
[0;32mI (5755) boot:  2 factory          factory app      00 00 00010000 00100000[0m
[0;32mI (5755) boot: End of partition table[0m
[0;32mI (5756) esp_image: segment 0: paddr=00010020 vaddr=3c020020 size=0a9e4h ( 43492) map[0m
[0;32mI (5760) esp_image: segment 1: paddr=0001aa0c vaddr=3fc92600 size=02f4ch ( 12108) load[0m
[0;32mI (5761) esp_image: segment 2: paddr=0001d960 vaddr=40374000 size=026b8h (  9912) load[0m
[0;32mI (5763) esp_image: segment 3: paddr=00020020 vaddr=42000020 size=185d8h ( 99800) map[0m
[0;32mI (5773) esp_image: segment 4: paddr=00038600 vaddr=403766b8 size=0bf1ch ( 48924) load[0m
[0;32mI (5781) esp_image: segment 5: paddr=00044524 vaddr=50000000 size=0001ch (    28) load[0m
[0;32mI (5782) boot: Loaded app from partition at offset 0x10000[0m
[0;32mI (5782) boot: Disabling RNG early entropy source...[0m

assert failed: 0x420097f6 <cached disabled>:188 (<cached disabled>)
--- 0x420097f6: s_psram_chip_init at /Users/richardhine/.espressif/v5.4.4/esp-idf/components/esp_psram/esp_psram.c:188(inlined by) esp_psram_init at /Users/richardhine/.espressif/v5.4.4/esp-idf/components/esp_psram/esp_psram.c:385


Backtrace: 0x40375c91:0x3fceb130 0x4037a9cd:0x3fceb150 0x403807c1:0x3fceb170 0x420097f6:0x3fceb290 0x4037546e:0x3fceb2c0 0x403ccaa0:0x3fceb340 0x403ccedd:0x3fceb380 0x403c8991:0x3fceb4b0 0x40045c01:0x3fceb570 0x40043ab6:0x3fceb6f0 0x40034c45:0x3fceb710
--- 0x40375c91: panic_abort at /Users/richardhine/.espressif/v5.4.4/esp-idf/components/esp_system/panic.c:477
--- 0x4037a9cd: esp_system_abort at /Users/richardhine/.espressif/v5.4.4/esp-idf/components/esp_system/port/esp_system_chip.c:87
--- 0x403807c1: __assert_func at /Users/richardhine/.espressif/v5.4.4/esp-idf/components/newlib/assert.c:80
--- 0x420097f6: s_psram_chip_init at /Users/richardhine/.espressif/v5.4.4/esp-idf/components/esp_psram/esp_psram.c:188(inlined by) esp_psram_init at /Users/richardhine/.espressif/v5.4.4/esp-idf/components/esp_psram/esp_psram.c:385
--- 0x4037546e: call_start_cpu0 at /Users/richardhine/.espressif/v5.4.4/esp-idf/components/esp_system/port/cpu_start.c:585
--- 0x40045c01: ets_run_flash_bootloader in ROM
--- 0x40043ab6: main in ROM
--- 0x40034c45: .stack_ok in ROM




ELF file SHA256: 

Rebooting...
ESP-ROM:esp32s3-20210327
Build:Mar 27 2021
rst:0xc (RTC_SW_CPU_RST),boot:0x4 (SPI_FLASH_BOOT)
SPIWP:0xee
mode:DIO, clock div:1
load:0x3fce2810,len:0x1564
load:0x403c8700,len:0x4
load:0x403c8704,len:0xd24
load:0x403cb700,len:0x2ed4
entry 0x403c8928
[0;32mI (5859) boot: ESP-IDF v5.4.4 2nd stage bootloader[0m
[0;32mI (5859) boot: compile time Sep 15 2026 15:17:18[0m
[0;32mI (5860) boot: Multicore bootloader[0m
[0;32mI (5862) boot: chip revision: v0.3[0m
[0;32mI (5862) boot: efuse block revision: v0.0[0m
[0;32mI (5862) boot.esp32s3: Boot SPI Speed : 80MHz[0m
[0;32mI (5862) boot.esp32s3: SPI Mode       : SLOW READ[0m
[0;32mI (5863) boot.esp32s3: SPI Flash Size : 16MB[0m
[0;32mI (5864) boot: Enabling RNG early entropy source...[0m
[0;32mI (5867) boot: Partition Table:[0m
[0;32mI (5867) boot: ## Label            Usage          Type ST Offset   Length[0m
[0;32mI (5867) boot:  0 nvs              WiFi data        01 02 00009000 00006000[0m
[0;32mI (5867) boot:  1 phy_init         RF data          01 01 0000f000 00001000[0m
[0;32mI (5867) boot:  2 factory          factory app      00 00 00010000 00100000[0m
[0;32mI (5868) boot: End of partition table[0m
[0;32mI (5868) esp_image: segment 0: paddr=00010020 vaddr=3c020020 size=0a9e4h ( 43492) map[0m
[0;32mI (5872) esp_image: segment 1: paddr=0001aa0c vaddr=3fc92600 size=02f4ch ( 12108) load[0m
[0;32mI (5873) esp_image: segment 2: paddr=0001d960 vaddr=40374000 size=026b8h (  9912) load[0m
[0;32mI (5875) esp_image: segment 3: paddr=00020020 vaddr=42000020 size=185d8h ( 99800) map[0m
[0;32mI (5885) esp_image: segment 4: paddr=00038600 vaddr=403766b8 size=0bf1ch ( 48924) load[0m
[0;32mI (5893) esp_image: segment 5: paddr=00044524 vaddr=50000000 size=0001ch (    28) load[0m
[0;32mI (5894) boot: Loaded app from partition at offset 0x10000[0m
[0;32mI (5894) boot: Disabling RNG early entropy source...[0m

assert failed: 0x420097f6 <cached disabled>:188 (<cached disabled>)
--- 0x420097f6: s_psram_chip_init at /Users/richardhine/.espressif/v5.4.4/esp-idf/components/esp_psram/esp_psram.c:188(inlined by) esp_psram_init at /Users/richardhine/.espressif/v5.4.4/esp-idf/components/esp_psram/esp_psram.c:385


Backtrace: 0x40375c91:0x3fceb130 0x4037a9cd:0x3fceb150 0x403807c1:0x3fceb170 0x420097f6:0x3fceb290 0x4037546e:0x3fceb2c0 0x403ccaa0:0x3fceb340 0x403ccedd:0x3fceb380 0x403c8991:0x3fceb4b0 0x40045c01:0x3fceb570 0x40043ab6:0x3fceb6f0 0x40034c45:0x3fceb710
--- 0x40375c91: panic_abort at /Users/richardhine/.espressif/v5.4.4/esp-idf/components/esp_system/panic.c:477
--- 0x4037a9cd: esp_system_abort at /Users/richardhine/.espressif/v5.4.4/esp-idf/components/esp_system/port/esp_system_chip.c:87
--- 0x403807c1: __assert_func at /Users/richardhine/.espressif/v5.4.4/esp-idf/components/newlib/assert.c:80
--- 0x420097f6: s_psram_chip_init at /Users/richardhine/.espressif/v5.4.4/esp-idf/components/esp_psram/esp_psram.c:188(inlined by) esp_psram_init at /Users/richardhine/.espressif/v5.4.4/esp-idf/components/esp_psram/esp_psram.c:385
--- 0x4037546e: call_start_cpu0 at /Users/richardhine/.espressif/v5.4.4/esp-idf/components/esp_system/port/cpu_start.c:585
--- 0x40045c01: ets_run_flash_bootloader in ROM
--- 0x40043ab6: main in ROM
--- 0x40034c45: .stack_ok in ROM




ELF file SHA256: 

Rebooting...
ESP-ROM:esp32s3-20210327
Build:Mar 27 2021
rst:0xc (RTC_SW_CPU_RST),boot:0x4 (SPI_FLASH_BOOT)
SPIWP:0xee
mode:DIO, clock div:1
load:0x3fce2810,len:0x1564
load:0x403c8700,len:0x4
load:0x403c8704,len:0xd24
load:0x403cb700,len:0x2ed4
entry 0x403c8928
[0;32mI (5972) boot: ESP-IDF v5.4.4 2nd stage bootloader[0m
[0;32mI (5972) boot: compile time Sep 15 2026 15:17:18[0m
[0;32mI (5972) boot: Multicore bootloader[0m
[0;32mI (5975) boot: chip revision: v0.3[0m
[0;32mI (5975) boot: efuse block revision: v0.0[0m
[0;32mI (5975) boot.esp32s3: Boot SPI Speed : 80MHz[0m
[0;32mI (5975) boot.esp32s3: SPI Mode       : SLOW READ[0m
[0;32mI (5975) boot.esp32s3: SPI Flash Size : 16MB[0m
[0;32mI (5977) boot: Enabling RNG early entropy source...[0m
[0;32mI (5979) boot: Partition Table:[0m
[0;32mI (5979) boot: ## Label            Usage          Type ST Offset   Length[0m
[0;32mI (5980) boot:  0 nvs              WiFi data        01 02 00009000 00006000[0m
[0;32mI (5980) boot:  1 phy_init         RF data          01 01 0000f000 00001000[0m
[0;32mI (5980) boot:  2 factory          factory app      00 00 00010000 00100000[0m
[0;32mI (5981) boot: End of partition table[0m
[0;32mI (5981) esp_image: segment 0: paddr=00010020 vaddr=3c020020 size=0a9e4h ( 43492) map[0m
[0;32mI (5985) esp_image: segment 1: paddr=0001aa0c vaddr=3fc92600 size=02f4ch ( 12108) load[0m
[0;32mI (5986) esp_image: segment 2: paddr=0001d960 vaddr=40374000 size=026b8h (  9912) load[0m
[0;32mI (5988) esp_image: segment 3: paddr=00020020 vaddr=42000020 size=185d8h ( 99800) map[0m
[0;32mI (6000) esp_image: segment 4: paddr=00038600 vaddr=403766b8 size=0bf1ch ( 48924) load[0m
[0;32mI (6007) esp_image: segment 5: paddr=00044524 vaddr=50000000 size=0001ch (    28) load[0m
[0;32mI (6008) boot: Loaded app from partition at offset 0x10000[0m
[0;32mI (6008) boot: Disabling RNG early entropy source...[0m

assert failed: 0x420097f6 <cached disabled>:188 (<cached disabled>)
--- 0x420097f6: s_psram_chip_init at /Users/richardhine/.espressif/v5.4.4/esp-idf/components/esp_psram/esp_psram.c:188(inlined by) esp_psram_init at /Users/richardhine/.espressif/v5.4.4/esp-idf/components/esp_psram/esp_psram.c:385


Backtrace: 0x40375c91:0x3fceb130 0x4037a9cd:0x3fceb150 0x403807c1:0x3fceb170 0x420097f6:0x3fceb290 0x4037546e:0x3fceb2c0 0x403ccaa0:0x3fceb340 0x403ccedd:0x3fceb380 0x403c8991:0x3fceb4b0 0x40045c01:0x3fceb570 0x40043ab6:0x3fceb6f0 0x40034c45:0x3fceb710
--- 0x40375c91: panic_abort at /Users/richardhine/.espressif/v5.4.4/esp-idf/components/esp_system/panic.c:477
--- 0x4037a9cd: esp_system_abort at /Users/richardhine/.espressif/v5.4.4/esp-idf/components/esp_system/port/esp_system_chip.c:87
--- 0x403807c1: __assert_func at /Users/richardhine/.espressif/v5.4.4/esp-idf/components/newlib/assert.c:80
--- 0x420097f6: s_psram_chip_init at /Users/richardhine/.espressif/v5.4.4/esp-idf/components/esp_psram/esp_psram.c:188(inlined by) esp_psram_init at /Users/richardhine/.espressif/v5.4.4/esp-idf/components/esp_psram/esp_psram.c:385
--- 0x4037546e: call_start_cpu0 at /Users/richardhine/.espressif/v5.4.4/esp-idf/components/esp_system/port/cpu_start.c:585
--- 0x40045c01: ets_run_flash_bootloader in ROM
--- 0x40043ab6: main in ROM
--- 0x40034c45: .stack_ok in ROM




ELF file SHA256: 

Rebooting...
ESP-ROM:esp32s3-20210327
Build:Mar 27 2021
rst:0xc (RTC_SW_CPU_RST),boot:0x4 (SPI_FLASH_BOOT)
SPIWP:0xee
mode:DIO, clock div:1
load:0x3fce2810,len:0x1564
load:0x403c8700,len:0x4
load:0x403c8704,len:0xd24
load:0x403cb700,len:0x2ed4
entry 0x403c8928
[0;32mI (6086) boot: ESP-IDF v5.4.4 2nd stage bootloader[0m
[0;32mI (6086) boot: compile time Sep 15 2026 15:17:18[0m
[0;32mI (6086) boot: Multicore bootloader[0m
[0;32mI (6088) boot: chip revision: v0.3[0m
[0;32mI (6089) boot: efuse block revision: v0.0[0m
[0;32mI (6089) boot.esp32s3: Boot SPI Speed : 80MHz[0m
[0;32mI (6089) boot.esp32s3: SPI Mode       : SLOW READ[0m
[0;32mI (6089) boot.esp32s3: SPI Flash Size : 16MB[0m
[0;32mI (6091) boot: Enabling RNG early entropy source...[0m
[0;32mI (6093) boot: Partition Table:[0m
[0;32mI (6093) boot: ## Label            Usage          Type ST Offset   Length[0m
[0;32mI (6094) boot:  0 nvs              WiFi data        01 02 00009000 00006000[0m
[0;32mI (6094) boot:  1 phy_init         RF data          01 01 0000f000 00001000[0m
[0;32mI (6094) boot:  2 factory          factory app      00 00 00010000 00100000[0m
[0;32mI (6094) boot: End of partition table[0m
[0;32mI (6095) esp_image: segment 0: paddr=00010020 vaddr=3c020020 size=0a9e4h ( 43492) map[0m
[0;32mI (6099) esp_image: segment 1: paddr=0001aa0c vaddr=3fc92600 size=02f4ch ( 12108) load[0m
[0;32mI (6100) esp_image: segment 2: paddr=0001d960 vaddr=40374000 size=026b8h (  9912) load[0m
[0;32mI (6102) esp_image: segment 3: paddr=00020020 vaddr=42000020 size=185d8h ( 99800) map[0m
[0;32mI (6112) esp_image: segment 4: paddr=00038600 vaddr=403766b8 size=0bf1ch ( 48924) load[0m
[0;32mI (6120) esp_image: segment 5: paddr=00044524 vaddr=50000000 size=0001ch (    28) load[0m
[0;32mI (6121) boot: Loaded app from partition at offset 0x10000[0m
[0;32mI (6121) boot: Disabling RNG early entropy source...[0m

assert failed: 0x420097f6 <cached disabled>:188 (<cached disabled>)
--- 0x420097f6: s_psram_chip_init at /Users/richardhine/.espressif/v5.4.4/esp-idf/components/esp_psram/esp_psram.c:188(inlined by) esp_psram_init at /Users/richardhine/.espressif/v5.4.4/esp-idf/components/esp_psram/esp_psram.c:385


Backtrace: 0x40375c91:0x3fceb130 0x4037a9cd:0x3fceb150 0x403807c1:0x3fceb170 0x420097f6:0x3fceb290 0x4037546e:0x3fceb2c0 0x403ccaa0:0x3fceb340 0x403ccedd:0x3fceb380 0x403c8991:0x3fceb4b0 0x40045c01:0x3fceb570 0x40043ab6:0x3fceb6f0 0x40034c45:0x3fceb710
--- 0x40375c91: panic_abort at /Users/richardhine/.espressif/v5.4.4/esp-idf/components/esp_system/panic.c:477
--- 0x4037a9cd: esp_system_abort at /Users/richardhine/.espressif/v5.4.4/esp-idf/components/esp_system/port/esp_system_chip.c:87
--- 0x403807c1: __assert_func at /Users/richardhine/.espressif/v5.4.4/esp-idf/components/newlib/assert.c:80
--- 0x420097f6: s_psram_chip_init at /Users/richardhine/.espressif/v5.4.4/esp-idf/components/esp_psram/esp_psram.c:188(inlined by) esp_psram_init at /Users/richardhine/.espressif/v5.4.4/esp-idf/components/esp_psram/esp_psram.c:385
--- 0x4037546e: call_start_cpu0 at /Users/richardhine/.espressif/v5.4.4/esp-idf/components/esp_system/port/cpu_start.c:585
--- 0x40045c01: ets_run_flash_bootloader in ROM
--- 0x40043ab6: main in ROM
--- 0x40034c45: .stack_ok in ROM




ELF file SHA256: 

Rebooting...
ESP-ROM:esp32s3-20210327
Build:Mar 27 2021
rst:0xc (RTC_SW_CPU_RST),boot:0x4 (SPI_FLASH_BOOT)
SPIWP:0xee
mode:DIO, clock div:1
load:0x3fce2810,len:0x1564
load:0x403c8700,len:0x4
load:0x403c8704,len:0xd24
load:0x403cb700,len:0x2ed4
entry 0x403c8928
[0;32mI (6198) boot: ESP-IDF v5.4.4 2nd stage bootloader[0m
[0;32mI (6199) boot: compile time Sep 15 2026 15:17:18[0m
[0;32mI (6199) boot: Multicore bootloader[0m
[0;32mI (6201) boot: chip revision: v0.3[0m
[0;32mI (6201) boot: efuse block revision: v0.0[0m
[0;32mI (6201) boot.esp32s3: Boot SPI Speed : 80MHz[0m
[0;32mI (6202) boot.esp32s3: SPI Mode       : SLOW READ[0m
[0;32mI (6202) boot.esp32s3: SPI Flash Size : 16MB[0m
[0;32mI (6203) boot: Enabling RNG early entropy source...[0m
[0;32mI (6206) boot: Partition Table:[0m
[0;32mI (6206) boot: ## Label            Usage          Type ST Offset   Length[0m
[0;32mI (6206) boot:  0 nvs              WiFi data        01 02 00009000 00006000[0m
[0;32mI (6206) boot:  1 phy_init         RF data          01 01 0000f000 00001000[0m
[0;32mI (6207) boot:  2 factory          factory app      00 00 00010000 00100000[0m
[0;32mI (6207) boot: End of partition table[0m
[0;32mI (6207) esp_image: segment 0: paddr=00010020 vaddr=3c020020 size=0a9e4h ( 43492) map[0m
[0;32mI (6211) esp_image: segment 1: paddr=0001aa0c vaddr=3fc92600 size=02f4ch ( 12108) load[0m
[0;32mI (6213) esp_image: segment 2: paddr=0001d960 vaddr=40374000 size=026b8h (  9912) load[0m
[0;32mI (6214) esp_image: segment 3: paddr=00020020 vaddr=42000020 size=185d8h ( 99800) map[0m
[0;32mI (6225) esp_image: segment 4: paddr=00038600 vaddr=403766b8 size=0bf1ch ( 48924) load[0m
[0;32mI (6232) esp_image: segment 5: paddr=00044524 vaddr=50000000 size=0001ch (    28) load[0m
[0;32mI (6233) boot: Loaded app from partition at offset 0x10000[0m
[0;32mI (6234) boot: Disabling RNG early entropy source...[0m

assert failed: 0x420097f6 <cached disabled>:188 (<cached disabled>)
--- 0x420097f6: s_psram_chip_init at /Users/richardhine/.espressif/v5.4.4/esp-idf/components/esp_psram/esp_psram.c:188(inlined by) esp_psram_init at /Users/richardhine/.espressif/v5.4.4/esp-idf/components/esp_psram/esp_psram.c:385


Backtrace: 0x40375c91:0x3fceb130 0x4037a9cd:0x3fceb150 0x403807c1:0x3fceb170 0x420097f6:0x3fceb290 0x4037546e:0x3fceb2c0 0x403ccaa0:0x3fceb340 0x403ccedd:0x3fceb380 0x403c8991:0x3fceb4b0 0x40045c01:0x3fceb570 0x40043ab6:0x3fceb6f0 0x40034c45:0x3fceb710
--- 0x40375c91: panic_abort at /Users/richardhine/.espressif/v5.4.4/esp-idf/components/esp_system/panic.c:477
--- 0x4037a9cd: esp_system_abort at /Users/richardhine/.espressif/v5.4.4/esp-idf/components/esp_system/port/esp_system_chip.c:87
--- 0x403807c1: __assert_func at /Users/richardhine/.espressif/v5.4.4/esp-idf/components/newlib/assert.c:80
--- 0x420097f6: s_psram_chip_init at /Users/richardhine/.espressif/v5.4.4/esp-idf/components/esp_psram/esp_psram.c:188(inlined by) esp_psram_init at /Users/richardhine/.espressif/v5.4.4/esp-idf/components/esp_psram/esp_psram.c:385
--- 0x4037546e: call_start_cpu0 at /Users/richardhine/.espressif/v5.4.4/esp-idf/components/esp_system/port/cpu_start.c:585
--- 0x40045c01: ets_run_flash_bootloader in ROM
--- 0x40043ab6: main in ROM
--- 0x40034c45: .stack_ok in ROM




ELF file SHA256: 

Rebooting...
ESP-ROM:esp32s3-20210327
Build:Mar 27 2021
rst:0xc (RTC_SW_CPU_RST),boot:0x4 (SPI_FLASH_BOOT)
SPIWP:0xee
mode:DIO, clock div:1
load:0x3fce2810,len:0x1564
load:0x403c8700,len:0x4
load:0x403c8704,len:0xd24
load:0x403cb700,len:0x2ed4
entry 0x403c8928
[0;32mI (6312) boot: ESP-IDF v5.4.4 2nd stage bootloader[0m
[0;32mI (6312) boot: compile time Sep 15 2026 15:17:18[0m
[0;32mI (6312) boot: Multicore bootloader[0m
[0;32mI (6314) boot: chip revision: v0.3[0m
[0;32mI (6314) boot: efuse block revision: v0.0[0m
[0;32mI (6315) boot.esp32s3: Boot SPI Speed : 80MHz[0m
[0;32mI (6315) boot.esp32s3: SPI Mode       : SLOW READ[0m
[0;32mI (6315) boot.esp32s3: SPI Flash Size : 16MB[0m
[0;32mI (6316) boot: Enabling RNG early entropy source...[0m
[0;32mI (6319) boot: Partition Table:[0m
[0;32mI (6319) boot: ## Label            Usage          Type ST Offset   Length[0m
[0;32mI (6319) boot:  0 nvs              WiFi data        01 02 00009000 00006000[0m
[0;32mI (6319) boot:  1 phy_init         RF data          01 01 0000f000 00001000[0m
[0;32mI (6320) boot:  2 factory          factory app      00 00 00010000 00100000[0m
[0;32mI (6320) boot: End of partition table[0m
[0;32mI (6320) esp_image: segment 0: paddr=00010020 vaddr=3c020020 size=0a9e4h ( 43492) map[0m
[0;32mI (6324) esp_image: segment 1: paddr=0001aa0c vaddr=3fc92600 size=02f4ch ( 12108) load[0m
[0;32mI (6326) esp_image: segment 2: paddr=0001d960 vaddr=40374000 size=026b8h (  9912) load[0m
[0;32mI (6327) esp_image: segment 3: paddr=00020020 vaddr=42000020 size=185d8h ( 99800) map[0m
[0;32mI (6338) esp_image: segment 4: paddr=00038600 vaddr=403766b8 size=0bf1ch ( 48924) load[0m
[0;32mI (6346) esp_image: segment 5: paddr=00044524 vaddr=50000000 size=0001ch (    28) load[0m
[0;32mI (6347) boot: Loaded app from partition at offset 0x10000[0m
[0;32mI (6347) boot: Disabling RNG early entropy source...[0m

assert failed: 0x420097f6 <cached disabled>:188 (<cached disabled>)
--- 0x420097f6: s_psram_chip_init at /Users/richardhine/.espressif/v5.4.4/esp-idf/components/esp_psram/esp_psram.c:188(inlined by) esp_psram_init at /Users/richardhine/.espressif/v5.4.4/esp-idf/components/esp_psram/esp_psram.c:385


Backtrace: 0x40375c91:0x3fceb130 0x4037a9cd:0x3fceb150 0x403807c1:0x3fceb170 0x420097f6:0x3fceb290 0x4037546e:0x3fceb2c0 0x403ccaa0:0x3fceb340 0x403ccedd:0x3fceb380 0x403c8991:0x3fceb4b0 0x40045c01:0x3fceb570 0x40043ab6:0x3fceb6f0 0x40034c45:0x3fceb710
--- 0x40375c91: panic_abort at /Users/richardhine/.espressif/v5.4.4/esp-idf/components/esp_system/panic.c:477
--- 0x4037a9cd: esp_system_abort at /Users/richardhine/.espressif/v5.4.4/esp-idf/components/esp_system/port/esp_system_chip.c:87
--- 0x403807c1: __assert_func at /Users/richardhine/.espressif/v5.4.4/esp-idf/components/newlib/assert.c:80
--- 0x420097f6: s_psram_chip_init at /Users/richardhine/.espressif/v5.4.4/esp-idf/components/esp_psram/esp_psram.c:188(inlined by) esp_psram_init at /Users/richardhine/.espressif/v5.4.4/esp-idf/components/esp_psram/esp_psram.c:385
--- 0x4037546e: call_start_cpu0 at /Users/richardhine/.espressif/v5.4.4/esp-idf/components/esp_system/port/cpu_start.c:585
--- 0x40045c01: ets_run_flash_bootloader in ROM
--- 0x40043ab6: main in ROM
--- 0x40034c45: .stack_ok in ROM




ELF file SHA256: 

Rebooting...
ESP-ROM:esp32s3-20210327
Build:Mar 27 2021
rst:0xc (RTC_SW_CPU_RST),boot:0x4 (SPI_FLASH_BOOT)
SPIWP:0xee
mode:DIO, clock div:1
load:0x3fce2810,len:0x1564
load:0x403c8700,len:0x4
load:0x403c8704,len:0xd24
load:0x403cb700,len:0x2ed4
entry 0x403c8928
[0;32mI (6425) boot: ESP-IDF v5.4.4 2nd stage bootloader[0m
[0;32mI (6425) boot: compile time Sep 15 2026 15:17:18[0m
[0;32mI (6425) boot: Multicore bootloader[0m
[0;32mI (6427) boot: chip revision: v0.3[0m
[0;32mI (6427) boot: efuse block revision: v0.0[0m
[0;32mI (6428) boot.esp32s3: Boot SPI Speed : 80MHz[0m
[0;32mI (6428) boot.esp32s3: SPI Mode       : SLOW READ[0m
[0;32mI (6428) boot.esp32s3: SPI Flash Size : 16MB[0m
[0;32mI (6429) boot: Enabling RNG early entropy source...[0m
[0;32mI (6432) boot: Partition Table:[0m
[0;32mI (6432) boot: ## Label            Usage          Type ST Offset   Length[0m
[0;32mI (6432) boot:  0 nvs              WiFi data        01 02 00009000 00006000[0m
[0;32mI (6433) boot:  1 phy_init         RF data          01 01 0000f000 00001000[0m
[0;32mI (6433) boot:  2 factory          factory app      00 00 00010000 00100000[0m
[0;32mI (6433) boot: End of partition table[0m
[0;32mI (6434) esp_image: segment 0: paddr=00010020 vaddr=3c020020 size=0a9e4h ( 43492) map[0m
[0;32mI (6437) esp_image: segment 1: paddr=0001aa0c vaddr=3fc92600 size=02f4ch ( 12108) load[0m
[0;32mI (6439) esp_image: segment 2: paddr=0001d960 vaddr=40374000 size=026b8h (  9912) load[0m
[0;32mI (6440) esp_image: segment 3: paddr=00020020 vaddr=42000020 size=185d8h ( 99800) map[0m
[0;32mI (6448) esp_image: segment 4: paddr=00038600 vaddr=403766b8 size=0bf1ch ( 48924) load[0m
[0;32mI (6455) esp_image: segment 5: paddr=00044524 vaddr=50000000 size=0001ch (    28) load[0m
[0;32mI (6456) boot: Loaded app from partition at offset 0x10000[0m
[0;32mI (6456) boot: Disabling RNG early entropy source...[0m

assert failed: 0x420097f6 <cached disabled>:188 (<cached disabled>)
--- 0x420097f6: s_psram_chip_init at /Users/richardhine/.espressif/v5.4.4/esp-idf/components/esp_psram/esp_psram.c:188(inlined by) esp_psram_init at /Users/richardhine/.espressif/v5.4.4/esp-idf/components/esp_psram/esp_psram.c:385


Backtrace: 0x40375c91:0x3fceb130 0x4037a9cd:0x3fceb150 0x403807c1:0x3fceb170 0x420097f6:0x3fceb290 0x4037546e:0x3fceb2c0 0x403ccaa0:0x3fceb340 0x403ccedd:0x3fceb380 0x403c8991:0x3fceb4b0 0x40045c01:0x3fceb570 0x40043ab6:0x3fceb6f0 0x40034c45:0x3fceb710
--- 0x40375c91: panic_abort at /Users/richardhine/.espressif/v5.4.4/esp-idf/components/esp_system/panic.c:477
--- 0x4037a9cd: esp_system_abort at /Users/richardhine/.espressif/v5.4.4/esp-idf/components/esp_system/port/esp_system_chip.c:87
--- 0x403807c1: __assert_func at /Users/richardhine/.espressif/v5.4.4/esp-idf/components/newlib/assert.c:80
--- 0x420097f6: s_psram_chip_init at /Users/richardhine/.espressif/v5.4.4/esp-idf/components/esp_psram/esp_psram.c:188(inlined by) esp_psram_init at /Users/richardhine/.espressif/v5.4.4/esp-idf/components/esp_psram/esp_psram.c:385
--- 0x4037546e: call_start_cpu0 at /Users/richardhine/.espressif/v5.4.4/esp-idf/components/esp_system/port/cpu_start.c:585
--- 0x40045c01: ets_run_flash_bootloader in ROM
--- 0x40043ab6: main in ROM
--- 0x40034c45: .stack_ok in ROM




ELF file SHA256: 

Rebooting...
ESP-ROM:esp32s3-20210327
Build:Mar 27 2021
rst:0xc (RTC_SW_CPU_RST),boot:0x4 (SPI_FLASH_BOOT)
SPIWP:0xee
mode:DIO, clock div:1
load:0x3fce2810,len:0x1564
load:0x403c8700,len:0x4
load:0x403c8704,len:0xd24
load:0x403cb700,len:0x2ed4
entry 0x403c8928
[0;32mI (6533) boot: ESP-IDF v5.4.4 2nd stage bootloader[0m
[0;32mI (6534) boot: compile time Sep 15 2026 15:17:18[0m
[0;32mI (6534) boot: Multicore bootloader[0m
[0;32mI (6536) boot: chip revision: v0.3[0m
[0;32mI (6536) boot: efuse block revision: v0.0[0m
[0;32mI (6536) boot.esp32s3: Boot SPI Speed : 80MHz[0m
[0;32mI (6536) boot.esp32s3: SPI Mode       : SLOW READ[0m
[0;32mI (6537) boot.esp32s3: SPI Flash Size : 16MB[0m
[0;32mI (6538) boot: Enabling RNG early entropy source...[0m
[0;32mI (6540) boot: Partition Table:[0m
[0;32mI (6541) boot: ## Label            Usage          Type ST Offset   Length[0m
[0;32mI (6541) boot:  0 nvs              WiFi data        01 02 00009000 00006000[0m
[0;32mI (6541) boot:  1 phy_init         RF data          01 01 0000f000 00001000[0m
[0;32mI (6541) boot:  2 factory          factory app      00 00 00010000 00100000[0m
[0;32mI (6542) boot: End of partition table[0m
[0;32mI (6542) esp_image: segment 0: paddr=00010020 vaddr=3c020020 size=0a9e4h ( 43492) map[0m
[0;32mI (6546) esp_image: segment 1: paddr=0001aa0c vaddr=3fc92600 size=02f4ch ( 12108) load[0m
[0;32mI (6548) esp_image: segment 2: paddr=0001d960 vaddr=40374000 size=026b8h (  9912) load[0m
[0;32mI (6549) esp_image: segment 3: paddr=00020020 vaddr=42000020 size=185d8h ( 99800) map[0m
[0;32mI (6559) esp_image: segment 4: paddr=00038600 vaddr=403766b8 size=0bf1ch ( 48924) load[0m
[0;32mI (6566) esp_image: segment 5: paddr=00044524 vaddr=50000000 size=0001ch (    28) load[0m
[0;32mI (6567) boot: Loaded app from partition at offset 0x10000[0m
[0;32mI (6567) boot: Disabling RNG early entropy source...[0m

assert failed: 0x420097f6 <cached disabled>:188 (<cached disabled>)
--- 0x420097f6: s_psram_chip_init at /Users/richardhine/.espressif/v5.4.4/esp-idf/components/esp_psram/esp_psram.c:188(inlined by) esp_psram_init at /Users/richardhine/.espressif/v5.4.4/esp-idf/components/esp_psram/esp_psram.c:385


Backtrace: 0x40375c91:0x3fceb130 0x4037a9cd:0x3fceb150 0x403807c1:0x3fceb170 0x420097f6:0x3fceb290 0x4037546e:0x3fceb2c0 0x403ccaa0:0x3fceb340 0x403ccedd:0x3fceb380 0x403c8991:0x3fceb4b0 0x40045c01:0x3fceb570 0x40043ab6:0x3fceb6f0 0x40034c45:0x3fceb710
--- 0x40375c91: panic_abort at /Users/richardhine/.espressif/v5.4.4/esp-idf/components/esp_system/panic.c:477
--- 0x4037a9cd: esp_system_abort at /Users/richardhine/.espressif/v5.4.4/esp-idf/components/esp_system/port/esp_system_chip.c:87
--- 0x403807c1: __assert_func at /Users/richardhine/.espressif/v5.4.4/esp-idf/components/newlib/assert.c:80
--- 0x420097f6: s_psram_chip_init at /Users/richardhine/.espressif/v5.4.4/esp-idf/components/esp_psram/esp_psram.c:188(inlined by) esp_psram_init at /Users/richardhine/.espressif/v5.4.4/esp-idf/components/esp_psram/esp_psram.c:385
--- 0x4037546e: call_start_cpu0 at /Users/richardhine/.espressif/v5.4.4/esp-idf/components/esp_system/port/cpu_start.c:585
--- 0x40045c01: ets_run_flash_bootloader in ROM
--- 0x40043ab6: main in ROM
--- 0x40034c45: .stack_ok in ROM




ELF file SHA256: 

Rebooting...
ESP-ROM:esp32s3-20210327
Build:Mar 27 2021
rst:0xc (RTC_SW_CPU_RST),boot:0x4 (SPI_FLASH_BOOT)
SPIWP:0xee
mode:DIO, clock div:1
load:0x3fce2810,len:0x1564
load:0x403c8700,len:0x4
load:0x403c8704,len:0xd24
load:0x403cb700,len:0x2ed4
entry 0x403c8928
[0;32mI (6644) boot: ESP-IDF v5.4.4 2nd stage bootloader[0m
[0;32mI (6644) boot: compile time Sep 15 2026 15:17:18[0m
[0;32mI (6644) boot: Multicore bootloader[0m
[0;32mI (6646) boot: chip revision: v0.3[0m
[0;32mI (6646) boot: efuse block revision: v0.0[0m
[0;32mI (6647) boot.esp32s3: Boot SPI Speed : 80MHz[0m
[0;32mI (6647) boot.esp32s3: SPI Mode       : SLOW READ[0m
[0;32mI (6647) boot.esp32s3: SPI Flash Size : 16MB[0m
[0;32mI (6648) boot: Enabling RNG early entropy source...[0m
[0;32mI (6651) boot: Partition Table:[0m
[0;32mI (6651) boot: ## Label            Usage          Type ST Offset   Length[0m
[0;32mI (6652) boot:  0 nvs              WiFi data        01 02 00009000 00006000[0m
[0;32mI (6652) boot:  1 phy_init         RF data          01 01 0000f000 00001000[0m
[0;32mI (6652) boot:  2 factory          factory app      00 00 00010000 00100000[0m
[0;32mI (6653) boot: End of partition table[0m
[0;32mI (6653) esp_image: segment 0: paddr=00010020 vaddr=3c020020 size=0a9e4h ( 43492) map[0m
[0;32mI (6657) esp_image: segment 1: paddr=0001aa0c vaddr=3fc92600 size=02f4ch ( 12108) load[0m
[0;32mI (6658) esp_image: segment 2: paddr=0001d960 vaddr=40374000 size=026b8h (  9912) load[0m
[0;32mI (6660) esp_image: segment 3: paddr=00020020 vaddr=42000020 size=185d8h ( 99800) map[0m
[0;32mI (6670) esp_image: segment 4: paddr=00038600 vaddr=403766b8 size=0bf1ch ( 48924) load[0m
[0;32mI (6677) esp_image: segment 5: paddr=00044524 vaddr=50000000 size=0001ch (    28) load[0m
[0;32mI (6678) boot: Loaded app from partition at offset 0x10000[0m
[0;32mI (6679) boot: Disabling RNG early entropy source...[0m

assert failed: 0x420097f6 <cached disabled>:188 (<cached disabled>)
--- 0x420097f6: s_psram_chip_init at /Users/richardhine/.espressif/v5.4.4/esp-idf/components/esp_psram/esp_psram.c:188(inlined by) esp_psram_init at /Users/richardhine/.espressif/v5.4.4/esp-idf/components/esp_psram/esp_psram.c:385


Backtrace: 0x40375c91:0x3fceb130 0x4037a9cd:0x3fceb150 0x403807c1:0x3fceb170 0x420097f6:0x3fceb290 0x4037546e:0x3fceb2c0 0x403ccaa0:0x3fceb340 0x403ccedd:0x3fceb380 0x403c8991:0x3fceb4b0 0x40045c01:0x3fceb570 0x40043ab6:0x3fceb6f0 0x40034c45:0x3fceb710
--- 0x40375c91: panic_abort at /Users/richardhine/.espressif/v5.4.4/esp-idf/components/esp_system/panic.c:477
--- 0x4037a9cd: esp_system_abort at /Users/richardhine/.espressif/v5.4.4/esp-idf/components/esp_system/port/esp_system_chip.c:87
--- 0x403807c1: __assert_func at /Users/richardhine/.espressif/v5.4.4/esp-idf/components/newlib/assert.c:80
--- 0x420097f6: s_psram_chip_init at /Users/richardhine/.espressif/v5.4.4/esp-idf/components/esp_psram/esp_psram.c:188(inlined by) esp_psram_init at /Users/richardhine/.espressif/v5.4.4/esp-idf/components/esp_psram/esp_psram.c:385
--- 0x4037546e: call_start_cpu0 at /Users/richardhine/.espressif/v5.4.4/esp-idf/components/esp_system/port/cpu_start.c:585
--- 0x40045c01: ets_run_flash_bootloader in ROM
--- 0x40043ab6: main in ROM
--- 0x40034c45: .stack_ok in ROM




ELF file SHA256: 

Rebooting...
ESP-ROM:esp32s3-20210327
Build:Mar 27 2021
rst:0xc (RTC_SW_CPU_RST),boot:0x4 (SPI_FLASH_BOOT)
SPIWP:0xee
mode:DIO, clock div:1
load:0x3fce2810,len:0x1564
load:0x403c8700,len:0x4
load:0x403c8704,len:0xd24
load:0x403cb700,len:0x2ed4
entry 0x403c8928
[0;32mI (6758) boot: ESP-IDF v5.4.4 2nd stage bootloader[0m
[0;32mI (6759) boot: compile time Sep 15 2026 15:17:18[0m
[0;32mI (6759) boot: Multicore bootloader[0m
[0;32mI (6761) boot: chip revision: v0.3[0m
[0;32mI (6761) boot: efuse block revision: v0.0[0m
[0;32mI (6762) boot.esp32s3: Boot SPI Speed : 80MHz[0m
[0;32mI (6762) boot.esp32s3: SPI Mode       : SLOW READ[0m
[0;32mI (6762) boot.esp32s3: SPI Flash Size : 16MB[0m
[0;32mI (6763) boot: Enabling RNG early entropy source...[0m
[0;32mI (6766) boot: Partition Table:[0m
[0;32mI (6766) boot: ## Label            Usage          Type ST Offset   Length[0m
[0;32mI (6767) boot:  0 nvs              WiFi data        01 02 00009000 00006000[0m
[0;32mI (6767) boot:  1 phy_init         RF data          01 01 0000f000 00001000[0m
[0;32mI (6767) boot:  2 factory          factory app      00 00 00010000 00100000[0m
[0;32mI (6768) boot: End of partition table[0m
[0;32mI (6768) esp_image: segment 0: paddr=00010020 vaddr=3c020020 size=0a9e4h ( 43492) map[0m
[0;32mI (6772) esp_image: segment 1: paddr=0001aa0c vaddr=3fc92600 size=02f4ch ( 12108) load[0m
[0;32mI (6774) esp_image: segment 2: paddr=0001d960 vaddr=40374000 size=026b8h (  9912) load[0m
[0;32mI (6776) esp_image: segment 3: paddr=00020020 vaddr=42000020 size=185d8h ( 99800) map[0m
[0;32mI (6788) esp_image: segment 4: paddr=00038600 vaddr=403766b8 size=0bf1ch ( 48924) load[0m
[0;32mI (6795) esp_image: segment 5: paddr=00044524 vaddr=50000000 size=0001ch (    28) load[0m
[0;32mI (6796) boot: Loaded app from partition at offset 0x10000[0m
[0;32mI (6797) boot: Disabling RNG early entropy source...[0m

assert failed: 0x420097f6 <cached disabled>:188 (<cached disabled>)
--- 0x420097f6: s_psram_chip_init at /Users/richardhine/.espressif/v5.4.4/esp-idf/components/esp_psram/esp_psram.c:188(inlined by) esp_psram_init at /Users/richardhine/.espressif/v5.4.4/esp-idf/components/esp_psram/esp_psram.c:385


Backtrace: 0x40375c91:0x3fceb130 0x4037a9cd:0x3fceb150 0x403807c1:0x3fceb170 0x420097f6:0x3fceb290 0x4037546e:0x3fceb2c0 0x403ccaa0:0x3fceb340 0x403ccedd:0x3fceb380 0x403c8991:0x3fceb4b0 0x40045c01:0x3fceb570 0x40043ab6:0x3fceb6f0 0x40034c45:0x3fceb710
--- 0x40375c91: panic_abort at /Users/richardhine/.espressif/v5.4.4/esp-idf/components/esp_system/panic.c:477
--- 0x4037a9cd: esp_system_abort at /Users/richardhine/.espressif/v5.4.4/esp-idf/components/esp_system/port/esp_system_chip.c:87
--- 0x403807c1: __assert_func at /Users/richardhine/.espressif/v5.4.4/esp-idf/components/newlib/assert.c:80
--- 0x420097f6: s_psram_chip_init at /Users/richardhine/.espressif/v5.4.4/esp-idf/components/esp_psram/esp_psram.c:188(inlined by) esp_psram_init at /Users/richardhine/.espressif/v5.4.4/esp-idf/components/esp_psram/esp_psram.c:385
--- 0x4037546e: call_start_cpu0 at /Users/richardhine/.espressif/v5.4.4/esp-idf/components/esp_system/port/cpu_start.c:585
--- 0x40045c01: ets_run_flash_bootloader in ROM
--- 0x40043ab6: main in ROM
--- 0x40034c45: .stack_ok in ROM




ELF file SHA256: 

Rebooting...
ESP-ROM:esp32s3-20210327
Build:Mar 27 2021
rst:0xc (RTC_SW_CPU_RST),boot:0x4 (SPI_FLASH_BOOT)
SPIWP:0xee
mode:DIO, clock div:1
load:0x3fce2810,len:0x1564
load:0x403c8700,len:0x4
load:0x403c8704,len:0xd24
load:0x403cb700,len:0x2ed4
entry 0x403c8928
[0;32mI (6875) boot: ESP-IDF v5.4.4 2nd stage bootloader[0m
[0;32mI (6875) boot: compile time Sep 15 2026 15:17:18[0m
[0;32mI (6875) boot: Multicore bootloader[0m
[0;32mI (6877) boot: chip revision: v0.3[0m
[0;32mI (6878) boot: efuse block revision: v0.0[0m
[0;32mI (6878) boot.esp32s3: Boot SPI Speed : 80MHz[0m
[0;32mI (6878) boot.esp32s3: SPI Mode       : SLOW READ[0m
[0;32mI (6879) boot.esp32s3: SPI Flash Size : 16MB[0m
[0;32mI (6880) boot: Enabling RNG early entropy source...[0m
[0;32mI (6883) boot: Partition Table:[0m
[0;32mI (6883) boot: ## Label            Usage          Type ST Offset   Length[0m
[0;32mI (6883) boot:  0 nvs              WiFi data        01 02 00009000 00006000[0m
[0;32mI (6884) boot:  1 phy_init         RF data          01 01 0000f000 00001000[0m
[0;32mI (6884) boot:  2 factory          factory app      00 00 00010000 00100000[0m
[0;32mI (6884) boot: End of partition table[0m
[0;32mI (6885) esp_image: segment 0: paddr=00010020 vaddr=3c020020 size=0a9e4h ( 43492) map[0m
[0;32mI (6889) esp_image: segment 1: paddr=0001aa0c vaddr=3fc92600 size=02f4ch ( 12108) load[0m
[0;32mI (6891) esp_image: segment 2: paddr=0001d960 vaddr=40374000 size=026b8h (  9912) load[0m
[0;32mI (6893) esp_image: segment 3: paddr=00020020 vaddr=42000020 size=185d8h ( 99800) map[0m
[0;32mI (6901) esp_image: segment 4: paddr=00038600 vaddr=403766b8 size=0bf1ch ( 48924) load[0m
[0;32mI (6909) esp_image: segment 5: paddr=00044524 vaddr=50000000 size=0001ch (    28) load[0m
[0;32mI (6910) boot: Loaded app from partition at offset 0x10000[0m
[0;32mI (6910) boot: Disabling RNG early entropy source...[0m

assert failed: 0x420097f6 <cached disabled>:188 (<cached disabled>)
--- 0x420097f6: s_psram_chip_init at /Users/richardhine/.espressif/v5.4.4/esp-idf/components/esp_psram/esp_psram.c:188(inlined by) esp_psram_init at /Users/richardhine/.espressif/v5.4.4/esp-idf/components/esp_psram/esp_psram.c:385


Backtrace: 0x40375c91:0x3fceb130 0x4037a9cd:0x3fceb150 0x403807c1:0x3fceb170 0x420097f6:0x3fceb290 0x4037546e:0x3fceb2c0 0x403ccaa0:0x3fceb340 0x403ccedd:0x3fceb380 0x403c8991:0x3fceb4b0 0x40045c01:0x3fceb570 0x40043ab6:0x3fceb6f0 0x40034c45:0x3fceb710
--- 0x40375c91: panic_abort at /Users/richardhine/.espressif/v5.4.4/esp-idf/components/esp_system/panic.c:477
--- 0x4037a9cd: esp_system_abort at /Users/richardhine/.espressif/v5.4.4/esp-idf/components/esp_system/port/esp_system_chip.c:87
--- 0x403807c1: __assert_func at /Users/richardhine/.espressif/v5.4.4/esp-idf/components/newlib/assert.c:80
--- 0x420097f6: s_psram_chip_init at /Users/richardhine/.espressif/v5.4.4/esp-idf/components/esp_psram/esp_psram.c:188(inlined by) esp_psram_init at /Users/richardhine/.espressif/v5.4.4/esp-idf/components/esp_psram/esp_psram.c:385
--- 0x4037546e: call_start_cpu0 at /Users/richardhine/.espressif/v5.4.4/esp-idf/components/esp_system/port/cpu_start.c:585
--- 0x40045c01: ets_run_flash_bootloader in ROM
--- 0x40043ab6: main in ROM
--- 0x40034c45: .stack_ok in ROM




ELF file SHA256: 

Rebooting...
ESP-ROM:esp32s3-20210327
Build:Mar 27 2021
rst:0xc (RTC_SW_CPU_RST),boot:0x4 (SPI_FLASH_BOOT)
SPIWP:0xee
mode:DIO, clock div:1
load:0x3fce2810,len:0x1564
load:0x403c8700,len:0x4
load:0x403c8704,len:0xd24
load:0x403cb700,len:0x2ed4
entry 0x403c8928
[0;32mI (6988) boot: ESP-IDF v5.4.4 2nd stage bootloader[0m
[0;32mI (6988) boot: compile time Sep 15 2026 15:17:18[0m
[0;32mI (6988) boot: Multicore bootloader[0m
[0;32mI (6990) boot: chip revision: v0.3[0m
[0;32mI (6990) boot: efuse block revision: v0.0[0m
[0;32mI (6991) boot.esp32s3: Boot SPI Speed : 80MHz[0m
[0;32mI (6991) boot.esp32s3: SPI Mode       : SLOW READ[0m
[0;32mI (6991) boot.esp32s3: SPI Flash Size : 16MB[0m
[0;32mI (6992) boot: Enabling RNG early entropy source...[0m
[0;32mI (6995) boot: Partition Table:[0m
[0;32mI (6995) boot: ## Label            Usage          Type ST Offset   Length[0m
[0;32mI (6996) boot:  0 nvs              WiFi data        01 02 00009000 00006000[0m
[0;32mI (6996) boot:  1 phy_init         RF data          01 01 0000f000 00001000[0m
[0;32mI (6996) boot:  2 factory          factory app      00 00 00010000 00100000[0m
[0;32mI (6996) boot: End of partition table[0m
[0;32mI (6997) esp_image: segment 0: paddr=00010020 vaddr=3c020020 size=0a9e4h ( 43492) map[0m
[0;32mI (7001) esp_image: segment 1: paddr=0001aa0c vaddr=3fc92600 size=02f4ch ( 12108) load[0m
[0;32mI (7002) esp_image: segment 2: paddr=0001d960 vaddr=40374000 size=026b8h (  9912) load[0m
[0;32mI (7004) esp_image: segment 3: paddr=00020020 vaddr=42000020 size=185d8h ( 99800) map[0m
[0;32mI (7012) esp_image: segment 4: paddr=00038600 vaddr=403766b8 size=0bf1ch ( 48924) load[0m
[0;32mI (7019) esp_image: segment 5: paddr=00044524 vaddr=50000000 size=0001ch (    28) load[0m
[0;32mI (7020) boot: Loaded app from partition at offset 0x10000[0m
[0;32mI (7020) boot: Disabling RNG early entropy source...[0m

assert failed: 0x420097f6 <cached disabled>:188 (<cached disabled>)
--- 0x420097f6: s_psram_chip_init at /Users/richardhine/.espressif/v5.4.4/esp-idf/components/esp_psram/esp_psram.c:188(inlined by) esp_psram_init at /Users/richardhine/.espressif/v5.4.4/esp-idf/components/esp_psram/esp_psram.c:385


Backtrace: 0x40375c91:0x3fceb130 0x4037a9cd:0x3fceb150 0x403807c1:0x3fceb170 0x420097f6:0x3fceb290 0x4037546e:0x3fceb2c0 0x403ccaa0:0x3fceb340 0x403ccedd:0x3fceb380 0x403c8991:0x3fceb4b0 0x40045c01:0x3fceb570 0x40043ab6:0x3fceb6f0 0x40034c45:0x3fceb710
--- 0x40375c91: panic_abort at /Users/richardhine/.espressif/v5.4.4/esp-idf/components/esp_system/panic.c:477
--- 0x4037a9cd: esp_system_abort at /Users/richardhine/.espressif/v5.4.4/esp-idf/components/esp_system/port/esp_system_chip.c:87
--- 0x403807c1: __assert_func at /Users/richardhine/.espressif/v5.4.4/esp-idf/components/newlib/assert.c:80
--- 0x420097f6: s_psram_chip_init at /Users/richardhine/.espressif/v5.4.4/esp-idf/components/esp_psram/esp_psram.c:188(inlined by) esp_psram_init at /Users/richardhine/.espressif/v5.4.4/esp-idf/components/esp_psram/esp_psram.c:385
--- 0x4037546e: call_start_cpu0 at /Users/richardhine/.espressif/v5.4.4/esp-idf/components/esp_system/port/cpu_start.c:585
--- 0x40045c01: ets_run_flash_bootloader in ROM
--- 0x40043ab6: main in ROM
--- 0x40034c45: .stack_ok in ROM




ELF file SHA256: 

Rebooting...
ESP-ROM:esp32s3-20210327
Build:Mar 27 2021
rst:0xc (RTC_SW_CPU_RST),boot:0x4 (SPI_FLASH_BOOT)
SPIWP:0xee
mode:DIO, clock div:1
load:0x3fce2810,len:0x1564
load:0x403c8700,len:0x4
load:0x403c8704,len:0xd24
load:0x403cb700,len:0x2ed4
entry 0x403c8928
[0;32mI (7097) boot: ESP-IDF v5.4.4 2nd stage bootloader[0m
[0;32mI (7098) boot: compile time Sep 15 2026 15:17:18[0m
[0;32mI (7098) boot: Multicore bootloader[0m
[0;32mI (7100) boot: chip revision: v0.3[0m
[0;32mI (7100) boot: efuse block revision: v0.0[0m
[0;32mI (7101) boot.esp32s3: Boot SPI Speed : 80MHz[0m
[0;32mI (7101) boot.esp32s3: SPI Mode       : SLOW READ[0m
[0;32mI (7101) boot.esp32s3: SPI Flash Size : 16MB[0m
[0;32mI (7102) boot: Enabling RNG early entropy source...[0m
[0;32mI (7105) boot: Partition Table:[0m
[0;32mI (7105) boot: ## Label            Usage          Type ST Offset   Length[0m
[0;32mI (7106) boot:  0 nvs              WiFi data        01 02 00009000 00006000[0m
[0;32mI (7106) boot:  1 phy_init         RF data          01 01 0000f000 00001000[0m
[0;32mI (7106) boot:  2 factory          factory app      00 00 00010000 00100000[0m
[0;32mI (7106) boot: End of partition table[0m
[0;32mI (7107) esp_image: segment 0: paddr=00010020 vaddr=3c020020 size=0a9e4h ( 43492) map[0m
[0;32mI (7111) esp_image: segment 1: paddr=0001aa0c vaddr=3fc92600 size=02f4ch ( 12108) load[0m
[0;32mI (7112) esp_image: segment 2: paddr=0001d960 vaddr=40374000 size=026b8h (  9912) load[0m
[0;32mI (7114) esp_image: segment 3: paddr=00020020 vaddr=42000020 size=185d8h ( 99800) map[0m
[0;32mI (7123) esp_image: segment 4: paddr=00038600 vaddr=403766b8 size=0bf1ch ( 48924) load[0m
[0;32mI (7130) esp_image: segment 5: paddr=00044524 vaddr=50000000 size=0001ch (    28) load[0m
[0;32mI (7131) boot: Loaded app from partition at offset 0x10000[0m
[0;32mI (7132) boot: Disabling RNG early entropy source...[0m

assert failed: 0x420097f6 <cached disabled>:188 (<cached disabled>)
--- 0x420097f6: s_psram_chip_init at /Users/richardhine/.espressif/v5.4.4/esp-idf/components/esp_psram/esp_psram.c:188(inlined by) esp_psram_init at /Users/richardhine/.espressif/v5.4.4/esp-idf/components/esp_psram/esp_psram.c:385


Backtrace: 0x40375c91:0x3fceb130 0x4037a9cd:0x3fceb150 0x403807c1:0x3fceb170 0x420097f6:0x3fceb290 0x4037546e:0x3fceb2c0 0x403ccaa0:0x3fceb340 0x403ccedd:0x3fceb380 0x403c8991:0x3fceb4b0 0x40045c01:0x3fceb570 0x40043ab6:0x3fceb6f0 0x40034c45:0x3fceb710
--- 0x40375c91: panic_abort at /Users/richardhine/.espressif/v5.4.4/esp-idf/components/esp_system/panic.c:477
--- 0x4037a9cd: esp_system_abort at /Users/richardhine/.espressif/v5.4.4/esp-idf/components/esp_system/port/esp_system_chip.c:87
--- 0x403807c1: __assert_func at /Users/richardhine/.espressif/v5.4.4/esp-idf/components/newlib/assert.c:80
--- 0x420097f6: s_psram_chip_init at /Users/richardhine/.espressif/v5.4.4/esp-idf/components/esp_psram/esp_psram.c:188(inlined by) esp_psram_init at /Users/richardhine/.espressif/v5.4.4/esp-idf/components/esp_psram/esp_psram.c:385
--- 0x4037546e: call_start_cpu0 at /Users/richardhine/.espressif/v5.4.4/esp-idf/components/esp_system/port/cpu_start.c:585
--- 0x40045c01: ets_run_flash_bootloader in ROM
--- 0x40043ab6: main in ROM
--- 0x40034c45: .stack_ok in ROM




ELF file SHA256: 

Rebooting...
ESP-ROM:esp32s3-20210327
Build:Mar 27 2021
rst:0xc (RTC_SW_CPU_RST),boot:0x4 (SPI_FLASH_BOOT)
SPIWP:0xee
mode:DIO, clock div:1
load:0x3fce2810,len:0x1564
load:0x403c8700,len:0x4
load:0x403c8704,len:0xd24
load:0x403cb700,len:0x2ed4
entry 0x403c8928
[0;32mI (7209) boot: ESP-IDF v5.4.4 2nd stage bootloader[0m
[0;32mI (7209) boot: compile time Sep 15 2026 15:17:18[0m
[0;32mI (7210) boot: Multicore bootloader[0m
[0;32mI (7212) boot: chip revision: v0.3[0m
[0;32mI (7212) boot: efuse block revision: v0.0[0m
[0;32mI (7213) boot.esp32s3: Boot SPI Speed : 80MHz[0m
[0;32mI (7213) boot.esp32s3: SPI Mode       : SLOW READ[0m
[0;32mI (7213) boot.esp32s3: SPI Flash Size : 16MB[0m
[0;32mI (7214) boot: Enabling RNG early entropy source...[0m
[0;32mI (7217) boot: Partition Table:[0m
[0;32mI (7217) boot: ## Label            Usage          Type ST Offset   Length[0m
[0;32mI (7217) boot:  0 nvs              WiFi data        01 02 00009000 00006000[0m
[0;32mI (7217) boot:  1 phy_init         RF data          01 01 0000f000 00001000[0m
[0;32mI (7218) boot:  2 factory          factory app      00 00 00010000 00100000[0m
[0;32mI (7218) boot: End of partition table[0m
[0;32mI (7218) esp_image: segment 0: paddr=00010020 vaddr=3c020020 size=0a9e4h ( 43492) map[0m
[0;32mI (7222) esp_image: segment 1: paddr=0001aa0c vaddr=3fc92600 size=02f4ch ( 12108) load[0m
[0;32mI (7223) esp_image: segment 2: paddr=0001d960 vaddr=40374000 size=026b8h (  9912) load[0m
[0;32mI (7225) esp_image: segment 3: paddr=00020020 vaddr=42000020 size=185d8h ( 99800) map[0m
[0;32mI (7233) esp_image: segment 4: paddr=00038600 vaddr=403766b8 size=0bf1ch ( 48924) load[0m
[0;32mI (7238) esp_image: segment 5: paddr=00044524 vaddr=50000000 size=0001ch (    28) load[0m
[0;32mI (7239) boot: Loaded app from partition at offset 0x10000[0m
[0;32mI (7239) boot: Disabling RNG early entropy source...[0m

assert failed: 0x420097f6 <cached disabled>:188 (<cached disabled>)
--- 0x420097f6: s_psram_chip_init at /Users/richardhine/.espressif/v5.4.4/esp-idf/components/esp_psram/esp_psram.c:188(inlined by) esp_psram_init at /Users/richardhine/.espressif/v5.4.4/esp-idf/components/esp_psram/esp_psram.c:385


Backtrace: 0x40375c91:0x3fceb130 0x4037a9cd:0x3fceb150 0x403807c1:0x3fceb170 0x420097f6:0x3fceb290 0x4037546e:0x3fceb2c0 0x403ccaa0:0x3fceb340 0x403ccedd:0x3fceb380 0x403c8991:0x3fceb4b0 0x40045c01:0x3fceb570 0x40043ab6:0x3fceb6f0 0x40034c45:0x3fceb710
--- 0x40375c91: panic_abort at /Users/richardhine/.espressif/v5.4.4/esp-idf/components/esp_system/panic.c:477
--- 0x4037a9cd: esp_system_abort at /Users/richardhine/.espressif/v5.4.4/esp-idf/components/esp_system/port/esp_system_chip.c:87
--- 0x403807c1: __assert_func at /Users/richardhine/.espressif/v5.4.4/esp-idf/components/newlib/assert.c:80
--- 0x420097f6: s_psram_chip_init at /Users/richardhine/.espressif/v5.4.4/esp-idf/components/esp_psram/esp_psram.c:188(inlined by) esp_psram_init at /Users/richardhine/.espressif/v5.4.4/esp-idf/components/esp_psram/esp_psram.c:385
--- 0x4037546e: call_start_cpu0 at /Users/richardhine/.espressif/v5.4.4/esp-idf/components/esp_system/port/cpu_start.c:585
--- 0x40045c01: ets_run_flash_bootloader in ROM
--- 0x40043ab6: main in ROM
--- 0x40034c45: .stack_ok in ROM




ELF file SHA256: 

Rebooting...
ESP-ROM:esp32s3-20210327
Build:Mar 27 2021
rst:0xc (RTC_SW_CPU_RST),boot:0x4 (SPI_FLASH_BOOT)
SPIWP:0xee
mode:DIO, clock div:1
load:0x3fce2810,len:0x1564
load:0x403c8700,len:0x4
load:0x403c8704,len:0xd24
load:0x403cb700,len:0x2ed4
entry 0x403c8928
[0;32mI (7316) boot: ESP-IDF v5.4.4 2nd stage bootloader[0m
[0;32mI (7317) boot: compile time Sep 15 2026 15:17:18[0m
[0;32mI (7317) boot: Multicore bootloader[0m
[0;32mI (7319) boot: chip revision: v0.3[0m
[0;32mI (7319) boot: efuse block revision: v0.0[0m
[0;32mI (7320) boot.esp32s3: Boot SPI Speed : 80MHz[0m
[0;32mI (7320) boot.esp32s3: SPI Mode       : SLOW READ[0m
[0;32mI (7320) boot.esp32s3: SPI Flash Size : 16MB[0m
[0;32mI (7321) boot: Enabling RNG early entropy source...[0m
[0;32mI (7324) boot: Partition Table:[0m
[0;32mI (7324) boot: ## Label            Usage          Type ST Offset   Length[0m
[0;32mI (7325) boot:  0 nvs              WiFi data        01 02 00009000 00006000[0m
[0;32mI (7325) boot:  1 phy_init         RF data          01 01 0000f000 00001000[0m
[0;32mI (7325) boot:  2 factory          factory app      00 00 00010000 00100000[0m
[0;32mI (7326) boot: End of partition table[0m
[0;32mI (7326) esp_image: segment 0: paddr=00010020 vaddr=3c020020 size=0a9e4h ( 43492) map[0m
[0;32mI (7330) esp_image: segment 1: paddr=0001aa0c vaddr=3fc92600 size=02f4ch ( 12108) load[0m
[0;32mI (7331) esp_image: segment 2: paddr=0001d960 vaddr=40374000 size=026b8h (  9912) load[0m
[0;32mI (7333) esp_image: segment 3: paddr=00020020 vaddr=42000020 size=185d8h ( 99800) map[0m
[0;32mI (7342) esp_image: segment 4: paddr=00038600 vaddr=403766b8 size=0bf1ch ( 48924) load[0m
[0;32mI (7349) esp_image: segment 5: paddr=00044524 vaddr=50000000 size=0001ch (    28) load[0m
[0;32mI (7350) boot: Loaded app from partition at offset 0x10000[0m
[0;32mI (7350) boot: Disabling RNG early entropy source...[0m

assert failed: 0x420097f6 <cached disabled>:188 (<cached disabled>)
--- 0x420097f6: s_psram_chip_init at /Users/richardhine/.espressif/v5.4.4/esp-idf/components/esp_psram/esp_psram.c:188(inlined by) esp_psram_init at /Users/richardhine/.espressif/v5.4.4/esp-idf/components/esp_psram/esp_psram.c:385


Backtrace: 0x40375c91:0x3fceb130 0x4037a9cd:0x3fceb150 0x403807c1:0x3fceb170 0x420097f6:0x3fceb290 0x4037546e:0x3fceb2c0 0x403ccaa0:0x3fceb340 0x403ccedd:0x3fceb380 0x403c8991:0x3fceb4b0 0x40045c01:0x3fceb570 0x40043ab6:0x3fceb6f0 0x40034c45:0x3fceb710
--- 0x40375c91: panic_abort at /Users/richardhine/.espressif/v5.4.4/esp-idf/components/esp_system/panic.c:477
--- 0x4037a9cd: esp_system_abort at /Users/richardhine/.espressif/v5.4.4/esp-idf/components/esp_system/port/esp_system_chip.c:87
--- 0x403807c1: __assert_func at /Users/richardhine/.espressif/v5.4.4/esp-idf/components/newlib/assert.c:80
--- 0x420097f6: s_psram_chip_init at /Users/richardhine/.espressif/v5.4.4/esp-idf/components/esp_psram/esp_psram.c:188(inlined by) esp_psram_init at /Users/richardhine/.espressif/v5.4.4/esp-idf/components/esp_psram/esp_psram.c:385
--- 0x4037546e: call_start_cpu0 at /Users/richardhine/.espressif/v5.4.4/esp-idf/components/esp_system/port/cpu_start.c:585
--- 0x40045c01: ets_run_flash_bootloader in ROM
--- 0x40043ab6: main in ROM
--- 0x40034c45: .stack_ok in ROM




ELF file SHA256: 

Rebooting...
ESP-ROM:esp32s3-20210327
Build:Mar 27 2021
rst:0xc (RTC_SW_CPU_RST),boot:0x4 (SPI_FLASH_BOOT)
SPIWP:0xee
mode:DIO, clock div:1
load:0x3fce2810,len:0x1564
load:0x403c8700,len:0x4
load:0x403c8704,len:0xd24
load:0x403cb700,len:0x2ed4
entry 0x403c8928
[0;32mI (7426) boot: ESP-IDF v5.4.4 2nd stage bootloader[0m
[0;32mI (7426) boot: compile time Sep 15 2026 15:17:18[0m
[0;32mI (7427) boot: Multicore bootloader[0m
[0;32mI (7429) boot: chip revision: v0.3[0m
[0;32mI (7429) boot: efuse block revision: v0.0[0m
[0;32mI (7430) boot.esp32s3: Boot SPI Speed : 80MHz[0m
[0;32mI (7430) boot.esp32s3: SPI Mode       : SLOW READ[0m
[0;32mI (7430) boot.esp32s3: SPI Flash Size : 16MB[0m
[0;32mI (7431) boot: Enabling RNG early entropy source...[0m
[0;32mI (7434) boot: Partition Table:[0m
[0;32mI (7435) boot: ## Label            Usage          Type ST Offset   Length[0m
[0;32mI (7435) boot:  0 nvs              WiFi data        01 02 00009000 00006000[0m
[0;32mI (7435) boot:  1 phy_init         RF data          01 01 0000f000 00001000[0m
[0;32mI (7435) boot:  2 factory          factory app      00 00 00010000 00100000[0m
[0;32mI (7436) boot: End of partition table[0m
[0;32mI (7436) esp_image: segment 0: paddr=00010020 vaddr=3c020020 size=0a9e4h ( 43492) map[0m
[0;32mI (7440) esp_image: segment 1: paddr=0001aa0c vaddr=3fc92600 size=02f4ch ( 12108) load[0m
[0;32mI (7441) esp_image: segment 2: paddr=0001d960 vaddr=40374000 size=026b8h (  9912) load[0m
[0;32mI (7443) esp_image: segment 3: paddr=00020020 vaddr=42000020 size=185d8h ( 99800) map[0m
[0;32mI (7451) esp_image: segment 4: paddr=00038600 vaddr=403766b8 size=0bf1ch ( 48924) load[0m
[0;32mI (7457) esp_image: segment 5: paddr=00044524 vaddr=50000000 size=0001ch (    28) load[0m
[0;32mI (7457) boot: Loaded app from partition at offset 0x10000[0m
[0;32mI (7458) boot: Disabling RNG early entropy source...[0m

assert failed: 0x420097f6 <cached disabled>:188 (<cached disabled>)
--- 0x420097f6: s_psram_chip_init at /Users/richardhine/.espressif/v5.4.4/esp-idf/components/esp_psram/esp_psram.c:188(inlined by) esp_psram_init at /Users/richardhine/.espressif/v5.4.4/esp-idf/components/esp_psram/esp_psram.c:385


Backtrace: 0x40375c91:0x3fceb130 0x4037a9cd:0x3fceb150 0x403807c1:0x3fceb170 0x420097f6:0x3fceb290 0x4037546e:0x3fceb2c0 0x403ccaa0:0x3fceb340 0x403ccedd:0x3fceb380 0x403c8991:0x3fceb4b0 0x40045c01:0x3fceb570 0x40043ab6:0x3fceb6f0 0x40034c45:0x3fceb710
--- 0x40375c91: panic_abort at /Users/richardhine/.espressif/v5.4.4/esp-idf/components/esp_system/panic.c:477
--- 0x4037a9cd: esp_system_abort at /Users/richardhine/.espressif/v5.4.4/esp-idf/components/esp_system/port/esp_system_chip.c:87
--- 0x403807c1: __assert_func at /Users/richardhine/.espressif/v5.4.4/esp-idf/components/newlib/assert.c:80
--- 0x420097f6: s_psram_chip_init at /Users/richardhine/.espressif/v5.4.4/esp-idf/components/esp_psram/esp_psram.c:188(inlined by) esp_psram_init at /Users/richardhine/.espressif/v5.4.4/esp-idf/components/esp_psram/esp_psram.c:385
--- 0x4037546e: call_start_cpu0 at /Users/richardhine/.espressif/v5.4.4/esp-idf/components/esp_system/port/cpu_start.c:585
--- 0x40045c01: ets_run_flash_bootloader in ROM
--- 0x40043ab6: main in ROM
--- 0x40034c45: .stack_ok in ROM




ELF file SHA256: 

Rebooting...
ESP-ROM:esp32s3-20210327
Build:Mar 27 2021
rst:0xc (RTC_SW_CPU_RST),boot:0x4 (SPI_FLASH_BOOT)
SPIWP:0xee
mode:DIO, clock div:1
load:0x3fce2810,len:0x1564
load:0x403c8700,len:0x4
load:0x403c8704,len:0xd24
load:0x403cb700,len:0x2ed4
entry 0x403c8928
[0;32mI (7536) boot: ESP-IDF v5.4.4 2nd stage bootloader[0m
[0;32mI (7536) boot: compile time Sep 15 2026 15:17:18[0m
[0;32mI (7536) boot: Multicore bootloader[0m
[0;32mI (7538) boot: chip revision: v0.3[0m
[0;32mI (7538) boot: efuse block revision: v0.0[0m
[0;32mI (7539) boot.esp32s3: Boot SPI Speed : 80MHz[0m
[0;32mI (7539) boot.esp32s3: SPI Mode       : SLOW READ[0m
[0;32mI (7539) boot.esp32s3: SPI Flash Size : 16MB[0m
[0;32mI (7540) boot: Enabling RNG early entropy source...[0m
[0;32mI (7543) boot: Partition Table:[0m
[0;32mI (7543) boot: ## Label            Usage          Type ST Offset   Length[0m
[0;32mI (7543) boot:  0 nvs              WiFi data        01 02 00009000 00006000[0m
[0;32mI (7544) boot:  1 phy_init         RF data          01 01 0000f000 00001000[0m
[0;32mI (7544) boot:  2 factory          factory app      00 00 00010000 00100000[0m
[0;32mI (7544) boot: End of partition table[0m
[0;32mI (7545) esp_image: segment 0: paddr=00010020 vaddr=3c020020 size=0a9e4h ( 43492) map[0m
[0;32mI (7549) esp_image: segment 1: paddr=0001aa0c vaddr=3fc92600 size=02f4ch ( 12108) load[0m
[0;32mI (7550) esp_image: segment 2: paddr=0001d960 vaddr=40374000 size=026b8h (  9912) load[0m
[0;32mI (7552) esp_image: segment 3: paddr=00020020 vaddr=42000020 size=185d8h ( 99800) map[0m
[0;32mI (7563) esp_image: segment 4: paddr=00038600 vaddr=403766b8 size=0bf1ch ( 48924) load[0m
[0;32mI (7571) esp_image: segment 5: paddr=00044524 vaddr=50000000 size=0001ch (    28) load[0m
[0;32mI (7572) boot: Loaded app from partition at offset 0x10000[0m
[0;32mI (7572) boot: Disabling RNG early entropy source...[0m

assert failed: 0x420097f6 <cached disabled>:188 (<cached disabled>)
--- 0x420097f6: s_psram_chip_init at /Users/richardhine/.espressif/v5.4.4/esp-idf/components/esp_psram/esp_psram.c:188(inlined by) esp_psram_init at /Users/richardhine/.espressif/v5.4.4/esp-idf/components/esp_psram/esp_psram.c:385


Backtrace: 0x40375c91:0x3fceb130 0x4037a9cd:0x3fceb150 0x403807c1:0x3fceb170 0x420097f6:0x3fceb290 0x4037546e:0x3fceb2c0 0x403ccaa0:0x3fceb340 0x403ccedd:0x3fceb380 0x403c8991:0x3fceb4b0 0x40045c01:0x3fceb570 0x40043ab6:0x3fceb6f0 0x40034c45:0x3fceb710
--- 0x40375c91: panic_abort at /Users/richardhine/.espressif/v5.4.4/esp-idf/components/esp_system/panic.c:477
--- 0x4037a9cd: esp_system_abort at /Users/richardhine/.espressif/v5.4.4/esp-idf/components/esp_system/port/esp_system_chip.c:87
--- 0x403807c1: __assert_func at /Users/richardhine/.espressif/v5.4.4/esp-idf/components/newlib/assert.c:80
--- 0x420097f6: s_psram_chip_init at /Users/richardhine/.espressif/v5.4.4/esp-idf/components/esp_psram/esp_psram.c:188(inlined by) esp_psram_init at /Users/richardhine/.espressif/v5.4.4/esp-idf/components/esp_psram/esp_psram.c:385
--- 0x4037546e: call_start_cpu0 at /Users/richardhine/.espressif/v5.4.4/esp-idf/components/esp_system/port/cpu_start.c:585
--- 0x40045c01: ets_run_flash_bootloader in ROM
--- 0x40043ab6: main in ROM
--- 0x40034c45: .stack_ok in ROM




ELF file SHA256: 

Rebooting...
ESP-ROM:esp32s3-20210327
Build:Mar 27 2021
rst:0xc (RTC_SW_CPU_RST),boot:0x4 (SPI_FLASH_BOOT)
SPIWP:0xee
mode:DIO, clock div:1
load:0x3fce2810,len:0x1564
load:0x403c8700,len:0x4
load:0x403c8704,len:0xd24
load:0x403cb700,len:0x2ed4
entry 0x403c8928
[0;32mI (7649) boot: ESP-IDF v5.4.4 2nd stage bootloader[0m
[0;32mI (7649) boot: compile time Sep 15 2026 15:17:18[0m
[0;32mI (7649) boot: Multicore bootloader[0m
[0;32mI (7651) boot: chip revision: v0.3[0m
[0;32mI (7651) boot: efuse block revision: v0.0[0m
[0;32mI (7652) boot.esp32s3: Boot SPI Speed : 80MHz[0m
[0;32mI (7652) boot.esp32s3: SPI Mode       : SLOW READ[0m
[0;32mI (7652) boot.esp32s3: SPI Flash Size : 16MB[0m
[0;32mI (7653) boot: Enabling RNG early entropy source...[0m
[0;32mI (7656) boot: Partition Table:[0m
[0;32mI (7656) boot: ## Label            Usage          Type ST Offset   Length[0m
[0;32mI (7656) boot:  0 nvs              WiFi data        01 02 00009000 00006000[0m
[0;32mI (7656) boot:  1 phy_init         RF data          01 01 0000f000 00001000[0m
[0;32mI (7657) boot:  2 factory          factory app      00 00 00010000 00100000[0m
[0;32mI (7657) boot: End of partition table[0m
[0;32mI (7657) esp_image: segment 0: paddr=00010020 vaddr=3c020020 size=0a9e4h ( 43492) map[0m
[0;32mI (7662) esp_image: segment 1: paddr=0001aa0c vaddr=3fc92600 size=02f4ch ( 12108) load[0m
[0;32mI (7663) esp_image: segment 2: paddr=0001d960 vaddr=40374000 size=026b8h (  9912) load[0m
[0;32mI (7665) esp_image: segment 3: paddr=00020020 vaddr=42000020 size=185d8h ( 99800) map[0m
[0;32mI (7674) esp_image: segment 4: paddr=00038600 vaddr=403766b8 size=0bf1ch ( 48924) load[0m
[0;32mI (7682) esp_image: segment 5: paddr=00044524 vaddr=50000000 size=0001ch (    28) load[0m
[0;32mI (7683) boot: Loaded app from partition at offset 0x10000[0m
[0;32mI (7684) boot: Disabling RNG early entropy source...[0m

assert failed: 0x420097f6 <cached disabled>:188 (<cached disabled>)
--- 0x420097f6: s_psram_chip_init at /Users/richardhine/.espressif/v5.4.4/esp-idf/components/esp_psram/esp_psram.c:188(inlined by) esp_psram_init at /Users/richardhine/.espressif/v5.4.4/esp-idf/components/esp_psram/esp_psram.c:385


Backtrace: 0x40375c91:0x3fceb130 0x4037a9cd:0x3fceb150 0x403807c1:0x3fceb170 0x420097f6:0x3fceb290 0x4037546e:0x3fceb2c0 0x403ccaa0:0x3fceb340 0x403ccedd:0x3fceb380 0x403c8991:0x3fceb4b0 0x40045c01:0x3fceb570 0x40043ab6:0x3fceb6f0 0x40034c45:0x3fceb710
--- 0x40375c91: panic_abort at /Users/richardhine/.espressif/v5.4.4/esp-idf/components/esp_system/panic.c:477
--- 0x4037a9cd: esp_system_abort at /Users/richardhine/.espressif/v5.4.4/esp-idf/components/esp_system/port/esp_system_chip.c:87
--- 0x403807c1: __assert_func at /Users/richardhine/.espressif/v5.4.4/esp-idf/components/newlib/assert.c:80
--- 0x420097f6: s_psram_chip_init at /Users/richardhine/.espressif/v5.4.4/esp-idf/components/esp_psram/esp_psram.c:188(inlined by) esp_psram_init at /Users/richardhine/.espressif/v5.4.4/esp-idf/components/esp_psram/esp_psram.c:385
--- 0x4037546e: call_start_cpu0 at /Users/richardhine/.espressif/v5.4.4/esp-idf/components/esp_system/port/cpu_start.c:585
--- 0x40045c01: ets_run_flash_bootloader in ROM
--- 0x40043ab6: main in ROM
--- 0x40034c45: .stack_ok in ROM




ELF file SHA256: 

Rebooting...
ESP-ROM:esp32s3-20210327
Build:Mar 27 2021
rst:0xc (RTC_SW_CPU_RST),boot:0x4 (SPI_FLASH_BOOT)
SPIWP:0xee
mode:DIO, clock div:1
load:0x3fce2810,len:0x1564
load:0x403c8700,len:0x4
load:0x403c8704,len:0xd24
load:0x403cb700,len:0x2ed4
entry 0x403c8928
[0;32mI (7761) boot: ESP-IDF v5.4.4 2nd stage bootloader[0m
[0;32mI (7761) boot: compile time Sep 15 2026 15:17:18[0m
[0;32mI (7761) boot: Multicore bootloader[0m
[0;32mI (7763) boot: chip revision: v0.3[0m
[0;32mI (7763) boot: efuse block revision: v0.0[0m
[0;32mI (7764) boot.esp32s3: Boot SPI Speed : 80MHz[0m
[0;32mI (7764) boot.esp32s3: SPI Mode       : SLOW READ[0m
[0;32mI (7764) boot.esp32s3: SPI Flash Size : 16MB[0m
[0;32mI (7765) boot: Enabling RNG early entropy source...[0m
[0;32mI (7768) boot: Partition Table:[0m
[0;32mI (7768) boot: ## Label            Usage          Type ST Offset   Length[0m
[0;32mI (7768) boot:  0 nvs              WiFi data        01 02 00009000 00006000[0m
[0;32mI (7769) boot:  1 phy_init         RF data          01 01 0000f000 00001000[0m
[0;32mI (7769) boot:  2 factory          factory app      00 00 00010000 00100000[0m
[0;32mI (7769) boot: End of partition table[0m
[0;32mI (7770) esp_image: segment 0: paddr=00010020 vaddr=3c020020 size=0a9e4h ( 43492) map[0m
[0;32mI (7773) esp_image: segment 1: paddr=0001aa0c vaddr=3fc92600 size=02f4ch ( 12108) load[0m
[0;32mI (7775) esp_image: segment 2: paddr=0001d960 vaddr=40374000 size=026b8h (  9912) load[0m
[0;32mI (7777) esp_image: segment 3: paddr=00020020 vaddr=42000020 size=185d8h ( 99800) map[0m
[0;32mI (7786) esp_image: segment 4: paddr=00038600 vaddr=403766b8 size=0bf1ch ( 48924) load[0m
[0;32mI (7794) esp_image: segment 5: paddr=00044524 vaddr=50000000 size=0001ch (    28) load[0m
[0;32mI (7795) boot: Loaded app from partition at offset 0x10000[0m
[0;32mI (7795) boot: Disabling RNG early entropy source...[0m

assert failed: 0x420097f6 <cached disabled>:188 (<cached disabled>)
--- 0x420097f6: s_psram_chip_init at /Users/richardhine/.espressif/v5.4.4/esp-idf/components/esp_psram/esp_psram.c:188(inlined by) esp_psram_init at /Users/richardhine/.espressif/v5.4.4/esp-idf/components/esp_psram/esp_psram.c:385


Backtrace: 0x40375c91:0x3fceb130 0x4037a9cd:0x3fceb150 0x403807c1:0x3fceb170 0x420097f6:0x3fceb290 0x4037546e:0x3fceb2c0 0x403ccaa0:0x3fceb340 0x403ccedd:0x3fceb380 0x403c8991:0x3fceb4b0 0x40045c01:0x3fceb570 0x40043ab6:0x3fceb6f0 0x40034c45:0x3fceb710
--- 0x40375c91: panic_abort at /Users/richardhine/.espressif/v5.4.4/esp-idf/components/esp_system/panic.c:477
--- 0x4037a9cd: esp_system_abort at /Users/richardhine/.espressif/v5.4.4/esp-idf/components/esp_system/port/esp_system_chip.c:87
--- 0x403807c1: __assert_func at /Users/richardhine/.espressif/v5.4.4/esp-idf/components/newlib/assert.c:80
--- 0x420097f6: s_psram_chip_init at /Users/richardhine/.espressif/v5.4.4/esp-idf/components/esp_psram/esp_psram.c:188(inlined by) esp_psram_init at /Users/richardhine/.espressif/v5.4.4/esp-idf/components/esp_psram/esp_psram.c:385
--- 0x4037546e: call_start_cpu0 at /Users/richardhine/.espressif/v5.4.4/esp-idf/components/esp_system/port/cpu_start.c:585
--- 0x40045c01: ets_run_flash_bootloader in ROM
--- 0x40043ab6: main in ROM
--- 0x40034c45: .stack_ok in ROM




ELF file SHA256: 

Rebooting...
ESP-ROM:esp32s3-20210327
Build:Mar 27 2021
rst:0xc (RTC_SW_CPU_RST),boot:0x4 (SPI_FLASH_BOOT)
SPIWP:0xee
mode:DIO, clock div:1
load:0x3fce2810,len:0x1564
load:0x403c8700,len:0x4
load:0x403c8704,len:0xd24
load:0x403cb700,len:0x2ed4
entry 0x403c8928
[0;32mI (7872) boot: ESP-IDF v5.4.4 2nd stage bootloader[0m
[0;32mI (7872) boot: compile time Sep 15 2026 15:17:18[0m
[0;32mI (7873) boot: Multicore bootloader[0m
[0;32mI (7875) boot: chip revision: v0.3[0m
[0;32mI (7875) boot: efuse block revision: v0.0[0m
[0;32mI (7876) boot.esp32s3: Boot SPI Speed : 80MHz[0m
[0;32mI (7876) boot.esp32s3: SPI Mode       : SLOW READ[0m
[0;32mI (7876) boot.esp32s3: SPI Flash Size : 16MB[0m
[0;32mI (7877) boot: Enabling RNG early entropy source...[0m
[0;32mI (7880) boot: Partition Table:[0m
[0;32mI (7880) boot: ## Label            Usage          Type ST Offset   Length[0m
[0;32mI (7880) boot:  0 nvs              WiFi data        01 02 00009000 00006000[0m
[0;32mI (7880) boot:  1 phy_init         RF data          01 01 0000f000 00001000[0m
[0;32mI (7881) boot:  2 factory          factory app      00 00 00010000 00100000[0m
[0;32mI (7881) boot: End of partition table[0m
[0;32mI (7882) esp_image: segment 0: paddr=00010020 vaddr=3c020020 size=0a9e4h ( 43492) map[0m
[0;32mI (7886) esp_image: segment 1: paddr=0001aa0c vaddr=3fc92600 size=02f4ch ( 12108) load[0m
[0;32mI (7887) esp_image: segment 2: paddr=0001d960 vaddr=40374000 size=026b8h (  9912) load[0m
[0;32mI (7889) esp_image: segment 3: paddr=00020020 vaddr=42000020 size=185d8h ( 99800) map[0m
[0;32mI (7898) esp_image: segment 4: paddr=00038600 vaddr=403766b8 size=0bf1ch ( 48924) load[0m
[0;32mI (7905) esp_image: segment 5: paddr=00044524 vaddr=50000000 size=0001ch (    28) load[0m
[0;32mI (7906) boot: Loaded app from partition at offset 0x10000[0m
[0;32mI (7906) boot: Disabling RNG early entropy source...[0m

assert failed: 0x420097f6 <cached disabled>:188 (<cached disabled>)
--- 0x420097f6: s_psram_chip_init at /Users/richardhine/.espressif/v5.4.4/esp-idf/components/esp_psram/esp_psram.c:188(inlined by) esp_psram_init at /Users/richardhine/.espressif/v5.4.4/esp-idf/components/esp_psram/esp_psram.c:385


Backtrace: 0x40375c91:0x3fceb130 0x4037a9cd:0x3fceb150 0x403807c1:0x3fceb170 0x420097f6:0x3fceb290 0x4037546e:0x3fceb2c0 0x403ccaa0:0x3fceb340 0x403ccedd:0x3fceb380 0x403c8991:0x3fceb4b0 0x40045c01:0x3fceb570 0x40043ab6:0x3fceb6f0 0x40034c45:0x3fceb710
--- 0x40375c91: panic_abort at /Users/richardhine/.espressif/v5.4.4/esp-idf/components/esp_system/panic.c:477
--- 0x4037a9cd: esp_system_abort at /Users/richardhine/.espressif/v5.4.4/esp-idf/components/esp_system/port/esp_system_chip.c:87
--- 0x403807c1: __assert_func at /Users/richardhine/.espressif/v5.4.4/esp-idf/components/newlib/assert.c:80
--- 0x420097f6: s_psram_chip_init at /Users/richardhine/.espressif/v5.4.4/esp-idf/components/esp_psram/esp_psram.c:188(inlined by) esp_psram_init at /Users/richardhine/.espressif/v5.4.4/esp-idf/components/esp_psram/esp_psram.c:385
--- 0x4037546e: call_start_cpu0 at /Users/richardhine/.espressif/v5.4.4/esp-idf/components/esp_system/port/cpu_start.c:585
--- 0x40045c01: ets_run_flash_bootloader in ROM
--- 0x40043ab6: main in ROM
--- 0x40034c45: .stack_ok in ROM




ELF file SHA256: 

Rebooting...
ESP-ROM:esp32s3-20210327
Build:Mar 27 2021
rst:0xc (RTC_SW_CPU_RST),boot:0x4 (SPI_FLASH_BOOT)
SPIWP:0xee
mode:DIO, clock div:1
load:0x3fce2810,len:0x1564
load:0x403c8700,len:0x4
load:0x403c8704,len:0xd24
load:0x403cb700,len:0x2ed4
entry 0x403c8928
[0;32mI (7983) boot: ESP-IDF v5.4.4 2nd stage bootloader[0m
[0;32mI (7984) boot: compile time Sep 15 2026 15:17:18[0m
[0;32mI (7984) boot: Multicore bootloader[0m
[0;32mI (7986) boot: chip revision: v0.3[0m
[0;32mI (7986) boot: efuse block revision: v0.0[0m
[0;32mI (7987) boot.esp32s3: Boot SPI Speed : 80MHz[0m
[0;32mI (7987) boot.esp32s3: SPI Mode       : SLOW READ[0m
[0;32mI (7987) boot.esp32s3: SPI Flash Size : 16MB[0m
[0;32mI (7988) boot: Enabling RNG early entropy source...[0m
[0;32mI (7991) boot: Partition Table:[0m
[0;32mI (7991) boot: ## Label            Usage          Type ST Offset   Length[0m
[0;32mI (7991) boot:  0 nvs              WiFi data        01 02 00009000 00006000[0m
[0;32mI (7992) boot:  1 phy_init         RF data          01 01 0000f000 00001000[0m
[0;32mI (7992) boot:  2 factory          factory app      00 00 00010000 00100000[0m
[0;32mI (7992) boot: End of partition table[0m
[0;32mI (7993) esp_image: segment 0: paddr=00010020 vaddr=3c020020 size=0a9e4h ( 43492) map[0m
[0;32mI (7997) esp_image: segment 1: paddr=0001aa0c vaddr=3fc92600 size=02f4ch ( 12108) load[0m
[0;32mI (7998) esp_image: segment 2: paddr=0001d960 vaddr=40374000 size=026b8h (  9912) load[0m
[0;32mI (8000) esp_image: segment 3: paddr=00020020 vaddr=42000020 size=185d8h ( 99800) map[0m
[0;32mI (8008) esp_image: segment 4: paddr=00038600 vaddr=403766b8 size=0bf1ch ( 48924) load[0m
[0;32mI (8015) esp_image: segment 5: paddr=00044524 vaddr=50000000 size=0001ch (    28) load[0m
[0;32mI (8016) boot: Loaded app from partition at offset 0x10000[0m
[0;32mI (8016) boot: Disabling RNG early entropy source...[0m

assert failed: 0x420097f6 <cached disabled>:188 (<cached disabled>)
--- 0x420097f6: s_psram_chip_init at /Users/richardhine/.espressif/v5.4.4/esp-idf/components/esp_psram/esp_psram.c:188(inlined by) esp_psram_init at /Users/richardhine/.espressif/v5.4.4/esp-idf/components/esp_psram/esp_psram.c:385


Backtrace: 0x40375c91:0x3fceb130 0x4037a9cd:0x3fceb150 0x403807c1:0x3fceb170 0x420097f6:0x3fceb290 0x4037546e:0x3fceb2c0 0x403ccaa0:0x3fceb340 0x403ccedd:0x3fceb380 0x403c8991:0x3fceb4b0 0x40045c01:0x3fceb570 0x40043ab6:0x3fceb6f0 0x40034c45:0x3fceb710
--- 0x40375c91: panic_abort at /Users/richardhine/.espressif/v5.4.4/esp-idf/components/esp_system/panic.c:477
--- 0x4037a9cd: esp_system_abort at /Users/richardhine/.espressif/v5.4.4/esp-idf/components/esp_system/port/esp_system_chip.c:87
--- 0x403807c1: __assert_func at /Users/richardhine/.espressif/v5.4.4/esp-idf/components/newlib/assert.c:80
--- 0x420097f6: s_psram_chip_init at /Users/richardhine/.espressif/v5.4.4/esp-idf/components/esp_psram/esp_psram.c:188(inlined by) esp_psram_init at /Users/richardhine/.espressif/v5.4.4/esp-idf/components/esp_psram/esp_psram.c:385
--- 0x4037546e: call_start_cpu0 at /Users/richardhine/.espressif/v5.4.4/esp-idf/components/esp_system/port/cpu_start.c:585
--- 0x40045c01: ets_run_flash_bootloader in ROM
--- 0x40043ab6: main in ROM
--- 0x40034c45: .stack_ok in ROM




ELF file SHA256: 

Rebooting...
ESP-ROM:esp32s3-20210327
Build:Mar 27 2021
rst:0xc (RTC_SW_CPU_RST),boot:0x4 (SPI_FLASH_BOOT)
SPIWP:0xee
mode:DIO, clock div:1
load:0x3fce2810,len:0x1564
load:0x403c8700,len:0x4
load:0x403c8704,len:0xd24
load:0x403cb700,len:0x2ed4
entry 0x403c8928
[0;32mI (8093) boot: ESP-IDF v5.4.4 2nd stage bootloader[0m
[0;32mI (8094) boot: compile time Sep 15 2026 15:17:18[0m
[0;32mI (8094) boot: Multicore bootloader[0m
[0;32mI (8096) boot: chip revision: v0.3[0m
[0;32mI (8096) boot: efuse block revision: v0.0[0m
[0;32mI (8096) boot.esp32s3: Boot SPI Speed : 80MHz[0m
[0;32mI (8096) boot.esp32s3: SPI Mode       : SLOW READ[0m
[0;32mI (8097) boot.esp32s3: SPI Flash Size : 16MB[0m
[0;32mI (8098) boot: Enabling RNG early entropy source...[0m
[0;32mI (8100) boot: Partition Table:[0m
[0;32mI (8100) boot: ## Label            Usage          Type ST Offset   Length[0m
[0;32mI (8101) boot:  0 nvs              WiFi data        01 02 00009000 00006000[0m
[0;32mI (8101) boot:  1 phy_init         RF data          01 01 0000f000 00001000[0m
[0;32mI (8101) boot:  2 factory          factory app      00 00 00010000 00100000[0m
[0;32mI (8102) boot: End of partition table[0m
[0;32mI (8102) esp_image: segment 0: paddr=00010020 vaddr=3c020020 size=0a9e4h ( 43492) map[0m
[0;32mI (8106) esp_image: segment 1: paddr=0001aa0c vaddr=3fc92600 size=02f4ch ( 12108) load[0m
[0;32mI (8107) esp_image: segment 2: paddr=0001d960 vaddr=40374000 size=026b8h (  9912) load[0m
[0;32mI (8109) esp_image: segment 3: paddr=00020020 vaddr=42000020 size=185d8h ( 99800) map[0m
[0;32mI (8117) esp_image: segment 4: paddr=00038600 vaddr=403766b8 size=0bf1ch ( 48924) load[0m
[0;32mI (8124) esp_image: segment 5: paddr=00044524 vaddr=50000000 size=0001ch (    28) load[0m
[0;32mI (8125) boot: Loaded app from partition at offset 0x10000[0m
[0;32mI (8126) boot: Disabling RNG early entropy source...[0m

assert failed: 0x420097f6 <cached disabled>:188 (<cached disabled>)
--- 0x420097f6: s_psram_chip_init at /Users/richardhine/.espressif/v5.4.4/esp-idf/components/esp_psram/esp_psram.c:188(inlined by) esp_psram_init at /Users/richardhine/.espressif/v5.4.4/esp-idf/components/esp_psram/esp_psram.c:385


Backtrace: 0x40375c91:0x3fceb130 0x4037a9cd:0x3fceb150 0x403807c1:0x3fceb170 0x420097f6:0x3fceb290 0x4037546e:0x3fceb2c0 0x403ccaa0:0x3fceb340 0x403ccedd:0x3fceb380 0x403c8991:0x3fceb4b0 0x40045c01:0x3fceb570 0x40043ab6:0x3fceb6f0 0x40034c45:0x3fceb710
--- 0x40375c91: panic_abort at /Users/richardhine/.espressif/v5.4.4/esp-idf/components/esp_system/panic.c:477
--- 0x4037a9cd: esp_system_abort at /Users/richardhine/.espressif/v5.4.4/esp-idf/components/esp_system/port/esp_system_chip.c:87
--- 0x403807c1: __assert_func at /Users/richardhine/.espressif/v5.4.4/esp-idf/components/newlib/assert.c:80
--- 0x420097f6: s_psram_chip_init at /Users/richardhine/.espressif/v5.4.4/esp-idf/components/esp_psram/esp_psram.c:188(inlined by) esp_psram_init at /Users/richardhine/.espressif/v5.4.4/esp-idf/components/esp_psram/esp_psram.c:385
--- 0x4037546e: call_start_cpu0 at /Users/richardhine/.espressif/v5.4.4/esp-idf/components/esp_system/port/cpu_start.c:585
--- 0x40045c01: ets_run_flash_bootloader in ROM
--- 0x40043ab6: main in ROM
--- 0x40034c45: .stack_ok in ROM




ELF file SHA256: 

Rebooting...
ESP-ROM:esp32s3-20210327
Build:Mar 27 2021
rst:0xc (RTC_SW_CPU_RST),boot:0x4 (SPI_FLASH_BOOT)
SPIWP:0xee
mode:DIO, clock div:1
load:0x3fce2810,len:0x1564
load:0x403c8700,len:0x4
load:0x403c8704,len:0xd24
load:0x403cb700,len:0x2ed4
entry 0x403c8928
[0;32mI (8203) boot: ESP-IDF v5.4.4 2nd stage bootloader[0m
[0;32mI (8203) boot: compile time Sep 15 2026 15:17:18[0m
[0;32mI (8203) boot: Multicore bootloader[0m
[0;32mI (8205) boot: chip revision: v0.3[0m
[0;32mI (8206) boot: efuse block revision: v0.0[0m
[0;32mI (8206) boot.esp32s3: Boot SPI Speed : 80MHz[0m
[0;32mI (8206) boot.esp32s3: SPI Mode       : SLOW READ[0m
[0;32mI (8206) boot.esp32s3: SPI Flash Size : 16MB[0m
[0;32mI (8208) boot: Enabling RNG early entropy source...[0m
[0;32mI (8210) boot: Partition Table:[0m
[0;32mI (8210) boot: ## Label            Usage          Type ST Offset   Length[0m
[0;32mI (8211) boot:  0 nvs              WiFi data        01 02 00009000 00006000[0m
[0;32mI (8211) boot:  1 phy_init         RF data          01 01 0000f000 00001000[0m
[0;32mI (8211) boot:  2 factory          factory app      00 00 00010000 00100000[0m
[0;32mI (8212) boot: End of partition table[0m
[0;32mI (8212) esp_image: segment 0: paddr=00010020 vaddr=3c020020 size=0a9e4h ( 43492) map[0m
[0;32mI (8216) esp_image: segment 1: paddr=0001aa0c vaddr=3fc92600 size=02f4ch ( 12108) load[0m
[0;32mI (8217) esp_image: segment 2: paddr=0001d960 vaddr=40374000 size=026b8h (  9912) load[0m
[0;32mI (8219) esp_image: segment 3: paddr=00020020 vaddr=42000020 size=185d8h ( 99800) map[0m
[0;32mI (8228) esp_image: segment 4: paddr=00038600 vaddr=403766b8 size=0bf1ch ( 48924) load[0m
[0;32mI (8236) esp_image: segment 5: paddr=00044524 vaddr=50000000 size=0001ch (    28) load[0m
[0;32mI (8237) boot: Loaded app from partition at offset 0x10000[0m
[0;32mI (8237) boot: Disabling RNG early entropy source...[0m

assert failed: 0x420097f6 <cached disabled>:188 (<cached disabled>)
--- 0x420097f6: s_psram_chip_init at /Users/richardhine/.espressif/v5.4.4/esp-idf/components/esp_psram/esp_psram.c:188(inlined by) esp_psram_init at /Users/richardhine/.espressif/v5.4.4/esp-idf/components/esp_psram/esp_psram.c:385


Backtrace: 0x40375c91:0x3fceb130 0x4037a9cd:0x3fceb150 0x403807c1:0x3fceb170 0x420097f6:0x3fceb290 0x4037546e:0x3fceb2c0 0x403ccaa0:0x3fceb340 0x403ccedd:0x3fceb380 0x403c8991:0x3fceb4b0 0x40045c01:0x3fceb570 0x40043ab6:0x3fceb6f0 0x40034c45:0x3fceb710
--- 0x40375c91: panic_abort at /Users/richardhine/.espressif/v5.4.4/esp-idf/components/esp_system/panic.c:477
--- 0x4037a9cd: esp_system_abort at /Users/richardhine/.espressif/v5.4.4/esp-idf/components/esp_system/port/esp_system_chip.c:87
--- 0x403807c1: __assert_func at /Users/richardhine/.espressif/v5.4.4/esp-idf/components/newlib/assert.c:80
--- 0x420097f6: s_psram_chip_init at /Users/richardhine/.espressif/v5.4.4/esp-idf/components/esp_psram/esp_psram.c:188(inlined by) esp_psram_init at /Users/richardhine/.espressif/v5.4.4/esp-idf/components/esp_psram/esp_psram.c:385
--- 0x4037546e: call_start_cpu0 at /Users/richardhine/.espressif/v5.4.4/esp-idf/components/esp_system/port/cpu_start.c:585
--- 0x40045c01: ets_run_flash_bootloader in ROM
--- 0x40043ab6: main in ROM
--- 0x40034c45: .stack_ok in ROM




ELF file SHA256: 

Rebooting...
ESP-ROM:esp32s3-20210327
Build:Mar 27 2021
rst:0xc (RTC_SW_CPU_RST),boot:0x4 (SPI_FLASH_BOOT)
SPIWP:0xee
mode:DIO, clock div:1
load:0x3fce2810,len:0x1564
load:0x403c8700,len:0x4
load:0x403c8704,len:0xd24
load:0x403cb700,len:0x2ed4
entry 0x403c8928
[0;32mI (8315) boot: ESP-IDF v5.4.4 2nd stage bootloader[0m
[0;32mI (8315) boot: compile time Sep 15 2026 15:17:18[0m
[0;32mI (8315) boot: Multicore bootloader[0m
[0;32mI (8317) boot: chip revision: v0.3[0m
[0;32mI (8317) boot: efuse block revision: v0.0[0m
[0;32mI (8318) boot.esp32s3: Boot SPI Speed : 80MHz[0m
[0;32mI (8318) boot.esp32s3: SPI Mode       : SLOW READ[0m
[0;32mI (8318) boot.esp32s3: SPI Flash Size : 16MB[0m
[0;32mI (8319) boot: Enabling RNG early entropy source...[0m
[0;32mI (8322) boot: Partition Table:[0m
[0;32mI (8322) boot: ## Label            Usage          Type ST Offset   Length[0m
[0;32mI (8322) boot:  0 nvs              WiFi data        01 02 00009000 00006000[0m
[0;32mI (8323) boot:  1 phy_init         RF data          01 01 0000f000 00001000[0m
[0;32mI (8323) boot:  2 factory          factory app      00 00 00010000 00100000[0m
[0;32mI (8323) boot: End of partition table[0m
[0;32mI (8324) esp_image: segment 0: paddr=00010020 vaddr=3c020020 size=0a9e4h ( 43492) map[0m
[0;32mI (8327) esp_image: segment 1: paddr=0001aa0c vaddr=3fc92600 size=02f4ch ( 12108) load[0m
[0;32mI (8329) esp_image: segment 2: paddr=0001d960 vaddr=40374000 size=026b8h (  9912) load[0m
[0;32mI (8331) esp_image: segment 3: paddr=00020020 vaddr=42000020 size=185d8h ( 99800) map[0m
[0;32mI (8339) esp_image: segment 4: paddr=00038600 vaddr=403766b8 size=0bf1ch ( 48924) load[0m
[0;32mI (8346) esp_image: segment 5: paddr=00044524 vaddr=50000000 size=0001ch (    28) load[0m
[0;32mI (8347) boot: Loaded app from partition at offset 0x10000[0m
[0;32mI (8348) boot: Disabling RNG early entropy source...[0m

assert failed: 0x420097f6 <cached disabled>:188 (<cached disabled>)
--- 0x420097f6: s_psram_chip_init at /Users/richardhine/.espressif/v5.4.4/esp-idf/components/esp_psram/esp_psram.c:188(inlined by) esp_psram_init at /Users/richardhine/.espressif/v5.4.4/esp-idf/components/esp_psram/esp_psram.c:385


Backtrace: 0x40375c91:0x3fceb130 0x4037a9cd:0x3fceb150 0x403807c1:0x3fceb170 0x420097f6:0x3fceb290 0x4037546e:0x3fceb2c0 0x403ccaa0:0x3fceb340 0x403ccedd:0x3fceb380 0x403c8991:0x3fceb4b0 0x40045c01:0x3fceb570 0x40043ab6:0x3fceb6f0 0x40034c45:0x3fceb710
--- 0x40375c91: panic_abort at /Users/richardhine/.espressif/v5.4.4/esp-idf/components/esp_system/panic.c:477
--- 0x4037a9cd: esp_system_abort at /Users/richardhine/.espressif/v5.4.4/esp-idf/components/esp_system/port/esp_system_chip.c:87
--- 0x403807c1: __assert_func at /Users/richardhine/.espressif/v5.4.4/esp-idf/components/newlib/assert.c:80
--- 0x420097f6: s_psram_chip_init at /Users/richardhine/.espressif/v5.4.4/esp-idf/components/esp_psram/esp_psram.c:188(inlined by) esp_psram_init at /Users/richardhine/.espressif/v5.4.4/esp-idf/components/esp_psram/esp_psram.c:385
--- 0x4037546e: call_start_cpu0 at /Users/richardhine/.espressif/v5.4.4/esp-idf/components/esp_system/port/cpu_start.c:585
--- 0x40045c01: ets_run_flash_bootloader in ROM
--- 0x40043ab6: main in ROM
--- 0x40034c45: .stack_ok in ROM




ELF file SHA256: 

Rebooting...
ESP-ROM:esp32s3-20210327
Build:Mar 27 2021
rst:0xc (RTC_SW_CPU_RST),boot:0x4 (SPI_FLASH_BOOT)
SPIWP:0xee
mode:DIO, clock div:1
load:0x3fce2810,len:0x1564
load:0x403c8700,len:0x4
load:0x403c8704,len:0xd24
load:0x403cb700,len:0x2ed4
entry 0x403c8928
[0;32mI (8425) boot: ESP-IDF v5.4.4 2nd stage bootloader[0m
[0;32mI (8426) boot: compile time Sep 15 2026 15:17:18[0m
[0;32mI (8426) boot: Multicore bootloader[0m
[0;32mI (8428) boot: chip revision: v0.3[0m
[0;32mI (8428) boot: efuse block revision: v0.0[0m
[0;32mI (8428) boot.esp32s3: Boot SPI Speed : 80MHz[0m
[0;32mI (8428) boot.esp32s3: SPI Mode       : SLOW READ[0m
[0;32mI (8428) boot.esp32s3: SPI Flash Size : 16MB[0m
[0;32mI (8430) boot: Enabling RNG early entropy source...[0m
[0;32mI (8432) boot: Partition Table:[0m
[0;32mI (8432) boot: ## Label            Usage          Type ST Offset   Length[0m
[0;32mI (8433) boot:  0 nvs              WiFi data        01 02 00009000 00006000[0m
[0;32mI (8433) boot:  1 phy_init         RF data          01 01 0000f000 00001000[0m
[0;32mI (8433) boot:  2 factory          factory app      00 00 00010000 00100000[0m
[0;32mI (8434) boot: End of partition table[0m
[0;32mI (8434) esp_image: segment 0: paddr=00010020 vaddr=3c020020 size=0a9e4h ( 43492) map[0m
[0;32mI (8438) esp_image: segment 1: paddr=0001aa0c vaddr=3fc92600 size=02f4ch ( 12108) load[0m
[0;32mI (8440) esp_image: segment 2: paddr=0001d960 vaddr=40374000 size=026b8h (  9912) load[0m
[0;32mI (8441) esp_image: segment 3: paddr=00020020 vaddr=42000020 size=185d8h ( 99800) map[0m
[0;32mI (8450) esp_image: segment 4: paddr=00038600 vaddr=403766b8 size=0bf1ch ( 48924) load[0m
[0;32mI (8457) esp_image: segment 5: paddr=00044524 vaddr=50000000 size=0001ch (    28) load[0m
[0;32mI (8457) boot: Loaded app from partition at offset 0x10000[0m
[0;32mI (8458) boot: Disabling RNG early entropy source...[0m

assert failed: 0x420097f6 <cached disabled>:188 (<cached disabled>)
--- 0x420097f6: s_psram_chip_init at /Users/richardhine/.espressif/v5.4.4/esp-idf/components/esp_psram/esp_psram.c:188(inlined by) esp_psram_init at /Users/richardhine/.espressif/v5.4.4/esp-idf/components/esp_psram/esp_psram.c:385


Backtrace: 0x40375c91:0x3fceb130 0x4037a9cd:0x3fceb150 0x403807c1:0x3fceb170 0x420097f6:0x3fceb290 0x4037546e:0x3fceb2c0 0x403ccaa0:0x3fceb340 0x403ccedd:0x3fceb380 0x403c8991:0x3fceb4b0 0x40045c01:0x3fceb570 0x40043ab6:0x3fceb6f0 0x40034c45:0x3fceb710
--- 0x40375c91: panic_abort at /Users/richardhine/.espressif/v5.4.4/esp-idf/components/esp_system/panic.c:477
--- 0x4037a9cd: esp_system_abort at /Users/richardhine/.espressif/v5.4.4/esp-idf/components/esp_system/port/esp_system_chip.c:87
--- 0x403807c1: __assert_func at /Users/richardhine/.espressif/v5.4.4/esp-idf/components/newlib/assert.c:80
--- 0x420097f6: s_psram_chip_init at /Users/richardhine/.espressif/v5.4.4/esp-idf/components/esp_psram/esp_psram.c:188(inlined by) esp_psram_init at /Users/richardhine/.espressif/v5.4.4/esp-idf/components/esp_psram/esp_psram.c:385
--- 0x4037546e: call_start_cpu0 at /Users/richardhine/.espressif/v5.4.4/esp-idf/components/esp_system/port/cpu_start.c:585
--- 0x40045c01: ets_run_flash_bootloader in ROM
--- 0x40043ab6: main in ROM
--- 0x40034c45: .stack_ok in ROM




ELF file SHA256: 

Rebooting...
ESP-ROM:esp32s3-20210327
Build:Mar 27 2021
rst:0xc (RTC_SW_CPU_RST),boot:0x4 (SPI_FLASH_BOOT)
SPIWP:0xee
mode:DIO, clock div:1
load:0x3fce2810,len:0x1564
load:0x403c8700,len:0x4
load:0x403c8704,len:0xd24
load:0x403cb700,len:0x2ed4
entry 0x403c8928
[0;32mI (8534) boot: ESP-IDF v5.4.4 2nd stage bootloader[0m
[0;32mI (8534) boot: compile time Sep 15 2026 15:17:18[0m
[0;32mI (8534) boot: Multicore bootloader[0m
[0;32mI (8536) boot: chip revision: v0.3[0m
[0;32mI (8536) boot: efuse block revision: v0.0[0m
[0;32mI (8537) boot.esp32s3: Boot SPI Speed : 80MHz[0m
[0;32mI (8537) boot.esp32s3: SPI Mode       : SLOW READ[0m
[0;32mI (8537) boot.esp32s3: SPI Flash Size : 16MB[0m
[0;32mI (8538) boot: Enabling RNG early entropy source...[0m
[0;32mI (8542) boot: Partition Table:[0m
[0;32mI (8542) boot: ## Label            Usage          Type ST Offset   Length[0m
[0;32mI (8542) boot:  0 nvs              WiFi data        01 02 00009000 00006000[0m
[0;32mI (8542) boot:  1 phy_init         RF data          01 01 0000f000 00001000[0m
[0;32mI (8542) boot:  2 factory          factory app      00 00 00010000 00100000[0m
[0;32mI (8543) boot: End of partition table[0m
[0;32mI (8543) esp_image: segment 0: paddr=00010020 vaddr=3c020020 size=0a9e4h ( 43492) map[0m
[0;32mI (8547) esp_image: segment 1: paddr=0001aa0c vaddr=3fc92600 size=02f4ch ( 12108) load[0m
[0;32mI (8549) esp_image: segment 2: paddr=0001d960 vaddr=40374000 size=026b8h (  9912) load[0m
[0;32mI (8550) esp_image: segment 3: paddr=00020020 vaddr=42000020 size=185d8h ( 99800) map[0m
[0;32mI (8561) esp_image: segment 4: paddr=00038600 vaddr=403766b8 size=0bf1ch ( 48924) load[0m
[0;32mI (8568) esp_image: segment 5: paddr=00044524 vaddr=50000000 size=0001ch (    28) load[0m
[0;32mI (8569) boot: Loaded app from partition at offset 0x10000[0m
[0;32mI (8569) boot: Disabling RNG early entropy source...[0m

assert failed: 0x420097f6 <cached disabled>:188 (<cached disabled>)
--- 0x420097f6: s_psram_chip_init at /Users/richardhine/.espressif/v5.4.4/esp-idf/components/esp_psram/esp_psram.c:188(inlined by) esp_psram_init at /Users/richardhine/.espressif/v5.4.4/esp-idf/components/esp_psram/esp_psram.c:385


Backtrace: 0x40375c91:0x3fceb130 0x4037a9cd:0x3fceb150 0x403807c1:0x3fceb170 0x420097f6:0x3fceb290 0x4037546e:0x3fceb2c0 0x403ccaa0:0x3fceb340 0x403ccedd:0x3fceb380 0x403c8991:0x3fceb4b0 0x40045c01:0x3fceb570 0x40043ab6:0x3fceb6f0 0x40034c45:0x3fceb710
--- 0x40375c91: panic_abort at /Users/richardhine/.espressif/v5.4.4/esp-idf/components/esp_system/panic.c:477
--- 0x4037a9cd: esp_system_abort at /Users/richardhine/.espressif/v5.4.4/esp-idf/components/esp_system/port/esp_system_chip.c:87
--- 0x403807c1: __assert_func at /Users/richardhine/.espressif/v5.4.4/esp-idf/components/newlib/assert.c:80
--- 0x420097f6: s_psram_chip_init at /Users/richardhine/.espressif/v5.4.4/esp-idf/components/esp_psram/esp_psram.c:188(inlined by) esp_psram_init at /Users/richardhine/.espressif/v5.4.4/esp-idf/components/esp_psram/esp_psram.c:385
--- 0x4037546e: call_start_cpu0 at /Users/richardhine/.espressif/v5.4.4/esp-idf/components/esp_system/port/cpu_start.c:585
--- 0x40045c01: ets_run_flash_bootloader in ROM
--- 0x40043ab6: main in ROM
--- 0x40034c45: .stack_ok in ROM




ELF file SHA256: 

Rebooting...
ESP-ROM:esp32s3-20210327
Build:Mar 27 2021
rst:0xc (RTC_SW_CPU_RST),boot:0x4 (SPI_FLASH_BOOT)
SPIWP:0xee
mode:DIO, clock div:1
load:0x3fce2810,len:0x1564
load:0x403c8700,len:0x4
load:0x403c8704,len:0xd24
load:0x403cb700,len:0x2ed4
entry 0x403c8928
[0;32mI (8646) boot: ESP-IDF v5.4.4 2nd stage bootloader[0m
[0;32mI (8646) boot: compile time Sep 15 2026 15:17:18[0m
[0;32mI (8647) boot: Multicore bootloader[0m
[0;32mI (8649) boot: chip revision: v0.3[0m
[0;32mI (8649) boot: efuse block revision: v0.0[0m
[0;32mI (8649) boot.esp32s3: Boot SPI Speed : 80MHz[0m
[0;32mI (8649) boot.esp32s3: SPI Mode       : SLOW READ[0m
[0;32mI (8650) boot.esp32s3: SPI Flash Size : 16MB[0m
[0;32mI (8651) boot: Enabling RNG early entropy source...[0m
[0;32mI (8653) boot: Partition Table:[0m
[0;32mI (8654) boot: ## Label            Usage          Type ST Offset   Length[0m
[0;32mI (8654) boot:  0 nvs              WiFi data        01 02 00009000 00006000[0m
[0;32mI (8654) boot:  1 phy_init         RF data          01 01 0000f000 00001000[0m
[0;32mI (8654) boot:  2 factory          factory app      00 00 00010000 00100000[0m
[0;32mI (8655) boot: End of partition table[0m
[0;32mI (8655) esp_image: segment 0: paddr=00010020 vaddr=3c020020 size=0a9e4h ( 43492) map[0m
[0;32mI (8659) esp_image: segment 1: paddr=0001aa0c vaddr=3fc92600 size=02f4ch ( 12108) load[0m
[0;32mI (8660) esp_image: segment 2: paddr=0001d960 vaddr=40374000 size=026b8h (  9912) load[0m
[0;32mI (8662) esp_image: segment 3: paddr=00020020 vaddr=42000020 size=185d8h ( 99800) map[0m
[0;32mI (8673) esp_image: segment 4: paddr=00038600 vaddr=403766b8 size=0bf1ch ( 48924) load[0m
[0;32mI (8681) esp_image: segment 5: paddr=00044524 vaddr=50000000 size=0001ch (    28) load[0m
[0;32mI (8682) boot: Loaded app from partition at offset 0x10000[0m
[0;32mI (8682) boot: Disabling RNG early entropy source...[0m

assert failed: 0x420097f6 <cached disabled>:188 (<cached disabled>)
--- 0x420097f6: s_psram_chip_init at /Users/richardhine/.espressif/v5.4.4/esp-idf/components/esp_psram/esp_psram.c:188(inlined by) esp_psram_init at /Users/richardhine/.espressif/v5.4.4/esp-idf/components/esp_psram/esp_psram.c:385


Backtrace: 0x40375c91:0x3fceb130 0x4037a9cd:0x3fceb150 0x403807c1:0x3fceb170 0x420097f6:0x3fceb290 0x4037546e:0x3fceb2c0 0x403ccaa0:0x3fceb340 0x403ccedd:0x3fceb380 0x403c8991:0x3fceb4b0 0x40045c01:0x3fceb570 0x40043ab6:0x3fceb6f0 0x40034c45:0x3fceb710
--- 0x40375c91: panic_abort at /Users/richardhine/.espressif/v5.4.4/esp-idf/components/esp_system/panic.c:477
--- 0x4037a9cd: esp_system_abort at /Users/richardhine/.espressif/v5.4.4/esp-idf/components/esp_system/port/esp_system_chip.c:87
--- 0x403807c1: __assert_func at /Users/richardhine/.espressif/v5.4.4/esp-idf/components/newlib/assert.c:80
--- 0x420097f6: s_psram_chip_init at /Users/richardhine/.espressif/v5.4.4/esp-idf/components/esp_psram/esp_psram.c:188(inlined by) esp_psram_init at /Users/richardhine/.espressif/v5.4.4/esp-idf/components/esp_psram/esp_psram.c:385
--- 0x4037546e: call_start_cpu0 at /Users/richardhine/.espressif/v5.4.4/esp-idf/components/esp_system/port/cpu_start.c:585
--- 0x40045c01: ets_run_flash_bootloader in ROM
--- 0x40043ab6: main in ROM
--- 0x40034c45: .stack_ok in ROM




ELF file SHA256: 

Rebooting...
ESP-ROM:esp32s3-20210327
Build:Mar 27 2021
rst:0xc (RTC_SW_CPU_RST),boot:0x4 (SPI_FLASH_BOOT)
SPIWP:0xee
mode:DIO, clock div:1
load:0x3fce2810,len:0x1564
load:0x403c8700,len:0x4
load:0x403c8704,len:0xd24
load:0x403cb700,len:0x2ed4
entry 0x403c8928
[0;32mI (8759) boot: ESP-IDF v5.4.4 2nd stage bootloader[0m
[0;32mI (8759) boot: compile time Sep 15 2026 15:17:18[0m
[0;32mI (8759) boot: Multicore bootloader[0m
[0;32mI (8761) boot: chip revision: v0.3[0m
[0;32mI (8761) boot: efuse block revision: v0.0[0m
[0;32mI (8761) boot.esp32s3: Boot SPI Speed : 80MHz[0m
[0;32mI (8762) boot.esp32s3: SPI Mode       : SLOW READ[0m
[0;32mI (8762) boot.esp32s3: SPI Flash Size : 16MB[0m
[0;32mI (8763) boot: Enabling RNG early entropy source...[0m
[0;32mI (8765) boot: Partition Table:[0m
[0;32mI (8766) boot: ## Label            Usage          Type ST Offset   Length[0m
[0;32mI (8766) boot:  0 nvs              WiFi data        01 02 00009000 00006000[0m
[0;32mI (8766) boot:  1 phy_init         RF data          01 01 0000f000 00001000[0m
[0;32mI (8766) boot:  2 factory          factory app      00 00 00010000 00100000[0m
[0;32mI (8767) boot: End of partition table[0m
[0;32mI (8767) esp_image: segment 0: paddr=00010020 vaddr=3c020020 size=0a9e4h ( 43492) map[0m
[0;32mI (8771) esp_image: segment 1: paddr=0001aa0c vaddr=3fc92600 size=02f4ch ( 12108) load[0m
[0;32mI (8772) esp_image: segment 2: paddr=0001d960 vaddr=40374000 size=026b8h (  9912) load[0m
[0;32mI (8774) esp_image: segment 3: paddr=00020020 vaddr=42000020 size=185d8h ( 99800) map[0m
[0;32mI (8781) esp_image: segment 4: paddr=00038600 vaddr=403766b8 size=0bf1ch ( 48924) load[0m
[0;32mI (8787) esp_image: segment 5: paddr=00044524 vaddr=50000000 size=0001ch (    28) load[0m
[0;32mI (8788) boot: Loaded app from partition at offset 0x10000[0m
[0;32mI (8788) boot: Disabling RNG early entropy source...[0m

assert failed: 0x420097f6 <cached disabled>:188 (<cached disabled>)
--- 0x420097f6: s_psram_chip_init at /Users/richardhine/.espressif/v5.4.4/esp-idf/components/esp_psram/esp_psram.c:188(inlined by) esp_psram_init at /Users/richardhine/.espressif/v5.4.4/esp-idf/components/esp_psram/esp_psram.c:385


Backtrace: 0x40375c91:0x3fceb130 0x4037a9cd:0x3fceb150 0x403807c1:0x3fceb170 0x420097f6:0x3fceb290 0x4037546e:0x3fceb2c0 0x403ccaa0:0x3fceb340 0x403ccedd:0x3fceb380 0x403c8991:0x3fceb4b0 0x40045c01:0x3fceb570 0x40043ab6:0x3fceb6f0 0x40034c45:0x3fceb710
--- 0x40375c91: panic_abort at /Users/richardhine/.espressif/v5.4.4/esp-idf/components/esp_system/panic.c:477
--- 0x4037a9cd: esp_system_abort at /Users/richardhine/.espressif/v5.4.4/esp-idf/components/esp_system/port/esp_system_chip.c:87
--- 0x403807c1: __assert_func at /Users/richardhine/.espressif/v5.4.4/esp-idf/components/newlib/assert.c:80
--- 0x420097f6: s_psram_chip_init at /Users/richardhine/.espressif/v5.4.4/esp-idf/components/esp_psram/esp_psram.c:188(inlined by) esp_psram_init at /Users/richardhine/.espressif/v5.4.4/esp-idf/components/esp_psram/esp_psram.c:385
--- 0x4037546e: call_start_cpu0 at /Users/richardhine/.espressif/v5.4.4/esp-idf/components/esp_system/port/cpu_start.c:585
--- 0x40045c01: ets_run_flash_bootloader in ROM
--- 0x40043ab6: main in ROM
--- 0x40034c45: .stack_ok in ROM




ELF file SHA256: 

Rebooting...
ESP-ROM:esp32s3-20210327
Build:Mar 27 2021
rst:0xc (RTC_SW_CPU_RST),boot:0x4 (SPI_FLASH_BOOT)
SPIWP:0xee
mode:DIO, clock div:1
load:0x3fce2810,len:0x1564
load:0x403c8700,len:0x4
load:0x403c8704,len:0xd24
load:0x403cb700,len:0x2ed4
entry 0x403c8928
[0;32mI (8865) boot: ESP-IDF v5.4.4 2nd stage bootloader[0m
[0;32mI (8865) boot: compile time Sep 15 2026 15:17:18[0m
[0;32mI (8866) boot: Multicore bootloader[0m
[0;32mI (8868) boot: chip revision: v0.3[0m
[0;32mI (8868) boot: efuse block revision: v0.0[0m
[0;32mI (8868) boot.esp32s3: Boot SPI Speed : 80MHz[0m
[0;32mI (8868) boot.esp32s3: SPI Mode       : SLOW READ[0m
[0;32mI (8869) boot.esp32s3: SPI Flash Size : 16MB[0m
[0;32mI (8870) boot: Enabling RNG early entropy source...[0m
[0;32mI (8872) boot: Partition Table:[0m
[0;32mI (8872) boot: ## Label            Usage          Type ST Offset   Length[0m
[0;32mI (8873) boot:  0 nvs              WiFi data        01 02 00009000 00006000[0m
[0;32mI (8873) boot:  1 phy_init         RF data          01 01 0000f000 00001000[0m
[0;32mI (8873) boot:  2 factory          factory app      00 00 00010000 00100000[0m
[0;32mI (8874) boot: End of partition table[0m
[0;32mI (8874) esp_image: segment 0: paddr=00010020 vaddr=3c020020 size=0a9e4h ( 43492) map[0m
[0;32mI (8878) esp_image: segment 1: paddr=0001aa0c vaddr=3fc92600 size=02f4ch ( 12108) load[0m
[0;32mI (8879) esp_image: segment 2: paddr=0001d960 vaddr=40374000 size=026b8h (  9912) load[0m
[0;32mI (8881) esp_image: segment 3: paddr=00020020 vaddr=42000020 size=185d8h ( 99800) map[0m
[0;32mI (8891) esp_image: segment 4: paddr=00038600 vaddr=403766b8 size=0bf1ch ( 48924) load[0m
[0;32mI (8899) esp_image: segment 5: paddr=00044524 vaddr=50000000 size=0001ch (    28) load[0m
[0;32mI (8900) boot: Loaded app from partition at offset 0x10000[0m
[0;32mI (8900) boot: Disabling RNG early entropy source...[0m

assert failed: 0x420097f6 <cached disabled>:188 (<cached disabled>)
--- 0x420097f6: s_psram_chip_init at /Users/richardhine/.espressif/v5.4.4/esp-idf/components/esp_psram/esp_psram.c:188(inlined by) esp_psram_init at /Users/richardhine/.espressif/v5.4.4/esp-idf/components/esp_psram/esp_psram.c:385


Backtrace: 0x40375c91:0x3fceb130 0x4037a9cd:0x3fceb150 0x403807c1:0x3fceb170 0x420097f6:0x3fceb290 0x4037546e:0x3fceb2c0 0x403ccaa0:0x3fceb340 0x403ccedd:0x3fceb380 0x403c8991:0x3fceb4b0 0x40045c01:0x3fceb570 0x40043ab6:0x3fceb6f0 0x40034c45:0x3fceb710
--- 0x40375c91: panic_abort at /Users/richardhine/.espressif/v5.4.4/esp-idf/components/esp_system/panic.c:477
--- 0x4037a9cd: esp_system_abort at /Users/richardhine/.espressif/v5.4.4/esp-idf/components/esp_system/port/esp_system_chip.c:87
--- 0x403807c1: __assert_func at /Users/richardhine/.espressif/v5.4.4/esp-idf/components/newlib/assert.c:80
--- 0x420097f6: s_psram_chip_init at /Users/richardhine/.espressif/v5.4.4/esp-idf/components/esp_psram/esp_psram.c:188(inlined by) esp_psram_init at /Users/richardhine/.espressif/v5.4.4/esp-idf/components/esp_psram/esp_psram.c:385
--- 0x4037546e: call_start_cpu0 at /Users/richardhine/.espressif/v5.4.4/esp-idf/components/esp_system/port/cpu_start.c:585
--- 0x40045c01: ets_run_flash_bootloader in ROM
--- 0x40043ab6: main in ROM
--- 0x40034c45: .stack_ok in ROM




ELF file SHA256: 

Rebooting...
ESP-ROM:esp32s3-20210327
Build:Mar 27 2021
rst:0xc (RTC_SW_CPU_RST),boot:0x4 (SPI_FLASH_BOOT)
SPIWP:0xee
mode:DIO, clock div:1
load:0x3fce2810,len:0x1564
load:0x403c8700,len:0x4
load:0x403c8704,len:0xd24
load:0x403cb700,len:0x2ed4
entry 0x403c8928
[0;32mI (8977) boot: ESP-IDF v5.4.4 2nd stage bootloader[0m
[0;32mI (8978) boot: compile time Sep 15 2026 15:17:18[0m
[0;32mI (8978) boot: Multicore bootloader[0m
[0;32mI (8980) boot: chip revision: v0.3[0m
[0;32mI (8980) boot: efuse block revision: v0.0[0m
[0;32mI (8981) boot.esp32s3: Boot SPI Speed : 80MHz[0m
[0;32mI (8981) boot.esp32s3: SPI Mode       : SLOW READ[0m
[0;32mI (8981) boot.esp32s3: SPI Flash Size : 16MB[0m
[0;32mI (8982) boot: Enabling RNG early entropy source...[0m
[0;32mI (8985) boot: Partition Table:[0m
[0;32mI (8985) boot: ## Label            Usage          Type ST Offset   Length[0m
[0;32mI (8985) boot:  0 nvs              WiFi data        01 02 00009000 00006000[0m
[0;32mI (8985) boot:  1 phy_init         RF data          01 01 0000f000 00001000[0m
[0;32mI (8985) boot:  2 factory          factory app      00 00 00010000 00100000[0m
[0;32mI (8986) boot: End of partition table[0m
[0;32mI (8986) esp_image: segment 0: paddr=00010020 vaddr=3c020020 size=0a9e4h ( 43492) map[0m
[0;32mI (8990) esp_image: segment 1: paddr=0001aa0c vaddr=3fc92600 size=02f4ch ( 12108) load[0m
[0;32mI (8992) esp_image: segment 2: paddr=0001d960 vaddr=40374000 size=026b8h (  9912) load[0m
[0;32mI (8993) esp_image: segment 3: paddr=00020020 vaddr=42000020 size=185d8h ( 99800) map[0m
[0;32mI (9002) esp_image: segment 4: paddr=00038600 vaddr=403766b8 size=0bf1ch ( 48924) load[0m
[0;32mI (9010) esp_image: segment 5: paddr=00044524 vaddr=50000000 size=0001ch (    28) load[0m
[0;32mI (9011) boot: Loaded app from partition at offset 0x10000[0m
[0;32mI (9011) boot: Disabling RNG early entropy source...[0m

assert failed: 0x420097f6 <cached disabled>:188 (<cached disabled>)
--- 0x420097f6: s_psram_chip_init at /Users/richardhine/.espressif/v5.4.4/esp-idf/components/esp_psram/esp_psram.c:188(inlined by) esp_psram_init at /Users/richardhine/.espressif/v5.4.4/esp-idf/components/esp_psram/esp_psram.c:385


Backtrace: 0x40375c91:0x3fceb130 0x4037a9cd:0x3fceb150 0x403807c1:0x3fceb170 0x420097f6:0x3fceb290 0x4037546e:0x3fceb2c0 0x403ccaa0:0x3fceb340 0x403ccedd:0x3fceb380 0x403c8991:0x3fceb4b0 0x40045c01:0x3fceb570 0x40043ab6:0x3fceb6f0 0x40034c45:0x3fceb710
--- 0x40375c91: panic_abort at /Users/richardhine/.espressif/v5.4.4/esp-idf/components/esp_system/panic.c:477
--- 0x4037a9cd: esp_system_abort at /Users/richardhine/.espressif/v5.4.4/esp-idf/components/esp_system/port/esp_system_chip.c:87
--- 0x403807c1: __assert_func at /Users/richardhine/.espressif/v5.4.4/esp-idf/components/newlib/assert.c:80
--- 0x420097f6: s_psram_chip_init at /Users/richardhine/.espressif/v5.4.4/esp-idf/components/esp_psram/esp_psram.c:188(inlined by) esp_psram_init at /Users/richardhine/.espressif/v5.4.4/esp-idf/components/esp_psram/esp_psram.c:385
--- 0x4037546e: call_start_cpu0 at /Users/richardhine/.espressif/v5.4.4/esp-idf/components/esp_system/port/cpu_start.c:585
--- 0x40045c01: ets_run_flash_bootloader in ROM
--- 0x40043ab6: main in ROM
--- 0x40034c45: .stack_ok in ROM




ELF file SHA256: 

Rebooting...
ESP-ROM:esp32s3-20210327
Build:Mar 27 2021
rst:0xc (RTC_SW_CPU_RST),boot:0x4 (SPI_FLASH_BOOT)
SPIWP:0xee
mode:DIO, clock div:1
load:0x3fce2810,len:0x1564
load:0x403c8700,len:0x4
load:0x403c8704,len:0xd24
load:0x403cb700,len:0x2ed4
entry 0x403c8928
[0;32mI (9088) boot: ESP-IDF v5.4.4 2nd stage bootloader[0m
[0;32mI (9088) boot: compile time Sep 15 2026 15:17:18[0m
[0;32mI (9088) boot: Multicore bootloader[0m
[0;32mI (9090) boot: chip revision: v0.3[0m
[0;32mI (9090) boot: efuse block revision: v0.0[0m
[0;32mI (9091) boot.esp32s3: Boot SPI Speed : 80MHz[0m
[0;32mI (9091) boot.esp32s3: SPI Mode       : SLOW READ[0m
[0;32mI (9091) boot.esp32s3: SPI Flash Size : 16MB[0m
[0;32mI (9092) boot: Enabling RNG early entropy source...[0m
[0;32mI (9095) boot: Partition Table:[0m
[0;32mI (9095) boot: ## Label            Usage          Type ST Offset   Length[0m
[0;32mI (9095) boot:  0 nvs              WiFi data        01 02 00009000 00006000[0m
[0;32mI (9096) boot:  1 phy_init         RF data          01 01 0000f000 00001000[0m
[0;32mI (9096) boot:  2 factory          factory app      00 00 00010000 00100000[0m
[0;32mI (9096) boot: End of partition table[0m
[0;32mI (9097) esp_image: segment 0: paddr=00010020 vaddr=3c020020 size=0a9e4h ( 43492) map[0m
[0;32mI (9100) esp_image: segment 1: paddr=0001aa0c vaddr=3fc92600 size=02f4ch ( 12108) load[0m
[0;32mI (9102) esp_image: segment 2: paddr=0001d960 vaddr=40374000 size=026b8h (  9912) load[0m
[0;32mI (9104) esp_image: segment 3: paddr=00020020 vaddr=42000020 size=185d8h ( 99800) map[0m
[0;32mI (9113) esp_image: segment 4: paddr=00038600 vaddr=403766b8 size=0bf1ch ( 48924) load[0m
[0;32mI (9121) esp_image: segment 5: paddr=00044524 vaddr=50000000 size=0001ch (    28) load[0m
[0;32mI (9122) boot: Loaded app from partition at offset 0x10000[0m
[0;32mI (9122) boot: Disabling RNG early entropy source...[0m

assert failed: 0x420097f6 <cached disabled>:188 (<cached disabled>)
--- 0x420097f6: s_psram_chip_init at /Users/richardhine/.espressif/v5.4.4/esp-idf/components/esp_psram/esp_psram.c:188(inlined by) esp_psram_init at /Users/richardhine/.espressif/v5.4.4/esp-idf/components/esp_psram/esp_psram.c:385


Backtrace: 0x40375c91:0x3fceb130 0x4037a9cd:0x3fceb150 0x403807c1:0x3fceb170 0x420097f6:0x3fceb290 0x4037546e:0x3fceb2c0 0x403ccaa0:0x3fceb340 0x403ccedd:0x3fceb380 0x403c8991:0x3fceb4b0 0x40045c01:0x3fceb570 0x40043ab6:0x3fceb6f0 0x40034c45:0x3fceb710
--- 0x40375c91: panic_abort at /Users/richardhine/.espressif/v5.4.4/esp-idf/components/esp_system/panic.c:477
--- 0x4037a9cd: esp_system_abort at /Users/richardhine/.espressif/v5.4.4/esp-idf/components/esp_system/port/esp_system_chip.c:87
--- 0x403807c1: __assert_func at /Users/richardhine/.espressif/v5.4.4/esp-idf/components/newlib/assert.c:80
--- 0x420097f6: s_psram_chip_init at /Users/richardhine/.espressif/v5.4.4/esp-idf/components/esp_psram/esp_psram.c:188(inlined by) esp_psram_init at /Users/richardhine/.espressif/v5.4.4/esp-idf/components/esp_psram/esp_psram.c:385
--- 0x4037546e: call_start_cpu0 at /Users/richardhine/.espressif/v5.4.4/esp-idf/components/esp_system/port/cpu_start.c:585
--- 0x40045c01: ets_run_flash_bootloader in ROM
--- 0x40043ab6: main in ROM
--- 0x40034c45: .stack_ok in ROM




ELF file SHA256: 

Rebooting...
ESP-ROM:esp32s3-20210327
Build:Mar 27 2021
rst:0xc (RTC_SW_CPU_RST),boot:0x4 (SPI_FLASH_BOOT)
SPIWP:0xee
mode:DIO, clock div:1
load:0x3fce2810,len:0x1564
load:0x403c8700,len:0x4
load:0x403c8704,len:0xd24
load:0x403cb700,len:0x2ed4
entry 0x403c8928
[0;32mI (9201) boot: ESP-IDF v5.4.4 2nd stage bootloader[0m
[0;32mI (9201) boot: compile time Sep 15 2026 15:17:18[0m
[0;32mI (9201) boot: Multicore bootloader[0m
[0;32mI (9203) boot: chip revision: v0.3[0m
[0;32mI (9203) boot: efuse block revision: v0.0[0m
[0;32mI (9204) boot.esp32s3: Boot SPI Speed : 80MHz[0m
[0;32mI (9204) boot.esp32s3: SPI Mode       : SLOW READ[0m
[0;32mI (9204) boot.esp32s3: SPI Flash Size : 16MB[0m
[0;32mI (9205) boot: Enabling RNG early entropy source...[0m
[0;32mI (9208) boot: Partition Table:[0m
[0;32mI (9208) boot: ## Label            Usage          Type ST Offset   Length[0m
[0;32mI (9208) boot:  0 nvs              WiFi data        01 02 00009000 00006000[0m
[0;32mI (9209) boot:  1 phy_init         RF data          01 01 0000f000 00001000[0m
[0;32mI (9209) boot:  2 factory          factory app      00 00 00010000 00100000[0m
[0;32mI (9209) boot: End of partition table[0m
[0;32mI (9210) esp_image: segment 0: paddr=00010020 vaddr=3c020020 size=0a9e4h ( 43492) map[0m
[0;32mI (9215) esp_image: segment 1: paddr=0001aa0c vaddr=3fc92600 size=02f4ch ( 12108) load[0m
[0;32mI (9217) esp_image: segment 2: paddr=0001d960 vaddr=40374000 size=026b8h (  9912) load[0m
[0;32mI (9219) esp_image: segment 3: paddr=00020020 vaddr=42000020 size=185d8h ( 99800) map[0m
[0;32mI (9231) esp_image: segment 4: paddr=00038600 vaddr=403766b8 size=0bf1ch ( 48924) load[0m
[0;32mI (9239) esp_image: segment 5: paddr=00044524 vaddr=50000000 size=0001ch (    28) load[0m
[0;32mI (9239) boot: Loaded app from partition at offset 0x10000[0m
[0;32mI (9240) boot: Disabling RNG early entropy source...[0m

assert failed: 0x420097f6 <cached disabled>:188 (<cached disabled>)
--- 0x420097f6: s_psram_chip_init at /Users/richardhine/.espressif/v5.4.4/esp-idf/components/esp_psram/esp_psram.c:188(inlined by) esp_psram_init at /Users/richardhine/.espressif/v5.4.4/esp-idf/components/esp_psram/esp_psram.c:385


Backtrace: 0x40375c91:0x3fceb130 0x4037a9cd:0x3fceb150 0x403807c1:0x3fceb170 0x420097f6:0x3fceb290 0x4037546e:0x3fceb2c0 0x403ccaa0:0x3fceb340 0x403ccedd:0x3fceb380 0x403c8991:0x3fceb4b0 0x40045c01:0x3fceb570 0x40043ab6:0x3fceb6f0 0x40034c45:0x3fceb710
--- 0x40375c91: panic_abort at /Users/richardhine/.espressif/v5.4.4/esp-idf/components/esp_system/panic.c:477
--- 0x4037a9cd: esp_system_abort at /Users/richardhine/.espressif/v5.4.4/esp-idf/components/esp_system/port/esp_system_chip.c:87
--- 0x403807c1: __assert_func at /Users/richardhine/.espressif/v5.4.4/esp-idf/components/newlib/assert.c:80
--- 0x420097f6: s_psram_chip_init at /Users/richardhine/.espressif/v5.4.4/esp-idf/components/esp_psram/esp_psram.c:188(inlined by) esp_psram_init at /Users/richardhine/.espressif/v5.4.4/esp-idf/components/esp_psram/esp_psram.c:385
--- 0x4037546e: call_start_cpu0 at /Users/richardhine/.espressif/v5.4.4/esp-idf/components/esp_system/port/cpu_start.c:585
--- 0x40045c01: ets_run_flash_bootloader in ROM
--- 0x40043ab6: main in ROM
--- 0x40034c45: .stack_ok in ROM




ELF file SHA256: 

Rebooting...
ESP-ROM:esp32s3-20210327
Build:Mar 27 2021
rst:0xc (RTC_SW_CPU_RST),boot:0x4 (SPI_FLASH_BOOT)
SPIWP:0xee
mode:DIO, clock div:1
load:0x3fce2810,len:0x1564
load:0x403c8700,len:0x4
load:0x403c8704,len:0xd24
load:0x403cb700,len:0x2ed4
entry 0x403c8928
[0;32mI (9317) boot: ESP-IDF v5.4.4 2nd stage bootloader[0m
[0;32mI (9317) boot: compile time Sep 15 2026 15:17:18[0m
[0;32mI (9318) boot: Multicore bootloader[0m
[0;32mI (9320) boot: chip revision: v0.3[0m
[0;32mI (9320) boot: efuse block revision: v0.0[0m
[0;32mI (9320) boot.esp32s3: Boot SPI Speed : 80MHz[0m
[0;32mI (9320) boot.esp32s3: SPI Mode       : SLOW READ[0m
[0;32mI (9321) boot.esp32s3: SPI Flash Size : 16MB[0m
[0;32mI (9322) boot: Enabling RNG early entropy source...[0m
[0;32mI (9324) boot: Partition Table:[0m
[0;32mI (9325) boot: ## Label            Usage          Type ST Offset   Length[0m
[0;32mI (9325) boot:  0 nvs              WiFi data        01 02 00009000 00006000[0m
[0;32mI (9325) boot:  1 phy_init         RF data          01 01 0000f000 00001000[0m
[0;32mI (9325) boot:  2 factory          factory app      00 00 00010000 00100000[0m
[0;32mI (9326) boot: End of partition table[0m
[0;32mI (9326) esp_image: segment 0: paddr=00010020 vaddr=3c020020 size=0a9e4h ( 43492) map[0m
[0;32mI (9330) esp_image: segment 1: paddr=0001aa0c vaddr=3fc92600 size=02f4ch ( 12108) load[0m
[0;32mI (9331) esp_image: segment 2: paddr=0001d960 vaddr=40374000 size=026b8h (  9912) load[0m
[0;32mI (9333) esp_image: segment 3: paddr=00020020 vaddr=42000020 size=185d8h ( 99800) map[0m
[0;32mI (9343) esp_image: segment 4: paddr=00038600 vaddr=403766b8 size=0bf1ch ( 48924) load[0m
[0;32mI (9350) esp_image: segment 5: paddr=00044524 vaddr=50000000 size=0001ch (    28) load[0m
[0;32mI (9351) boot: Loaded app from partition at offset 0x10000[0m
[0;32mI (9351) boot: Disabling RNG early entropy source...[0m

assert failed: 0x420097f6 <cached disabled>:188 (<cached disabled>)
--- 0x420097f6: s_psram_chip_init at /Users/richardhine/.espressif/v5.4.4/esp-idf/components/esp_psram/esp_psram.c:188(inlined by) esp_psram_init at /Users/richardhine/.espressif/v5.4.4/esp-idf/components/esp_psram/esp_psram.c:385


Backtrace: 0x40375c91:0x3fceb130 0x4037a9cd:0x3fceb150 0x403807c1:0x3fceb170 0x420097f6:0x3fceb290 0x4037546e:0x3fceb2c0 0x403ccaa0:0x3fceb340 0x403ccedd:0x3fceb380 0x403c8991:0x3fceb4b0 0x40045c01:0x3fceb570 0x40043ab6:0x3fceb6f0 0x40034c45:0x3fceb710
--- 0x40375c91: panic_abort at /Users/richardhine/.espressif/v5.4.4/esp-idf/components/esp_system/panic.c:477
--- 0x4037a9cd: esp_system_abort at /Users/richardhine/.espressif/v5.4.4/esp-idf/components/esp_system/port/esp_system_chip.c:87
--- 0x403807c1: __assert_func at /Users/richardhine/.espressif/v5.4.4/esp-idf/components/newlib/assert.c:80
--- 0x420097f6: s_psram_chip_init at /Users/richardhine/.espressif/v5.4.4/esp-idf/components/esp_psram/esp_psram.c:188(inlined by) esp_psram_init at /Users/richardhine/.espressif/v5.4.4/esp-idf/components/esp_psram/esp_psram.c:385
--- 0x4037546e: call_start_cpu0 at /Users/richardhine/.espressif/v5.4.4/esp-idf/components/esp_system/port/cpu_start.c:585
--- 0x40045c01: ets_run_flash_bootloader in ROM
--- 0x40043ab6: main in ROM
--- 0x40034c45: .stack_ok in ROM




ELF file SHA256: 

Rebooting...
ESP-ROM:esp32s3-20210327
Build:Mar 27 2021
rst:0xc (RTC_SW_CPU_RST),boot:0x4 (SPI_FLASH_BOOT)
SPIWP:0xee
mode:DIO, clock div:1
load:0x3fce2810,len:0x1564
load:0x403c8700,len:0x4
load:0x403c8704,len:0xd24
load:0x403cb700,len:0x2ed4
entry 0x403c8928
[0;32mI (9430) boot: ESP-IDF v5.4.4 2nd stage bootloader[0m
[0;32mI (9431) boot: compile time Sep 15 2026 15:17:18[0m
[0;32mI (9431) boot: Multicore bootloader[0m
[0;32mI (9433) boot: chip revision: v0.3[0m
[0;32mI (9433) boot: efuse block revision: v0.0[0m
[0;32mI (9434) boot.esp32s3: Boot SPI Speed : 80MHz[0m
[0;32mI (9434) boot.esp32s3: SPI Mode       : SLOW READ[0m
[0;32mI (9434) boot.esp32s3: SPI Flash Size : 16MB[0m
[0;32mI (9435) boot: Enabling RNG early entropy source...[0m
[0;32mI (9438) boot: Partition Table:[0m
[0;32mI (9438) boot: ## Label            Usage          Type ST Offset   Length[0m
[0;32mI (9439) boot:  0 nvs              WiFi data        01 02 00009000 00006000[0m
[0;32mI (9439) boot:  1 phy_init         RF data          01 01 0000f000 00001000[0m
[0;32mI (9439) boot:  2 factory          factory app      00 00 00010000 00100000[0m
[0;32mI (9440) boot: End of partition table[0m
[0;32mI (9440) esp_image: segment 0: paddr=00010020 vaddr=3c020020 size=0a9e4h ( 43492) map[0m
[0;32mI (9445) esp_image: segment 1: paddr=0001aa0c vaddr=3fc92600 size=02f4ch ( 12108) load[0m
[0;32mI (9447) esp_image: segment 2: paddr=0001d960 vaddr=40374000 size=026b8h (  9912) load[0m
[0;32mI (9449) esp_image: segment 3: paddr=00020020 vaddr=42000020 size=185d8h ( 99800) map[0m
[0;32mI (9460) esp_image: segment 4: paddr=00038600 vaddr=403766b8 size=0bf1ch ( 48924) load[0m
[0;32mI (9468) esp_image: segment 5: paddr=00044524 vaddr=50000000 size=0001ch (    28) load[0m
[0;32mI (9469) boot: Loaded app from partition at offset 0x10000[0m
[0;32mI (9469) boot: Disabling RNG early entropy source...[0m

assert failed: 0x420097f6 <cached disabled>:188 (<cached disabled>)
--- 0x420097f6: s_psram_chip_init at /Users/richardhine/.espressif/v5.4.4/esp-idf/components/esp_psram/esp_psram.c:188(inlined by) esp_psram_init at /Users/richardhine/.espressif/v5.4.4/esp-idf/components/esp_psram/esp_psram.c:385


Backtrace: 0x40375c91:0x3fceb130 0x4037a9cd:0x3fceb150 0x403807c1:0x3fceb170 0x420097f6:0x3fceb290 0x4037546e:0x3fceb2c0 0x403ccaa0:0x3fceb340 0x403ccedd:0x3fceb380 0x403c8991:0x3fceb4b0 0x40045c01:0x3fceb570 0x40043ab6:0x3fceb6f0 0x40034c45:0x3fceb710
--- 0x40375c91: panic_abort at /Users/richardhine/.espressif/v5.4.4/esp-idf/components/esp_system/panic.c:477
--- 0x4037a9cd: esp_system_abort at /Users/richardhine/.espressif/v5.4.4/esp-idf/components/esp_system/port/esp_system_chip.c:87
--- 0x403807c1: __assert_func at /Users/richardhine/.espressif/v5.4.4/esp-idf/components/newlib/assert.c:80
--- 0x420097f6: s_psram_chip_init at /Users/richardhine/.espressif/v5.4.4/esp-idf/components/esp_psram/esp_psram.c:188(inlined by) esp_psram_init at /Users/richardhine/.espressif/v5.4.4/esp-idf/components/esp_psram/esp_psram.c:385
--- 0x4037546e: call_start_cpu0 at /Users/richardhine/.espressif/v5.4.4/esp-idf/components/esp_system/port/cpu_start.c:585
--- 0x40045c01: ets_run_flash_bootloader in ROM
--- 0x40043ab6: main in ROM
--- 0x40034c45: .stack_ok in ROM




ELF file SHA256: 

Rebooting...
ESP-ROM:esp32s3-20210327
Build:Mar 27 2021
rst:0xc (RTC_SW_CPU_RST),boot:0x4 (SPI_FLASH_BOOT)
SPIWP:0xee
mode:DIO, clock div:1
load:0x3fce2810,len:0x1564
load:0x403c8700,len:0x4
load:0x403c8704,len:0xd24
load:0x403cb700,len:0x2ed4
entry 0x403c8928
[0;32mI (9546) boot: ESP-IDF v5.4.4 2nd stage bootloader[0m
[0;32mI (9546) boot: compile time Sep 15 2026 15:17:18[0m
[0;32mI (9547) boot: Multicore bootloader[0m
[0;32mI (9549) boot: chip revision: v0.3[0m
[0;32mI (9549) boot: efuse block revision: v0.0[0m
[0;32mI (9550) boot.esp32s3: Boot SPI Speed : 80MHz[0m
[0;32mI (9550) boot.esp32s3: SPI Mode       : SLOW READ[0m
[0;32mI (9550) boot.esp32s3: SPI Flash Size : 16MB[0m
[0;32mI (9551) boot: Enabling RNG early entropy source...[0m
[0;32mI (9554) boot: Partition Table:[0m
[0;32mI (9554) boot: ## Label            Usage          Type ST Offset   Length[0m
[0;32mI (9555) boot:  0 nvs              WiFi data        01 02 00009000 00006000[0m
[0;32mI (9555) boot:  1 phy_init         RF data          01 01 0000f000 00001000[0m
[0;32mI (9555) boot:  2 factory          factory app      00 00 00010000 00100000[0m
[0;32mI (9556) boot: End of partition table[0m
[0;32mI (9556) esp_image: segment 0: paddr=00010020 vaddr=3c020020 size=0a9e4h ( 43492) map[0m
[0;32mI (9561) esp_image: segment 1: paddr=0001aa0c vaddr=3fc92600 size=02f4ch ( 12108) load[0m
[0;32mI (9562) esp_image: segment 2: paddr=0001d960 vaddr=40374000 size=026b8h (  9912) load[0m
[0;32mI (9564) esp_image: segment 3: paddr=00020020 vaddr=42000020 size=185d8h ( 99800) map[0m
[0;32mI (9573) esp_image: segment 4: paddr=00038600 vaddr=403766b8 size=0bf1ch ( 48924) load[0m
[0;32mI (9580) esp_image: segment 5: paddr=00044524 vaddr=50000000 size=0001ch (    28) load[0m
[0;32mI (9581) boot: Loaded app from partition at offset 0x10000[0m
[0;32mI (9581) boot: Disabling RNG early entropy source...[0m

assert failed: 0x420097f6 <cached disabled>:188 (<cached disabled>)
--- 0x420097f6: s_psram_chip_init at /Users/richardhine/.espressif/v5.4.4/esp-idf/components/esp_psram/esp_psram.c:188(inlined by) esp_psram_init at /Users/richardhine/.espressif/v5.4.4/esp-idf/components/esp_psram/esp_psram.c:385


Backtrace: 0x40375c91:0x3fceb130 0x4037a9cd:0x3fceb150 0x403807c1:0x3fceb170 0x420097f6:0x3fceb290 0x4037546e:0x3fceb2c0 0x403ccaa0:0x3fceb340 0x403ccedd:0x3fceb380 0x403c8991:0x3fceb4b0 0x40045c01:0x3fceb570 0x40043ab6:0x3fceb6f0 0x40034c45:0x3fceb710
--- 0x40375c91: panic_abort at /Users/richardhine/.espressif/v5.4.4/esp-idf/components/esp_system/panic.c:477
--- 0x4037a9cd: esp_system_abort at /Users/richardhine/.espressif/v5.4.4/esp-idf/components/esp_system/port/esp_system_chip.c:87
--- 0x403807c1: __assert_func at /Users/richardhine/.espressif/v5.4.4/esp-idf/components/newlib/assert.c:80
--- 0x420097f6: s_psram_chip_init at /Users/richardhine/.espressif/v5.4.4/esp-idf/components/esp_psram/esp_psram.c:188(inlined by) esp_psram_init at /Users/richardhine/.espressif/v5.4.4/esp-idf/components/esp_psram/esp_psram.c:385
--- 0x4037546e: call_start_cpu0 at /Users/richardhine/.espressif/v5.4.4/esp-idf/components/esp_system/port/cpu_start.c:585
--- 0x40045c01: ets_run_flash_bootloader in ROM
--- 0x40043ab6: main in ROM
--- 0x40034c45: .stack_ok in ROM




ELF file SHA256: 

Rebooting...
ESP-ROM:esp32s3-20210327
Build:Mar 27 2021
rst:0xc (RTC_SW_CPU_RST),boot:0x4 (SPI_FLASH_BOOT)
SPIWP:0xee
mode:DIO, clock div:1
load:0x3fce2810,len:0x1564
load:0x403c8700,len:0x4
load:0x403c8704,len:0xd24
load:0x403cb700,len:0x2ed4
entry 0x403c8928
[0;32mI (9657) boot: ESP-IDF v5.4.4 2nd stage bootloader[0m
[0;32mI (9657) boot: compile time Sep 15 2026 15:17:18[0m
[0;32mI (9657) boot: Multicore bootloader[0m
[0;32mI (9659) boot: chip revision: v0.3[0m
[0;32mI (9659) boot: efuse block revision: v0.0[0m
[0;32mI (9660) boot.esp32s3: Boot SPI Speed : 80MHz[0m
[0;32mI (9660) boot.esp32s3: SPI Mode       : SLOW READ[0m
[0;32mI (9660) boot.esp32s3: SPI Flash Size : 16MB[0m
[0;32mI (9661) boot: Enabling RNG early entropy source...[0m
[0;32mI (9664) boot: Partition Table:[0m
[0;32mI (9664) boot: ## Label            Usage          Type ST Offset   Length[0m
[0;32mI (9664) boot:  0 nvs              WiFi data        01 02 00009000 00006000[0m
[0;32mI (9665) boot:  1 phy_init         RF data          01 01 0000f000 00001000[0m
[0;32mI (9665) boot:  2 factory          factory app      00 00 00010000 00100000[0m
[0;32mI (9665) boot: End of partition table[0m
[0;32mI (9665) esp_image: segment 0: paddr=00010020 vaddr=3c020020 size=0a9e4h ( 43492) map[0m
[0;32mI (9669) esp_image: segment 1: paddr=0001aa0c vaddr=3fc92600 size=02f4ch ( 12108) load[0m
[0;32mI (9671) esp_image: segment 2: paddr=0001d960 vaddr=40374000 size=026b8h (  9912) load[0m
[0;32mI (9673) esp_image: segment 3: paddr=00020020 vaddr=42000020 size=185d8h ( 99800) map[0m
[0;32mI (9681) esp_image: segment 4: paddr=00038600 vaddr=403766b8 size=0bf1ch ( 48924) load[0m
[0;32mI (9689) esp_image: segment 5: paddr=00044524 vaddr=50000000 size=0001ch (    28) load[0m
[0;32mI (9690) boot: Loaded app from partition at offset 0x10000[0m
[0;32mI (9690) boot: Disabling RNG early entropy source...[0m

assert failed: 0x420097f6 <cached disabled>:188 (<cached disabled>)
--- 0x420097f6: s_psram_chip_init at /Users/richardhine/.espressif/v5.4.4/esp-idf/components/esp_psram/esp_psram.c:188(inlined by) esp_psram_init at /Users/richardhine/.espressif/v5.4.4/esp-idf/components/esp_psram/esp_psram.c:385


Backtrace: 0x40375c91:0x3fceb130 0x4037a9cd:0x3fceb150 0x403807c1:0x3fceb170 0x420097f6:0x3fceb290 0x4037546e:0x3fceb2c0 0x403ccaa0:0x3fceb340 0x403ccedd:0x3fceb380 0x403c8991:0x3fceb4b0 0x40045c01:0x3fceb570 0x40043ab6:0x3fceb6f0 0x40034c45:0x3fceb710
--- 0x40375c91: panic_abort at /Users/richardhine/.espressif/v5.4.4/esp-idf/components/esp_system/panic.c:477
--- 0x4037a9cd: esp_system_abort at /Users/richardhine/.espressif/v5.4.4/esp-idf/components/esp_system/port/esp_system_chip.c:87
--- 0x403807c1: __assert_func at /Users/richardhine/.espressif/v5.4.4/esp-idf/components/newlib/assert.c:80
--- 0x420097f6: s_psram_chip_init at /Users/richardhine/.espressif/v5.4.4/esp-idf/components/esp_psram/esp_psram.c:188(inlined by) esp_psram_init at /Users/richardhine/.espressif/v5.4.4/esp-idf/components/esp_psram/esp_psram.c:385
--- 0x4037546e: call_start_cpu0 at /Users/richardhine/.espressif/v5.4.4/esp-idf/components/esp_system/port/cpu_start.c:585
--- 0x40045c01: ets_run_flash_bootloader in ROM
--- 0x40043ab6: main in ROM
--- 0x40034c45: .stack_ok in ROM




ELF file SHA256: 

Rebooting...
ESP-ROM:esp32s3-20210327
Build:Mar 27 2021
rst:0xc (RTC_SW_CPU_RST),boot:0x4 (SPI_FLASH_BOOT)
SPIWP:0xee
mode:DIO, clock div:1
load:0x3fce2810,len:0x1564
load:0x403c8700,len:0x4
load:0x403c8704,len:0xd24
load:0x403cb700,len:0x2ed4
entry 0x403c8928
[0;32mI (9767) boot: ESP-IDF v5.4.4 2nd stage bootloader[0m
[0;32mI (9767) boot: compile time Sep 15 2026 15:17:18[0m
[0;32mI (9767) boot: Multicore bootloader[0m
[0;32mI (9769) boot: chip revision: v0.3[0m
[0;32mI (9769) boot: efuse block revision: v0.0[0m
[0;32mI (9770) boot.esp32s3: Boot SPI Speed : 80MHz[0m
[0;32mI (9770) boot.esp32s3: SPI Mode       : SLOW READ[0m
[0;32mI (9770) boot.esp32s3: SPI Flash Size : 16MB[0m
[0;32mI (9771) boot: Enabling RNG early entropy source...[0m
[0;32mI (9774) boot: Partition Table:[0m
[0;32mI (9774) boot: ## Label            Usage          Type ST Offset   Length[0m
[0;32mI (9774) boot:  0 nvs              WiFi data        01 02 00009000 00006000[0m
[0;32mI (9774) boot:  1 phy_init         RF data          01 01 0000f000 00001000[0m
[0;32mI (9775) boot:  2 factory          factory app      00 00 00010000 00100000[0m
[0;32mI (9775) boot: End of partition table[0m
[0;32mI (9775) esp_image: segment 0: paddr=00010020 vaddr=3c020020 size=0a9e4h ( 43492) map[0m
[0;32mI (9779) esp_image: segment 1: paddr=0001aa0c vaddr=3fc92600 size=02f4ch ( 12108) load[0m
[0;32mI (9781) esp_image: segment 2: paddr=0001d960 vaddr=40374000 size=026b8h (  9912) load[0m
[0;32mI (9783) esp_image: segment 3: paddr=00020020 vaddr=42000020 size=185d8h ( 99800) map[0m
[0;32mI (9793) esp_image: segment 4: paddr=00038600 vaddr=403766b8 size=0bf1ch ( 48924) load[0m
[0;32mI (9802) esp_image: segment 5: paddr=00044524 vaddr=50000000 size=0001ch (    28) load[0m
[0;32mI (9803) boot: Loaded app from partition at offset 0x10000[0m
[0;32mI (9803) boot: Disabling RNG early entropy source...[0m

assert failed: 0x420097f6 <cached disabled>:188 (<cached disabled>)
--- 0x420097f6: s_psram_chip_init at /Users/richardhine/.espressif/v5.4.4/esp-idf/components/esp_psram/esp_psram.c:188(inlined by) esp_psram_init at /Users/richardhine/.espressif/v5.4.4/esp-idf/components/esp_psram/esp_psram.c:385


Backtrace: 0x40375c91:0x3fceb130 0x4037a9cd:0x3fceb150 0x403807c1:0x3fceb170 0x420097f6:0x3fceb290 0x4037546e:0x3fceb2c0 0x403ccaa0:0x3fceb340 0x403ccedd:0x3fceb380 0x403c8991:0x3fceb4b0 0x40045c01:0x3fceb570 0x40043ab6:0x3fceb6f0 0x40034c45:0x3fceb710
--- 0x40375c91: panic_abort at /Users/richardhine/.espressif/v5.4.4/esp-idf/components/esp_system/panic.c:477
--- 0x4037a9cd: esp_system_abort at /Users/richardhine/.espressif/v5.4.4/esp-idf/components/esp_system/port/esp_system_chip.c:87
--- 0x403807c1: __assert_func at /Users/richardhine/.espressif/v5.4.4/esp-idf/components/newlib/assert.c:80
--- 0x420097f6: s_psram_chip_init at /Users/richardhine/.espressif/v5.4.4/esp-idf/components/esp_psram/esp_psram.c:188(inlined by) esp_psram_init at /Users/richardhine/.espressif/v5.4.4/esp-idf/components/esp_psram/esp_psram.c:385
--- 0x4037546e: call_start_cpu0 at /Users/richardhine/.espressif/v5.4.4/esp-idf/components/esp_system/port/cpu_start.c:585
--- 0x40045c01: ets_run_flash_bootloader in ROM
--- 0x40043ab6: main in ROM
--- 0x40034c45: .stack_ok in ROM




ELF file SHA256: 

Rebooting...
ESP-ROM:esp32s3-20210327
Build:Mar 27 2021
rst:0xc (RTC_SW_CPU_RST),boot:0x4 (SPI_FLASH_BOOT)
SPIWP:0xee
mode:DIO, clock div:1
load:0x3fce2810,len:0x1564
load:0x403c8700,len:0x4
load:0x403c8704,len:0xd24
load:0x403cb700,len:0x2ed4
entry 0x403c8928
[0;32mI (9879) boot: ESP-IDF v5.4.4 2nd stage bootloader[0m
[0;32mI (9880) boot: compile time Sep 15 2026 15:17:18[0m
[0;32mI (9880) boot: Multicore bootloader[0m
[0;32mI (9882) boot: chip revision: v0.3[0m
[0;32mI (9882) boot: efuse block revision: v0.0[0m
[0;32mI (9882) boot.esp32s3: Boot SPI Speed : 80MHz[0m
[0;32mI (9882) boot.esp32s3: SPI Mode       : SLOW READ[0m
[0;32mI (9883) boot.esp32s3: SPI Flash Size : 16MB[0m
[0;32mI (9884) boot: Enabling RNG early entropy source...[0m
[0;32mI (9887) boot: Partition Table:[0m
[0;32mI (9887) boot: ## Label            Usage          Type ST Offset   Length[0m
[0;32mI (9887) boot:  0 nvs              WiFi data        01 02 00009000 00006000[0m
[0;32mI (9887) boot:  1 phy_init         RF data          01 01 0000f000 00001000[0m
[0;32mI (9887) boot:  2 factory          factory app      00 00 00010000 00100000[0m
[0;32mI (9888) boot: End of partition table[0m
[0;32mI (9888) esp_image: segment 0: paddr=00010020 vaddr=3c020020 size=0a9e4h ( 43492) map[0m
[0;32mI (9892) esp_image: segment 1: paddr=0001aa0c vaddr=3fc92600 size=02f4ch ( 12108) load[0m
[0;32mI (9894) esp_image: segment 2: paddr=0001d960 vaddr=40374000 size=026b8h (  9912) load[0m
[0;32mI (9895) esp_image: segment 3: paddr=00020020 vaddr=42000020 size=185d8h ( 99800) map[0m
[0;32mI (9904) esp_image: segment 4: paddr=00038600 vaddr=403766b8 size=0bf1ch ( 48924) load[0m
[0;32mI (9910) esp_image: segment 5: paddr=00044524 vaddr=50000000 size=0001ch (    28) load[0m
[0;32mI (9911) boot: Loaded app from partition at offset 0x10000[0m
[0;32mI (9911) boot: Disabling RNG early entropy source...[0m

assert failed: 0x420097f6 <cached disabled>:188 (<cached disabled>)
--- 0x420097f6: s_psram_chip_init at /Users/richardhine/.espressif/v5.4.4/esp-idf/components/esp_psram/esp_psram.c:188(inlined by) esp_psram_init at /Users/richardhine/.espressif/v5.4.4/esp-idf/components/esp_psram/esp_psram.c:385


Backtrace: 0x40375c91:0x3fceb130 0x4037a9cd:0x3fceb150 0x403807c1:0x3fceb170 0x420097f6:0x3fceb290 0x4037546e:0x3fceb2c0 0x403ccaa0:0x3fceb340 0x403ccedd:0x3fceb380 0x403c8991:0x3fceb4b0 0x40045c01:0x3fceb570 0x40043ab6:0x3fceb6f0 0x40034c45:0x3fceb710
--- 0x40375c91: panic_abort at /Users/richardhine/.espressif/v5.4.4/esp-idf/components/esp_system/panic.c:477
--- 0x4037a9cd: esp_system_abort at /Users/richardhine/.espressif/v5.4.4/esp-idf/components/esp_system/port/esp_system_chip.c:87
--- 0x403807c1: __assert_func at /Users/richardhine/.espressif/v5.4.4/esp-idf/components/newlib/assert.c:80
--- 0x420097f6: s_psram_chip_init at /Users/richardhine/.espressif/v5.4.4/esp-idf/components/esp_psram/esp_psram.c:188(inlined by) esp_psram_init at /Users/richardhine/.espressif/v5.4.4/esp-idf/components/esp_psram/esp_psram.c:385
--- 0x4037546e: call_start_cpu0 at /Users/richardhine/.espressif/v5.4.4/esp-idf/components/esp_system/port/cpu_start.c:585
--- 0x40045c01: ets_run_flash_bootloader in ROM
--- 0x40043ab6: main in ROM
--- 0x40034c45: .stack_ok in ROM




ELF file SHA256: 

Rebooting...
ESP-ROM:esp32s3-20210327
Build:Mar 27 2021
rst:0xc (RTC_SW_CPU_RST),boot:0x4 (SPI_FLASH_BOOT)
SPIWP:0xee
mode:DIO, clock div:1
load:0x3fce2810,len:0x1564
load:0x403c8700,len:0x4
load:0x403c8704,len:0xd24
load:0x403cb700,len:0x2ed4
entry 0x403c8928
[0;32mI (9989) boot: ESP-IDF v5.4.4 2nd stage bootloader[0m
[0;32mI (9989) boot: compile time Sep 15 2026 15:17:18[0m
[0;32mI (9989) boot: Multicore bootloader[0m
[0;32mI (9991) boot: chip revision: v0.3[0m
[0;32mI (9991) boot: efuse block revision: v0.0[0m
[0;32mI (9992) boot.esp32s3: Boot SPI Speed : 80MHz[0m
[0;32mI (9992) boot.esp32s3: SPI Mode       : SLOW READ[0m
[0;32mI (9992) boot.esp32s3: SPI Flash Size : 16MB[0m
[0;32mI (9993) boot: Enabling RNG early entropy source...[0m
[0;32mI (9996) boot: Partition Table:[0m
[0;32mI (9996) boot: ## Label            Usage          Type ST Offset   Length[0m
[0;32mI (9996) boot:  0 nvs              WiFi data        01 02 00009000 00006000[0m
[0;32mI (9997) boot:  1 phy_init         RF data          01 01 0000f000 00001000[0m
[0;32mI (9997) boot:  2 factory          factory app      00 00 00010000 00100000[0m
[0;32mI (9997) boot: End of partition table[0m
[0;32mI (9998) esp_image: segment 0: paddr=00010020 vaddr=3c020020 size=0a9e4h ( 43492) map[0m
[0;32mI (10002) esp_image: segment 1: paddr=0001aa0c vaddr=3fc92600 size=02f4ch ( 12108) load[0m
[0;32mI (10003) esp_image: segment 2: paddr=0001d960 vaddr=40374000 size=026b8h (  9912) load[0m
[0;32mI (10005) esp_image: segment 3: paddr=00020020 vaddr=42000020 size=185d8h ( 99800) map[0m
[0;32mI (10015) esp_image: segment 4: paddr=00038600 vaddr=403766b8 size=0bf1ch ( 48924) load[0m
[0;32mI (10023) esp_image: segment 5: paddr=00044524 vaddr=50000000 size=0001ch (    28) load[0m
[0;32mI (10024) boot: Loaded app from partition at offset 0x10000[0m
[0;32mI (10024) boot: Disabling RNG early entropy source...[0m

assert failed: 0x420097f6 <cached disabled>:188 (<cached disabled>)
--- 0x420097f6: s_psram_chip_init at /Users/richardhine/.espressif/v5.4.4/esp-idf/components/esp_psram/esp_psram.c:188(inlined by) esp_psram_init at /Users/richardhine/.espressif/v5.4.4/esp-idf/components/esp_psram/esp_psram.c:385


Backtrace: 0x40375c91:0x3fceb130 0x4037a9cd:0x3fceb150 0x403807c1:0x3fceb170 0x420097f6:0x3fceb290 0x4037546e:0x3fceb2c0 0x403ccaa0:0x3fceb340 0x403ccedd:0x3fceb380 0x403c8991:0x3fceb4b0 0x40045c01:0x3fceb570 0x40043ab6:0x3fceb6f0 0x40034c45:0x3fceb710
--- 0x40375c91: panic_abort at /Users/richardhine/.espressif/v5.4.4/esp-idf/components/esp_system/panic.c:477
--- 0x4037a9cd: esp_system_abort at /Users/richardhine/.espressif/v5.4.4/esp-idf/components/esp_system/port/esp_system_chip.c:87
--- 0x403807c1: __assert_func at /Users/richardhine/.espressif/v5.4.4/esp-idf/components/newlib/assert.c:80
--- 0x420097f6: s_psram_chip_init at /Users/richardhine/.espressif/v5.4.4/esp-idf/components/esp_psram/esp_psram.c:188(inlined by) esp_psram_init at /Users/richardhine/.espressif/v5.4.4/esp-idf/components/esp_psram/esp_psram.c:385
--- 0x4037546e: call_start_cpu0 at /Users/richardhine/.espressif/v5.4.4/esp-idf/components/esp_system/port/cpu_start.c:585
--- 0x40045c01: ets_run_flash_bootloader in ROM
--- 0x40043ab6: main in ROM
--- 0x40034c45: .stack_ok in ROM




ELF file SHA256: 

Rebooting...
ESP-ROM:esp32s3-20210327
Build:Mar 27 2021
rst:0xc (RTC_SW_CPU_RST),boot:0x4 (SPI_FLASH_BOOT)
SPIWP:0xee
mode:DIO, clock div:1
load:0x3fce2810,len:0x1564
load:0x403c8700,len:0x4
load:0x403c8704,len:0xd24
load:0x403cb700,len:0x2ed4
entry 0x403c8928
[0;32mI (10101) boot: ESP-IDF v5.4.4 2nd stage bootloader[0m
[0;32mI (10102) boot: compile time Sep 15 2026 15:17:18[0m
[0;32mI (10102) boot: Multicore bootloader[0m
[0;32mI (10104) boot: chip revision: v0.3[0m
[0;32mI (10105) boot: efuse block revision: v0.0[0m
[0;32mI (10105) boot.esp32s3: Boot SPI Speed : 80MHz[0m
[0;32mI (10105) boot.esp32s3: SPI Mode       : SLOW READ[0m
[0;32mI (10106) boot.esp32s3: SPI Flash Size : 16MB[0m
[0;32mI (10107) boot: Enabling RNG early entropy source...[0m
[0;32mI (10110) boot: Partition Table:[0m
[0;32mI (10110) boot: ## Label            Usage          Type ST Offset   Length[0m
[0;32mI (10110) boot:  0 nvs              WiFi data        01 02 00009000 00006000[0m
[0;32mI (10110) boot:  1 phy_init         RF data          01 01 0000f000 00001000[0m
[0;32mI (10110) boot:  2 factory          factory app      00 00 00010000 00100000[0m
[0;32mI (10111) boot: End of partition table[0m
[0;32mI (10111) esp_image: segment 0: paddr=00010020 vaddr=3c020020 size=0a9e4h ( 43492) map[0m
[0;32mI (10115) esp_image: segment 1: paddr=0001aa0c vaddr=3fc92600 size=02f4ch ( 12108) load[0m
[0;32mI (10117) esp_image: segment 2: paddr=0001d960 vaddr=40374000 size=026b8h (  9912) load[0m
[0;32mI (10118) esp_image: segment 3: paddr=00020020 vaddr=42000020 size=185d8h ( 99800) map[0m
[0;32mI (10127) esp_image: segment 4: paddr=00038600 vaddr=403766b8 size=0bf1ch ( 48924) load[0m
[0;32mI (10135) esp_image: segment 5: paddr=00044524 vaddr=50000000 size=0001ch (    28) load[0m
[0;32mI (10136) boot: Loaded app from partition at offset 0x10000[0m
[0;32mI (10136) boot: Disabling RNG early entropy source...[0m

assert failed: 0x420097f6 <cached disabled>:188 (<cached disabled>)
--- 0x420097f6: s_psram_chip_init at /Users/richardhine/.espressif/v5.4.4/esp-idf/components/esp_psram/esp_psram.c:188(inlined by) esp_psram_init at /Users/richardhine/.espressif/v5.4.4/esp-idf/components/esp_psram/esp_psram.c:385


Backtrace: 0x40375c91:0x3fceb130 0x4037a9cd:0x3fceb150 0x403807c1:0x3fceb170 0x420097f6:0x3fceb290 0x4037546e:0x3fceb2c0 0x403ccaa0:0x3fceb340 0x403ccedd:0x3fceb380 0x403c8991:0x3fceb4b0 0x40045c01:0x3fceb570 0x40043ab6:0x3fceb6f0 0x40034c45:0x3fceb710
--- 0x40375c91: panic_abort at /Users/richardhine/.espressif/v5.4.4/esp-idf/components/esp_system/panic.c:477
--- 0x4037a9cd: esp_system_abort at /Users/richardhine/.espressif/v5.4.4/esp-idf/components/esp_system/port/esp_system_chip.c:87
--- 0x403807c1: __assert_func at /Users/richardhine/.espressif/v5.4.4/esp-idf/components/newlib/assert.c:80
--- 0x420097f6: s_psram_chip_init at /Users/richardhine/.espressif/v5.4.4/esp-idf/components/esp_psram/esp_psram.c:188(inlined by) esp_psram_init at /Users/richardhine/.espressif/v5.4.4/esp-idf/components/esp_psram/esp_psram.c:385
--- 0x4037546e: call_start_cpu0 at /Users/richardhine/.espressif/v5.4.4/esp-idf/components/esp_system/port/cpu_start.c:585
--- 0x40045c01: ets_run_flash_bootloader in ROM
--- 0x40043ab6: main in ROM
--- 0x40034c45: .stack_ok in ROM




ELF file SHA256: 

Rebooting...
ESP-ROM:esp32s3-20210327
Build:Mar 27 2021
rst:0xc (RTC_SW_CPU_RST),boot:0x4 (SPI_FLASH_BOOT)
SPIWP:0xee
mode:DIO, clock div:1
load:0x3fce2810,len:0x1564
load:0x403c8700,len:0x4
load:0x403c8704,len:0xd24
load:0x403cb700,len:0x2ed4
entry 0x403c8928
[0;32mI (10213) boot: ESP-IDF v5.4.4 2nd stage bootloader[0m
[0;32mI (10213) boot: compile time Sep 15 2026 15:17:18[0m
[0;32mI (10213) boot: Multicore bootloader[0m
[0;32mI (10215) boot: chip revision: v0.3[0m
[0;32mI (10215) boot: efuse block revision: v0.0[0m
[0;32mI (10216) boot.esp32s3: Boot SPI Speed : 80MHz[0m
[0;32mI (10216) boot.esp32s3: SPI Mode       : SLOW READ[0m
[0;32mI (10216) boot.esp32s3: SPI Flash Size : 16MB[0m
[0;32mI (10217) boot: Enabling RNG early entropy source...[0m
[0;32mI (10220) boot: Partition Table:[0m
[0;32mI (10220) boot: ## Label            Usage          Type ST Offset   Length[0m
[0;32mI (10220) boot:  0 nvs              WiFi data        01 02 00009000 00006000[0m
[0;32mI (10221) boot:  1 phy_init         RF data          01 01 0000f000 00001000[0m
[0;32mI (10221) boot:  2 factory          factory app      00 00 00010000 00100000[0m
[0;32mI (10221) boot: End of partition table[0m
[0;32mI (10222) esp_image: segment 0: paddr=00010020 vaddr=3c020020 size=0a9e4h ( 43492) map[0m
[0;32mI (10226) esp_image: segment 1: paddr=0001aa0c vaddr=3fc92600 size=02f4ch ( 12108) load[0m
[0;32mI (10227) esp_image: segment 2: paddr=0001d960 vaddr=40374000 size=026b8h (  9912) load[0m
[0;32mI (10229) esp_image: segment 3: paddr=00020020 vaddr=42000020 size=185d8h ( 99800) map[0m
[0;32mI (10237) esp_image: segment 4: paddr=00038600 vaddr=403766b8 size=0bf1ch ( 48924) load[0m
[0;32mI (10243) esp_image: segment 5: paddr=00044524 vaddr=50000000 size=0001ch (    28) load[0m
[0;32mI (10244) boot: Loaded app from partition at offset 0x10000[0m
[0;32mI (10244) boot: Disabling RNG early entropy source...[0m

assert failed: 0x420097f6 <cached disabled>:188 (<cached disabled>)
--- 0x420097f6: s_psram_chip_init at /Users/richardhine/.espressif/v5.4.4/esp-idf/components/esp_psram/esp_psram.c:188(inlined by) esp_psram_init at /Users/richardhine/.espressif/v5.4.4/esp-idf/components/esp_psram/esp_psram.c:385


Backtrace: 0x40375c91:0x3fceb130 0x4037a9cd:0x3fceb150 0x403807c1:0x3fceb170 0x420097f6:0x3fceb290 0x4037546e:0x3fceb2c0 0x403ccaa0:0x3fceb340 0x403ccedd:0x3fceb380 0x403c8991:0x3fceb4b0 0x40045c01:0x3fceb570 0x40043ab6:0x3fceb6f0 0x40034c45:0x3fceb710
--- 0x40375c91: panic_abort at /Users/richardhine/.espressif/v5.4.4/esp-idf/components/esp_system/panic.c:477
--- 0x4037a9cd: esp_system_abort at /Users/richardhine/.espressif/v5.4.4/esp-idf/components/esp_system/port/esp_system_chip.c:87
--- 0x403807c1: __assert_func at /Users/richardhine/.espressif/v5.4.4/esp-idf/components/newlib/assert.c:80
--- 0x420097f6: s_psram_chip_init at /Users/richardhine/.espressif/v5.4.4/esp-idf/components/esp_psram/esp_psram.c:188(inlined by) esp_psram_init at /Users/richardhine/.espressif/v5.4.4/esp-idf/components/esp_psram/esp_psram.c:385
--- 0x4037546e: call_start_cpu0 at /Users/richardhine/.espressif/v5.4.4/esp-idf/components/esp_system/port/cpu_start.c:585
--- 0x40045c01: ets_run_flash_bootloader in ROM
--- 0x40043ab6: main in ROM
--- 0x40034c45: .stack_ok in ROM




ELF file SHA256: 

Rebooting...
ESP-ROM:esp32s3-20210327
Build:Mar 27 2021
rst:0xc (RTC_SW_CPU_RST),boot:0x4 (SPI_FLASH_BOOT)
SPIWP:0xee
mode:DIO, clock div:1
load:0x3fce2810,len:0x1564
load:0x403c8700,len:0x4
load:0x403c8704,len:0xd24
load:0x403cb700,len:0x2ed4
entry 0x403c8928
[0;32mI (10322) boot: ESP-IDF v5.4.4 2nd stage bootloader[0m
[0;32mI (10322) boot: compile time Sep 15 2026 15:17:18[0m
[0;32mI (10322) boot: Multicore bootloader[0m
[0;32mI (10324) boot: chip revision: v0.3[0m
[0;32mI (10324) boot: efuse block revision: v0.0[0m
[0;32mI (10325) boot.esp32s3: Boot SPI Speed : 80MHz[0m
[0;32mI (10325) boot.esp32s3: SPI Mode       : SLOW READ[0m
[0;32mI (10325) boot.esp32s3: SPI Flash Size : 16MB[0m
[0;32mI (10326) boot: Enabling RNG early entropy source...[0m
[0;32mI (10329) boot: Partition Table:[0m
[0;32mI (10329) boot: ## Label            Usage          Type ST Offset   Length[0m
[0;32mI (10329) boot:  0 nvs              WiFi data        01 02 00009000 00006000[0m
[0;32mI (10329) boot:  1 phy_init         RF data          01 01 0000f000 00001000[0m
[0;32mI (10330) boot:  2 factory          factory app      00 00 00010000 00100000[0m
[0;32mI (10330) boot: End of partition table[0m
[0;32mI (10330) esp_image: segment 0: paddr=00010020 vaddr=3c020020 size=0a9e4h ( 43492) map[0m
[0;32mI (10334) esp_image: segment 1: paddr=0001aa0c vaddr=3fc92600 size=02f4ch ( 12108) load[0m
[0;32mI (10336) esp_image: segment 2: paddr=0001d960 vaddr=40374000 size=026b8h (  9912) load[0m
[0;32mI (10338) esp_image: segment 3: paddr=00020020 vaddr=42000020 size=185d8h ( 99800) map[0m
[0;32mI (10348) esp_image: segment 4: paddr=00038600 vaddr=403766b8 size=0bf1ch ( 48924) load[0m
[0;32mI (10356) esp_image: segment 5: paddr=00044524 vaddr=50000000 size=0001ch (    28) load[0m
[0;32mI (10357) boot: Loaded app from partition at offset 0x10000[0m
[0;32mI (10357) boot: Disabling RNG early entropy source...[0m

assert failed: 0x420097f6 <cached disabled>:188 (<cached disabled>)
--- 0x420097f6: s_psram_chip_init at /Users/richardhine/.espressif/v5.4.4/esp-idf/components/esp_psram/esp_psram.c:188(inlined by) esp_psram_init at /Users/richardhine/.espressif/v5.4.4/esp-idf/components/esp_psram/esp_psram.c:385


Backtrace: 0x40375c91:0x3fceb130 0x4037a9cd:0x3fceb150 0x403807c1:0x3fceb170 0x420097f6:0x3fceb290 0x4037546e:0x3fceb2c0 0x403ccaa0:0x3fceb340 0x403ccedd:0x3fceb380 0x403c8991:0x3fceb4b0 0x40045c01:0x3fceb570 0x40043ab6:0x3fceb6f0 0x40034c45:0x3fceb710
--- 0x40375c91: panic_abort at /Users/richardhine/.espressif/v5.4.4/esp-idf/components/esp_system/panic.c:477
--- 0x4037a9cd: esp_system_abort at /Users/richardhine/.espressif/v5.4.4/esp-idf/components/esp_system/port/esp_system_chip.c:87
--- 0x403807c1: __assert_func at /Users/richardhine/.espressif/v5.4.4/esp-idf/components/newlib/assert.c:80
--- 0x420097f6: s_psram_chip_init at /Users/richardhine/.espressif/v5.4.4/esp-idf/components/esp_psram/esp_psram.c:188(inlined by) esp_psram_init at /Users/richardhine/.espressif/v5.4.4/esp-idf/components/esp_psram/esp_psram.c:385
--- 0x4037546e: call_start_cpu0 at /Users/richardhine/.espressif/v5.4.4/esp-idf/components/esp_system/port/cpu_start.c:585
--- 0x40045c01: ets_run_flash_bootloader in ROM
--- 0x40043ab6: main in ROM
--- 0x40034c45: .stack_ok in ROM




ELF file SHA256: 

Rebooting...
ESP-ROM:esp32s3-20210327
Build:Mar 27 2021
rst:0xc (RTC_SW_CPU_RST),boot:0x4 (SPI_FLASH_BOOT)
SPIWP:0xee
mode:DIO, clock div:1
load:0x3fce2810,len:0x1564
load:0x403c8700,len:0x4
load:0x403c8704,len:0xd24
load:0x403cb700,len:0x2ed4
entry 0x403c8928
[0;32mI (10434) boot: ESP-IDF v5.4.4 2nd stage bootloader[0m
[0;32mI (10434) boot: compile time Sep 15 2026 15:17:18[0m
[0;32mI (10434) boot: Multicore bootloader[0m
[0;32mI (10437) boot: chip revision: v0.3[0m
[0;32mI (10437) boot: efuse block revision: v0.0[0m
[0;32mI (10437) boot.esp32s3: Boot SPI Speed : 80MHz[0m
[0;32mI (10437) boot.esp32s3: SPI Mode       : SLOW READ[0m
[0;32mI (10437) boot.esp32s3: SPI Flash Size : 16MB[0m
[0;32mI (10439) boot: Enabling RNG early entropy source...[0m
[0;32mI (10442) boot: Partition Table:[0m
[0;32mI (10442) boot: ## Label            Usage          Type ST Offset   Length[0m
[0;32mI (10442) boot:  0 nvs              WiFi data        01 02 00009000 00006000[0m
[0;32mI (10442) boot:  1 phy_init         RF data          01 01 0000f000 00001000[0m
[0;32mI (10443) boot:  2 factory          factory app      00 00 00010000 00100000[0m
[0;32mI (10443) boot: End of partition table[0m
[0;32mI (10443) esp_image: segment 0: paddr=00010020 vaddr=3c020020 size=0a9e4h ( 43492) map[0m
[0;32mI (10448) esp_image: segment 1: paddr=0001aa0c vaddr=3fc92600 size=02f4ch ( 12108) load[0m
[0;32mI (10449) esp_image: segment 2: paddr=0001d960 vaddr=40374000 size=026b8h (  9912) load[0m
[0;32mI (10451) esp_image: segment 3: paddr=00020020 vaddr=42000020 size=185d8h ( 99800) map[0m
[0;32mI (10461) esp_image: segment 4: paddr=00038600 vaddr=403766b8 size=0bf1ch ( 48924) load[0m
[0;32mI (10469) esp_image: segment 5: paddr=00044524 vaddr=50000000 size=0001ch (    28) load[0m
[0;32mI (10470) boot: Loaded app from partition at offset 0x10000[0m
[0;32mI (10470) boot: Disabling RNG early entropy source...[0m

assert failed: 0x420097f6 <cached disabled>:188 (<cached disabled>)
--- 0x420097f6: s_psram_chip_init at /Users/richardhine/.espressif/v5.4.4/esp-idf/components/esp_psram/esp_psram.c:188(inlined by) esp_psram_init at /Users/richardhine/.espressif/v5.4.4/esp-idf/components/esp_psram/esp_psram.c:385


Backtrace: 0x40375c91:0x3fceb130 0x4037a9cd:0x3fceb150 0x403807c1:0x3fceb170 0x420097f6:0x3fceb290 0x4037546e:0x3fceb2c0 0x403ccaa0:0x3fceb340 0x403ccedd:0x3fceb380 0x403c8991:0x3fceb4b0 0x40045c01:0x3fceb570 0x40043ab6:0x3fceb6f0 0x40034c45:0x3fceb710
--- 0x40375c91: panic_abort at /Users/richardhine/.espressif/v5.4.4/esp-idf/components/esp_system/panic.c:477
--- 0x4037a9cd: esp_system_abort at /Users/richardhine/.espressif/v5.4.4/esp-idf/components/esp_system/port/esp_system_chip.c:87
--- 0x403807c1: __assert_func at /Users/richardhine/.espressif/v5.4.4/esp-idf/components/newlib/assert.c:80
--- 0x420097f6: s_psram_chip_init at /Users/richardhine/.espressif/v5.4.4/esp-idf/components/esp_psram/esp_psram.c:188(inlined by) esp_psram_init at /Users/richardhine/.espressif/v5.4.4/esp-idf/components/esp_psram/esp_psram.c:385
--- 0x4037546e: call_start_cpu0 at /Users/richardhine/.espressif/v5.4.4/esp-idf/components/esp_system/port/cpu_start.c:585
--- 0x40045c01: ets_run_flash_bootloader in ROM
--- 0x40043ab6: main in ROM
--- 0x40034c45: .stack_ok in ROM




ELF file SHA256: 

Rebooting...
ESP-ROM:esp32s3-20210327
Build:Mar 27 2021
rst:0xc (RTC_SW_CPU_RST),boot:0x4 (SPI_FLASH_BOOT)
SPIWP:0xee
mode:DIO, clock div:1
load:0x3fce2810,len:0x1564
load:0x403c8700,len:0x4
load:0x403c8704,len:0xd24
load:0x403cb700,len:0x2ed4
entry 0x403c8928
[0;32mI (10547) boot: ESP-IDF v5.4.4 2nd stage bootloader[0m
[0;32mI (10547) boot: compile time Sep 15 2026 15:17:18[0m
[0;32mI (10547) boot: Multicore bootloader[0m
[0;32mI (10549) boot: chip revision: v0.3[0m
[0;32mI (10549) boot: efuse block revision: v0.0[0m
[0;32mI (10550) boot.esp32s3: Boot SPI Speed : 80MHz[0m
[0;32mI (10550) boot.esp32s3: SPI Mode       : SLOW READ[0m
[0;32mI (10550) boot.esp32s3: SPI Flash Size : 16MB[0m
[0;32mI (10551) boot: Enabling RNG early entropy source...[0m
[0;32mI (10554) boot: Partition Table:[0m
[0;32mI (10554) boot: ## Label            Usage          Type ST Offset   Length[0m
[0;32mI (10554) boot:  0 nvs              WiFi data        01 02 00009000 00006000[0m
[0;32mI (10554) boot:  1 phy_init         RF data          01 01 0000f000 00001000[0m
[0;32mI (10555) boot:  2 factory          factory app      00 00 00010000 00100000[0m
[0;32mI (10555) boot: End of partition table[0m
[0;32mI (10556) esp_image: segment 0: paddr=00010020 vaddr=3c020020 size=0a9e4h ( 43492) map[0m
[0;32mI (10560) esp_image: segment 1: paddr=0001aa0c vaddr=3fc92600 size=02f4ch ( 12108) load[0m
[0;32mI (10561) esp_image: segment 2: paddr=0001d960 vaddr=40374000 size=026b8h (  9912) load[0m
[0;32mI (10563) esp_image: segment 3: paddr=00020020 vaddr=42000020 size=185d8h ( 99800) map[0m
[0;32mI (10573) esp_image: segment 4: paddr=00038600 vaddr=403766b8 size=0bf1ch ( 48924) load[0m
[0;32mI (10581) esp_image: segment 5: paddr=00044524 vaddr=50000000 size=0001ch (    28) load[0m
[0;32mI (10582) boot: Loaded app from partition at offset 0x10000[0m
[0;32mI (10582) boot: Disabling RNG early entropy source...[0m

assert failed: 0x420097f6 <cached disabled>:188 (<cached disabled>)
--- 0x420097f6: s_psram_chip_init at /Users/richardhine/.espressif/v5.4.4/esp-idf/components/esp_psram/esp_psram.c:188(inlined by) esp_psram_init at /Users/richardhine/.espressif/v5.4.4/esp-idf/components/esp_psram/esp_psram.c:385


Backtrace: 0x40375c91:0x3fceb130 0x4037a9cd:0x3fceb150 0x403807c1:0x3fceb170 0x420097f6:0x3fceb290 0x4037546e:0x3fceb2c0 0x403ccaa0:0x3fceb340 0x403ccedd:0x3fceb380 0x403c8991:0x3fceb4b0 0x40045c01:0x3fceb570 0x40043ab6:0x3fceb6f0 0x40034c45:0x3fceb710
--- 0x40375c91: panic_abort at /Users/richardhine/.espressif/v5.4.4/esp-idf/components/esp_system/panic.c:477
--- 0x4037a9cd: esp_system_abort at /Users/richardhine/.espressif/v5.4.4/esp-idf/components/esp_system/port/esp_system_chip.c:87
--- 0x403807c1: __assert_func at /Users/richardhine/.espressif/v5.4.4/esp-idf/components/newlib/assert.c:80
--- 0x420097f6: s_psram_chip_init at /Users/richardhine/.espressif/v5.4.4/esp-idf/components/esp_psram/esp_psram.c:188(inlined by) esp_psram_init at /Users/richardhine/.espressif/v5.4.4/esp-idf/components/esp_psram/esp_psram.c:385
--- 0x4037546e: call_start_cpu0 at /Users/richardhine/.espressif/v5.4.4/esp-idf/components/esp_system/port/cpu_start.c:585
--- 0x40045c01: ets_run_flash_bootloader in ROM
--- 0x40043ab6: main in ROM
--- 0x40034c45: .stack_ok in ROM




ELF file SHA256: 

Rebooting...
ESP-ROM:esp32s3-20210327
Build:Mar 27 2021
rst:0xc (RTC_SW_CPU_RST),boot:0x4 (SPI_FLASH_BOOT)
SPIWP:0xee
mode:DIO, clock div:1
load:0x3fce2810,len:0x1564
load:0x403c8700,len:0x4
load:0x403c8704,len:0xd24
load:0x403cb700,len:0x2ed4
entry 0x403c8928
[0;32mI (10659) boot: ESP-IDF v5.4.4 2nd stage bootloader[0m
[0;32mI (10659) boot: compile time Sep 15 2026 15:17:18[0m
[0;32mI (10659) boot: Multicore bootloader[0m
[0;32mI (10661) boot: chip revision: v0.3[0m
[0;32mI (10662) boot: efuse block revision: v0.0[0m
[0;32mI (10662) boot.esp32s3: Boot SPI Speed : 80MHz[0m
[0;32mI (10662) boot.esp32s3: SPI Mode       : SLOW READ[0m
[0;32mI (10662) boot.esp32s3: SPI Flash Size : 16MB[0m
[0;32mI (10663) boot: Enabling RNG early entropy source...[0m
[0;32mI (10666) boot: Partition Table:[0m
[0;32mI (10666) boot: ## Label            Usage          Type ST Offset   Length[0m
[0;32mI (10666) boot:  0 nvs              WiFi data        01 02 00009000 00006000[0m
[0;32mI (10667) boot:  1 phy_init         RF data          01 01 0000f000 00001000[0m
[0;32mI (10667) boot:  2 factory          factory app      00 00 00010000 00100000[0m
[0;32mI (10667) boot: End of partition table[0m
[0;32mI (10668) esp_image: segment 0: paddr=00010020 vaddr=3c020020 size=0a9e4h ( 43492) map[0m
[0;32mI (10672) esp_image: segment 1: paddr=0001aa0c vaddr=3fc92600 size=02f4ch ( 12108) load[0m
[0;32mI (10673) esp_image: segment 2: paddr=0001d960 vaddr=40374000 size=026b8h (  9912) load[0m
[0;32mI (10675) esp_image: segment 3: paddr=00020020 vaddr=42000020 size=185d8h ( 99800) map[0m
[0;32mI (10685) esp_image: segment 4: paddr=00038600 vaddr=403766b8 size=0bf1ch ( 48924) load[0m
[0;32mI (10693) esp_image: segment 5: paddr=00044524 vaddr=50000000 size=0001ch (    28) load[0m
[0;32mI (10694) boot: Loaded app from partition at offset 0x10000[0m
[0;32mI (10694) boot: Disabling RNG early entropy source...[0m

assert failed: 0x420097f6 <cached disabled>:188 (<cached disabled>)
--- 0x420097f6: s_psram_chip_init at /Users/richardhine/.espressif/v5.4.4/esp-idf/components/esp_psram/esp_psram.c:188(inlined by) esp_psram_init at /Users/richardhine/.espressif/v5.4.4/esp-idf/components/esp_psram/esp_psram.c:385


Backtrace: 0x40375c91:0x3fceb130 0x4037a9cd:0x3fceb150 0x403807c1:0x3fceb170 0x420097f6:0x3fceb290 0x4037546e:0x3fceb2c0 0x403ccaa0:0x3fceb340 0x403ccedd:0x3fceb380 0x403c8991:0x3fceb4b0 0x40045c01:0x3fceb570 0x40043ab6:0x3fceb6f0 0x40034c45:0x3fceb710
--- 0x40375c91: panic_abort at /Users/richardhine/.espressif/v5.4.4/esp-idf/components/esp_system/panic.c:477
--- 0x4037a9cd: esp_system_abort at /Users/richardhine/.espressif/v5.4.4/esp-idf/components/esp_system/port/esp_system_chip.c:87
--- 0x403807c1: __assert_func at /Users/richardhine/.espressif/v5.4.4/esp-idf/components/newlib/assert.c:80
--- 0x420097f6: s_psram_chip_init at /Users/richardhine/.espressif/v5.4.4/esp-idf/components/esp_psram/esp_psram.c:188(inlined by) esp_psram_init at /Users/richardhine/.espressif/v5.4.4/esp-idf/components/esp_psram/esp_psram.c:385
--- 0x4037546e: call_start_cpu0 at /Users/richardhine/.espressif/v5.4.4/esp-idf/components/esp_system/port/cpu_start.c:585
--- 0x40045c01: ets_run_flash_bootloader in ROM
--- 0x40043ab6: main in ROM
--- 0x40034c45: .stack_ok in ROM




ELF file SHA256: 

Rebooting...
ESP-ROM:esp32s3-20210327
Build:Mar 27 2021
rst:0xc (RTC_SW_CPU_RST),boot:0x4 (SPI_FLASH_BOOT)
SPIWP:0xee
mode:DIO, clock div:1
load:0x3fce2810,len:0x1564
load:0x403c8700,len:0x4
load:0x403c8704,len:0xd24
load:0x403cb700,len:0x2ed4
entry 0x403c8928
[0;32mI (10771) boot: ESP-IDF v5.4.4 2nd stage bootloader[0m
[0;32mI (10771) boot: compile time Sep 15 2026 15:17:18[0m
[0;32mI (10771) boot: Multicore bootloader[0m
[0;32mI (10773) boot: chip revision: v0.3[0m
[0;32mI (10773) boot: efuse block revision: v0.0[0m
[0;32mI (10774) boot.esp32s3: Boot SPI Speed : 80MHz[0m
[0;32mI (10774) boot.esp32s3: SPI Mode       : SLOW READ[0m
[0;32mI (10774) boot.esp32s3: SPI Flash Size : 16MB[0m
[0;32mI (10775) boot: Enabling RNG early entropy source...[0m
[0;32mI (10778) boot: Partition Table:[0m
[0;32mI (10778) boot: ## Label            Usage          Type ST Offset   Length[0m
[0;32mI (10778) boot:  0 nvs              WiFi data        01 02 00009000 00006000[0m
[0;32mI (10779) boot:  1 phy_init         RF data          01 01 0000f000 00001000[0m
[0;32mI (10779) boot:  2 factory          factory app      00 00 00010000 00100000[0m
[0;32mI (10779) boot: End of partition table[0m
[0;32mI (10780) esp_image: segment 0: paddr=00010020 vaddr=3c020020 size=0a9e4h ( 43492) map[0m
[0;32mI (10784) esp_image: segment 1: paddr=0001aa0c vaddr=3fc92600 size=02f4ch ( 12108) load[0m
[0;32mI (10785) esp_image: segment 2: paddr=0001d960 vaddr=40374000 size=026b8h (  9912) load[0m
[0;32mI (10787) esp_image: segment 3: paddr=00020020 vaddr=42000020 size=185d8h ( 99800) map[0m
[0;32mI (10796) esp_image: segment 4: paddr=00038600 vaddr=403766b8 size=0bf1ch ( 48924) load[0m
[0;32mI (10803) esp_image: segment 5: paddr=00044524 vaddr=50000000 size=0001ch (    28) load[0m
[0;32mI (10804) boot: Loaded app from partition at offset 0x10000[0m
[0;32mI (10804) boot: Disabling RNG early entropy source...[0m

assert failed: 0x420097f6 <cached disabled>:188 (<cached disabled>)
--- 0x420097f6: s_psram_chip_init at /Users/richardhine/.espressif/v5.4.4/esp-idf/components/esp_psram/esp_psram.c:188(inlined by) esp_psram_init at /Users/richardhine/.espressif/v5.4.4/esp-idf/components/esp_psram/esp_psram.c:385


Backtrace: 0x40375c91:0x3fceb130 0x4037a9cd:0x3fceb150 0x403807c1:0x3fceb170 0x420097f6:0x3fceb290 0x4037546e:0x3fceb2c0 0x403ccaa0:0x3fceb340 0x403ccedd:0x3fceb380 0x403c8991:0x3fceb4b0 0x40045c01:0x3fceb570 0x40043ab6:0x3fceb6f0 0x40034c45:0x3fceb710
--- 0x40375c91: panic_abort at /Users/richardhine/.espressif/v5.4.4/esp-idf/components/esp_system/panic.c:477
--- 0x4037a9cd: esp_system_abort at /Users/richardhine/.espressif/v5.4.4/esp-idf/components/esp_system/port/esp_system_chip.c:87
--- 0x403807c1: __assert_func at /Users/richardhine/.espressif/v5.4.4/esp-idf/components/newlib/assert.c:80
--- 0x420097f6: s_psram_chip_init at /Users/richardhine/.espressif/v5.4.4/esp-idf/components/esp_psram/esp_psram.c:188(inlined by) esp_psram_init at /Users/richardhine/.espressif/v5.4.4/esp-idf/components/esp_psram/esp_psram.c:385
--- 0x4037546e: call_start_cpu0 at /Users/richardhine/.espressif/v5.4.4/esp-idf/components/esp_system/port/cpu_start.c:585
--- 0x40045c01: ets_run_flash_bootloader in ROM
--- 0x40043ab6: main in ROM
--- 0x40034c45: .stack_ok in ROM




ELF file SHA256: 

Rebooting...
ESP-ROM:esp32s3-20210327
Build:Mar 27 2021
rst:0xc (RTC_SW_CPU_RST),boot:0x4 (SPI_FLASH_BOOT)
SPIWP:0xee
mode:DIO, clock div:1
load:0x3fce2810,len:0x1564
load:0x403c8700,len:0x4
load:0x403c8704,len:0xd24
load:0x403cb700,len:0x2ed4
entry 0x403c8928
[0;32mI (10881) boot: ESP-IDF v5.4.4 2nd stage bootloader[0m
[0;32mI (10881) boot: compile time Sep 15 2026 15:17:18[0m
[0;32mI (10881) boot: Multicore bootloader[0m
[0;32mI (10883) boot: chip revision: v0.3[0m
[0;32mI (10883) boot: efuse block revision: v0.0[0m
[0;32mI (10884) boot.esp32s3: Boot SPI Speed : 80MHz[0m
[0;32mI (10884) boot.esp32s3: SPI Mode       : SLOW READ[0m
[0;32mI (10884) boot.esp32s3: SPI Flash Size : 16MB[0m
[0;32mI (10885) boot: Enabling RNG early entropy source...[0m
[0;32mI (10888) boot: Partition Table:[0m
[0;32mI (10888) boot: ## Label            Usage          Type ST Offset   Length[0m
[0;32mI (10888) boot:  0 nvs              WiFi data        01 02 00009000 00006000[0m
[0;32mI (10889) boot:  1 phy_init         RF data          01 01 0000f000 00001000[0m
[0;32mI (10889) boot:  2 factory          factory app      00 00 00010000 00100000[0m
[0;32mI (10889) boot: End of partition table[0m
[0;32mI (10890) esp_image: segment 0: paddr=00010020 vaddr=3c020020 size=0a9e4h ( 43492) map[0m
[0;32mI (10894) esp_image: segment 1: paddr=0001aa0c vaddr=3fc92600 size=02f4ch ( 12108) load[0m
[0;32mI (10895) esp_image: segment 2: paddr=0001d960 vaddr=40374000 size=026b8h (  9912) load[0m
[0;32mI (10897) esp_image: segment 3: paddr=00020020 vaddr=42000020 size=185d8h ( 99800) map[0m
[0;32mI (10906) esp_image: segment 4: paddr=00038600 vaddr=403766b8 size=0bf1ch ( 48924) load[0m
[0;32mI (10912) esp_image: segment 5: paddr=00044524 vaddr=50000000 size=0001ch (    28) load[0m
[0;32mI (10913) boot: Loaded app from partition at offset 0x10000[0m
[0;32mI (10913) boot: Disabling RNG early entropy source...[0m

assert failed: 0x420097f6 <cached disabled>:188 (<cached disabled>)
--- 0x420097f6: s_psram_chip_init at /Users/richardhine/.espressif/v5.4.4/esp-idf/components/esp_psram/esp_psram.c:188(inlined by) esp_psram_init at /Users/richardhine/.espressif/v5.4.4/esp-idf/components/esp_psram/esp_psram.c:385


Backtrace: 0x40375c91:0x3fceb130 0x4037a9cd:0x3fceb150 0x403807c1:0x3fceb170 0x420097f6:0x3fceb290 0x4037546e:0x3fceb2c0 0x403ccaa0:0x3fceb340 0x403ccedd:0x3fceb380 0x403c8991:0x3fceb4b0 0x40045c01:0x3fceb570 0x40043ab6:0x3fceb6f0 0x40034c45:0x3fceb710
--- 0x40375c91: panic_abort at /Users/richardhine/.espressif/v5.4.4/esp-idf/components/esp_system/panic.c:477
--- 0x4037a9cd: esp_system_abort at /Users/richardhine/.espressif/v5.4.4/esp-idf/components/esp_system/port/esp_system_chip.c:87
--- 0x403807c1: __assert_func at /Users/richardhine/.espressif/v5.4.4/esp-idf/components/newlib/assert.c:80
--- 0x420097f6: s_psram_chip_init at /Users/richardhine/.espressif/v5.4.4/esp-idf/components/esp_psram/esp_psram.c:188(inlined by) esp_psram_init at /Users/richardhine/.espressif/v5.4.4/esp-idf/components/esp_psram/esp_psram.c:385
--- 0x4037546e: call_start_cpu0 at /Users/richardhine/.espressif/v5.4.4/esp-idf/components/esp_system/port/cpu_start.c:585
--- 0x40045c01: ets_run_flash_bootloader in ROM
--- 0x40043ab6: main in ROM
--- 0x40034c45: .stack_ok in ROM




ELF file SHA256: 

Rebooting...
ESP-ROM:esp32s3-20210327
Build:Mar 27 2021
rst:0xc (RTC_SW_CPU_RST),boot:0x4 (SPI_FLASH_BOOT)
SPIWP:0xee
mode:DIO, clock div:1
load:0x3fce2810,len:0x1564
load:0x403c8700,len:0x4
load:0x403c8704,len:0xd24
load:0x403cb700,len:0x2ed4
entry 0x403c8928
[0;32mI (10989) boot: ESP-IDF v5.4.4 2nd stage bootloader[0m
[0;32mI (10989) boot: compile time Sep 15 2026 15:17:18[0m
[0;32mI (10990) boot: Multicore bootloader[0m
[0;32mI (10992) boot: chip revision: v0.3[0m
[0;32mI (10992) boot: efuse block revision: v0.0[0m
[0;32mI (10992) boot.esp32s3: Boot SPI Speed : 80MHz[0m
[0;32mI (10992) boot.esp32s3: SPI Mode       : SLOW READ[0m
[0;32mI (10993) boot.esp32s3: SPI Flash Size : 16MB[0m
[0;32mI (10994) boot: Enabling RNG early entropy source...[0m
[0;32mI (10997) boot: Partition Table:[0m
[0;32mI (10997) boot: ## Label            Usage          Type ST Offset   Length[0m
[0;32mI (10997) boot:  0 nvs              WiFi data        01 02 00009000 00006000[0m
[0;32mI (10997) boot:  1 phy_init         RF data          01 01 0000f000 00001000[0m
[0;32mI (10997) boot:  2 factory          factory app      00 00 00010000 00100000[0m
[0;32mI (10998) boot: End of partition table[0m
[0;32mI (10998) esp_image: segment 0: paddr=00010020 vaddr=3c020020 size=0a9e4h ( 43492) map[0m
[0;32mI (11002) esp_image: segment 1: paddr=0001aa0c vaddr=3fc92600 size=02f4ch ( 12108) load[0m
[0;32mI (11003) esp_image: segment 2: paddr=0001d960 vaddr=40374000 size=026b8h (  9912) load[0m
[0;32mI (11005) esp_image: segment 3: paddr=00020020 vaddr=42000020 size=185d8h ( 99800) map[0m
[0;32mI (11015) esp_image: segment 4: paddr=00038600 vaddr=403766b8 size=0bf1ch ( 48924) load[0m
[0;32mI (11022) esp_image: segment 5: paddr=00044524 vaddr=50000000 size=0001ch (    28) load[0m
[0;32mI (11023) boot: Loaded app from partition at offset 0x10000[0m
[0;32mI (11024) boot: Disabling RNG early entropy source...[0m

assert failed: 0x420097f6 <cached disabled>:188 (<cached disabled>)
--- 0x420097f6: s_psram_chip_init at /Users/richardhine/.espressif/v5.4.4/esp-idf/components/esp_psram/esp_psram.c:188(inlined by) esp_psram_init at /Users/richardhine/.espressif/v5.4.4/esp-idf/components/esp_psram/esp_psram.c:385


Backtrace: 0x40375c91:0x3fceb130 0x4037a9cd:0x3fceb150 0x403807c1:0x3fceb170 0x420097f6:0x3fceb290 0x4037546e:0x3fceb2c0 0x403ccaa0:0x3fceb340 0x403ccedd:0x3fceb380 0x403c8991:0x3fceb4b0 0x40045c01:0x3fceb570 0x40043ab6:0x3fceb6f0 0x40034c45:0x3fceb710
--- 0x40375c91: panic_abort at /Users/richardhine/.espressif/v5.4.4/esp-idf/components/esp_system/panic.c:477
--- 0x4037a9cd: esp_system_abort at /Users/richardhine/.espressif/v5.4.4/esp-idf/components/esp_system/port/esp_system_chip.c:87
--- 0x403807c1: __assert_func at /Users/richardhine/.espressif/v5.4.4/esp-idf/components/newlib/assert.c:80
--- 0x420097f6: s_psram_chip_init at /Users/richardhine/.espressif/v5.4.4/esp-idf/components/esp_psram/esp_psram.c:188(inlined by) esp_psram_init at /Users/richardhine/.espressif/v5.4.4/esp-idf/components/esp_psram/esp_psram.c:385
--- 0x4037546e: call_start_cpu0 at /Users/richardhine/.espressif/v5.4.4/esp-idf/components/esp_system/port/cpu_start.c:585
--- 0x40045c01: ets_run_flash_bootloader in ROM
--- 0x40043ab6: main in ROM
--- 0x40034c45: .stack_ok in ROM




ELF file SHA256: 

Rebooting...
ESP-ROM:esp32s3-20210327
Build:Mar 27 2021
rst:0xc (RTC_SW_CPU_RST),boot:0x4 (SPI_FLASH_BOOT)
SPIWP:0xee
mode:DIO, clock div:1
load:0x3fce2810,len:0x1564
load:0x403c8700,len:0x4
load:0x403c8704,len:0xd24
load:0x403cb700,len:0x2ed4
entry 0x403c8928
[0;32mI (11101) boot: ESP-IDF v5.4.4 2nd stage bootloader[0m
[0;32mI (11101) boot: compile time Sep 15 2026 15:17:18[0m
[0;32mI (11101) boot: Multicore bootloader[0m
[0;32mI (11103) boot: chip revision: v0.3[0m
[0;32mI (11104) boot: efuse block revision: v0.0[0m
[0;32mI (11104) boot.esp32s3: Boot SPI Speed : 80MHz[0m
[0;32mI (11104) boot.esp32s3: SPI Mode       : SLOW READ[0m
[0;32mI (11104) boot.esp32s3: SPI Flash Size : 16MB[0m
[0;32mI (11105) boot: Enabling RNG early entropy source...[0m
[0;32mI (11108) boot: Partition Table:[0m
[0;32mI (11108) boot: ## Label            Usage          Type ST Offset   Length[0m
[0;32mI (11108) boot:  0 nvs              WiFi data        01 02 00009000 00006000[0m
[0;32mI (11109) boot:  1 phy_init         RF data          01 01 0000f000 00001000[0m
[0;32mI (11109) boot:  2 factory          factory app      00 00 00010000 00100000[0m
[0;32mI (11109) boot: End of partition table[0m
[0;32mI (11110) esp_image: segment 0: paddr=00010020 vaddr=3c020020 size=0a9e4h ( 43492) map[0m
[0;32mI (11113) esp_image: segment 1: paddr=0001aa0c vaddr=3fc92600 size=02f4ch ( 12108) load[0m
[0;32mI (11115) esp_image: segment 2: paddr=0001d960 vaddr=40374000 size=026b8h (  9912) load[0m
[0;32mI (11117) esp_image: segment 3: paddr=00020020 vaddr=42000020 size=185d8h ( 99800) map[0m
[0;32mI (11124) esp_image: segment 4: paddr=00038600 vaddr=403766b8 size=0bf1ch ( 48924) load[0m
[0;32mI (11129) esp_image: segment 5: paddr=00044524 vaddr=50000000 size=0001ch (    28) load[0m
[0;32mI (11130) boot: Loaded app from partition at offset 0x10000[0m
[0;32mI (11130) boot: Disabling RNG early entropy source...[0m

assert failed: 0x420097f6 <cached disabled>:188 (<cached disabled>)
--- 0x420097f6: s_psram_chip_init at /Users/richardhine/.espressif/v5.4.4/esp-idf/components/esp_psram/esp_psram.c:188(inlined by) esp_psram_init at /Users/richardhine/.espressif/v5.4.4/esp-idf/components/esp_psram/esp_psram.c:385


Backtrace: 0x40375c91:0x3fceb130 0x4037a9cd:0x3fceb150 0x403807c1:0x3fceb170 0x420097f6:0x3fceb290 0x4037546e:0x3fceb2c0 0x403ccaa0:0x3fceb340 0x403ccedd:0x3fceb380 0x403c8991:0x3fceb4b0 0x40045c01:0x3fceb570 0x40043ab6:0x3fceb6f0 0x40034c45:0x3fceb710
--- 0x40375c91: panic_abort at /Users/richardhine/.espressif/v5.4.4/esp-idf/components/esp_system/panic.c:477
--- 0x4037a9cd: esp_system_abort at /Users/richardhine/.espressif/v5.4.4/esp-idf/components/esp_system/port/esp_system_chip.c:87
--- 0x403807c1: __assert_func at /Users/richardhine/.espressif/v5.4.4/esp-idf/components/newlib/assert.c:80
--- 0x420097f6: s_psram_chip_init at /Users/richardhine/.espressif/v5.4.4/esp-idf/components/esp_psram/esp_psram.c:188(inlined by) esp_psram_init at /Users/richardhine/.espressif/v5.4.4/esp-idf/components/esp_psram/esp_psram.c:385
--- 0x4037546e: call_start_cpu0 at /Users/richardhine/.espressif/v5.4.4/esp-idf/components/esp_system/port/cpu_start.c:585
--- 0x40045c01: ets_run_flash_bootloader in ROM
--- 0x40043ab6: main in ROM
--- 0x40034c45: .stack_ok in ROM




ELF file SHA256: 

Rebooting...
ESP-ROM:esp32s3-20210327
Build:Mar 27 2021
rst:0xc (RTC_SW_CPU_RST),boot:0x4 (SPI_FLASH_BOOT)
SPIWP:0xee
mode:DIO, clock div:1
load:0x3fce2810,len:0x1564
load:0x403c8700,len:0x4
load:0x403c8704,len:0xd24
load:0x403cb700,len:0x2ed4
entry 0x403c8928
[0;32mI (11206) boot: ESP-IDF v5.4.4 2nd stage bootloader[0m
[0;32mI (11206) boot: compile time Sep 15 2026 15:17:18[0m
[0;32mI (11206) boot: Multicore bootloader[0m
[0;32mI (11208) boot: chip revision: v0.3[0m
[0;32mI (11208) boot: efuse block revision: v0.0[0m
[0;32mI (11209) boot.esp32s3: Boot SPI Speed : 80MHz[0m
[0;32mI (11209) boot.esp32s3: SPI Mode       : SLOW READ[0m
[0;32mI (11209) boot.esp32s3: SPI Flash Size : 16MB[0m
[0;32mI (11211) boot: Enabling RNG early entropy source...[0m
[0;32mI (11214) boot: Partition Table:[0m
[0;32mI (11214) boot: ## Label            Usage          Type ST Offset   Length[0m
[0;32mI (11214) boot:  0 nvs              WiFi data        01 02 00009000 00006000[0m
[0;32mI (11214) boot:  1 phy_init         RF data          01 01 0000f000 00001000[0m
[0;32mI (11215) boot:  2 factory          factory app      00 00 00010000 00100000[0m
[0;32mI (11215) boot: End of partition table[0m
[0;32mI (11216) esp_image: segment 0: paddr=00010020 vaddr=3c020020 size=0a9e4h ( 43492) map[0m
[0;32mI (11219) esp_image: segment 1: paddr=0001aa0c vaddr=3fc92600 size=02f4ch ( 12108) load[0m
[0;32mI (11221) esp_image: segment 2: paddr=0001d960 vaddr=40374000 size=026b8h (  9912) load[0m
[0;32mI (11222) esp_image: segment 3: paddr=00020020 vaddr=42000020 size=185d8h ( 99800) map[0m
[0;32mI (11230) esp_image: segment 4: paddr=00038600 vaddr=403766b8 size=0bf1ch ( 48924) load[0m
[0;32mI (11237) esp_image: segment 5: paddr=00044524 vaddr=50000000 size=0001ch (    28) load[0m
[0;32mI (11237) boot: Loaded app from partition at offset 0x10000[0m
[0;32mI (11238) boot: Disabling RNG early entropy source...[0m

assert failed: 0x420097f6 <cached disabled>:188 (<cached disabled>)
--- 0x420097f6: s_psram_chip_init at /Users/richardhine/.espressif/v5.4.4/esp-idf/components/esp_psram/esp_psram.c:188(inlined by) esp_psram_init at /Users/richardhine/.espressif/v5.4.4/esp-idf/components/esp_psram/esp_psram.c:385


Backtrace: 0x40375c91:0x3fceb130 0x4037a9cd:0x3fceb150 0x403807c1:0x3fceb170 0x420097f6:0x3fceb290 0x4037546e:0x3fceb2c0 0x403ccaa0:0x3fceb340 0x403ccedd:0x3fceb380 0x403c8991:0x3fceb4b0 0x40045c01:0x3fceb570 0x40043ab6:0x3fceb6f0 0x40034c45:0x3fceb710
--- 0x40375c91: panic_abort at /Users/richardhine/.espressif/v5.4.4/esp-idf/components/esp_system/panic.c:477
--- 0x4037a9cd: esp_system_abort at /Users/richardhine/.espressif/v5.4.4/esp-idf/components/esp_system/port/esp_system_chip.c:87
--- 0x403807c1: __assert_func at /Users/richardhine/.espressif/v5.4.4/esp-idf/components/newlib/assert.c:80
--- 0x420097f6: s_psram_chip_init at /Users/richardhine/.espressif/v5.4.4/esp-idf/components/esp_psram/esp_psram.c:188(inlined by) esp_psram_init at /Users/richardhine/.espressif/v5.4.4/esp-idf/components/esp_psram/esp_psram.c:385
--- 0x4037546e: call_start_cpu0 at /Users/richardhine/.espressif/v5.4.4/esp-idf/components/esp_system/port/cpu_start.c:585
--- 0x40045c01: ets_run_flash_bootloader in ROM
--- 0x40043ab6: main in ROM
--- 0x40034c45: .stack_ok in ROM




ELF file SHA256: 

Rebooting...
ESP-ROM:esp32s3-20210327
Build:Mar 27 2021
rst:0xc (RTC_SW_CPU_RST),boot:0x4 (SPI_FLASH_BOOT)
SPIWP:0xee
mode:DIO, clock div:1
load:0x3fce2810,len:0x1564
load:0x403c8700,len:0x4
load:0x403c8704,len:0xd24
load:0x403cb700,len:0x2ed4
entry 0x403c8928
[0;32mI (11315) boot: ESP-IDF v5.4.4 2nd stage bootloader[0m
[0;32mI (11315) boot: compile time Sep 15 2026 15:17:18[0m
[0;32mI (11315) boot: Multicore bootloader[0m
[0;32mI (11317) boot: chip revision: v0.3[0m
[0;32mI (11317) boot: efuse block revision: v0.0[0m
[0;32mI (11317) boot.esp32s3: Boot SPI Speed : 80MHz[0m
[0;32mI (11317) boot.esp32s3: SPI Mode       : SLOW READ[0m
[0;32mI (11318) boot.esp32s3: SPI Flash Size : 16MB[0m
[0;32mI (11319) boot: Enabling RNG early entropy source...[0m
[0;32mI (11321) boot: Partition Table:[0m
[0;32mI (11322) boot: ## Label            Usage          Type ST Offset   Length[0m
[0;32mI (11322) boot:  0 nvs              WiFi data        01 02 00009000 00006000[0m
[0;32mI (11322) boot:  1 phy_init         RF data          01 01 0000f000 00001000[0m
[0;32mI (11322) boot:  2 factory          factory app      00 00 00010000 00100000[0m
[0;32mI (11323) boot: End of partition table[0m
[0;32mI (11323) esp_image: segment 0: paddr=00010020 vaddr=3c020020 size=0a9e4h ( 43492) map[0m
[0;32mI (11327) esp_image: segment 1: paddr=0001aa0c vaddr=3fc92600 size=02f4ch ( 12108) load[0m
[0;32mI (11329) esp_image: segment 2: paddr=0001d960 vaddr=40374000 size=026b8h (  9912) load[0m
[0;32mI (11330) esp_image: segment 3: paddr=00020020 vaddr=42000020 size=185d8h ( 99800) map[0m
[0;32mI (11341) esp_image: segment 4: paddr=00038600 vaddr=403766b8 size=0bf1ch ( 48924) load[0m
[0;32mI (11349) esp_image: segment 5: paddr=00044524 vaddr=50000000 size=0001ch (    28) load[0m
[0;32mI (11350) boot: Loaded app from partition at offset 0x10000[0m
[0;32mI (11350) boot: Disabling RNG early entropy source...[0m

assert failed: 0x420097f6 <cached disabled>:188 (<cached disabled>)
--- 0x420097f6: s_psram_chip_init at /Users/richardhine/.espressif/v5.4.4/esp-idf/components/esp_psram/esp_psram.c:188(inlined by) esp_psram_init at /Users/richardhine/.espressif/v5.4.4/esp-idf/components/esp_psram/esp_psram.c:385


Backtrace: 0x40375c91:0x3fceb130 0x4037a9cd:0x3fceb150 0x403807c1:0x3fceb170 0x420097f6:0x3fceb290 0x4037546e:0x3fceb2c0 0x403ccaa0:0x3fceb340 0x403ccedd:0x3fceb380 0x403c8991:0x3fceb4b0 0x40045c01:0x3fceb570 0x40043ab6:0x3fceb6f0 0x40034c45:0x3fceb710
--- 0x40375c91: panic_abort at /Users/richardhine/.espressif/v5.4.4/esp-idf/components/esp_system/panic.c:477
--- 0x4037a9cd: esp_system_abort at /Users/richardhine/.espressif/v5.4.4/esp-idf/components/esp_system/port/esp_system_chip.c:87
--- 0x403807c1: __assert_func at /Users/richardhine/.espressif/v5.4.4/esp-idf/components/newlib/assert.c:80
--- 0x420097f6: s_psram_chip_init at /Users/richardhine/.espressif/v5.4.4/esp-idf/components/esp_psram/esp_psram.c:188(inlined by) esp_psram_init at /Users/richardhine/.espressif/v5.4.4/esp-idf/components/esp_psram/esp_psram.c:385
--- 0x4037546e: call_start_cpu0 at /Users/richardhine/.espressif/v5.4.4/esp-idf/components/esp_system/port/cpu_start.c:585
--- 0x40045c01: ets_run_flash_bootloader in ROM
--- 0x40043ab6: main in ROM
--- 0x40034c45: .stack_ok in ROM




ELF file SHA256: 

Rebooting...
ESP-ROM:esp32s3-20210327
Build:Mar 27 2021
rst:0xc (RTC_SW_CPU_RST),boot:0x4 (SPI_FLASH_BOOT)
SPIWP:0xee
mode:DIO, clock div:1
load:0x3fce2810,len:0x1564
load:0x403c8700,len:0x4
load:0x403c8704,len:0xd24
load:0x403cb700,len:0x2ed4
entry 0x403c8928
[0;32mI (11427) boot: ESP-IDF v5.4.4 2nd stage bootloader[0m
[0;32mI (11428) boot: compile time Sep 15 2026 15:17:18[0m
[0;32mI (11428) boot: Multicore bootloader[0m
[0;32mI (11430) boot: chip revision: v0.3[0m
[0;32mI (11430) boot: efuse block revision: v0.0[0m
[0;32mI (11430) boot.esp32s3: Boot SPI Speed : 80MHz[0m
[0;32mI (11431) boot.esp32s3: SPI Mode       : SLOW READ[0m
[0;32mI (11431) boot.esp32s3: SPI Flash Size : 16MB[0m
[0;32mI (11432) boot: Enabling RNG early entropy source...[0m
[0;32mI (11435) boot: Partition Table:[0m
[0;32mI (11435) boot: ## Label            Usage          Type ST Offset   Length[0m
[0;32mI (11435) boot:  0 nvs              WiFi data        01 02 00009000 00006000[0m
[0;32mI (11435) boot:  1 phy_init         RF data          01 01 0000f000 00001000[0m
[0;32mI (11435) boot:  2 factory          factory app      00 00 00010000 00100000[0m
[0;32mI (11436) boot: End of partition table[0m
[0;32mI (11437) esp_image: segment 0: paddr=00010020 vaddr=3c020020 size=0a9e4h ( 43492) map[0m
[0;32mI (11441) esp_image: segment 1: paddr=0001aa0c vaddr=3fc92600 size=02f4ch ( 12108) load[0m
[0;32mI (11442) esp_image: segment 2: paddr=0001d960 vaddr=40374000 size=026b8h (  9912) load[0m
[0;32mI (11444) esp_image: segment 3: paddr=00020020 vaddr=42000020 size=185d8h ( 99800) map[0m
[0;32mI (11455) esp_image: segment 4: paddr=00038600 vaddr=403766b8 size=0bf1ch ( 48924) load[0m
[0;32mI (11463) esp_image: segment 5: paddr=00044524 vaddr=50000000 size=0001ch (    28) load[0m
[0;32mI (11464) boot: Loaded app from partition at offset 0x10000[0m
[0;32mI (11464) boot: Disabling RNG early entropy source...[0m

assert failed: 0x420097f6 <cached disabled>:188 (<cached disabled>)
--- 0x420097f6: s_psram_chip_init at /Users/richardhine/.espressif/v5.4.4/esp-idf/components/esp_psram/esp_psram.c:188(inlined by) esp_psram_init at /Users/richardhine/.espressif/v5.4.4/esp-idf/components/esp_psram/esp_psram.c:385


Backtrace: 0x40375c91:0x3fceb130 0x4037a9cd:0x3fceb150 0x403807c1:0x3fceb170 0x420097f6:0x3fceb290 0x4037546e:0x3fceb2c0 0x403ccaa0:0x3fceb340 0x403ccedd:0x3fceb380 0x403c8991:0x3fceb4b0 0x40045c01:0x3fceb570 0x40043ab6:0x3fceb6f0 0x40034c45:0x3fceb710
--- 0x40375c91: panic_abort at /Users/richardhine/.espressif/v5.4.4/esp-idf/components/esp_system/panic.c:477
--- 0x4037a9cd: esp_system_abort at /Users/richardhine/.espressif/v5.4.4/esp-idf/components/esp_system/port/esp_system_chip.c:87
--- 0x403807c1: __assert_func at /Users/richardhine/.espressif/v5.4.4/esp-idf/components/newlib/assert.c:80
--- 0x420097f6: s_psram_chip_init at /Users/richardhine/.espressif/v5.4.4/esp-idf/components/esp_psram/esp_psram.c:188(inlined by) esp_psram_init at /Users/richardhine/.espressif/v5.4.4/esp-idf/components/esp_psram/esp_psram.c:385
--- 0x4037546e: call_start_cpu0 at /Users/richardhine/.espressif/v5.4.4/esp-idf/components/esp_system/port/cpu_start.c:585
--- 0x40045c01: ets_run_flash_bootloader in ROM
--- 0x40043ab6: main in ROM
--- 0x40034c45: .stack_ok in ROM




ELF file SHA256: 

Rebooting...
ESP-ROM:esp32s3-20210327
Build:Mar 27 2021
rst:0xc (RTC_SW_CPU_RST),boot:0x4 (SPI_FLASH_BOOT)
SPIWP:0xee
mode:DIO, clock div:1
load:0x3fce2810,len:0x1564
load:0x403c8700,len:0x4
load:0x403c8704,len:0xd24
load:0x403cb700,len:0x2ed4
entry 0x403c8928
[0;32mI (11541) boot: ESP-IDF v5.4.4 2nd stage bootloader[0m
[0;32mI (11542) boot: compile time Sep 15 2026 15:17:18[0m
[0;32mI (11542) boot: Multicore bootloader[0m
[0;32mI (11544) boot: chip revision: v0.3[0m
[0;32mI (11544) boot: efuse block revision: v0.0[0m
[0;32mI (11544) boot.esp32s3: Boot SPI Speed : 80MHz[0m
[0;32mI (11544) boot.esp32s3: SPI Mode       : SLOW READ[0m
[0;32mI (11545) boot.esp32s3: SPI Flash Size : 16MB[0m
[0;32mI (11546) boot: Enabling RNG early entropy source...[0m
[0;32mI (11548) boot: Partition Table:[0m
[0;32mI (11548) boot: ## Label            Usage          Type ST Offset   Length[0m
[0;32mI (11549) boot:  0 nvs              WiFi data        01 02 00009000 00006000[0m
[0;32mI (11549) boot:  1 phy_init         RF data          01 01 0000f000 00001000[0m
[0;32mI (11549) boot:  2 factory          factory app      00 00 00010000 00100000[0m
[0;32mI (11550) boot: End of partition table[0m
[0;32mI (11550) esp_image: segment 0: paddr=00010020 vaddr=3c020020 size=0a9e4h ( 43492) map[0m
[0;32mI (11554) esp_image: segment 1: paddr=0001aa0c vaddr=3fc92600 size=02f4ch ( 12108) load[0m
[0;32mI (11556) esp_image: segment 2: paddr=0001d960 vaddr=40374000 size=026b8h (  9912) load[0m
[0;32mI (11557) esp_image: segment 3: paddr=00020020 vaddr=42000020 size=185d8h ( 99800) map[0m
[0;32mI (11568) esp_image: segment 4: paddr=00038600 vaddr=403766b8 size=0bf1ch ( 48924) load[0m
[0;32mI (11576) esp_image: segment 5: paddr=00044524 vaddr=50000000 size=0001ch (    28) load[0m
[0;32mI (11577) boot: Loaded app from partition at offset 0x10000[0m
[0;32mI (11577) boot: Disabling RNG early entropy source...[0m

assert failed: 0x420097f6 <cached disabled>:188 (<cached disabled>)
--- 0x420097f6: s_psram_chip_init at /Users/richardhine/.espressif/v5.4.4/esp-idf/components/esp_psram/esp_psram.c:188(inlined by) esp_psram_init at /Users/richardhine/.espressif/v5.4.4/esp-idf/components/esp_psram/esp_psram.c:385


Backtrace: 0x40375c91:0x3fceb130 0x4037a9cd:0x3fceb150 0x403807c1:0x3fceb170 0x420097f6:0x3fceb290 0x4037546e:0x3fceb2c0 0x403ccaa0:0x3fceb340 0x403ccedd:0x3fceb380 0x403c8991:0x3fceb4b0 0x40045c01:0x3fceb570 0x40043ab6:0x3fceb6f0 0x40034c45:0x3fceb710
--- 0x40375c91: panic_abort at /Users/richardhine/.espressif/v5.4.4/esp-idf/components/esp_system/panic.c:477
--- 0x4037a9cd: esp_system_abort at /Users/richardhine/.espressif/v5.4.4/esp-idf/components/esp_system/port/esp_system_chip.c:87
--- 0x403807c1: __assert_func at /Users/richardhine/.espressif/v5.4.4/esp-idf/components/newlib/assert.c:80
--- 0x420097f6: s_psram_chip_init at /Users/richardhine/.espressif/v5.4.4/esp-idf/components/esp_psram/esp_psram.c:188(inlined by) esp_psram_init at /Users/richardhine/.espressif/v5.4.4/esp-idf/components/esp_psram/esp_psram.c:385
--- 0x4037546e: call_start_cpu0 at /Users/richardhine/.espressif/v5.4.4/esp-idf/components/esp_system/port/cpu_start.c:585
--- 0x40045c01: ets_run_flash_bootloader in ROM
--- 0x40043ab6: main in ROM
--- 0x40034c45: .stack_ok in ROM




ELF file SHA256: 

Rebooting...
ESP-ROM:esp32s3-20210327
Build:Mar 27 2021
rst:0xc (RTC_SW_CPU_RST),boot:0x4 (SPI_FLASH_BOOT)
SPIWP:0xee
mode:DIO, clock div:1
load:0x3fce2810,len:0x1564
load:0x403c8700,len:0x4
load:0x403c8704,len:0xd24
load:0x403cb700,len:0x2ed4
entry 0x403c8928
[0;32mI (11655) boot: ESP-IDF v5.4.4 2nd stage bootloader[0m
[0;32mI (11655) boot: compile time Sep 15 2026 15:17:18[0m
[0;32mI (11655) boot: Multicore bootloader[0m
[0;32mI (11657) boot: chip revision: v0.3[0m
[0;32mI (11657) boot: efuse block revision: v0.0[0m
[0;32mI (11658) boot.esp32s3: Boot SPI Speed : 80MHz[0m
[0;32mI (11658) boot.esp32s3: SPI Mode       : SLOW READ[0m
[0;32mI (11658) boot.esp32s3: SPI Flash Size : 16MB[0m
[0;32mI (11659) boot: Enabling RNG early entropy source...[0m
[0;32mI (11662) boot: Partition Table:[0m
[0;32mI (11662) boot: ## Label            Usage          Type ST Offset   Length[0m
[0;32mI (11663) boot:  0 nvs              WiFi data        01 02 00009000 00006000[0m
[0;32mI (11663) boot:  1 phy_init         RF data          01 01 0000f000 00001000[0m
[0;32mI (11663) boot:  2 factory          factory app      00 00 00010000 00100000[0m
[0;32mI (11664) boot: End of partition table[0m
[0;32mI (11664) esp_image: segment 0: paddr=00010020 vaddr=3c020020 size=0a9e4h ( 43492) map[0m
[0;32mI (11668) esp_image: segment 1: paddr=0001aa0c vaddr=3fc92600 size=02f4ch ( 12108) load[0m
[0;32mI (11670) esp_image: segment 2: paddr=0001d960 vaddr=40374000 size=026b8h (  9912) load[0m
[0;32mI (11672) esp_image: segment 3: paddr=00020020 vaddr=42000020 size=185d8h ( 99800) map[0m
[0;32mI (11683) esp_image: segment 4: paddr=00038600 vaddr=403766b8 size=0bf1ch ( 48924) load[0m
[0;32mI (11692) esp_image: segment 5: paddr=00044524 vaddr=50000000 size=0001ch (    28) load[0m
[0;32mI (11693) boot: Loaded app from partition at offset 0x10000[0m
[0;32mI (11693) boot: Disabling RNG early entropy source...[0m

assert failed: 0x420097f6 <cached disabled>:188 (<cached disabled>)
--- 0x420097f6: s_psram_chip_init at /Users/richardhine/.espressif/v5.4.4/esp-idf/components/esp_psram/esp_psram.c:188(inlined by) esp_psram_init at /Users/richardhine/.espressif/v5.4.4/esp-idf/components/esp_psram/esp_psram.c:385


Backtrace: 0x40375c91:0x3fceb130 0x4037a9cd:0x3fceb150 0x403807c1:0x3fceb170 0x420097f6:0x3fceb290 0x4037546e:0x3fceb2c0 0x403ccaa0:0x3fceb340 0x403ccedd:0x3fceb380 0x403c8991:0x3fceb4b0 0x40045c01:0x3fceb570 0x40043ab6:0x3fceb6f0 0x40034c45:0x3fceb710
--- 0x40375c91: panic_abort at /Users/richardhine/.espressif/v5.4.4/esp-idf/components/esp_system/panic.c:477
--- 0x4037a9cd: esp_system_abort at /Users/richardhine/.espressif/v5.4.4/esp-idf/components/esp_system/port/esp_system_chip.c:87
--- 0x403807c1: __assert_func at /Users/richardhine/.espressif/v5.4.4/esp-idf/components/newlib/assert.c:80
--- 0x420097f6: s_psram_chip_init at /Users/richardhine/.espressif/v5.4.4/esp-idf/components/esp_psram/esp_psram.c:188(inlined by) esp_psram_init at /Users/richardhine/.espressif/v5.4.4/esp-idf/components/esp_psram/esp_psram.c:385
--- 0x4037546e: call_start_cpu0 at /Users/richardhine/.espressif/v5.4.4/esp-idf/components/esp_system/port/cpu_start.c:585
--- 0x40045c01: ets_run_flash_bootloader in ROM
--- 0x40043ab6: main in ROM
--- 0x40034c45: .stack_ok in ROM




ELF file SHA256: 

Rebooting...
ESP-ROM:esp32s3-20210327
Build:Mar 27 2021
rst:0xc (RTC_SW_CPU_RST),boot:0x4 (SPI_FLASH_BOOT)
SPIWP:0xee
mode:DIO, clock div:1
load:0x3fce2810,len:0x1564
load:0x403c8700,len:0x4
load:0x403c8704,len:0xd24
load:0x403cb700,len:0x2ed4
entry 0x403c8928
[0;32mI (11771) boot: ESP-IDF v5.4.4 2nd stage bootloader[0m
[0;32mI (11772) boot: compile time Sep 15 2026 15:17:18[0m
[0;32mI (11772) boot: Multicore bootloader[0m
[0;32mI (11774) boot: chip revision: v0.3[0m
[0;32mI (11774) boot: efuse block revision: v0.0[0m
[0;32mI (11775) boot.esp32s3: Boot SPI Speed : 80MHz[0m
[0;32mI (11775) boot.esp32s3: SPI Mode       : SLOW READ[0m
[0;32mI (11775) boot.esp32s3: SPI Flash Size : 16MB[0m
[0;32mI (11776) boot: Enabling RNG early entropy source...[0m
[0;32mI (11779) boot: Partition Table:[0m
[0;32mI (11779) boot: ## Label            Usage          Type ST Offset   Length[0m
[0;32mI (11780) boot:  0 nvs              WiFi data        01 02 00009000 00006000[0m
[0;32mI (11780) boot:  1 phy_init         RF data          01 01 0000f000 00001000[0m
[0;32mI (11780) boot:  2 factory          factory app      00 00 00010000 00100000[0m
[0;32mI (11781) boot: End of partition table[0m
[0;32mI (11781) esp_image: segment 0: paddr=00010020 vaddr=3c020020 size=0a9e4h ( 43492) map[0m
[0;32mI (11785) esp_image: segment 1: paddr=0001aa0c vaddr=3fc92600 size=02f4ch ( 12108) load[0m
[0;32mI (11787) esp_image: segment 2: paddr=0001d960 vaddr=40374000 size=026b8h (  9912) load[0m
[0;32mI (11789) esp_image: segment 3: paddr=00020020 vaddr=42000020 size=185d8h ( 99800) map[0m
[0;32mI (11798) esp_image: segment 4: paddr=00038600 vaddr=403766b8 size=0bf1ch ( 48924) load[0m
[0;32mI (11806) esp_image: segment 5: paddr=00044524 vaddr=50000000 size=0001ch (    28) load[0m
[0;32mI (11807) boot: Loaded app from partition at offset 0x10000[0m
[0;32mI (11807) boot: Disabling RNG early entropy source...[0m

assert failed: 0x420097f6 <cached disabled>:188 (<cached disabled>)
--- 0x420097f6: s_psram_chip_init at /Users/richardhine/.espressif/v5.4.4/esp-idf/components/esp_psram/esp_psram.c:188(inlined by) esp_psram_init at /Users/richardhine/.espressif/v5.4.4/esp-idf/components/esp_psram/esp_psram.c:385


Backtrace: 0x40375c91:0x3fceb130 0x4037a9cd:0x3fceb150 0x403807c1:0x3fceb170 0x420097f6:0x3fceb290 0x4037546e:0x3fceb2c0 0x403ccaa0:0x3fceb340 0x403ccedd:0x3fceb380 0x403c8991:0x3fceb4b0 0x40045c01:0x3fceb570 0x40043ab6:0x3fceb6f0 0x40034c45:0x3fceb710
--- 0x40375c91: panic_abort at /Users/richardhine/.espressif/v5.4.4/esp-idf/components/esp_system/panic.c:477
--- 0x4037a9cd: esp_system_abort at /Users/richardhine/.espressif/v5.4.4/esp-idf/components/esp_system/port/esp_system_chip.c:87
--- 0x403807c1: __assert_func at /Users/richardhine/.espressif/v5.4.4/esp-idf/components/newlib/assert.c:80
--- 0x420097f6: s_psram_chip_init at /Users/richardhine/.espressif/v5.4.4/esp-idf/components/esp_psram/esp_psram.c:188(inlined by) esp_psram_init at /Users/richardhine/.espressif/v5.4.4/esp-idf/components/esp_psram/esp_psram.c:385
--- 0x4037546e: call_start_cpu0 at /Users/richardhine/.espressif/v5.4.4/esp-idf/components/esp_system/port/cpu_start.c:585
--- 0x40045c01: ets_run_flash_bootloader in ROM
--- 0x40043ab6: main in ROM
--- 0x40034c45: .stack_ok in ROM




ELF file SHA256: 

Rebooting...
ESP-ROM:esp32s3-20210327
Build:Mar 27 2021
rst:0xc (RTC_SW_CPU_RST),boot:0x4 (SPI_FLASH_BOOT)
SPIWP:0xee
mode:DIO, clock div:1
load:0x3fce2810,len:0x1564
load:0x403c8700,len:0x4
load:0x403c8704,len:0xd24
load:0x403cb700,len:0x2ed4
entry 0x403c8928
[0;32mI (11887) boot: ESP-IDF v5.4.4 2nd stage bootloader[0m
[0;32mI (11887) boot: compile time Sep 15 2026 15:17:18[0m
[0;32mI (11887) boot: Multicore bootloader[0m
[0;32mI (11889) boot: chip revision: v0.3[0m
[0;32mI (11890) boot: efuse block revision: v0.0[0m
[0;32mI (11890) boot.esp32s3: Boot SPI Speed : 80MHz[0m
[0;32mI (11890) boot.esp32s3: SPI Mode       : SLOW READ[0m
[0;32mI (11890) boot.esp32s3: SPI Flash Size : 16MB[0m
[0;32mI (11892) boot: Enabling RNG early entropy source...[0m
[0;32mI (11894) boot: Partition Table:[0m
[0;32mI (11894) boot: ## Label            Usage          Type ST Offset   Length[0m
[0;32mI (11895) boot:  0 nvs              WiFi data        01 02 00009000 00006000[0m
[0;32mI (11895) boot:  1 phy_init         RF data          01 01 0000f000 00001000[0m
[0;32mI (11895) boot:  2 factory          factory app      00 00 00010000 00100000[0m
[0;32mI (11896) boot: End of partition table[0m
[0;32mI (11896) esp_image: segment 0: paddr=00010020 vaddr=3c020020 size=0a9e4h ( 43492) map[0m
[0;32mI (11900) esp_image: segment 1: paddr=0001aa0c vaddr=3fc92600 size=02f4ch ( 12108) load[0m
[0;32mI (11901) esp_image: segment 2: paddr=0001d960 vaddr=40374000 size=026b8h (  9912) load[0m
[0;32mI (11903) esp_image: segment 3: paddr=00020020 vaddr=42000020 size=185d8h ( 99800) map[0m
[0;32mI (11913) esp_image: segment 4: paddr=00038600 vaddr=403766b8 size=0bf1ch ( 48924) load[0m
[0;32mI (11920) esp_image: segment 5: paddr=00044524 vaddr=50000000 size=0001ch (    28) load[0m
[0;32mI (11921) boot: Loaded app from partition at offset 0x10000[0m
[0;32mI (11921) boot: Disabling RNG early entropy source...[0m

assert failed: 0x420097f6 <cached disabled>:188 (<cached disabled>)
--- 0x420097f6: s_psram_chip_init at /Users/richardhine/.espressif/v5.4.4/esp-idf/components/esp_psram/esp_psram.c:188(inlined by) esp_psram_init at /Users/richardhine/.espressif/v5.4.4/esp-idf/components/esp_psram/esp_psram.c:385


Backtrace: 0x40375c91:0x3fceb130 0x4037a9cd:0x3fceb150 0x403807c1:0x3fceb170 0x420097f6:0x3fceb290 0x4037546e:0x3fceb2c0 0x403ccaa0:0x3fceb340 0x403ccedd:0x3fceb380 0x403c8991:0x3fceb4b0 0x40045c01:0x3fceb570 0x40043ab6:0x3fceb6f0 0x40034c45:0x3fceb710
--- 0x40375c91: panic_abort at /Users/richardhine/.espressif/v5.4.4/esp-idf/components/esp_system/panic.c:477
--- 0x4037a9cd: esp_system_abort at /Users/richardhine/.espressif/v5.4.4/esp-idf/components/esp_system/port/esp_system_chip.c:87
--- 0x403807c1: __assert_func at /Users/richardhine/.espressif/v5.4.4/esp-idf/components/newlib/assert.c:80
--- 0x420097f6: s_psram_chip_init at /Users/richardhine/.espressif/v5.4.4/esp-idf/components/esp_psram/esp_psram.c:188(inlined by) esp_psram_init at /Users/richardhine/.espressif/v5.4.4/esp-idf/components/esp_psram/esp_psram.c:385
--- 0x4037546e: call_start_cpu0 at /Users/richardhine/.espressif/v5.4.4/esp-idf/components/esp_system/port/cpu_start.c:585
--- 0x40045c01: ets_run_flash_bootloader in ROM
--- 0x40043ab6: main in ROM
--- 0x40034c45: .stack_ok in ROM




ELF file SHA256: 

Rebooting...
ESP-ROM:esp32s3-20210327
Build:Mar 27 2021
rst:0xc (RTC_SW_CPU_RST),boot:0x4 (SPI_FLASH_BOOT)
SPIWP:0xee
mode:DIO, clock div:1
load:0x3fce2810,len:0x1564
load:0x403c8700,len:0x4
load:0x403c8704,len:0xd24
load:0x403cb700,len:0x2ed4
entry 0x403c8928
[0;32mI (11999) boot: ESP-IDF v5.4.4 2nd stage bootloader[0m
[0;32mI (11999) boot: compile time Sep 15 2026 15:17:18[0m
[0;32mI (11999) boot: Multicore bootloader[0m
[0;32mI (12001) boot: chip revision: v0.3[0m
[0;32mI (12001) boot: efuse block revision: v0.0[0m
[0;32mI (12002) boot.esp32s3: Boot SPI Speed : 80MHz[0m
[0;32mI (12002) boot.esp32s3: SPI Mode       : SLOW READ[0m
[0;32mI (12002) boot.esp32s3: SPI Flash Size : 16MB[0m
[0;32mI (12003) boot: Enabling RNG early entropy source...[0m
[0;32mI (12006) boot: Partition Table:[0m
[0;32mI (12006) boot: ## Label            Usage          Type ST Offset   Length[0m
[0;32mI (12006) boot:  0 nvs              WiFi data        01 02 00009000 00006000[0m
[0;32mI (12007) boot:  1 phy_init         RF data          01 01 0000f000 00001000[0m
[0;32mI (12007) boot:  2 factory          factory app      00 00 00010000 00100000[0m
[0;32mI (12007) boot: End of partition table[0m
[0;32mI (12008) esp_image: segment 0: paddr=00010020 vaddr=3c020020 size=0a9e4h ( 43492) map[0m
[0;32mI (12012) esp_image: segment 1: paddr=0001aa0c vaddr=3fc92600 size=02f4ch ( 12108) load[0m
[0;32mI (12013) esp_image: segment 2: paddr=0001d960 vaddr=40374000 size=026b8h (  9912) load[0m
[0;32mI (12015) esp_image: segment 3: paddr=00020020 vaddr=42000020 size=185d8h ( 99800) map[0m
[0;32mI (12025) esp_image: segment 4: paddr=00038600 vaddr=403766b8 size=0bf1ch ( 48924) load[0m
[0;32mI (12032) esp_image: segment 5: paddr=00044524 vaddr=50000000 size=0001ch (    28) load[0m
[0;32mI (12033) boot: Loaded app from partition at offset 0x10000[0m
[0;32mI (12033) boot: Disabling RNG early entropy source...[0m

assert failed: 0x420097f6 <cached disabled>:188 (<cached disabled>)
--- 0x420097f6: s_psram_chip_init at /Users/richardhine/.espressif/v5.4.4/esp-idf/components/esp_psram/esp_psram.c:188(inlined by) esp_psram_init at /Users/richardhine/.espressif/v5.4.4/esp-idf/components/esp_psram/esp_psram.c:385


Backtrace: 0x40375c91:0x3fceb130 0x4037a9cd:0x3fceb150 0x403807c1:0x3fceb170 0x420097f6:0x3fceb290 0x4037546e:0x3fceb2c0 0x403ccaa0:0x3fceb340 0x403ccedd:0x3fceb380 0x403c8991:0x3fceb4b0 0x40045c01:0x3fceb570 0x40043ab6:0x3fceb6f0 0x40034c45:0x3fceb710
--- 0x40375c91: panic_abort at /Users/richardhine/.espressif/v5.4.4/esp-idf/components/esp_system/panic.c:477
--- 0x4037a9cd: esp_system_abort at /Users/richardhine/.espressif/v5.4.4/esp-idf/components/esp_system/port/esp_system_chip.c:87
--- 0x403807c1: __assert_func at /Users/richardhine/.espressif/v5.4.4/esp-idf/components/newlib/assert.c:80
--- 0x420097f6: s_psram_chip_init at /Users/richardhine/.espressif/v5.4.4/esp-idf/components/esp_psram/esp_psram.c:188(inlined by) esp_psram_init at /Users/richardhine/.espressif/v5.4.4/esp-idf/components/esp_psram/esp_psram.c:385
--- 0x4037546e: call_start_cpu0 at /Users/richardhine/.espressif/v5.4.4/esp-idf/components/esp_system/port/cpu_start.c:585
--- 0x40045c01: ets_run_flash_bootloader in ROM
--- 0x40043ab6: main in ROM
--- 0x40034c45: .stack_ok in ROM




ELF file SHA256: 

Rebooting...
ESP-ROM:esp32s3-20210327
Build:Mar 27 2021
rst:0xc (RTC_SW_CPU_RST),boot:0x4 (SPI_FLASH_BOOT)
SPIWP:0xee
mode:DIO, clock div:1
load:0x3fce2810,len:0x1564
load:0x403c8700,len:0x4
load:0x403c8704,len:0xd24
load:0x403cb700,len:0x2ed4
entry 0x403c8928
[0;32mI (12111) boot: ESP-IDF v5.4.4 2nd stage bootloader[0m
[0;32mI (12111) boot: compile time Sep 15 2026 15:17:18[0m
[0;32mI (12111) boot: Multicore bootloader[0m
[0;32mI (12113) boot: chip revision: v0.3[0m
[0;32mI (12114) boot: efuse block revision: v0.0[0m
[0;32mI (12114) boot.esp32s3: Boot SPI Speed : 80MHz[0m
[0;32mI (12114) boot.esp32s3: SPI Mode       : SLOW READ[0m
[0;32mI (12114) boot.esp32s3: SPI Flash Size : 16MB[0m
[0;32mI (12115) boot: Enabling RNG early entropy source...[0m
[0;32mI (12118) boot: Partition Table:[0m
[0;32mI (12118) boot: ## Label            Usage          Type ST Offset   Length[0m
[0;32mI (12119) boot:  0 nvs              WiFi data        01 02 00009000 00006000[0m
[0;32mI (12119) boot:  1 phy_init         RF data          01 01 0000f000 00001000[0m
[0;32mI (12119) boot:  2 factory          factory app      00 00 00010000 00100000[0m
[0;32mI (12120) boot: End of partition table[0m
[0;32mI (12120) esp_image: segment 0: paddr=00010020 vaddr=3c020020 size=0a9e4h ( 43492) map[0m
[0;32mI (12124) esp_image: segment 1: paddr=0001aa0c vaddr=3fc92600 size=02f4ch ( 12108) load[0m
[0;32mI (12125) esp_image: segment 2: paddr=0001d960 vaddr=40374000 size=026b8h (  9912) load[0m
[0;32mI (12127) esp_image: segment 3: paddr=00020020 vaddr=42000020 size=185d8h ( 99800) map[0m
[0;32mI (12137) esp_image: segment 4: paddr=00038600 vaddr=403766b8 size=0bf1ch ( 48924) load[0m
[0;32mI (12145) esp_image: segment 5: paddr=00044524 vaddr=50000000 size=0001ch (    28) load[0m
[0;32mI (12146) boot: Loaded app from partition at offset 0x10000[0m
[0;32mI (12146) boot: Disabling RNG early entropy source...[0m

assert failed: 0x420097f6 <cached disabled>:188 (<cached disabled>)
--- 0x420097f6: s_psram_chip_init at /Users/richardhine/.espressif/v5.4.4/esp-idf/components/esp_psram/esp_psram.c:188(inlined by) esp_psram_init at /Users/richardhine/.espressif/v5.4.4/esp-idf/components/esp_psram/esp_psram.c:385


Backtrace: 0x40375c91:0x3fceb130 0x4037a9cd:0x3fceb150 0x403807c1:0x3fceb170 0x420097f6:0x3fceb290 0x4037546e:0x3fceb2c0 0x403ccaa0:0x3fceb340 0x403ccedd:0x3fceb380 0x403c8991:0x3fceb4b0 0x40045c01:0x3fceb570 0x40043ab6:0x3fceb6f0 0x40034c45:0x3fceb710
--- 0x40375c91: panic_abort at /Users/richardhine/.espressif/v5.4.4/esp-idf/components/esp_system/panic.c:477
--- 0x4037a9cd: esp_system_abort at /Users/richardhine/.espressif/v5.4.4/esp-idf/components/esp_system/port/esp_system_chip.c:87
--- 0x403807c1: __assert_func at /Users/richardhine/.espressif/v5.4.4/esp-idf/components/newlib/assert.c:80
--- 0x420097f6: s_psram_chip_init at /Users/richardhine/.espressif/v5.4.4/esp-idf/components/esp_psram/esp_psram.c:188(inlined by) esp_psram_init at /Users/richardhine/.espressif/v5.4.4/esp-idf/components/esp_psram/esp_psram.c:385
--- 0x4037546e: call_start_cpu0 at /Users/richardhine/.espressif/v5.4.4/esp-idf/components/esp_system/port/cpu_start.c:585
--- 0x40045c01: ets_run_flash_bootloader in ROM
--- 0x40043ab6: main in ROM
--- 0x40034c45: .stack_ok in ROM




ELF file SHA256: 

Rebooting...
ESP-ROM:esp32s3-20210327
Build:Mar 27 2021
rst:0xc (RTC_SW_CPU_RST),boot:0x4 (SPI_FLASH_BOOT)
SPIWP:0xee
mode:DIO, clock div:1
load:0x3fce2810,len:0x1564
load:0x403c8700,len:0x4
load:0x403c8704,len:0xd24
load:0x403cb700,len:0x2ed4
entry 0x403c8928
[0;32mI (12224) boot: ESP-IDF v5.4.4 2nd stage bootloader[0m
[0;32mI (12224) boot: compile time Sep 15 2026 15:17:18[0m
[0;32mI (12224) boot: Multicore bootloader[0m
[0;32mI (12226) boot: chip revision: v0.3[0m
[0;32mI (12226) boot: efuse block revision: v0.0[0m
[0;32mI (12227) boot.esp32s3: Boot SPI Speed : 80MHz[0m
[0;32mI (12227) boot.esp32s3: SPI Mode       : SLOW READ[0m
[0;32mI (12227) boot.esp32s3: SPI Flash Size : 16MB[0m
[0;32mI (12228) boot: Enabling RNG early entropy source...[0m
[0;32mI (12231) boot: Partition Table:[0m
[0;32mI (12231) boot: ## Label            Usage          Type ST Offset   Length[0m
[0;32mI (12231) boot:  0 nvs              WiFi data        01 02 00009000 00006000[0m
[0;32mI (12231) boot:  1 phy_init         RF data          01 01 0000f000 00001000[0m
[0;32mI (12232) boot:  2 factory          factory app      00 00 00010000 00100000[0m
[0;32mI (12232) boot: End of partition table[0m
[0;32mI (12233) esp_image: segment 0: paddr=00010020 vaddr=3c020020 size=0a9e4h ( 43492) map[0m
[0;32mI (12236) esp_image: segment 1: paddr=0001aa0c vaddr=3fc92600 size=02f4ch ( 12108) load[0m
[0;32mI (12238) esp_image: segment 2: paddr=0001d960 vaddr=40374000 size=026b8h (  9912) load[0m
[0;32mI (12240) esp_image: segment 3: paddr=00020020 vaddr=42000020 size=185d8h ( 99800) map[0m
[0;32mI (12251) esp_image: segment 4: paddr=00038600 vaddr=403766b8 size=0bf1ch ( 48924) load[0m
[0;32mI (12258) esp_image: segment 5: paddr=00044524 vaddr=50000000 size=0001ch (    28) load[0m
[0;32mI (12259) boot: Loaded app from partition at offset 0x10000[0m
[0;32mI (12260) boot: Disabling RNG early entropy source...[0m

assert failed: 0x420097f6 <cached disabled>:188 (<cached disabled>)
--- 0x420097f6: s_psram_chip_init at /Users/richardhine/.espressif/v5.4.4/esp-idf/components/esp_psram/esp_psram.c:188(inlined by) esp_psram_init at /Users/richardhine/.espressif/v5.4.4/esp-idf/components/esp_psram/esp_psram.c:385


Backtrace: 0x40375c91:0x3fceb130 0x4037a9cd:0x3fceb150 0x403807c1:0x3fceb170 0x420097f6:0x3fceb290 0x4037546e:0x3fceb2c0 0x403ccaa0:0x3fceb340 0x403ccedd:0x3fceb380 0x403c8991:0x3fceb4b0 0x40045c01:0x3fceb570 0x40043ab6:0x3fceb6f0 0x40034c45:0x3fceb710
--- 0x40375c91: panic_abort at /Users/richardhine/.espressif/v5.4.4/esp-idf/components/esp_system/panic.c:477
--- 0x4037a9cd: esp_system_abort at /Users/richardhine/.espressif/v5.4.4/esp-idf/components/esp_system/port/esp_system_chip.c:87
--- 0x403807c1: __assert_func at /Users/richardhine/.espressif/v5.4.4/esp-idf/components/newlib/assert.c:80
--- 0x420097f6: s_psram_chip_init at /Users/richardhine/.espressif/v5.4.4/esp-idf/components/esp_psram/esp_psram.c:188(inlined by) esp_psram_init at /Users/richardhine/.espressif/v5.4.4/esp-idf/components/esp_psram/esp_psram.c:385
--- 0x4037546e: call_start_cpu0 at /Users/richardhine/.espressif/v5.4.4/esp-idf/components/esp_system/port/cpu_start.c:585
--- 0x40045c01: ets_run_flash_bootloader in ROM
--- 0x40043ab6: main in ROM
--- 0x40034c45: .stack_ok in ROM




ELF file SHA256: 

Rebooting...
ESP-ROM:esp32s3-20210327
Build:Mar 27 2021
rst:0xc (RTC_SW_CPU_RST),boot:0x4 (SPI_FLASH_BOOT)
SPIWP:0xee
mode:DIO, clock div:1
load:0x3fce2810,len:0x1564
load:0x403c8700,len:0x4
load:0x403c8704,len:0xd24
load:0x403cb700,len:0x2ed4
entry 0x403c8928
[0;32mI (12337) boot: ESP-IDF v5.4.4 2nd stage bootloader[0m
[0;32mI (12338) boot: compile time Sep 15 2026 15:17:18[0m
[0;32mI (12338) boot: Multicore bootloader[0m
[0;32mI (12340) boot: chip revision: v0.3[0m
[0;32mI (12340) boot: efuse block revision: v0.0[0m
[0;32mI (12340) boot.esp32s3: Boot SPI Speed : 80MHz[0m
[0;32mI (12340) boot.esp32s3: SPI Mode       : SLOW READ[0m
[0;32mI (12341) boot.esp32s3: SPI Flash Size : 16MB[0m
[0;32mI (12342) boot: Enabling RNG early entropy source...[0m
[0;32mI (12345) boot: Partition Table:[0m
[0;32mI (12345) boot: ## Label            Usage          Type ST Offset   Length[0m
[0;32mI (12345) boot:  0 nvs              WiFi data        01 02 00009000 00006000[0m
[0;32mI (12345) boot:  1 phy_init         RF data          01 01 0000f000 00001000[0m
[0;32mI (12346) boot:  2 factory          factory app      00 00 00010000 00100000[0m
[0;32mI (12346) boot: End of partition table[0m
[0;32mI (12346) esp_image: segment 0: paddr=00010020 vaddr=3c020020 size=0a9e4h ( 43492) map[0m
[0;32mI (12350) esp_image: segment 1: paddr=0001aa0c vaddr=3fc92600 size=02f4ch ( 12108) load[0m
[0;32mI (12352) esp_image: segment 2: paddr=0001d960 vaddr=40374000 size=026b8h (  9912) load[0m
[0;32mI (12353) esp_image: segment 3: paddr=00020020 vaddr=42000020 size=185d8h ( 99800) map[0m
[0;32mI (12364) esp_image: segment 4: paddr=00038600 vaddr=403766b8 size=0bf1ch ( 48924) load[0m
[0;32mI (12371) esp_image: segment 5: paddr=00044524 vaddr=50000000 size=0001ch (    28) load[0m
[0;32mI (12372) boot: Loaded app from partition at offset 0x10000[0m
[0;32mI (12372) boot: Disabling RNG early entropy source...[0m

assert failed: 0x420097f6 <cached disabled>:188 (<cached disabled>)
--- 0x420097f6: s_psram_chip_init at /Users/richardhine/.espressif/v5.4.4/esp-idf/components/esp_psram/esp_psram.c:188(inlined by) esp_psram_init at /Users/richardhine/.espressif/v5.4.4/esp-idf/components/esp_psram/esp_psram.c:385


Backtrace: 0x40375c91:0x3fceb130 0x4037a9cd:0x3fceb150 0x403807c1:0x3fceb170 0x420097f6:0x3fceb290 0x4037546e:0x3fceb2c0 0x403ccaa0:0x3fceb340 0x403ccedd:0x3fceb380 0x403c8991:0x3fceb4b0 0x40045c01:0x3fceb570 0x40043ab6:0x3fceb6f0 0x40034c45:0x3fceb710
--- 0x40375c91: panic_abort at /Users/richardhine/.espressif/v5.4.4/esp-idf/components/esp_system/panic.c:477
--- 0x4037a9cd: esp_system_abort at /Users/richardhine/.espressif/v5.4.4/esp-idf/components/esp_system/port/esp_system_chip.c:87
--- 0x403807c1: __assert_func at /Users/richardhine/.espressif/v5.4.4/esp-idf/components/newlib/assert.c:80
--- 0x420097f6: s_psram_chip_init at /Users/richardhine/.espressif/v5.4.4/esp-idf/components/esp_psram/esp_psram.c:188(inlined by) esp_psram_init at /Users/richardhine/.espressif/v5.4.4/esp-idf/components/esp_psram/esp_psram.c:385
--- 0x4037546e: call_start_cpu0 at /Users/richardhine/.espressif/v5.4.4/esp-idf/components/esp_system/port/cpu_start.c:585
--- 0x40045c01: ets_run_flash_bootloader in ROM
--- 0x40043ab6: main in ROM
--- 0x40034c45: .stack_ok in ROM




ELF file SHA256: 

Rebooting...
ESP-ROM:esp32s3-20210327
Build:Mar 27 2021
rst:0xc (RTC_SW_CPU_RST),boot:0x4 (SPI_FLASH_BOOT)
SPIWP:0xee
mode:DIO, clock div:1
load:0x3fce2810,len:0x1564
load:0x403c8700,len:0x4
load:0x403c8704,len:0xd24
load:0x403cb700,len:0x2ed4
entry 0x403c8928
[0;32mI (12450) boot: ESP-IDF v5.4.4 2nd stage bootloader[0m
[0;32mI (12451) boot: compile time Sep 15 2026 15:17:18[0m
[0;32mI (12451) boot: Multicore bootloader[0m
[0;32mI (12453) boot: chip revision: v0.3[0m
[0;32mI (12453) boot: efuse block revision: v0.0[0m
[0;32mI (12453) boot.esp32s3: Boot SPI Speed : 80MHz[0m
[0;32mI (12454) boot.esp32s3: SPI Mode       : SLOW READ[0m
[0;32mI (12454) boot.esp32s3: SPI Flash Size : 16MB[0m
[0;32mI (12455) boot: Enabling RNG early entropy source...[0m
[0;32mI (12458) boot: Partition Table:[0m
[0;32mI (12458) boot: ## Label            Usage          Type ST Offset   Length[0m
[0;32mI (12458) boot:  0 nvs              WiFi data        01 02 00009000 00006000[0m
[0;32mI (12458) boot:  1 phy_init         RF data          01 01 0000f000 00001000[0m
[0;32mI (12458) boot:  2 factory          factory app      00 00 00010000 00100000[0m
[0;32mI (12459) boot: End of partition table[0m
[0;32mI (12459) esp_image: segment 0: paddr=00010020 vaddr=3c020020 size=0a9e4h ( 43492) map[0m
[0;32mI (12463) esp_image: segment 1: paddr=0001aa0c vaddr=3fc92600 size=02f4ch ( 12108) load[0m
[0;32mI (12464) esp_image: segment 2: paddr=0001d960 vaddr=40374000 size=026b8h (  9912) load[0m
[0;32mI (12466) esp_image: segment 3: paddr=00020020 vaddr=42000020 size=185d8h ( 99800) map[0m
[0;32mI (12476) esp_image: segment 4: paddr=00038600 vaddr=403766b8 size=0bf1ch ( 48924) load[0m
[0;32mI (12484) esp_image: segment 5: paddr=00044524 vaddr=50000000 size=0001ch (    28) load[0m
[0;32mI (12485) boot: Loaded app from partition at offset 0x10000[0m
[0;32mI (12485) boot: Disabling RNG early entropy source...[0m

assert failed: 0x420097f6 <cached disabled>:188 (<cached disabled>)
--- 0x420097f6: s_psram_chip_init at /Users/richardhine/.espressif/v5.4.4/esp-idf/components/esp_psram/esp_psram.c:188(inlined by) esp_psram_init at /Users/richardhine/.espressif/v5.4.4/esp-idf/components/esp_psram/esp_psram.c:385


Backtrace: 0x40375c91:0x3fceb130 0x4037a9cd:0x3fceb150 0x403807c1:0x3fceb170 0x420097f6:0x3fceb290 0x4037546e:0x3fceb2c0 0x403ccaa0:0x3fceb340 0x403ccedd:0x3fceb380 0x403c8991:0x3fceb4b0 0x40045c01:0x3fceb570 0x40043ab6:0x3fceb6f0 0x40034c45:0x3fceb710
--- 0x40375c91: panic_abort at /Users/richardhine/.espressif/v5.4.4/esp-idf/components/esp_system/panic.c:477
--- 0x4037a9cd: esp_system_abort at /Users/richardhine/.espressif/v5.4.4/esp-idf/components/esp_system/port/esp_system_chip.c:87
--- 0x403807c1: __assert_func at /Users/richardhine/.espressif/v5.4.4/esp-idf/components/newlib/assert.c:80
--- 0x420097f6: s_psram_chip_init at /Users/richardhine/.espressif/v5.4.4/esp-idf/components/esp_psram/esp_psram.c:188(inlined by) esp_psram_init at /Users/richardhine/.espressif/v5.4.4/esp-idf/components/esp_psram/esp_psram.c:385
--- 0x4037546e: call_start_cpu0 at /Users/richardhine/.espressif/v5.4.4/esp-idf/components/esp_system/port/cpu_start.c:585
--- 0x40045c01: ets_run_flash_bootloader in ROM
--- 0x40043ab6: main in ROM
--- 0x40034c45: .stack_ok in ROM




ELF file SHA256: 

Rebooting...
ESP-ROM:esp32s3-20210327
Build:Mar 27 2021
rst:0xc (RTC_SW_CPU_RST),boot:0x4 (SPI_FLASH_BOOT)
SPIWP:0xee
mode:DIO, clock div:1
load:0x3fce2810,len:0x1564
load:0x403c8700,len:0x4
load:0x403c8704,len:0xd24
load:0x403cb700,len:0x2ed4
entry 0x403c8928
[0;32mI (12562) boot: ESP-IDF v5.4.4 2nd stage bootloader[0m
[0;32mI (12562) boot: compile time Sep 15 2026 15:17:18[0m
[0;32mI (12562) boot: Multicore bootloader[0m
[0;32mI (12565) boot: chip revision: v0.3[0m
[0;32mI (12565) boot: efuse block revision: v0.0[0m
[0;32mI (12566) boot.esp32s3: Boot SPI Speed : 80MHz[0m
[0;32mI (12566) boot.esp32s3: SPI Mode       : SLOW READ[0m
[0;32mI (12566) boot.esp32s3: SPI Flash Size : 16MB[0m
[0;32mI (12567) boot: Enabling RNG early entropy source...[0m
[0;32mI (12571) boot: Partition Table:[0m
[0;32mI (12571) boot: ## Label            Usage          Type ST Offset   Length[0m
[0;32mI (12571) boot:  0 nvs              WiFi data        01 02 00009000 00006000[0m
[0;32mI (12572) boot:  1 phy_init         RF data          01 01 0000f000 00001000[0m
[0;32mI (12572) boot:  2 factory          factory app      00 00 00010000 00100000[0m
[0;32mI (12572) boot: End of partition table[0m
[0;32mI (12573) esp_image: segment 0: paddr=00010020 vaddr=3c020020 size=0a9e4h ( 43492) map[0m
[0;32mI (12577) esp_image: segment 1: paddr=0001aa0c vaddr=3fc92600 size=02f4ch ( 12108) load[0m
[0;32mI (12579) esp_image: segment 2: paddr=0001d960 vaddr=40374000 size=026b8h (  9912) load[0m
[0;32mI (12581) esp_image: segment 3: paddr=00020020 vaddr=42000020 size=185d8h ( 99800) map[0m
[0;32mI (12593) esp_image: segment 4: paddr=00038600 vaddr=403766b8 size=0bf1ch ( 48924) load[0m
[0;32mI (12600) esp_image: segment 5: paddr=00044524 vaddr=50000000 size=0001ch (    28) load[0m
[0;32mI (12601) boot: Loaded app from partition at offset 0x10000[0m
[0;32mI (12601) boot: Disabling RNG early entropy source...[0m

assert failed: 0x420097f6 <cached disabled>:188 (<cached disabled>)
--- 0x420097f6: s_psram_chip_init at /Users/richardhine/.espressif/v5.4.4/esp-idf/components/esp_psram/esp_psram.c:188(inlined by) esp_psram_init at /Users/richardhine/.espressif/v5.4.4/esp-idf/components/esp_psram/esp_psram.c:385


Backtrace: 0x40375c91:0x3fceb130 0x4037a9cd:0x3fceb150 0x403807c1:0x3fceb170 0x420097f6:0x3fceb290 0x4037546e:0x3fceb2c0 0x403ccaa0:0x3fceb340 0x403ccedd:0x3fceb380 0x403c8991:0x3fceb4b0 0x40045c01:0x3fceb570 0x40043ab6:0x3fceb6f0 0x40034c45:0x3fceb710
--- 0x40375c91: panic_abort at /Users/richardhine/.espressif/v5.4.4/esp-idf/components/esp_system/panic.c:477
--- 0x4037a9cd: esp_system_abort at /Users/richardhine/.espressif/v5.4.4/esp-idf/components/esp_system/port/esp_system_chip.c:87
--- 0x403807c1: __assert_func at /Users/richardhine/.espressif/v5.4.4/esp-idf/components/newlib/assert.c:80
--- 0x420097f6: s_psram_chip_init at /Users/richardhine/.espressif/v5.4.4/esp-idf/components/esp_psram/esp_psram.c:188(inlined by) esp_psram_init at /Users/richardhine/.espressif/v5.4.4/esp-idf/components/esp_psram/esp_psram.c:385
--- 0x4037546e: call_start_cpu0 at /Users/richardhine/.espressif/v5.4.4/esp-idf/components/esp_system/port/cpu_start.c:585
--- 0x40045c01: ets_run_flash_bootloader in ROM
--- 0x40043ab6: main in ROM
--- 0x40034c45: .stack_ok in ROM




ELF file SHA256: 

Rebooting...
ESP-ROM:esp32s3-20210327
Build:Mar 27 2021
rst:0xc (RTC_SW_CPU_RST),boot:0x4 (SPI_FLASH_BOOT)
SPIWP:0xee
mode:DIO, clock div:1
load:0x3fce2810,len:0x1564
load:0x403c8700,len:0x4
load:0x403c8704,len:0xd24
load:0x403cb700,len:0x2ed4
entry 0x403c8928
[0;32mI (12677) boot: ESP-IDF v5.4.4 2nd stage bootloader[0m
[0;32mI (12678) boot: compile time Sep 15 2026 15:17:18[0m
[0;32mI (12678) boot: Multicore bootloader[0m
[0;32mI (12680) boot: chip revision: v0.3[0m
[0;32mI (12680) boot: efuse block revision: v0.0[0m
[0;32mI (12681) boot.esp32s3: Boot SPI Speed : 80MHz[0m
[0;32mI (12681) boot.esp32s3: SPI Mode       : SLOW READ[0m
[0;32mI (12681) boot.esp32s3: SPI Flash Size : 16MB[0m
[0;32mI (12682) boot: Enabling RNG early entropy source...[0m
[0;32mI (12685) boot: Partition Table:[0m
[0;32mI (12685) boot: ## Label            Usage          Type ST Offset   Length[0m
[0;32mI (12685) boot:  0 nvs              WiFi data        01 02 00009000 00006000[0m
[0;32mI (12686) boot:  1 phy_init         RF data          01 01 0000f000 00001000[0m
[0;32mI (12686) boot:  2 factory          factory app      00 00 00010000 00100000[0m
[0;32mI (12686) boot: End of partition table[0m
[0;32mI (12687) esp_image: segment 0: paddr=00010020 vaddr=3c020020 size=0a9e4h ( 43492) map[0m
[0;32mI (12691) esp_image: segment 1: paddr=0001aa0c vaddr=3fc92600 size=02f4ch ( 12108) load[0m
[0;32mI (12692) esp_image: segment 2: paddr=0001d960 vaddr=40374000 size=026b8h (  9912) load[0m
[0;32mI (12694) esp_image: segment 3: paddr=00020020 vaddr=42000020 size=185d8h ( 99800) map[0m
[0;32mI (12705) esp_image: segment 4: paddr=00038600 vaddr=403766b8 size=0bf1ch ( 48924) load[0m
[0;32mI (12712) esp_image: segment 5: paddr=00044524 vaddr=50000000 size=0001ch (    28) load[0m
[0;32mI (12713) boot: Loaded app from partition at offset 0x10000[0m
[0;32mI (12713) boot: Disabling RNG early entropy source...[0m

assert failed: 0x420097f6 <cached disabled>:188 (<cached disabled>)
--- 0x420097f6: s_psram_chip_init at /Users/richardhine/.espressif/v5.4.4/esp-idf/components/esp_psram/esp_psram.c:188(inlined by) esp_psram_init at /Users/richardhine/.espressif/v5.4.4/esp-idf/components/esp_psram/esp_psram.c:385


Backtrace: 0x40375c91:0x3fceb130 0x4037a9cd:0x3fceb150 0x403807c1:0x3fceb170 0x420097f6:0x3fceb290 0x4037546e:0x3fceb2c0 0x403ccaa0:0x3fceb340 0x403ccedd:0x3fceb380 0x403c8991:0x3fceb4b0 0x40045c01:0x3fceb570 0x40043ab6:0x3fceb6f0 0x40034c45:0x3fceb710
--- 0x40375c91: panic_abort at /Users/richardhine/.espressif/v5.4.4/esp-idf/components/esp_system/panic.c:477
--- 0x4037a9cd: esp_system_abort at /Users/richardhine/.espressif/v5.4.4/esp-idf/components/esp_system/port/esp_system_chip.c:87
--- 0x403807c1: __assert_func at /Users/richardhine/.espressif/v5.4.4/esp-idf/components/newlib/assert.c:80
--- 0x420097f6: s_psram_chip_init at /Users/richardhine/.espressif/v5.4.4/esp-idf/components/esp_psram/esp_psram.c:188(inlined by) esp_psram_init at /Users/richardhine/.espressif/v5.4.4/esp-idf/components/esp_psram/esp_psram.c:385
--- 0x4037546e: call_start_cpu0 at /Users/richardhine/.espressif/v5.4.4/esp-idf/components/esp_system/port/cpu_start.c:585
--- 0x40045c01: ets_run_flash_bootloader in ROM
--- 0x40043ab6: main in ROM
--- 0x40034c45: .stack_ok in ROM




ELF file SHA256: 

Rebooting...
ESP-ROM:esp32s3-20210327
Build:Mar 27 2021
rst:0xc (RTC_SW_CPU_RST),boot:0x4 (SPI_FLASH_BOOT)
SPIWP:0xee
mode:DIO, clock div:1
load:0x3fce2810,len:0x1564
load:0x403c8700,len:0x4
load:0x403c8704,len:0xd24
load:0x403cb700,len:0x2ed4
entry 0x403c8928
[0;32mI (12790) boot: ESP-IDF v5.4.4 2nd stage bootloader[0m
[0;32mI (12790) boot: compile time Sep 15 2026 15:17:18[0m
[0;32mI (12790) boot: Multicore bootloader[0m
[0;32mI (12792) boot: chip revision: v0.3[0m
[0;32mI (12792) boot: efuse block revision: v0.0[0m
[0;32mI (12793) boot.esp32s3: Boot SPI Speed : 80MHz[0m
[0;32mI (12793) boot.esp32s3: SPI Mode       : SLOW READ[0m
[0;32mI (12793) boot.esp32s3: SPI Flash Size : 16MB[0m
[0;32mI (12794) boot: Enabling RNG early entropy source...[0m
[0;32mI (12797) boot: Partition Table:[0m
[0;32mI (12797) boot: ## Label            Usage          Type ST Offset   Length[0m
[0;32mI (12797) boot:  0 nvs              WiFi data        01 02 00009000 00006000[0m
[0;32mI (12798) boot:  1 phy_init         RF data          01 01 0000f000 00001000[0m
[0;32mI (12798) boot:  2 factory          factory app      00 00 00010000 00100000[0m
[0;32mI (12798) boot: End of partition table[0m
[0;32mI (12799) esp_image: segment 0: paddr=00010020 vaddr=3c020020 size=0a9e4h ( 43492) map[0m
[0;32mI (12803) esp_image: segment 1: paddr=0001aa0c vaddr=3fc92600 size=02f4ch ( 12108) load[0m
[0;32mI (12804) esp_image: segment 2: paddr=0001d960 vaddr=40374000 size=026b8h (  9912) load[0m
[0;32mI (12806) esp_image: segment 3: paddr=00020020 vaddr=42000020 size=185d8h ( 99800) map[0m
[0;32mI (12814) esp_image: segment 4: paddr=00038600 vaddr=403766b8 size=0bf1ch ( 48924) load[0m
[0;32mI (12824) esp_image: segment 5: paddr=00044524 vaddr=50000000 size=0001ch (    28) load[0m
[0;32mI (12825) boot: Loaded app from partition at offset 0x10000[0m
[0;32mI (12825) boot: Disabling RNG early entropy source...[0m

assert failed: 0x420097f6 <cached disabled>:188 (<cached disabled>)
--- 0x420097f6: s_psram_chip_init at /Users/richardhine/.espressif/v5.4.4/esp-idf/components/esp_psram/esp_psram.c:188(inlined by) esp_psram_init at /Users/richardhine/.espressif/v5.4.4/esp-idf/components/esp_psram/esp_psram.c:385


Backtrace: 0x40375c91:0x3fceb130 0x4037a9cd:0x3fceb150 0x403807c1:0x3fceb170 0x420097f6:0x3fceb290 0x4037546e:0x3fceb2c0 0x403ccaa0:0x3fceb340 0x403ccedd:0x3fceb380 0x403c8991:0x3fceb4b0 0x40045c01:0x3fceb570 0x40043ab6:0x3fceb6f0 0x40034c45:0x3fceb710
--- 0x40375c91: panic_abort at /Users/richardhine/.espressif/v5.4.4/esp-idf/components/esp_system/panic.c:477
--- 0x4037a9cd: esp_system_abort at /Users/richardhine/.espressif/v5.4.4/esp-idf/components/esp_system/port/esp_system_chip.c:87
--- 0x403807c1: __assert_func at /Users/richardhine/.espressif/v5.4.4/esp-idf/components/newlib/assert.c:80
--- 0x420097f6: s_psram_chip_init at /Users/richardhine/.espressif/v5.4.4/esp-idf/components/esp_psram/esp_psram.c:188(inlined by) esp_psram_init at /Users/richardhine/.espressif/v5.4.4/esp-idf/components/esp_psram/esp_psram.c:385
--- 0x4037546e: call_start_cpu0 at /Users/richardhine/.espressif/v5.4.4/esp-idf/components/esp_system/port/cpu_start.c:585
--- 0x40045c01: ets_run_flash_bootloader in ROM
--- 0x40043ab6: main in ROM
--- 0x40034c45: .stack_ok in ROM




ELF file SHA256: 

Rebooting...
ESP-ROM:esp32s3-20210327
Build:Mar 27 2021
rst:0xc (RTC_SW_CPU_RST),boot:0x4 (SPI_FLASH_BOOT)
SPIWP:0xee
mode:DIO, clock div:1
load:0x3fce2810,len:0x1564
load:0x403c8700,len:0x4
load:0x403c8704,len:0xd24
load:0x403cb700,len:0x2ed4
entry 0x403c8928
[0;32mI (12902) boot: ESP-IDF v5.4.4 2nd stage bootloader[0m
[0;32mI (12902) boot: compile time Sep 15 2026 15:17:18[0m
[0;32mI (12903) boot: Multicore bootloader[0m
[0;32mI (12905) boot: chip revision: v0.3[0m
[0;32mI (12905) boot: efuse block revision: v0.0[0m
[0;32mI (12905) boot.esp32s3: Boot SPI Speed : 80MHz[0m
[0;32mI (12906) boot.esp32s3: SPI Mode       : SLOW READ[0m
[0;32mI (12906) boot.esp32s3: SPI Flash Size : 16MB[0m
[0;32mI (12907) boot: Enabling RNG early entropy source...[0m
[0;32mI (12910) boot: Partition Table:[0m
[0;32mI (12910) boot: ## Label            Usage          Type ST Offset   Length[0m
[0;32mI (12910) boot:  0 nvs              WiFi data        01 02 00009000 00006000[0m
[0;32mI (12911) boot:  1 phy_init         RF data          01 01 0000f000 00001000[0m
[0;32mI (12911) boot:  2 factory          factory app      00 00 00010000 00100000[0m
[0;32mI (12911) boot: End of partition table[0m
[0;32mI (12912) esp_image: segment 0: paddr=00010020 vaddr=3c020020 size=0a9e4h ( 43492) map[0m
[0;32mI (12916) esp_image: segment 1: paddr=0001aa0c vaddr=3fc92600 size=02f4ch ( 12108) load[0m
[0;32mI (12917) esp_image: segment 2: paddr=0001d960 vaddr=40374000 size=026b8h (  9912) load[0m
[0;32mI (12919) esp_image: segment 3: paddr=00020020 vaddr=42000020 size=185d8h ( 99800) map[0m
[0;32mI (12928) esp_image: segment 4: paddr=00038600 vaddr=403766b8 size=0bf1ch ( 48924) load[0m
[0;32mI (12936) esp_image: segment 5: paddr=00044524 vaddr=50000000 size=0001ch (    28) load[0m
[0;32mI (12937) boot: Loaded app from partition at offset 0x10000[0m
[0;32mI (12937) boot: Disabling RNG early entropy source...[0m

assert failed: 0x420097f6 <cached disabled>:188 (<cached disabled>)
--- 0x420097f6: s_psram_chip_init at /Users/richardhine/.espressif/v5.4.4/esp-idf/components/esp_psram/esp_psram.c:188(inlined by) esp_psram_init at /Users/richardhine/.espressif/v5.4.4/esp-idf/components/esp_psram/esp_psram.c:385


Backtrace: 0x40375c91:0x3fceb130 0x4037a9cd:0x3fceb150 0x403807c1:0x3fceb170 0x420097f6:0x3fceb290 0x4037546e:0x3fceb2c0 0x403ccaa0:0x3fceb340 0x403ccedd:0x3fceb380 0x403c8991:0x3fceb4b0 0x40045c01:0x3fceb570 0x40043ab6:0x3fceb6f0 0x40034c45:0x3fceb710
--- 0x40375c91: panic_abort at /Users/richardhine/.espressif/v5.4.4/esp-idf/components/esp_system/panic.c:477
--- 0x4037a9cd: esp_system_abort at /Users/richardhine/.espressif/v5.4.4/esp-idf/components/esp_system/port/esp_system_chip.c:87
--- 0x403807c1: __assert_func at /Users/richardhine/.espressif/v5.4.4/esp-idf/components/newlib/assert.c:80
--- 0x420097f6: s_psram_chip_init at /Users/richardhine/.espressif/v5.4.4/esp-idf/components/esp_psram/esp_psram.c:188(inlined by) esp_psram_init at /Users/richardhine/.espressif/v5.4.4/esp-idf/components/esp_psram/esp_psram.c:385
--- 0x4037546e: call_start_cpu0 at /Users/richardhine/.espressif/v5.4.4/esp-idf/components/esp_system/port/cpu_start.c:585
--- 0x40045c01: ets_run_flash_bootloader in ROM
--- 0x40043ab6: main in ROM
--- 0x40034c45: .stack_ok in ROM




ELF file SHA256: 

Rebooting...
ESP-ROM:esp32s3-20210327
Build:Mar 27 2021
rst:0xc (RTC_SW_CPU_RST),boot:0x4 (SPI_FLASH_BOOT)
SPIWP:0xee
mode:DIO, clock div:1
load:0x3fce2810,len:0x1564
load:0x403c8700,len:0x4
load:0x403c8704,len:0xd24
load:0x403cb700,len:0x2ed4
entry 0x403c8928
[0;32mI (13015) boot: ESP-IDF v5.4.4 2nd stage bootloader[0m
[0;32mI (13015) boot: compile time Sep 15 2026 15:17:18[0m
[0;32mI (13015) boot: Multicore bootloader[0m
[0;32mI (13017) boot: chip revision: v0.3[0m
[0;32mI (13017) boot: efuse block revision: v0.0[0m
[0;32mI (13018) boot.esp32s3: Boot SPI Speed : 80MHz[0m
[0;32mI (13018) boot.esp32s3: SPI Mode       : SLOW READ[0m
[0;32mI (13018) boot.esp32s3: SPI Flash Size : 16MB[0m
[0;32mI (13019) boot: Enabling RNG early entropy source...[0m
[0;32mI (13023) boot: Partition Table:[0m
[0;32mI (13023) boot: ## Label            Usage          Type ST Offset   Length[0m
[0;32mI (13023) boot:  0 nvs              WiFi data        01 02 00009000 00006000[0m
[0;32mI (13023) boot:  1 phy_init         RF data          01 01 0000f000 00001000[0m
[0;32mI (13024) boot:  2 factory          factory app      00 00 00010000 00100000[0m
[0;32mI (13024) boot: End of partition table[0m
[0;32mI (13024) esp_image: segment 0: paddr=00010020 vaddr=3c020020 size=0a9e4h ( 43492) map[0m
[0;32mI (13028) esp_image: segment 1: paddr=0001aa0c vaddr=3fc92600 size=02f4ch ( 12108) load[0m
[0;32mI (13030) esp_image: segment 2: paddr=0001d960 vaddr=40374000 size=026b8h (  9912) load[0m
[0;32mI (13032) esp_image: segment 3: paddr=00020020 vaddr=42000020 size=185d8h ( 99800) map[0m
[0;32mI (13043) esp_image: segment 4: paddr=00038600 vaddr=403766b8 size=0bf1ch ( 48924) load[0m
[0;32mI (13050) esp_image: segment 5: paddr=00044524 vaddr=50000000 size=0001ch (    28) load[0m
[0;32mI (13051) boot: Loaded app from partition at offset 0x10000[0m
[0;32mI (13051) boot: Disabling RNG early entropy source...[0m

assert failed: 0x420097f6 <cached disabled>:188 (<cached disabled>)
--- 0x420097f6: s_psram_chip_init at /Users/richardhine/.espressif/v5.4.4/esp-idf/components/esp_psram/esp_psram.c:188(inlined by) esp_psram_init at /Users/richardhine/.espressif/v5.4.4/esp-idf/components/esp_psram/esp_psram.c:385


Backtrace: 0x40375c91:0x3fceb130 0x4037a9cd:0x3fceb150 0x403807c1:0x3fceb170 0x420097f6:0x3fceb290 0x4037546e:0x3fceb2c0 0x403ccaa0:0x3fceb340 0x403ccedd:0x3fceb380 0x403c8991:0x3fceb4b0 0x40045c01:0x3fceb570 0x40043ab6:0x3fceb6f0 0x40034c45:0x3fceb710
--- 0x40375c91: panic_abort at /Users/richardhine/.espressif/v5.4.4/esp-idf/components/esp_system/panic.c:477
--- 0x4037a9cd: esp_system_abort at /Users/richardhine/.espressif/v5.4.4/esp-idf/components/esp_system/port/esp_system_chip.c:87
--- 0x403807c1: __assert_func at /Users/richardhine/.espressif/v5.4.4/esp-idf/components/newlib/assert.c:80
--- 0x420097f6: s_psram_chip_init at /Users/richardhine/.espressif/v5.4.4/esp-idf/components/esp_psram/esp_psram.c:188(inlined by) esp_psram_init at /Users/richardhine/.espressif/v5.4.4/esp-idf/components/esp_psram/esp_psram.c:385
--- 0x4037546e: call_start_cpu0 at /Users/richardhine/.espressif/v5.4.4/esp-idf/components/esp_system/port/cpu_start.c:585
--- 0x40045c01: ets_run_flash_bootloader in ROM
--- 0x40043ab6: main in ROM
--- 0x40034c45: .stack_ok in ROM




ELF file SHA256: 

Rebooting...
ESP-ROM:esp32s3-20210327
Build:Mar 27 2021
rst:0xc (RTC_SW_CPU_RST),boot:0x4 (SPI_FLASH_BOOT)
SPIWP:0xee
mode:DIO, clock div:1
load:0x3fce2810,len:0x1564
load:0x403c8700,len:0x4
load:0x403c8704,len:0xd24
load:0x403cb700,len:0x2ed4
entry 0x403c8928
[0;32mI (13128) boot: ESP-IDF v5.4.4 2nd stage bootloader[0m
[0;32mI (13128) boot: compile time Sep 15 2026 15:17:18[0m
[0;32mI (13128) boot: Multicore bootloader[0m
[0;32mI (13130) boot: chip revision: v0.3[0m
[0;32mI (13130) boot: efuse block revision: v0.0[0m
[0;32mI (13131) boot.esp32s3: Boot SPI Speed : 80MHz[0m
[0;32mI (13131) boot.esp32s3: SPI Mode       : SLOW READ[0m
[0;32mI (13131) boot.esp32s3: SPI Flash Size : 16MB[0m
[0;32mI (13132) boot: Enabling RNG early entropy source...[0m
[0;32mI (13135) boot: Partition Table:[0m
[0;32mI (13135) boot: ## Label            Usage          Type ST Offset   Length[0m
[0;32mI (13135) boot:  0 nvs              WiFi data        01 02 00009000 00006000[0m
[0;32mI (13136) boot:  1 phy_init         RF data          01 01 0000f000 00001000[0m
[0;32mI (13136) boot:  2 factory          factory app      00 00 00010000 00100000[0m
[0;32mI (13136) boot: End of partition table[0m
[0;32mI (13137) esp_image: segment 0: paddr=00010020 vaddr=3c020020 size=0a9e4h ( 43492) map[0m
[0;32mI (13141) esp_image: segment 1: paddr=0001aa0c vaddr=3fc92600 size=02f4ch ( 12108) load[0m
[0;32mI (13142) esp_image: segment 2: paddr=0001d960 vaddr=40374000 size=026b8h (  9912) load[0m
[0;32mI (13144) esp_image: segment 3: paddr=00020020 vaddr=42000020 size=185d8h ( 99800) map[0m
[0;32mI (13154) esp_image: segment 4: paddr=00038600 vaddr=403766b8 size=0bf1ch ( 48924) load[0m
[0;32mI (13162) esp_image: segment 5: paddr=00044524 vaddr=50000000 size=0001ch (    28) load[0m
[0;32mI (13163) boot: Loaded app from partition at offset 0x10000[0m
[0;32mI (13163) boot: Disabling RNG early entropy source...[0m

assert failed: 0x420097f6 <cached disabled>:188 (<cached disabled>)
--- 0x420097f6: s_psram_chip_init at /Users/richardhine/.espressif/v5.4.4/esp-idf/components/esp_psram/esp_psram.c:188(inlined by) esp_psram_init at /Users/richardhine/.espressif/v5.4.4/esp-idf/components/esp_psram/esp_psram.c:385


Backtrace: 0x40375c91:0x3fceb130 0x4037a9cd:0x3fceb150 0x403807c1:0x3fceb170 0x420097f6:0x3fceb290 0x4037546e:0x3fceb2c0 0x403ccaa0:0x3fceb340 0x403ccedd:0x3fceb380 0x403c8991:0x3fceb4b0 0x40045c01:0x3fceb570 0x40043ab6:0x3fceb6f0 0x40034c45:0x3fceb710
--- 0x40375c91: panic_abort at /Users/richardhine/.espressif/v5.4.4/esp-idf/components/esp_system/panic.c:477
--- 0x4037a9cd: esp_system_abort at /Users/richardhine/.espressif/v5.4.4/esp-idf/components/esp_system/port/esp_system_chip.c:87
--- 0x403807c1: __assert_func at /Users/richardhine/.espressif/v5.4.4/esp-idf/components/newlib/assert.c:80
--- 0x420097f6: s_psram_chip_init at /Users/richardhine/.espressif/v5.4.4/esp-idf/components/esp_psram/esp_psram.c:188(inlined by) esp_psram_init at /Users/richardhine/.espressif/v5.4.4/esp-idf/components/esp_psram/esp_psram.c:385
--- 0x4037546e: call_start_cpu0 at /Users/richardhine/.espressif/v5.4.4/esp-idf/components/esp_system/port/cpu_start.c:585
--- 0x40045c01: ets_run_flash_bootloader in ROM
--- 0x40043ab6: main in ROM
--- 0x40034c45: .stack_ok in ROM




ELF file SHA256: 

Rebooting...
ESP-ROM:esp32s3-20210327
Build:Mar 27 2021
rst:0xc (RTC_SW_CPU_RST),boot:0x4 (SPI_FLASH_BOOT)
SPIWP:0xee
mode:DIO, clock div:1
load:0x3fce2810,len:0x1564
load:0x403c8700,len:0x4
load:0x403c8704,len:0xd24
load:0x403cb700,len:0x2ed4
entry 0x403c8928
[0;32mI (13241) boot: ESP-IDF v5.4.4 2nd stage bootloader[0m
[0;32mI (13241) boot: compile time Sep 15 2026 15:17:18[0m
[0;32mI (13241) boot: Multicore bootloader[0m
[0;32mI (13243) boot: chip revision: v0.3[0m
[0;32mI (13243) boot: efuse block revision: v0.0[0m
[0;32mI (13244) boot.esp32s3: Boot SPI Speed : 80MHz[0m
[0;32mI (13244) boot.esp32s3: SPI Mode       : SLOW READ[0m
[0;32mI (13244) boot.esp32s3: SPI Flash Size : 16MB[0m
[0;32mI (13245) boot: Enabling RNG early entropy source...[0m
[0;32mI (13248) boot: Partition Table:[0m
[0;32mI (13248) boot: ## Label            Usage          Type ST Offset   Length[0m
[0;32mI (13248) boot:  0 nvs              WiFi data        01 02 00009000 00006000[0m
[0;32mI (13248) boot:  1 phy_init         RF data          01 01 0000f000 00001000[0m
[0;32mI (13249) boot:  2 factory          factory app      00 00 00010000 00100000[0m
[0;32mI (13249) boot: End of partition table[0m
[0;32mI (13249) esp_image: segment 0: paddr=00010020 vaddr=3c020020 size=0a9e4h ( 43492) map[0m
[0;32mI (13253) esp_image: segment 1: paddr=0001aa0c vaddr=3fc92600 size=02f4ch ( 12108) load[0m
[0;32mI (13254) esp_image: segment 2: paddr=0001d960 vaddr=40374000 size=026b8h (  9912) load[0m
[0;32mI (13256) esp_image: segment 3: paddr=00020020 vaddr=42000020 size=185d8h ( 99800) map[0m
[0;32mI (13267) esp_image: segment 4: paddr=00038600 vaddr=403766b8 size=0bf1ch ( 48924) load[0m
[0;32mI (13274) esp_image: segment 5: paddr=00044524 vaddr=50000000 size=0001ch (    28) load[0m
[0;32mI (13275) boot: Loaded app from partition at offset 0x10000[0m
[0;32mI (13275) boot: Disabling RNG early entropy source...[0m

assert failed: 0x420097f6 <cached disabled>:188 (<cached disabled>)
--- 0x420097f6: s_psram_chip_init at /Users/richardhine/.espressif/v5.4.4/esp-idf/components/esp_psram/esp_psram.c:188(inlined by) esp_psram_init at /Users/richardhine/.espressif/v5.4.4/esp-idf/components/esp_psram/esp_psram.c:385


Backtrace: 0x40375c91:0x3fceb130 0x4037a9cd:0x3fceb150 0x403807c1:0x3fceb170 0x420097f6:0x3fceb290 0x4037546e:0x3fceb2c0 0x403ccaa0:0x3fceb340 0x403ccedd:0x3fceb380 0x403c8991:0x3fceb4b0 0x40045c01:0x3fceb570 0x40043ab6:0x3fceb6f0 0x40034c45:0x3fceb710
--- 0x40375c91: panic_abort at /Users/richardhine/.espressif/v5.4.4/esp-idf/components/esp_system/panic.c:477
--- 0x4037a9cd: esp_system_abort at /Users/richardhine/.espressif/v5.4.4/esp-idf/components/esp_system/port/esp_system_chip.c:87
--- 0x403807c1: __assert_func at /Users/richardhine/.espressif/v5.4.4/esp-idf/components/newlib/assert.c:80
--- 0x420097f6: s_psram_chip_init at /Users/richardhine/.espressif/v5.4.4/esp-idf/components/esp_psram/esp_psram.c:188(inlined by) esp_psram_init at /Users/richardhine/.espressif/v5.4.4/esp-idf/components/esp_psram/esp_psram.c:385
--- 0x4037546e: call_start_cpu0 at /Users/richardhine/.espressif/v5.4.4/esp-idf/components/esp_system/port/cpu_start.c:585
--- 0x40045c01: ets_run_flash_bootloader in ROM
--- 0x40043ab6: main in ROM
--- 0x40034c45: .stack_ok in ROM




ELF file SHA256: 

Rebooting...
ESP-ROM:esp32s3-20210327
Build:Mar 27 2021
rst:0xc (RTC_SW_CPU_RST),boot:0x4 (SPI_FLASH_BOOT)
SPIWP:0xee
mode:DIO, clock div:1
load:0x3fce2810,len:0x1564
load:0x403c8700,len:0x4
load:0x403c8704,len:0xd24
load:0x403cb700,len:0x2ed4
entry 0x403c8928
[0;32mI (13353) boot: ESP-IDF v5.4.4 2nd stage bootloader[0m
[0;32mI (13353) boot: compile time Sep 15 2026 15:17:18[0m
[0;32mI (13353) boot: Multicore bootloader[0m
[0;32mI (13355) boot: chip revision: v0.3[0m
[0;32mI (13355) boot: efuse block revision: v0.0[0m
[0;32mI (13356) boot.esp32s3: Boot SPI Speed : 80MHz[0m
[0;32mI (13356) boot.esp32s3: SPI Mode       : SLOW READ[0m
[0;32mI (13356) boot.esp32s3: SPI Flash Size : 16MB[0m
[0;32mI (13357) boot: Enabling RNG early entropy source...[0m
[0;32mI (13360) boot: Partition Table:[0m
[0;32mI (13360) boot: ## Label            Usage          Type ST Offset   Length[0m
[0;32mI (13360) boot:  0 nvs              WiFi data        01 02 00009000 00006000[0m
[0;32mI (13361) boot:  1 phy_init         RF data          01 01 0000f000 00001000[0m
[0;32mI (13361) boot:  2 factory          factory app      00 00 00010000 00100000[0m
[0;32mI (13362) boot: End of partition table[0m
[0;32mI (13362) esp_image: segment 0: paddr=00010020 vaddr=3c020020 size=0a9e4h ( 43492) map[0m
[0;32mI (13366) esp_image: segment 1: paddr=0001aa0c vaddr=3fc92600 size=02f4ch ( 12108) load[0m
[0;32mI (13367) esp_image: segment 2: paddr=0001d960 vaddr=40374000 size=026b8h (  9912) load[0m
[0;32mI (13369) esp_image: segment 3: paddr=00020020 vaddr=42000020 size=185d8h ( 99800) map[0m
[0;32mI (13380) esp_image: segment 4: paddr=00038600 vaddr=403766b8 size=0bf1ch ( 48924) load[0m
[0;32mI (13386) esp_image: segment 5: paddr=00044524 vaddr=50000000 size=0001ch (    28) load[0m
[0;32mI (13387) boot: Loaded app from partition at offset 0x10000[0m
[0;32mI (13387) boot: Disabling RNG early entropy source...[0m

assert failed: 0x420097f6 <cached disabled>:188 (<cached disabled>)
--- 0x420097f6: s_psram_chip_init at /Users/richardhine/.espressif/v5.4.4/esp-idf/components/esp_psram/esp_psram.c:188(inlined by) esp_psram_init at /Users/richardhine/.espressif/v5.4.4/esp-idf/components/esp_psram/esp_psram.c:385


Backtrace: 0x40375c91:0x3fceb130 0x4037a9cd:0x3fceb150 0x403807c1:0x3fceb170 0x420097f6:0x3fceb290 0x4037546e:0x3fceb2c0 0x403ccaa0:0x3fceb340 0x403ccedd:0x3fceb380 0x403c8991:0x3fceb4b0 0x40045c01:0x3fceb570 0x40043ab6:0x3fceb6f0 0x40034c45:0x3fceb710
--- 0x40375c91: panic_abort at /Users/richardhine/.espressif/v5.4.4/esp-idf/components/esp_system/panic.c:477
--- 0x4037a9cd: esp_system_abort at /Users/richardhine/.espressif/v5.4.4/esp-idf/components/esp_system/port/esp_system_chip.c:87
--- 0x403807c1: __assert_func at /Users/richardhine/.espressif/v5.4.4/esp-idf/components/newlib/assert.c:80
--- 0x420097f6: s_psram_chip_init at /Users/richardhine/.espressif/v5.4.4/esp-idf/components/esp_psram/esp_psram.c:188(inlined by) esp_psram_init at /Users/richardhine/.espressif/v5.4.4/esp-idf/components/esp_psram/esp_psram.c:385
--- 0x4037546e: call_start_cpu0 at /Users/richardhine/.espressif/v5.4.4/esp-idf/components/esp_system/port/cpu_start.c:585
--- 0x40045c01: ets_run_flash_bootloader in ROM
--- 0x40043ab6: main in ROM
--- 0x40034c45: .stack_ok in ROM




ELF file SHA256: 

Rebooting...
ESP-ROM:esp32s3-20210327
Build:Mar 27 2021
rst:0xc (RTC_SW_CPU_RST),boot:0x4 (SPI_FLASH_BOOT)
SPIWP:0xee
mode:DIO, clock div:1
load:0x3fce2810,len:0x1564
load:0x403c8700,len:0x4
load:0x403c8704,len:0xd24
load:0x403cb700,len:0x2ed4
entry 0x403c8928
[0;32mI (13465) boot: ESP-IDF v5.4.4 2nd stage bootloader[0m
[0;32mI (13465) boot: compile time Sep 15 2026 15:17:18[0m
[0;32mI (13465) boot: Multicore bootloader[0m
[0;32mI (13467) boot: chip revision: v0.3[0m
[0;32mI (13467) boot: efuse block revision: v0.0[0m
[0;32mI (13468) boot.esp32s3: Boot SPI Speed : 80MHz[0m
[0;32mI (13468) boot.esp32s3: SPI Mode       : SLOW READ[0m
[0;32mI (13468) boot.esp32s3: SPI Flash Size : 16MB[0m
[0;32mI (13469) boot: Enabling RNG early entropy source...[0m
[0;32mI (13472) boot: Partition Table:[0m
[0;32mI (13472) boot: ## Label            Usage          Type ST Offset   Length[0m
[0;32mI (13472) boot:  0 nvs              WiFi data        01 02 00009000 00006000[0m
[0;32mI (13473) boot:  1 phy_init         RF data          01 01 0000f000 00001000[0m
[0;32mI (13473) boot:  2 factory          factory app      00 00 00010000 00100000[0m
[0;32mI (13474) boot: End of partition table[0m
[0;32mI (13474) esp_image: segment 0: paddr=00010020 vaddr=3c020020 size=0a9e4h ( 43492) map[0m
[0;32mI (13478) esp_image: segment 1: paddr=0001aa0c vaddr=3fc92600 size=02f4ch ( 12108) load[0m
[0;32mI (13479) esp_image: segment 2: paddr=0001d960 vaddr=40374000 size=026b8h (  9912) load[0m
[0;32mI (13481) esp_image: segment 3: paddr=00020020 vaddr=42000020 size=185d8h ( 99800) map[0m
[0;32mI (13491) esp_image: segment 4: paddr=00038600 vaddr=403766b8 size=0bf1ch ( 48924) load[0m
[0;32mI (13498) esp_image: segment 5: paddr=00044524 vaddr=50000000 size=0001ch (    28) load[0m
[0;32mI (13499) boot: Loaded app from partition at offset 0x10000[0m
[0;32mI (13499) boot: Disabling RNG early entropy source...[0m

assert failed: 0x420097f6 <cached disabled>:188 (<cached disabled>)
--- 0x420097f6: s_psram_chip_init at /Users/richardhine/.espressif/v5.4.4/esp-idf/components/esp_psram/esp_psram.c:188(inlined by) esp_psram_init at /Users/richardhine/.espressif/v5.4.4/esp-idf/components/esp_psram/esp_psram.c:385


Backtrace: 0x40375c91:0x3fceb130 0x4037a9cd:0x3fceb150 0x403807c1:0x3fceb170 0x420097f6:0x3fceb290 0x4037546e:0x3fceb2c0 0x403ccaa0:0x3fceb340 0x403ccedd:0x3fceb380 0x403c8991:0x3fceb4b0 0x40045c01:0x3fceb570 0x40043ab6:0x3fceb6f0 0x40034c45:0x3fceb710
--- 0x40375c91: panic_abort at /Users/richardhine/.espressif/v5.4.4/esp-idf/components/esp_system/panic.c:477
--- 0x4037a9cd: esp_system_abort at /Users/richardhine/.espressif/v5.4.4/esp-idf/components/esp_system/port/esp_system_chip.c:87
--- 0x403807c1: __assert_func at /Users/richardhine/.espressif/v5.4.4/esp-idf/components/newlib/assert.c:80
--- 0x420097f6: s_psram_chip_init at /Users/richardhine/.espressif/v5.4.4/esp-idf/components/esp_psram/esp_psram.c:188(inlined by) esp_psram_init at /Users/richardhine/.espressif/v5.4.4/esp-idf/components/esp_psram/esp_psram.c:385
--- 0x4037546e: call_start_cpu0 at /Users/richardhine/.espressif/v5.4.4/esp-idf/components/esp_system/port/cpu_start.c:585
--- 0x40045c01: ets_run_flash_bootloader in ROM
--- 0x40043ab6: main in ROM
--- 0x40034c45: .stack_ok in ROM




ELF file SHA256: 

Rebooting...
ESP-ROM:esp32s3-20210327
Build:Mar 27 2021
rst:0xc (RTC_SW_CPU_RST),boot:0x4 (SPI_FLASH_BOOT)
SPIWP:0xee
mode:DIO, clock div:1
load:0x3fce2810,len:0x1564
load:0x403c8700,len:0x4
load:0x403c8704,len:0xd24
load:0x403cb700,len:0x2ed4
entry 0x403c8928
[0;32mI (13576) boot: ESP-IDF v5.4.4 2nd stage bootloader[0m
[0;32mI (13577) boot: compile time Sep 15 2026 15:17:18[0m
[0;32mI (13577) boot: Multicore bootloader[0m
[0;32mI (13579) boot: chip revision: v0.3[0m
[0;32mI (13579) boot: efuse block revision: v0.0[0m
[0;32mI (13579) boot.esp32s3: Boot SPI Speed : 80MHz[0m
[0;32mI (13580) boot.esp32s3: SPI Mode       : SLOW READ[0m
[0;32mI (13580) boot.esp32s3: SPI Flash Size : 16MB[0m
[0;32mI (13581) boot: Enabling RNG early entropy source...[0m
[0;32mI (13584) boot: Partition Table:[0m
[0;32mI (13584) boot: ## Label            Usage          Type ST Offset   Length[0m
[0;32mI (13584) boot:  0 nvs              WiFi data        01 02 00009000 00006000[0m
[0;32mI (13585) boot:  1 phy_init         RF data          01 01 0000f000 00001000[0m
[0;32mI (13585) boot:  2 factory          factory app      00 00 00010000 00100000[0m
[0;32mI (13585) boot: End of partition table[0m
[0;32mI (13586) esp_image: segment 0: paddr=00010020 vaddr=3c020020 size=0a9e4h ( 43492) map[0m
[0;32mI (13590) esp_image: segment 1: paddr=0001aa0c vaddr=3fc92600 size=02f4ch ( 12108) load[0m
[0;32mI (13591) esp_image: segment 2: paddr=0001d960 vaddr=40374000 size=026b8h (  9912) load[0m
[0;32mI (13593) esp_image: segment 3: paddr=00020020 vaddr=42000020 size=185d8h ( 99800) map[0m
[0;32mI (13603) esp_image: segment 4: paddr=00038600 vaddr=403766b8 size=0bf1ch ( 48924) load[0m
[0;32mI (13610) esp_image: segment 5: paddr=00044524 vaddr=50000000 size=0001ch (    28) load[0m
[0;32mI (13610) boot: Loaded app from partition at offset 0x10000[0m
[0;32mI (13611) boot: Disabling RNG early entropy source...[0m

assert failed: 0x420097f6 <cached disabled>:188 (<cached disabled>)
--- 0x420097f6: s_psram_chip_init at /Users/richardhine/.espressif/v5.4.4/esp-idf/components/esp_psram/esp_psram.c:188(inlined by) esp_psram_init at /Users/richardhine/.espressif/v5.4.4/esp-idf/components/esp_psram/esp_psram.c:385


Backtrace: 0x40375c91:0x3fceb130 0x4037a9cd:0x3fceb150 0x403807c1:0x3fceb170 0x420097f6:0x3fceb290 0x4037546e:0x3fceb2c0 0x403ccaa0:0x3fceb340 0x403ccedd:0x3fceb380 0x403c8991:0x3fceb4b0 0x40045c01:0x3fceb570 0x40043ab6:0x3fceb6f0 0x40034c45:0x3fceb710
--- 0x40375c91: panic_abort at /Users/richardhine/.espressif/v5.4.4/esp-idf/components/esp_system/panic.c:477
--- 0x4037a9cd: esp_system_abort at /Users/richardhine/.espressif/v5.4.4/esp-idf/components/esp_system/port/esp_system_chip.c:87
--- 0x403807c1: __assert_func at /Users/richardhine/.espressif/v5.4.4/esp-idf/components/newlib/assert.c:80
--- 0x420097f6: s_psram_chip_init at /Users/richardhine/.espressif/v5.4.4/esp-idf/components/esp_psram/esp_psram.c:188(inlined by) esp_psram_init at /Users/richardhine/.espressif/v5.4.4/esp-idf/components/esp_psram/esp_psram.c:385
--- 0x4037546e: call_start_cpu0 at /Users/richardhine/.espressif/v5.4.4/esp-idf/components/esp_system/port/cpu_start.c:585
--- 0x40045c01: ets_run_flash_bootloader in ROM
--- 0x40043ab6: main in ROM
--- 0x40034c45: .stack_ok in ROM




ELF file SHA256: 

Rebooting...
ESP-ROM:esp32s3-20210327
Build:Mar 27 2021
rst:0xc (RTC_SW_CPU_RST),boot:0x4 (SPI_FLASH_BOOT)
SPIWP:0xee
mode:DIO, clock div:1
load:0x3fce2810,len:0x1564
load:0x403c8700,len:0x4
load:0x403c8704,len:0xd24
load:0x403cb700,len:0x2ed4
entry 0x403c8928
[0;32mI (13687) boot: ESP-IDF v5.4.4 2nd stage bootloader[0m
[0;32mI (13687) boot: compile time Sep 15 2026 15:17:18[0m
[0;32mI (13687) boot: Multicore bootloader[0m
[0;32mI (13689) boot: chip revision: v0.3[0m
[0;32mI (13689) boot: efuse block revision: v0.0[0m
[0;32mI (13690) boot.esp32s3: Boot SPI Speed : 80MHz[0m
[0;32mI (13690) boot.esp32s3: SPI Mode       : SLOW READ[0m
[0;32mI (13690) boot.esp32s3: SPI Flash Size : 16MB[0m
[0;32mI (13691) boot: Enabling RNG early entropy source...[0m
[0;32mI (13694) boot: Partition Table:[0m
[0;32mI (13694) boot: ## Label            Usage          Type ST Offset   Length[0m
[0;32mI (13694) boot:  0 nvs              WiFi data        01 02 00009000 00006000[0m
[0;32mI (13695) boot:  1 phy_init         RF data          01 01 0000f000 00001000[0m
[0;32mI (13695) boot:  2 factory          factory app      00 00 00010000 00100000[0m
[0;32mI (13695) boot: End of partition table[0m
[0;32mI (13696) esp_image: segment 0: paddr=00010020 vaddr=3c020020 size=0a9e4h ( 43492) map[0m
[0;32mI (13699) esp_image: segment 1: paddr=0001aa0c vaddr=3fc92600 size=02f4ch ( 12108) load[0m
[0;32mI (13701) esp_image: segment 2: paddr=0001d960 vaddr=40374000 size=026b8h (  9912) load[0m
[0;32mI (13703) esp_image: segment 3: paddr=00020020 vaddr=42000020 size=185d8h ( 99800) map[0m
[0;32mI (13712) esp_image: segment 4: paddr=00038600 vaddr=403766b8 size=0bf1ch ( 48924) load[0m
[0;32mI (13719) esp_image: segment 5: paddr=00044524 vaddr=50000000 size=0001ch (    28) load[0m
[0;32mI (13720) boot: Loaded app from partition at offset 0x10000[0m
[0;32mI (13720) boot: Disabling RNG early entropy source...[0m

assert failed: 0x420097f6 <cached disabled>:188 (<cached disabled>)
--- 0x420097f6: s_psram_chip_init at /Users/richardhine/.espressif/v5.4.4/esp-idf/components/esp_psram/esp_psram.c:188(inlined by) esp_psram_init at /Users/richardhine/.espressif/v5.4.4/esp-idf/components/esp_psram/esp_psram.c:385


Backtrace: 0x40375c91:0x3fceb130 0x4037a9cd:0x3fceb150 0x403807c1:0x3fceb170 0x420097f6:0x3fceb290 0x4037546e:0x3fceb2c0 0x403ccaa0:0x3fceb340 0x403ccedd:0x3fceb380 0x403c8991:0x3fceb4b0 0x40045c01:0x3fceb570 0x40043ab6:0x3fceb6f0 0x40034c45:0x3fceb710
--- 0x40375c91: panic_abort at /Users/richardhine/.espressif/v5.4.4/esp-idf/components/esp_system/panic.c:477
--- 0x4037a9cd: esp_system_abort at /Users/richardhine/.espressif/v5.4.4/esp-idf/components/esp_system/port/esp_system_chip.c:87
--- 0x403807c1: __assert_func at /Users/richardhine/.espressif/v5.4.4/esp-idf/components/newlib/assert.c:80
--- 0x420097f6: s_psram_chip_init at /Users/richardhine/.espressif/v5.4.4/esp-idf/components/esp_psram/esp_psram.c:188(inlined by) esp_psram_init at /Users/richardhine/.espressif/v5.4.4/esp-idf/components/esp_psram/esp_psram.c:385
--- 0x4037546e: call_start_cpu0 at /Users/richardhine/.espressif/v5.4.4/esp-idf/components/esp_system/port/cpu_start.c:585
--- 0x40045c01: ets_run_flash_bootloader in ROM
--- 0x40043ab6: main in ROM
--- 0x40034c45: .stack_ok in ROM




ELF file SHA256: 

Rebooting...
ESP-ROM:esp32s3-20210327
Build:Mar 27 2021
rst:0xc (RTC_SW_CPU_RST),boot:0x4 (SPI_FLASH_BOOT)
SPIWP:0xee
mode:DIO, clock div:1
load:0x3fce2810,len:0x1564
load:0x403c8700,len:0x4
load:0x403c8704,len:0xd24
load:0x403cb700,len:0x2ed4
entry 0x403c8928
[0;32mI (13795) boot: ESP-IDF v5.4.4 2nd stage bootloader[0m
[0;32mI (13796) boot: compile time Sep 15 2026 15:17:18[0m
[0;32mI (13796) boot: Multicore bootloader[0m
[0;32mI (13798) boot: chip revision: v0.3[0m
[0;32mI (13798) boot: efuse block revision: v0.0[0m
[0;32mI (13798) boot.esp32s3: Boot SPI Speed : 80MHz[0m
[0;32mI (13798) boot.esp32s3: SPI Mode       : SLOW READ[0m
[0;32mI (13798) boot.esp32s3: SPI Flash Size : 16MB[0m
[0;32mI (13800) boot: Enabling RNG early entropy source...[0m
[0;32mI (13803) boot: Partition Table:[0m
[0;32mI (13803) boot: ## Label            Usage          Type ST Offset   Length[0m
[0;32mI (13804) boot:  0 nvs              WiFi data        01 02 00009000 00006000[0m
[0;32mI (13804) boot:  1 phy_init         RF data          01 01 0000f000 00001000[0m
[0;32mI (13804) boot:  2 factory          factory app      00 00 00010000 00100000[0m
[0;32mI (13805) boot: End of partition table[0m
[0;32mI (13805) esp_image: segment 0: paddr=00010020 vaddr=3c020020 size=0a9e4h ( 43492) map[0m
[0;32mI (13809) esp_image: segment 1: paddr=0001aa0c vaddr=3fc92600 size=02f4ch ( 12108) load[0m
[0;32mI (13811) esp_image: segment 2: paddr=0001d960 vaddr=40374000 size=026b8h (  9912) load[0m
[0;32mI (13812) esp_image: segment 3: paddr=00020020 vaddr=42000020 size=185d8h ( 99800) map[0m
[0;32mI (13819) esp_image: segment 4: paddr=00038600 vaddr=403766b8 size=0bf1ch ( 48924) load[0m
[0;32mI (13825) esp_image: segment 5: paddr=00044524 vaddr=50000000 size=0001ch (    28) load[0m
[0;32mI (13826) boot: Loaded app from partition at offset 0x10000[0m
[0;32mI (13826) boot: Disabling RNG early entropy source...[0m

assert failed: 0x420097f6 <cached disabled>:188 (<cached disabled>)
--- 0x420097f6: s_psram_chip_init at /Users/richardhine/.espressif/v5.4.4/esp-idf/components/esp_psram/esp_psram.c:188(inlined by) esp_psram_init at /Users/richardhine/.espressif/v5.4.4/esp-idf/components/esp_psram/esp_psram.c:385


Backtrace: 0x40375c91:0x3fceb130 0x4037a9cd:0x3fceb150 0x403807c1:0x3fceb170 0x420097f6:0x3fceb290 0x4037546e:0x3fceb2c0 0x403ccaa0:0x3fceb340 0x403ccedd:0x3fceb380 0x403c8991:0x3fceb4b0 0x40045c01:0x3fceb570 0x40043ab6:0x3fceb6f0 0x40034c45:0x3fceb710
--- 0x40375c91: panic_abort at /Users/richardhine/.espressif/v5.4.4/esp-idf/components/esp_system/panic.c:477
--- 0x4037a9cd: esp_system_abort at /Users/richardhine/.espressif/v5.4.4/esp-idf/components/esp_system/port/esp_system_chip.c:87
--- 0x403807c1: __assert_func at /Users/richardhine/.espressif/v5.4.4/esp-idf/components/newlib/assert.c:80
--- 0x420097f6: s_psram_chip_init at /Users/richardhine/.espressif/v5.4.4/esp-idf/components/esp_psram/esp_psram.c:188(inlined by) esp_psram_init at /Users/richardhine/.espressif/v5.4.4/esp-idf/components/esp_psram/esp_psram.c:385
--- 0x4037546e: call_start_cpu0 at /Users/richardhine/.espressif/v5.4.4/esp-idf/components/esp_system/port/cpu_start.c:585
--- 0x40045c01: ets_run_flash_bootloader in ROM
--- 0x40043ab6: main in ROM
--- 0x40034c45: .stack_ok in ROM




ELF file SHA256: 

Rebooting...
ESP-ROM:esp32s3-20210327
Build:Mar 27 2021
rst:0xc (RTC_SW_CPU_RST),boot:0x4 (SPI_FLASH_BOOT)
SPIWP:0xee
mode:DIO, clock div:1
load:0x3fce2810,len:0x1564
load:0x403c8700,len:0x4
load:0x403c8704,len:0xd24
load:0x403cb700,len:0x2ed4
entry 0x403c8928
[0;32mI (13903) boot: ESP-IDF v5.4.4 2nd stage bootloader[0m
[0;32mI (13903) boot: compile time Sep 15 2026 15:17:18[0m
[0;32mI (13904) boot: Multicore bootloader[0m
[0;32mI (13906) boot: chip revision: v0.3[0m
[0;32mI (13906) boot: efuse block revision: v0.0[0m
[0;32mI (13907) boot.esp32s3: Boot SPI Speed : 80MHz[0m
[0;32mI (13907) boot.esp32s3: SPI Mode       : SLOW READ[0m
[0;32mI (13907) boot.esp32s3: SPI Flash Size : 16MB[0m
[0;32mI (13908) boot: Enabling RNG early entropy source...[0m
[0;32mI (13911) boot: Partition Table:[0m
[0;32mI (13911) boot: ## Label            Usage          Type ST Offset   Length[0m
[0;32mI (13911) boot:  0 nvs              WiFi data        01 02 00009000 00006000[0m
[0;32mI (13911) boot:  1 phy_init         RF data          01 01 0000f000 00001000[0m
[0;32mI (13912) boot:  2 factory          factory app      00 00 00010000 00100000[0m
[0;32mI (13912) boot: End of partition table[0m
[0;32mI (13912) esp_image: segment 0: paddr=00010020 vaddr=3c020020 size=0a9e4h ( 43492) map[0m
[0;32mI (13916) esp_image: segment 1: paddr=0001aa0c vaddr=3fc92600 size=02f4ch ( 12108) load[0m
[0;32mI (13918) esp_image: segment 2: paddr=0001d960 vaddr=40374000 size=026b8h (  9912) load[0m
[0;32mI (13919) esp_image: segment 3: paddr=00020020 vaddr=42000020 size=185d8h ( 99800) map[0m
[0;32mI (13927) esp_image: segment 4: paddr=00038600 vaddr=403766b8 size=0bf1ch ( 48924) load[0m
[0;32mI (13933) esp_image: segment 5: paddr=00044524 vaddr=50000000 size=0001ch (    28) load[0m
[0;32mI (13934) boot: Loaded app from partition at offset 0x10000[0m
[0;32mI (13934) boot: Disabling RNG early entropy source...[0m

assert failed: 0x420097f6 <cached disabled>:188 (<cached disabled>)
--- 0x420097f6: s_psram_chip_init at /Users/richardhine/.espressif/v5.4.4/esp-idf/components/esp_psram/esp_psram.c:188(inlined by) esp_psram_init at /Users/richardhine/.espressif/v5.4.4/esp-idf/components/esp_psram/esp_psram.c:385


Backtrace: 0x40375c91:0x3fceb130 0x4037a9cd:0x3fceb150 0x403807c1:0x3fceb170 0x420097f6:0x3fceb290 0x4037546e:0x3fceb2c0 0x403ccaa0:0x3fceb340 0x403ccedd:0x3fceb380 0x403c8991:0x3fceb4b0 0x40045c01:0x3fceb570 0x40043ab6:0x3fceb6f0 0x40034c45:0x3fceb710
--- 0x40375c91: panic_abort at /Users/richardhine/.espressif/v5.4.4/esp-idf/components/esp_system/panic.c:477
--- 0x4037a9cd: esp_system_abort at /Users/richardhine/.espressif/v5.4.4/esp-idf/components/esp_system/port/esp_system_chip.c:87
--- 0x403807c1: __assert_func at /Users/richardhine/.espressif/v5.4.4/esp-idf/components/newlib/assert.c:80
--- 0x420097f6: s_psram_chip_init at /Users/richardhine/.espressif/v5.4.4/esp-idf/components/esp_psram/esp_psram.c:188(inlined by) esp_psram_init at /Users/richardhine/.espressif/v5.4.4/esp-idf/components/esp_psram/esp_psram.c:385
--- 0x4037546e: call_start_cpu0 at /Users/richardhine/.espressif/v5.4.4/esp-idf/components/esp_system/port/cpu_start.c:585
--- 0x40045c01: ets_run_flash_bootloader in ROM
--- 0x40043ab6: main in ROM
--- 0x40034c45: .stack_ok in ROM




ELF file SHA256: 

Rebooting...
ESP-ROM:esp32s3-20210327
Build:Mar 27 2021
rst:0xc (RTC_SW_CPU_RST),boot:0x4 (SPI_FLASH_BOOT)
SPIWP:0xee
mode:DIO, clock div:1
load:0x3fce2810,len:0x1564
load:0x403c8700,len:0x4
load:0x403c8704,len:0xd24
load:0x403cb700,len:0x2ed4
entry 0x403c8928
[0;32mI (14012) boot: ESP-IDF v5.4.4 2nd stage bootloader[0m
[0;32mI (14012) boot: compile time Sep 15 2026 15:17:18[0m
[0;32mI (14012) boot: Multicore bootloader[0m
[0;32mI (14014) boot: chip revision: v0.3[0m
[0;32mI (14014) boot: efuse block revision: v0.0[0m
[0;32mI (14015) boot.esp32s3: Boot SPI Speed : 80MHz[0m
[0;32mI (14015) boot.esp32s3: SPI Mode       : SLOW READ[0m
[0;32mI (14015) boot.esp32s3: SPI Flash Size : 16MB[0m
[0;32mI (14016) boot: Enabling RNG early entropy source...[0m
[0;32mI (14019) boot: Partition Table:[0m
[0;32mI (14019) boot: ## Label            Usage          Type ST Offset   Length[0m
[0;32mI (14019) boot:  0 nvs              WiFi data        01 02 00009000 00006000[0m
[0;32mI (14020) boot:  1 phy_init         RF data          01 01 0000f000 00001000[0m
[0;32mI (14020) boot:  2 factory          factory app      00 00 00010000 00100000[0m
[0;32mI (14020) boot: End of partition table[0m
[0;32mI (14021) esp_image: segment 0: paddr=00010020 vaddr=3c020020 size=0a9e4h ( 43492) map[0m
[0;32mI (14025) esp_image: segment 1: paddr=0001aa0c vaddr=3fc92600 size=02f4ch ( 12108) load[0m
[0;32mI (14026) esp_image: segment 2: paddr=0001d960 vaddr=40374000 size=026b8h (  9912) load[0m
[0;32mI (14028) esp_image: segment 3: paddr=00020020 vaddr=42000020 size=185d8h ( 99800) map[0m
[0;32mI (14035) esp_image: segment 4: paddr=00038600 vaddr=403766b8 size=0bf1ch ( 48924) load[0m
[0;32mI (14042) esp_image: segment 5: paddr=00044524 vaddr=50000000 size=0001ch (    28) load[0m
[0;32mI (14043) boot: Loaded app from partition at offset 0x10000[0m
[0;32mI (14044) boot: Disabling RNG early entropy source...[0m

assert failed: 0x420097f6 <cached disabled>:188 (<cached disabled>)
--- 0x420097f6: s_psram_chip_init at /Users/richardhine/.espressif/v5.4.4/esp-idf/components/esp_psram/esp_psram.c:188(inlined by) esp_psram_init at /Users/richardhine/.espressif/v5.4.4/esp-idf/components/esp_psram/esp_psram.c:385


Backtrace: 0x40375c91:0x3fceb130 0x4037a9cd:0x3fceb150 0x403807c1:0x3fceb170 0x420097f6:0x3fceb290 0x4037546e:0x3fceb2c0 0x403ccaa0:0x3fceb340 0x403ccedd:0x3fceb380 0x403c8991:0x3fceb4b0 0x40045c01:0x3fceb570 0x40043ab6:0x3fceb6f0 0x40034c45:0x3fceb710
--- 0x40375c91: panic_abort at /Users/richardhine/.espressif/v5.4.4/esp-idf/components/esp_system/panic.c:477
--- 0x4037a9cd: esp_system_abort at /Users/richardhine/.espressif/v5.4.4/esp-idf/components/esp_system/port/esp_system_chip.c:87
--- 0x403807c1: __assert_func at /Users/richardhine/.espressif/v5.4.4/esp-idf/components/newlib/assert.c:80
--- 0x420097f6: s_psram_chip_init at /Users/richardhine/.espressif/v5.4.4/esp-idf/components/esp_psram/esp_psram.c:188(inlined by) esp_psram_init at /Users/richardhine/.espressif/v5.4.4/esp-idf/components/esp_psram/esp_psram.c:385
--- 0x4037546e: call_start_cpu0 at /Users/richardhine/.espressif/v5.4.4/esp-idf/components/esp_system/port/cpu_start.c:585
--- 0x40045c01: ets_run_flash_bootloader in ROM
--- 0x40043ab6: main in ROM
--- 0x40034c45: .stack_ok in ROM




ELF file SHA256: 

Rebooting...
ESP-ROM:esp32s3-20210327
Build:Mar 27 2021
rst:0xc (RTC_SW_CPU_RST),boot:0x4 (SPI_FLASH_BOOT)
SPIWP:0xee
mode:DIO, clock div:1
load:0x3fce2810,len:0x1564
load:0x403c8700,len:0x4
load:0x403c8704,len:0xd24
load:0x403cb700,len:0x2ed4
entry 0x403c8928
[0;32mI (14121) boot: ESP-IDF v5.4.4 2nd stage bootloader[0m
[0;32mI (14121) boot: compile time Sep 15 2026 15:17:18[0m
[0;32mI (14122) boot: Multicore bootloader[0m
[0;32mI (14124) boot: chip revision: v0.3[0m
[0;32mI (14124) boot: efuse block revision: v0.0[0m
[0;32mI (14125) boot.esp32s3: Boot SPI Speed : 80MHz[0m
[0;32mI (14125) boot.esp32s3: SPI Mode       : SLOW READ[0m
[0;32mI (14125) boot.esp32s3: SPI Flash Size : 16MB[0m
[0;32mI (14126) boot: Enabling RNG early entropy source...[0m
[0;32mI (14129) boot: Partition Table:[0m
[0;32mI (14129) boot: ## Label            Usage          Type ST Offset   Length[0m
[0;32mI (14129) boot:  0 nvs              WiFi data        01 02 00009000 00006000[0m
[0;32mI (14130) boot:  1 phy_init         RF data          01 01 0000f000 00001000[0m
[0;32mI (14130) boot:  2 factory          factory app      00 00 00010000 00100000[0m
[0;32mI (14130) boot: End of partition table[0m
[0;32mI (14131) esp_image: segment 0: paddr=00010020 vaddr=3c020020 size=0a9e4h ( 43492) map[0m
[0;32mI (14135) esp_image: segment 1: paddr=0001aa0c vaddr=3fc92600 size=02f4ch ( 12108) load[0m
[0;32mI (14136) esp_image: segment 2: paddr=0001d960 vaddr=40374000 size=026b8h (  9912) load[0m
[0;32mI (14138) esp_image: segment 3: paddr=00020020 vaddr=42000020 size=185d8h ( 99800) map[0m
[0;32mI (14145) esp_image: segment 4: paddr=00038600 vaddr=403766b8 size=0bf1ch ( 48924) load[0m
[0;32mI (14150) esp_image: segment 5: paddr=00044524 vaddr=50000000 size=0001ch (    28) load[0m
[0;32mI (14151) boot: Loaded app from partition at offset 0x10000[0m
[0;32mI (14152) boot: Disabling RNG early entropy source...[0m

assert failed: 0x420097f6 <cached disabled>:188 (<cached disabled>)
--- 0x420097f6: s_psram_chip_init at /Users/richardhine/.espressif/v5.4.4/esp-idf/components/esp_psram/esp_psram.c:188(inlined by) esp_psram_init at /Users/richardhine/.espressif/v5.4.4/esp-idf/components/esp_psram/esp_psram.c:385


Backtrace: 0x40375c91:0x3fceb130 0x4037a9cd:0x3fceb150 0x403807c1:0x3fceb170 0x420097f6:0x3fceb290 0x4037546e:0x3fceb2c0 0x403ccaa0:0x3fceb340 0x403ccedd:0x3fceb380 0x403c8991:0x3fceb4b0 0x40045c01:0x3fceb570 0x40043ab6:0x3fceb6f0 0x40034c45:0x3fceb710
--- 0x40375c91: panic_abort at /Users/richardhine/.espressif/v5.4.4/esp-idf/components/esp_system/panic.c:477
--- 0x4037a9cd: esp_system_abort at /Users/richardhine/.espressif/v5.4.4/esp-idf/components/esp_system/port/esp_system_chip.c:87
--- 0x403807c1: __assert_func at /Users/richardhine/.espressif/v5.4.4/esp-idf/components/newlib/assert.c:80
--- 0x420097f6: s_psram_chip_init at /Users/richardhine/.espressif/v5.4.4/esp-idf/components/esp_psram/esp_psram.c:188(inlined by) esp_psram_init at /Users/richardhine/.espressif/v5.4.4/esp-idf/components/esp_psram/esp_psram.c:385
--- 0x4037546e: call_start_cpu0 at /Users/richardhine/.espressif/v5.4.4/esp-idf/components/esp_system/port/cpu_start.c:585
--- 0x40045c01: ets_run_flash_bootloader in ROM
--- 0x40043ab6: main in ROM
--- 0x40034c45: .stack_ok in ROM




ELF file SHA256: 

Rebooting...
ESP-ROM:esp32s3-20210327
Build:Mar 27 2021
rst:0xc (RTC_SW_CPU_RST),boot:0x4 (SPI_FLASH_BOOT)
SPIWP:0xee
mode:DIO, clock div:1
load:0x3fce2810,len:0x1564
load:0x403c8700,len:0x4
load:0x403c8704,len:0xd24
load:0x403cb700,len:0x2ed4
entry 0x403c8928
[0;32mI (14229) boot: ESP-IDF v5.4.4 2nd stage bootloader[0m
[0;32mI (14229) boot: compile time Sep 15 2026 15:17:18[0m
[0;32mI (14229) boot: Multicore bootloader[0m
[0;32mI (14231) boot: chip revision: v0.3[0m
[0;32mI (14232) boot: efuse block revision: v0.0[0m
[0;32mI (14232) boot.esp32s3: Boot SPI Speed : 80MHz[0m
[0;32mI (14232) boot.esp32s3: SPI Mode       : SLOW READ[0m
[0;32mI (14232) boot.esp32s3: SPI Flash Size : 16MB[0m
[0;32mI (14234) boot: Enabling RNG early entropy source...[0m
[0;32mI (14237) boot: Partition Table:[0m
[0;32mI (14237) boot: ## Label            Usage          Type ST Offset   Length[0m
[0;32mI (14237) boot:  0 nvs              WiFi data        01 02 00009000 00006000[0m
[0;32mI (14237) boot:  1 phy_init         RF data          01 01 0000f000 00001000[0m
[0;32mI (14238) boot:  2 factory          factory app      00 00 00010000 00100000[0m
[0;32mI (14238) boot: End of partition table[0m
[0;32mI (14239) esp_image: segment 0: paddr=00010020 vaddr=3c020020 size=0a9e4h ( 43492) map[0m
[0;32mI (14242) esp_image: segment 1: paddr=0001aa0c vaddr=3fc92600 size=02f4ch ( 12108) load[0m
[0;32mI (14244) esp_image: segment 2: paddr=0001d960 vaddr=40374000 size=026b8h (  9912) load[0m
[0;32mI (14245) esp_image: segment 3: paddr=00020020 vaddr=42000020 size=185d8h ( 99800) map[0m
[0;32mI (14253) esp_image: segment 4: paddr=00038600 vaddr=403766b8 size=0bf1ch ( 48924) load[0m
[0;32mI (14258) esp_image: segment 5: paddr=00044524 vaddr=50000000 size=0001ch (    28) load[0m
[0;32mI (14259) boot: Loaded app from partition at offset 0x10000[0m
[0;32mI (14259) boot: Disabling RNG early entropy source...[0m

assert failed: 0x420097f6 <cached disabled>:188 (<cached disabled>)
--- 0x420097f6: s_psram_chip_init at /Users/richardhine/.espressif/v5.4.4/esp-idf/components/esp_psram/esp_psram.c:188(inlined by) esp_psram_init at /Users/richardhine/.espressif/v5.4.4/esp-idf/components/esp_psram/esp_psram.c:385


Backtrace: 0x40375c91:0x3fceb130 0x4037a9cd:0x3fceb150 0x403807c1:0x3fceb170 0x420097f6:0x3fceb290 0x4037546e:0x3fceb2c0 0x403ccaa0:0x3fceb340 0x403ccedd:0x3fceb380 0x403c8991:0x3fceb4b0 0x40045c01:0x3fceb570 0x40043ab6:0x3fceb6f0 0x40034c45:0x3fceb710
--- 0x40375c91: panic_abort at /Users/richardhine/.espressif/v5.4.4/esp-idf/components/esp_system/panic.c:477
--- 0x4037a9cd: esp_system_abort at /Users/richardhine/.espressif/v5.4.4/esp-idf/components/esp_system/port/esp_system_chip.c:87
--- 0x403807c1: __assert_func at /Users/richardhine/.espressif/v5.4.4/esp-idf/components/newlib/assert.c:80
--- 0x420097f6: s_psram_chip_init at /Users/richardhine/.espressif/v5.4.4/esp-idf/components/esp_psram/esp_psram.c:188(inlined by) esp_psram_init at /Users/richardhine/.espressif/v5.4.4/esp-idf/components/esp_psram/esp_psram.c:385
--- 0x4037546e: call_start_cpu0 at /Users/richardhine/.espressif/v5.4.4/esp-idf/components/esp_system/port/cpu_start.c:585
--- 0x40045c01: ets_run_flash_bootloader in ROM
--- 0x40043ab6: main in ROM
--- 0x40034c45: .stack_ok in ROM




ELF file SHA256: 

Rebooting...
ESP-ROM:esp32s3-20210327
Build:Mar 27 2021
rst:0xc (RTC_SW_CPU_RST),boot:0x4 (SPI_FLASH_BOOT)
SPIWP:0xee
mode:DIO, clock div:1
load:0x3fce2810,len:0x1564
load:0x403c8700,len:0x4
load:0x403c8704,len:0xd24
load:0x403cb700,len:0x2ed4
entry 0x403c8928
[0;32mI (14335) boot: ESP-IDF v5.4.4 2nd stage bootloader[0m
[0;32mI (14336) boot: compile time Sep 15 2026 15:17:18[0m
[0;32mI (14336) boot: Multicore bootloader[0m
[0;32mI (14338) boot: chip revision: v0.3[0m
[0;32mI (14338) boot: efuse block revision: v0.0[0m
[0;32mI (14339) boot.esp32s3: Boot SPI Speed : 80MHz[0m
[0;32mI (14339) boot.esp32s3: SPI Mode       : SLOW READ[0m
[0;32mI (14339) boot.esp32s3: SPI Flash Size : 16MB[0m
[0;32mI (14340) boot: Enabling RNG early entropy source...[0m
[0;32mI (14343) boot: Partition Table:[0m
[0;32mI (14343) boot: ## Label            Usage          Type ST Offset   Length[0m
[0;32mI (14343) boot:  0 nvs              WiFi data        01 02 00009000 00006000[0m
[0;32mI (14344) boot:  1 phy_init         RF data          01 01 0000f000 00001000[0m
[0;32mI (14344) boot:  2 factory          factory app      00 00 00010000 00100000[0m
[0;32mI (14344) boot: End of partition table[0m
[0;32mI (14345) esp_image: segment 0: paddr=00010020 vaddr=3c020020 size=0a9e4h ( 43492) map[0m
[0;32mI (14348) esp_image: segment 1: paddr=0001aa0c vaddr=3fc92600 size=02f4ch ( 12108) load[0m
[0;32mI (14350) esp_image: segment 2: paddr=0001d960 vaddr=40374000 size=026b8h (  9912) load[0m
[0;32mI (14352) esp_image: segment 3: paddr=00020020 vaddr=42000020 size=185d8h ( 99800) map[0m
[0;32mI (14361) esp_image: segment 4: paddr=00038600 vaddr=403766b8 size=0bf1ch ( 48924) load[0m
[0;32mI (14368) esp_image: segment 5: paddr=00044524 vaddr=50000000 size=0001ch (    28) load[0m
[0;32mI (14369) boot: Loaded app from partition at offset 0x10000[0m
[0;32mI (14369) boot: Disabling RNG early entropy source...[0m

assert failed: 0x420097f6 <cached disabled>:188 (<cached disabled>)
--- 0x420097f6: s_psram_chip_init at /Users/richardhine/.espressif/v5.4.4/esp-idf/components/esp_psram/esp_psram.c:188(inlined by) esp_psram_init at /Users/richardhine/.espressif/v5.4.4/esp-idf/components/esp_psram/esp_psram.c:385


Backtrace: 0x40375c91:0x3fceb130 0x4037a9cd:0x3fceb150 0x403807c1:0x3fceb170 0x420097f6:0x3fceb290 0x4037546e:0x3fceb2c0 0x403ccaa0:0x3fceb340 0x403ccedd:0x3fceb380 0x403c8991:0x3fceb4b0 0x40045c01:0x3fceb570 0x40043ab6:0x3fceb6f0 0x40034c45:0x3fceb710
--- 0x40375c91: panic_abort at /Users/richardhine/.espressif/v5.4.4/esp-idf/components/esp_system/panic.c:477
--- 0x4037a9cd: esp_system_abort at /Users/richardhine/.espressif/v5.4.4/esp-idf/components/esp_system/port/esp_system_chip.c:87
--- 0x403807c1: __assert_func at /Users/richardhine/.espressif/v5.4.4/esp-idf/components/newlib/assert.c:80
--- 0x420097f6: s_psram_chip_init at /Users/richardhine/.espressif/v5.4.4/esp-idf/components/esp_psram/esp_psram.c:188(inlined by) esp_psram_init at /Users/richardhine/.espressif/v5.4.4/esp-idf/components/esp_psram/esp_psram.c:385
--- 0x4037546e: call_start_cpu0 at /Users/richardhine/.espressif/v5.4.4/esp-idf/components/esp_system/port/cpu_start.c:585
--- 0x40045c01: ets_run_flash_bootloader in ROM
--- 0x40043ab6: main in ROM
--- 0x40034c45: .stack_ok in ROM




ELF file SHA256: 

Rebooting...
ESP-ROM:esp32s3-20210327
Build:Mar 27 2021
rst:0xc (RTC_SW_CPU_RST),boot:0x4 (SPI_FLASH_BOOT)
SPIWP:0xee
mode:DIO, clock div:1
load:0x3fce2810,len:0x1564
load:0x403c8700,len:0x4
load:0x403c8704,len:0xd24
load:0x403cb700,len:0x2ed4
entry 0x403c8928
[0;32mI (14447) boot: ESP-IDF v5.4.4 2nd stage bootloader[0m
[0;32mI (14447) boot: compile time Sep 15 2026 15:17:18[0m
[0;32mI (14447) boot: Multicore bootloader[0m
[0;32mI (14449) boot: chip revision: v0.3[0m
[0;32mI (14449) boot: efuse block revision: v0.0[0m
[0;32mI (14450) boot.esp32s3: Boot SPI Speed : 80MHz[0m
[0;32mI (14450) boot.esp32s3: SPI Mode       : SLOW READ[0m
[0;32mI (14450) boot.esp32s3: SPI Flash Size : 16MB[0m
[0;32mI (14451) boot: Enabling RNG early entropy source...[0m
[0;32mI (14454) boot: Partition Table:[0m
[0;32mI (14454) boot: ## Label            Usage          Type ST Offset   Length[0m
[0;32mI (14454) boot:  0 nvs              WiFi data        01 02 00009000 00006000[0m
[0;32mI (14454) boot:  1 phy_init         RF data          01 01 0000f000 00001000[0m
[0;32mI (14455) boot:  2 factory          factory app      00 00 00010000 00100000[0m
[0;32mI (14455) boot: End of partition table[0m
[0;32mI (14455) esp_image: segment 0: paddr=00010020 vaddr=3c020020 size=0a9e4h ( 43492) map[0m
[0;32mI (14460) esp_image: segment 1: paddr=0001aa0c vaddr=3fc92600 size=02f4ch ( 12108) load[0m
[0;32mI (14461) esp_image: segment 2: paddr=0001d960 vaddr=40374000 size=026b8h (  9912) load[0m
[0;32mI (14463) esp_image: segment 3: paddr=00020020 vaddr=42000020 size=185d8h ( 99800) map[0m
[0;32mI (14473) esp_image: segment 4: paddr=00038600 vaddr=403766b8 size=0bf1ch ( 48924) load[0m
[0;32mI (14481) esp_image: segment 5: paddr=00044524 vaddr=50000000 size=0001ch (    28) load[0m
[0;32mI (14482) boot: Loaded app from partition at offset 0x10000[0m
[0;32mI (14482) boot: Disabling RNG early entropy source...[0m

assert failed: 0x420097f6 <cached disabled>:188 (<cached disabled>)
--- 0x420097f6: s_psram_chip_init at /Users/richardhine/.espressif/v5.4.4/esp-idf/components/esp_psram/esp_psram.c:188(inlined by) esp_psram_init at /Users/richardhine/.espressif/v5.4.4/esp-idf/components/esp_psram/esp_psram.c:385


Backtrace: 0x40375c91:0x3fceb130 0x4037a9cd:0x3fceb150 0x403807c1:0x3fceb170 0x420097f6:0x3fceb290 0x4037546e:0x3fceb2c0 0x403ccaa0:0x3fceb340 0x403ccedd:0x3fceb380 0x403c8991:0x3fceb4b0 0x40045c01:0x3fceb570 0x40043ab6:0x3fceb6f0 0x40034c45:0x3fceb710
--- 0x40375c91: panic_abort at /Users/richardhine/.espressif/v5.4.4/esp-idf/components/esp_system/panic.c:477
--- 0x4037a9cd: esp_system_abort at /Users/richardhine/.espressif/v5.4.4/esp-idf/components/esp_system/port/esp_system_chip.c:87
--- 0x403807c1: __assert_func at /Users/richardhine/.espressif/v5.4.4/esp-idf/components/newlib/assert.c:80
--- 0x420097f6: s_psram_chip_init at /Users/richardhine/.espressif/v5.4.4/esp-idf/components/esp_psram/esp_psram.c:188(inlined by) esp_psram_init at /Users/richardhine/.espressif/v5.4.4/esp-idf/components/esp_psram/esp_psram.c:385
--- 0x4037546e: call_start_cpu0 at /Users/richardhine/.espressif/v5.4.4/esp-idf/components/esp_system/port/cpu_start.c:585
--- 0x40045c01: ets_run_flash_bootloader in ROM
--- 0x40043ab6: main in ROM
--- 0x40034c45: .stack_ok in ROM




ELF file SHA256: 

Rebooting...
ESP-ROM:esp32s3-20210327
Build:Mar 27 2021
rst:0xc (RTC_SW_CPU_RST),boot:0x4 (SPI_FLASH_BOOT)
SPIWP:0xee
mode:DIO, clock div:1
load:0x3fce2810,len:0x1564
load:0x403c8700,len:0x4
load:0x403c8704,len:0xd24
load:0x403cb700,len:0x2ed4
entry 0x403c8928
[0;32mI (14558) boot: ESP-IDF v5.4.4 2nd stage bootloader[0m
[0;32mI (14558) boot: compile time Sep 15 2026 15:17:18[0m
[0;32mI (14559) boot: Multicore bootloader[0m
[0;32mI (14561) boot: chip revision: v0.3[0m
[0;32mI (14561) boot: efuse block revision: v0.0[0m
[0;32mI (14561) boot.esp32s3: Boot SPI Speed : 80MHz[0m
[0;32mI (14562) boot.esp32s3: SPI Mode       : SLOW READ[0m
[0;32mI (14562) boot.esp32s3: SPI Flash Size : 16MB[0m
[0;32mI (14563) boot: Enabling RNG early entropy source...[0m
[0;32mI (14566) boot: Partition Table:[0m
[0;32mI (14566) boot: ## Label            Usage          Type ST Offset   Length[0m
[0;32mI (14566) boot:  0 nvs              WiFi data        01 02 00009000 00006000[0m
[0;32mI (14566) boot:  1 phy_init         RF data          01 01 0000f000 00001000[0m
[0;32mI (14567) boot:  2 factory          factory app      00 00 00010000 00100000[0m
[0;32mI (14567) boot: End of partition table[0m
[0;32mI (14567) esp_image: segment 0: paddr=00010020 vaddr=3c020020 size=0a9e4h ( 43492) map[0m
[0;32mI (14571) esp_image: segment 1: paddr=0001aa0c vaddr=3fc92600 size=02f4ch ( 12108) load[0m
[0;32mI (14573) esp_image: segment 2: paddr=0001d960 vaddr=40374000 size=026b8h (  9912) load[0m
[0;32mI (14575) esp_image: segment 3: paddr=00020020 vaddr=42000020 size=185d8h ( 99800) map[0m
[0;32mI (14584) esp_image: segment 4: paddr=00038600 vaddr=403766b8 size=0bf1ch ( 48924) load[0m
[0;32mI (14591) esp_image: segment 5: paddr=00044524 vaddr=50000000 size=0001ch (    28) load[0m
[0;32mI (14592) boot: Loaded app from partition at offset 0x10000[0m
[0;32mI (14593) boot: Disabling RNG early entropy source...[0m

assert failed: 0x420097f6 <cached disabled>:188 (<cached disabled>)
--- 0x420097f6: s_psram_chip_init at /Users/richardhine/.espressif/v5.4.4/esp-idf/components/esp_psram/esp_psram.c:188(inlined by) esp_psram_init at /Users/richardhine/.espressif/v5.4.4/esp-idf/components/esp_psram/esp_psram.c:385


Backtrace: 0x40375c91:0x3fceb130 0x4037a9cd:0x3fceb150 0x403807c1:0x3fceb170 0x420097f6:0x3fceb290 0x4037546e:0x3fceb2c0 0x403ccaa0:0x3fceb340 0x403ccedd:0x3fceb380 0x403c8991:0x3fceb4b0 0x40045c01:0x3fceb570 0x40043ab6:0x3fceb6f0 0x40034c45:0x3fceb710
--- 0x40375c91: panic_abort at /Users/richardhine/.espressif/v5.4.4/esp-idf/components/esp_system/panic.c:477
--- 0x4037a9cd: esp_system_abort at /Users/richardhine/.espressif/v5.4.4/esp-idf/components/esp_system/port/esp_system_chip.c:87
--- 0x403807c1: __assert_func at /Users/richardhine/.espressif/v5.4.4/esp-idf/components/newlib/assert.c:80
--- 0x420097f6: s_psram_chip_init at /Users/richardhine/.espressif/v5.4.4/esp-idf/components/esp_psram/esp_psram.c:188(inlined by) esp_psram_init at /Users/richardhine/.espressif/v5.4.4/esp-idf/components/esp_psram/esp_psram.c:385
--- 0x4037546e: call_start_cpu0 at /Users/richardhine/.espressif/v5.4.4/esp-idf/components/esp_system/port/cpu_start.c:585
--- 0x40045c01: ets_run_flash_bootloader in ROM
--- 0x40043ab6: main in ROM
--- 0x40034c45: .stack_ok in ROM




ELF file SHA256: 

Rebooting...
ESP-ROM:esp32s3-20210327
Build:Mar 27 2021
rst:0xc (RTC_SW_CPU_RST),boot:0x4 (SPI_FLASH_BOOT)
SPIWP:0xee
mode:DIO, clock div:1
load:0x3fce2810,len:0x1564
load:0x403c8700,len:0x4
load:0x403c8704,len:0xd24
load:0x403cb700,len:0x2ed4
entry 0x403c8928
[0;32mI (14670) boot: ESP-IDF v5.4.4 2nd stage bootloader[0m
[0;32mI (14670) boot: compile time Sep 15 2026 15:17:18[0m
[0;32mI (14670) boot: Multicore bootloader[0m
[0;32mI (14672) boot: chip revision: v0.3[0m
[0;32mI (14672) boot: efuse block revision: v0.0[0m
[0;32mI (14673) boot.esp32s3: Boot SPI Speed : 80MHz[0m
[0;32mI (14673) boot.esp32s3: SPI Mode       : SLOW READ[0m
[0;32mI (14673) boot.esp32s3: SPI Flash Size : 16MB[0m
[0;32mI (14674) boot: Enabling RNG early entropy source...[0m
[0;32mI (14677) boot: Partition Table:[0m
[0;32mI (14677) boot: ## Label            Usage          Type ST Offset   Length[0m
[0;32mI (14677) boot:  0 nvs              WiFi data        01 02 00009000 00006000[0m
[0;32mI (14678) boot:  1 phy_init         RF data          01 01 0000f000 00001000[0m
[0;32mI (14678) boot:  2 factory          factory app      00 00 00010000 00100000[0m
[0;32mI (14678) boot: End of partition table[0m
[0;32mI (14679) esp_image: segment 0: paddr=00010020 vaddr=3c020020 size=0a9e4h ( 43492) map[0m
[0;32mI (14682) esp_image: segment 1: paddr=0001aa0c vaddr=3fc92600 size=02f4ch ( 12108) load[0m
[0;32mI (14684) esp_image: segment 2: paddr=0001d960 vaddr=40374000 size=026b8h (  9912) load[0m
[0;32mI (14686) esp_image: segment 3: paddr=00020020 vaddr=42000020 size=185d8h ( 99800) map[0m
[0;32mI (14697) esp_image: segment 4: paddr=00038600 vaddr=403766b8 size=0bf1ch ( 48924) load[0m
[0;32mI (14704) esp_image: segment 5: paddr=00044524 vaddr=50000000 size=0001ch (    28) load[0m
[0;32mI (14705) boot: Loaded app from partition at offset 0x10000[0m
[0;32mI (14705) boot: Disabling RNG early entropy source...[0m

assert failed: 0x420097f6 <cached disabled>:188 (<cached disabled>)
--- 0x420097f6: s_psram_chip_init at /Users/richardhine/.espressif/v5.4.4/esp-idf/components/esp_psram/esp_psram.c:188(inlined by) esp_psram_init at /Users/richardhine/.espressif/v5.4.4/esp-idf/components/esp_psram/esp_psram.c:385


Backtrace: 0x40375c91:0x3fceb130 0x4037a9cd:0x3fceb150 0x403807c1:0x3fceb170 0x420097f6:0x3fceb290 0x4037546e:0x3fceb2c0 0x403ccaa0:0x3fceb340 0x403ccedd:0x3fceb380 0x403c8991:0x3fceb4b0 0x40045c01:0x3fceb570 0x40043ab6:0x3fceb6f0 0x40034c45:0x3fceb710
--- 0x40375c91: panic_abort at /Users/richardhine/.espressif/v5.4.4/esp-idf/components/esp_system/panic.c:477
--- 0x4037a9cd: esp_system_abort at /Users/richardhine/.espressif/v5.4.4/esp-idf/components/esp_system/port/esp_system_chip.c:87
--- 0x403807c1: __assert_func at /Users/richardhine/.espressif/v5.4.4/esp-idf/components/newlib/assert.c:80
--- 0x420097f6: s_psram_chip_init at /Users/richardhine/.espressif/v5.4.4/esp-idf/components/esp_psram/esp_psram.c:188(inlined by) esp_psram_init at /Users/richardhine/.espressif/v5.4.4/esp-idf/components/esp_psram/esp_psram.c:385
--- 0x4037546e: call_start_cpu0 at /Users/richardhine/.espressif/v5.4.4/esp-idf/components/esp_system/port/cpu_start.c:585
--- 0x40045c01: ets_run_flash_bootloader in ROM
--- 0x40043ab6: main in ROM
--- 0x40034c45: .stack_ok in ROM




ELF file SHA256: 

Rebooting...
ESP-ROM:esp32s3-20210327
Build:Mar 27 2021
rst:0xc (RTC_SW_CPU_RST),boot:0x4 (SPI_FLASH_BOOT)
SPIWP:0xee
mode:DIO, clock div:1
load:0x3fce2810,len:0x1564
load:0x403c8700,len:0x4
load:0x403c8704,len:0xd24
load:0x403cb700,len:0x2ed4
entry 0x403c8928
[0;32mI (14784) boot: ESP-IDF v5.4.4 2nd stage bootloader[0m
[0;32mI (14784) boot: compile time Sep 15 2026 15:17:18[0m
[0;32mI (14784) boot: Multicore bootloader[0m
[0;32mI (14786) boot: chip revision: v0.3[0m
[0;32mI (14786) boot: efuse block revision: v0.0[0m
[0;32mI (14787) boot.esp32s3: Boot SPI Speed : 80MHz[0m
[0;32mI (14787) boot.esp32s3: SPI Mode       : SLOW READ[0m
[0;32mI (14787) boot.esp32s3: SPI Flash Size : 16MB[0m
[0;32mI (14788) boot: Enabling RNG early entropy source...[0m
[0;32mI (14791) boot: Partition Table:[0m
[0;32mI (14791) boot: ## Label            Usage          Type ST Offset   Length[0m
[0;32mI (14791) boot:  0 nvs              WiFi data        01 02 00009000 00006000[0m
[0;32mI (14791) boot:  1 phy_init         RF data          01 01 0000f000 00001000[0m
[0;32mI (14792) boot:  2 factory          factory app      00 00 00010000 00100000[0m
[0;32mI (14792) boot: End of partition table[0m
[0;32mI (14792) esp_image: segment 0: paddr=00010020 vaddr=3c020020 size=0a9e4h ( 43492) map[0m
[0;32mI (14796) esp_image: segment 1: paddr=0001aa0c vaddr=3fc92600 size=02f4ch ( 12108) load[0m
[0;32mI (14798) esp_image: segment 2: paddr=0001d960 vaddr=40374000 size=026b8h (  9912) load[0m
[0;32mI (14800) esp_image: segment 3: paddr=00020020 vaddr=42000020 size=185d8h ( 99800) map[0m
[0;32mI (14810) esp_image: segment 4: paddr=00038600 vaddr=403766b8 size=0bf1ch ( 48924) load[0m
[0;32mI (14817) esp_image: segment 5: paddr=00044524 vaddr=50000000 size=0001ch (    28) load[0m
[0;32mI (14819) boot: Loaded app from partition at offset 0x10000[0m
[0;32mI (14819) boot: Disabling RNG early entropy source...[0m

assert failed: 0x420097f6 <cached disabled>:188 (<cached disabled>)
--- 0x420097f6: s_psram_chip_init at /Users/richardhine/.espressif/v5.4.4/esp-idf/components/esp_psram/esp_psram.c:188(inlined by) esp_psram_init at /Users/richardhine/.espressif/v5.4.4/esp-idf/components/esp_psram/esp_psram.c:385


Backtrace: 0x40375c91:0x3fceb130 0x4037a9cd:0x3fceb150 0x403807c1:0x3fceb170 0x420097f6:0x3fceb290 0x4037546e:0x3fceb2c0 0x403ccaa0:0x3fceb340 0x403ccedd:0x3fceb380 0x403c8991:0x3fceb4b0 0x40045c01:0x3fceb570 0x40043ab6:0x3fceb6f0 0x40034c45:0x3fceb710
--- 0x40375c91: panic_abort at /Users/richardhine/.espressif/v5.4.4/esp-idf/components/esp_system/panic.c:477
--- 0x4037a9cd: esp_system_abort at /Users/richardhine/.espressif/v5.4.4/esp-idf/components/esp_system/port/esp_system_chip.c:87
--- 0x403807c1: __assert_func at /Users/richardhine/.espressif/v5.4.4/esp-idf/components/newlib/assert.c:80
--- 0x420097f6: s_psram_chip_init at /Users/richardhine/.espressif/v5.4.4/esp-idf/components/esp_psram/esp_psram.c:188(inlined by) esp_psram_init at /Users/richardhine/.espressif/v5.4.4/esp-idf/components/esp_psram/esp_psram.c:385
--- 0x4037546e: call_start_cpu0 at /Users/richardhine/.espressif/v5.4.4/esp-idf/components/esp_system/port/cpu_start.c:585
--- 0x40045c01: ets_run_flash_bootloader in ROM
--- 0x40043ab6: main in ROM
--- 0x40034c45: .stack_ok in ROM




ELF file SHA256: 

Rebooting...
ESP-ROM:esp32s3-20210327
Build:Mar 27 2021
rst:0xc (RTC_SW_CPU_RST),boot:0x4 (SPI_FLASH_BOOT)
SPIWP:0xee
mode:DIO, clock div:1
load:0x3fce2810,len:0x1564
load:0x403c8700,len:0x4
load:0x403c8704,len:0xd24
load:0x403cb700,len:0x2ed4
entry 0x403c8928
[0;32mI (14896) boot: ESP-IDF v5.4.4 2nd stage bootloader[0m
[0;32mI (14896) boot: compile time Sep 15 2026 15:17:18[0m
[0;32mI (14896) boot: Multicore bootloader[0m
[0;32mI (14898) boot: chip revision: v0.3[0m
[0;32mI (14898) boot: efuse block revision: v0.0[0m
[0;32mI (14899) boot.esp32s3: Boot SPI Speed : 80MHz[0m
[0;32mI (14899) boot.esp32s3: SPI Mode       : SLOW READ[0m
[0;32mI (14899) boot.esp32s3: SPI Flash Size : 16MB[0m
[0;32mI (14901) boot: Enabling RNG early entropy source...[0m
[0;32mI (14903) boot: Partition Table:[0m
[0;32mI (14903) boot: ## Label            Usage          Type ST Offset   Length[0m
[0;32mI (14904) boot:  0 nvs              WiFi data        01 02 00009000 00006000[0m
[0;32mI (14904) boot:  1 phy_init         RF data          01 01 0000f000 00001000[0m
[0;32mI (14904) boot:  2 factory          factory app      00 00 00010000 00100000[0m
[0;32mI (14905) boot: End of partition table[0m
[0;32mI (14905) esp_image: segment 0: paddr=00010020 vaddr=3c020020 size=0a9e4h ( 43492) map[0m
[0;32mI (14909) esp_image: segment 1: paddr=0001aa0c vaddr=3fc92600 size=02f4ch ( 12108) load[0m
[0;32mI (14911) esp_image: segment 2: paddr=0001d960 vaddr=40374000 size=026b8h (  9912) load[0m
[0;32mI (14912) esp_image: segment 3: paddr=00020020 vaddr=42000020 size=185d8h ( 99800) map[0m
[0;32mI (14922) esp_image: segment 4: paddr=00038600 vaddr=403766b8 size=0bf1ch ( 48924) load[0m
[0;32mI (14929) esp_image: segment 5: paddr=00044524 vaddr=50000000 size=0001ch (    28) load[0m
[0;32mI (14930) boot: Loaded app from partition at offset 0x10000[0m
[0;32mI (14930) boot: Disabling RNG early entropy source...[0m

assert failed: 0x420097f6 <cached disabled>:188 (<cached disabled>)
--- 0x420097f6: s_psram_chip_init at /Users/richardhine/.espressif/v5.4.4/esp-idf/components/esp_psram/esp_psram.c:188(inlined by) esp_psram_init at /Users/richardhine/.espressif/v5.4.4/esp-idf/components/esp_psram/esp_psram.c:385


Backtrace: 0x40375c91:0x3fceb130 0x4037a9cd:0x3fceb150 0x403807c1:0x3fceb170 0x420097f6:0x3fceb290 0x4037546e:0x3fceb2c0 0x403ccaa0:0x3fceb340 0x403ccedd:0x3fceb380 0x403c8991:0x3fceb4b0 0x40045c01:0x3fceb570 0x40043ab6:0x3fceb6f0 0x40034c45:0x3fceb710
--- 0x40375c91: panic_abort at /Users/richardhine/.espressif/v5.4.4/esp-idf/components/esp_system/panic.c:477
--- 0x4037a9cd: esp_system_abort at /Users/richardhine/.espressif/v5.4.4/esp-idf/components/esp_system/port/esp_system_chip.c:87
--- 0x403807c1: __assert_func at /Users/richardhine/.espressif/v5.4.4/esp-idf/components/newlib/assert.c:80
--- 0x420097f6: s_psram_chip_init at /Users/richardhine/.espressif/v5.4.4/esp-idf/components/esp_psram/esp_psram.c:188(inlined by) esp_psram_init at /Users/richardhine/.espressif/v5.4.4/esp-idf/components/esp_psram/esp_psram.c:385
--- 0x4037546e: call_start_cpu0 at /Users/richardhine/.espressif/v5.4.4/esp-idf/components/esp_system/port/cpu_start.c:585
--- 0x40045c01: ets_run_flash_bootloader in ROM
--- 0x40043ab6: main in ROM
--- 0x40034c45: .stack_ok in ROM




ELF file SHA256: 

Rebooting...
ESP-ROM:esp32s3-20210327
Build:Mar 27 2021
rst:0xc (RTC_SW_CPU_RST),boot:0x4 (SPI_FLASH_BOOT)
SPIWP:0xee
mode:DIO, clock div:1
load:0x3fce2810,len:0x1564
load:0x403c8700,len:0x4
load:0x403c8704,len:0xd24
load:0x403cb700,len:0x2ed4
entry 0x403c8928
[0;32mI (15008) boot: ESP-IDF v5.4.4 2nd stage bootloader[0m
[0;32mI (15008) boot: compile time Sep 15 2026 15:17:18[0m
[0;32mI (15008) boot: Multicore bootloader[0m
[0;32mI (15010) boot: chip revision: v0.3[0m
[0;32mI (15010) boot: efuse block revision: v0.0[0m
[0;32mI (15011) boot.esp32s3: Boot SPI Speed : 80MHz[0m
[0;32mI (15011) boot.esp32s3: SPI Mode       : SLOW READ[0m
[0;32mI (15011) boot.esp32s3: SPI Flash Size : 16MB[0m
[0;32mI (15012) boot: Enabling RNG early entropy source...[0m
[0;32mI (15015) boot: Partition Table:[0m
[0;32mI (15015) boot: ## Label            Usage          Type ST Offset   Length[0m
[0;32mI (15015) boot:  0 nvs              WiFi data        01 02 00009000 00006000[0m
[0;32mI (15016) boot:  1 phy_init         RF data          01 01 0000f000 00001000[0m
[0;32mI (15016) boot:  2 factory          factory app      00 00 00010000 00100000[0m
[0;32mI (15016) boot: End of partition table[0m
[0;32mI (15017) esp_image: segment 0: paddr=00010020 vaddr=3c020020 size=0a9e4h ( 43492) map[0m
[0;32mI (15021) esp_image: segment 1: paddr=0001aa0c vaddr=3fc92600 size=02f4ch ( 12108) load[0m
[0;32mI (15022) esp_image: segment 2: paddr=0001d960 vaddr=40374000 size=026b8h (  9912) load[0m
[0;32mI (15024) esp_image: segment 3: paddr=00020020 vaddr=42000020 size=185d8h ( 99800) map[0m
[0;32mI (15033) esp_image: segment 4: paddr=00038600 vaddr=403766b8 size=0bf1ch ( 48924) load[0m
[0;32mI (15040) esp_image: segment 5: paddr=00044524 vaddr=50000000 size=0001ch (    28) load[0m
[0;32mI (15041) boot: Loaded app from partition at offset 0x10000[0m
[0;32mI (15041) boot: Disabling RNG early entropy source...[0m

assert failed: 0x420097f6 <cached disabled>:188 (<cached disabled>)
--- 0x420097f6: s_psram_chip_init at /Users/richardhine/.espressif/v5.4.4/esp-idf/components/esp_psram/esp_psram.c:188(inlined by) esp_psram_init at /Users/richardhine/.espressif/v5.4.4/esp-idf/components/esp_psram/esp_psram.c:385


Backtrace: 0x40375c91:0x3fceb130 0x4037a9cd:0x3fceb150 0x403807c1:0x3fceb170 0x420097f6:0x3fceb290 0x4037546e:0x3fceb2c0 0x403ccaa0:0x3fceb340 0x403ccedd:0x3fceb380 0x403c8991:0x3fceb4b0 0x40045c01:0x3fceb570 0x40043ab6:0x3fceb6f0 0x40034c45:0x3fceb710
--- 0x40375c91: panic_abort at /Users/richardhine/.espressif/v5.4.4/esp-idf/components/esp_system/panic.c:477
--- 0x4037a9cd: esp_system_abort at /Users/richardhine/.espressif/v5.4.4/esp-idf/components/esp_system/port/esp_system_chip.c:87
--- 0x403807c1: __assert_func at /Users/richardhine/.espressif/v5.4.4/esp-idf/components/newlib/assert.c:80
--- 0x420097f6: s_psram_chip_init at /Users/richardhine/.espressif/v5.4.4/esp-idf/components/esp_psram/esp_psram.c:188(inlined by) esp_psram_init at /Users/richardhine/.espressif/v5.4.4/esp-idf/components/esp_psram/esp_psram.c:385
--- 0x4037546e: call_start_cpu0 at /Users/richardhine/.espressif/v5.4.4/esp-idf/components/esp_system/port/cpu_start.c:585
--- 0x40045c01: ets_run_flash_bootloader in ROM
--- 0x40043ab6: main in ROM
--- 0x40034c45: .stack_ok in ROM




ELF file SHA256: 

Rebooting...
ESP-ROM:esp32s3-20210327
Build:Mar 27 2021
rst:0xc (RTC_SW_CPU_RST),boot:0x4 (SPI_FLASH_BOOT)
SPIWP:0xee
mode:DIO, clock div:1
load:0x3fce2810,len:0x1564
load:0x403c8700,len:0x4
load:0x403c8704,len:0xd24
load:0x403cb700,len:0x2ed4
entry 0x403c8928
[0;32mI (15118) boot: ESP-IDF v5.4.4 2nd stage bootloader[0m
[0;32mI (15118) boot: compile time Sep 15 2026 15:17:18[0m
[0;32mI (15118) boot: Multicore bootloader[0m
[0;32mI (15120) boot: chip revision: v0.3[0m
[0;32mI (15121) boot: efuse block revision: v0.0[0m
[0;32mI (15121) boot.esp32s3: Boot SPI Speed : 80MHz[0m
[0;32mI (15121) boot.esp32s3: SPI Mode       : SLOW READ[0m
[0;32mI (15121) boot.esp32s3: SPI Flash Size : 16MB[0m
[0;32mI (15122) boot: Enabling RNG early entropy source...[0m
[0;32mI (15125) boot: Partition Table:[0m
[0;32mI (15125) boot: ## Label            Usage          Type ST Offset   Length[0m
[0;32mI (15125) boot:  0 nvs              WiFi data        01 02 00009000 00006000[0m
[0;32mI (15126) boot:  1 phy_init         RF data          01 01 0000f000 00001000[0m
[0;32mI (15126) boot:  2 factory          factory app      00 00 00010000 00100000[0m
[0;32mI (15126) boot: End of partition table[0m
[0;32mI (15127) esp_image: segment 0: paddr=00010020 vaddr=3c020020 size=0a9e4h ( 43492) map[0m
[0;32mI (15130) esp_image: segment 1: paddr=0001aa0c vaddr=3fc92600 size=02f4ch ( 12108) load[0m
[0;32mI (15132) esp_image: segment 2: paddr=0001d960 vaddr=40374000 size=026b8h (  9912) load[0m
[0;32mI (15133) esp_image: segment 3: paddr=00020020 vaddr=42000020 size=185d8h ( 99800) map[0m
[0;32mI (15142) esp_image: segment 4: paddr=00038600 vaddr=403766b8 size=0bf1ch ( 48924) load[0m
[0;32mI (15149) esp_image: segment 5: paddr=00044524 vaddr=50000000 size=0001ch (    28) load[0m
[0;32mI (15150) boot: Loaded app from partition at offset 0x10000[0m
[0;32mI (15150) boot: Disabling RNG early entropy source...[0m

assert failed: 0x420097f6 <cached disabled>:188 (<cached disabled>)
--- 0x420097f6: s_psram_chip_init at /Users/richardhine/.espressif/v5.4.4/esp-idf/components/esp_psram/esp_psram.c:188(inlined by) esp_psram_init at /Users/richardhine/.espressif/v5.4.4/esp-idf/components/esp_psram/esp_psram.c:385


Backtrace: 0x40375c91:0x3fceb130 0x4037a9cd:0x3fceb150 0x403807c1:0x3fceb170 0x420097f6:0x3fceb290 0x4037546e:0x3fceb2c0 0x403ccaa0:0x3fceb340 0x403ccedd:0x3fceb380 0x403c8991:0x3fceb4b0 0x40045c01:0x3fceb570 0x40043ab6:0x3fceb6f0 0x40034c45:0x3fceb710
--- 0x40375c91: panic_abort at /Users/richardhine/.espressif/v5.4.4/esp-idf/components/esp_system/panic.c:477
--- 0x4037a9cd: esp_system_abort at /Users/richardhine/.espressif/v5.4.4/esp-idf/components/esp_system/port/esp_system_chip.c:87
--- 0x403807c1: __assert_func at /Users/richardhine/.espressif/v5.4.4/esp-idf/components/newlib/assert.c:80
--- 0x420097f6: s_psram_chip_init at /Users/richardhine/.espressif/v5.4.4/esp-idf/components/esp_psram/esp_psram.c:188(inlined by) esp_psram_init at /Users/richardhine/.espressif/v5.4.4/esp-idf/components/esp_psram/esp_psram.c:385
--- 0x4037546e: call_start_cpu0 at /Users/richardhine/.espressif/v5.4.4/esp-idf/components/esp_system/port/cpu_start.c:585
--- 0x40045c01: ets_run_flash_bootloader in ROM
--- 0x40043ab6: main in ROM
--- 0x40034c45: .stack_ok in ROM




ELF file SHA256: 

Rebooting...
ESP-ROM:esp32s3-20210327
Build:Mar 27 2021
rst:0xc (RTC_SW_CPU_RST),boot:0x4 (SPI_FLASH_BOOT)
SPIWP:0xee
mode:DIO, clock div:1
load:0x3fce2810,len:0x1564
load:0x403c8700,len:0x4
load:0x403c8704,len:0xd24
load:0x403cb700,len:0x2ed4
entry 0x403c8928
[0;32mI (15226) boot: ESP-IDF v5.4.4 2nd stage bootloader[0m
[0;32mI (15227) boot: compile time Sep 15 2026 15:17:18[0m
[0;32mI (15227) boot: Multicore bootloader[0m
[0;32mI (15229) boot: chip revision: v0.3[0m
[0;32mI (15229) boot: efuse block revision: v0.0[0m
[0;32mI (15229) boot.esp32s3: Boot SPI Speed : 80MHz[0m
[0;32mI (15229) boot.esp32s3: SPI Mode       : SLOW READ[0m
[0;32mI (15230) boot.esp32s3: SPI Flash Size : 16MB[0m
[0;32mI (15231) boot: Enabling RNG early entropy source...[0m
[0;32mI (15234) boot: Partition Table:[0m
[0;32mI (15234) boot: ## Label            Usage          Type ST Offset   Length[0m
[0;32mI (15234) boot:  0 nvs              WiFi data        01 02 00009000 00006000[0m
[0;32mI (15234) boot:  1 phy_init         RF data          01 01 0000f000 00001000[0m
[0;32mI (15234) boot:  2 factory          factory app      00 00 00010000 00100000[0m
[0;32mI (15235) boot: End of partition table[0m
[0;32mI (15235) esp_image: segment 0: paddr=00010020 vaddr=3c020020 size=0a9e4h ( 43492) map[0m
[0;32mI (15239) esp_image: segment 1: paddr=0001aa0c vaddr=3fc92600 size=02f4ch ( 12108) load[0m
[0;32mI (15241) esp_image: segment 2: paddr=0001d960 vaddr=40374000 size=026b8h (  9912) load[0m
[0;32mI (15243) esp_image: segment 3: paddr=00020020 vaddr=42000020 size=185d8h ( 99800) map[0m
[0;32mI (15254) esp_image: segment 4: paddr=00038600 vaddr=403766b8 size=0bf1ch ( 48924) load[0m
[0;32mI (15261) esp_image: segment 5: paddr=00044524 vaddr=50000000 size=0001ch (    28) load[0m
[0;32mI (15262) boot: Loaded app from partition at offset 0x10000[0m
[0;32mI (15262) boot: Disabling RNG early entropy source...[0m

assert failed: 0x420097f6 <cached disabled>:188 (<cached disabled>)
--- 0x420097f6: s_psram_chip_init at /Users/richardhine/.espressif/v5.4.4/esp-idf/components/esp_psram/esp_psram.c:188(inlined by) esp_psram_init at /Users/richardhine/.espressif/v5.4.4/esp-idf/components/esp_psram/esp_psram.c:385


Backtrace: 0x40375c91:0x3fceb130 0x4037a9cd:0x3fceb150 0x403807c1:0x3fceb170 0x420097f6:0x3fceb290 0x4037546e:0x3fceb2c0 0x403ccaa0:0x3fceb340 0x403ccedd:0x3fceb380 0x403c8991:0x3fceb4b0 0x40045c01:0x3fceb570 0x40043ab6:0x3fceb6f0 0x40034c45:0x3fceb710
--- 0x40375c91: panic_abort at /Users/richardhine/.espressif/v5.4.4/esp-idf/components/esp_system/panic.c:477
--- 0x4037a9cd: esp_system_abort at /Users/richardhine/.espressif/v5.4.4/esp-idf/components/esp_system/port/esp_system_chip.c:87
--- 0x403807c1: __assert_func at /Users/richardhine/.espressif/v5.4.4/esp-idf/components/newlib/assert.c:80
--- 0x420097f6: s_psram_chip_init at /Users/richardhine/.espressif/v5.4.4/esp-idf/components/esp_psram/esp_psram.c:188(inlined by) esp_psram_init at /Users/richardhine/.espressif/v5.4.4/esp-idf/components/esp_psram/esp_psram.c:385
--- 0x4037546e: call_start_cpu0 at /Users/richardhine/.espressif/v5.4.4/esp-idf/components/esp_system/port/cpu_start.c:585
--- 0x40045c01: ets_run_flash_bootloader in ROM
--- 0x40043ab6: main in ROM
--- 0x40034c45: .stack_ok in ROM




ELF file SHA256: 

Rebooting...
ESP-ROM:esp32s3-20210327
Build:Mar 27 2021
rst:0xc (RTC_SW_CPU_RST),boot:0x4 (SPI_FLASH_BOOT)
SPIWP:0xee
mode:DIO, clock div:1
load:0x3fce2810,len:0x1564
load:0x403c8700,len:0x4
load:0x403c8704,len:0xd24
load:0x403cb700,len:0x2ed4
entry 0x403c8928
[0;32mI (15340) boot: ESP-IDF v5.4.4 2nd stage bootloader[0m
[0;32mI (15341) boot: compile time Sep 15 2026 15:17:18[0m
[0;32mI (15341) boot: Multicore bootloader[0m
[0;32mI (15343) boot: chip revision: v0.3[0m
[0;32mI (15343) boot: efuse block revision: v0.0[0m
[0;32mI (15343) boot.esp32s3: Boot SPI Speed : 80MHz[0m
[0;32mI (15343) boot.esp32s3: SPI Mode       : SLOW READ[0m
[0;32mI (15344) boot.esp32s3: SPI Flash Size : 16MB[0m
[0;32mI (15345) boot: Enabling RNG early entropy source...[0m
[0;32mI (15348) boot: Partition Table:[0m
[0;32mI (15348) boot: ## Label            Usage          Type ST Offset   Length[0m
[0;32mI (15348) boot:  0 nvs              WiFi data        01 02 00009000 00006000[0m
[0;32mI (15348) boot:  1 phy_init         RF data          01 01 0000f000 00001000[0m
[0;32mI (15348) boot:  2 factory          factory app      00 00 00010000 00100000[0m
[0;32mI (15349) boot: End of partition table[0m
[0;32mI (15349) esp_image: segment 0: paddr=00010020 vaddr=3c020020 size=0a9e4h ( 43492) map[0m
[0;32mI (15353) esp_image: segment 1: paddr=0001aa0c vaddr=3fc92600 size=02f4ch ( 12108) load[0m
[0;32mI (15354) esp_image: segment 2: paddr=0001d960 vaddr=40374000 size=026b8h (  9912) load[0m
[0;32mI (15356) esp_image: segment 3: paddr=00020020 vaddr=42000020 size=185d8h ( 99800) map[0m
[0;32mI (15367) esp_image: segment 4: paddr=00038600 vaddr=403766b8 size=0bf1ch ( 48924) load[0m
[0;32mI (15374) esp_image: segment 5: paddr=00044524 vaddr=50000000 size=0001ch (    28) load[0m
[0;32mI (15375) boot: Loaded app from partition at offset 0x10000[0m
[0;32mI (15376) boot: Disabling RNG early entropy source...[0m

assert failed: 0x420097f6 <cached disabled>:188 (<cached disabled>)
--- 0x420097f6: s_psram_chip_init at /Users/richardhine/.espressif/v5.4.4/esp-idf/components/esp_psram/esp_psram.c:188(inlined by) esp_psram_init at /Users/richardhine/.espressif/v5.4.4/esp-idf/components/esp_psram/esp_psram.c:385


Backtrace: 0x40375c91:0x3fceb130 0x4037a9cd:0x3fceb150 0x403807c1:0x3fceb170 0x420097f6:0x3fceb290 0x4037546e:0x3fceb2c0 0x403ccaa0:0x3fceb340 0x403ccedd:0x3fceb380 0x403c8991:0x3fceb4b0 0x40045c01:0x3fceb570 0x40043ab6:0x3fceb6f0 0x40034c45:0x3fceb710
--- 0x40375c91: panic_abort at /Users/richardhine/.espressif/v5.4.4/esp-idf/components/esp_system/panic.c:477
--- 0x4037a9cd: esp_system_abort at /Users/richardhine/.espressif/v5.4.4/esp-idf/components/esp_system/port/esp_system_chip.c:87
--- 0x403807c1: __assert_func at /Users/richardhine/.espressif/v5.4.4/esp-idf/components/newlib/assert.c:80
--- 0x420097f6: s_psram_chip_init at /Users/richardhine/.espressif/v5.4.4/esp-idf/components/esp_psram/esp_psram.c:188(inlined by) esp_psram_init at /Users/richardhine/.espressif/v5.4.4/esp-idf/components/esp_psram/esp_psram.c:385
--- 0x4037546e: call_start_cpu0 at /Users/richardhine/.espressif/v5.4.4/esp-idf/components/esp_system/port/cpu_start.c:585
--- 0x40045c01: ets_run_flash_bootloader in ROM
--- 0x40043ab6: main in ROM
--- 0x40034c45: .stack_ok in ROM




ELF file SHA256: 

Rebooting...
ESP-ROM:esp32s3-20210327
Build:Mar 27 2021
rst:0xc (RTC_SW_CPU_RST),boot:0x4 (SPI_FLASH_BOOT)
SPIWP:0xee
mode:DIO, clock div:1
load:0x3fce2810,len:0x1564
load:0x403c8700,len:0x4
load:0x403c8704,len:0xd24
load:0x403cb700,len:0x2ed4
entry 0x403c8928
[0;32mI (15452) boot: ESP-IDF v5.4.4 2nd stage bootloader[0m
[0;32mI (15452) boot: compile time Sep 15 2026 15:17:18[0m
[0;32mI (15452) boot: Multicore bootloader[0m
[0;32mI (15454) boot: chip revision: v0.3[0m
[0;32mI (15454) boot: efuse block revision: v0.0[0m
[0;32mI (15454) boot.esp32s3: Boot SPI Speed : 80MHz[0m
[0;32mI (15455) boot.esp32s3: SPI Mode       : SLOW READ[0m
[0;32mI (15455) boot.esp32s3: SPI Flash Size : 16MB[0m
[0;32mI (15456) boot: Enabling RNG early entropy source...[0m
[0;32mI (15459) boot: Partition Table:[0m
[0;32mI (15459) boot: ## Label            Usage          Type ST Offset   Length[0m
[0;32mI (15459) boot:  0 nvs              WiFi data        01 02 00009000 00006000[0m
[0;32mI (15459) boot:  1 phy_init         RF data          01 01 0000f000 00001000[0m
[0;32mI (15459) boot:  2 factory          factory app      00 00 00010000 00100000[0m
[0;32mI (15460) boot: End of partition table[0m
[0;32mI (15460) esp_image: segment 0: paddr=00010020 vaddr=3c020020 size=0a9e4h ( 43492) map[0m
[0;32mI (15464) esp_image: segment 1: paddr=0001aa0c vaddr=3fc92600 size=02f4ch ( 12108) load[0m
[0;32mI (15466) esp_image: segment 2: paddr=0001d960 vaddr=40374000 size=026b8h (  9912) load[0m
[0;32mI (15467) esp_image: segment 3: paddr=00020020 vaddr=42000020 size=185d8h ( 99800) map[0m
[0;32mI (15474) esp_image: segment 4: paddr=00038600 vaddr=403766b8 size=0bf1ch ( 48924) load[0m
[0;32mI (15480) esp_image: segment 5: paddr=00044524 vaddr=50000000 size=0001ch (    28) load[0m
[0;32mI (15481) boot: Loaded app from partition at offset 0x10000[0m
[0;32mI (15481) boot: Disabling RNG early entropy source...[0m

assert failed: 0x420097f6 <cached disabled>:188 (<cached disabled>)
--- 0x420097f6: s_psram_chip_init at /Users/richardhine/.espressif/v5.4.4/esp-idf/components/esp_psram/esp_psram.c:188(inlined by) esp_psram_init at /Users/richardhine/.espressif/v5.4.4/esp-idf/components/esp_psram/esp_psram.c:385


Backtrace: 0x40375c91:0x3fceb130 0x4037a9cd:0x3fceb150 0x403807c1:0x3fceb170 0x420097f6:0x3fceb290 0x4037546e:0x3fceb2c0 0x403ccaa0:0x3fceb340 0x403ccedd:0x3fceb380 0x403c8991:0x3fceb4b0 0x40045c01:0x3fceb570 0x40043ab6:0x3fceb6f0 0x40034c45:0x3fceb710
--- 0x40375c91: panic_abort at /Users/richardhine/.espressif/v5.4.4/esp-idf/components/esp_system/panic.c:477
--- 0x4037a9cd: esp_system_abort at /Users/richardhine/.espressif/v5.4.4/esp-idf/components/esp_system/port/esp_system_chip.c:87
--- 0x403807c1: __assert_func at /Users/richardhine/.espressif/v5.4.4/esp-idf/components/newlib/assert.c:80
--- 0x420097f6: s_psram_chip_init at /Users/richardhine/.espressif/v5.4.4/esp-idf/components/esp_psram/esp_psram.c:188(inlined by) esp_psram_init at /Users/richardhine/.espressif/v5.4.4/esp-idf/components/esp_psram/esp_psram.c:385
--- 0x4037546e: call_start_cpu0 at /Users/richardhine/.espressif/v5.4.4/esp-idf/components/esp_system/port/cpu_start.c:585
--- 0x40045c01: ets_run_flash_bootloader in ROM
--- 0x40043ab6: main in ROM
--- 0x40034c45: .stack_ok in ROM




ELF file SHA256: 

Rebooting...
ESP-ROM:esp32s3-20210327
Build:Mar 27 2021
rst:0xc (RTC_SW_CPU_RST),boot:0x4 (SPI_FLASH_BOOT)
SPIWP:0xee
mode:DIO, clock div:1
load:0x3fce2810,len:0x1564
load:0x403c8700,len:0x4
load:0x403c8704,len:0xd24
load:0x403cb700,len:0x2ed4
entry 0x403c8928
[0;32mI (15557) boot: ESP-IDF v5.4.4 2nd stage bootloader[0m
[0;32mI (15557) boot: compile time Sep 15 2026 15:17:18[0m
[0;32mI (15557) boot: Multicore bootloader[0m
[0;32mI (15560) boot: chip revision: v0.3[0m
[0;32mI (15560) boot: efuse block revision: v0.0[0m
[0;32mI (15560) boot.esp32s3: Boot SPI Speed : 80MHz[0m
[0;32mI (15560) boot.esp32s3: SPI Mode       : SLOW READ[0m
[0;32mI (15561) boot.esp32s3: SPI Flash Size : 16MB[0m
[0;32mI (15562) boot: Enabling RNG early entropy source...[0m
[0;32mI (15565) boot: Partition Table:[0m
[0;32mI (15565) boot: ## Label            Usage          Type ST Offset   Length[0m
[0;32mI (15565) boot:  0 nvs              WiFi data        01 02 00009000 00006000[0m
[0;32mI (15565) boot:  1 phy_init         RF data          01 01 0000f000 00001000[0m
[0;32mI (15566) boot:  2 factory          factory app      00 00 00010000 00100000[0m
[0;32mI (15566) boot: End of partition table[0m
[0;32mI (15566) esp_image: segment 0: paddr=00010020 vaddr=3c020020 size=0a9e4h ( 43492) map[0m
[0;32mI (15570) esp_image: segment 1: paddr=0001aa0c vaddr=3fc92600 size=02f4ch ( 12108) load[0m
[0;32mI (15572) esp_image: segment 2: paddr=0001d960 vaddr=40374000 size=026b8h (  9912) load[0m
[0;32mI (15573) esp_image: segment 3: paddr=00020020 vaddr=42000020 size=185d8h ( 99800) map[0m
[0;32mI (15581) esp_image: segment 4: paddr=00038600 vaddr=403766b8 size=0bf1ch ( 48924) load[0m
[0;32mI (15589) esp_image: segment 5: paddr=00044524 vaddr=50000000 size=0001ch (    28) load[0m
[0;32mI (15590) boot: Loaded app from partition at offset 0x10000[0m
[0;32mI (15590) boot: Disabling RNG early entropy source...[0m

assert failed: 0x420097f6 <cached disabled>:188 (<cached disabled>)
--- 0x420097f6: s_psram_chip_init at /Users/richardhine/.espressif/v5.4.4/esp-idf/components/esp_psram/esp_psram.c:188(inlined by) esp_psram_init at /Users/richardhine/.espressif/v5.4.4/esp-idf/components/esp_psram/esp_psram.c:385


Backtrace: 0x40375c91:0x3fceb130 0x4037a9cd:0x3fceb150 0x403807c1:0x3fceb170 0x420097f6:0x3fceb290 0x4037546e:0x3fceb2c0 0x403ccaa0:0x3fceb340 0x403ccedd:0x3fceb380 0x403c8991:0x3fceb4b0 0x40045c01:0x3fceb570 0x40043ab6:0x3fceb6f0 0x40034c45:0x3fceb710
--- 0x40375c91: panic_abort at /Users/richardhine/.espressif/v5.4.4/esp-idf/components/esp_system/panic.c:477
--- 0x4037a9cd: esp_system_abort at /Users/richardhine/.espressif/v5.4.4/esp-idf/components/esp_system/port/esp_system_chip.c:87
--- 0x403807c1: __assert_func at /Users/richardhine/.espressif/v5.4.4/esp-idf/components/newlib/assert.c:80
--- 0x420097f6: s_psram_chip_init at /Users/richardhine/.espressif/v5.4.4/esp-idf/components/esp_psram/esp_psram.c:188(inlined by) esp_psram_init at /Users/richardhine/.espressif/v5.4.4/esp-idf/components/esp_psram/esp_psram.c:385
--- 0x4037546e: call_start_cpu0 at /Users/richardhine/.espressif/v5.4.4/esp-idf/components/esp_system/port/cpu_start.c:585
--- 0x40045c01: ets_run_flash_bootloader in ROM
--- 0x40043ab6: main in ROM
--- 0x40034c45: .stack_ok in ROM




ELF file SHA256: 

Rebooting...
ESP-ROM:esp32s3-20210327
Build:Mar 27 2021
rst:0xc (RTC_SW_CPU_RST),boot:0x4 (SPI_FLASH_BOOT)
SPIWP:0xee
mode:DIO, clock div:1
load:0x3fce2810,len:0x1564
load:0x403c8700,len:0x4
load:0x403c8704,len:0xd24
load:0x403cb700,len:0x2ed4
entry 0x403c8928
[0;32mI (15667) boot: ESP-IDF v5.4.4 2nd stage bootloader[0m
[0;32mI (15667) boot: compile time Sep 15 2026 15:17:18[0m
[0;32mI (15667) boot: Multicore bootloader[0m
[0;32mI (15669) boot: chip revision: v0.3[0m
[0;32mI (15669) boot: efuse block revision: v0.0[0m
[0;32mI (15670) boot.esp32s3: Boot SPI Speed : 80MHz[0m
[0;32mI (15670) boot.esp32s3: SPI Mode       : SLOW READ[0m
[0;32mI (15670) boot.esp32s3: SPI Flash Size : 16MB[0m
[0;32mI (15671) boot: Enabling RNG early entropy source...[0m
[0;32mI (15674) boot: Partition Table:[0m
[0;32mI (15674) boot: ## Label            Usage          Type ST Offset   Length[0m
[0;32mI (15674) boot:  0 nvs              WiFi data        01 02 00009000 00006000[0m
[0;32mI (15675) boot:  1 phy_init         RF data          01 01 0000f000 00001000[0m
[0;32mI (15675) boot:  2 factory          factory app      00 00 00010000 00100000[0m
[0;32mI (15676) boot: End of partition table[0m
[0;32mI (15676) esp_image: segment 0: paddr=00010020 vaddr=3c020020 size=0a9e4h ( 43492) map[0m
[0;32mI (15680) esp_image: segment 1: paddr=0001aa0c vaddr=3fc92600 size=02f4ch ( 12108) load[0m
[0;32mI (15682) esp_image: segment 2: paddr=0001d960 vaddr=40374000 size=026b8h (  9912) load[0m
[0;32mI (15683) esp_image: segment 3: paddr=00020020 vaddr=42000020 size=185d8h ( 99800) map[0m
[0;32mI (15691) esp_image: segment 4: paddr=00038600 vaddr=403766b8 size=0bf1ch ( 48924) load[0m
[0;32mI (15697) esp_image: segment 5: paddr=00044524 vaddr=50000000 size=0001ch (    28) load[0m
[0;32mI (15698) boot: Loaded app from partition at offset 0x10000[0m
[0;32mI (15698) boot: Disabling RNG early entropy source...[0m

assert failed: 0x420097f6 <cached disabled>:188 (<cached disabled>)
--- 0x420097f6: s_psram_chip_init at /Users/richardhine/.espressif/v5.4.4/esp-idf/components/esp_psram/esp_psram.c:188(inlined by) esp_psram_init at /Users/richardhine/.espressif/v5.4.4/esp-idf/components/esp_psram/esp_psram.c:385


Backtrace: 0x40375c91:0x3fceb130 0x4037a9cd:0x3fceb150 0x403807c1:0x3fceb170 0x420097f6:0x3fceb290 0x4037546e:0x3fceb2c0 0x403ccaa0:0x3fceb340 0x403ccedd:0x3fceb380 0x403c8991:0x3fceb4b0 0x40045c01:0x3fceb570 0x40043ab6:0x3fceb6f0 0x40034c45:0x3fceb710
--- 0x40375c91: panic_abort at /Users/richardhine/.espressif/v5.4.4/esp-idf/components/esp_system/panic.c:477
--- 0x4037a9cd: esp_system_abort at /Users/richardhine/.espressif/v5.4.4/esp-idf/components/esp_system/port/esp_system_chip.c:87
--- 0x403807c1: __assert_func at /Users/richardhine/.espressif/v5.4.4/esp-idf/components/newlib/assert.c:80
--- 0x420097f6: s_psram_chip_init at /Users/richardhine/.espressif/v5.4.4/esp-idf/components/esp_psram/esp_psram.c:188(inlined by) esp_psram_init at /Users/richardhine/.espressif/v5.4.4/esp-idf/components/esp_psram/esp_psram.c:385
--- 0x4037546e: call_start_cpu0 at /Users/richardhine/.espressif/v5.4.4/esp-idf/components/esp_system/port/cpu_start.c:585
--- 0x40045c01: ets_run_flash_bootloader in ROM
--- 0x40043ab6: main in ROM
--- 0x40034c45: .stack_ok in ROM




ELF file SHA256: 

Rebooting...
ESP-ROM:esp32s3-20210327
Build:Mar 27 2021
rst:0xc (RTC_SW_CPU_RST),boot:0x4 (SPI_FLASH_BOOT)
SPIWP:0xee
mode:DIO, clock div:1
load:0x3fce2810,len:0x1564
load:0x403c8700,len:0x4
load:0x403c8704,len:0xd24
load:0x403cb700,len:0x2ed4
entry 0x403c8928
[0;32mI (15775) boot: ESP-IDF v5.4.4 2nd stage bootloader[0m
[0;32mI (15776) boot: compile time Sep 15 2026 15:17:18[0m
[0;32mI (15776) boot: Multicore bootloader[0m
[0;32mI (15778) boot: chip revision: v0.3[0m
[0;32mI (15778) boot: efuse block revision: v0.0[0m
[0;32mI (15779) boot.esp32s3: Boot SPI Speed : 80MHz[0m
[0;32mI (15779) boot.esp32s3: SPI Mode       : SLOW READ[0m
[0;32mI (15779) boot.esp32s3: SPI Flash Size : 16MB[0m
[0;32mI (15780) boot: Enabling RNG early entropy source...[0m
[0;32mI (15783) boot: Partition Table:[0m
[0;32mI (15783) boot: ## Label            Usage          Type ST Offset   Length[0m
[0;32mI (15784) boot:  0 nvs              WiFi data        01 02 00009000 00006000[0m
[0;32mI (15784) boot:  1 phy_init         RF data          01 01 0000f000 00001000[0m
[0;32mI (15784) boot:  2 factory          factory app      00 00 00010000 00100000[0m
[0;32mI (15785) boot: End of partition table[0m
[0;32mI (15785) esp_image: segment 0: paddr=00010020 vaddr=3c020020 size=0a9e4h ( 43492) map[0m
[0;32mI (15789) esp_image: segment 1: paddr=0001aa0c vaddr=3fc92600 size=02f4ch ( 12108) load[0m
[0;32mI (15790) esp_image: segment 2: paddr=0001d960 vaddr=40374000 size=026b8h (  9912) load[0m
[0;32mI (15792) esp_image: segment 3: paddr=00020020 vaddr=42000020 size=185d8h ( 99800) map[0m
[0;32mI (15802) esp_image: segment 4: paddr=00038600 vaddr=403766b8 size=0bf1ch ( 48924) load[0m
[0;32mI (15808) esp_image: segment 5: paddr=00044524 vaddr=50000000 size=0001ch (    28) load[0m
[0;32mI (15809) boot: Loaded app from partition at offset 0x10000[0m
[0;32mI (15809) boot: Disabling RNG early entropy source...[0m

assert failed: 0x420097f6 <cached disabled>:188 (<cached disabled>)
--- 0x420097f6: s_psram_chip_init at /Users/richardhine/.espressif/v5.4.4/esp-idf/components/esp_psram/esp_psram.c:188(inlined by) esp_psram_init at /Users/richardhine/.espressif/v5.4.4/esp-idf/components/esp_psram/esp_psram.c:385


Backtrace: 0x40375c91:0x3fceb130 0x4037a9cd:0x3fceb150 0x403807c1:0x3fceb170 0x420097f6:0x3fceb290 0x4037546e:0x3fceb2c0 0x403ccaa0:0x3fceb340 0x403ccedd:0x3fceb380 0x403c8991:0x3fceb4b0 0x40045c01:0x3fceb570 0x40043ab6:0x3fceb6f0 0x40034c45:0x3fceb710
--- 0x40375c91: panic_abort at /Users/richardhine/.espressif/v5.4.4/esp-idf/components/esp_system/panic.c:477
--- 0x4037a9cd: esp_system_abort at /Users/richardhine/.espressif/v5.4.4/esp-idf/components/esp_system/port/esp_system_chip.c:87
--- 0x403807c1: __assert_func at /Users/richardhine/.espressif/v5.4.4/esp-idf/components/newlib/assert.c:80
--- 0x420097f6: s_psram_chip_init at /Users/richardhine/.espressif/v5.4.4/esp-idf/components/esp_psram/esp_psram.c:188(inlined by) esp_psram_init at /Users/richardhine/.espressif/v5.4.4/esp-idf/components/esp_psram/esp_psram.c:385
--- 0x4037546e: call_start_cpu0 at /Users/richardhine/.espressif/v5.4.4/esp-idf/components/esp_system/port/cpu_start.c:585
--- 0x40045c01: ets_run_flash_bootloader in ROM
--- 0x40043ab6: main in ROM
--- 0x40034c45: .stack_ok in ROM




ELF file SHA256: 

Rebooting...
ESP-ROM:esp32s3-20210327
Build:Mar 27 2021
rst:0xc (RTC_SW_CPU_RST),boot:0x4 (SPI_FLASH_BOOT)
SPIWP:0xee
mode:DIO, clock div:1
load:0x3fce2810,len:0x1564
load:0x403c8700,len:0x4
load:0x403c8704,len:0xd24
load:0x403cb700,len:0x2ed4
entry 0x403c8928
[0;32mI (15886) boot: ESP-IDF v5.4.4 2nd stage bootloader[0m
[0;32mI (15886) boot: compile time Sep 15 2026 15:17:18[0m
[0;32mI (15886) boot: Multicore bootloader[0m
[0;32mI (15888) boot: chip revision: v0.3[0m
[0;32mI (15888) boot: efuse block revision: v0.0[0m
[0;32mI (15889) boot.esp32s3: Boot SPI Speed : 80MHz[0m
[0;32mI (15889) boot.esp32s3: SPI Mode       : SLOW READ[0m
[0;32mI (15889) boot.esp32s3: SPI Flash Size : 16MB[0m
[0;32mI (15890) boot: Enabling RNG early entropy source...[0m
[0;32mI (15893) boot: Partition Table:[0m
[0;32mI (15893) boot: ## Label            Usage          Type ST Offset   Length[0m
[0;32mI (15893) boot:  0 nvs              WiFi data        01 02 00009000 00006000[0m
[0;32mI (15894) boot:  1 phy_init         RF data          01 01 0000f000 00001000[0m
[0;32mI (15894) boot:  2 factory          factory app      00 00 00010000 00100000[0m
[0;32mI (15894) boot: End of partition table[0m
[0;32mI (15895) esp_image: segment 0: paddr=00010020 vaddr=3c020020 size=0a9e4h ( 43492) map[0m
[0;32mI (15899) esp_image: segment 1: paddr=0001aa0c vaddr=3fc92600 size=02f4ch ( 12108) load[0m
[0;32mI (15900) esp_image: segment 2: paddr=0001d960 vaddr=40374000 size=026b8h (  9912) load[0m
[0;32mI (15902) esp_image: segment 3: paddr=00020020 vaddr=42000020 size=185d8h ( 99800) map[0m
[0;32mI (15912) esp_image: segment 4: paddr=00038600 vaddr=403766b8 size=0bf1ch ( 48924) load[0m
[0;32mI (15920) esp_image: segment 5: paddr=00044524 vaddr=50000000 size=0001ch (    28) load[0m
[0;32mI (15921) boot: Loaded app from partition at offset 0x10000[0m
[0;32mI (15921) boot: Disabling RNG early entropy source...[0m

assert failed: 0x420097f6 <cached disabled>:188 (<cached disabled>)
--- 0x420097f6: s_psram_chip_init at /Users/richardhine/.espressif/v5.4.4/esp-idf/components/esp_psram/esp_psram.c:188(inlined by) esp_psram_init at /Users/richardhine/.espressif/v5.4.4/esp-idf/components/esp_psram/esp_psram.c:385


Backtrace: 0x40375c91:0x3fceb130 0x4037a9cd:0x3fceb150 0x403807c1:0x3fceb170 0x420097f6:0x3fceb290 0x4037546e:0x3fceb2c0 0x403ccaa0:0x3fceb340 0x403ccedd:0x3fceb380 0x403c8991:0x3fceb4b0 0x40045c01:0x3fceb570 0x40043ab6:0x3fceb6f0 0x40034c45:0x3fceb710
--- 0x40375c91: panic_abort at /Users/richardhine/.espressif/v5.4.4/esp-idf/components/esp_system/panic.c:477
--- 0x4037a9cd: esp_system_abort at /Users/richardhine/.espressif/v5.4.4/esp-idf/components/esp_system/port/esp_system_chip.c:87
--- 0x403807c1: __assert_func at /Users/richardhine/.espressif/v5.4.4/esp-idf/components/newlib/assert.c:80
--- 0x420097f6: s_psram_chip_init at /Users/richardhine/.espressif/v5.4.4/esp-idf/components/esp_psram/esp_psram.c:188(inlined by) esp_psram_init at /Users/richardhine/.espressif/v5.4.4/esp-idf/components/esp_psram/esp_psram.c:385
--- 0x4037546e: call_start_cpu0 at /Users/richardhine/.espressif/v5.4.4/esp-idf/components/esp_system/port/cpu_start.c:585
--- 0x40045c01: ets_run_flash_bootloader in ROM
--- 0x40043ab6: main in ROM
--- 0x40034c45: .stack_ok in ROM




ELF file SHA256: 

Rebooting...
ESP-ROM:esp32s3-20210327
Build:Mar 27 2021
rst:0xc (RTC_SW_CPU_RST),boot:0x4 (SPI_FLASH_BOOT)
SPIWP:0xee
mode:DIO, clock div:1
load:0x3fce2810,len:0x1564
load:0x403c8700,len:0x4
load:0x403c8704,len:0xd24
load:0x403cb700,len:0x2ed4
entry 0x403c8928
[0;32mI (15998) boot: ESP-IDF v5.4.4 2nd stage bootloader[0m
[0;32mI (15998) boot: compile time Sep 15 2026 15:17:18[0m
[0;32mI (15998) boot: Multicore bootloader[0m
[0;32mI (16000) boot: chip revision: v0.3[0m
[0;32mI (16001) boot: efuse block revision: v0.0[0m
[0;32mI (16001) boot.esp32s3: Boot SPI Speed : 80MHz[0m
[0;32mI (16001) boot.esp32s3: SPI Mode       : SLOW READ[0m
[0;32mI (16001) boot.esp32s3: SPI Flash Size : 16MB[0m
[0;32mI (16002) boot: Enabling RNG early entropy source...[0m
[0;32mI (16005) boot: Partition Table:[0m
[0;32mI (16005) boot: ## Label            Usage          Type ST Offset   Length[0m
[0;32mI (16006) boot:  0 nvs              WiFi data        01 02 00009000 00006000[0m
[0;32mI (16006) boot:  1 phy_init         RF data          01 01 0000f000 00001000[0m
[0;32mI (16006) boot:  2 factory          factory app      00 00 00010000 00100000[0m
[0;32mI (16007) boot: End of partition table[0m
[0;32mI (16007) esp_image: segment 0: paddr=00010020 vaddr=3c020020 size=0a9e4h ( 43492) map[0m
[0;32mI (16011) esp_image: segment 1: paddr=0001aa0c vaddr=3fc92600 size=02f4ch ( 12108) load[0m
[0;32mI (16013) esp_image: segment 2: paddr=0001d960 vaddr=40374000 size=026b8h (  9912) load[0m
[0;32mI (16014) esp_image: segment 3: paddr=00020020 vaddr=42000020 size=185d8h ( 99800) map[0m
[0;32mI (16023) esp_image: segment 4: paddr=00038600 vaddr=403766b8 size=0bf1ch ( 48924) load[0m
[0;32mI (16030) esp_image: segment 5: paddr=00044524 vaddr=50000000 size=0001ch (    28) load[0m
[0;32mI (16031) boot: Loaded app from partition at offset 0x10000[0m
[0;32mI (16031) boot: Disabling RNG early entropy source...[0m

assert failed: 0x420097f6 <cached disabled>:188 (<cached disabled>)
--- 0x420097f6: s_psram_chip_init at /Users/richardhine/.espressif/v5.4.4/esp-idf/components/esp_psram/esp_psram.c:188(inlined by) esp_psram_init at /Users/richardhine/.espressif/v5.4.4/esp-idf/components/esp_psram/esp_psram.c:385


Backtrace: 0x40375c91:0x3fceb130 0x4037a9cd:0x3fceb150 0x403807c1:0x3fceb170 0x420097f6:0x3fceb290 0x4037546e:0x3fceb2c0 0x403ccaa0:0x3fceb340 0x403ccedd:0x3fceb380 0x403c8991:0x3fceb4b0 0x40045c01:0x3fceb570 0x40043ab6:0x3fceb6f0 0x40034c45:0x3fceb710
--- 0x40375c91: panic_abort at /Users/richardhine/.espressif/v5.4.4/esp-idf/components/esp_system/panic.c:477
--- 0x4037a9cd: esp_system_abort at /Users/richardhine/.espressif/v5.4.4/esp-idf/components/esp_system/port/esp_system_chip.c:87
--- 0x403807c1: __assert_func at /Users/richardhine/.espressif/v5.4.4/esp-idf/components/newlib/assert.c:80
--- 0x420097f6: s_psram_chip_init at /Users/richardhine/.espressif/v5.4.4/esp-idf/components/esp_psram/esp_psram.c:188(inlined by) esp_psram_init at /Users/richardhine/.espressif/v5.4.4/esp-idf/components/esp_psram/esp_psram.c:385
--- 0x4037546e: call_start_cpu0 at /Users/richardhine/.espressif/v5.4.4/esp-idf/components/esp_system/port/cpu_start.c:585
--- 0x40045c01: ets_run_flash_bootloader in ROM
--- 0x40043ab6: main in ROM
--- 0x40034c45: .stack_ok in ROM




ELF file SHA256: 

Rebooting...
ESP-ROM:esp32s3-20210327
Build:Mar 27 2021
rst:0xc (RTC_SW_CPU_RST),boot:0x4 (SPI_FLASH_BOOT)
SPIWP:0xee
mode:DIO, clock div:1
load:0x3fce2810,len:0x1564
load:0x403c8700,len:0x4
load:0x403c8704,len:0xd24
load:0x403cb700,len:0x2ed4
entry 0x403c8928
[0;32mI (16108) boot: ESP-IDF v5.4.4 2nd stage bootloader[0m
[0;32mI (16109) boot: compile time Sep 15 2026 15:17:18[0m
[0;32mI (16109) boot: Multicore bootloader[0m
[0;32mI (16111) boot: chip revision: v0.3[0m
[0;32mI (16111) boot: efuse block revision: v0.0[0m
[0;32mI (16111) boot.esp32s3: Boot SPI Speed : 80MHz[0m
[0;32mI (16111) boot.esp32s3: SPI Mode       : SLOW READ[0m
[0;32mI (16112) boot.esp32s3: SPI Flash Size : 16MB[0m
[0;32mI (16113) boot: Enabling RNG early entropy source...[0m
[0;32mI (16115) boot: Partition Table:[0m
[0;32mI (16116) boot: ## Label            Usage          Type ST Offset   Length[0m
[0;32mI (16116) boot:  0 nvs              WiFi data        01 02 00009000 00006000[0m
[0;32mI (16116) boot:  1 phy_init         RF data          01 01 0000f000 00001000[0m
[0;32mI (16116) boot:  2 factory          factory app      00 00 00010000 00100000[0m
[0;32mI (16117) boot: End of partition table[0m
[0;32mI (16117) esp_image: segment 0: paddr=00010020 vaddr=3c020020 size=0a9e4h ( 43492) map[0m
[0;32mI (16121) esp_image: segment 1: paddr=0001aa0c vaddr=3fc92600 size=02f4ch ( 12108) load[0m
[0;32mI (16123) esp_image: segment 2: paddr=0001d960 vaddr=40374000 size=026b8h (  9912) load[0m
[0;32mI (16125) esp_image: segment 3: paddr=00020020 vaddr=42000020 size=185d8h ( 99800) map[0m
[0;32mI (16134) esp_image: segment 4: paddr=00038600 vaddr=403766b8 size=0bf1ch ( 48924) load[0m
[0;32mI (16142) esp_image: segment 5: paddr=00044524 vaddr=50000000 size=0001ch (    28) load[0m
[0;32mI (16143) boot: Loaded app from partition at offset 0x10000[0m
[0;32mI (16143) boot: Disabling RNG early entropy source...[0m

assert failed: 0x420097f6 <cached disabled>:188 (<cached disabled>)
--- 0x420097f6: s_psram_chip_init at /Users/richardhine/.espressif/v5.4.4/esp-idf/components/esp_psram/esp_psram.c:188(inlined by) esp_psram_init at /Users/richardhine/.espressif/v5.4.4/esp-idf/components/esp_psram/esp_psram.c:385


Backtrace: 0x40375c91:0x3fceb130 0x4037a9cd:0x3fceb150 0x403807c1:0x3fceb170 0x420097f6:0x3fceb290 0x4037546e:0x3fceb2c0 0x403ccaa0:0x3fceb340 0x403ccedd:0x3fceb380 0x403c8991:0x3fceb4b0 0x40045c01:0x3fceb570 0x40043ab6:0x3fceb6f0 0x40034c45:0x3fceb710
--- 0x40375c91: panic_abort at /Users/richardhine/.espressif/v5.4.4/esp-idf/components/esp_system/panic.c:477
--- 0x4037a9cd: esp_system_abort at /Users/richardhine/.espressif/v5.4.4/esp-idf/components/esp_system/port/esp_system_chip.c:87
--- 0x403807c1: __assert_func at /Users/richardhine/.espressif/v5.4.4/esp-idf/components/newlib/assert.c:80
--- 0x420097f6: s_psram_chip_init at /Users/richardhine/.espressif/v5.4.4/esp-idf/components/esp_psram/esp_psram.c:188(inlined by) esp_psram_init at /Users/richardhine/.espressif/v5.4.4/esp-idf/components/esp_psram/esp_psram.c:385
--- 0x4037546e: call_start_cpu0 at /Users/richardhine/.espressif/v5.4.4/esp-idf/components/esp_system/port/cpu_start.c:585
--- 0x40045c01: ets_run_flash_bootloader in ROM
--- 0x40043ab6: main in ROM
--- 0x40034c45: .stack_ok in ROM




ELF file SHA256: 

Rebooting...
ESP-ROM:esp32s3-20210327
Build:Mar 27 2021
rst:0xc (RTC_SW_CPU_RST),boot:0x4 (SPI_FLASH_BOOT)
SPIWP:0xee
mode:DIO, clock div:1
load:0x3fce2810,len:0x1564
load:0x403c8700,len:0x4
load:0x403c8704,len:0xd24
load:0x403cb700,len:0x2ed4
entry 0x403c8928
[0;32mI (16221) boot: ESP-IDF v5.4.4 2nd stage bootloader[0m
[0;32mI (16221) boot: compile time Sep 15 2026 15:17:18[0m
[0;32mI (16221) boot: Multicore bootloader[0m
[0;32mI (16224) boot: chip revision: v0.3[0m
[0;32mI (16224) boot: efuse block revision: v0.0[0m
[0;32mI (16224) boot.esp32s3: Boot SPI Speed : 80MHz[0m
[0;32mI (16225) boot.esp32s3: SPI Mode       : SLOW READ[0m
[0;32mI (16225) boot.esp32s3: SPI Flash Size : 16MB[0m
[0;32mI (16226) boot: Enabling RNG early entropy source...[0m
[0;32mI (16229) boot: Partition Table:[0m
[0;32mI (16229) boot: ## Label            Usage          Type ST Offset   Length[0m
[0;32mI (16229) boot:  0 nvs              WiFi data        01 02 00009000 00006000[0m
[0;32mI (16229) boot:  1 phy_init         RF data          01 01 0000f000 00001000[0m
[0;32mI (16230) boot:  2 factory          factory app      00 00 00010000 00100000[0m
[0;32mI (16230) boot: End of partition table[0m
[0;32mI (16231) esp_image: segment 0: paddr=00010020 vaddr=3c020020 size=0a9e4h ( 43492) map[0m
[0;32mI (16234) esp_image: segment 1: paddr=0001aa0c vaddr=3fc92600 size=02f4ch ( 12108) load[0m
[0;32mI (16236) esp_image: segment 2: paddr=0001d960 vaddr=40374000 size=026b8h (  9912) load[0m
[0;32mI (16238) esp_image: segment 3: paddr=00020020 vaddr=42000020 size=185d8h ( 99800) map[0m
[0;32mI (16246) esp_image: segment 4: paddr=00038600 vaddr=403766b8 size=0bf1ch ( 48924) load[0m
[0;32mI (16253) esp_image: segment 5: paddr=00044524 vaddr=50000000 size=0001ch (    28) load[0m
[0;32mI (16254) boot: Loaded app from partition at offset 0x10000[0m
[0;32mI (16255) boot: Disabling RNG early entropy source...[0m

assert failed: 0x420097f6 <cached disabled>:188 (<cached disabled>)
--- 0x420097f6: s_psram_chip_init at /Users/richardhine/.espressif/v5.4.4/esp-idf/components/esp_psram/esp_psram.c:188(inlined by) esp_psram_init at /Users/richardhine/.espressif/v5.4.4/esp-idf/components/esp_psram/esp_psram.c:385


Backtrace: 0x40375c91:0x3fceb130 0x4037a9cd:0x3fceb150 0x403807c1:0x3fceb170 0x420097f6:0x3fceb290 0x4037546e:0x3fceb2c0 0x403ccaa0:0x3fceb340 0x403ccedd:0x3fceb380 0x403c8991:0x3fceb4b0 0x40045c01:0x3fceb570 0x40043ab6:0x3fceb6f0 0x40034c45:0x3fceb710
--- 0x40375c91: panic_abort at /Users/richardhine/.espressif/v5.4.4/esp-idf/components/esp_system/panic.c:477
--- 0x4037a9cd: esp_system_abort at /Users/richardhine/.espressif/v5.4.4/esp-idf/components/esp_system/port/esp_system_chip.c:87
--- 0x403807c1: __assert_func at /Users/richardhine/.espressif/v5.4.4/esp-idf/components/newlib/assert.c:80
--- 0x420097f6: s_psram_chip_init at /Users/richardhine/.espressif/v5.4.4/esp-idf/components/esp_psram/esp_psram.c:188(inlined by) esp_psram_init at /Users/richardhine/.espressif/v5.4.4/esp-idf/components/esp_psram/esp_psram.c:385
--- 0x4037546e: call_start_cpu0 at /Users/richardhine/.espressif/v5.4.4/esp-idf/components/esp_system/port/cpu_start.c:585
--- 0x40045c01: ets_run_flash_bootloader in ROM
--- 0x40043ab6: main in ROM
--- 0x40034c45: .stack_ok in ROM




ELF file SHA256: 

Rebooting...
ESP-ROM:esp32s3-20210327
Build:Mar 27 2021
rst:0xc (RTC_SW_CPU_RST),boot:0x4 (SPI_FLASH_BOOT)
SPIWP:0xee
mode:DIO, clock div:1
load:0x3fce2810,len:0x1564
load:0x403c8700,len:0x4
load:0x403c8704,len:0xd24
load:0x403cb700,len:0x2ed4
entry 0x403c8928
[0;32mI (16332) boot: ESP-IDF v5.4.4 2nd stage bootloader[0m
[0;32mI (16332) boot: compile time Sep 15 2026 15:17:18[0m
[0;32mI (16332) boot: Multicore bootloader[0m
[0;32mI (16334) boot: chip revision: v0.3[0m
[0;32mI (16334) boot: efuse block revision: v0.0[0m
[0;32mI (16335) boot.esp32s3: Boot SPI Speed : 80MHz[0m
[0;32mI (16335) boot.esp32s3: SPI Mode       : SLOW READ[0m
[0;32mI (16335) boot.esp32s3: SPI Flash Size : 16MB[0m
[0;32mI (16336) boot: Enabling RNG early entropy source...[0m
[0;32mI (16339) boot: Partition Table:[0m
[0;32mI (16339) boot: ## Label            Usage          Type ST Offset   Length[0m
[0;32mI (16339) boot:  0 nvs              WiFi data        01 02 00009000 00006000[0m
[0;32mI (16340) boot:  1 phy_init         RF data          01 01 0000f000 00001000[0m
[0;32mI (16340) boot:  2 factory          factory app      00 00 00010000 00100000[0m
[0;32mI (16341) boot: End of partition table[0m
[0;32mI (16341) esp_image: segment 0: paddr=00010020 vaddr=3c020020 size=0a9e4h ( 43492) map[0m
[0;32mI (16345) esp_image: segment 1: paddr=0001aa0c vaddr=3fc92600 size=02f4ch ( 12108) load[0m
[0;32mI (16347) esp_image: segment 2: paddr=0001d960 vaddr=40374000 size=026b8h (  9912) load[0m
[0;32mI (16349) esp_image: segment 3: paddr=00020020 vaddr=42000020 size=185d8h ( 99800) map[0m
[0;32mI (16358) esp_image: segment 4: paddr=00038600 vaddr=403766b8 size=0bf1ch ( 48924) load[0m
[0;32mI (16366) esp_image: segment 5: paddr=00044524 vaddr=50000000 size=0001ch (    28) load[0m
[0;32mI (16367) boot: Loaded app from partition at offset 0x10000[0m
[0;32mI (16367) boot: Disabling RNG early entropy source...[0m

assert failed: 0x420097f6 <cached disabled>:188 (<cached disabled>)
--- 0x420097f6: s_psram_chip_init at /Users/richardhine/.espressif/v5.4.4/esp-idf/components/esp_psram/esp_psram.c:188(inlined by) esp_psram_init at /Users/richardhine/.espressif/v5.4.4/esp-idf/components/esp_psram/esp_psram.c:385


Backtrace: 0x40375c91:0x3fceb130 0x4037a9cd:0x3fceb150 0x403807c1:0x3fceb170 0x420097f6:0x3fceb290 0x4037546e:0x3fceb2c0 0x403ccaa0:0x3fceb340 0x403ccedd:0x3fceb380 0x403c8991:0x3fceb4b0 0x40045c01:0x3fceb570 0x40043ab6:0x3fceb6f0 0x40034c45:0x3fceb710
--- 0x40375c91: panic_abort at /Users/richardhine/.espressif/v5.4.4/esp-idf/components/esp_system/panic.c:477
--- 0x4037a9cd: esp_system_abort at /Users/richardhine/.espressif/v5.4.4/esp-idf/components/esp_system/port/esp_system_chip.c:87
--- 0x403807c1: __assert_func at /Users/richardhine/.espressif/v5.4.4/esp-idf/components/newlib/assert.c:80
--- 0x420097f6: s_psram_chip_init at /Users/richardhine/.espressif/v5.4.4/esp-idf/components/esp_psram/esp_psram.c:188(inlined by) esp_psram_init at /Users/richardhine/.espressif/v5.4.4/esp-idf/components/esp_psram/esp_psram.c:385
--- 0x4037546e: call_start_cpu0 at /Users/richardhine/.espressif/v5.4.4/esp-idf/components/esp_system/port/cpu_start.c:585
--- 0x40045c01: ets_run_flash_bootloader in ROM
--- 0x40043ab6: main in ROM
--- 0x40034c45: .stack_ok in ROM




ELF file SHA256: 

Rebooting...
ESP-ROM:esp32s3-20210327
Build:Mar 27 2021
rst:0xc (RTC_SW_CPU_RST),boot:0x4 (SPI_FLASH_BOOT)
SPIWP:0xee
mode:DIO, clock div:1
load:0x3fce2810,len:0x1564
load:0x403c8700,len:0x4
load:0x403c8704,len:0xd24
load:0x403cb700,len:0x2ed4
entry 0x403c8928
[0;32mI (16444) boot: ESP-IDF v5.4.4 2nd stage bootloader[0m
[0;32mI (16445) boot: compile time Sep 15 2026 15:17:18[0m
[0;32mI (16445) boot: Multicore bootloader[0m
[0;32mI (16447) boot: chip revision: v0.3[0m
[0;32mI (16447) boot: efuse block revision: v0.0[0m
[0;32mI (16447) boot.esp32s3: Boot SPI Speed : 80MHz[0m
[0;32mI (16448) boot.esp32s3: SPI Mode       : SLOW READ[0m
[0;32mI (16448) boot.esp32s3: SPI Flash Size : 16MB[0m
[0;32mI (16449) boot: Enabling RNG early entropy source...[0m
[0;32mI (16452) boot: Partition Table:[0m
[0;32mI (16452) boot: ## Label            Usage          Type ST Offset   Length[0m
[0;32mI (16452) boot:  0 nvs              WiFi data        01 02 00009000 00006000[0m
[0;32mI (16453) boot:  1 phy_init         RF data          01 01 0000f000 00001000[0m
[0;32mI (16453) boot:  2 factory          factory app      00 00 00010000 00100000[0m
[0;32mI (16453) boot: End of partition table[0m
[0;32mI (16454) esp_image: segment 0: paddr=00010020 vaddr=3c020020 size=0a9e4h ( 43492) map[0m
[0;32mI (16458) esp_image: segment 1: paddr=0001aa0c vaddr=3fc92600 size=02f4ch ( 12108) load[0m
[0;32mI (16459) esp_image: segment 2: paddr=0001d960 vaddr=40374000 size=026b8h (  9912) load[0m
[0;32mI (16461) esp_image: segment 3: paddr=00020020 vaddr=42000020 size=185d8h ( 99800) map[0m
[0;32mI (16471) esp_image: segment 4: paddr=00038600 vaddr=403766b8 size=0bf1ch ( 48924) load[0m
[0;32mI (16479) esp_image: segment 5: paddr=00044524 vaddr=50000000 size=0001ch (    28) load[0m
[0;32mI (16480) boot: Loaded app from partition at offset 0x10000[0m
[0;32mI (16480) boot: Disabling RNG early entropy source...[0m

assert failed: 0x420097f6 <cached disabled>:188 (<cached disabled>)
--- 0x420097f6: s_psram_chip_init at /Users/richardhine/.espressif/v5.4.4/esp-idf/components/esp_psram/esp_psram.c:188(inlined by) esp_psram_init at /Users/richardhine/.espressif/v5.4.4/esp-idf/components/esp_psram/esp_psram.c:385


Backtrace: 0x40375c91:0x3fceb130 0x4037a9cd:0x3fceb150 0x403807c1:0x3fceb170 0x420097f6:0x3fceb290 0x4037546e:0x3fceb2c0 0x403ccaa0:0x3fceb340 0x403ccedd:0x3fceb380 0x403c8991:0x3fceb4b0 0x40045c01:0x3fceb570 0x40043ab6:0x3fceb6f0 0x40034c45:0x3fceb710
--- 0x40375c91: panic_abort at /Users/richardhine/.espressif/v5.4.4/esp-idf/components/esp_system/panic.c:477
--- 0x4037a9cd: esp_system_abort at /Users/richardhine/.espressif/v5.4.4/esp-idf/components/esp_system/port/esp_system_chip.c:87
--- 0x403807c1: __assert_func at /Users/richardhine/.espressif/v5.4.4/esp-idf/components/newlib/assert.c:80
--- 0x420097f6: s_psram_chip_init at /Users/richardhine/.espressif/v5.4.4/esp-idf/components/esp_psram/esp_psram.c:188(inlined by) esp_psram_init at /Users/richardhine/.espressif/v5.4.4/esp-idf/components/esp_psram/esp_psram.c:385
--- 0x4037546e: call_start_cpu0 at /Users/richardhine/.espressif/v5.4.4/esp-idf/components/esp_system/port/cpu_start.c:585
--- 0x40045c01: ets_run_flash_bootloader in ROM
--- 0x40043ab6: main in ROM
--- 0x40034c45: .stack_ok in ROM




ELF file SHA256: 

Rebooting...
ESP-ROM:esp32s3-20210327
Build:Mar 27 2021
rst:0xc (RTC_SW_CPU_RST),boot:0x4 (SPI_FLASH_BOOT)
SPIWP:0xee
mode:DIO, clock div:1
load:0x3fce2810,len:0x1564
load:0x403c8700,len:0x4
load:0x403c8704,len:0xd24
load:0x403cb700,len:0x2ed4
entry 0x403c8928
[0;32mI (16557) boot: ESP-IDF v5.4.4 2nd stage bootloader[0m
[0;32mI (16558) boot: compile time Sep 15 2026 15:17:18[0m
[0;32mI (16558) boot: Multicore bootloader[0m
[0;32mI (16560) boot: chip revision: v0.3[0m
[0;32mI (16560) boot: efuse block revision: v0.0[0m
[0;32mI (16560) boot.esp32s3: Boot SPI Speed : 80MHz[0m
[0;32mI (16560) boot.esp32s3: SPI Mode       : SLOW READ[0m
[0;32mI (16561) boot.esp32s3: SPI Flash Size : 16MB[0m
[0;32mI (16562) boot: Enabling RNG early entropy source...[0m
[0;32mI (16565) boot: Partition Table:[0m
[0;32mI (16565) boot: ## Label            Usage          Type ST Offset   Length[0m
[0;32mI (16565) boot:  0 nvs              WiFi data        01 02 00009000 00006000[0m
[0;32mI (16565) boot:  1 phy_init         RF data          01 01 0000f000 00001000[0m
[0;32mI (16565) boot:  2 factory          factory app      00 00 00010000 00100000[0m
[0;32mI (16566) boot: End of partition table[0m
[0;32mI (16566) esp_image: segment 0: paddr=00010020 vaddr=3c020020 size=0a9e4h ( 43492) map[0m
[0;32mI (16570) esp_image: segment 1: paddr=0001aa0c vaddr=3fc92600 size=02f4ch ( 12108) load[0m
[0;32mI (16571) esp_image: segment 2: paddr=0001d960 vaddr=40374000 size=026b8h (  9912) load[0m
[0;32mI (16573) esp_image: segment 3: paddr=00020020 vaddr=42000020 size=185d8h ( 99800) map[0m
[0;32mI (16581) esp_image: segment 4: paddr=00038600 vaddr=403766b8 size=0bf1ch ( 48924) load[0m
[0;32mI (16588) esp_image: segment 5: paddr=00044524 vaddr=50000000 size=0001ch (    28) load[0m
[0;32mI (16589) boot: Loaded app from partition at offset 0x10000[0m
[0;32mI (16589) boot: Disabling RNG early entropy source...[0m

assert failed: 0x420097f6 <cached disabled>:188 (<cached disabled>)
--- 0x420097f6: s_psram_chip_init at /Users/richardhine/.espressif/v5.4.4/esp-idf/components/esp_psram/esp_psram.c:188(inlined by) esp_psram_init at /Users/richardhine/.espressif/v5.4.4/esp-idf/components/esp_psram/esp_psram.c:385


Backtrace: 0x40375c91:0x3fceb130 0x4037a9cd:0x3fceb150 0x403807c1:0x3fceb170 0x420097f6:0x3fceb290 0x4037546e:0x3fceb2c0 0x403ccaa0:0x3fceb340 0x403ccedd:0x3fceb380 0x403c8991:0x3fceb4b0 0x40045c01:0x3fceb570 0x40043ab6:0x3fceb6f0 0x40034c45:0x3fceb710
--- 0x40375c91: panic_abort at /Users/richardhine/.espressif/v5.4.4/esp-idf/components/esp_system/panic.c:477
--- 0x4037a9cd: esp_system_abort at /Users/richardhine/.espressif/v5.4.4/esp-idf/components/esp_system/port/esp_system_chip.c:87
--- 0x403807c1: __assert_func at /Users/richardhine/.espressif/v5.4.4/esp-idf/components/newlib/assert.c:80
--- 0x420097f6: s_psram_chip_init at /Users/richardhine/.espressif/v5.4.4/esp-idf/components/esp_psram/esp_psram.c:188(inlined by) esp_psram_init at /Users/richardhine/.espressif/v5.4.4/esp-idf/components/esp_psram/esp_psram.c:385
--- 0x4037546e: call_start_cpu0 at /Users/richardhine/.espressif/v5.4.4/esp-idf/components/esp_system/port/cpu_start.c:585
--- 0x40045c01: ets_run_flash_bootloader in ROM
--- 0x40043ab6: main in ROM
--- 0x40034c45: .stack_ok in ROM




ELF file SHA256: 

Rebooting...
ESP-ROM:esp32s3-20210327
Build:Mar 27 2021
rst:0xc (RTC_SW_CPU_RST),boot:0x4 (SPI_FLASH_BOOT)
SPIWP:0xee
mode:DIO, clock div:1
load:0x3fce2810,len:0x1564
load:0x403c8700,len:0x4
load:0x403c8704,len:0xd24
load:0x403cb700,len:0x2ed4
entry 0x403c8928
[0;32mI (16666) boot: ESP-IDF v5.4.4 2nd stage bootloader[0m
[0;32mI (16666) boot: compile time Sep 15 2026 15:17:18[0m
[0;32mI (16666) boot: Multicore bootloader[0m
[0;32mI (16668) boot: chip revision: v0.3[0m
[0;32mI (16668) boot: efuse block revision: v0.0[0m
[0;32mI (16669) boot.esp32s3: Boot SPI Speed : 80MHz[0m
[0;32mI (16669) boot.esp32s3: SPI Mode       : SLOW READ[0m
[0;32mI (16669) boot.esp32s3: SPI Flash Size : 16MB[0m
[0;32mI (16670) boot: Enabling RNG early entropy source...[0m
[0;32mI (16673) boot: Partition Table:[0m
[0;32mI (16673) boot: ## Label            Usage          Type ST Offset   Length[0m
[0;32mI (16674) boot:  0 nvs              WiFi data        01 02 00009000 00006000[0m
[0;32mI (16674) boot:  1 phy_init         RF data          01 01 0000f000 00001000[0m
[0;32mI (16674) boot:  2 factory          factory app      00 00 00010000 00100000[0m
[0;32mI (16674) boot: End of partition table[0m
[0;32mI (16675) esp_image: segment 0: paddr=00010020 vaddr=3c020020 size=0a9e4h ( 43492) map[0m
[0;32mI (16679) esp_image: segment 1: paddr=0001aa0c vaddr=3fc92600 size=02f4ch ( 12108) load[0m
[0;32mI (16680) esp_image: segment 2: paddr=0001d960 vaddr=40374000 size=026b8h (  9912) load[0m
[0;32mI (16682) esp_image: segment 3: paddr=00020020 vaddr=42000020 size=185d8h ( 99800) map[0m
[0;32mI (16691) esp_image: segment 4: paddr=00038600 vaddr=403766b8 size=0bf1ch ( 48924) load[0m
[0;32mI (16699) esp_image: segment 5: paddr=00044524 vaddr=50000000 size=0001ch (    28) load[0m
[0;32mI (16700) boot: Loaded app from partition at offset 0x10000[0m
[0;32mI (16700) boot: Disabling RNG early entropy source...[0m

assert failed: 0x420097f6 <cached disabled>:188 (<cached disabled>)
--- 0x420097f6: s_psram_chip_init at /Users/richardhine/.espressif/v5.4.4/esp-idf/components/esp_psram/esp_psram.c:188(inlined by) esp_psram_init at /Users/richardhine/.espressif/v5.4.4/esp-idf/components/esp_psram/esp_psram.c:385


Backtrace: 0x40375c91:0x3fceb130 0x4037a9cd:0x3fceb150 0x403807c1:0x3fceb170 0x420097f6:0x3fceb290 0x4037546e:0x3fceb2c0 0x403ccaa0:0x3fceb340 0x403ccedd:0x3fceb380 0x403c8991:0x3fceb4b0 0x40045c01:0x3fceb570 0x40043ab6:0x3fceb6f0 0x40034c45:0x3fceb710
--- 0x40375c91: panic_abort at /Users/richardhine/.espressif/v5.4.4/esp-idf/components/esp_system/panic.c:477
--- 0x4037a9cd: esp_system_abort at /Users/richardhine/.espressif/v5.4.4/esp-idf/components/esp_system/port/esp_system_chip.c:87
--- 0x403807c1: __assert_func at /Users/richardhine/.espressif/v5.4.4/esp-idf/components/newlib/assert.c:80
--- 0x420097f6: s_psram_chip_init at /Users/richardhine/.espressif/v5.4.4/esp-idf/components/esp_psram/esp_psram.c:188(inlined by) esp_psram_init at /Users/richardhine/.espressif/v5.4.4/esp-idf/components/esp_psram/esp_psram.c:385
--- 0x4037546e: call_start_cpu0 at /Users/richardhine/.espressif/v5.4.4/esp-idf/components/esp_system/port/cpu_start.c:585
--- 0x40045c01: ets_run_flash_bootloader in ROM
--- 0x40043ab6: main in ROM
--- 0x40034c45: .stack_ok in ROM




ELF file SHA256: 

Rebooting...
ESP-ROM:esp32s3-20210327
Build:Mar 27 2021
rst:0xc (RTC_SW_CPU_RST),boot:0x4 (SPI_FLASH_BOOT)
SPIWP:0xee
mode:DIO, clock div:1
load:0x3fce2810,len:0x1564
load:0x403c8700,len:0x4
load:0x403c8704,len:0xd24
load:0x403cb700,len:0x2ed4
entry 0x403c8928
[0;32mI (16777) boot: ESP-IDF v5.4.4 2nd stage bootloader[0m
[0;32mI (16777) boot: compile time Sep 15 2026 15:17:18[0m
[0;32mI (16777) boot: Multicore bootloader[0m
[0;32mI (16779) boot: chip revision: v0.3[0m
[0;32mI (16779) boot: efuse block revision: v0.0[0m
[0;32mI (16780) boot.esp32s3: Boot SPI Speed : 80MHz[0m
[0;32mI (16780) boot.esp32s3: SPI Mode       : SLOW READ[0m
[0;32mI (16780) boot.esp32s3: SPI Flash Size : 16MB[0m
[0;32mI (16781) boot: Enabling RNG early entropy source...[0m
[0;32mI (16784) boot: Partition Table:[0m
[0;32mI (16784) boot: ## Label            Usage          Type ST Offset   Length[0m
[0;32mI (16784) boot:  0 nvs              WiFi data        01 02 00009000 00006000[0m
[0;32mI (16785) boot:  1 phy_init         RF data          01 01 0000f000 00001000[0m
[0;32mI (16785) boot:  2 factory          factory app      00 00 00010000 00100000[0m
[0;32mI (16785) boot: End of partition table[0m
[0;32mI (16786) esp_image: segment 0: paddr=00010020 vaddr=3c020020 size=0a9e4h ( 43492) map[0m
[0;32mI (16790) esp_image: segment 1: paddr=0001aa0c vaddr=3fc92600 size=02f4ch ( 12108) load[0m
[0;32mI (16791) esp_image: segment 2: paddr=0001d960 vaddr=40374000 size=026b8h (  9912) load[0m
[0;32mI (16793) esp_image: segment 3: paddr=00020020 vaddr=42000020 size=185d8h ( 99800) map[0m
[0;32mI (16803) esp_image: segment 4: paddr=00038600 vaddr=403766b8 size=0bf1ch ( 48924) load[0m
[0;32mI (16810) esp_image: segment 5: paddr=00044524 vaddr=50000000 size=0001ch (    28) load[0m
[0;32mI (16811) boot: Loaded app from partition at offset 0x10000[0m
[0;32mI (16812) boot: Disabling RNG early entropy source...[0m

assert failed: 0x420097f6 <cached disabled>:188 (<cached disabled>)
--- 0x420097f6: s_psram_chip_init at /Users/richardhine/.espressif/v5.4.4/esp-idf/components/esp_psram/esp_psram.c:188(inlined by) esp_psram_init at /Users/richardhine/.espressif/v5.4.4/esp-idf/components/esp_psram/esp_psram.c:385


Backtrace: 0x40375c91:0x3fceb130 0x4037a9cd:0x3fceb150 0x403807c1:0x3fceb170 0x420097f6:0x3fceb290 0x4037546e:0x3fceb2c0 0x403ccaa0:0x3fceb340 0x403ccedd:0x3fceb380 0x403c8991:0x3fceb4b0 0x40045c01:0x3fceb570 0x40043ab6:0x3fceb6f0 0x40034c45:0x3fceb710
--- 0x40375c91: panic_abort at /Users/richardhine/.espressif/v5.4.4/esp-idf/components/esp_system/panic.c:477
--- 0x4037a9cd: esp_system_abort at /Users/richardhine/.espressif/v5.4.4/esp-idf/components/esp_system/port/esp_system_chip.c:87
--- 0x403807c1: __assert_func at /Users/richardhine/.espressif/v5.4.4/esp-idf/components/newlib/assert.c:80
--- 0x420097f6: s_psram_chip_init at /Users/richardhine/.espressif/v5.4.4/esp-idf/components/esp_psram/esp_psram.c:188(inlined by) esp_psram_init at /Users/richardhine/.espressif/v5.4.4/esp-idf/components/esp_psram/esp_psram.c:385
--- 0x4037546e: call_start_cpu0 at /Users/richardhine/.espressif/v5.4.4/esp-idf/components/esp_system/port/cpu_start.c:585
--- 0x40045c01: ets_run_flash_bootloader in ROM
--- 0x40043ab6: main in ROM
--- 0x40034c45: .stack_ok in ROM




ELF file SHA256: 

Rebooting...
ESP-ROM:esp32s3-20210327
Build:Mar 27 2021
rst:0xc (RTC_SW_CPU_RST),boot:0x4 (SPI_FLASH_BOOT)
SPIWP:0xee
mode:DIO, clock div:1
load:0x3fce2810,len:0x1564
load:0x403c8700,len:0x4
load:0x403c8704,len:0xd24
load:0x403cb700,len:0x2ed4
entry 0x403c8928
[0;32mI (16889) boot: ESP-IDF v5.4.4 2nd stage bootloader[0m
[0;32mI (16890) boot: compile time Sep 15 2026 15:17:18[0m
[0;32mI (16890) boot: Multicore bootloader[0m
[0;32mI (16892) boot: chip revision: v0.3[0m
[0;32mI (16892) boot: efuse block revision: v0.0[0m
[0;32mI (16893) boot.esp32s3: Boot SPI Speed : 80MHz[0m
[0;32mI (16893) boot.esp32s3: SPI Mode       : SLOW READ[0m
[0;32mI (16893) boot.esp32s3: SPI Flash Size : 16MB[0m
[0;32mI (16894) boot: Enabling RNG early entropy source...[0m
[0;32mI (16897) boot: Partition Table:[0m
[0;32mI (16897) boot: ## Label            Usage          Type ST Offset   Length[0m
[0;32mI (16897) boot:  0 nvs              WiFi data        01 02 00009000 00006000[0m
[0;32mI (16897) boot:  1 phy_init         RF data          01 01 0000f000 00001000[0m
[0;32mI (16897) boot:  2 factory          factory app      00 00 00010000 00100000[0m
[0;32mI (16898) boot: End of partition table[0m
[0;32mI (16898) esp_image: segment 0: paddr=00010020 vaddr=3c020020 size=0a9e4h ( 43492) map[0m
[0;32mI (16902) esp_image: segment 1: paddr=0001aa0c vaddr=3fc92600 size=02f4ch ( 12108) load[0m
[0;32mI (16904) esp_image: segment 2: paddr=0001d960 vaddr=40374000 size=026b8h (  9912) load[0m
[0;32mI (16906) esp_image: segment 3: paddr=00020020 vaddr=42000020 size=185d8h ( 99800) map[0m
[0;32mI (16914) esp_image: segment 4: paddr=00038600 vaddr=403766b8 size=0bf1ch ( 48924) load[0m
[0;32mI (16922) esp_image: segment 5: paddr=00044524 vaddr=50000000 size=0001ch (    28) load[0m
[0;32mI (16923) boot: Loaded app from partition at offset 0x10000[0m
[0;32mI (16924) boot: Disabling RNG early entropy source...[0m

assert failed: 0x420097f6 <cached disabled>:188 (<cached disabled>)
--- 0x420097f6: s_psram_chip_init at /Users/richardhine/.espressif/v5.4.4/esp-idf/components/esp_psram/esp_psram.c:188(inlined by) esp_psram_init at /Users/richardhine/.espressif/v5.4.4/esp-idf/components/esp_psram/esp_psram.c:385


Backtrace: 0x40375c91:0x3fceb130 0x4037a9cd:0x3fceb150 0x403807c1:0x3fceb170 0x420097f6:0x3fceb290 0x4037546e:0x3fceb2c0 0x403ccaa0:0x3fceb340 0x403ccedd:0x3fceb380 0x403c8991:0x3fceb4b0 0x40045c01:0x3fceb570 0x40043ab6:0x3fceb6f0 0x40034c45:0x3fceb710
--- 0x40375c91: panic_abort at /Users/richardhine/.espressif/v5.4.4/esp-idf/components/esp_system/panic.c:477
--- 0x4037a9cd: esp_system_abort at /Users/richardhine/.espressif/v5.4.4/esp-idf/components/esp_system/port/esp_system_chip.c:87
--- 0x403807c1: __assert_func at /Users/richardhine/.espressif/v5.4.4/esp-idf/components/newlib/assert.c:80
--- 0x420097f6: s_psram_chip_init at /Users/richardhine/.espressif/v5.4.4/esp-idf/components/esp_psram/esp_psram.c:188(inlined by) esp_psram_init at /Users/richardhine/.espressif/v5.4.4/esp-idf/components/esp_psram/esp_psram.c:385
--- 0x4037546e: call_start_cpu0 at /Users/richardhine/.espressif/v5.4.4/esp-idf/components/esp_system/port/cpu_start.c:585
--- 0x40045c01: ets_run_flash_bootloader in ROM
--- 0x40043ab6: main in ROM
--- 0x40034c45: .stack_ok in ROM




ELF file SHA256: 

Rebooting...
ESP-ROM:esp32s3-20210327
Build:Mar 27 2021
rst:0xc (RTC_SW_CPU_RST),boot:0x4 (SPI_FLASH_BOOT)
SPIWP:0xee
mode:DIO, clock div:1
load:0x3fce2810,len:0x1564
load:0x403c8700,len:0x4
load:0x403c8704,len:0xd24
load:0x403cb700,len:0x2ed4
entry 0x403c8928
[0;32mI (17001) boot: ESP-IDF v5.4.4 2nd stage bootloader[0m
[0;32mI (17001) boot: compile time Sep 15 2026 15:17:18[0m
[0;32mI (17001) boot: Multicore bootloader[0m
[0;32mI (17004) boot: chip revision: v0.3[0m
[0;32mI (17004) boot: efuse block revision: v0.0[0m
[0;32mI (17004) boot.esp32s3: Boot SPI Speed : 80MHz[0m
[0;32mI (17005) boot.esp32s3: SPI Mode       : SLOW READ[0m
[0;32mI (17005) boot.esp32s3: SPI Flash Size : 16MB[0m
[0;32mI (17006) boot: Enabling RNG early entropy source...[0m
[0;32mI (17009) boot: Partition Table:[0m
[0;32mI (17009) boot: ## Label            Usage          Type ST Offset   Length[0m
[0;32mI (17009) boot:  0 nvs              WiFi data        01 02 00009000 00006000[0m
[0;32mI (17009) boot:  1 phy_init         RF data          01 01 0000f000 00001000[0m
[0;32mI (17009) boot:  2 factory          factory app      00 00 00010000 00100000[0m
[0;32mI (17010) boot: End of partition table[0m
[0;32mI (17010) esp_image: segment 0: paddr=00010020 vaddr=3c020020 size=0a9e4h ( 43492) map[0m
[0;32mI (17014) esp_image: segment 1: paddr=0001aa0c vaddr=3fc92600 size=02f4ch ( 12108) load[0m
[0;32mI (17016) esp_image: segment 2: paddr=0001d960 vaddr=40374000 size=026b8h (  9912) load[0m
[0;32mI (17018) esp_image: segment 3: paddr=00020020 vaddr=42000020 size=185d8h ( 99800) map[0m
[0;32mI (17027) esp_image: segment 4: paddr=00038600 vaddr=403766b8 size=0bf1ch ( 48924) load[0m
[0;32mI (17035) esp_image: segment 5: paddr=00044524 vaddr=50000000 size=0001ch (    28) load[0m
[0;32mI (17036) boot: Loaded app from partition at offset 0x10000[0m
[0;32mI (17037) boot: Disabling RNG early entropy source...[0m

assert failed: 0x420097f6 <cached disabled>:188 (<cached disabled>)
--- 0x420097f6: s_psram_chip_init at /Users/richardhine/.espressif/v5.4.4/esp-idf/components/esp_psram/esp_psram.c:188(inlined by) esp_psram_init at /Users/richardhine/.espressif/v5.4.4/esp-idf/components/esp_psram/esp_psram.c:385


Backtrace: 0x40375c91:0x3fceb130 0x4037a9cd:0x3fceb150 0x403807c1:0x3fceb170 0x420097f6:0x3fceb290 0x4037546e:0x3fceb2c0 0x403ccaa0:0x3fceb340 0x403ccedd:0x3fceb380 0x403c8991:0x3fceb4b0 0x40045c01:0x3fceb570 0x40043ab6:0x3fceb6f0 0x40034c45:0x3fceb710
--- 0x40375c91: panic_abort at /Users/richardhine/.espressif/v5.4.4/esp-idf/components/esp_system/panic.c:477
--- 0x4037a9cd: esp_system_abort at /Users/richardhine/.espressif/v5.4.4/esp-idf/components/esp_system/port/esp_system_chip.c:87
--- 0x403807c1: __assert_func at /Users/richardhine/.espressif/v5.4.4/esp-idf/components/newlib/assert.c:80
--- 0x420097f6: s_psram_chip_init at /Users/richardhine/.espressif/v5.4.4/esp-idf/components/esp_psram/esp_psram.c:188(inlined by) esp_psram_init at /Users/richardhine/.espressif/v5.4.4/esp-idf/components/esp_psram/esp_psram.c:385
--- 0x4037546e: call_start_cpu0 at /Users/richardhine/.espressif/v5.4.4/esp-idf/components/esp_system/port/cpu_start.c:585
--- 0x40045c01: ets_run_flash_bootloader in ROM
--- 0x40043ab6: main in ROM
--- 0x40034c45: .stack_ok in ROM




ELF file SHA256: 

Rebooting...
ESP-ROM:esp32s3-20210327
Build:Mar 27 2021
rst:0xc (RTC_SW_CPU_RST),boot:0x4 (SPI_FLASH_BOOT)
SPIWP:0xee
mode:DIO, clock div:1
load:0x3fce2810,len:0x1564
load:0x403c8700,len:0x4
load:0x403c8704,len:0xd24
load:0x403cb700,len:0x2ed4
entry 0x403c8928
[0;32mI (17114) boot: ESP-IDF v5.4.4 2nd stage bootloader[0m
[0;32mI (17114) boot: compile time Sep 15 2026 15:17:18[0m
[0;32mI (17114) boot: Multicore bootloader[0m
[0;32mI (17116) boot: chip revision: v0.3[0m
[0;32mI (17116) boot: efuse block revision: v0.0[0m
[0;32mI (17116) boot.esp32s3: Boot SPI Speed : 80MHz[0m
[0;32mI (17117) boot.esp32s3: SPI Mode       : SLOW READ[0m
[0;32mI (17117) boot.esp32s3: SPI Flash Size : 16MB[0m
[0;32mI (17118) boot: Enabling RNG early entropy source...[0m
[0;32mI (17121) boot: Partition Table:[0m
[0;32mI (17121) boot: ## Label            Usage          Type ST Offset   Length[0m
[0;32mI (17121) boot:  0 nvs              WiFi data        01 02 00009000 00006000[0m
[0;32mI (17121) boot:  1 phy_init         RF data          01 01 0000f000 00001000[0m
[0;32mI (17122) boot:  2 factory          factory app      00 00 00010000 00100000[0m
[0;32mI (17122) boot: End of partition table[0m
[0;32mI (17123) esp_image: segment 0: paddr=00010020 vaddr=3c020020 size=0a9e4h ( 43492) map[0m
[0;32mI (17126) esp_image: segment 1: paddr=0001aa0c vaddr=3fc92600 size=02f4ch ( 12108) load[0m
[0;32mI (17128) esp_image: segment 2: paddr=0001d960 vaddr=40374000 size=026b8h (  9912) load[0m
[0;32mI (17130) esp_image: segment 3: paddr=00020020 vaddr=42000020 size=185d8h ( 99800) map[0m
[0;32mI (17139) esp_image: segment 4: paddr=00038600 vaddr=403766b8 size=0bf1ch ( 48924) load[0m
[0;32mI (17147) esp_image: segment 5: paddr=00044524 vaddr=50000000 size=0001ch (    28) load[0m
[0;32mI (17148) boot: Loaded app from partition at offset 0x10000[0m
[0;32mI (17148) boot: Disabling RNG early entropy source...[0m

assert failed: 0x420097f6 <cached disabled>:188 (<cached disabled>)
--- 0x420097f6: s_psram_chip_init at /Users/richardhine/.espressif/v5.4.4/esp-idf/components/esp_psram/esp_psram.c:188(inlined by) esp_psram_init at /Users/richardhine/.espressif/v5.4.4/esp-idf/components/esp_psram/esp_psram.c:385


Backtrace: 0x40375c91:0x3fceb130 0x4037a9cd:0x3fceb150 0x403807c1:0x3fceb170 0x420097f6:0x3fceb290 0x4037546e:0x3fceb2c0 0x403ccaa0:0x3fceb340 0x403ccedd:0x3fceb380 0x403c8991:0x3fceb4b0 0x40045c01:0x3fceb570 0x40043ab6:0x3fceb6f0 0x40034c45:0x3fceb710
--- 0x40375c91: panic_abort at /Users/richardhine/.espressif/v5.4.4/esp-idf/components/esp_system/panic.c:477
--- 0x4037a9cd: esp_system_abort at /Users/richardhine/.espressif/v5.4.4/esp-idf/components/esp_system/port/esp_system_chip.c:87
--- 0x403807c1: __assert_func at /Users/richardhine/.espressif/v5.4.4/esp-idf/components/newlib/assert.c:80
--- 0x420097f6: s_psram_chip_init at /Users/richardhine/.espressif/v5.4.4/esp-idf/components/esp_psram/esp_psram.c:188(inlined by) esp_psram_init at /Users/richardhine/.espressif/v5.4.4/esp-idf/components/esp_psram/esp_psram.c:385
--- 0x4037546e: call_start_cpu0 at /Users/richardhine/.espressif/v5.4.4/esp-idf/components/esp_system/port/cpu_start.c:585
--- 0x40045c01: ets_run_flash_bootloader in ROM
--- 0x40043ab6: main in ROM
--- 0x40034c45: .stack_ok in ROM




ELF file SHA256: 

Rebooting...
ESP-ROM:esp32s3-20210327
Build:Mar 27 2021
rst:0xc (RTC_SW_CPU_RST),boot:0x4 (SPI_FLASH_BOOT)
SPIWP:0xee
mode:DIO, clock div:1
load:0x3fce2810,len:0x1564
load:0x403c8700,len:0x4
load:0x403c8704,len:0xd24
load:0x403cb700,len:0x2ed4
entry 0x403c8928
[0;32mI (17226) boot: ESP-IDF v5.4.4 2nd stage bootloader[0m
[0;32mI (17226) boot: compile time Sep 15 2026 15:17:18[0m
[0;32mI (17226) boot: Multicore bootloader[0m
[0;32mI (17228) boot: chip revision: v0.3[0m
[0;32mI (17228) boot: efuse block revision: v0.0[0m
[0;32mI (17229) boot.esp32s3: Boot SPI Speed : 80MHz[0m
[0;32mI (17229) boot.esp32s3: SPI Mode       : SLOW READ[0m
[0;32mI (17229) boot.esp32s3: SPI Flash Size : 16MB[0m
[0;32mI (17230) boot: Enabling RNG early entropy source...[0m
[0;32mI (17233) boot: Partition Table:[0m
[0;32mI (17233) boot: ## Label            Usage          Type ST Offset   Length[0m
[0;32mI (17233) boot:  0 nvs              WiFi data        01 02 00009000 00006000[0m
[0;32mI (17234) boot:  1 phy_init         RF data          01 01 0000f000 00001000[0m
[0;32mI (17234) boot:  2 factory          factory app      00 00 00010000 00100000[0m
[0;32mI (17234) boot: End of partition table[0m
[0;32mI (17235) esp_image: segment 0: paddr=00010020 vaddr=3c020020 size=0a9e4h ( 43492) map[0m
[0;32mI (17239) esp_image: segment 1: paddr=0001aa0c vaddr=3fc92600 size=02f4ch ( 12108) load[0m
[0;32mI (17240) esp_image: segment 2: paddr=0001d960 vaddr=40374000 size=026b8h (  9912) load[0m
[0;32mI (17242) esp_image: segment 3: paddr=00020020 vaddr=42000020 size=185d8h ( 99800) map[0m
[0;32mI (17252) esp_image: segment 4: paddr=00038600 vaddr=403766b8 size=0bf1ch ( 48924) load[0m
[0;32mI (17260) esp_image: segment 5: paddr=00044524 vaddr=50000000 size=0001ch (    28) load[0m
[0;32mI (17260) boot: Loaded app from partition at offset 0x10000[0m
[0;32mI (17261) boot: Disabling RNG early entropy source...[0m

assert failed: 0x420097f6 <cached disabled>:188 (<cached disabled>)
--- 0x420097f6: s_psram_chip_init at /Users/richardhine/.espressif/v5.4.4/esp-idf/components/esp_psram/esp_psram.c:188(inlined by) esp_psram_init at /Users/richardhine/.espressif/v5.4.4/esp-idf/components/esp_psram/esp_psram.c:385


Backtrace: 0x40375c91:0x3fceb130 0x4037a9cd:0x3fceb150 0x403807c1:0x3fceb170 0x420097f6:0x3fceb290 0x4037546e:0x3fceb2c0 0x403ccaa0:0x3fceb340 0x403ccedd:0x3fceb380 0x403c8991:0x3fceb4b0 0x40045c01:0x3fceb570 0x40043ab6:0x3fceb6f0 0x40034c45:0x3fceb710
--- 0x40375c91: panic_abort at /Users/richardhine/.espressif/v5.4.4/esp-idf/components/esp_system/panic.c:477
--- 0x4037a9cd: esp_system_abort at /Users/richardhine/.espressif/v5.4.4/esp-idf/components/esp_system/port/esp_system_chip.c:87
--- 0x403807c1: __assert_func at /Users/richardhine/.espressif/v5.4.4/esp-idf/components/newlib/assert.c:80
--- 0x420097f6: s_psram_chip_init at /Users/richardhine/.espressif/v5.4.4/esp-idf/components/esp_psram/esp_psram.c:188(inlined by) esp_psram_init at /Users/richardhine/.espressif/v5.4.4/esp-idf/components/esp_psram/esp_psram.c:385
--- 0x4037546e: call_start_cpu0 at /Users/richardhine/.espressif/v5.4.4/esp-idf/components/esp_system/port/cpu_start.c:585
--- 0x40045c01: ets_run_flash_bootloader in ROM
--- 0x40043ab6: main in ROM
--- 0x40034c45: .stack_ok in ROM




ELF file SHA256: 

Rebooting...
ESP-ROM:esp32s3-20210327
Build:Mar 27 2021
rst:0xc (RTC_SW_CPU_RST),boot:0x4 (SPI_FLASH_BOOT)
SPIWP:0xee
mode:DIO, clock div:1
load:0x3fce2810,len:0x1564
load:0x403c8700,len:0x4
load:0x403c8704,len:0xd24
load:0x403cb700,len:0x2ed4
entry 0x403c8928
[0;32mI (17338) boot: ESP-IDF v5.4.4 2nd stage bootloader[0m
[0;32mI (17338) boot: compile time Sep 15 2026 15:17:18[0m
[0;32mI (17338) boot: Multicore bootloader[0m
[0;32mI (17340) boot: chip revision: v0.3[0m
[0;32mI (17340) boot: efuse block revision: v0.0[0m
[0;32mI (17341) boot.esp32s3: Boot SPI Speed : 80MHz[0m
[0;32mI (17341) boot.esp32s3: SPI Mode       : SLOW READ[0m
[0;32mI (17341) boot.esp32s3: SPI Flash Size : 16MB[0m
[0;32mI (17342) boot: Enabling RNG early entropy source...[0m
[0;32mI (17345) boot: Partition Table:[0m
[0;32mI (17345) boot: ## Label            Usage          Type ST Offset   Length[0m
[0;32mI (17345) boot:  0 nvs              WiFi data        01 02 00009000 00006000[0m
[0;32mI (17346) boot:  1 phy_init         RF data          01 01 0000f000 00001000[0m
[0;32mI (17346) boot:  2 factory          factory app      00 00 00010000 00100000[0m
[0;32mI (17346) boot: End of partition table[0m
[0;32mI (17347) esp_image: segment 0: paddr=00010020 vaddr=3c020020 size=0a9e4h ( 43492) map[0m
[0;32mI (17351) esp_image: segment 1: paddr=0001aa0c vaddr=3fc92600 size=02f4ch ( 12108) load[0m
[0;32mI (17353) esp_image: segment 2: paddr=0001d960 vaddr=40374000 size=026b8h (  9912) load[0m
[0;32mI (17355) esp_image: segment 3: paddr=00020020 vaddr=42000020 size=185d8h ( 99800) map[0m
[0;32mI (17365) esp_image: segment 4: paddr=00038600 vaddr=403766b8 size=0bf1ch ( 48924) load[0m
[0;32mI (17372) esp_image: segment 5: paddr=00044524 vaddr=50000000 size=0001ch (    28) load[0m
[0;32mI (17373) boot: Loaded app from partition at offset 0x10000[0m
[0;32mI (17374) boot: Disabling RNG early entropy source...[0m

assert failed: 0x420097f6 <cached disabled>:188 (<cached disabled>)
--- 0x420097f6: s_psram_chip_init at /Users/richardhine/.espressif/v5.4.4/esp-idf/components/esp_psram/esp_psram.c:188(inlined by) esp_psram_init at /Users/richardhine/.espressif/v5.4.4/esp-idf/components/esp_psram/esp_psram.c:385


Backtrace: 0x40375c91:0x3fceb130 0x4037a9cd:0x3fceb150 0x403807c1:0x3fceb170 0x420097f6:0x3fceb290 0x4037546e:0x3fceb2c0 0x403ccaa0:0x3fceb340 0x403ccedd:0x3fceb380 0x403c8991:0x3fceb4b0 0x40045c01:0x3fceb570 0x40043ab6:0x3fceb6f0 0x40034c45:0x3fceb710
--- 0x40375c91: panic_abort at /Users/richardhine/.espressif/v5.4.4/esp-idf/components/esp_system/panic.c:477
--- 0x4037a9cd: esp_system_abort at /Users/richardhine/.espressif/v5.4.4/esp-idf/components/esp_system/port/esp_system_chip.c:87
--- 0x403807c1: __assert_func at /Users/richardhine/.espressif/v5.4.4/esp-idf/components/newlib/assert.c:80
--- 0x420097f6: s_psram_chip_init at /Users/richardhine/.espressif/v5.4.4/esp-idf/components/esp_psram/esp_psram.c:188(inlined by) esp_psram_init at /Users/richardhine/.espressif/v5.4.4/esp-idf/components/esp_psram/esp_psram.c:385
--- 0x4037546e: call_start_cpu0 at /Users/richardhine/.espressif/v5.4.4/esp-idf/components/esp_system/port/cpu_start.c:585
--- 0x40045c01: ets_run_flash_bootloader in ROM
--- 0x40043ab6: main in ROM
--- 0x40034c45: .stack_ok in ROM




ELF file SHA256: 

Rebooting...
ESP-ROM:esp32s3-20210327
Build:Mar 27 2021
rst:0xc (RTC_SW_CPU_RST),boot:0x4 (SPI_FLASH_BOOT)
SPIWP:0xee
mode:DIO, clock div:1
load:0x3fce2810,len:0x1564
load:0x403c8700,len:0x4
load:0x403c8704,len:0xd24
load:0x403cb700,len:0x2ed4
entry 0x403c8928
[0;32mI (17451) boot: ESP-IDF v5.4.4 2nd stage bootloader[0m
[0;32mI (17451) boot: compile time Sep 15 2026 15:17:18[0m
[0;32mI (17451) boot: Multicore bootloader[0m
[0;32mI (17454) boot: chip revision: v0.3[0m
[0;32mI (17454) boot: efuse block revision: v0.0[0m
[0;32mI (17454) boot.esp32s3: Boot SPI Speed : 80MHz[0m
[0;32mI (17454) boot.esp32s3: SPI Mode       : SLOW READ[0m
[0;32mI (17454) boot.esp32s3: SPI Flash Size : 16MB[0m
[0;32mI (17456) boot: Enabling RNG early entropy source...[0m
[0;32mI (17459) boot: Partition Table:[0m
[0;32mI (17459) boot: ## Label            Usage          Type ST Offset   Length[0m
[0;32mI (17459) boot:  0 nvs              WiFi data        01 02 00009000 00006000[0m
[0;32mI (17459) boot:  1 phy_init         RF data          01 01 0000f000 00001000[0m
[0;32mI (17460) boot:  2 factory          factory app      00 00 00010000 00100000[0m
[0;32mI (17460) boot: End of partition table[0m
[0;32mI (17461) esp_image: segment 0: paddr=00010020 vaddr=3c020020 size=0a9e4h ( 43492) map[0m
[0;32mI (17464) esp_image: segment 1: paddr=0001aa0c vaddr=3fc92600 size=02f4ch ( 12108) load[0m
[0;32mI (17466) esp_image: segment 2: paddr=0001d960 vaddr=40374000 size=026b8h (  9912) load[0m
[0;32mI (17468) esp_image: segment 3: paddr=00020020 vaddr=42000020 size=185d8h ( 99800) map[0m
[0;32mI (17478) esp_image: segment 4: paddr=00038600 vaddr=403766b8 size=0bf1ch ( 48924) load[0m
[0;32mI (17485) esp_image: segment 5: paddr=00044524 vaddr=50000000 size=0001ch (    28) load[0m
[0;32mI (17486) boot: Loaded app from partition at offset 0x10000[0m
[0;32mI (17487) boot: Disabling RNG early entropy source...[0m

assert failed: 0x420097f6 <cached disabled>:188 (<cached disabled>)
--- 0x420097f6: s_psram_chip_init at /Users/richardhine/.espressif/v5.4.4/esp-idf/components/esp_psram/esp_psram.c:188(inlined by) esp_psram_init at /Users/richardhine/.espressif/v5.4.4/esp-idf/components/esp_psram/esp_psram.c:385


Backtrace: 0x40375c91:0x3fceb130 0x4037a9cd:0x3fceb150 0x403807c1:0x3fceb170 0x420097f6:0x3fceb290 0x4037546e:0x3fceb2c0 0x403ccaa0:0x3fceb340 0x403ccedd:0x3fceb380 0x403c8991:0x3fceb4b0 0x40045c01:0x3fceb570 0x40043ab6:0x3fceb6f0 0x40034c45:0x3fceb710
--- 0x40375c91: panic_abort at /Users/richardhine/.espressif/v5.4.4/esp-idf/components/esp_system/panic.c:477
--- 0x4037a9cd: esp_system_abort at /Users/richardhine/.espressif/v5.4.4/esp-idf/components/esp_system/port/esp_system_chip.c:87
--- 0x403807c1: __assert_func at /Users/richardhine/.espressif/v5.4.4/esp-idf/components/newlib/assert.c:80
--- 0x420097f6: s_psram_chip_init at /Users/richardhine/.espressif/v5.4.4/esp-idf/components/esp_psram/esp_psram.c:188(inlined by) esp_psram_init at /Users/richardhine/.espressif/v5.4.4/esp-idf/components/esp_psram/esp_psram.c:385
--- 0x4037546e: call_start_cpu0 at /Users/richardhine/.espressif/v5.4.4/esp-idf/components/esp_system/port/cpu_start.c:585
--- 0x40045c01: ets_run_flash_bootloader in ROM
--- 0x40043ab6: main in ROM
--- 0x40034c45: .stack_ok in ROM




ELF file SHA256: 

Rebooting...
ESP-ROM:esp32s3-20210327
Build:Mar 27 2021
rst:0xc (RTC_SW_CPU_RST),boot:0x4 (SPI_FLASH_BOOT)
SPIWP:0xee
mode:DIO, clock div:1
load:0x3fce2810,len:0x1564
load:0x403c8700,len:0x4
load:0x403c8704,len:0xd24
load:0x403cb700,len:0x2ed4
entry 0x403c8928
[0;32mI (17564) boot: ESP-IDF v5.4.4 2nd stage bootloader[0m
[0;32mI (17565) boot: compile time Sep 15 2026 15:17:18[0m
[0;32mI (17565) boot: Multicore bootloader[0m
[0;32mI (17567) boot: chip revision: v0.3[0m
[0;32mI (17567) boot: efuse block revision: v0.0[0m
[0;32mI (17568) boot.esp32s3: Boot SPI Speed : 80MHz[0m
[0;32mI (17568) boot.esp32s3: SPI Mode       : SLOW READ[0m
[0;32mI (17568) boot.esp32s3: SPI Flash Size : 16MB[0m
[0;32mI (17569) boot: Enabling RNG early entropy source...[0m
[0;32mI (17572) boot: Partition Table:[0m
[0;32mI (17572) boot: ## Label            Usage          Type ST Offset   Length[0m
[0;32mI (17572) boot:  0 nvs              WiFi data        01 02 00009000 00006000[0m
[0;32mI (17573) boot:  1 phy_init         RF data          01 01 0000f000 00001000[0m
[0;32mI (17573) boot:  2 factory          factory app      00 00 00010000 00100000[0m
[0;32mI (17573) boot: End of partition table[0m
[0;32mI (17574) esp_image: segment 0: paddr=00010020 vaddr=3c020020 size=0a9e4h ( 43492) map[0m
[0;32mI (17578) esp_image: segment 1: paddr=0001aa0c vaddr=3fc92600 size=02f4ch ( 12108) load[0m
[0;32mI (17579) esp_image: segment 2: paddr=0001d960 vaddr=40374000 size=026b8h (  9912) load[0m
[0;32mI (17581) esp_image: segment 3: paddr=00020020 vaddr=42000020 size=185d8h ( 99800) map[0m
[0;32mI (17589) esp_image: segment 4: paddr=00038600 vaddr=403766b8 size=0bf1ch ( 48924) load[0m
[0;32mI (17597) esp_image: segment 5: paddr=00044524 vaddr=50000000 size=0001ch (    28) load[0m
[0;32mI (17598) boot: Loaded app from partition at offset 0x10000[0m
[0;32mI (17598) boot: Disabling RNG early entropy source...[0m

assert failed: 0x420097f6 <cached disabled>:188 (<cached disabled>)
--- 0x420097f6: s_psram_chip_init at /Users/richardhine/.espressif/v5.4.4/esp-idf/components/esp_psram/esp_psram.c:188(inlined by) esp_psram_init at /Users/richardhine/.espressif/v5.4.4/esp-idf/components/esp_psram/esp_psram.c:385


Backtrace: 0x40375c91:0x3fceb130 0x4037a9cd:0x3fceb150 0x403807c1:0x3fceb170 0x420097f6:0x3fceb290 0x4037546e:0x3fceb2c0 0x403ccaa0:0x3fceb340 0x403ccedd:0x3fceb380 0x403c8991:0x3fceb4b0 0x40045c01:0x3fceb570 0x40043ab6:0x3fceb6f0 0x40034c45:0x3fceb710
--- 0x40375c91: panic_abort at /Users/richardhine/.espressif/v5.4.4/esp-idf/components/esp_system/panic.c:477
--- 0x4037a9cd: esp_system_abort at /Users/richardhine/.espressif/v5.4.4/esp-idf/components/esp_system/port/esp_system_chip.c:87
--- 0x403807c1: __assert_func at /Users/richardhine/.espressif/v5.4.4/esp-idf/components/newlib/assert.c:80
--- 0x420097f6: s_psram_chip_init at /Users/richardhine/.espressif/v5.4.4/esp-idf/components/esp_psram/esp_psram.c:188(inlined by) esp_psram_init at /Users/richardhine/.espressif/v5.4.4/esp-idf/components/esp_psram/esp_psram.c:385
--- 0x4037546e: call_start_cpu0 at /Users/richardhine/.espressif/v5.4.4/esp-idf/components/esp_system/port/cpu_start.c:585
--- 0x40045c01: ets_run_flash_bootloader in ROM
--- 0x40043ab6: main in ROM
--- 0x40034c45: .stack_ok in ROM




ELF file SHA256: 

Rebooting...
ESP-ROM:esp32s3-20210327
Build:Mar 27 2021
rst:0xc (RTC_SW_CPU_RST),boot:0x4 (SPI_FLASH_BOOT)
SPIWP:0xee
mode:DIO, clock div:1
load:0x3fce2810,len:0x1564
load:0x403c8700,len:0x4
load:0x403c8704,len:0xd24
load:0x403cb700,len:0x2ed4
entry 0x403c8928
[0;32mI (17676) boot: ESP-IDF v5.4.4 2nd stage bootloader[0m
[0;32mI (17676) boot: compile time Sep 15 2026 15:17:18[0m
[0;32mI (17676) boot: Multicore bootloader[0m
[0;32mI (17678) boot: chip revision: v0.3[0m
[0;32mI (17678) boot: efuse block revision: v0.0[0m
[0;32mI (17678) boot.esp32s3: Boot SPI Speed : 80MHz[0m
[0;32mI (17679) boot.esp32s3: SPI Mode       : SLOW READ[0m
[0;32mI (17679) boot.esp32s3: SPI Flash Size : 16MB[0m
[0;32mI (17680) boot: Enabling RNG early entropy source...[0m
[0;32mI (17684) boot: Partition Table:[0m
[0;32mI (17684) boot: ## Label            Usage          Type ST Offset   Length[0m
[0;32mI (17684) boot:  0 nvs              WiFi data        01 02 00009000 00006000[0m
[0;32mI (17684) boot:  1 phy_init         RF data          01 01 0000f000 00001000[0m
[0;32mI (17684) boot:  2 factory          factory app      00 00 00010000 00100000[0m
[0;32mI (17685) boot: End of partition table[0m
[0;32mI (17685) esp_image: segment 0: paddr=00010020 vaddr=3c020020 size=0a9e4h ( 43492) map[0m
[0;32mI (17689) esp_image: segment 1: paddr=0001aa0c vaddr=3fc92600 size=02f4ch ( 12108) load[0m
[0;32mI (17691) esp_image: segment 2: paddr=0001d960 vaddr=40374000 size=026b8h (  9912) load[0m
[0;32mI (17693) esp_image: segment 3: paddr=00020020 vaddr=42000020 size=185d8h ( 99800) map[0m
[0;32mI (17700) esp_image: segment 4: paddr=00038600 vaddr=403766b8 size=0bf1ch ( 48924) load[0m
[0;32mI (17705) esp_image: segment 5: paddr=00044524 vaddr=50000000 size=0001ch (    28) load[0m
[0;32mI (17706) boot: Loaded app from partition at offset 0x10000[0m
[0;32mI (17706) boot: Disabling RNG early entropy source...[0m

assert failed: 0x420097f6 <cached disabled>:188 (<cached disabled>)
--- 0x420097f6: s_psram_chip_init at /Users/richardhine/.espressif/v5.4.4/esp-idf/components/esp_psram/esp_psram.c:188(inlined by) esp_psram_init at /Users/richardhine/.espressif/v5.4.4/esp-idf/components/esp_psram/esp_psram.c:385


Backtrace: 0x40375c91:0x3fceb130 0x4037a9cd:0x3fceb150 0x403807c1:0x3fceb170 0x420097f6:0x3fceb290 0x4037546e:0x3fceb2c0 0x403ccaa0:0x3fceb340 0x403ccedd:0x3fceb380 0x403c8991:0x3fceb4b0 0x40045c01:0x3fceb570 0x40043ab6:0x3fceb6f0 0x40034c45:0x3fceb710
--- 0x40375c91: panic_abort at /Users/richardhine/.espressif/v5.4.4/esp-idf/components/esp_system/panic.c:477
--- 0x4037a9cd: esp_system_abort at /Users/richardhine/.espressif/v5.4.4/esp-idf/components/esp_system/port/esp_system_chip.c:87
--- 0x403807c1: __assert_func at /Users/richardhine/.espressif/v5.4.4/esp-idf/components/newlib/assert.c:80
--- 0x420097f6: s_psram_chip_init at /Users/richardhine/.espressif/v5.4.4/esp-idf/components/esp_psram/esp_psram.c:188(inlined by) esp_psram_init at /Users/richardhine/.espressif/v5.4.4/esp-idf/components/esp_psram/esp_psram.c:385
--- 0x4037546e: call_start_cpu0 at /Users/richardhine/.espressif/v5.4.4/esp-idf/components/esp_system/port/cpu_start.c:585
--- 0x40045c01: ets_run_flash_bootloader in ROM
--- 0x40043ab6: main in ROM
--- 0x40034c45: .stack_ok in ROM




ELF file SHA256: 

Rebooting...
ESP-ROM:esp32s3-20210327
Build:Mar 27 2021
rst:0xc (RTC_SW_CPU_RST),boot:0x4 (SPI_FLASH_BOOT)
SPIWP:0xee
mode:DIO, clock div:1
load:0x3fce2810,len:0x1564
load:0x403c8700,len:0x4
load:0x403c8704,len:0xd24
load:0x403cb700,len:0x2ed4
entry 0x403c8928
[0;32mI (17783) boot: ESP-IDF v5.4.4 2nd stage bootloader[0m
[0;32mI (17783) boot: compile time Sep 15 2026 15:17:18[0m
[0;32mI (17783) boot: Multicore bootloader[0m
[0;32mI (17785) boot: chip revision: v0.3[0m
[0;32mI (17786) boot: efuse block revision: v0.0[0m
[0;32mI (17786) boot.esp32s3: Boot SPI Speed : 80MHz[0m
[0;32mI (17786) boot.esp32s3: SPI Mode       : SLOW READ[0m
[0;32mI (17787) boot.esp32s3: SPI Flash Size : 16MB[0m
[0;32mI (17788) boot: Enabling RNG early entropy source...[0m
[0;32mI (17791) boot: Partition Table:[0m
[0;32mI (17791) boot: ## Label            Usage          Type ST Offset   Length[0m
[0;32mI (17791) boot:  0 nvs              WiFi data        01 02 00009000 00006000[0m
[0;32mI (17792) boot:  1 phy_init         RF data          01 01 0000f000 00001000[0m
[0;32mI (17792) boot:  2 factory          factory app      00 00 00010000 00100000[0m
[0;32mI (17792) boot: End of partition table[0m
[0;32mI (17793) esp_image: segment 0: paddr=00010020 vaddr=3c020020 size=0a9e4h ( 43492) map[0m
[0;32mI (17797) esp_image: segment 1: paddr=0001aa0c vaddr=3fc92600 size=02f4ch ( 12108) load[0m
[0;32mI (17798) esp_image: segment 2: paddr=0001d960 vaddr=40374000 size=026b8h (  9912) load[0m
[0;32mI (17800) esp_image: segment 3: paddr=00020020 vaddr=42000020 size=185d8h ( 99800) map[0m
[0;32mI (17808) esp_image: segment 4: paddr=00038600 vaddr=403766b8 size=0bf1ch ( 48924) load[0m
[0;32mI (17815) esp_image: segment 5: paddr=00044524 vaddr=50000000 size=0001ch (    28) load[0m
[0;32mI (17816) boot: Loaded app from partition at offset 0x10000[0m
[0;32mI (17817) boot: Disabling RNG early entropy source...[0m

assert failed: 0x420097f6 <cached disabled>:188 (<cached disabled>)
--- 0x420097f6: s_psram_chip_init at /Users/richardhine/.espressif/v5.4.4/esp-idf/components/esp_psram/esp_psram.c:188(inlined by) esp_psram_init at /Users/richardhine/.espressif/v5.4.4/esp-idf/components/esp_psram/esp_psram.c:385


Backtrace: 0x40375c91:0x3fceb130 0x4037a9cd:0x3fceb150 0x403807c1:0x3fceb170 0x420097f6:0x3fceb290 0x4037546e:0x3fceb2c0 0x403ccaa0:0x3fceb340 0x403ccedd:0x3fceb380 0x403c8991:0x3fceb4b0 0x40045c01:0x3fceb570 0x40043ab6:0x3fceb6f0 0x40034c45:0x3fceb710
--- 0x40375c91: panic_abort at /Users/richardhine/.espressif/v5.4.4/esp-idf/components/esp_system/panic.c:477
--- 0x4037a9cd: esp_system_abort at /Users/richardhine/.espressif/v5.4.4/esp-idf/components/esp_system/port/esp_system_chip.c:87
--- 0x403807c1: __assert_func at /Users/richardhine/.espressif/v5.4.4/esp-idf/components/newlib/assert.c:80
--- 0x420097f6: s_psram_chip_init at /Users/richardhine/.espressif/v5.4.4/esp-idf/components/esp_psram/esp_psram.c:188(inlined by) esp_psram_init at /Users/richardhine/.espressif/v5.4.4/esp-idf/components/esp_psram/esp_psram.c:385
--- 0x4037546e: call_start_cpu0 at /Users/richardhine/.espressif/v5.4.4/esp-idf/components/esp_system/port/cpu_start.c:585
--- 0x40045c01: ets_run_flash_bootloader in ROM
--- 0x40043ab6: main in ROM
--- 0x40034c45: .stack_ok in ROM




ELF file SHA256: 

Rebooting...
ESP-ROM:esp32s3-20210327
Build:Mar 27 2021
rst:0xc (RTC_SW_CPU_RST),boot:0x4 (SPI_FLASH_BOOT)
SPIWP:0xee
mode:DIO, clock div:1
load:0x3fce2810,len:0x1564
load:0x403c8700,len:0x4
load:0x403c8704,len:0xd24
load:0x403cb700,len:0x2ed4
entry 0x403c8928
[0;32mI (17893) boot: ESP-IDF v5.4.4 2nd stage bootloader[0m
[0;32mI (17893) boot: compile time Sep 15 2026 15:17:18[0m
[0;32mI (17893) boot: Multicore bootloader[0m
[0;32mI (17895) boot: chip revision: v0.3[0m
[0;32mI (17896) boot: efuse block revision: v0.0[0m
[0;32mI (17896) boot.esp32s3: Boot SPI Speed : 80MHz[0m
[0;32mI (17896) boot.esp32s3: SPI Mode       : SLOW READ[0m
[0;32mI (17896) boot.esp32s3: SPI Flash Size : 16MB[0m
[0;32mI (17897) boot: Enabling RNG early entropy source...[0m
[0;32mI (17900) boot: Partition Table:[0m
[0;32mI (17900) boot: ## Label            Usage          Type ST Offset   Length[0m
[0;32mI (17901) boot:  0 nvs              WiFi data        01 02 00009000 00006000[0m
[0;32mI (17901) boot:  1 phy_init         RF data          01 01 0000f000 00001000[0m
[0;32mI (17901) boot:  2 factory          factory app      00 00 00010000 00100000[0m
[0;32mI (17902) boot: End of partition table[0m
[0;32mI (17902) esp_image: segment 0: paddr=00010020 vaddr=3c020020 size=0a9e4h ( 43492) map[0m
[0;32mI (17906) esp_image: segment 1: paddr=0001aa0c vaddr=3fc92600 size=02f4ch ( 12108) load[0m
[0;32mI (17908) esp_image: segment 2: paddr=0001d960 vaddr=40374000 size=026b8h (  9912) load[0m
[0;32mI (17909) esp_image: segment 3: paddr=00020020 vaddr=42000020 size=185d8h ( 99800) map[0m
[0;32mI (17920) esp_image: segment 4: paddr=00038600 vaddr=403766b8 size=0bf1ch ( 48924) load[0m
[0;32mI (17928) esp_image: segment 5: paddr=00044524 vaddr=50000000 size=0001ch (    28) load[0m
[0;32mI (17929) boot: Loaded app from partition at offset 0x10000[0m
[0;32mI (17929) boot: Disabling RNG early entropy source...[0m

assert failed: 0x420097f6 <cached disabled>:188 (<cached disabled>)
--- 0x420097f6: s_psram_chip_init at /Users/richardhine/.espressif/v5.4.4/esp-idf/components/esp_psram/esp_psram.c:188(inlined by) esp_psram_init at /Users/richardhine/.espressif/v5.4.4/esp-idf/components/esp_psram/esp_psram.c:385


Backtrace: 0x40375c91:0x3fceb130 0x4037a9cd:0x3fceb150 0x403807c1:0x3fceb170 0x420097f6:0x3fceb290 0x4037546e:0x3fceb2c0 0x403ccaa0:0x3fceb340 0x403ccedd:0x3fceb380 0x403c8991:0x3fceb4b0 0x40045c01:0x3fceb570 0x40043ab6:0x3fceb6f0 0x40034c45:0x3fceb710
--- 0x40375c91: panic_abort at /Users/richardhine/.espressif/v5.4.4/esp-idf/components/esp_system/panic.c:477
--- 0x4037a9cd: esp_system_abort at /Users/richardhine/.espressif/v5.4.4/esp-idf/components/esp_system/port/esp_system_chip.c:87
--- 0x403807c1: __assert_func at /Users/richardhine/.espressif/v5.4.4/esp-idf/components/newlib/assert.c:80
--- 0x420097f6: s_psram_chip_init at /Users/richardhine/.espressif/v5.4.4/esp-idf/components/esp_psram/esp_psram.c:188(inlined by) esp_psram_init at /Users/richardhine/.espressif/v5.4.4/esp-idf/components/esp_psram/esp_psram.c:385
--- 0x4037546e: call_start_cpu0 at /Users/richardhine/.espressif/v5.4.4/esp-idf/components/esp_system/port/cpu_start.c:585
--- 0x40045c01: ets_run_flash_bootloader in ROM
--- 0x40043ab6: main in ROM
--- 0x40034c45: .stack_ok in ROM




ELF file SHA256: 

Rebooting...
ESP-ROM:esp32s3-20210327
Build:Mar 27 2021
rst:0xc (RTC_SW_CPU_RST),boot:0x4 (SPI_FLASH_BOOT)
SPIWP:0xee
mode:DIO, clock div:1
load:0x3fce2810,len:0x1564
load:0x403c8700,len:0x4
load:0x403c8704,len:0xd24
load:0x403cb700,len:0x2ed4
entry 0x403c8928
[0;32mI (18007) boot: ESP-IDF v5.4.4 2nd stage bootloader[0m
[0;32mI (18007) boot: compile time Sep 15 2026 15:17:18[0m
[0;32mI (18007) boot: Multicore bootloader[0m
[0;32mI (18010) boot: chip revision: v0.3[0m
[0;32mI (18010) boot: efuse block revision: v0.0[0m
[0;32mI (18010) boot.esp32s3: Boot SPI Speed : 80MHz[0m
[0;32mI (18010) boot.esp32s3: SPI Mode       : SLOW READ[0m
[0;32mI (18011) boot.esp32s3: SPI Flash Size : 16MB[0m
[0;32mI (18012) boot: Enabling RNG early entropy source...[0m
[0;32mI (18014) boot: Partition Table:[0m
[0;32mI (18015) boot: ## Label            Usage          Type ST Offset   Length[0m
[0;32mI (18015) boot:  0 nvs              WiFi data        01 02 00009000 00006000[0m
[0;32mI (18015) boot:  1 phy_init         RF data          01 01 0000f000 00001000[0m
[0;32mI (18015) boot:  2 factory          factory app      00 00 00010000 00100000[0m
[0;32mI (18016) boot: End of partition table[0m
[0;32mI (18016) esp_image: segment 0: paddr=00010020 vaddr=3c020020 size=0a9e4h ( 43492) map[0m
[0;32mI (18020) esp_image: segment 1: paddr=0001aa0c vaddr=3fc92600 size=02f4ch ( 12108) load[0m
[0;32mI (18021) esp_image: segment 2: paddr=0001d960 vaddr=40374000 size=026b8h (  9912) load[0m
[0;32mI (18023) esp_image: segment 3: paddr=00020020 vaddr=42000020 size=185d8h ( 99800) map[0m
[0;32mI (18030) esp_image: segment 4: paddr=00038600 vaddr=403766b8 size=0bf1ch ( 48924) load[0m
[0;32mI (18036) esp_image: segment 5: paddr=00044524 vaddr=50000000 size=0001ch (    28) load[0m
[0;32mI (18037) boot: Loaded app from partition at offset 0x10000[0m
[0;32mI (18037) boot: Disabling RNG early entropy source...[0m

assert failed: 0x420097f6 <cached disabled>:188 (<cached disabled>)
--- 0x420097f6: s_psram_chip_init at /Users/richardhine/.espressif/v5.4.4/esp-idf/components/esp_psram/esp_psram.c:188(inlined by) esp_psram_init at /Users/richardhine/.espressif/v5.4.4/esp-idf/components/esp_psram/esp_psram.c:385


Backtrace: 0x40375c91:0x3fceb130 0x4037a9cd:0x3fceb150 0x403807c1:0x3fceb170 0x420097f6:0x3fceb290 0x4037546e:0x3fceb2c0 0x403ccaa0:0x3fceb340 0x403ccedd:0x3fceb380 0x403c8991:0x3fceb4b0 0x40045c01:0x3fceb570 0x40043ab6:0x3fceb6f0 0x40034c45:0x3fceb710
--- 0x40375c91: panic_abort at /Users/richardhine/.espressif/v5.4.4/esp-idf/components/esp_system/panic.c:477
--- 0x4037a9cd: esp_system_abort at /Users/richardhine/.espressif/v5.4.4/esp-idf/components/esp_system/port/esp_system_chip.c:87
--- 0x403807c1: __assert_func at /Users/richardhine/.espressif/v5.4.4/esp-idf/components/newlib/assert.c:80
--- 0x420097f6: s_psram_chip_init at /Users/richardhine/.espressif/v5.4.4/esp-idf/components/esp_psram/esp_psram.c:188(inlined by) esp_psram_init at /Users/richardhine/.espressif/v5.4.4/esp-idf/components/esp_psram/esp_psram.c:385
--- 0x4037546e: call_start_cpu0 at /Users/richardhine/.espressif/v5.4.4/esp-idf/components/esp_system/port/cpu_start.c:585
--- 0x40045c01: ets_run_flash_bootloader in ROM
--- 0x40043ab6: main in ROM
--- 0x40034c45: .stack_ok in ROM




ELF file SHA256: 

Rebooting...
ESP-ROM:esp32s3-20210327
Build:Mar 27 2021
rst:0xc (RTC_SW_CPU_RST),boot:0x4 (SPI_FLASH_BOOT)
SPIWP:0xee
mode:DIO, clock div:1
load:0x3fce2810,len:0x1564
load:0x403c8700,len:0x4
load:0x403c8704,len:0xd24
